    Coord1     Coord2      Energy(Hartree)     Energy(kcal/mol)   Relative(kcal/mol)
------------------------------------------------------------------------------------------
      4.00       4.00         -2184.908788      -1371050.964296             0.128639
      3.95       4.00         -2184.908993      -1371051.092935             0.000000
      3.90       4.00         -2184.908978      -1371051.083523             0.009413
      3.85       4.00         -2184.908839      -1371050.996299             0.096636
      3.80       4.00         -2184.908658      -1371050.882720             0.210216
      3.75       4.00         -2184.908429      -1371050.739020             0.353915
      3.70       4.00         -2184.908133      -1371050.553277             0.539658
      3.65       4.00         -2184.907522      -1371050.169869             0.923066
      3.60       4.00         -2184.907163      -1371049.944593             1.148342
      3.55       4.00         -2184.906343      -1371049.430035             1.662900
      3.50       4.00         -2184.905988      -1371049.207269             1.885666
      3.45       4.00         -2184.907211      -1371049.974713             1.118222
      3.40       4.00         -2184.906974      -1371049.825994             1.266942
      3.35       4.00         -2184.906104      -1371049.280060             1.812875
      3.30       4.00         -2184.905263      -1371048.752325             2.340610
      3.25       4.00         -2184.906424      -1371049.480863             1.612072
      3.20       4.00         -2184.905662      -1371049.002701             2.090234
      3.15       4.00         -2184.904717      -1371048.409705             2.683231
      3.10       4.00         -2184.903504      -1371047.648536             3.444400
      3.05       4.00         -2184.902165      -1371046.808301             4.284635
      3.00       4.00         -2184.900369      -1371045.681294             5.411642
      2.95       4.00         -2184.898590      -1371044.564954             6.527981
      2.90       4.00         -2184.896233      -1371043.085914             8.007021
      2.85       4.00         -2184.893934      -1371041.643270             9.449665
      2.80       4.00         -2184.890916      -1371039.749447            11.343489
      2.75       4.00         -2184.888528      -1371038.250954            12.841981
      2.70       4.00         -2184.885054      -1371036.070986            15.021949
      2.65       4.00         -2184.886464      -1371036.955774            14.137161
      2.60       4.00         -2184.887458      -1371037.579519            13.513417
      2.55       4.00         -2184.884651      -1371035.818100            15.274836
      2.50       4.00         -2184.881057      -1371033.562831            17.530105
      2.45       4.00         -2184.877227      -1371031.159469            19.933466
      2.40       4.00         -2184.873337      -1371028.718457            22.374478
      2.35       4.00         -2184.868625      -1371025.761633            25.331302
      2.30       4.00         -2184.877583      -1371031.382863            19.710073
      2.25       4.00         -2184.873213      -1371028.640646            22.452289
      2.20       4.00         -2184.868287      -1371025.549535            25.543401
      2.15       4.00         -2184.862947      -1371022.198634            28.894301
      2.10       4.00         -2184.857190      -1371018.586062            32.506873
      2.05       4.00         -2184.851095      -1371014.761392            36.331544
      2.00       4.00         -2184.844755      -1371010.782982            40.309954
      1.95       4.00         -2184.838340      -1371006.757508            44.335427
      1.90       4.00         -2184.832761      -1371003.256633            47.836302
      1.85       4.00         -2184.826529      -1370999.345994            51.746941
      1.80       4.00         -2184.824421      -1370998.023204            53.069731
      1.75       4.00         -2184.819086      -1370994.675441            56.417494
      1.70       4.00         -2184.813637      -1370991.256142            59.836793
      1.65       4.00         -2184.808099      -1370987.780994            63.311941
      1.60       4.00         -2184.802064      -1370983.993975            67.098961
      1.55       4.00         -2184.795118      -1370979.635294            71.457641
      1.50       4.00         -2184.787366      -1370974.770841            76.322095
      4.00       3.95         -2184.908787      -1371050.963668             0.129267
      4.00       3.90         -2184.908669      -1371050.889622             0.203313
      4.00       3.85         -2184.908345      -1371050.686309             0.406626
      4.00       3.80         -2184.908059      -1371050.506841             0.586094
      4.00       3.75         -2184.907650      -1371050.250190             0.842745
      4.00       3.70         -2184.907296      -1371050.028052             1.064884
      4.00       3.65         -2184.906689      -1371049.647153             1.445782
      4.00       3.60         -2184.906198      -1371049.339046             1.753889
      4.00       3.55         -2184.905848      -1371049.119418             1.973517
      4.00       3.50         -2184.904948      -1371048.554659             2.538276
      4.00       3.45         -2184.904307      -1371048.152426             2.940509
      4.00       3.40         -2184.904732      -1371048.419117             2.673818
      4.00       3.35         -2184.903844      -1371047.861889             3.231046
      4.00       3.30         -2184.903087      -1371047.386864             3.706071
      4.00       3.25         -2184.902113      -1371046.775670             4.317265
      4.00       3.20         -2184.901156      -1371046.175144             4.917792
      4.00       3.15         -2184.899697      -1371045.259607             5.833328
      4.00       3.10         -2184.898544      -1371044.536089             6.556846
      4.00       3.05         -2184.896766      -1371043.420377             7.672558
      4.00       3.00         -2184.898890      -1371044.753207             6.339728
      4.00       2.95         -2184.897832      -1371044.089302             7.003633
      4.00       2.90         -2184.896463      -1371043.230242             7.862694
      4.00       2.85         -2184.894958      -1371042.285840             8.807095
      4.00       2.80         -2184.892970      -1371041.038351            10.054584
      4.00       2.75         -2184.890951      -1371039.771409            11.321526
      4.00       2.70         -2184.889949      -1371039.142645            11.950290
      4.00       2.65         -2184.887968      -1371037.899549            13.193387
      4.00       2.60         -2184.885140      -1371036.124952            14.967983
      4.00       2.55         -2184.884081      -1371035.460419            15.632516
      4.00       2.50         -2184.881488      -1371033.833287            17.259648
      4.00       2.45         -2184.878031      -1371031.663987            19.428948
      4.00       2.40         -2184.874444      -1371029.413110            21.679825
      4.00       2.35         -2184.870132      -1371026.707290            24.385646
      4.00       2.30         -2184.865565      -1371023.841454            27.251481
      4.00       2.25         -2184.862823      -1371022.120823            28.972112
      4.00       2.20         -2184.858079      -1371019.143918            31.949017
      4.00       2.15         -2184.852695      -1371015.765407            35.327528
      4.00       2.10         -2184.847100      -1371012.254491            38.838444
      4.00       2.05         -2184.841021      -1371008.439861            42.653074
      4.00       2.00         -2184.837234      -1371006.063483            45.029452
      4.00       1.95         -2184.832279      -1371002.954174            48.138762
      4.00       1.90         -2184.826531      -1370999.347249            51.745686
      4.00       1.85         -2184.821349      -1370996.095495            54.997440
      4.00       1.80         -2184.816356      -1370992.962340            58.130595
      4.00       1.75         -2184.813527      -1370991.187116            59.905819
      4.00       1.70         -2184.810772      -1370989.458327            61.634608
      4.00       1.65         -2184.811138      -1370989.687996            61.404940
      4.00       1.60         -2184.810047      -1370989.003383            62.089552
      4.00       1.55         -2184.807810      -1370987.599644            63.493291
      4.00       1.50         -2184.805750      -1370986.306975            64.785961
      3.95       3.95         -2184.908897      -1371051.032694             0.060241
      3.95       3.90         -2184.908756      -1371050.944216             0.148720
      3.95       3.85         -2184.908583      -1371050.835656             0.257279
      3.95       3.80         -2184.908203      -1371050.597203             0.495732
      3.95       3.75         -2184.907855      -1371050.378830             0.714106
      3.95       3.70         -2184.907527      -1371050.173006             0.919929
      3.95       3.65         -2184.906972      -1371049.824739             1.268197
      3.95       3.60         -2184.906439      -1371049.490276             1.602659
      3.95       3.55         -2184.906450      -1371049.497179             1.595757
      3.95       3.50         -2184.905864      -1371049.129458             1.963477
      3.95       3.45         -2184.905124      -1371048.665101             2.427834
      3.95       3.40         -2184.904358      -1371048.184429             2.908506
      3.95       3.35         -2184.903169      -1371047.438320             3.654615
      3.95       3.30         -2184.902421      -1371046.968943             4.123992
      3.95       3.25         -2184.902838      -1371047.230614             3.862321
      3.95       3.20         -2184.902078      -1371046.753707             4.339228
      3.95       3.15         -2184.900905      -1371046.017639             5.075297
      3.95       3.10         -2184.899644      -1371045.226349             5.866586
      3.95       3.05         -2184.897847      -1371044.098715             6.994221
      3.95       3.00         -2184.899074      -1371044.868669             6.224266
      3.95       2.95         -2184.898149      -1371044.288223             6.804713
      3.95       2.90         -2184.896886      -1371043.495678             7.597257
      3.95       2.85         -2184.895373      -1371042.546256             8.546679
      3.95       2.80         -2184.893380      -1371041.295630             9.797305
      3.95       2.75         -2184.891562      -1371040.154818            10.938118
      3.95       2.70         -2184.888996      -1371038.544628            12.548307
      3.95       2.65         -2184.889341      -1371038.761119            12.331816
      3.95       2.60         -2184.887277      -1371037.465940            13.626996
      3.95       2.55         -2184.884803      -1371035.913481            15.179454
      3.95       2.50         -2184.881692      -1371033.961299            17.131636
      3.95       2.45         -2184.878522      -1371031.972094            19.120841
      3.95       2.40         -2184.875995      -1371030.386378            20.706558
      3.95       2.35         -2184.872283      -1371028.057063            23.035873
      3.95       2.30         -2184.868152      -1371025.464821            25.628114
      3.95       2.25         -2184.863305      -1371022.423282            28.669653
      3.95       2.20         -2184.858414      -1371019.354134            31.738802
      3.95       2.15         -2184.854692      -1371017.018543            34.074392
      3.95       2.10         -2184.849387      -1371013.689606            37.403330
      3.95       2.05         -2184.843744      -1371010.148570            40.944366
      3.95       2.00         -2184.837733      -1371006.376610            44.716325
      3.95       1.95         -2184.831960      -1371002.753998            48.338937
      3.95       1.90         -2184.825992      -1370999.009021            52.083914
      3.95       1.85         -2184.823358      -1370997.356161            53.736774
      3.95       1.80         -2184.819168      -1370994.726897            56.366039
      3.95       1.75         -2184.815536      -1370992.447782            58.645153
      3.95       1.70         -2184.814626      -1370991.876749            59.216187
      3.95       1.65         -2184.813018      -1370990.867714            60.225222
      3.95       1.60         -2184.811398      -1370989.851148            61.241787
      3.95       1.55         -2184.810386      -1370989.216109            61.876827
      3.95       1.50         -2184.807100      -1370987.154112            63.938823
      3.90       3.95         -2184.908909      -1371051.040225             0.052711
      3.90       3.90         -2184.908775      -1371050.956138             0.136797
      3.90       3.85         -2184.908553      -1371050.816831             0.276104
      3.90       3.80         -2184.908364      -1371050.698232             0.394703
      3.90       3.75         -2184.907933      -1371050.427775             0.665160
      3.90       3.70         -2184.907816      -1371050.354357             0.738579
      3.90       3.65         -2184.907297      -1371050.028679             1.064256
      3.90       3.60         -2184.906770      -1371049.697982             1.394954
      3.90       3.55         -2184.906415      -1371049.475216             1.617719
      3.90       3.50         -2184.905580      -1371048.951245             2.141690
      3.90       3.45         -2184.905040      -1371048.612390             2.480545
      3.90       3.40         -2184.904191      -1371048.079635             3.013300
      3.90       3.35         -2184.903515      -1371047.655438             3.437497
      3.90       3.30         -2184.902314      -1371046.901800             4.191136
      3.90       3.25         -2184.902598      -1371047.080012             4.012923
      3.90       3.20         -2184.901634      -1371046.475093             4.617842
      3.90       3.15         -2184.900402      -1371045.702001             5.390934
      3.90       3.10         -2184.901430      -1371046.347081             4.745854
      3.90       3.05         -2184.900273      -1371045.621053             5.471883
      3.90       3.00         -2184.899294      -1371045.006721             6.086214
      3.90       2.95         -2184.897965      -1371044.172761             6.920174
      3.90       2.90         -2184.896585      -1371043.306798             7.786138
      3.90       2.85         -2184.894802      -1371042.187948             8.904987
      3.90       2.80         -2184.892849      -1371040.962422            10.130513
      3.90       2.75         -2184.893478      -1371041.357126             9.735809
      3.90       2.70         -2184.891609      -1371040.184311            10.908625
      3.90       2.65         -2184.889708      -1371038.991415            12.101520
      3.90       2.60         -2184.887285      -1371037.470960            13.621976
      3.90       2.55         -2184.884182      -1371035.523798            15.569138
      3.90       2.50         -2184.881358      -1371033.751711            17.341224
      3.90       2.45         -2184.877699      -1371031.455654            19.637281
      3.90       2.40         -2184.877061      -1371031.055303            20.037633
      3.90       2.35         -2184.873611      -1371028.890395            22.202540
      3.90       2.30         -2184.869552      -1371026.343334            24.749601
      3.90       2.25         -2184.865093      -1371023.545269            27.547666
      3.90       2.20         -2184.860032      -1371020.369444            30.723491
      3.90       2.15         -2184.854880      -1371017.136515            33.956420
      3.90       2.10         -2184.849161      -1371013.547788            37.545147
      3.90       2.05         -2184.845865      -1371011.479517            39.613418
      3.90       2.00         -2184.840520      -1371008.125479            42.967456
      3.90       1.95         -2184.834855      -1371004.570638            46.522297
      3.90       1.90         -2184.829269      -1371001.065370            50.027565
      3.90       1.85         -2184.824605      -1370998.138666            52.954269
      3.90       1.80         -2184.820106      -1370995.315501            55.777435
      3.90       1.75         -2184.817747      -1370993.835206            57.257729
      3.90       1.70         -2184.815203      -1370992.238822            58.854114
      3.90       1.65         -2184.839072      -1371007.216845            43.876090
      3.90       1.60         -2184.838339      -1371006.756881            44.336054
      3.90       1.55         -2184.837074      -1371005.963081            45.129854
      3.90       1.50         -2184.833736      -1371003.868455            47.224480
      3.85       3.95         -2184.908767      -1371050.951118             0.141817
      3.85       3.90         -2184.908717      -1371050.919743             0.173193
      3.85       3.85         -2184.908604      -1371050.848834             0.244101
      3.85       3.80         -2184.908251      -1371050.627323             0.465612
      3.85       3.75         -2184.907953      -1371050.440325             0.652610
      3.85       3.70         -2184.907554      -1371050.189949             0.902986
      3.85       3.65         -2184.907202      -1371049.969066             1.123869
      3.85       3.60         -2184.907516      -1371050.166104             0.926831
      3.85       3.55         -2184.907120      -1371049.917610             1.175325
      3.85       3.50         -2184.906591      -1371049.585658             1.507278
      3.85       3.45         -2184.905843      -1371049.116280             1.976655
      3.85       3.40         -2184.905073      -1371048.633098             2.459837
      3.85       3.35         -2184.904310      -1371048.154308             2.938627
      3.85       3.30         -2184.903086      -1371047.386237             3.706698
      3.85       3.25         -2184.902304      -1371046.895524             4.197411
      3.85       3.20         -2184.901418      -1371046.339551             4.753384
      3.85       3.15         -2184.899930      -1371045.405817             5.687118
      3.85       3.10         -2184.901403      -1371046.330138             4.762797
      3.85       3.05         -2184.900394      -1371045.696981             5.395954
      3.85       3.00         -2184.899241      -1371044.973463             6.119472
      3.85       2.95         -2184.897561      -1371043.919247             7.173688
      3.85       2.90         -2184.896146      -1371043.031321             8.061614
      3.85       2.85         -2184.896746      -1371043.407827             7.685109
      3.85       2.80         -2184.895562      -1371042.664856             8.428080
      3.85       2.75         -2184.893965      -1371041.662723             9.430212
      3.85       2.70         -2184.892034      -1371040.451002            10.641933
      3.85       2.65         -2184.889915      -1371039.121310            11.971626
      3.85       2.60         -2184.887217      -1371037.428289            13.664646
      3.85       2.55         -2184.884673      -1371035.831905            15.261030
      3.85       2.50         -2184.881353      -1371033.748573            17.344362
      3.85       2.45         -2184.880695      -1371033.335672            17.757263
      3.85       2.40         -2184.877628      -1371031.411101            19.681835
      3.85       2.35         -2184.873717      -1371028.956911            22.136024
      3.85       2.30         -2184.869577      -1371026.359022            24.733913
      3.85       2.25         -2184.865112      -1371023.557192            27.535743
      3.85       2.20         -2184.862346      -1371021.821501            29.271434
      3.85       2.15         -2184.857520      -1371018.793140            32.299795
      3.85       2.10         -2184.852325      -1371015.533228            35.559707
      3.85       2.05         -2184.846728      -1371012.021058            39.071877
      3.85       2.00         -2184.840965      -1371008.404721            42.688214
      3.85       1.95         -2184.835352      -1371004.882510            46.210425
      3.85       1.90         -2184.831742      -1371002.617201            48.475734
      3.85       1.85         -2184.826977      -1370999.627118            51.465817
      3.85       1.80         -2184.822752      -1370996.975891            54.117045
      3.85       1.75         -2184.819144      -1370994.711837            56.381099
      3.85       1.70         -2184.817003      -1370993.368339            57.724597
      3.85       1.65         -2184.815007      -1370992.115830            58.977105
      3.85       1.60         -2184.814748      -1370991.953305            59.139630
      3.85       1.55         -2184.812886      -1370990.784882            60.308053
      3.85       1.50         -2184.816986      -1370993.357671            57.735264
      3.80       3.95         -2184.908673      -1371050.892132             0.200803
      3.80       3.90         -2184.908653      -1371050.879582             0.213353
      3.80       3.85         -2184.908410      -1371050.727097             0.365838
      3.80       3.80         -2184.908270      -1371050.639246             0.453689
      3.80       3.75         -2184.907854      -1371050.378202             0.714733
      3.80       3.70         -2184.907575      -1371050.203127             0.889808
      3.80       3.65         -2184.907375      -1371050.077625             1.015310
      3.80       3.60         -2184.906805      -1371049.719945             1.372991
      3.80       3.55         -2184.906353      -1371049.436310             1.656625
      3.80       3.50         -2184.906130      -1371049.296376             1.796560
      3.80       3.45         -2184.905330      -1371048.794368             2.298567
      3.80       3.40         -2184.904748      -1371048.429158             2.663778
      3.80       3.35         -2184.904369      -1371048.191331             2.901604
      3.80       3.30         -2184.903561      -1371047.684304             3.408631
      3.80       3.25         -2184.902607      -1371047.085660             4.007276
      3.80       3.20         -2184.901088      -1371046.132473             4.960462
      3.80       3.15         -2184.902529      -1371047.036714             4.056221
      3.80       3.10         -2184.901485      -1371046.381594             4.711341
      3.80       3.05         -2184.900645      -1371045.854486             5.238449
      3.80       3.00         -2184.899395      -1371045.070099             6.022836
      3.80       2.95         -2184.897680      -1371043.993921             7.099015
      3.80       2.90         -2184.898966      -1371044.800898             6.292037
      3.80       2.85         -2184.897903      -1371044.133855             6.959080
      3.80       2.80         -2184.896677      -1371043.364529             7.728407
      3.80       2.75         -2184.895170      -1371042.418872             8.674063
      3.80       2.70         -2184.893447      -1371041.337673             9.755262
      3.80       2.65         -2184.891318      -1371040.001705            11.091230
      3.80       2.60         -2184.889070      -1371038.591064            12.501871
      3.80       2.55         -2184.886193      -1371036.785719            14.307216
      3.80       2.50         -2184.883501      -1371035.096464            15.996472
      3.80       2.45         -2184.880013      -1371032.907711            18.185225
      3.80       2.40         -2184.879144      -1371032.362405            18.730530
      3.80       2.35         -2184.875737      -1371030.224480            20.868455
      3.80       2.30         -2184.871661      -1371027.666752            23.426184
      3.80       2.25         -2184.867337      -1371024.953401            26.139535
      3.80       2.20         -2184.862585      -1371021.971476            29.121460
      3.80       2.15         -2184.857308      -1371018.660108            32.432827
      3.80       2.10         -2184.852218      -1371015.466085            35.626850
      3.80       2.05         -2184.848737      -1371013.281724            37.811211
      3.80       2.00         -2184.843571      -1371010.040010            41.052925
      3.80       1.95         -2184.838123      -1371006.621339            44.471596
      3.80       1.90         -2184.832877      -1371003.329424            47.763511
      3.80       1.85         -2184.827704      -1371000.083318            51.009618
      3.80       1.80         -2184.823081      -1370997.182341            53.910594
      3.80       1.75         -2184.821211      -1370996.008899            55.084037
      3.80       1.70         -2184.818935      -1370994.580687            56.512248
      3.80       1.65         -2184.816627      -1370993.132395            57.960540
      3.80       1.60         -2184.819943      -1370995.213217            55.879719
      3.80       1.55         -2184.819815      -1370995.132895            55.960040
      3.80       1.50         -2184.816560      -1370993.090352            58.002583
      3.75       3.95         -2184.908379      -1371050.707644             0.385291
      3.75       3.90         -2184.908431      -1371050.740275             0.352660
      3.75       3.85         -2184.908318      -1371050.669366             0.423569
      3.75       3.80         -2184.908050      -1371050.501194             0.591741
      3.75       3.75         -2184.907891      -1371050.401420             0.691515
      3.75       3.70         -2184.907302      -1371050.031817             1.061119
      3.75       3.65         -2184.907152      -1371049.937690             1.155245
      3.75       3.60         -2184.906629      -1371049.609503             1.483432
      3.75       3.55         -2184.906937      -1371049.802776             1.290159
      3.75       3.50         -2184.906521      -1371049.541732             1.551203
      3.75       3.45         -2184.905887      -1371049.143891             1.949044
      3.75       3.40         -2184.905098      -1371048.648786             2.444149
      3.75       3.35         -2184.904380      -1371048.198234             2.894701
      3.75       3.30         -2184.903196      -1371047.455263             3.637672
      3.75       3.25         -2184.902562      -1371047.057422             4.035513
      3.75       3.20         -2184.903117      -1371047.405690             3.687246
      3.75       3.15         -2184.902278      -1371046.879209             4.213726
      3.75       3.10         -2184.901101      -1371046.140631             4.952305
      3.75       3.05         -2184.899782      -1371045.312946             5.779990
      3.75       3.00         -2184.898546      -1371044.537344             6.555591
      3.75       2.95         -2184.896748      -1371043.409082             7.683854
      3.75       2.90         -2184.898580      -1371044.558679             6.534256
      3.75       2.85         -2184.897527      -1371043.897912             7.195024
      3.75       2.80         -2184.896261      -1371043.103485             7.989451
      3.75       2.75         -2184.894465      -1371041.976478             9.116458
      3.75       2.70         -2184.892776      -1371040.916614            10.176321
      3.75       2.65         -2184.890416      -1371039.435692            11.657243
      3.75       2.60         -2184.888219      -1371038.057053            13.035882
      3.75       2.55         -2184.885235      -1371036.184565            14.908370
      3.75       2.50         -2184.885373      -1371036.271162            14.821774
      3.75       2.45         -2184.882789      -1371034.649677            16.443258
      3.75       2.40         -2184.879493      -1371032.581406            18.511529
      3.75       2.35         -2184.875998      -1371030.388260            20.704675
      3.75       2.30         -2184.871881      -1371027.804804            23.288132
      3.75       2.25         -2184.869205      -1371026.125588            24.967347
      3.75       2.20         -2184.864791      -1371023.355762            27.737174
      3.75       2.15         -2184.860141      -1371020.437842            30.655093
      3.75       2.10         -2184.854979      -1371017.198639            33.894297
      3.75       2.05         -2184.849724      -1371013.901076            37.191859
      3.75       2.00         -2184.844088      -1371010.364433            40.728502
      3.75       1.95         -2184.838920      -1371007.121464            43.971471
      3.75       1.90         -2184.833554      -1371003.754248            47.338687
      3.75       1.85         -2184.828460      -1371000.557715            50.535220
      3.75       1.80         -2184.825511      -1370998.707189            52.385746
      3.75       1.75         -2184.822151      -1370996.598758            54.494178
      3.75       1.70         -2184.819399      -1370994.871851            56.221084
      3.75       1.65         -2184.818649      -1370994.401219            56.691716
      3.75       1.60         -2184.816884      -1370993.293665            57.799270
      3.75       1.55         -2184.823436      -1370997.405107            53.687828
      3.75       1.50         -2184.820430      -1370995.518814            55.574122
      3.70       3.95         -2184.908215      -1371050.604733             0.488202
      3.70       3.90         -2184.908199      -1371050.594693             0.498243
      3.70       3.85         -2184.908166      -1371050.573985             0.518950
      3.70       3.80         -2184.907744      -1371050.309176             0.783759
      3.70       3.75         -2184.907730      -1371050.300391             0.792544
      3.70       3.70         -2184.907445      -1371050.121551             0.971385
      3.70       3.65         -2184.907178      -1371049.954006             1.138930
      3.70       3.60         -2184.906466      -1371049.507219             1.585716
      3.70       3.55         -2184.906202      -1371049.341556             1.751379
      3.70       3.50         -2184.905957      -1371049.187817             1.905119
      3.70       3.45         -2184.906430      -1371049.484629             1.608307
      3.70       3.40         -2184.905994      -1371049.211034             1.881901
      3.70       3.35         -2184.905291      -1371048.769895             2.323040
      3.70       3.30         -2184.904534      -1371048.294871             2.798065
      3.70       3.25         -2184.903532      -1371047.666106             3.426829
      3.70       3.20         -2184.902519      -1371047.030439             4.062496
      3.70       3.15         -2184.901594      -1371046.449993             4.642943
      3.70       3.10         -2184.900158      -1371045.548889             5.544046
      3.70       3.05         -2184.899167      -1371044.927027             6.165908
      3.70       3.00         -2184.897457      -1371043.853986             7.238949
      3.70       2.95         -2184.899394      -1371045.069472             6.023463
      3.70       2.90         -2184.898453      -1371044.478985             6.613950
      3.70       2.85         -2184.896900      -1371043.504463             7.588472
      3.70       2.80         -2184.895359      -1371042.537471             8.555464
      3.70       2.75         -2184.893199      -1371041.182051             9.910885
      3.70       2.70         -2184.891373      -1371040.036218            11.056717
      3.70       2.65         -2184.892315      -1371040.627332            10.465603
      3.70       2.60         -2184.890708      -1371039.618925            11.474011
      3.70       2.55         -2184.888441      -1371038.196361            12.896575
      3.70       2.50         -2184.886065      -1371036.705398            14.387537
      3.70       2.45         -2184.883025      -1371034.797769            16.295166
      3.70       2.40         -2184.879893      -1371032.832410            18.260526
      3.70       2.35         -2184.876099      -1371030.451639            20.641297
      3.70       2.30         -2184.872306      -1371028.071495            23.021440
      3.70       2.25         -2184.867793      -1371025.239545            25.853390
      3.70       2.20         -2184.865447      -1371023.767408            27.325528
      3.70       2.15         -2184.860825      -1371020.867059            30.225876
      3.70       2.10         -2184.855751      -1371017.683076            33.409859
      3.70       2.05         -2184.850608      -1371014.455795            36.637141
      3.70       2.00         -2184.845114      -1371011.008258            40.084678
      3.70       1.95         -2184.841354      -1371008.648822            42.444113
      3.70       1.90         -2184.836540      -1371005.627991            45.464944
      3.70       1.85         -2184.831840      -1371002.678697            48.414238
      3.70       1.80         -2184.851124      -1371014.779590            36.313346
      3.70       1.75         -2184.849254      -1371013.606147            37.486788
      3.70       1.70         -2184.846972      -1371012.174170            38.918765
      3.70       1.65         -2184.844684      -1371010.738429            40.354507
      3.70       1.60         -2184.842883      -1371009.608284            41.484651
      3.70       1.55         -2184.839446      -1371007.451534            43.641401
      3.70       1.50         -2184.834457      -1371004.320889            46.772046
      3.65       3.95         -2184.907780      -1371050.331766             0.761169
      3.65       3.90         -2184.907877      -1371050.392635             0.700301
      3.65       3.85         -2184.907761      -1371050.319844             0.773092
      3.65       3.80         -2184.907717      -1371050.292233             0.800702
      3.65       3.75         -2184.907433      -1371050.114021             0.978915
      3.65       3.70         -2184.908057      -1371050.505586             0.587349
      3.65       3.65         -2184.907851      -1371050.376319             0.716616
      3.65       3.60         -2184.907573      -1371050.201872             0.891063
      3.65       3.55         -2184.907057      -1371049.878077             1.214858
      3.65       3.50         -2184.906566      -1371049.569970             1.522965
      3.65       3.45         -2184.905849      -1371049.120046             1.972890
      3.65       3.40         -2184.905256      -1371048.747932             2.345003
      3.65       3.35         -2184.905221      -1371048.725970             2.366966
      3.65       3.30         -2184.904572      -1371048.318716             2.774219
      3.65       3.25         -2184.903646      -1371047.737642             3.355293
      3.65       3.20         -2184.902693      -1371047.139626             3.953310
      3.65       3.15         -2184.901271      -1371046.247307             4.845628
      3.65       3.10         -2184.900244      -1371045.602855             5.490080
      3.65       3.05         -2184.898502      -1371044.509733             6.583202
      3.65       3.00         -2184.901188      -1371046.195224             4.897711
      3.65       2.95         -2184.900320      -1371045.650546             5.442390
      3.65       2.90         -2184.899252      -1371044.980366             6.112570
      3.65       2.85         -2184.897924      -1371044.147033             6.945902
      3.65       2.80         -2184.896476      -1371043.238399             7.854536
      3.65       2.75         -2184.894510      -1371042.004716             9.088220
      3.65       2.70         -2184.892662      -1371040.845078            10.247857
      3.65       2.65         -2184.890157      -1371039.273167            11.819768
      3.65       2.60         -2184.890683      -1371039.603237            11.489698
      3.65       2.55         -2184.888797      -1371038.419754            12.673181
      3.65       2.50         -2184.886164      -1371036.767522            14.325414
      3.65       2.45         -2184.883453      -1371035.066343            16.026592
      3.65       2.40         -2184.880080      -1371032.949754            18.143181
      3.65       2.35         -2184.878343      -1371031.859770            19.233165
      3.65       2.30         -2184.874833      -1371029.657212            21.435724
      3.65       2.25         -2184.870879      -1371027.176039            23.916896
      3.65       2.20         -2184.866470      -1371024.409350            26.683585
      3.65       2.15         -2184.861803      -1371021.480763            29.612172
      3.65       2.10         -2184.856721      -1371018.291760            32.801175
      3.65       2.05         -2184.852192      -1371015.449770            35.643166
      3.65       2.00         -2184.846998      -1371012.190485            38.902450
      3.65       1.95         -2184.841642      -1371008.829545            42.263391
      3.65       1.90         -2184.836562      -1371005.641797            45.451139
      3.65       1.85         -2184.833807      -1371003.913008            47.179927
      3.65       1.80         -2184.830002      -1371001.525334            49.567601
      3.65       1.75         -2184.826757      -1370999.489066            51.603869
      3.65       1.70         -2184.824195      -1370997.881387            53.211548
      3.65       1.65         -2184.821881      -1370996.429330            54.663605
      3.65       1.60         -2184.819538      -1370994.959075            56.133860
      3.65       1.55         -2184.826572      -1370999.372977            51.719958
      3.65       1.50         -2184.824260      -1370997.922175            53.170760
      3.60       3.95         -2184.907521      -1371050.169241             0.923694
      3.60       3.90         -2184.907641      -1371050.244542             0.848393
      3.60       3.85         -2184.907395      -1371050.090175             1.002760
      3.60       3.80         -2184.907420      -1371050.105863             0.987072
      3.60       3.75         -2184.907358      -1371050.066957             1.025978
      3.60       3.70         -2184.906993      -1371049.837916             1.255019
      3.60       3.65         -2184.906737      -1371049.677274             1.415661
      3.60       3.60         -2184.907229      -1371049.986009             1.106927
      3.60       3.55         -2184.906926      -1371049.795873             1.297062
      3.60       3.50         -2184.906460      -1371049.503454             1.589481
      3.60       3.45         -2184.905900      -1371049.152048             1.940887
      3.60       3.40         -2184.905140      -1371048.675141             2.417794
      3.60       3.35         -2184.904711      -1371048.405940             2.686996
      3.60       3.30         -2184.903657      -1371047.744545             3.348391
      3.60       3.25         -2184.902919      -1371047.281443             3.811493
      3.60       3.20         -2184.901554      -1371046.424892             4.668043
      3.60       3.15         -2184.900878      -1371046.000696             5.092239
      3.60       3.10         -2184.902246      -1371046.859129             4.233806
      3.60       3.05         -2184.901522      -1371046.404812             4.688123
      3.60       3.00         -2184.900436      -1371045.723337             5.369599
      3.60       2.95         -2184.899126      -1371044.901299             6.191636
      3.60       2.90         -2184.897638      -1371043.967565             7.125370
      3.60       2.85         -2184.895984      -1371042.929665             8.163271
      3.60       2.80         -2184.894103      -1371041.749319             9.343616
      3.60       2.75         -2184.895685      -1371042.742039             8.350896
      3.60       2.70         -2184.894548      -1371042.028561             9.064374
      3.60       2.65         -2184.892759      -1371040.905946            10.186989
      3.60       2.60         -2184.890828      -1371039.694226            11.398710
      3.60       2.55         -2184.888357      -1371038.143650            12.949286
      3.60       2.50         -2184.885980      -1371036.652060            14.440876
      3.60       2.45         -2184.882908      -1371034.724351            16.368585
      3.60       2.40         -2184.879741      -1371032.737028            18.355907
      3.60       2.35         -2184.878603      -1371032.022922            19.070013
      3.60       2.30         -2184.875176      -1371029.872447            21.220488
      3.60       2.25         -2184.871139      -1371027.339192            23.753744
      3.60       2.20         -2184.866908      -1371024.684199            26.408736
      3.60       2.15         -2184.862148      -1371021.697254            29.395681
      3.60       2.10         -2184.857200      -1371018.592337            32.500598
      3.60       2.05         -2184.853137      -1371016.042766            35.050169
      3.60       2.00         -2184.848187      -1371012.936594            38.156341
      3.60       1.95         -2184.842933      -1371009.639659            41.453276
      3.60       1.90         -2184.837779      -1371006.405476            44.687460
      3.60       1.85         -2184.834369      -1371004.265668            46.827267
      3.60       1.80         -2184.830904      -1371002.091348            49.001587
      3.60       1.75         -2184.827468      -1370999.935225            51.157710
      3.60       1.70         -2184.851506      -1371015.019298            36.073637
      3.60       1.65         -2184.849802      -1371013.950022            37.142913
      3.60       1.60         -2184.847434      -1371012.464080            38.628856
      3.60       1.55         -2184.844604      -1371010.688228            40.404708
      3.60       1.50         -2184.895301      -1371042.501076             8.591860
      3.55       3.95         -2184.906831      -1371049.736260             1.356675
      3.55       3.90         -2184.906957      -1371049.815326             1.277609
      3.55       3.85         -2184.907180      -1371049.955261             1.137675
      3.55       3.80         -2184.906941      -1371049.805286             1.287649
      3.55       3.75         -2184.906915      -1371049.788971             1.303965
      3.55       3.70         -2184.906908      -1371049.784578             1.308357
      3.55       3.65         -2184.906524      -1371049.543614             1.549321
      3.55       3.60         -2184.906249      -1371049.371049             1.721886
      3.55       3.55         -2184.906858      -1371049.753203             1.339733
      3.55       3.50         -2184.906580      -1371049.578755             1.514180
      3.55       3.45         -2184.906067      -1371049.256843             1.836093
      3.55       3.40         -2184.905495      -1371048.897907             2.195028
      3.55       3.35         -2184.904508      -1371048.278555             2.814380
      3.55       3.30         -2184.903851      -1371047.866282             3.226654
      3.55       3.25         -2184.903842      -1371047.860634             3.232301
      3.55       3.20         -2184.903160      -1371047.432673             3.660263
      3.55       3.15         -2184.902234      -1371046.851599             4.241337
      3.55       3.10         -2184.900815      -1371045.961163             5.131772
      3.55       3.05         -2184.899489      -1371045.129085             5.963850
      3.55       3.00         -2184.901191      -1371046.197106             4.895829
      3.55       2.95         -2184.900386      -1371045.691961             5.400974
      3.55       2.90         -2184.899372      -1371045.055667             6.037269
      3.55       2.85         -2184.898038      -1371044.218569             6.874366
      3.55       2.80         -2184.896555      -1371043.287972             7.804963
      3.55       2.75         -2184.894586      -1371042.052406             9.040529
      3.55       2.70         -2184.895402      -1371042.564454             8.528481
      3.55       2.65         -2184.893776      -1371041.544124             9.548812
      3.55       2.60         -2184.892136      -1371040.515008            10.577927
      3.55       2.55         -2184.889865      -1371039.089934            12.003001
      3.55       2.50         -2184.887541      -1371037.631602            13.461333
      3.55       2.45         -2184.884495      -1371035.720208            15.372727
      3.55       2.40         -2184.881566      -1371033.882233            17.210702
      3.55       2.35         -2184.877899      -1371031.581156            19.511780
      3.55       2.30         -2184.875564      -1371030.115921            20.977014
      3.55       2.25         -2184.871869      -1371027.797274            23.295662
      3.55       2.20         -2184.867442      -1371025.019289            26.073646
      3.55       2.15         -2184.863001      -1371022.232520            28.860416
      3.55       2.10         -2184.858038      -1371019.118190            31.974745
      3.55       2.05         -2184.853986      -1371016.575522            34.517414
      3.55       2.00         -2184.848997      -1371013.444877            37.648058
      3.55       1.95         -2184.843796      -1371010.181200            40.911735
      3.55       1.90         -2184.838814      -1371007.054948            44.037987
      3.55       1.85         -2184.836683      -1371005.717725            45.375210
      3.55       1.80         -2184.833201      -1371003.532737            47.560198
      3.55       1.75         -2184.830471      -1371001.819636            49.273299
      3.55       1.70         -2184.827784      -1371000.133518            50.959417
      3.55       1.65         -2184.826561      -1370999.366074            51.726861
      3.55       1.60         -2184.824629      -1370998.153726            52.939209
      3.55       1.55         -2184.843877      -1371010.232028            40.860907
      3.55       1.50         -2184.841994      -1371009.050428            42.042507
      3.50       3.95         -2184.906497      -1371049.526672             1.566264
      3.50       3.90         -2184.906546      -1371049.557420             1.535516
      3.50       3.85         -2184.906667      -1371049.633348             1.459587
      3.50       3.80         -2184.906526      -1371049.544869             1.548066
      3.50       3.75         -2184.906458      -1371049.502199             1.590737
      3.50       3.70         -2184.905850      -1371049.120673             1.972262
      3.50       3.65         -2184.905910      -1371049.158324             1.934612
      3.50       3.60         -2184.905220      -1371048.725342             2.367593
      3.50       3.55         -2184.905136      -1371048.672631             2.420304
      3.50       3.50         -2184.906028      -1371049.232370             1.860566
      3.50       3.45         -2184.905680      -1371049.013996             2.078939
      3.50       3.40         -2184.905081      -1371048.638118             2.454817
      3.50       3.35         -2184.904418      -1371048.222079             2.870856
      3.50       3.30         -2184.903337      -1371047.543742             3.549194
      3.50       3.25         -2184.902798      -1371047.205514             3.887421
      3.50       3.20         -2184.903905      -1371047.900167             3.192768
      3.50       3.15         -2184.903312      -1371047.528054             3.564881
      3.50       3.10         -2184.902437      -1371046.978983             4.113952
      3.50       3.05         -2184.901371      -1371046.310058             4.782877
      3.50       3.00         -2184.900198      -1371045.573989             5.518946
      3.50       2.95         -2184.898823      -1371044.711164             6.381771
      3.50       2.90         -2184.897268      -1371043.735387             7.357549
      3.50       2.85         -2184.898492      -1371044.503458             6.589477
      3.50       2.80         -2184.897608      -1371043.948740             7.144195
      3.50       2.75         -2184.896151      -1371043.034459             8.058477
      3.50       2.70         -2184.894583      -1371042.050524             9.042412
      3.50       2.65         -2184.892764      -1371040.909084            10.183851
      3.50       2.60         -2184.891639      -1371040.203136            10.889799
      3.50       2.55         -2184.889774      -1371039.032831            12.060105
      3.50       2.50         -2184.887357      -1371037.516140            13.576795
      3.50       2.45         -2184.884597      -1371035.784214            15.308721
      3.50       2.40         -2184.881261      -1371033.690843            17.402093
      3.50       2.35         -2184.877829      -1371031.537230            19.555705
      3.50       2.30         -2184.874206      -1371029.263763            21.829172
      3.50       2.25         -2184.870217      -1371026.760628            24.332307
      3.50       2.20         -2184.868392      -1371025.615423            25.477512
      3.50       2.15         -2184.864020      -1371022.871952            28.220984
      3.50       2.10         -2184.859367      -1371019.952150            31.140785
      3.50       2.05         -2184.854317      -1371016.783227            34.309708
      3.50       2.00         -2184.849347      -1371013.664505            37.428430
      3.50       1.95         -2184.846112      -1371011.634512            39.458423
      3.50       1.90         -2184.841605      -1371008.806327            42.286608
      3.50       1.85         -2184.837449      -1371006.198397            44.894538
      3.50       1.80         -2184.833466      -1371003.699027            47.393908
      3.50       1.75         -2184.830035      -1371001.546042            49.546893
      3.50       1.70         -2184.827657      -1371000.053825            51.039111
      3.50       1.65         -2184.852513      -1371015.651200            35.441735
      3.50       1.60         -2184.850382      -1371014.313978            36.778958
      3.50       1.55         -2184.847407      -1371012.447137            38.645798
      3.50       1.50         -2184.843169      -1371009.787752            41.305184
      3.45       3.95         -2184.907423      -1371050.107745             0.985190
      3.45       3.90         -2184.907494      -1371050.152299             0.940637
      3.45       3.85         -2184.907408      -1371050.098333             0.994603
      3.45       3.80         -2184.907288      -1371050.023032             1.069904
      3.45       3.75         -2184.907178      -1371049.954006             1.138930
      3.45       3.70         -2184.906846      -1371049.745672             1.347263
      3.45       3.65         -2184.906610      -1371049.597580             1.495355
      3.45       3.60         -2184.907039      -1371049.866782             1.226154
      3.45       3.55         -2184.906796      -1371049.714297             1.378638
      3.45       3.50         -2184.906289      -1371049.396150             1.696786
      3.45       3.45         -2184.905819      -1371049.101220             1.991715
      3.45       3.40         -2184.905205      -1371048.715929             2.377006
      3.45       3.35         -2184.904437      -1371048.234002             2.858933
      3.45       3.30         -2184.903727      -1371047.788470             3.304465
      3.45       3.25         -2184.902681      -1371047.132095             3.960840
      3.45       3.20         -2184.901707      -1371046.520901             4.572034
      3.45       3.15         -2184.901404      -1371046.330766             4.762169
      3.45       3.10         -2184.900183      -1371045.564577             5.528358
      3.45       3.05         -2184.898899      -1371044.758855             6.334081
      3.45       3.00         -2184.900264      -1371045.615405             5.477530
      3.45       2.95         -2184.899397      -1371045.071354             6.021581
      3.45       2.90         -2184.898144      -1371044.285085             6.807850
      3.45       2.85         -2184.896812      -1371043.449242             7.643693
      3.45       2.80         -2184.894951      -1371042.281447             8.811488
      3.45       2.75         -2184.893372      -1371041.290610             9.802325
      3.45       2.70         -2184.891082      -1371039.853613            11.239322
      3.45       2.65         -2184.893101      -1371041.120555             9.972381
      3.45       2.60         -2184.891633      -1371040.199371            10.893564
      3.45       2.55         -2184.889443      -1371038.825125            12.267810
      3.45       2.50         -2184.887276      -1371037.465312            13.627623
      3.45       2.45         -2184.884444      -1371035.688205            15.404730
      3.45       2.40         -2184.881384      -1371033.768026            17.324909
      3.45       2.35         -2184.878126      -1371031.723600            19.369335
      3.45       2.30         -2184.874235      -1371029.281961            21.810974
      3.45       2.25         -2184.872364      -1371028.107891            22.985045
      3.45       2.20         -2184.868412      -1371025.627973            25.464962
      3.45       2.15         -2184.864116      -1371022.932193            28.160743
      3.45       2.10         -2184.859565      -1371020.076397            31.016538
      3.45       2.05         -2184.854595      -1371016.957675            34.135260
      3.45       2.00         -2184.849380      -1371013.685213            37.407722
      3.45       1.95         -2184.847035      -1371012.213703            38.879232
      3.45       1.90         -2184.842676      -1371009.478390            41.614546
      3.45       1.85         -2184.838682      -1371006.972117            44.120819
      3.45       1.80         -2184.834841      -1371004.561853            46.531083
      3.45       1.75         -2184.855629      -1371017.606520            33.486416
      3.45       1.70         -2184.855142      -1371017.300923            33.792013
      3.45       1.65         -2184.853616      -1371016.343343            34.749592
      3.45       1.60         -2184.851529      -1371015.033731            36.059204
      3.45       1.55         -2184.848708      -1371013.263527            37.829409
      3.45       1.50         -2184.907706      -1371050.285331             0.807605
      3.40       3.95         -2184.907003      -1371049.844191             1.248744
      3.40       3.90         -2184.907125      -1371049.920748             1.172188
      3.40       3.85         -2184.906976      -1371049.827249             1.265687
      3.40       3.80         -2184.906844      -1371049.744417             1.348518
      3.40       3.75         -2184.906597      -1371049.589423             1.503513
      3.40       3.70         -2184.906346      -1371049.431918             1.661018
      3.40       3.65         -2184.906052      -1371049.247430             1.845505
      3.40       3.60         -2184.905703      -1371049.028429             2.064506
      3.40       3.55         -2184.905175      -1371048.697104             2.395831
      3.40       3.50         -2184.904652      -1371048.368917             2.724019
      3.40       3.45         -2184.904481      -1371048.261613             2.831323
      3.40       3.40         -2184.905136      -1371048.672631             2.420304
      3.40       3.35         -2184.904625      -1371048.351974             2.740961
      3.40       3.30         -2184.903946      -1371047.925895             3.167040
      3.40       3.25         -2184.903161      -1371047.433300             3.659635
      3.40       3.20         -2184.902202      -1371046.831518             4.261417
      3.40       3.15         -2184.901087      -1371046.131845             4.961090
      3.40       3.10         -2184.900236      -1371045.597835             5.495100
      3.40       3.05         -2184.898876      -1371044.744422             6.348513
      3.40       3.00         -2184.897497      -1371043.879086             7.213849
      3.40       2.95         -2184.899566      -1371045.177403             5.915532
      3.40       2.90         -2184.898712      -1371044.641510             6.451425
      3.40       2.85         -2184.897533      -1371043.901677             7.191259
      3.40       2.80         -2184.896032      -1371042.959785             8.133150
      3.40       2.75         -2184.894476      -1371041.983380             9.109555
      3.40       2.70         -2184.892380      -1371040.668120            10.424815
      3.40       2.65         -2184.893899      -1371041.621307             9.471628
      3.40       2.60         -2184.892129      -1371040.510616            10.582320
      3.40       2.55         -2184.890432      -1371039.445732            11.647203
      3.40       2.50         -2184.888063      -1371037.959162            13.133773
      3.40       2.45         -2184.885627      -1371036.430549            14.662386
      3.40       2.40         -2184.882559      -1371034.505350            16.587585
      3.40       2.35         -2184.879465      -1371032.563836            18.529100
      3.40       2.30         -2184.875726      -1371030.217578            20.875358
      3.40       2.25         -2184.873613      -1371028.891650            22.201285
      3.40       2.20         -2184.869655      -1371026.407968            24.684968
      3.40       2.15         -2184.865455      -1371023.772428            27.320507
      3.40       2.10         -2184.860815      -1371020.860784            30.232151
      3.40       2.05         -2184.856182      -1371017.953532            33.139403
      3.40       2.00         -2184.852391      -1371015.574644            35.518291
      3.40       1.95         -2184.847949      -1371012.787247            38.305688
      3.40       1.90         -2184.861293      -1371021.160733            29.932202
      3.40       1.85         -2184.860609      -1371020.731517            30.361418
      3.40       1.80         -2184.858273      -1371019.265655            31.827281
      3.40       1.75         -2184.856667      -1371018.257875            32.835061
      3.40       1.70         -2184.854987      -1371017.203659            33.889277
      3.40       1.65         -2184.853209      -1371016.087947            35.004988
      3.40       1.60         -2184.850805      -1371014.579414            36.513521
      3.40       1.55         -2184.847591      -1371012.562599            38.530337
      3.40       1.50         -2184.843452      -1371009.965337            41.127598
      3.35       3.95         -2184.906302      -1371049.404307             1.688628
      3.35       3.90         -2184.906359      -1371049.440075             1.652860
      3.35       3.85         -2184.906296      -1371049.400542             1.692393
      3.35       3.80         -2184.906198      -1371049.339046             1.753889
      3.35       3.75         -2184.906022      -1371049.228605             1.864331
      3.35       3.70         -2184.906064      -1371049.254960             1.837975
      3.35       3.65         -2184.905614      -1371048.972581             2.120355
      3.35       3.60         -2184.905359      -1371048.812566             2.280369
      3.35       3.55         -2184.904976      -1371048.572230             2.520706
      3.35       3.50         -2184.904094      -1371048.018766             3.074169
      3.35       3.45         -2184.903799      -1371047.833651             3.259284
      3.35       3.40         -2184.904048      -1371047.989901             3.103034
      3.35       3.35         -2184.903439      -1371047.607748             3.485188
      3.35       3.30         -2184.902644      -1371047.108878             3.984058
      3.35       3.25         -2184.902342      -1371046.919370             4.173566
      3.35       3.20         -2184.901371      -1371046.310058             4.782877
      3.35       3.15         -2184.901434      -1371046.349591             4.743344
      3.35       3.10         -2184.900439      -1371045.725219             5.367716
      3.35       3.05         -2184.899353      -1371045.043744             6.049191
      3.35       3.00         -2184.898075      -1371044.241787             6.851148
      3.35       2.95         -2184.896193      -1371043.060814             8.032121
      3.35       2.90         -2184.898529      -1371044.526676             6.566259
      3.35       2.85         -2184.897766      -1371044.047886             7.045049
      3.35       2.80         -2184.896376      -1371043.175648             7.917287
      3.35       2.75         -2184.894863      -1371042.226226             8.866709
      3.35       2.70         -2184.893200      -1371041.182678             9.910257
      3.35       2.65         -2184.890970      -1371039.783332            11.309603
      3.35       2.60         -2184.888874      -1371038.468072            12.624863
      3.35       2.55         -2184.886105      -1371036.730498            14.362437
      3.35       2.50         -2184.887679      -1371037.718198            13.374737
      3.35       2.45         -2184.885513      -1371036.359013            14.733922
      3.35       2.40         -2184.882854      -1371034.690465            16.402470
      3.35       2.35         -2184.879663      -1371032.688082            18.404853
      3.35       2.30         -2184.876327      -1371030.594711            20.498224
      3.35       2.25         -2184.872417      -1371028.141149            22.951787
      3.35       2.20         -2184.868344      -1371025.585303            25.507633
      3.35       2.15         -2184.865318      -1371023.686459            27.406476
      3.35       2.10         -2184.861001      -1371020.977501            30.115435
      3.35       2.05         -2184.856313      -1371018.035736            33.057199
      3.35       2.00         -2184.851430      -1371014.971607            36.121328
      3.35       1.95         -2184.846490      -1371011.871711            39.221225
      3.35       1.90         -2184.842039      -1371009.078666            42.014269
      3.35       1.85         -2184.837544      -1371006.258011            44.834924
      3.35       1.80         -2184.858606      -1371019.474615            31.618320
      3.35       1.75         -2184.857055      -1371018.501348            32.591587
      3.35       1.70         -2184.855880      -1371017.764025            33.328911
      3.35       1.65         -2184.854280      -1371016.760009            34.332926
      3.35       1.60         -2184.853346      -1371016.173916            34.919020
      3.35       1.55         -2184.850612      -1371014.458305            36.634631
      3.35       1.50         -2184.846288      -1371011.744954            39.347982
      3.30       3.95         -2184.905458      -1371048.874689             2.218246
      3.30       3.90         -2184.905569      -1371048.944343             2.148592
      3.30       3.85         -2184.905660      -1371049.001446             2.091489
      3.30       3.80         -2184.905538      -1371048.924890             2.168045
      3.30       3.75         -2184.905434      -1371048.859629             2.233306
      3.30       3.70         -2184.904928      -1371048.542109             2.550826
      3.30       3.65         -2184.905676      -1371049.011486             2.081449
      3.30       3.60         -2184.905468      -1371048.880964             2.211971
      3.30       3.55         -2184.905118      -1371048.661336             2.431599
      3.30       3.50         -2184.904583      -1371048.325619             2.767317
      3.30       3.45         -2184.904107      -1371048.026924             3.066011
      3.30       3.40         -2184.903171      -1371047.439575             3.653360
      3.30       3.35         -2184.902635      -1371047.103230             3.989705
      3.30       3.30         -2184.902959      -1371047.306543             3.786392
      3.30       3.25         -2184.902429      -1371046.973963             4.118972
      3.30       3.20         -2184.901604      -1371046.456268             4.636668
      3.30       3.15         -2184.900256      -1371045.610385             5.482550
      3.30       3.10         -2184.899501      -1371045.136615             5.956320
      3.30       3.05         -2184.898145      -1371044.285713             6.807223
      3.30       3.00         -2184.899866      -1371045.365656             5.727279
      3.30       2.95         -2184.899166      -1371044.926400             6.166536
      3.30       2.90         -2184.897883      -1371044.121305             6.971630
      3.30       2.85         -2184.896673      -1371043.362019             7.730917
      3.30       2.80         -2184.895135      -1371042.396909             8.696026
      3.30       2.75         -2184.893453      -1371041.341438             9.751497
      3.30       2.70         -2184.891221      -1371039.940837            11.152098
      3.30       2.65         -2184.892994      -1371041.053411            10.039524
      3.30       2.60         -2184.891623      -1371040.193096            10.899840
      3.30       2.55         -2184.889625      -1371038.939332            12.153603
      3.30       2.50         -2184.887362      -1371037.519278            13.573657
      3.30       2.45         -2184.884947      -1371036.003842            15.089093
      3.30       2.40         -2184.881897      -1371034.089939            17.002997
      3.30       2.35         -2184.878745      -1371032.112029            18.980907
      3.30       2.30         -2184.877145      -1371031.108014            19.984922
      3.30       2.25         -2184.873607      -1371028.887885            22.205050
      3.30       2.20         -2184.869844      -1371026.526567            24.566368
      3.30       2.15         -2184.865586      -1371023.854632            27.238304
      3.30       2.10         -2184.861152      -1371021.072255            30.020681
      3.30       2.05         -2184.856561      -1371018.191359            32.901577
      3.30       2.00         -2184.851716      -1371015.151075            35.941860
      3.30       1.95         -2184.846934      -1371012.150325            38.942610
      3.30       1.90         -2184.842108      -1371009.121964            41.970971
      3.30       1.85         -2184.839365      -1371007.400706            43.692230
      3.30       1.80         -2184.836104      -1371005.354397            45.738538
      3.30       1.75         -2184.857417      -1371018.728507            32.364429
      3.30       1.70         -2184.856459      -1371018.127353            32.965583
      3.30       1.65         -2184.855556      -1371017.560712            33.532224
      3.30       1.60         -2184.853771      -1371016.440607            34.652328
      3.30       1.55         -2184.850963      -1371014.678561            36.414375
      3.30       1.50         -2184.850364      -1371014.302682            36.790253
      3.25       3.95         -2184.906400      -1371049.465803             1.627132
      3.25       3.90         -2184.906410      -1371049.472078             1.620857
      3.25       3.85         -2184.905961      -1371049.190327             1.902609
      3.25       3.80         -2184.906020      -1371049.227350             1.865586
      3.25       3.75         -2184.905794      -1371049.085532             2.007403
      3.25       3.70         -2184.905229      -1371048.730990             2.361946
      3.25       3.65         -2184.904986      -1371048.578505             2.514430
      3.25       3.60         -2184.904775      -1371048.446100             2.646835
      3.25       3.55         -2184.904206      -1371048.089047             3.003888
      3.25       3.50         -2184.903606      -1371047.712542             3.380394
      3.25       3.45         -2184.902562      -1371047.057422             4.035513
      3.25       3.40         -2184.902235      -1371046.852226             4.240709
      3.25       3.35         -2184.902993      -1371047.327878             3.765057
      3.25       3.30         -2184.902480      -1371047.005966             4.086969
      3.25       3.25         -2184.901694      -1371046.512744             4.580192
      3.25       3.20         -2184.900932      -1371046.034581             5.058354
      3.25       3.15         -2184.900004      -1371045.452253             5.640683
      3.25       3.10         -2184.898582      -1371044.559934             6.533001
      3.25       3.05         -2184.897359      -1371043.792490             7.300445
      3.25       3.00         -2184.895513      -1371042.634108             8.458828
      3.25       2.95         -2184.894483      -1371041.987773             9.105162
      3.25       2.90         -2184.892495      -1371040.740284            10.352651
      3.25       2.85         -2184.896169      -1371043.045754             8.047181
      3.25       2.80         -2184.895255      -1371042.472210             8.620725
      3.25       2.75         -2184.893988      -1371041.677156             9.415780
      3.25       2.70         -2184.892532      -1371040.763502            10.329433
      3.25       2.65         -2184.890524      -1371039.503463            11.589472
      3.25       2.60         -2184.891488      -1371040.108382            10.984553
      3.25       2.55         -2184.889849      -1371039.079894            12.013041
      3.25       2.50         -2184.887788      -1371037.786597            13.306338
      3.25       2.45         -2184.885216      -1371036.172643            14.920293
      3.25       2.40         -2184.882600      -1371034.531078            16.561858
      3.25       2.35         -2184.879386      -1371032.514262            18.578673
      3.25       2.30         -2184.877157      -1371031.115544            19.977392
      3.25       2.25         -2184.873629      -1371028.901690            22.191245
      3.25       2.20         -2184.869921      -1371026.574885            24.518050
      3.25       2.15         -2184.865757      -1371023.961936            27.131000
      3.25       2.10         -2184.861407      -1371021.232269            29.860666
      3.25       2.05         -2184.856729      -1371018.296780            32.796155
      3.25       2.00         -2184.852090      -1371015.385764            35.707172
      3.25       1.95         -2184.847314      -1371012.388778            38.704157
      3.25       1.90         -2184.844404      -1371010.562726            40.530209
      3.25       1.85         -2184.840656      -1371008.210820            42.882115
      3.25       1.80         -2184.837247      -1371006.071641            45.021295
      3.25       1.75         -2184.834089      -1371004.089966            47.002970
      3.25       1.70         -2184.831444      -1371002.430203            48.662732
      3.25       1.65         -2184.858261      -1371019.258125            31.834811
      3.25       1.60         -2184.857574      -1371018.827026            32.265910
      3.25       1.55         -2184.855032      -1371017.231897            33.861039
      3.25       1.50         -2184.850868      -1371014.618947            36.473988
      3.20       3.95         -2184.905668      -1371049.006466             2.086469
      3.20       3.90         -2184.905680      -1371049.013996             2.078939
      3.20       3.85         -2184.905496      -1371048.898535             2.194401
      3.20       3.80         -2184.905320      -1371048.788093             2.304842
      3.20       3.75         -2184.904942      -1371048.550894             2.542041
      3.20       3.70         -2184.904599      -1371048.335659             2.757277
      3.20       3.65         -2184.904229      -1371048.103480             2.989455
      3.20       3.60         -2184.903874      -1371047.880714             3.212221
      3.20       3.55         -2184.903316      -1371047.530564             3.562371
      3.20       3.50         -2184.903700      -1371047.771528             3.321408
      3.20       3.45         -2184.903254      -1371047.491658             3.601277
      3.20       3.40         -2184.902617      -1371047.091935             4.001000
      3.20       3.35         -2184.901924      -1371046.657071             4.435864
      3.20       3.30         -2184.900840      -1371045.976851             5.116085
      3.20       3.25         -2184.900190      -1371045.568969             5.523966
      3.20       3.20         -2184.898880      -1371044.746932             6.346003
      3.20       3.15         -2184.898171      -1371044.302028             6.790908
      3.20       3.10         -2184.896666      -1371043.357626             7.735309
      3.20       3.05         -2184.899652      -1371045.231369             5.861566
      3.20       3.00         -2184.898978      -1371044.808428             6.284507
      3.20       2.95         -2184.898112      -1371044.265005             6.827931
      3.20       2.90         -2184.896955      -1371043.538976             7.553959
      3.20       2.85         -2184.895557      -1371042.661718             8.431217
      3.20       2.80         -2184.893984      -1371041.674646             9.418290
      3.20       2.75         -2184.892177      -1371040.540736            10.552199
      3.20       2.70         -2184.890254      -1371039.334035            11.758900
      3.20       2.65         -2184.888206      -1371038.048896            13.044039
      3.20       2.60         -2184.885578      -1371036.399801            14.693134
      3.20       2.55         -2184.888244      -1371038.072741            13.020194
      3.20       2.50         -2184.886478      -1371036.964559            14.128376
      3.20       2.45         -2184.883933      -1371035.367548            15.725387
      3.20       2.40         -2184.881339      -1371033.739788            17.353147
      3.20       2.35         -2184.878131      -1371031.726738            19.366197
      3.20       2.30         -2184.876413      -1371030.648677            20.444259
      3.20       2.25         -2184.873019      -1371028.518909            22.574026
      3.20       2.20         -2184.869220      -1371026.135001            24.957934
      3.20       2.15         -2184.865193      -1371023.608020            27.484915
      3.20       2.10         -2184.860756      -1371020.823761            30.269174
      3.20       2.05         -2184.856215      -1371017.974240            33.118695
      3.20       2.00         -2184.851682      -1371015.129740            35.963195
      3.20       1.95         -2184.846977      -1371012.177308            38.915628
      3.20       1.90         -2184.844179      -1371010.421536            40.671399
      3.20       1.85         -2184.840597      -1371008.173797            42.919138
      3.20       1.80         -2184.861361      -1371021.203404            29.889531
      3.20       1.75         -2184.860259      -1371020.511889            30.581047
      3.20       1.70         -2184.859443      -1371019.999841            31.093094
      3.20       1.65         -2184.858589      -1371019.463948            31.628988
      3.20       1.60         -2184.856875      -1371018.388397            32.704539
      3.20       1.55         -2184.854246      -1371016.738674            34.354261
      3.20       1.50         -2184.850345      -1371014.290760            36.802176
      3.15       3.95         -2184.904719      -1371048.410960             2.681975
      3.15       3.90         -2184.904706      -1371048.402802             2.690133
      3.15       3.85         -2184.904618      -1371048.347581             2.745354
      3.15       3.80         -2184.904313      -1371048.156191             2.936744
      3.15       3.75         -2184.904100      -1371048.022531             3.070404
      3.15       3.70         -2184.903827      -1371047.851221             3.241714
      3.15       3.65         -2184.903568      -1371047.688696             3.404239
      3.15       3.60         -2184.903393      -1371047.578882             3.514053
      3.15       3.55         -2184.902910      -1371047.275795             3.817140
      3.15       3.50         -2184.902390      -1371046.949490             4.143445
      3.15       3.45         -2184.901325      -1371046.281193             4.811743
      3.15       3.40         -2184.900964      -1371046.054662             5.038274
      3.15       3.35         -2184.902025      -1371046.720449             4.372486
      3.15       3.30         -2184.901642      -1371046.480113             4.612822
      3.15       3.25         -2184.900928      -1371046.032071             5.060864
      3.15       3.20         -2184.900137      -1371045.535711             5.557224
      3.15       3.15         -2184.898919      -1371044.771405             6.321530
      3.15       3.10         -2184.898040      -1371044.219824             6.873111
      3.15       3.05         -2184.897075      -1371043.614277             7.478658
      3.15       3.00         -2184.895595      -1371042.685563             8.407372
      3.15       2.95         -2184.897203      -1371043.694599             7.398337
      3.15       2.90         -2184.896445      -1371043.218946             7.873989
      3.15       2.85         -2184.895142      -1371042.401302             8.691634
      3.15       2.80         -2184.893665      -1371041.474470             9.618465
      3.15       2.75         -2184.891680      -1371040.228864            10.864072
      3.15       2.70         -2184.889902      -1371039.113152            11.979783
      3.15       2.65         -2184.887406      -1371037.546888            13.546047
      3.15       2.60         -2184.889938      -1371039.135742            11.957193
      3.15       2.55         -2184.888286      -1371038.099097            12.993839
      3.15       2.50         -2184.886110      -1371036.733636            14.359299
      3.15       2.45         -2184.883898      -1371035.345585            15.747350
      3.15       2.40         -2184.881285      -1371033.705903            17.387033
      3.15       2.35         -2184.878343      -1371031.859770            19.233165
      3.15       2.30         -2184.874903      -1371029.701137            21.391798
      3.15       2.25         -2184.871358      -1371027.476616            23.616319
      3.15       2.20         -2184.867265      -1371024.908220            26.184715
      3.15       2.15         -2184.864707      -1371023.303051            27.789885
      3.15       2.10         -2184.860594      -1371020.722104            30.370831
      3.15       2.05         -2184.856124      -1371017.917137            33.175798
      3.15       2.00         -2184.851615      -1371015.087697            36.005239
      3.15       1.95         -2184.846949      -1371012.159737            38.933198
      3.15       1.90         -2184.842594      -1371009.426934            41.666002
      3.15       1.85         -2184.838399      -1371006.794531            44.298404
      3.15       1.80         -2184.862392      -1371021.850366            29.242569
      3.15       1.75         -2184.861370      -1371021.209052            29.883884
      3.15       1.70         -2184.860842      -1371020.877727            30.215209
      3.15       1.65         -2184.860193      -1371020.470473            30.622462
      3.15       1.60         -2184.858677      -1371019.519169            31.573767
      3.15       1.55         -2184.856104      -1371017.904587            33.188349
      3.15       1.50         -2184.852091      -1371015.386391            35.706544
      3.10       3.95         -2184.903581      -1371047.696854             3.396081
      3.10       3.90         -2184.903541      -1371047.671754             3.421182
      3.10       3.85         -2184.903475      -1371047.630338             3.462597
      3.10       3.80         -2184.902994      -1371047.328506             3.764429
      3.10       3.75         -2184.902976      -1371047.317211             3.775725
      3.10       3.70         -2184.902816      -1371047.216809             3.876126
      3.10       3.65         -2184.902394      -1371046.952000             4.140935
      3.10       3.60         -2184.901981      -1371046.692839             4.400096
      3.10       3.55         -2184.902211      -1371046.837166             4.255769
      3.10       3.50         -2184.901884      -1371046.631970             4.460965
      3.10       3.45         -2184.901337      -1371046.288723             4.804213
      3.10       3.40         -2184.900840      -1371045.976851             5.116085
      3.10       3.35         -2184.900111      -1371045.519396             5.573539
      3.10       3.30         -2184.899469      -1371045.116535             5.976400
      3.10       3.25         -2184.898609      -1371044.576877             6.516058
      3.10       3.20         -2184.897927      -1371044.148915             6.944020
      3.10       3.15         -2184.896737      -1371043.402179             7.690756
      3.10       3.10         -2184.898294      -1371044.379211             6.713724
      3.10       3.05         -2184.897398      -1371043.816963             7.275972
      3.10       3.00         -2184.896544      -1371043.281070             7.811865
      3.10       2.95         -2184.895300      -1371042.500448             8.592487
      3.10       2.90         -2184.893553      -1371041.404189             9.688746
      3.10       2.85         -2184.895571      -1371042.670503             8.422432
      3.10       2.80         -2184.894683      -1371042.113275             8.979661
      3.10       2.75         -2184.893282      -1371041.234134             9.858801
      3.10       2.70         -2184.891997      -1371040.427784            10.665151
      3.10       2.65         -2184.890264      -1371039.340310            11.752625
      3.10       2.60         -2184.888384      -1371038.160593            12.932343
      3.10       2.55         -2184.886103      -1371036.729243            14.363692
      3.10       2.50         -2184.883786      -1371035.275304            15.817631
      3.10       2.45         -2184.882457      -1371034.441344            16.651591
      3.10       2.40         -2184.879958      -1371032.873198            18.219738
      3.10       2.35         -2184.876909      -1371030.959921            20.133014
      3.10       2.30         -2184.874759      -1371029.610776            21.482159
      3.10       2.25         -2184.871463      -1371027.542505            23.550431
      3.10       2.20         -2184.867559      -1371025.092708            26.000228
      3.10       2.15         -2184.863425      -1371022.498584            28.594352
      3.10       2.10         -2184.859186      -1371019.838571            31.254364
      3.10       2.05         -2184.854597      -1371016.958930            34.134005
      3.10       2.00         -2184.851272      -1371014.872461            36.220474
      3.10       1.95         -2184.847132      -1371012.274572            38.818364
      3.10       1.90         -2184.842803      -1371009.558083            41.534852
      3.10       1.85         -2184.864948      -1371023.454281            27.638655
      3.10       1.80         -2184.863642      -1371022.634753            28.458182
      3.10       1.75         -2184.863403      -1371022.484778            28.608157
      3.10       1.70         -2184.862707      -1371022.048032            29.044904
      3.10       1.65         -2184.861915      -1371021.551044            29.541891
      3.10       1.60         -2184.860603      -1371020.727752            30.365183
      3.10       1.55         -2184.865353      -1371023.708422            27.384513
      3.10       1.50         -2184.864729      -1371023.316856            27.776079
      3.05       3.95         -2184.902245      -1371046.858501             4.234434
      3.05       3.90         -2184.902271      -1371046.874817             4.218119
      3.05       3.85         -2184.902214      -1371046.839049             4.253887
      3.05       3.80         -2184.901987      -1371046.696604             4.396331
      3.05       3.75         -2184.901843      -1371046.606243             4.486693
      3.05       3.70         -2184.901754      -1371046.550394             4.542541
      3.05       3.65         -2184.901295      -1371046.262367             4.830568
      3.05       3.60         -2184.901094      -1371046.136238             4.956697
      3.05       3.55         -2184.900339      -1371045.662468             5.430467
      3.05       3.50         -2184.900154      -1371045.546379             5.546556
      3.05       3.45         -2184.899270      -1371044.991661             6.101275
      3.05       3.40         -2184.899194      -1371044.943970             6.148965
      3.05       3.35         -2184.898650      -1371044.602605             6.490330
      3.05       3.30         -2184.898054      -1371044.228609             6.864326
      3.05       3.25         -2184.896905      -1371043.507601             7.585335
      3.05       3.20         -2184.896397      -1371043.188826             7.904109
      3.05       3.15         -2184.895110      -1371042.381221             8.711714
      3.05       3.10         -2184.897844      -1371044.096832             6.996103
      3.05       3.05         -2184.897265      -1371043.733504             7.359431
      3.05       3.00         -2184.896386      -1371043.181923             7.911012
      3.05       2.95         -2184.895025      -1371042.327883             8.765052
      3.05       2.90         -2184.893888      -1371041.614405             9.478531
      3.05       2.85         -2184.892069      -1371040.472965            10.619970
      3.05       2.80         -2184.890545      -1371039.516641            11.576295
      3.05       2.75         -2184.888300      -1371038.107882            12.985054
      3.05       2.70         -2184.890944      -1371039.767017            11.325918
      3.05       2.65         -2184.889635      -1371038.945607            12.147328
      3.05       2.60         -2184.887743      -1371037.758359            13.334576
      3.05       2.55         -2184.885960      -1371036.639510            14.453426
      3.05       2.50         -2184.883443      -1371035.060068            16.032867
      3.05       2.45         -2184.881029      -1371033.545260            17.547675
      3.05       2.40         -2184.880003      -1371032.901436            18.191500
      3.05       2.35         -2184.877148      -1371031.109896            19.983039
      3.05       2.30         -2184.874035      -1371029.156459            21.936476
      3.05       2.25         -2184.870513      -1371026.946371            24.146565
      3.05       2.20         -2184.866697      -1371024.551795            26.541141
      3.05       2.15         -2184.862453      -1371021.888644            29.204291
      3.05       2.10         -2184.858167      -1371019.199139            31.893797
      3.05       2.05         -2184.853476      -1371016.255492            34.837443
      3.05       2.00         -2184.848623      -1371013.210188            37.882747
      3.05       1.95         -2184.844002      -1371010.310467            40.782468
      3.05       1.90         -2184.839407      -1371007.427061            43.665874
      3.05       1.85         -2184.865955      -1371024.086183            27.006753
      3.05       1.80         -2184.864866      -1371023.402825            27.690111
      3.05       1.75         -2184.864823      -1371023.375842            27.717093
      3.05       1.70         -2184.864406      -1371023.114170            27.978765
      3.05       1.65         -2184.863931      -1371022.816103            28.276832
      3.05       1.60         -2184.862605      -1371021.984026            29.108909
      3.05       1.55         -2184.860169      -1371020.455413            30.637523
      3.05       1.50         -2184.856403      -1371018.092212            33.000723
      3.00       3.95         -2184.900578      -1371045.812443             5.280492
      3.00       3.90         -2184.900633      -1371045.846956             5.245979
      3.00       3.85         -2184.900622      -1371045.840053             5.252882
      3.00       3.80         -2184.900252      -1371045.607875             5.485060
      3.00       3.75         -2184.900268      -1371045.617915             5.475020
      3.00       3.70         -2184.900121      -1371045.525671             5.567264
      3.00       3.65         -2184.899724      -1371045.276550             5.816385
      3.00       3.60         -2184.899428      -1371045.090807             6.002128
      3.00       3.55         -2184.900578      -1371045.812443             5.280492
      3.00       3.50         -2184.900451      -1371045.732749             5.360186
      3.00       3.45         -2184.900191      -1371045.569597             5.523338
      3.00       3.40         -2184.899631      -1371045.218192             5.874744
      3.00       3.35         -2184.899085      -1371044.875571             6.217364
      3.00       3.30         -2184.898427      -1371044.462670             6.630265
      3.00       3.25         -2184.897759      -1371044.043494             7.049441
      3.00       3.20         -2184.896687      -1371043.370804             7.722132
      3.00       3.15         -2184.895760      -1371042.789102             8.303833
      3.00       3.10         -2184.896306      -1371043.131723             7.961213
      3.00       3.05         -2184.895629      -1371042.706899             8.386037
      3.00       3.00         -2184.894567      -1371042.040484             9.052452
      3.00       2.95         -2184.892997      -1371041.055294            10.037642
      3.00       2.90         -2184.891704      -1371040.243924            10.849011
      3.00       2.85         -2184.893246      -1371041.211544             9.881392
      3.00       2.80         -2184.892369      -1371040.661218            10.431717
      3.00       2.75         -2184.891073      -1371039.847966            11.244970
      3.00       2.70         -2184.889301      -1371038.736019            12.356917
      3.00       2.65         -2184.887621      -1371037.681803            13.411132
      3.00       2.60         -2184.885297      -1371036.223471            14.869464
      3.00       2.55         -2184.883192      -1371034.902563            16.190372
      3.00       2.50         -2184.883580      -1371035.146037            15.946898
      3.00       2.45         -2184.881204      -1371033.655075            17.437861
      3.00       2.40         -2184.878754      -1371032.117676            18.975259
      3.00       2.35         -2184.875844      -1371030.291624            20.801312
      3.00       2.30         -2184.872465      -1371028.171269            22.921666
      3.00       2.25         -2184.868929      -1371025.952396            25.140540
      3.00       2.20         -2184.864888      -1371023.416630            27.676305
      3.00       2.15         -2184.860683      -1371020.777953            30.314983
      3.00       2.10         -2184.856307      -1371018.031971            33.060964
      3.00       2.05         -2184.851508      -1371015.020553            36.072382
      3.00       2.00         -2184.848293      -1371013.003110            38.089825
      3.00       1.95         -2184.843631      -1371010.077661            41.015274
      3.00       1.90         -2184.839104      -1371007.236926            43.856010
      3.00       1.85         -2184.866336      -1371024.325264            26.767672
      3.00       1.80         -2184.865343      -1371023.702147            27.390789
      3.00       1.75         -2184.865072      -1371023.532092            27.560844
      3.00       1.70         -2184.865238      -1371023.636258            27.456677
      3.00       1.65         -2184.864697      -1371023.296776            27.796160
      3.00       1.60         -2184.871451      -1371027.534975            23.557961
      3.00       1.55         -2184.869947      -1371026.591200            24.501735
      3.00       1.50         -2184.867054      -1371024.775815            26.317120
      2.95       3.95         -2184.898856      -1371044.731872             6.361064
      2.95       3.90         -2184.898757      -1371044.669748             6.423187
      2.95       3.85         -2184.898758      -1371044.670376             6.422559
      2.95       3.80         -2184.898757      -1371044.669748             6.423187
      2.95       3.75         -2184.898314      -1371044.391762             6.701174
      2.95       3.70         -2184.898256      -1371044.355366             6.737569
      2.95       3.65         -2184.898112      -1371044.265005             6.827931
      2.95       3.60         -2184.897526      -1371043.897284             7.195651
      2.95       3.55         -2184.897386      -1371043.809433             7.283502
      2.95       3.50         -2184.899089      -1371044.878081             6.214854
      2.95       3.45         -2184.899120      -1371044.897534             6.195401
      2.95       3.40         -2184.898756      -1371044.669121             6.423814
      2.95       3.35         -2184.898321      -1371044.396154             6.696781
      2.95       3.30         -2184.897778      -1371044.055417             7.037519
      2.95       3.25         -2184.897033      -1371043.587922             7.505013
      2.95       3.20         -2184.896339      -1371043.152430             7.940505
      2.95       3.15         -2184.896989      -1371043.560312             7.532624
      2.95       3.10         -2184.896626      -1371043.332526             7.760410
      2.95       3.05         -2184.895842      -1371042.840558             8.252377
      2.95       3.00         -2184.894777      -1371042.172261             8.920675
      2.95       2.95         -2184.893549      -1371041.401679             9.691256
      2.95       2.90         -2184.891882      -1371040.355621            10.737315
      2.95       2.85         -2184.892260      -1371040.592819            10.500116
      2.95       2.80         -2184.891156      -1371039.900049            11.192886
      2.95       2.75         -2184.889518      -1371038.872188            12.220747
      2.95       2.70         -2184.887655      -1371037.703138            13.389797
      2.95       2.65         -2184.887666      -1371037.710041            13.382895
      2.95       2.60         -2184.886198      -1371036.788857            14.304078
      2.95       2.55         -2184.884225      -1371035.550781            15.542155
      2.95       2.50         -2184.881925      -1371034.107509            16.985426
      2.95       2.45         -2184.879083      -1371032.324127            18.768808
      2.95       2.40         -2184.876308      -1371030.582788            20.510147
      2.95       2.35         -2184.872931      -1371028.463689            22.629247
      2.95       2.30         -2184.871844      -1371027.781586            23.311349
      2.95       2.25         -2184.868328      -1371025.575263            25.517673
      2.95       2.20         -2184.864623      -1371023.250340            27.842595
      2.95       2.15         -2184.860600      -1371020.725869            30.367066
      2.95       2.10         -2184.856168      -1371017.944747            33.148188
      2.95       2.05         -2184.851544      -1371015.043144            36.049792
      2.95       2.00         -2184.846781      -1371012.054316            39.038619
      2.95       1.95         -2184.841832      -1371008.948772            42.144164
      2.95       1.90         -2184.836804      -1371005.793654            45.299281
      2.95       1.85         -2184.832016      -1371002.789139            48.303797
      2.95       1.80         -2184.827946      -1371000.235175            50.857760
      2.95       1.75         -2184.829061      -1371000.934848            50.158087
      2.95       1.70         -2184.827554      -1370999.989191            51.103744
      2.95       1.65         -2184.826061      -1370999.052320            52.040616
      2.95       1.60         -2184.824665      -1370998.176316            52.916619
      2.95       1.55         -2184.837430      -1371006.186475            44.906460
      2.95       1.50         -2184.836101      -1371005.352515            45.740421
      2.90       3.95         -2184.896594      -1371043.312445             7.780490
      2.90       3.90         -2184.896730      -1371043.397787             7.695149
      2.90       3.85         -2184.896667      -1371043.358254             7.734682
      2.90       3.80         -2184.896577      -1371043.301778             7.791158
      2.90       3.75         -2184.896662      -1371043.355116             7.737819
      2.90       3.70         -2184.896405      -1371043.193846             7.899089
      2.90       3.65         -2184.896230      -1371043.084032             8.008903
      2.90       3.60         -2184.896354      -1371043.161843             7.931092
      2.90       3.55         -2184.895916      -1371042.886994             8.205941
      2.90       3.50         -2184.898976      -1371044.807173             6.285762
      2.90       3.45         -2184.898990      -1371044.815958             6.276977
      2.90       3.40         -2184.898779      -1371044.683554             6.409382
      2.90       3.35         -2184.898582      -1371044.559934             6.533001
      2.90       3.30         -2184.898072      -1371044.239904             6.853031
      2.90       3.25         -2184.897638      -1371043.967565             7.125370
      2.90       3.20         -2184.896684      -1371043.368921             7.724014
      2.90       3.15         -2184.896006      -1371042.943470             8.149466
      2.90       3.10         -2184.895192      -1371042.432677             8.660258
      2.90       3.05         -2184.894027      -1371041.701629             9.391307
      2.90       3.00         -2184.892770      -1371040.912849            10.180086
      2.90       2.95         -2184.890965      -1371039.780195            11.312741
      2.90       2.90         -2184.889745      -1371039.014633            12.078302
      2.90       2.85         -2184.887676      -1371037.716316            13.376619
      2.90       2.80         -2184.889637      -1371038.946862            12.146073
      2.90       2.75         -2184.888272      -1371038.090311            13.002624
      2.90       2.70         -2184.886474      -1371036.962049            14.130886
      2.90       2.65         -2184.887252      -1371037.450252            13.642683
      2.90       2.60         -2184.885744      -1371036.503968            14.588968
      2.90       2.55         -2184.883806      -1371035.287854            15.805081
      2.90       2.50         -2184.881383      -1371033.767399            17.325537
      2.90       2.45         -2184.879024      -1371032.287104            18.805831
      2.90       2.40         -2184.876338      -1371030.601613            20.491322
      2.90       2.35         -2184.873100      -1371028.569738            22.523198
      2.90       2.30         -2184.869922      -1371026.575513            24.517423
      2.90       2.25         -2184.866152      -1371024.209802            26.883133
      2.90       2.20         -2184.865081      -1371023.537739            27.555196
      2.90       2.15         -2184.861314      -1371021.173911            29.919024
      2.90       2.10         -2184.866522      -1371024.441980            26.650955
      2.90       2.05         -2184.862942      -1371022.195497            28.897439
      2.90       2.00         -2184.859503      -1371020.037491            31.055444
      2.90       1.95         -2184.856145      -1371017.930315            33.162621
      2.90       1.90         -2184.853348      -1371016.175171            34.917765
      2.90       1.85         -2184.850646      -1371014.479640            36.613295
      2.90       1.80         -2184.848438      -1371013.094099            37.998836
      2.90       1.75         -2184.847121      -1371012.267669            38.825266
      2.90       1.70         -2184.845483      -1371011.239809            39.853127
      2.90       1.65         -2184.843628      -1371010.075779            41.017157
      2.90       1.60         -2184.847723      -1371012.645430            38.447505
      2.90       1.55         -2184.845126      -1371011.015788            40.077148
      2.90       1.50         -2184.840814      -1371008.309967            42.782968
      2.85       3.95         -2184.894214      -1371041.818973             9.273963
      2.85       3.90         -2184.894418      -1371041.946985             9.145951
      2.85       3.85         -2184.894566      -1371042.039856             9.053079
      2.85       3.80         -2184.894538      -1371042.022286             9.070649
      2.85       3.75         -2184.894488      -1371041.990910             9.102025
      2.85       3.70         -2184.894351      -1371041.904942             9.187994
      2.85       3.65         -2184.894769      -1371042.167241             8.925695
      2.85       3.60         -2184.894715      -1371042.133355             8.959580
      2.85       3.55         -2184.894483      -1371041.987773             9.105162
      2.85       3.50         -2184.896721      -1371043.392139             7.700796
      2.85       3.45         -2184.896794      -1371043.437947             7.654988
      2.85       3.40         -2184.896590      -1371043.309935             7.783000
      2.85       3.35         -2184.896251      -1371043.097210             7.995726
      2.85       3.30         -2184.895725      -1371042.767140             8.325796
      2.85       3.25         -2184.895126      -1371042.391261             8.701674
      2.85       3.20         -2184.894383      -1371041.925022             9.167913
      2.85       3.15         -2184.893488      -1371041.363401             9.729534
      2.85       3.10         -2184.892506      -1371040.747187            10.345749
      2.85       3.05         -2184.891054      -1371039.836043            11.256892
      2.85       3.00         -2184.890064      -1371039.214808            11.878127
      2.85       2.95         -2184.888272      -1371038.090311            13.002624
      2.85       2.90         -2184.890920      -1371039.751957            11.340979
      2.85       2.85         -2184.889972      -1371039.157078            11.935858
      2.85       2.80         -2184.888641      -1371038.321862            12.771073
      2.85       2.75         -2184.887035      -1371037.314082            13.778853
      2.85       2.70         -2184.885230      -1371036.181428            14.911508
      2.85       2.65         -2184.882902      -1371034.720586            16.372350
      2.85       2.60         -2184.894126      -1371041.763752             9.329183
      2.85       2.55         -2184.892377      -1371040.666238            10.426697
      2.85       2.50         -2184.890152      -1371039.270029            11.822906
      2.85       2.45         -2184.887976      -1371037.904569            13.188367
      2.85       2.40         -2184.885324      -1371036.240414            14.852522
      2.85       2.35         -2184.882720      -1371034.606379            16.486556
      2.85       2.30         -2184.879652      -1371032.681180            18.411755
      2.85       2.25         -2184.876472      -1371030.685700            20.407236
      2.85       2.20         -2184.873266      -1371028.673904            22.419031
      2.85       2.15         -2184.869669      -1371026.416753            24.676183
      2.85       2.10         -2184.866190      -1371024.233647            26.859288
      2.85       2.05         -2184.862560      -1371021.955788            29.137147
      2.85       2.00         -2184.859170      -1371019.828531            31.264405
      2.85       1.95         -2184.855827      -1371017.730767            33.362169
      2.85       1.90         -2184.853143      -1371016.046531            35.046404
      2.85       1.85         -2184.850473      -1371014.371081            36.721854
      2.85       1.80         -2184.849099      -1371013.508883            37.584052
      2.85       1.75         -2184.847522      -1371012.519300            38.573635
      2.85       1.70         -2184.846027      -1371011.581174            39.511762
      2.85       1.65         -2184.844753      -1371010.781727            40.311209
      2.85       1.60         -2184.842553      -1371009.401206            41.691729
      2.85       1.55         -2184.839217      -1371007.307834            43.785101
      2.85       1.50         -2184.834444      -1371004.312732            46.780204
      2.80       3.95         -2184.893813      -1371041.567341             9.525594
      2.80       3.90         -2184.894129      -1371041.765634             9.327301
      2.80       3.85         -2184.894278      -1371041.859133             9.233802
      2.80       3.80         -2184.894250      -1371041.841563             9.251372
      2.80       3.75         -2184.894388      -1371041.928159             9.164776
      2.80       3.70         -2184.894019      -1371041.696608             9.396327
      2.80       3.65         -2184.894074      -1371041.731121             9.361814
      2.80       3.60         -2184.893548      -1371041.401051             9.691884
      2.80       3.55         -2184.893720      -1371041.508983             9.583952
      2.80       3.50         -2184.895700      -1371042.751452             8.341483
      2.80       3.45         -2184.895669      -1371042.731999             8.360936
      2.80       3.40         -2184.895220      -1371042.450247             8.642688
      2.80       3.35         -2184.894753      -1371042.157200             8.935735
      2.80       3.30         -2184.893818      -1371041.570479             9.522456
      2.80       3.25         -2184.893276      -1371041.230369             9.862566
      2.80       3.20         -2184.894289      -1371041.866036             9.226899
      2.80       3.15         -2184.894002      -1371041.685941             9.406995
      2.80       3.10         -2184.893313      -1371041.253587             9.839349
      2.80       3.05         -2184.892109      -1371040.498065            10.594870
      2.80       3.00         -2184.891130      -1371039.883734            11.209202
      2.80       2.95         -2184.889849      -1371039.079894            12.013041
      2.80       2.90         -2184.888614      -1371038.304920            12.788016
      2.80       2.85         -2184.886814      -1371037.175403            13.917533
      2.80       2.80         -2184.888294      -1371038.104117            12.988819
      2.80       2.75         -2184.887201      -1371037.418249            13.674686
      2.80       2.70         -2184.885685      -1371036.466944            14.625991
      2.80       2.65         -2184.883851      -1371035.316092            15.776843
      2.80       2.60         -2184.881809      -1371034.034718            17.058218
      2.80       2.55         -2184.879205      -1371032.400683            18.692252
      2.80       2.50         -2184.876737      -1371030.851990            20.240946
      2.80       2.45         -2184.883876      -1371035.331780            15.761155
      2.80       2.40         -2184.881586      -1371033.894783            17.198152
      2.80       2.35         -2184.879308      -1371032.465317            18.627619
      2.80       2.30         -2184.876380      -1371030.627969            20.464966
      2.80       2.25         -2184.873546      -1371028.849607            22.243328
      2.80       2.20         -2184.870192      -1371026.744940            24.347995
      2.80       2.15         -2184.866942      -1371024.705534            26.387401
      2.80       2.10         -2184.863364      -1371022.460306            28.632630
      2.80       2.05         -2184.860984      -1371020.966833            30.126102
      2.80       2.00         -2184.857618      -1371018.854636            32.238299
      2.80       1.95         -2184.854983      -1371017.201149            33.891787
      2.80       1.90         -2184.852143      -1371015.419022            35.673914
      2.80       1.85         -2184.849727      -1371013.902959            37.189976
      2.80       1.80         -2184.848244      -1371012.972362            38.120573
      2.80       1.75         -2184.846724      -1371012.018548            39.074387
      2.80       1.70         -2184.845120      -1371011.012023            40.080913
      2.80       1.65         -2184.844173      -1371010.417771            40.675164
      2.80       1.60         -2184.842154      -1371009.150830            41.942106
      2.80       1.55         -2184.840372      -1371008.032608            43.060328
      2.80       1.50         -2184.835822      -1371005.177440            45.915496
      2.75       3.95         -2184.893783      -1371041.548516             9.544419
      2.75       3.90         -2184.894105      -1371041.750574             9.342361
      2.75       3.85         -2184.894329      -1371041.891136             9.201799
      2.75       3.80         -2184.894440      -1371041.960790             9.132145
      2.75       3.75         -2184.894504      -1371042.000951             9.091985
      2.75       3.70         -2184.894725      -1371042.139630             8.953305
      2.75       3.65         -2184.894402      -1371041.936945             9.155991
      2.75       3.60         -2184.894381      -1371041.923767             9.169168
      2.75       3.55         -2184.893784      -1371041.549144             9.543792
      2.75       3.50         -2184.893762      -1371041.535339             9.557597
      2.75       3.45         -2184.893216      -1371041.192718             9.900217
      2.75       3.40         -2184.892703      -1371040.870806            10.222129
      2.75       3.35         -2184.894213      -1371041.818345             9.274590
      2.75       3.30         -2184.894063      -1371041.724219             9.368716
      2.75       3.25         -2184.893455      -1371041.342693             9.750242
      2.75       3.20         -2184.892801      -1371040.932302            10.160633
      2.75       3.15         -2184.892030      -1371040.448492            10.644443
      2.75       3.10         -2184.890981      -1371039.790235            11.302701
      2.75       3.05         -2184.889985      -1371039.165235            11.927700
      2.75       3.00         -2184.890758      -1371039.650300            11.442635
      2.75       2.95         -2184.890035      -1371039.196611            11.896325
      2.75       2.90         -2184.888831      -1371038.441089            12.651846
      2.75       2.85         -2184.887389      -1371037.536221            13.556715
      2.75       2.80         -2184.885796      -1371036.536598            14.556337
      2.75       2.75         -2184.895470      -1371042.607125             8.485811
      2.75       2.70         -2184.894732      -1371042.144023             8.948913
      2.75       2.65         -2184.893183      -1371041.172011             9.920925
      2.75       2.60         -2184.891745      -1371040.269652            10.823283
      2.75       2.55         -2184.889774      -1371039.032831            12.060105
      2.75       2.50         -2184.887968      -1371037.899549            13.193387
      2.75       2.45         -2184.885595      -1371036.410469            14.682467
      2.75       2.40         -2184.883300      -1371034.970334            16.122601
      2.75       2.35         -2184.880509      -1371033.218955            17.873980
      2.75       2.30         -2184.877673      -1371031.439339            19.653597
      2.75       2.25         -2184.874992      -1371029.756986            21.335950
      2.75       2.20         -2184.871667      -1371027.670517            23.422419
      2.75       2.15         -2184.868305      -1371025.560830            25.532105
      2.75       2.10         -2184.864679      -1371023.285480            27.807455
      2.75       2.05         -2184.861431      -1371021.247330            29.845606
      2.75       2.00         -2184.858024      -1371019.109405            31.983530
      2.75       1.95         -2184.855174      -1371017.321003            33.771932
      2.75       1.90         -2184.852374      -1371015.563976            35.528959
      2.75       1.85         -2184.850373      -1371014.308330            36.784605
      2.75       1.80         -2184.848475      -1371013.117317            37.975618
      2.75       1.75         -2184.848296      -1371013.004993            38.087943
      2.75       1.70         -2184.847172      -1371012.299672            38.793263
      2.75       1.65         -2184.845764      -1371011.416139            39.676797
      2.75       1.60         -2184.843598      -1371010.056953            41.035982
      2.75       1.55         -2184.840362      -1371008.026333            43.066603
      2.75       1.50         -2184.835873      -1371005.209443            45.883493
      2.70       3.95         -2184.885380      -1371036.275554            14.817381
      2.70       3.90         -2184.885666      -1371036.455022            14.637913
      2.70       3.85         -2184.885734      -1371036.497692            14.595243
      2.70       3.80         -2184.885953      -1371036.635117            14.457818
      2.70       3.75         -2184.885679      -1371036.463179            14.629756
      2.70       3.70         -2184.893241      -1371041.208406             9.884529
      2.70       3.65         -2184.893360      -1371041.283080             9.809856
      2.70       3.60         -2184.893323      -1371041.259862             9.833073
      2.70       3.55         -2184.893240      -1371041.207779             9.885157
      2.70       3.50         -2184.892759      -1371040.905946            10.186989
      2.70       3.45         -2184.892603      -1371040.808055            10.284880
      2.70       3.40         -2184.892153      -1371040.525676            10.567260
      2.70       3.35         -2184.892819      -1371040.943597            10.149338
      2.70       3.30         -2184.892396      -1371040.678161            10.414775
      2.70       3.25         -2184.891929      -1371040.385114            10.707822
      2.70       3.20         -2184.891172      -1371039.910089            11.182846
      2.70       3.15         -2184.890417      -1371039.436319            11.656616
      2.70       3.10         -2184.889166      -1371038.651305            12.441630
      2.70       3.05         -2184.888516      -1371038.243424            12.849511
      2.70       3.00         -2184.887149      -1371037.385618            13.707317
      2.70       2.95         -2184.888290      -1371038.101607            12.991329
      2.70       2.90         -2184.887381      -1371037.531201            13.561735
      2.70       2.85         -2184.886029      -1371036.682808            14.410128
      2.70       2.80         -2184.884509      -1371035.728993            15.363942
      2.70       2.75         -2184.882760      -1371034.631479            16.461456
      2.70       2.70         -2184.880449      -1371033.181305            17.911630
      2.70       2.65         -2184.878355      -1371031.867300            19.225635
      2.70       2.60         -2184.888605      -1371038.299272            12.793663
      2.70       2.55         -2184.887908      -1371037.861898            13.231037
      2.70       2.50         -2184.885929      -1371036.620057            14.472879
      2.70       2.45         -2184.883509      -1371035.101484            15.991451
      2.70       2.40         -2184.881233      -1371033.673272            17.419663
      2.70       2.35         -2184.878679      -1371032.070613            19.022322
      2.70       2.30         -2184.875732      -1371030.221343            20.871593
      2.70       2.25         -2184.872711      -1371028.325637            22.767299
      2.70       2.20         -2184.869328      -1371026.202772            24.890163
      2.70       2.15         -2184.866145      -1371024.205409            26.887526
      2.70       2.10         -2184.862616      -1371021.990928            29.102007
      2.70       2.05         -2184.859381      -1371019.960935            31.132000
      2.70       2.00         -2184.856061      -1371017.877604            33.215331
      2.70       1.95         -2184.852870      -1371015.875221            35.217714
      2.70       1.90         -2184.850298      -1371014.261267            36.831669
      2.70       1.85         -2184.850259      -1371014.236794            36.856141
      2.70       1.80         -2184.848820      -1371013.333808            37.759128
      2.70       1.75         -2184.847872      -1371012.738929            38.354007
      2.70       1.70         -2184.846666      -1371011.982152            39.110783
      2.70       1.65         -2184.845297      -1371011.123092            39.969843
      2.70       1.60         -2184.843475      -1371009.979770            41.113166
      2.70       1.55         -2184.840245      -1371007.952914            43.140021
      2.70       1.50         -2184.835385      -1371004.903218            46.189717
      2.65       3.95         -2184.887359      -1371037.517395            13.575540
      2.65       3.90         -2184.887797      -1371037.792244            13.300691
      2.65       3.85         -2184.890507      -1371039.492795            11.600140
      2.65       3.80         -2184.890766      -1371039.655320            11.437615
      2.65       3.75         -2184.890858      -1371039.713051            11.379884
      2.65       3.70         -2184.890686      -1371039.605119            11.487816
      2.65       3.65         -2184.890670      -1371039.595079            11.497856
      2.65       3.60         -2184.890364      -1371039.403061            11.689874
      2.65       3.55         -2184.890088      -1371039.229869            11.863067
      2.65       3.50         -2184.889362      -1371038.774297            12.318638
      2.65       3.45         -2184.889264      -1371038.712801            12.380134
      2.65       3.40         -2184.890660      -1371039.588804            11.504131
      2.65       3.35         -2184.890424      -1371039.440712            11.652223
      2.65       3.30         -2184.889996      -1371039.172138            11.920797
      2.65       3.25         -2184.889414      -1371038.806927            12.286008
      2.65       3.20         -2184.888802      -1371038.422892            12.670044
      2.65       3.15         -2184.888238      -1371038.068976            13.023959
      2.65       3.10         -2184.887246      -1371037.446487            13.646449
      2.65       3.05         -2184.886174      -1371036.773797            14.319139
      2.65       3.00         -2184.885243      -1371036.189585            14.903350
      2.65       2.95         -2184.883754      -1371035.255224            15.837712
      2.65       2.90         -2184.885815      -1371036.548521            14.544415
      2.65       2.85         -2184.885175      -1371036.146915            14.946021
      2.65       2.80         -2184.883935      -1371035.368803            15.724132
      2.65       2.75         -2184.882472      -1371034.450757            16.642179
      2.65       2.70         -2184.880812      -1371033.409091            17.683844
      2.65       2.65         -2184.878663      -1371032.060573            19.032362
      2.65       2.60         -2184.876659      -1371030.803044            20.289891
      2.65       2.55         -2184.874097      -1371029.195365            21.897571
      2.65       2.50         -2184.883407      -1371035.037478            16.055457
      2.65       2.45         -2184.881415      -1371033.787479            17.305456
      2.65       2.40         -2184.878863      -1371032.186075            18.906860
      2.65       2.35         -2184.876578      -1371030.752216            20.340720
      2.65       2.30         -2184.873710      -1371028.952519            22.140417
      2.65       2.25         -2184.870943      -1371027.216200            23.876735
      2.65       2.20         -2184.867710      -1371025.187462            25.905474
      2.65       2.15         -2184.864310      -1371023.053929            28.039006
      2.65       2.10         -2184.861026      -1371020.993188            30.099747
      2.65       2.05         -2184.857572      -1371018.825771            32.267165
      2.65       2.00         -2184.854103      -1371016.648940            34.443995
      2.65       1.95         -2184.853982      -1371016.573012            34.519924
      2.65       1.90         -2184.851681      -1371015.129112            35.963823
      2.65       1.85         -2184.849737      -1371013.909234            37.183701
      2.65       1.80         -2184.848572      -1371013.178185            37.914750
      2.65       1.75         -2184.847308      -1371012.385013            38.707922
      2.65       1.70         -2184.846597      -1371011.938854            39.154081
      2.65       1.65         -2184.845234      -1371011.083559            40.009377
      2.65       1.60         -2184.843197      -1371009.805322            41.287613
      2.65       1.55         -2184.840456      -1371008.085318            43.007617
      2.65       1.50         -2184.835695      -1371005.097746            45.995189
      2.60       3.95         -2184.887841      -1371037.819855            13.273080
      2.60       3.90         -2184.888151      -1371038.014383            13.078552
      2.60       3.85         -2184.888201      -1371038.045758            13.047177
      2.60       3.80         -2184.888204      -1371038.047641            13.045294
      2.60       3.75         -2184.888319      -1371038.119804            12.973131
      2.60       3.70         -2184.888229      -1371038.063329            13.029607
      2.60       3.65         -2184.887733      -1371037.752084            13.340851
      2.60       3.60         -2184.887762      -1371037.770282            13.322654
      2.60       3.55         -2184.887705      -1371037.734514            13.358422
      2.60       3.50         -2184.887249      -1371037.448369            13.644566
      2.60       3.45         -2184.887172      -1371037.400051            13.692884
      2.60       3.40         -2184.888506      -1371038.237149            12.855787
      2.60       3.35         -2184.888311      -1371038.114784            12.978151
      2.60       3.30         -2184.887945      -1371037.885116            13.207819
      2.60       3.25         -2184.887424      -1371037.558183            13.534752
      2.60       3.20         -2184.886720      -1371037.116417            13.976519
      2.60       3.15         -2184.886009      -1371036.670258            14.422678
      2.60       3.10         -2184.884805      -1371035.914736            15.178199
      2.60       3.05         -2184.883967      -1371035.388883            15.704052
      2.60       3.00         -2184.882514      -1371034.477112            16.615823
      2.60       2.95         -2184.892182      -1371040.543874            10.549062
      2.60       2.90         -2184.891832      -1371040.324245            10.768690
      2.60       2.85         -2184.890937      -1371039.762624            11.330311
      2.60       2.80         -2184.890920      -1371039.751957            11.340979
      2.60       2.75         -2184.890143      -1371039.264382            11.828554
      2.60       2.70         -2184.888767      -1371038.400929            12.692007
      2.60       2.65         -2184.887584      -1371037.658585            13.434350
      2.60       2.60         -2184.885836      -1371036.561698            14.531237
      2.60       2.55         -2184.884284      -1371035.587804            15.505132
      2.60       2.50         -2184.882509      -1371034.473974            16.618961
      2.60       2.45         -2184.880282      -1371033.076511            18.016425
      2.60       2.40         -2184.877973      -1371031.627591            19.465344
      2.60       2.35         -2184.875229      -1371029.905705            21.187230
      2.60       2.30         -2184.872669      -1371028.299281            22.793654
      2.60       2.25         -2184.869616      -1371026.383495            24.709441
      2.60       2.20         -2184.866843      -1371024.643411            26.449524
      2.60       2.15         -2184.863594      -1371022.604633            28.488303
      2.60       2.10         -2184.860284      -1371020.527576            30.565359
      2.60       2.05         -2184.856840      -1371018.366434            32.726502
      2.60       2.00         -2184.853966      -1371016.562971            34.529964
      2.60       1.95         -2184.851013      -1371014.709936            36.382999
      2.60       1.90         -2184.849408      -1371013.702783            37.390152
      2.60       1.85         -2184.847543      -1371012.532478            38.560457
      2.60       1.80         -2184.846105      -1371011.630119            39.462816
      2.60       1.75         -2184.845281      -1371011.113052            39.979884
      2.60       1.70         -2184.844211      -1371010.441617            40.651319
      2.60       1.65         -2184.842896      -1371009.616442            41.476494
      2.60       1.60         -2184.841366      -1371008.656352            42.436583
      2.60       1.55         -2184.838317      -1371006.743076            44.349860
      2.60       1.50         -2184.834230      -1371004.178444            46.914491
      2.55       3.95         -2184.884940      -1371035.999450            15.093485
      2.55       3.90         -2184.885220      -1371036.175153            14.917783
      2.55       3.85         -2184.885345      -1371036.253591            14.839344
      2.55       3.80         -2184.885499      -1371036.350228            14.742708
      2.55       3.75         -2184.885246      -1371036.191468            14.901467
      2.55       3.70         -2184.885377      -1371036.273672            14.819264
      2.55       3.65         -2184.885176      -1371036.147542            14.945393
      2.55       3.60         -2184.885081      -1371036.087929            15.005007
      2.55       3.55         -2184.884506      -1371035.727111            15.365824
      2.55       3.50         -2184.884465      -1371035.701383            15.391552
      2.55       3.45         -2184.883785      -1371035.274676            15.818259
      2.55       3.40         -2184.883826      -1371035.300404            15.792531
      2.55       3.35         -2184.885226      -1371036.178918            14.914018
      2.55       3.30         -2184.885059      -1371036.074124            15.018812
      2.55       3.25         -2184.884638      -1371035.809942            15.282993
      2.55       3.20         -2184.884104      -1371035.474852            15.618083
      2.55       3.15         -2184.883215      -1371034.916996            16.175939
      2.55       3.10         -2184.882399      -1371034.404948            16.687987
      2.55       3.05         -2184.881072      -1371033.572243            17.520692
      2.55       3.00         -2184.880278      -1371033.074001            18.018935
      2.55       2.95         -2184.878709      -1371032.089438            19.003497
      2.55       2.90         -2184.881031      -1371033.546515            17.546420
      2.55       2.85         -2184.880472      -1371033.195738            17.897198
      2.55       2.80         -2184.879094      -1371032.331030            18.761906
      2.55       2.75         -2184.886850      -1371037.197993            13.894942
      2.55       2.70         -2184.885730      -1371036.495182            14.597753
      2.55       2.65         -2184.884565      -1371035.764134            15.328801
      2.55       2.60         -2184.882888      -1371034.711800            16.381135
      2.55       2.55         -2184.881347      -1371033.744808            17.348127
      2.55       2.50         -2184.879258      -1371032.433941            18.658994
      2.55       2.45         -2184.877376      -1371031.252968            19.839967
      2.55       2.40         -2184.874952      -1371029.731885            21.361050
      2.55       2.35         -2184.872595      -1371028.252845            22.840090
      2.55       2.30         -2184.869791      -1371026.493309            24.599626
      2.55       2.25         -2184.866871      -1371024.660981            26.431954
      2.55       2.20         -2184.863962      -1371022.835556            28.257379
      2.55       2.15         -2184.860670      -1371020.769795            30.323140
      2.55       2.10         -2184.857542      -1371018.806945            32.285990
      2.55       2.05         -2184.854239      -1371016.734282            34.358654
      2.55       2.00         -2184.852706      -1371015.772310            35.320626
      2.55       1.95         -2184.850247      -1371014.229264            36.863672
      2.55       1.90         -2184.847935      -1371012.778462            38.314473
      2.55       1.85         -2184.846185      -1371011.680320            39.412615
      2.55       1.80         -2184.845109      -1371011.005120            40.087815
      2.55       1.75         -2184.844077      -1371010.357530            40.735405
      2.55       1.70         -2184.843857      -1371010.219478            40.873457
      2.55       1.65         -2184.842810      -1371009.562476            41.530460
      2.55       1.60         -2184.841049      -1371008.457432            42.635504
      2.55       1.55         -2184.837928      -1371006.498975            44.593961
      2.55       1.50         -2184.833801      -1371003.909243            47.183692
      2.50       3.95         -2184.881459      -1371033.815089            17.277846
      2.50       3.90         -2184.881799      -1371034.028443            17.064493
      2.50       3.85         -2184.881750      -1371033.997695            17.095241
      2.50       3.80         -2184.882051      -1371034.186575            16.906360
      2.50       3.75         -2184.881804      -1371034.031580            17.061355
      2.50       3.70         -2184.881972      -1371034.137002            16.955933
      2.50       3.65         -2184.882066      -1371034.195988            16.896948
      2.50       3.60         -2184.881700      -1371033.966319            17.126616
      2.50       3.55         -2184.881827      -1371034.046013            17.046922
      2.50       3.50         -2184.881544      -1371033.868428            17.224508
      2.50       3.45         -2184.881241      -1371033.678292            17.414643
      2.50       3.40         -2184.880496      -1371033.210798            17.882137
      2.50       3.35         -2184.881930      -1371034.110646            16.982289
      2.50       3.30         -2184.881815      -1371034.038483            17.054452
      2.50       3.25         -2184.881294      -1371033.711550            17.381385
      2.50       3.20         -2184.880772      -1371033.383990            17.708945
      2.50       3.15         -2184.879821      -1371032.787229            18.305706
      2.50       3.10         -2184.881849      -1371034.059818            17.033117
      2.50       3.05         -2184.881624      -1371033.918629            17.174307
      2.50       3.00         -2184.881036      -1371033.549653            17.543282
      2.50       2.95         -2184.880200      -1371033.025055            18.067880
      2.50       2.90         -2184.879395      -1371032.519910            18.573025
      2.50       2.85         -2184.878175      -1371031.754348            19.338587
      2.50       2.80         -2184.876792      -1371030.886503            20.206433
      2.50       2.75         -2184.884266      -1371035.576509            15.516427
      2.50       2.70         -2184.883329      -1371034.988532            16.104403
      2.50       2.65         -2184.882223      -1371034.294507            16.798429
      2.50       2.60         -2184.880638      -1371033.299904            17.793031
      2.50       2.55         -2184.879166      -1371032.376210            18.716725
      2.50       2.50         -2184.877154      -1371031.113661            19.979274
      2.50       2.45         -2184.875360      -1371029.987909            21.105026
      2.50       2.40         -2184.872996      -1371028.504477            22.588459
      2.50       2.35         -2184.870650      -1371027.032340            24.060596
      2.50       2.30         -2184.867857      -1371025.279706            25.813230
      2.50       2.25         -2184.865211      -1371023.619316            27.473620
      2.50       2.20         -2184.862132      -1371021.687214            29.405721
      2.50       2.15         -2184.859011      -1371019.728757            31.364179
      2.50       2.10         -2184.855663      -1371017.627855            33.465080
      2.50       2.05         -2184.852683      -1371015.757877            35.335058
      2.50       2.00         -2184.849546      -1371013.789380            37.303556
      2.50       1.95         -2184.847616      -1371012.578286            38.514649
      2.50       1.90         -2184.845417      -1371011.198393            39.894542
      2.50       1.85         -2184.843815      -1371010.193123            40.899812
      2.50       1.80         -2184.845311      -1371011.131877            39.961058
      2.50       1.75         -2184.844958      -1371010.910366            40.182569
      2.50       1.70         -2184.844264      -1371010.474875            40.618061
      2.50       1.65         -2184.843326      -1371009.886271            41.206665
      2.50       1.60         -2184.841736      -1371008.888531            42.204405
      2.50       1.55         -2184.838773      -1371007.029220            44.063715
      2.50       1.50         -2184.834141      -1371004.122596            46.970339
      2.45       3.95         -2184.877625      -1371031.409218            19.683717
      2.45       3.90         -2184.878017      -1371031.655202            19.437733
      2.45       3.85         -2184.878203      -1371031.771919            19.321017
      2.45       3.80         -2184.878423      -1371031.909971            19.182965
      2.45       3.75         -2184.878193      -1371031.765644            19.327292
      2.45       3.70         -2184.878450      -1371031.926913            19.166022
      2.45       3.65         -2184.878331      -1371031.852240            19.240695
      2.45       3.60         -2184.878384      -1371031.885498            19.207437
      2.45       3.55         -2184.878218      -1371031.781331            19.311604
      2.45       3.50         -2184.879717      -1371032.721968            18.370967
      2.45       3.45         -2184.879789      -1371032.767149            18.325787
      2.45       3.40         -2184.879627      -1371032.665492            18.427443
      2.45       3.35         -2184.879258      -1371032.433941            18.658994
      2.45       3.30         -2184.878904      -1371032.211803            18.881133
      2.45       3.25         -2184.878123      -1371031.721718            19.371217
      2.45       3.20         -2184.877744      -1371031.483892            19.609044
      2.45       3.15         -2184.876768      -1371030.871443            20.221493
      2.45       3.10         -2184.876339      -1371030.602241            20.490694
      2.45       3.05         -2184.885445      -1371036.316342            14.776593
      2.45       3.00         -2184.884979      -1371036.023923            15.069013
      2.45       2.95         -2184.884973      -1371036.020158            15.072778
      2.45       2.90         -2184.884165      -1371035.513130            15.579805
      2.45       2.85         -2184.883950      -1371035.378216            15.714720
      2.45       2.80         -2184.882990      -1371034.775806            16.317129
      2.45       2.75         -2184.882452      -1371034.438206            16.654729
      2.45       2.70         -2184.881385      -1371033.768654            17.324282
      2.45       2.65         -2184.880208      -1371033.030075            18.062860
      2.45       2.60         -2184.878597      -1371032.019157            19.073778
      2.45       2.55         -2184.877093      -1371031.075383            20.017552
      2.45       2.50         -2184.875095      -1371029.821619            21.271316
      2.45       2.45         -2184.873341      -1371028.720968            22.371968
      2.45       2.40         -2184.871033      -1371027.272676            23.820260
      2.45       2.35         -2184.868707      -1371025.813089            25.279847
      2.45       2.30         -2184.865997      -1371024.112538            26.980397
      2.45       2.25         -2184.863575      -1371022.592710            28.500225
      2.45       2.20         -2184.860626      -1371020.742185            30.350751
      2.45       2.15         -2184.857595      -1371018.840203            32.252732
      2.45       2.10         -2184.854735      -1371017.045526            34.047409
      2.45       2.05         -2184.851740      -1371015.166135            35.926800
      2.45       2.00         -2184.849099      -1371013.508883            37.584052
      2.45       1.95         -2184.846537      -1371011.901204            39.191732
      2.45       1.90         -2184.845281      -1371011.113052            39.979884
      2.45       1.85         -2184.844002      -1371010.310467            40.782468
      2.45       1.80         -2184.843164      -1371009.784614            41.308321
      2.45       1.75         -2184.843247      -1371009.836697            41.256238
      2.45       1.70         -2184.842783      -1371009.545533            41.547402
      2.45       1.65         -2184.841919      -1371009.003365            42.089570
      2.45       1.60         -2184.840783      -1371008.290514            42.802421
      2.45       1.55         -2184.838091      -1371006.601259            44.491677
      2.45       1.50         -2184.833544      -1371003.747973            47.344962
      2.40       3.95         -2184.873859      -1371029.046017            22.046918
      2.40       3.90         -2184.874197      -1371029.258116            21.834820
      2.40       3.85         -2184.874124      -1371029.212307            21.880628
      2.40       3.80         -2184.874515      -1371029.457664            21.635272
      2.40       3.75         -2184.874723      -1371029.588186            21.504750
      2.40       3.70         -2184.874708      -1371029.578773            21.514162
      2.40       3.65         -2184.874778      -1371029.622699            21.470237
      2.40       3.60         -2184.874473      -1371029.431308            21.661627
      2.40       3.55         -2184.874591      -1371029.505354            21.587581
      2.40       3.50         -2184.874285      -1371029.313336            21.779599
      2.40       3.45         -2184.875976      -1371030.374455            20.718480
      2.40       3.40         -2184.876030      -1371030.408341            20.684595
      2.40       3.35         -2184.875882      -1371030.315469            20.777466
      2.40       3.30         -2184.875630      -1371030.157337            20.935599
      2.40       3.25         -2184.875004      -1371029.764516            21.328420
      2.40       3.20         -2184.874634      -1371029.532337            21.560598
      2.40       3.15         -2184.874285      -1371029.313336            21.779599
      2.40       3.10         -2184.873474      -1371028.804426            22.288509
      2.40       3.05         -2184.872975      -1371028.491299            22.601636
      2.40       3.00         -2184.882621      -1371034.544255            16.548680
      2.40       2.95         -2184.882384      -1371034.395536            16.697400
      2.40       2.90         -2184.882395      -1371034.402438            16.690497
      2.40       2.85         -2184.881778      -1371034.015265            17.077670
      2.40       2.80         -2184.881015      -1371033.536475            17.556460
      2.40       2.75         -2184.880002      -1371032.900808            18.192127
      2.40       2.70         -2184.878884      -1371032.199253            18.893683
      2.40       2.65         -2184.877618      -1371031.404826            19.688110
      2.40       2.60         -2184.876221      -1371030.528195            20.564740
      2.40       2.55         -2184.874641      -1371029.536730            21.556205
      2.40       2.50         -2184.872629      -1371028.274181            22.818755
      2.40       2.45         -2184.870803      -1371027.128348            23.964587
      2.40       2.40         -2184.868447      -1371025.649936            25.442999
      2.40       2.35         -2184.866278      -1371024.288868            26.804067
      2.40       2.30         -2184.863645      -1371022.636636            28.456300
      2.40       2.25         -2184.861167      -1371021.081667            30.011268
      2.40       2.20         -2184.858292      -1371019.277577            31.815358
      2.40       2.15         -2184.855551      -1371017.557574            33.535361
      2.40       2.10         -2184.852642      -1371015.732149            35.360786
      2.40       2.05         -2184.849914      -1371014.020303            37.072632
      2.40       2.00         -2184.847169      -1371012.297790            38.795146
      2.40       1.95         -2184.845221      -1371011.075401            40.017534
      2.40       1.90         -2184.846550      -1371011.909361            39.183574
      2.40       1.85         -2184.845768      -1371011.418649            39.674286
      2.40       1.80         -2184.845562      -1371011.289382            39.803553
      2.40       1.75         -2184.845663      -1371011.352760            39.740175
      2.40       1.70         -2184.845445      -1371011.215963            39.876972
      2.40       1.65         -2184.844843      -1371010.838203            40.254733
      2.40       1.60         -2184.843341      -1371009.895683            41.197252
      2.40       1.55         -2184.841005      -1371008.429821            42.663114
      2.40       1.50         -2184.836620      -1371005.678192            45.414743
      2.35       3.95         -2184.869206      -1371026.126216            24.966719
      2.35       3.90         -2184.869557      -1371026.346472            24.746464
      2.35       3.85         -2184.869947      -1371026.591200            24.501735
      2.35       3.80         -2184.870095      -1371026.684072            24.408864
      2.35       3.75         -2184.870281      -1371026.800789            24.292147
      2.35       3.70         -2184.870526      -1371026.954528            24.138407
      2.35       3.65         -2184.870459      -1371026.912485            24.180450
      2.35       3.60         -2184.870402      -1371026.876717            24.216218
      2.35       3.55         -2184.871947      -1371027.846219            23.246716
      2.35       3.50         -2184.872231      -1371028.024432            23.068503
      2.35       3.45         -2184.872210      -1371028.011254            23.081681
      2.35       3.40         -2184.872196      -1371028.002469            23.090466
      2.35       3.35         -2184.871774      -1371027.737660            23.355275
      2.35       3.30         -2184.871600      -1371027.628474            23.464462
      2.35       3.25         -2184.871203      -1371027.379352            23.713583
      2.35       3.20         -2184.870927      -1371027.206160            23.886776
      2.35       3.15         -2184.870202      -1371026.751215            24.341720
      2.35       3.10         -2184.869364      -1371026.225362            24.867573
      2.35       3.05         -2184.868776      -1371025.856387            25.236549
      2.35       3.00         -2184.880341      -1371033.113534            17.979401
      2.35       2.95         -2184.879952      -1371032.869433            18.223503
      2.35       2.90         -2184.879048      -1371032.302164            18.790771
      2.35       2.85         -2184.878548      -1371031.988409            19.104526
      2.35       2.80         -2184.877848      -1371031.549153            19.543783
      2.35       2.75         -2184.876671      -1371030.810574            20.282361
      2.35       2.70         -2184.875641      -1371030.164239            20.928696
      2.35       2.65         -2184.874468      -1371029.428171            21.664765
      2.35       2.60         -2184.872820      -1371028.394035            22.698900
      2.35       2.55         -2184.871376      -1371027.487911            23.605024
      2.35       2.50         -2184.869408      -1371026.252973            24.839963
      2.35       2.45         -2184.867726      -1371025.197502            25.895433
      2.35       2.40         -2184.865493      -1371023.796273            27.296662
      2.35       2.35         -2184.863430      -1371022.501721            28.591214
      2.35       2.30         -2184.860888      -1371020.906592            30.186343
      2.35       2.25         -2184.858356      -1371019.317738            31.775197
      2.35       2.20         -2184.855564      -1371017.565732            33.527204
      2.35       2.15         -2184.852908      -1371015.899066            35.193869
      2.35       2.10         -2184.850589      -1371014.443872            36.649063
      2.35       2.05         -2184.848013      -1371012.827408            38.265528
      2.35       2.00         -2184.845706      -1371011.379743            39.713192
      2.35       1.95         -2184.843917      -1371010.257129            40.835807
      2.35       1.90         -2184.843182      -1371009.795909            41.297026
      2.35       1.85         -2184.842475      -1371009.352260            41.740675
      2.35       1.80         -2184.842270      -1371009.223621            41.869315
      2.35       1.75         -2184.842035      -1371009.076156            42.016779
      2.35       1.70         -2184.842347      -1371009.271939            41.820996
      2.35       1.65         -2184.841829      -1371008.946889            42.146046
      2.35       1.60         -2184.840534      -1371008.134264            42.958671
      2.35       1.55         -2184.840500      -1371008.112929            42.980006
      2.35       1.50         -2184.836396      -1371005.537630            45.555305
      2.30       3.95         -2184.877848      -1371031.549153            19.543783
      2.30       3.90         -2184.878033      -1371031.665242            19.427693
      2.30       3.85         -2184.878484      -1371031.948249            19.144687
      2.30       3.80         -2184.878562      -1371031.997194            19.095741
      2.30       3.75         -2184.878518      -1371031.969584            19.123351
      2.30       3.70         -2184.878408      -1371031.900558            19.192377
      2.30       3.65         -2184.878472      -1371031.940719            19.152217
      2.30       3.60         -2184.878131      -1371031.726738            19.366197
      2.30       3.55         -2184.878201      -1371031.770664            19.322272
      2.30       3.50         -2184.878271      -1371031.814589            19.278346
      2.30       3.45         -2184.877983      -1371031.633867            19.459069
      2.30       3.40         -2184.878346      -1371031.861652            19.231283
      2.30       3.35         -2184.878018      -1371031.655829            19.437106
      2.30       3.30         -2184.877831      -1371031.538485            19.554450
      2.30       3.25         -2184.877586      -1371031.384745            19.708190
      2.30       3.20         -2184.876926      -1371030.970589            20.122346
      2.30       3.15         -2184.876662      -1371030.804926            20.288009
      2.30       3.10         -2184.877216      -1371031.152567            19.940369
      2.30       3.05         -2184.876946      -1371030.983139            20.109796
      2.30       3.00         -2184.876468      -1371030.683190            20.409746
      2.30       2.95         -2184.875601      -1371030.139139            20.953796
      2.30       2.90         -2184.875040      -1371029.787106            21.305829
      2.30       2.85         -2184.876184      -1371030.504977            20.587958
      2.30       2.80         -2184.875454      -1371030.046895            21.046040
      2.30       2.75         -2184.874629      -1371029.529200            21.563736
      2.30       2.70         -2184.873374      -1371028.741675            22.351260
      2.30       2.65         -2184.872326      -1371028.084045            23.008890
      2.30       2.60         -2184.871077      -1371027.300286            23.792649
      2.30       2.55         -2184.869394      -1371026.244188            24.848748
      2.30       2.50         -2184.867768      -1371025.223857            25.869078
      2.30       2.45         -2184.865709      -1371023.931815            27.161120
      2.30       2.40         -2184.863884      -1371022.786610            28.306325
      2.30       2.35         -2184.861569      -1371021.333926            29.759009
      2.30       2.30         -2184.859402      -1371019.974113            31.118822
      2.30       2.25         -2184.856871      -1371018.385886            32.707049
      2.30       2.20         -2184.854386      -1371016.826525            34.266410
      2.30       2.15         -2184.852064      -1371015.369448            35.723487
      2.30       2.10         -2184.849528      -1371013.778084            37.314851
      2.30       2.05         -2184.847225      -1371012.332930            38.760005
      2.30       2.00         -2184.845463      -1371011.227258            39.865677
      2.30       1.95         -2184.843945      -1371010.274699            40.818236
      2.30       1.90         -2184.842990      -1371009.675427            41.417508
      2.30       1.85         -2184.843597      -1371010.056326            41.036610
      2.30       1.80         -2184.843813      -1371010.191868            40.901068
      2.30       1.75         -2184.844113      -1371010.380121            40.712815
      2.30       1.70         -2184.844351      -1371010.529468            40.563467
      2.30       1.65         -2184.843940      -1371010.271561            40.821374
      2.30       1.60         -2184.842885      -1371009.609539            41.483396
      2.30       1.55         -2184.841450      -1371008.709063            42.383872
      2.30       1.50         -2184.837465      -1371006.208438            44.884498
      2.25       3.95         -2184.873375      -1371028.742303            22.350632
      2.25       3.90         -2184.873548      -1371028.850862            22.242073
      2.25       3.85         -2184.873550      -1371028.852117            22.240818
      2.25       3.80         -2184.873645      -1371028.911730            22.181205
      2.25       3.75         -2184.874086      -1371029.188462            21.904473
      2.25       3.70         -2184.873984      -1371029.124456            21.968479
      2.25       3.65         -2184.873929      -1371029.089943            22.002992
      2.25       3.60         -2184.873957      -1371029.107513            21.985422
      2.25       3.55         -2184.873831      -1371029.028447            22.064488
      2.25       3.50         -2184.874433      -1371029.406208            21.686727
      2.25       3.45         -2184.874355      -1371029.357262            21.735673
      2.25       3.40         -2184.874176      -1371029.244938            21.847997
      2.25       3.35         -2184.873968      -1371029.114416            21.978519
      2.25       3.30         -2184.873734      -1371028.967579            22.125357
      2.25       3.25         -2184.873289      -1371028.688337            22.404598
      2.25       3.20         -2184.873055      -1371028.541500            22.551435
      2.25       3.15         -2184.872839      -1371028.405958            22.686978
      2.25       3.10         -2184.872222      -1371028.018784            23.074151
      2.25       3.05         -2184.871830      -1371027.772801            23.320135
      2.25       3.00         -2184.871523      -1371027.580155            23.512780
      2.25       2.95         -2184.870760      -1371027.101366            23.991570
      2.25       2.90         -2184.870195      -1371026.746823            24.346113
      2.25       2.85         -2184.869180      -1371026.109901            24.983035
      2.25       2.80         -2184.868692      -1371025.803676            25.289259
      2.25       2.75         -2184.867579      -1371025.105258            25.987677
      2.25       2.70         -2184.866583      -1371024.480259            26.612677
      2.25       2.65         -2184.865603      -1371023.865299            27.227636
      2.25       2.60         -2184.864026      -1371022.875717            28.217219
      2.25       2.55         -2184.862585      -1371021.971476            29.121460
      2.25       2.50         -2184.861231      -1371021.121828            29.971107
      2.25       2.45         -2184.859330      -1371019.928932            31.164003
      2.25       2.40         -2184.857366      -1371018.696504            32.396432
      2.25       2.35         -2184.855136      -1371017.297158            33.795778
      2.25       2.30         -2184.852851      -1371015.863298            35.229637
      2.25       2.25         -2184.850825      -1371014.591964            36.500971
      2.25       2.20         -2184.848361      -1371013.045781            38.047154
      2.25       2.15         -2184.849950      -1371014.042893            37.050042
      2.25       2.10         -2184.847906      -1371012.760264            38.332671
      2.25       2.05         -2184.846200      -1371011.689733            39.403202
      2.25       2.00         -2184.844544      -1371010.650577            40.442358
      2.25       1.95         -2184.843928      -1371010.264031            40.828904
      2.25       1.90         -2184.843405      -1371009.935844            41.157091
      2.25       1.85         -2184.843488      -1371009.987927            41.105008
      2.25       1.80         -2184.844163      -1371010.411496            40.681439
      2.25       1.75         -2184.844689      -1371010.741566            40.351369
      2.25       1.70         -2184.845192      -1371011.057203            40.035732
      2.25       1.65         -2184.845053      -1371010.969980            40.122956
      2.25       1.60         -2184.844208      -1371010.439734            40.653201
      2.25       1.55         -2184.841882      -1371008.980147            42.112788
      2.25       1.50         -2184.837811      -1371006.425556            44.667379
      2.20       3.95         -2184.868604      -1371025.748455            25.344480
      2.20       3.90         -2184.869367      -1371026.227245            24.865690
      2.20       3.85         -2184.869583      -1371026.362787            24.730148
      2.20       3.80         -2184.869590      -1371026.367179            24.725756
      2.20       3.75         -2184.869621      -1371026.386632            24.706303
      2.20       3.70         -2184.869511      -1371026.317606            24.775329
      2.20       3.65         -2184.869482      -1371026.299408            24.793527
      2.20       3.60         -2184.869530      -1371026.329529            24.763406
      2.20       3.55         -2184.869270      -1371026.166376            24.926559
      2.20       3.50         -2184.869398      -1371026.246698            24.846238
      2.20       3.45         -2184.869494      -1371026.306939            24.785997
      2.20       3.40         -2184.869317      -1371026.195869            24.897066
      2.20       3.35         -2184.869103      -1371026.061582            25.031353
      2.20       3.30         -2184.869097      -1371026.057817            25.035118
      2.20       3.25         -2184.868685      -1371025.799283            25.293652
      2.20       3.20         -2184.868365      -1371025.598480            25.494455
      2.20       3.15         -2184.868177      -1371025.480509            25.612427
      2.20       3.10         -2184.867972      -1371025.351869            25.741066
      2.20       3.05         -2184.867395      -1371024.989796            26.103139
      2.20       3.00         -2184.866939      -1371024.703652            26.389283
      2.20       2.95         -2184.866453      -1371024.398682            26.694253
      2.20       2.90         -2184.865991      -1371024.108773            26.984162
      2.20       2.85         -2184.865168      -1371023.592333            27.500603
      2.20       2.80         -2184.864386      -1371023.101620            27.991315
      2.20       2.75         -2184.863168      -1371022.337314            28.755622
      2.20       2.70         -2184.862287      -1371021.784478            29.308457
      2.20       2.65         -2184.860831      -1371020.870824            30.222111
      2.20       2.60         -2184.859822      -1371020.237667            30.855268
      2.20       2.55         -2184.858182      -1371019.208551            31.884384
      2.20       2.50         -2184.858699      -1371019.532974            31.559961
      2.20       2.45         -2184.856993      -1371018.462443            32.630493
      2.20       2.40         -2184.855440      -1371017.487920            33.605015
      2.20       2.35         -2184.853431      -1371016.227254            34.865681
      2.20       2.30         -2184.851632      -1371015.098364            35.994571
      2.20       2.25         -2184.849478      -1371013.746709            37.346226
      2.20       2.20         -2184.847533      -1371012.526203            38.566732
      2.20       2.15         -2184.845435      -1371011.209688            39.883247
      2.20       2.10         -2184.843765      -1371010.161747            40.931188
      2.20       2.05         -2184.842059      -1371009.091216            42.001719
      2.20       2.00         -2184.841326      -1371008.631252            42.461684
      2.20       1.95         -2184.840642      -1371008.202035            42.890900
      2.20       1.90         -2184.841825      -1371008.944379            42.148556
      2.20       1.85         -2184.842449      -1371009.335945            41.756990
      2.20       1.80         -2184.843402      -1371009.933961            41.158974
      2.20       1.75         -2184.844155      -1371010.406476            40.686459
      2.20       1.70         -2184.844988      -1371010.929191            40.163744
      2.20       1.65         -2184.845048      -1371010.966842            40.126093
      2.20       1.60         -2184.844265      -1371010.475502            40.617433
      2.20       1.55         -2184.842011      -1371009.061096            42.031840
      2.20       1.50         -2184.838088      -1371006.599376            44.493559
      2.15       3.95         -2184.863286      -1371022.411360            28.681576
      2.15       3.90         -2184.863180      -1371022.344844            28.748092
      2.15       3.85         -2184.863758      -1371022.707544            28.385391
      2.15       3.80         -2184.863910      -1371022.802926            28.290010
      2.15       3.75         -2184.863958      -1371022.833046            28.259889
      2.15       3.70         -2184.864488      -1371023.165626            27.927309
      2.15       3.65         -2184.864593      -1371023.231515            27.861421
      2.15       3.60         -2184.864570      -1371023.217082            27.875853
      2.15       3.55         -2184.864495      -1371023.170019            27.922917
      2.15       3.50         -2184.864402      -1371023.111660            27.981275
      2.15       3.45         -2184.864735      -1371023.320621            27.772314
      2.15       3.40         -2184.864741      -1371023.324386            27.768549
      2.15       3.35         -2184.864602      -1371023.237162            27.855773
      2.15       3.30         -2184.864126      -1371022.938468            28.154468
      2.15       3.25         -2184.864043      -1371022.886384            28.206551
      2.15       3.20         -2184.863883      -1371022.785983            28.306952
      2.15       3.15         -2184.863465      -1371022.523684            28.569251
      2.15       3.10         -2184.863190      -1371022.351119            28.741816
      2.15       3.05         -2184.862521      -1371021.931315            29.161620
      2.15       3.00         -2184.862340      -1371021.817736            29.275199
      2.15       2.95         -2184.861577      -1371021.338946            29.753989
      2.15       2.90         -2184.861940      -1371021.566732            29.526203
      2.15       2.85         -2184.861422      -1371021.241682            29.851253
      2.15       2.80         -2184.860401      -1371020.600995            30.491940
      2.15       2.75         -2184.859628      -1371020.115930            30.977005
      2.15       2.70         -2184.858715      -1371019.543014            31.549921
      2.15       2.65         -2184.857427      -1371018.734782            32.358154
      2.15       2.60         -2184.856285      -1371018.018166            33.074769
      2.15       2.55         -2184.854728      -1371017.041134            34.051802
      2.15       2.50         -2184.853315      -1371016.154463            34.938472
      2.15       2.45         -2184.851457      -1371014.988550            36.104385
      2.15       2.40         -2184.850037      -1371014.097487            36.995449
      2.15       2.35         -2184.848079      -1371012.868823            38.224112
      2.15       2.30         -2184.846525      -1371011.893673            39.199262
      2.15       2.25         -2184.844628      -1371010.703288            40.389647
      2.15       2.20         -2184.844522      -1371010.636772            40.456163
      2.15       2.15         -2184.843155      -1371009.778967            41.313969
      2.15       2.10         -2184.841908      -1371008.996462            42.096473
      2.15       2.05         -2184.840737      -1371008.261649            42.831287
      2.15       2.00         -2184.840185      -1371007.915263            43.177672
      2.15       1.95         -2184.840216      -1371007.934716            43.158219
      2.15       1.90         -2184.840535      -1371008.134892            42.958044
      2.15       1.85         -2184.841330      -1371008.633762            42.459174
      2.15       1.80         -2184.842987      -1371009.673545            41.419390
      2.15       1.75         -2184.844189      -1371010.427811            40.665124
      2.15       1.70         -2184.845011      -1371010.943624            40.149311
      2.15       1.65         -2184.845854      -1371011.472615            39.620321
      2.15       1.60         -2184.845397      -1371011.185843            39.907093
      2.15       1.55         -2184.843462      -1371009.971612            41.121323
      2.15       1.50         -2184.839587      -1371007.540013            43.552923
      2.10       3.95         -2184.857443      -1371018.744822            32.348113
      2.10       3.90         -2184.857708      -1371018.911112            32.181823
      2.10       3.85         -2184.857562      -1371018.819496            32.273440
      2.10       3.80         -2184.857807      -1371018.973235            32.119700
      2.10       3.75         -2184.858108      -1371019.162116            31.930820
      2.10       3.70         -2184.860649      -1371020.756617            30.336318
      2.10       3.65         -2184.860830      -1371020.870197            30.222739
      2.10       3.60         -2184.860983      -1371020.966205            30.126730
      2.10       3.55         -2184.861144      -1371021.067234            30.025701
      2.10       3.50         -2184.860945      -1371020.942360            30.150575
      2.10       3.45         -2184.861054      -1371021.010759            30.082177
      2.10       3.40         -2184.861079      -1371021.026446            30.066489
      2.10       3.35         -2184.861006      -1371020.980638            30.112297
      2.10       3.30         -2184.860867      -1371020.893414            30.199521
      2.10       3.25         -2184.860443      -1371020.627350            30.465585
      2.10       3.20         -2184.860366      -1371020.579032            30.513903
      2.10       3.15         -2184.860194      -1371020.471100            30.621835
      2.10       3.10         -2184.859675      -1371020.145423            30.947512
      2.10       3.05         -2184.859545      -1371020.063847            31.029088
      2.10       3.00         -2184.858970      -1371019.703029            31.389906
      2.10       2.95         -2184.859191      -1371019.841708            31.251227
      2.10       2.90         -2184.858819      -1371019.608275            31.484660
      2.10       2.85         -2184.858009      -1371019.099992            31.992943
      2.10       2.80         -2184.857384      -1371018.707799            32.385136
      2.10       2.75         -2184.856330      -1371018.046404            33.046531
      2.10       2.70         -2184.855503      -1371017.527454            33.565482
      2.10       2.65         -2184.854617      -1371016.971480            34.121455
      2.10       2.60         -2184.853295      -1371016.141913            34.951023
      2.10       2.55         -2184.852099      -1371015.391411            35.701524
      2.10       2.50         -2184.850874      -1371014.622712            36.470223
      2.10       2.45         -2184.849278      -1371013.621207            37.471728
      2.10       2.40         -2184.847814      -1371012.702533            38.390402
      2.10       2.35         -2184.846114      -1371011.635767            39.457168
      2.10       2.30         -2184.844586      -1371010.676933            40.416003
      2.10       2.25         -2184.843298      -1371009.868700            41.224235
      2.10       2.20         -2184.841756      -1371008.901081            42.191855
      2.10       2.15         -2184.840835      -1371008.323145            42.769791
      2.10       2.10         -2184.839852      -1371007.706303            43.386633
      2.10       2.05         -2184.839265      -1371007.337955            43.754981
      2.10       2.00         -2184.839381      -1371007.410746            43.682190
      2.10       1.95         -2184.839640      -1371007.573271            43.519665
      2.10       1.90         -2184.841904      -1371008.993952            42.098983
      2.10       1.85         -2184.843288      -1371009.862425            41.230510
      2.10       1.80         -2184.844795      -1371010.808082            40.284853
      2.10       1.75         -2184.846260      -1371011.727383            39.365552
      2.10       1.70         -2184.847509      -1371012.511143            38.581792
      2.10       1.65         -2184.847986      -1371012.810465            38.282470
      2.10       1.60         -2184.847529      -1371012.523693            38.569242
      2.10       1.55         -2184.845717      -1371011.386646            39.706289
      2.10       1.50         -2184.841871      -1371008.973244            42.119691
      2.05       3.95         -2184.851360      -1371014.927682            36.165254
      2.05       3.90         -2184.851597      -1371015.076402            36.016534
      2.05       3.85         -2184.851543      -1371015.042516            36.050419
      2.05       3.80         -2184.851735      -1371015.162998            35.929937
      2.05       3.75         -2184.852193      -1371015.450397            35.642538
      2.05       3.70         -2184.852159      -1371015.429062            35.663873
      2.05       3.65         -2184.852188      -1371015.447260            35.645676
      2.05       3.60         -2184.852313      -1371015.525698            35.567237
      2.05       3.55         -2184.852020      -1371015.341838            35.751097
      2.05       3.50         -2184.852407      -1371015.584684            35.508251
      2.05       3.45         -2184.853112      -1371016.027078            35.065857
      2.05       3.40         -2184.853194      -1371016.078534            35.014401
      2.05       3.35         -2184.853096      -1371016.017038            35.075897
      2.05       3.30         -2184.852967      -1371015.936090            35.156846
      2.05       3.25         -2184.852859      -1371015.868318            35.224617
      2.05       3.20         -2184.852524      -1371015.658103            35.434832
      2.05       3.15         -2184.852290      -1371015.511266            35.581670
      2.05       3.10         -2184.852173      -1371015.437847            35.655088
      2.05       3.05         -2184.851642      -1371015.104639            35.988296
      2.05       3.00         -2184.851393      -1371014.948390            36.144546
      2.05       2.95         -2184.851195      -1371014.824143            36.268793
      2.05       2.90         -2184.850640      -1371014.475875            36.617060
      2.05       2.85         -2184.850080      -1371014.124470            36.968466
      2.05       2.80         -2184.849670      -1371013.867191            37.225745
      2.05       2.75         -2184.848817      -1371013.331925            37.761010
      2.05       2.70         -2184.848502      -1371013.134260            37.958676
      2.05       2.65         -2184.847534      -1371012.526831            38.566105
      2.05       2.60         -2184.846559      -1371011.915009            39.177926
      2.05       2.55         -2184.845610      -1371011.319502            39.773433
      2.05       2.50         -2184.844286      -1371010.488680            40.604256
      2.05       2.45         -2184.843079      -1371009.731276            41.361659
      2.05       2.40         -2184.842077      -1371009.102511            41.990424
      2.05       2.35         -2184.840713      -1371008.246588            42.846347
      2.05       2.30         -2184.839449      -1371007.453416            43.639519
      2.05       2.25         -2184.838018      -1371006.555450            44.537485
      2.05       2.20         -2184.837300      -1371006.104899            44.988037
      2.05       2.15         -2184.836385      -1371005.530727            45.562208
      2.05       2.10         -2184.837220      -1371006.054698            45.038237
      2.05       2.05         -2184.837408      -1371006.172670            44.920266
      2.05       2.00         -2184.837667      -1371006.335195            44.757741
      2.05       1.95         -2184.838525      -1371006.873598            44.219338
      2.05       1.90         -2184.839846      -1371007.702538            43.390398
      2.05       1.85         -2184.841267      -1371008.594229            42.498707
      2.05       1.80         -2184.842990      -1371009.675427            41.417508
      2.05       1.75         -2184.844795      -1371010.808082            40.284853
      2.05       1.70         -2184.846009      -1371011.569879            39.523057
      2.05       1.65         -2184.847076      -1371012.239431            38.853504
      2.05       1.60         -2184.846849      -1371012.096987            38.995949
      2.05       1.55         -2184.845110      -1371011.005748            40.087188
      2.05       1.50         -2184.841451      -1371008.709690            42.383245
      2.00       3.95         -2184.845077      -1371010.985040            40.107896
      2.00       3.90         -2184.845402      -1371011.188980            39.903955
      2.00       3.85         -2184.845303      -1371011.126857            39.966078
      2.00       3.80         -2184.845825      -1371011.454417            39.638518
      2.00       3.75         -2184.845864      -1371011.478890            39.614046
      2.00       3.70         -2184.845881      -1371011.489557            39.603378
      2.00       3.65         -2184.846154      -1371011.660867            39.432068
      2.00       3.60         -2184.846291      -1371011.746836            39.346099
      2.00       3.55         -2184.846080      -1371011.614432            39.478504
      2.00       3.50         -2184.846471      -1371011.859788            39.233147
      2.00       3.45         -2184.846391      -1371011.809587            39.283348
      2.00       3.40         -2184.846352      -1371011.785114            39.307821
      2.00       3.35         -2184.849188      -1371013.564731            37.528204
      2.00       3.30         -2184.849305      -1371013.638150            37.454785
      2.00       3.25         -2184.849358      -1371013.671408            37.421527
      2.00       3.20         -2184.849075      -1371013.493823            37.599113
      2.00       3.15         -2184.849134      -1371013.530846            37.562090
      2.00       3.10         -2184.848750      -1371013.289882            37.803053
      2.00       3.05         -2184.848699      -1371013.257879            37.835056
      2.00       3.00         -2184.848200      -1371012.944752            38.148183
      2.00       2.95         -2184.848025      -1371012.834938            38.257998
      2.00       2.90         -2184.847771      -1371012.675550            38.417385
      2.00       2.85         -2184.847132      -1371012.274572            38.818364
      2.00       2.80         -2184.846634      -1371011.962072            39.130863
      2.00       2.75         -2184.846096      -1371011.624472            39.468463
      2.00       2.70         -2184.845167      -1371011.041516            40.051420
      2.00       2.65         -2184.844497      -1371010.621084            40.471851
      2.00       2.60         -2184.843404      -1371009.935216            41.157719
      2.00       2.55         -2184.842720      -1371009.506000            41.586935
      2.00       2.50         -2184.841589      -1371008.796287            42.296649
      2.00       2.45         -2184.840880      -1371008.351382            42.741553
      2.00       2.40         -2184.839752      -1371007.643552            43.449383
      2.00       2.35         -2184.838855      -1371007.080676            44.012259
      2.00       2.30         -2184.837814      -1371006.427438            44.665497
      2.00       2.25         -2184.837309      -1371006.110546            44.982389
      2.00       2.20         -2184.836676      -1371005.713333            45.379603
      2.00       2.15         -2184.836405      -1371005.543278            45.549658
      2.00       2.10         -2184.836716      -1371005.738433            45.354502
      2.00       2.05         -2184.837019      -1371005.928568            45.164367
      2.00       2.00         -2184.838188      -1371006.662127            44.430808
      2.00       1.95         -2184.839426      -1371007.438984            43.653952
      2.00       1.90         -2184.841082      -1371008.478139            42.614796
      2.00       1.85         -2184.842830      -1371009.575026            41.517909
      2.00       1.80         -2184.844929      -1371010.892168            40.200767
      2.00       1.75         -2184.847388      -1371012.435214            38.657721
      2.00       1.70         -2184.849009      -1371013.452407            37.640528
      2.00       1.65         -2184.849879      -1371013.998340            37.094595
      2.00       1.60         -2184.849583      -1371013.812597            37.280338
      2.00       1.55         -2184.847988      -1371012.811720            38.281215
      2.00       1.50         -2184.844564      -1371010.663127            40.429808
      1.95       3.95         -2184.838687      -1371006.975254            44.117681
      1.95       3.90         -2184.839081      -1371007.222493            43.870442
      1.95       3.85         -2184.839035      -1371007.193628            43.899308
      1.95       3.80         -2184.839622      -1371007.561976            43.530960
      1.95       3.75         -2184.839716      -1371007.620961            43.471974
      1.95       3.70         -2184.839854      -1371007.707558            43.385378
      1.95       3.65         -2184.840188      -1371007.917146            43.175789
      1.95       3.60         -2184.840171      -1371007.906478            43.186457
      1.95       3.55         -2184.840535      -1371008.134892            42.958044
      1.95       3.50         -2184.840605      -1371008.178817            42.914118
      1.95       3.45         -2184.840648      -1371008.205800            42.887135
      1.95       3.40         -2184.840940      -1371008.389033            42.703902
      1.95       3.35         -2184.840922      -1371008.377738            42.715197
      1.95       3.30         -2184.840937      -1371008.387151            42.705785
      1.95       3.25         -2184.842720      -1371009.506000            41.586935
      1.95       3.20         -2184.843047      -1371009.711196            41.381740
      1.95       3.15         -2184.842837      -1371009.579419            41.513517
      1.95       3.10         -2184.842846      -1371009.585066            41.507869
      1.95       3.05         -2184.842724      -1371009.508510            41.584425
      1.95       3.00         -2184.842455      -1371009.339710            41.753225
      1.95       2.95         -2184.842078      -1371009.103139            41.989796
      1.95       2.90         -2184.841830      -1371008.947516            42.145419
      1.95       2.85         -2184.841207      -1371008.556578            42.536357
      1.95       2.80         -2184.840875      -1371008.348245            42.744690
      1.95       2.75         -2184.840469      -1371008.093476            42.999459
      1.95       2.70         -2184.839709      -1371007.616569            43.476366
      1.95       2.65         -2184.839127      -1371007.251358            43.841577
      1.95       2.60         -2184.838218      -1371006.680952            44.411983
      1.95       2.55         -2184.837712      -1371006.363432            44.729503
      1.95       2.50         -2184.836808      -1371005.796164            45.296771
      1.95       2.45         -2184.836250      -1371005.446014            45.646922
      1.95       2.40         -2184.835439      -1371004.937103            46.155832
      1.95       2.35         -2184.835049      -1371004.692375            46.400561
      1.95       2.30         -2184.834489      -1371004.340969            46.751966
      1.95       2.25         -2184.834489      -1371004.340969            46.751966
      1.95       2.20         -2184.834388      -1371004.277591            46.815344
      1.95       2.15         -2184.834648      -1371004.440743            46.652192
      1.95       2.10         -2184.835025      -1371004.677315            46.415621
      1.95       2.05         -2184.836397      -1371005.538258            45.554678
      1.95       2.00         -2184.837634      -1371006.314487            44.778449
      1.95       1.95         -2184.839232      -1371007.317247            43.775688
      1.95       1.90         -2184.840937      -1371008.387151            42.705785
      1.95       1.85         -2184.843290      -1371009.863680            41.229255
      1.95       1.80         -2184.845959      -1371011.538503            39.554432
      1.95       1.75         -2184.848075      -1371012.866313            38.226622
      1.95       1.70         -2184.849756      -1371013.921157            37.171779
      1.95       1.65         -2184.850769      -1371014.556824            36.536112
      1.95       1.60         -2184.851124      -1371014.779590            36.313346
      1.95       1.55         -2184.849632      -1371013.843345            37.249590
      1.95       1.50         -2184.846142      -1371011.653337            39.439598
      1.90       3.95         -2184.833090      -1371003.463084            47.629852
      1.90       3.90         -2184.833583      -1371003.772446            47.320489
      1.90       3.85         -2184.833639      -1371003.807586            47.285349
      1.90       3.80         -2184.834285      -1371004.212958            46.879978
      1.90       3.75         -2184.834560      -1371004.385523            46.707413
      1.90       3.70         -2184.834684      -1371004.463334            46.629602
      1.90       3.65         -2184.834518      -1371004.359167            46.733768
      1.90       3.60         -2184.834750      -1371004.504749            46.588186
      1.90       3.55         -2184.835013      -1371004.669784            46.423151
      1.90       3.50         -2184.834964      -1371004.639036            46.453899
      1.90       3.45         -2184.834983      -1371004.650959            46.441976
      1.90       3.40         -2184.835243      -1371004.814112            46.278824
      1.90       3.35         -2184.835093      -1371004.719985            46.372950
      1.90       3.30         -2184.838054      -1371006.578041            44.514895
      1.90       3.25         -2184.837865      -1371006.459441            44.633494
      1.90       3.20         -2184.838274      -1371006.716093            44.376842
      1.90       3.15         -2184.838214      -1371006.678442            44.414493
      1.90       3.10         -2184.838194      -1371006.665892            44.427043
      1.90       3.05         -2184.837849      -1371006.449401            44.643534
      1.90       3.00         -2184.837832      -1371006.438734            44.654202
      1.90       2.95         -2184.837720      -1371006.368453            44.724483
      1.90       2.90         -2184.837232      -1371006.062228            45.030707
      1.90       2.85         -2184.837118      -1371005.990692            45.102243
      1.90       2.80         -2184.836529      -1371005.621089            45.471847
      1.90       2.75         -2184.836348      -1371005.507510            45.585426
      1.90       2.70         -2184.835699      -1371005.100256            45.992679
      1.90       2.65         -2184.835457      -1371004.948399            46.144537
      1.90       2.60         -2184.834774      -1371004.519810            46.573126
      1.90       2.55         -2184.834510      -1371004.354147            46.738788
      1.90       2.50         -2184.833923      -1371003.985799            47.107136
      1.90       2.45         -2184.833549      -1371003.751111            47.341825
      1.90       2.40         -2184.833305      -1371003.597998            47.494937
      1.90       2.35         -2184.832937      -1371003.367075            47.725861
      1.90       2.30         -2184.833021      -1371003.419786            47.673150
      1.90       2.25         -2184.833407      -1371003.662004            47.430931
      1.90       2.20         -2184.833736      -1371003.868455            47.224480
      1.90       2.15         -2184.834430      -1371004.303946            46.788989
      1.90       2.10         -2184.835700      -1371005.100883            45.992052
      1.90       2.05         -2184.837010      -1371005.922921            45.170014
      1.90       2.00         -2184.838667      -1371006.962704            44.130231
      1.90       1.95         -2184.840499      -1371008.112301            42.980634
      1.90       1.90         -2184.842810      -1371009.562476            41.530460
      1.90       1.85         -2184.845560      -1371011.288127            39.804808
      1.90       1.80         -2184.848017      -1371012.829918            38.263018
      1.90       1.75         -2184.850279      -1371014.249344            36.843591
      1.90       1.70         -2184.852254      -1371015.488675            35.604260
      1.90       1.65         -2184.853351      -1371016.177053            34.915882
      1.90       1.60         -2184.853504      -1371016.273062            34.819873
      1.90       1.55         -2184.852028      -1371015.346858            35.746077
      1.90       1.50         -2184.848649      -1371013.226504            37.866432
      1.85       3.95         -2184.826771      -1370999.497851            51.595084
      1.85       3.90         -2184.827027      -1370999.658494            51.434442
      1.85       3.85         -2184.828414      -1371000.528849            50.564086
      1.85       3.80         -2184.828951      -1371000.865822            50.227113
      1.85       3.75         -2184.829223      -1371001.036505            50.056431
      1.85       3.70         -2184.829408      -1371001.152594            49.940341
      1.85       3.65         -2184.829293      -1371001.080430            50.012505
      1.85       3.60         -2184.829542      -1371001.236680            49.856255
      1.85       3.55         -2184.830128      -1371001.604401            49.488535
      1.85       3.50         -2184.830317      -1371001.723000            49.369935
      1.85       3.45         -2184.830451      -1371001.807086            49.285849
      1.85       3.40         -2184.830632      -1371001.920665            49.172270
      1.85       3.35         -2184.830630      -1371001.919410            49.173525
      1.85       3.30         -2184.830847      -1371002.055580            49.037355
      1.85       3.25         -2184.830752      -1371001.995967            49.096969
      1.85       3.20         -2184.830910      -1371002.095113            48.997822
      1.85       3.15         -2184.830669      -1371001.943883            49.149052
      1.85       3.10         -2184.830860      -1371002.063738            49.029198
      1.85       3.05         -2184.830928      -1371002.106408            48.986527
      1.85       3.00         -2184.830919      -1371002.100761            48.992175
      1.85       2.95         -2184.830596      -1371001.898075            49.194860
      1.85       2.90         -2184.830594      -1371001.896820            49.196115
      1.85       2.85         -2184.830186      -1371001.640796            49.452139
      1.85       2.80         -2184.830233      -1371001.670289            49.422646
      1.85       2.75         -2184.829819      -1371001.410500            49.682435
      1.85       2.70         -2184.829680      -1371001.323276            49.769659
      1.85       2.65         -2184.829613      -1371001.281233            49.811702
      1.85       2.60         -2184.829228      -1371001.039642            50.053293
      1.85       2.55         -2184.829255      -1371001.056585            50.036350
      1.85       2.50         -2184.829005      -1371000.899707            50.193228
      1.85       2.45         -2184.829252      -1371001.054702            50.038233
      1.85       2.40         -2184.829259      -1371001.059095            50.033840
      1.85       2.35         -2184.829458      -1371001.183969            49.908966
      1.85       2.30         -2184.829971      -1371001.505882            49.587054
      1.85       2.25         -2184.830507      -1371001.842227            49.250709
      1.85       2.20         -2184.831553      -1371002.498602            48.594334
      1.85       2.15         -2184.832635      -1371003.177567            47.915368
      1.85       2.10         -2184.834182      -1371004.148324            46.944611
      1.85       2.05         -2184.835780      -1371005.151084            45.941851
      1.85       2.00         -2184.838461      -1371006.833437            44.259498
      1.85       1.95         -2184.840898      -1371008.362678            42.730258
      1.85       1.90         -2184.843354      -1371009.903841            41.189094
      1.85       1.85         -2184.846024      -1371011.579291            39.513644
      1.85       1.80         -2184.851280      -1371014.877481            36.215454
      1.85       1.75         -2184.854101      -1371016.647685            34.445250
      1.85       1.70         -2184.856103      -1371017.903959            33.188976
      1.85       1.65         -2184.857349      -1371018.685836            32.407099
      1.85       1.60         -2184.857545      -1371018.808828            32.284107
      1.85       1.55         -2184.856129      -1371017.920274            33.172661
      1.85       1.50         -2184.852687      -1371015.760387            35.332548
      1.80       3.95         -2184.824881      -1370998.311858            52.781077
      1.80       3.90         -2184.825284      -1370998.564745            52.528191
      1.80       3.85         -2184.825277      -1370998.560352            52.532583
      1.80       3.80         -2184.825782      -1370998.877244            52.215691
      1.80       3.75         -2184.825888      -1370998.943760            52.149175
      1.80       3.70         -2184.826114      -1370999.085578            52.007358
      1.80       3.65         -2184.826555      -1370999.362309            51.730626
      1.80       3.60         -2184.826696      -1370999.450788            51.642147
      1.80       3.55         -2184.826829      -1370999.534247            51.558688
      1.80       3.50         -2184.827084      -1370999.694262            51.398674
      1.80       3.45         -2184.827069      -1370999.684849            51.408086
      1.80       3.40         -2184.827205      -1370999.770190            51.322745
      1.80       3.35         -2184.827643      -1371000.045040            51.047896
      1.80       3.30         -2184.827638      -1371000.041902            51.051033
      1.80       3.25         -2184.827779      -1371000.130381            50.962554
      1.80       3.20         -2184.827889      -1371000.199407            50.893528
      1.80       3.15         -2184.827976      -1371000.254000            50.838935
      1.80       3.10         -2184.827803      -1371000.145441            50.947494
      1.80       3.05         -2184.828017      -1371000.279728            50.813207
      1.80       3.00         -2184.827811      -1371000.150461            50.942474
      1.80       2.95         -2184.828078      -1371000.318006            50.774929
      1.80       2.90         -2184.827845      -1371000.171797            50.921139
      1.80       2.85         -2184.828018      -1371000.280356            50.812580
      1.80       2.80         -2184.827791      -1371000.137911            50.955024
      1.80       2.75         -2184.827990      -1371000.262785            50.830150
      1.80       2.70         -2184.827813      -1371000.151716            50.941219
      1.80       2.65         -2184.827986      -1371000.260275            50.832660
      1.80       2.60         -2184.827878      -1371000.192504            50.900431
      1.80       2.55         -2184.828149      -1371000.362559            50.730376
      1.80       2.50         -2184.828222      -1371000.408368            50.684568
      1.80       2.45         -2184.828704      -1371000.710827            50.382108
      1.80       2.40         -2184.829027      -1371000.913513            50.179423
      1.80       2.35         -2184.829759      -1371001.372850            49.720086
      1.80       2.30         -2184.830466      -1371001.816499            49.276436
      1.80       2.25         -2184.831683      -1371002.580178            48.512757
      1.80       2.20         -2184.832877      -1371003.329424            47.763511
      1.80       2.15         -2184.834451      -1371004.317124            46.775811
      1.80       2.10         -2184.836100      -1371005.351887            45.741048
      1.80       2.05         -2184.838436      -1371006.817749            44.275186
      1.80       2.00         -2184.840691      -1371008.232783            42.860152
      1.80       1.95         -2184.843372      -1371009.915136            41.177799
      1.80       1.90         -2184.846033      -1371011.584939            39.507996
      1.80       1.85         -2184.848984      -1371013.436719            37.656216
      1.80       1.80         -2184.852115      -1371015.401451            35.691484
      1.80       1.75         -2184.854671      -1371017.005366            34.087570
      1.80       1.70         -2184.856745      -1371018.306820            32.786115
      1.80       1.65         -2184.858124      -1371019.172156            31.920779
      1.80       1.60         -2184.858222      -1371019.233652            31.859284
      1.80       1.55         -2184.856989      -1371018.459933            32.633003
      1.80       1.50         -2184.853494      -1371016.266787            34.826148
      1.75       3.95         -2184.819138      -1370994.708072            56.384864
      1.75       3.90         -2184.819549      -1370994.965978            56.126957
      1.75       3.85         -2184.819910      -1370995.192509            55.900426
      1.75       3.80         -2184.819905      -1370995.189371            55.903564
      1.75       3.75         -2184.820187      -1370995.366329            55.726606
      1.75       3.70         -2184.820610      -1370995.631765            55.461170
      1.75       3.65         -2184.820624      -1370995.640551            55.452385
      1.75       3.60         -2184.821414      -1370996.136283            54.956652
      1.75       3.55         -2184.821418      -1370996.138793            54.954142
      1.75       3.50         -2184.821746      -1370996.344616            54.748319
      1.75       3.45         -2184.821923      -1370996.455685            54.637250
      1.75       3.40         -2184.822065      -1370996.544792            54.548144
      1.75       3.35         -2184.822200      -1370996.629506            54.463430
      1.75       3.30         -2184.822404      -1370996.757517            54.335418
      1.75       3.25         -2184.822295      -1370996.689119            54.403816
      1.75       3.20         -2184.822604      -1370996.883019            54.209916
      1.75       3.15         -2184.822919      -1370997.080685            54.012250
      1.75       3.10         -2184.822860      -1370997.043662            54.049274
      1.75       3.05         -2184.823154      -1370997.228150            53.864786
      1.75       3.00         -2184.823424      -1370997.397577            53.695358
      1.75       2.95         -2184.823344      -1370997.347376            53.745559
      1.75       2.90         -2184.823709      -1370997.576417            53.516518
      1.75       2.85         -2184.823669      -1370997.551317            53.541618
      1.75       2.80         -2184.824063      -1370997.798556            53.294380
      1.75       2.75         -2184.824086      -1370997.812988            53.279947
      1.75       2.70         -2184.824499      -1370998.072150            53.020785
      1.75       2.65         -2184.824613      -1370998.143686            52.949249
      1.75       2.60         -2184.825182      -1370998.500739            52.592197
      1.75       2.55         -2184.825472      -1370998.682717            52.410219
      1.75       2.50         -2184.826036      -1370999.036632            52.056303
      1.75       2.45         -2184.826558      -1370999.364192            51.728743
      1.75       2.40         -2184.827379      -1370999.879377            51.213558
      1.75       2.35         -2184.828456      -1371000.555205            50.537731
      1.75       2.30         -2184.829489      -1371001.203422            49.889513
      1.75       2.25         -2184.831025      -1371002.167277            48.925659
      1.75       2.20         -2184.832583      -1371003.144936            47.947999
      1.75       2.15         -2184.834521      -1371004.361050            46.731886
      1.75       2.10         -2184.836873      -1371005.836952            45.255983
      1.75       2.05         -2184.839206      -1371007.300932            43.792004
      1.75       2.00         -2184.841758      -1371008.902336            42.190599
      1.75       1.95         -2184.844409      -1371010.565863            40.527072
      1.75       1.90         -2184.847490      -1371012.499220            38.593715
      1.75       1.85         -2184.850395      -1371014.322135            36.770800
      1.75       1.80         -2184.853578      -1371016.319498            34.773438
      1.75       1.75         -2184.856176      -1371017.949767            33.143168
      1.75       1.70         -2184.858397      -1371019.343466            31.749469
      1.75       1.65         -2184.860139      -1371020.436587            30.656348
      1.75       1.60         -2184.860391      -1371020.594720            30.498215
      1.75       1.55         -2184.859101      -1371019.785233            31.307703
      1.75       1.50         -2184.855806      -1371017.717589            33.375346
      1.70       3.95         -2184.813728      -1370991.313245            59.779690
      1.70       3.90         -2184.814014      -1370991.492713            59.600222
      1.70       3.85         -2184.814404      -1370991.737442            59.355494
      1.70       3.80         -2184.814512      -1370991.805213            59.287723
      1.70       3.75         -2184.814779      -1370991.972758            59.120178
      1.70       3.70         -2184.815212      -1370992.244469            58.848466
      1.70       3.65         -2184.815448      -1370992.392562            58.700374
      1.70       3.60         -2184.815390      -1370992.356166            58.736769
      1.70       3.55         -2184.815705      -1370992.553831            58.539104
      1.70       3.50         -2184.815674      -1370992.534379            58.558557
      1.70       3.45         -2184.816065      -1370992.779735            58.313200
      1.70       3.40         -2184.816026      -1370992.755262            58.337673
      1.70       3.35         -2184.816709      -1370993.183851            57.909084
      1.70       3.30         -2184.816806      -1370993.244719            57.848216
      1.70       3.25         -2184.817124      -1370993.444267            57.648668
      1.70       3.20         -2184.817465      -1370993.658248            57.434687
      1.70       3.15         -2184.817513      -1370993.688369            57.404567
      1.70       3.10         -2184.817921      -1370993.944392            57.148543
      1.70       3.05         -2184.818463      -1370994.284503            56.808433
      1.70       3.00         -2184.818743      -1370994.460205            56.632730
      1.70       2.95         -2184.818791      -1370994.490326            56.602610
      1.70       2.90         -2184.819585      -1370994.988568            56.104367
      1.70       2.85         -2184.819812      -1370995.131013            55.961922
      1.70       2.80         -2184.820216      -1370995.384527            55.708409
      1.70       2.75         -2184.820713      -1370995.696399            55.396536
      1.70       2.70         -2184.821024      -1370995.891554            55.201381
      1.70       2.65         -2184.821593      -1370996.248607            54.844328
      1.70       2.60         -2184.822012      -1370996.511534            54.581402
      1.70       2.55         -2184.823167      -1370997.236307            53.856628
      1.70       2.50         -2184.823923      -1370997.710704            53.382231
      1.70       2.45         -2184.824900      -1370998.323781            52.769154
      1.70       2.40         -2184.826035      -1370999.036004            52.056931
      1.70       2.35         -2184.827193      -1370999.762660            51.330275
      1.70       2.30         -2184.828681      -1371000.696394            50.396541
      1.70       2.25         -2184.830223      -1371001.664014            49.428921
      1.70       2.20         -2184.832546      -1371003.121719            47.971217
      1.70       2.15         -2184.834633      -1371004.431331            46.661604
      1.70       2.10         -2184.837027      -1371005.933588            45.159347
      1.70       2.05         -2184.839432      -1371007.442749            43.650187
      1.70       2.00         -2184.842371      -1371009.286999            41.805936
      1.70       1.95         -2184.845499      -1371011.249849            39.843087
      1.70       1.90         -2184.848576      -1371013.180695            37.912240
      1.70       1.85         -2184.851746      -1371015.169900            35.923035
      1.70       1.80         -2184.854894      -1371017.145300            33.947635
      1.70       1.75         -2184.858195      -1371019.216709            31.876226
      1.70       1.70         -2184.860536      -1371020.685709            30.407227
      1.70       1.65         -2184.861989      -1371021.597480            29.495455
      1.70       1.60         -2184.862365      -1371021.833424            29.259512
      1.70       1.55         -2184.861057      -1371021.012641            30.080294
      1.70       1.50         -2184.857737      -1371018.929310            32.163626
      1.65       3.95         -2184.808406      -1370987.973640            63.119295
      1.65       3.90         -2184.808723      -1370988.172560            62.920375
      1.65       3.85         -2184.808695      -1370988.154990            62.937945
      1.65       3.80         -2184.809068      -1370988.389051            62.703884
      1.65       3.75         -2184.809388      -1370988.589854            62.503081
      1.65       3.70         -2184.809372      -1370988.579814            62.513121
      1.65       3.65         -2184.809774      -1370988.832073            62.260863
      1.65       3.60         -2184.809893      -1370988.906746            62.186189
      1.65       3.55         -2184.810248      -1370989.129512            61.963423
      1.65       3.50         -2184.810245      -1370989.127630            61.965306
      1.65       3.45         -2184.810441      -1370989.250622            61.842314
      1.65       3.40         -2184.810776      -1370989.460837            61.632098
      1.65       3.35         -2184.811014      -1370989.610185            61.482751
      1.65       3.30         -2184.811514      -1370989.923939            61.168996
      1.65       3.25         -2184.811749      -1370990.071404            61.021531
      1.65       3.20         -2184.812144      -1370990.319270            60.773665
      1.65       3.15         -2184.812666      -1370990.646830            60.446105
      1.65       3.10         -2184.812928      -1370990.811238            60.281698
      1.65       3.05         -2184.813372      -1370991.089852            60.003083
      1.65       3.00         -2184.814060      -1370991.521578            59.571357
      1.65       2.95         -2184.814418      -1370991.746227            59.346709
      1.65       2.90         -2184.815115      -1370992.183601            58.909334
      1.65       2.85         -2184.815497      -1370992.423310            58.669626
      1.65       2.80         -2184.815914      -1370992.684981            58.407954
      1.65       2.75         -2184.816780      -1370993.228404            57.864531
      1.65       2.70         -2184.817281      -1370993.542786            57.550149
      1.65       2.65         -2184.818309      -1370994.187866            56.905069
      1.65       2.60         -2184.819083      -1370994.673558            56.419377
      1.65       2.55         -2184.820109      -1370995.317383            55.775552
      1.65       2.50         -2184.821038      -1370995.900340            55.192596
      1.65       2.45         -2184.822399      -1370996.754380            54.338555
      1.65       2.40         -2184.823575      -1370997.492331            53.600604
      1.65       2.35         -2184.825419      -1370998.649459            52.443477
      1.65       2.30         -2184.827052      -1370999.674181            51.418754
      1.65       2.25         -2184.829213      -1371001.030229            50.062706
      1.65       2.20         -2184.831365      -1371002.380630            48.712305
      1.65       2.15         -2184.833782      -1371003.897320            47.195615
      1.65       2.10         -2184.836259      -1371005.451661            45.641274
      1.65       2.05         -2184.839185      -1371007.287754            43.805181
      1.65       2.00         -2184.842067      -1371009.096236            41.996699
      1.65       1.95         -2184.845316      -1371011.135015            39.957921
      1.65       1.90         -2184.848884      -1371013.373968            37.718967
      1.65       1.85         -2184.852135      -1371015.414002            35.678934
      1.65       1.80         -2184.855283      -1371017.389401            33.703534
      1.65       1.75         -2184.858249      -1371019.250595            31.842341
      1.65       1.70         -2184.860476      -1371020.648058            30.444877
      1.65       1.65         -2184.861919      -1371021.553554            29.539381
      1.65       1.60         -2184.862297      -1371021.790753            29.302182
      1.65       1.55         -2184.861026      -1371020.993188            30.099747
      1.65       1.50         -2184.857747      -1371018.935585            32.157351
      1.60       3.95         -2184.802170      -1370984.060491            67.032445
      1.60       3.90         -2184.802607      -1370984.334712            66.758223
      1.60       3.85         -2184.802642      -1370984.356675            66.736260
      1.60       3.80         -2184.802966      -1370984.559988            66.532947
      1.60       3.75         -2184.802865      -1370984.496610            66.596325
      1.60       3.70         -2184.803374      -1370984.816012            66.276923
      1.60       3.65         -2184.803813      -1370985.091489            66.001446
      1.60       3.60         -2184.803952      -1370985.178713            65.914223
      1.60       3.55         -2184.804133      -1370985.292292            65.800643
      1.60       3.50         -2184.804034      -1370985.230168            65.862767
      1.60       3.45         -2184.804387      -1370985.451679            65.641256
      1.60       3.40         -2184.804963      -1370985.813125            65.279811
      1.60       3.35         -2184.805086      -1370985.890308            65.202627
      1.60       3.30         -2184.805412      -1370986.094876            64.998059
      1.60       3.25         -2184.805879      -1370986.387923            64.705012
      1.60       3.20         -2184.806294      -1370986.648340            64.444595
      1.60       3.15         -2184.806959      -1370987.065634            64.027302
      1.60       3.10         -2184.807385      -1370987.332953            63.759983
      1.60       3.05         -2184.807926      -1370987.672435            63.420500
      1.60       3.00         -2184.808655      -1370988.129890            62.963046
      1.60       2.95         -2184.809139      -1370988.433604            62.659331
      1.60       2.90         -2184.809918      -1370988.922434            62.170501
      1.60       2.85         -2184.810463      -1370989.264427            61.828508
      1.60       2.80         -2184.811611      -1370989.984808            61.108128
      1.60       2.75         -2184.812346      -1370990.446027            60.646908
      1.60       2.70         -2184.813219      -1370990.993843            60.099092
      1.60       2.65         -2184.814370      -1370991.716106            59.376829
      1.60       2.60         -2184.815326      -1370992.316005            58.776930
      1.60       2.55         -2184.816827      -1370993.257897            57.835038
      1.60       2.50         -2184.818090      -1370994.050442            57.042494
      1.60       2.45         -2184.819618      -1370995.009276            56.083659
      1.60       2.40         -2184.821099      -1370995.938618            55.154318
      1.60       2.35         -2184.823084      -1370997.184224            53.908711
      1.60       2.30         -2184.824955      -1370998.358294            52.734641
      1.60       2.25         -2184.827446      -1370999.921420            51.171515
      1.60       2.20         -2184.829814      -1371001.407363            49.685573
      1.60       2.15         -2184.832345      -1371002.995589            48.097346
      1.60       2.10         -2184.835177      -1371004.772696            46.320239
      1.60       2.05         -2184.838054      -1371006.578041            44.514895
      1.60       2.00         -2184.841215      -1371008.561598            42.531337
      1.60       1.95         -2184.844649      -1371010.716466            40.376470
      1.60       1.90         -2184.847960      -1371012.794150            38.298786
      1.60       1.85         -2184.851495      -1371015.012396            36.080540
      1.60       1.80         -2184.854660      -1371016.998463            34.094472
      1.60       1.75         -2184.857565      -1371018.821378            32.271557
      1.60       1.70         -2184.860032      -1371020.369444            30.723491
      1.60       1.65         -2184.861472      -1371021.273058            29.819878
      1.60       1.60         -2184.861836      -1371021.501471            29.591464
      1.60       1.55         -2184.861552      -1371021.323258            29.769677
      1.60       1.50         -2184.858380      -1371019.332798            31.760137
      1.55       3.95         -2184.795509      -1370979.880650            71.212285
      1.55       3.90         -2184.795749      -1370980.031252            71.061683
      1.55       3.85         -2184.795673      -1370979.983562            71.109374
      1.55       3.80         -2184.795873      -1370980.109064            70.983872
      1.55       3.75         -2184.796118      -1370980.262803            70.830132
      1.55       3.70         -2184.795943      -1370980.152989            70.939946
      1.55       3.65         -2184.796490      -1370980.496237            70.596698
      1.55       3.60         -2184.796444      -1370980.467372            70.625564
      1.55       3.55         -2184.796736      -1370980.650604            70.442331
      1.55       3.50         -2184.796640      -1370980.590363            70.502572
      1.55       3.45         -2184.797377      -1370981.052838            70.040097
      1.55       3.40         -2184.797508      -1370981.135042            69.957894
      1.55       3.35         -2184.798120      -1370981.519077            69.573858
      1.55       3.30         -2184.798361      -1370981.670307            69.422628
      1.55       3.25         -2184.798827      -1370981.962727            69.130209
      1.55       3.20         -2184.799486      -1370982.376255            68.716680
      1.55       3.15         -2184.799909      -1370982.641692            68.451243
      1.55       3.10         -2184.800628      -1370983.092871            68.000064
      1.55       3.05         -2184.801517      -1370983.650727            67.442208
      1.55       3.00         -2184.802089      -1370984.009662            67.083273
      1.55       2.95         -2184.803224      -1370984.721886            66.371050
      1.55       2.90         -2184.803978      -1370985.195028            65.897907
      1.55       2.85         -2184.804891      -1370985.767944            65.324991
      1.55       2.80         -2184.806036      -1370986.486442            64.606493
      1.55       2.75         -2184.806958      -1370987.065006            64.027929
      1.55       2.70         -2184.808193      -1370987.839980            63.252955
      1.55       2.65         -2184.809291      -1370988.528986            62.563950
      1.55       2.60         -2184.810984      -1370989.591359            61.501576
      1.55       2.55         -2184.812383      -1370990.469245            60.623690
      1.55       2.50         -2184.813888      -1370991.413647            59.679289
      1.55       2.45         -2184.815694      -1370992.546929            58.546006
      1.55       2.40         -2184.817382      -1370993.606165            57.486770
      1.55       2.35         -2184.819400      -1370994.872479            56.220456
      1.55       2.30         -2184.821869      -1370996.421800            54.671135
      1.55       2.25         -2184.824144      -1370997.849384            53.243551
      1.55       2.20         -2184.826663      -1370999.430080            51.662855
      1.55       2.15         -2184.829572      -1371001.255505            49.837430
      1.55       2.10         -2184.832458      -1371003.066498            48.026438
      1.55       2.05         -2184.835607      -1371005.042525            46.050410
      1.55       2.00         -2184.838731      -1371007.002865            44.090071
      1.55       1.95         -2184.842625      -1371009.446387            41.646549
      1.55       1.90         -2184.846174      -1371011.673418            39.419518
      1.55       1.85         -2184.849547      -1371013.790007            37.302928
      1.55       1.80         -2184.852835      -1371015.853258            35.239677
      1.55       1.75         -2184.855871      -1371017.758377            33.334558
      1.55       1.70         -2184.858149      -1371019.187844            31.905092
      1.55       1.65         -2184.859718      -1371020.172406            30.920529
      1.55       1.60         -2184.860037      -1371020.372581            30.720354
      1.55       1.55         -2184.858834      -1371019.617688            31.475248
      1.55       1.50         -2184.855448      -1371017.492941            33.599995
      1.50       3.95         -2184.787298      -1370974.728170            76.364765
      1.50       3.90         -2184.787523      -1370974.869359            76.223576
      1.50       3.85         -2184.787701      -1370974.981056            76.111879
      1.50       3.80         -2184.787500      -1370974.854927            76.238009
      1.50       3.75         -2184.787793      -1370975.038787            76.054148
      1.50       3.70         -2184.788132      -1370975.251513            75.841423
      1.50       3.65         -2184.788137      -1370975.254650            75.838285
      1.50       3.60         -2184.788318      -1370975.368230            75.724706
      1.50       3.55         -2184.788119      -1370975.243355            75.849580
      1.50       3.50         -2184.788495      -1370975.479299            75.613637
      1.50       3.45         -2184.788372      -1370975.402115            75.690820
      1.50       3.40         -2184.788993      -1370975.791798            75.301137
      1.50       3.35         -2184.789096      -1370975.856432            75.236503
      1.50       3.30         -2184.789577      -1370976.158264            74.934671
      1.50       3.25         -2184.790347      -1370976.641446            74.451489
      1.50       3.20         -2184.790894      -1370976.984694            74.108241
      1.50       3.15         -2184.791889      -1370977.609066            73.483869
      1.50       3.10         -2184.792594      -1370978.051460            73.041475
      1.50       3.05         -2184.793475      -1370978.604296            72.488639
      1.50       3.00         -2184.794551      -1370979.279496            71.813439
      1.50       2.95         -2184.795358      -1370979.785896            71.307039
      1.50       2.90         -2184.796722      -1370980.641819            70.451116
      1.50       2.85         -2184.797729      -1370981.273721            69.819214
      1.50       2.80         -2184.799148      -1370982.164157            68.928778
      1.50       2.75         -2184.800301      -1370982.887676            68.205260
      1.50       2.70         -2184.801619      -1370983.714733            67.378202
      1.50       2.65         -2184.803169      -1370984.687373            66.405563
      1.50       2.60         -2184.804579      -1370985.572161            65.520774
      1.50       2.55         -2184.806557      -1370986.813375            64.279560
      1.50       2.50         -2184.808261      -1370987.882651            63.210284
      1.50       2.45         -2184.810191      -1370989.093744            61.999191
      1.50       2.40         -2184.812062      -1370990.267814            60.825121
      1.50       2.35         -2184.814492      -1370991.792662            59.300273
      1.50       2.30         -2184.816745      -1370993.206441            57.886494
      1.50       2.25         -2184.819306      -1370994.813493            56.279442
      1.50       2.20         -2184.821889      -1370996.434350            54.658585
      1.50       2.15         -2184.825023      -1370998.400965            52.691971
      1.50       2.10         -2184.828039      -1371000.293533            50.799402
      1.50       2.05         -2184.831471      -1371002.447146            48.645789
      1.50       2.00         -2184.834853      -1371004.569383            46.523552
      1.50       1.95         -2184.838386      -1371006.786374            44.306561
      1.50       1.90         -2184.841847      -1371008.958184            42.134751
      1.50       1.85         -2184.845435      -1371011.209688            39.883247
      1.50       1.80         -2184.849072      -1371013.491940            37.600995
      1.50       1.75         -2184.852073      -1371015.375096            35.717839
      1.50       1.70         -2184.854455      -1371016.869824            34.223112
      1.50       1.65         -2184.855903      -1371017.778457            33.314478
      1.50       1.60         -2184.856282      -1371018.016283            33.076652
      1.50       1.55         -2184.855112      -1371017.282097            33.810838
      1.50       1.50         -2184.851794      -1371015.200021            35.892914
