    Coord1     Coord2      Energy(Hartree)     Energy(kcal/mol)   Relative(kcal/mol)
------------------------------------------------------------------------------------------
      4.00       4.00         -2184.916971      -1371056.099206            25.326282
      3.95       4.00         -2184.917305      -1371056.308794            25.116694
      3.90       4.00         -2184.917606      -1371056.497674            24.927814
      3.85       4.00         -2184.917648      -1371056.524030            24.901458
      3.80       4.00         -2184.917925      -1371056.697850            24.727638
      3.75       4.00         -2184.917791      -1371056.613764            24.811725
      3.70       4.00         -2184.917986      -1371056.736128            24.689360
      3.65       4.00         -2184.918071      -1371056.789466            24.636022
      3.60       4.00         -2184.917951      -1371056.714165            24.711323
      3.55       4.00         -2184.917952      -1371056.714793            24.710696
      3.50       4.00         -2184.917924      -1371056.697222            24.728266
      3.45       4.00         -2184.917662      -1371056.532815            24.892673
      3.40       4.00         -2184.917626      -1371056.510225            24.915264
      3.35       4.00         -2184.917312      -1371056.313187            25.112302
      3.30       4.00         -2184.917135      -1371056.202117            25.223371
      3.25       4.00         -2184.916688      -1371055.921621            25.503868
      3.20       4.00         -2184.916287      -1371055.669989            25.755499
      3.15       4.00         -2184.916128      -1371055.570215            25.855273
      3.10       4.00         -2184.915484      -1371055.166099            26.259389
      3.05       4.00         -2184.916404      -1371055.743408            25.682080
      3.00       4.00         -2184.916090      -1371055.546370            25.879118
      2.95       4.00         -2184.915661      -1371055.277168            26.148320
      2.90       4.00         -2184.914893      -1371054.795241            26.630247
      2.85       4.00         -2184.914188      -1371054.352847            27.072641
      2.80       4.00         -2184.913710      -1371054.052897            27.372591
      2.75       4.00         -2184.912405      -1371053.233998            28.191491
      2.70       4.00         -2184.910982      -1371052.341052            29.084437
      2.65       4.00         -2184.909208      -1371051.227850            30.197638
      2.60       4.00         -2184.906991      -1371049.836661            31.588827
      2.55       4.00         -2184.904793      -1371048.457396            32.968093
      2.50       4.00         -2184.901951      -1371046.674014            34.751475
      2.45       4.00         -2184.898784      -1371044.686691            36.738797
      2.40       4.00         -2184.895627      -1371042.705644            38.719845
      2.35       4.00         -2184.892396      -1371040.678161            40.747328
      2.30       4.00         -2184.888428      -1371038.188203            43.237285
      2.25       4.00         -2184.884026      -1371035.425906            45.999582
      2.20       4.00         -2184.879161      -1371032.373073            49.052416
      2.15       4.00         -2184.874368      -1371029.365420            52.060068
      2.10       4.00         -2184.869026      -1371026.013264            55.412224
      2.05       4.00         -2184.863209      -1371022.363042            59.062447
      2.00       4.00         -2184.857872      -1371019.014023            62.411465
      1.95       4.00         -2184.852155      -1371015.426552            65.998936
      1.90       4.00         -2184.849071      -1371013.491313            67.934176
      1.85       4.00         -2184.844560      -1371010.660617            70.764871
      1.80       4.00         -2184.891638      -1371040.202508            41.222980
      1.75       4.00         -2184.895464      -1371042.603360            38.822129
      1.70       4.00         -2184.898562      -1371044.547384            36.878104
      1.65       4.00         -2184.901454      -1371046.362141            35.063347
      1.60       4.00         -2184.902632      -1371047.101348            34.324141
      1.55       4.00         -2184.902202      -1371046.831518            34.593970
      1.50       4.00         -2184.899756      -1371045.296630            36.128858
      4.00       3.95         -2184.917316      -1371056.315697            25.109792
      4.00       3.90         -2184.917253      -1371056.276164            25.149325
      4.00       3.85         -2184.917411      -1371056.375310            25.050178
      4.00       3.80         -2184.917607      -1371056.498302            24.927186
      4.00       3.75         -2184.917644      -1371056.521520            24.903968
      4.00       3.70         -2184.917723      -1371056.571093            24.854395
      4.00       3.65         -2184.917807      -1371056.623804            24.801684
      4.00       3.60         -2184.917583      -1371056.483242            24.942247
      4.00       3.55         -2184.917734      -1371056.577996            24.847493
      4.00       3.50         -2184.917764      -1371056.596821            24.828667
      4.00       3.45         -2184.917482      -1371056.419863            25.005625
      4.00       3.40         -2184.917440      -1371056.393508            25.031980
      4.00       3.35         -2184.917731      -1371056.576113            24.849375
      4.00       3.30         -2184.917620      -1371056.506460            24.919029
      4.00       3.25         -2184.917329      -1371056.323854            25.101634
      4.00       3.20         -2184.917130      -1371056.198980            25.226508
      4.00       3.15         -2184.916507      -1371055.808041            25.617447
      4.00       3.10         -2184.916285      -1371055.668734            25.756754
      4.00       3.05         -2184.916878      -1371056.040848            25.384641
      4.00       3.00         -2184.916489      -1371055.796746            25.628742
      4.00       2.95         -2184.915929      -1371055.445341            25.980147
      4.00       2.90         -2184.915145      -1371054.953374            26.472115
      4.00       2.85         -2184.914308      -1371054.428148            26.997340
      4.00       2.80         -2184.913354      -1371053.829504            27.595984
      4.00       2.75         -2184.912088      -1371053.035077            28.390411
      4.00       2.70         -2184.910716      -1371052.174134            29.251354
      4.00       2.65         -2184.909350      -1371051.316956            30.108532
      4.00       2.60         -2184.907454      -1371050.127198            31.298290
      4.00       2.55         -2184.905563      -1371048.940578            32.484910
      4.00       2.50         -2184.903671      -1371047.753330            33.672158
      4.00       2.45         -2184.901130      -1371046.158828            35.266660
      4.00       2.40         -2184.898217      -1371044.330893            37.094595
      4.00       2.35         -2184.895216      -1371042.447737            38.977751
      4.00       2.30         -2184.891621      -1371040.191841            41.233648
      4.00       2.25         -2184.888742      -1371038.385241            43.040247
      4.00       2.20         -2184.884904      -1371035.976860            45.448629
      4.00       2.15         -2184.880683      -1371033.328142            48.097346
      4.00       2.10         -2184.876433      -1371030.661227            50.764261
      4.00       2.05         -2184.871940      -1371027.841827            53.583661
      4.00       2.00         -2184.867389      -1371024.986031            56.439457
      4.00       1.95         -2184.863322      -1371022.433950            58.991538
      4.00       1.90         -2184.859833      -1371020.244570            61.180919
      4.00       1.85         -2184.856237      -1371017.988045            63.437443
      4.00       1.80         -2184.853087      -1371016.011391            65.414098
      4.00       1.75         -2184.850707      -1371014.517918            66.907570
      4.00       1.70         -2184.848417      -1371013.080921            68.344567
      4.00       1.65         -2184.848422      -1371013.084059            68.341429
      4.00       1.60         -2184.847015      -1371012.201153            69.224335
      4.00       1.55         -2184.844306      -1371010.501230            70.924258
      4.00       1.50         -2184.848657      -1371013.231524            68.193965
      3.95       3.95         -2184.917329      -1371056.323854            25.101634
      3.95       3.90         -2184.917609      -1371056.499557            24.925931
      3.95       3.85         -2184.917778      -1371056.605606            24.819882
      3.95       3.80         -2184.917865      -1371056.660199            24.765289
      3.95       3.75         -2184.918001      -1371056.745541            24.679948
      3.95       3.70         -2184.917957      -1371056.717930            24.707558
      3.95       3.65         -2184.918033      -1371056.765621            24.659867
      3.95       3.60         -2184.918165      -1371056.848452            24.577036
      3.95       3.55         -2184.917967      -1371056.724205            24.701283
      3.95       3.50         -2184.918100      -1371056.807664            24.617824
      3.95       3.45         -2184.918103      -1371056.809547            24.615942
      3.95       3.40         -2184.918113      -1371056.815822            24.609667
      3.95       3.35         -2184.917831      -1371056.638864            24.786624
      3.95       3.30         -2184.917898      -1371056.680907            24.744581
      3.95       3.25         -2184.917476      -1371056.416098            25.009390
      3.95       3.20         -2184.917364      -1371056.345817            25.079671
      3.95       3.15         -2184.917209      -1371056.248553            25.176935
      3.95       3.10         -2184.916657      -1371055.902168            25.523320
      3.95       3.05         -2184.916625      -1371055.882088            25.543401
      3.95       3.00         -2184.916077      -1371055.538212            25.887276
      3.95       2.95         -2184.915459      -1371055.150412            26.275077
      3.95       2.90         -2184.915135      -1371054.947098            26.478390
      3.95       2.85         -2184.914206      -1371054.364142            27.061346
      3.95       2.80         -2184.913278      -1371053.781813            27.643675
      3.95       2.75         -2184.912437      -1371053.254078            28.171410
      3.95       2.70         -2184.911025      -1371052.368035            29.057454
      3.95       2.65         -2184.909697      -1371051.534702            29.890786
      3.95       2.60         -2184.907849      -1371050.375064            31.050424
      3.95       2.55         -2184.905868      -1371049.131968            32.293520
      3.95       2.50         -2184.904448      -1371048.240905            33.184584
      3.95       2.45         -2184.902114      -1371046.776298            34.649191
      3.95       2.40         -2184.899219      -1371044.959658            36.465831
      3.95       2.35         -2184.896262      -1371043.104112            38.321376
      3.95       2.30         -2184.892763      -1371040.908457            40.517032
      3.95       2.25         -2184.889947      -1371039.141390            42.284098
      3.95       2.20         -2184.886105      -1371036.730498            44.694990
      3.95       2.15         -2184.882084      -1371034.207283            47.218205
      3.95       2.10         -2184.877736      -1371031.478872            49.946617
      3.95       2.05         -2184.873345      -1371028.723478            52.702011
      3.95       2.00         -2184.869111      -1371026.066602            55.358886
      3.95       1.95         -2184.864894      -1371023.420395            58.005093
      3.95       1.90         -2184.860937      -1371020.937340            60.488148
      3.95       1.85         -2184.857694      -1371018.902327            62.523161
      3.95       1.80         -2184.854598      -1371016.959557            64.465931
      3.95       1.75         -2184.853326      -1371016.161365            65.264123
      3.95       1.70         -2184.851611      -1371015.085187            66.340302
      3.95       1.65         -2184.850121      -1371014.150198            67.275291
      3.95       1.60         -2184.848004      -1371012.821760            68.603728
      3.95       1.55         -2184.852944      -1371015.921657            65.503831
      3.95       1.50         -2184.850110      -1371014.143295            67.282193
      3.90       3.95         -2184.917779      -1371056.606234            24.819255
      3.90       3.90         -2184.917921      -1371056.695340            24.730148
      3.90       3.85         -2184.918094      -1371056.803899            24.621589
      3.90       3.80         -2184.918132      -1371056.827744            24.597744
      3.90       3.75         -2184.918254      -1371056.904301            24.521188
      3.90       3.70         -2184.918299      -1371056.932538            24.492950
      3.90       3.65         -2184.918406      -1371056.999682            24.425806
      3.90       3.60         -2184.918543      -1371057.085651            24.339837
      3.90       3.55         -2184.918400      -1371056.995917            24.429571
      3.90       3.50         -2184.918393      -1371056.991524            24.433964
      3.90       3.45         -2184.918465      -1371057.036705            24.388783
      3.90       3.40         -2184.918355      -1371056.967679            24.457809
      3.90       3.35         -2184.918400      -1371056.995917            24.429571
      3.90       3.30         -2184.918280      -1371056.920616            24.504872
      3.90       3.25         -2184.918183      -1371056.859747            24.565741
      3.90       3.20         -2184.917787      -1371056.611254            24.814235
      3.90       3.15         -2184.917629      -1371056.512107            24.913381
      3.90       3.10         -2184.917490      -1371056.424883            25.000605
      3.90       3.05         -2184.916903      -1371056.056535            25.368953
      3.90       3.00         -2184.916487      -1371055.795491            25.629997
      3.90       2.95         -2184.916079      -1371055.539467            25.886021
      3.90       2.90         -2184.915245      -1371055.016125            26.409364
      3.90       2.85         -2184.914321      -1371054.436306            26.989182
      3.90       2.80         -2184.914437      -1371054.509097            26.916391
      3.90       2.75         -2184.913446      -1371053.887235            27.538253
      3.90       2.70         -2184.912207      -1371053.109751            28.315738
      3.90       2.65         -2184.910668      -1371052.144014            29.281475
      3.90       2.60         -2184.908938      -1371051.058422            30.367066
      3.90       2.55         -2184.906989      -1371049.835406            31.590082
      3.90       2.50         -2184.904834      -1371048.483123            32.942365
      3.90       2.45         -2184.902354      -1371046.926900            34.498588
      3.90       2.40         -2184.899722      -1371045.275295            36.150193
      3.90       2.35         -2184.896602      -1371043.317465            38.108023
      3.90       2.30         -2184.893168      -1371041.162598            40.262890
      3.90       2.25         -2184.889659      -1371038.960667            42.464821
      3.90       2.20         -2184.885648      -1371036.443727            44.981762
      3.90       2.15         -2184.882061      -1371034.192850            47.232638
      3.90       2.10         -2184.877864      -1371031.559193            49.866295
      3.90       2.05         -2184.874025      -1371029.150184            52.275304
      3.90       2.00         -2184.869964      -1371026.601868            54.823620
      3.90       1.95         -2184.865811      -1371023.995821            57.429667
      3.90       1.90         -2184.862021      -1371021.617560            59.807928
      3.90       1.85         -2184.858385      -1371019.335936            62.089552
      3.90       1.80         -2184.855473      -1371017.508628            63.916860
      3.90       1.75         -2184.854332      -1371016.792640            64.632848
      3.90       1.70         -2184.852607      -1371015.710186            65.715302
      3.90       1.65         -2184.851272      -1371014.872461            66.553027
      3.90       1.60         -2184.849390      -1371013.691488            67.734000
      3.90       1.55         -2184.849053      -1371013.480017            67.945471
      3.90       1.50         -2184.852416      -1371015.590332            65.835156
      3.85       3.95         -2184.917876      -1371056.667102            24.758386
      3.85       3.90         -2184.918101      -1371056.808292            24.617197
      3.85       3.85         -2184.918262      -1371056.909321            24.516168
      3.85       3.80         -2184.918291      -1371056.927518            24.497970
      3.85       3.75         -2184.918470      -1371057.039843            24.385646
      3.85       3.70         -2184.918526      -1371057.074983            24.350505
      3.85       3.65         -2184.918669      -1371057.164717            24.260771
      3.85       3.60         -2184.918752      -1371057.216800            24.208688
      3.85       3.55         -2184.918643      -1371057.148402            24.277087
      3.85       3.50         -2184.918684      -1371057.174130            24.251359
      3.85       3.45         -2184.918744      -1371057.211780            24.213708
      3.85       3.40         -2184.918670      -1371057.165344            24.260144
      3.85       3.35         -2184.918663      -1371057.160952            24.264536
      3.85       3.30         -2184.918557      -1371057.094436            24.331052
      3.85       3.25         -2184.918427      -1371057.012860            24.412629
      3.85       3.20         -2184.918156      -1371056.842805            24.582684
      3.85       3.15         -2184.918316      -1371056.943206            24.482282
      3.85       3.10         -2184.918041      -1371056.770641            24.654847
      3.85       3.05         -2184.917598      -1371056.492654            24.932834
      3.85       3.00         -2184.917094      -1371056.176390            25.249099
      3.85       2.95         -2184.916850      -1371056.023277            25.402211
      3.85       2.90         -2184.916106      -1371055.556410            25.869078
      3.85       2.85         -2184.915324      -1371055.065698            26.359790
      3.85       2.80         -2184.914409      -1371054.491527            26.933962
      3.85       2.75         -2184.913084      -1371053.660077            27.765412
      3.85       2.70         -2184.911753      -1371052.824861            28.600627
      3.85       2.65         -2184.910957      -1371052.325364            29.100124
      3.85       2.60         -2184.909367      -1371051.327624            30.097864
      3.85       2.55         -2184.907225      -1371049.983499            31.441990
      3.85       2.50         -2184.905185      -1371048.703379            32.722109
      3.85       2.45         -2184.902532      -1371047.038597            34.386892
      3.85       2.40         -2184.899975      -1371045.434055            35.991433
      3.85       2.35         -2184.896799      -1371043.441085            37.984403
      3.85       2.30         -2184.893724      -1371041.511493            39.913995
      3.85       2.25         -2184.890048      -1371039.204768            42.220720
      3.85       2.20         -2184.886861      -1371037.204896            44.220593
      3.85       2.15         -2184.882928      -1371034.736901            46.688587
      3.85       2.10         -2184.878838      -1371032.170387            49.255101
      3.85       2.05         -2184.874545      -1371029.476489            51.948999
      3.85       2.00         -2184.870696      -1371027.061205            54.364283
      3.85       1.95         -2184.866732      -1371024.573757            56.851731
      3.85       1.90         -2184.863469      -1371022.526194            58.899294
      3.85       1.85         -2184.860186      -1371020.466080            60.959408
      3.85       1.80         -2184.857823      -1371018.983276            62.442213
      3.85       1.75         -2184.855677      -1371017.636640            63.788848
      3.85       1.70         -2184.855232      -1371017.357398            64.068090
      3.85       1.65         -2184.854075      -1371016.631370            64.794118
      3.85       1.60         -2184.852230      -1371015.473615            65.951873
      3.85       1.55         -2184.849907      -1371014.015911            67.409578
      3.85       1.50         -2184.845831      -1371011.458182            69.967306
      3.80       3.95         -2184.918090      -1371056.801389            24.624099
      3.80       3.90         -2184.918304      -1371056.935676            24.489812
      3.80       3.85         -2184.918456      -1371057.031057            24.394431
      3.80       3.80         -2184.918604      -1371057.123929            24.301559
      3.80       3.75         -2184.918671      -1371057.165972            24.259516
      3.80       3.70         -2184.918805      -1371057.250058            24.175430
      3.80       3.65         -2184.918650      -1371057.152794            24.272694
      3.80       3.60         -2184.918785      -1371057.237508            24.187980
      3.80       3.55         -2184.918928      -1371057.327242            24.098246
      3.80       3.50         -2184.918888      -1371057.302142            24.123347
      3.80       3.45         -2184.919223      -1371057.512357            23.913131
      3.80       3.40         -2184.919169      -1371057.478472            23.947017
      3.80       3.35         -2184.919118      -1371057.446469            23.979020
      3.80       3.30         -2184.919347      -1371057.590168            23.835320
      3.80       3.25         -2184.919248      -1371057.528045            23.897443
      3.80       3.20         -2184.919067      -1371057.414466            24.011023
      3.80       3.15         -2184.918790      -1371057.240646            24.184843
      3.80       3.10         -2184.918414      -1371057.004702            24.420786
      3.80       3.05         -2184.918022      -1371056.758718            24.666770
      3.80       3.00         -2184.917701      -1371056.557288            24.868200
      3.80       2.95         -2184.917082      -1371056.168859            25.256629
      3.80       2.90         -2184.916371      -1371055.722700            25.702788
      3.80       2.85         -2184.915590      -1371055.232615            26.192873
      3.80       2.80         -2184.914416      -1371054.495919            26.929569
      3.80       2.75         -2184.913479      -1371053.907943            27.517545
      3.80       2.70         -2184.912457      -1371053.266628            28.158860
      3.80       2.65         -2184.910893      -1371052.285203            29.140285
      3.80       2.60         -2184.909304      -1371051.288091            30.137398
      3.80       2.55         -2184.907719      -1371050.293488            31.132000
      3.80       2.50         -2184.905451      -1371048.870297            32.555192
      3.80       2.45         -2184.903263      -1371047.497306            33.928182
      3.80       2.40         -2184.900466      -1371045.742162            35.683326
      3.80       2.35         -2184.897602      -1371043.944975            37.480513
      3.80       2.30         -2184.894200      -1371041.810188            39.615301
      3.80       2.25         -2184.890963      -1371039.778939            41.646549
      3.80       2.20         -2184.887142      -1371037.381226            44.044262
      3.80       2.15         -2184.883064      -1371034.822242            46.603246
      3.80       2.10         -2184.879181      -1371032.385623            49.039865
      3.80       2.05         -2184.876027      -1371030.406458            51.019030
      3.80       2.00         -2184.872131      -1371027.961681            53.463807
      3.80       1.95         -2184.868294      -1371025.553927            55.871561
      3.80       1.90         -2184.864657      -1371023.271675            58.153813
      3.80       1.85         -2184.861687      -1371021.407972            60.017516
      3.80       1.80         -2184.858935      -1371019.681066            61.744422
      3.80       1.75         -2184.860151      -1371020.444118            60.981371
      3.80       1.70         -2184.859170      -1371019.828531            61.596957
      3.80       1.65         -2184.858400      -1371019.345348            62.080140
      3.80       1.60         -2184.857566      -1371018.822006            62.603483
      3.80       1.55         -2184.855363      -1371017.439602            63.985886
      3.80       1.50         -2184.851552      -1371015.048164            66.377325
      3.75       3.95         -2184.918113      -1371056.815822            24.609667
      3.75       3.90         -2184.918348      -1371056.963286            24.462202
      3.75       3.85         -2184.918536      -1371057.081258            24.344230
      3.75       3.80         -2184.918667      -1371057.163462            24.262026
      3.75       3.75         -2184.918795      -1371057.243783            24.181705
      3.75       3.70         -2184.918968      -1371057.352342            24.073146
      3.75       3.65         -2184.918883      -1371057.299004            24.126484
      3.75       3.60         -2184.919115      -1371057.444586            23.980902
      3.75       3.55         -2184.919213      -1371057.506082            23.919406
      3.75       3.50         -2184.919028      -1371057.389993            24.035495
      3.75       3.45         -2184.919247      -1371057.527417            23.898071
      3.75       3.40         -2184.919103      -1371057.437056            23.988432
      3.75       3.35         -2184.919156      -1371057.470314            23.955174
      3.75       3.30         -2184.919121      -1371057.448351            23.977137
      3.75       3.25         -2184.918739      -1371057.208643            24.216846
      3.75       3.20         -2184.918686      -1371057.175385            24.250104
      3.75       3.15         -2184.918541      -1371057.084396            24.341092
      3.75       3.10         -2184.918217      -1371056.881083            24.544406
      3.75       3.05         -2184.918774      -1371057.230605            24.194883
      3.75       3.00         -2184.918253      -1371056.903673            24.521815
      3.75       2.95         -2184.917824      -1371056.634471            24.791017
      3.75       2.90         -2184.917215      -1371056.252318            25.173170
      3.75       2.85         -2184.916458      -1371055.777294            25.648195
      3.75       2.80         -2184.915431      -1371055.132841            26.292647
      3.75       2.75         -2184.914404      -1371054.488389            26.937099
      3.75       2.70         -2184.912930      -1371053.563440            27.862048
      3.75       2.65         -2184.911613      -1371052.737010            28.688478
      3.75       2.60         -2184.910031      -1371051.744290            29.681198
      3.75       2.55         -2184.907948      -1371050.437188            30.988300
      3.75       2.50         -2184.906311      -1371049.409955            32.015533
      3.75       2.45         -2184.903888      -1371047.889499            33.535989
      3.75       2.40         -2184.901242      -1371046.229109            35.196379
      3.75       2.35         -2184.898100      -1371044.257475            37.168014
      3.75       2.30         -2184.895198      -1371042.436442            38.989046
      3.75       2.25         -2184.891662      -1371040.217569            41.207920
      3.75       2.20         -2184.888403      -1371038.172515            43.252973
      3.75       2.15         -2184.884575      -1371035.770409            45.655079
      3.75       2.10         -2184.880587      -1371033.267901            48.157587
      3.75       2.05         -2184.876488      -1371030.695740            50.729748
      3.75       2.00         -2184.873345      -1371028.723478            52.702011
      3.75       1.95         -2184.869692      -1371026.431185            54.994303
      3.75       1.90         -2184.866237      -1371024.263140            57.162348
      3.75       1.85         -2184.863324      -1371022.435205            58.990283
      3.75       1.80         -2184.860641      -1371020.751597            60.673891
      3.75       1.75         -2184.858907      -1371019.663496            61.761992
      3.75       1.70         -2184.857252      -1371018.624968            62.800521
      3.75       1.65         -2184.856503      -1371018.154963            63.270525
      3.75       1.60         -2184.854877      -1371017.134633            64.290856
      3.75       1.55         -2184.852591      -1371015.700146            65.725342
      3.75       1.50         -2184.856409      -1371018.095977            63.329511
      3.70       3.95         -2184.918219      -1371056.882338            24.543151
      3.70       3.90         -2184.918457      -1371057.031685            24.393803
      3.70       3.85         -2184.918667      -1371057.163462            24.262026
      3.70       3.80         -2184.918646      -1371057.150284            24.275204
      3.70       3.75         -2184.918897      -1371057.307789            24.117699
      3.70       3.70         -2184.919098      -1371057.433919            23.991570
      3.70       3.65         -2184.919167      -1371057.477217            23.948272
      3.70       3.60         -2184.919297      -1371057.558793            23.866695
      3.70       3.55         -2184.919126      -1371057.451489            23.973999
      3.70       3.50         -2184.919189      -1371057.491022            23.934466
      3.70       3.45         -2184.919381      -1371057.611504            23.813985
      3.70       3.40         -2184.919140      -1371057.460274            23.965214
      3.70       3.35         -2184.919312      -1371057.568206            23.857283
      3.70       3.30         -2184.919429      -1371057.641624            23.783864
      3.70       3.25         -2184.919130      -1371057.453999            23.971489
      3.70       3.20         -2184.919147      -1371057.464666            23.960822
      3.70       3.15         -2184.918998      -1371057.371168            24.054321
      3.70       3.10         -2184.918459      -1371057.032940            24.392548
      3.70       3.05         -2184.918215      -1371056.879828            24.545661
      3.70       3.00         -2184.917971      -1371056.726715            24.698773
      3.70       2.95         -2184.917264      -1371056.283066            25.142422
      3.70       2.90         -2184.917473      -1371056.414216            25.011273
      3.70       2.85         -2184.916754      -1371055.963036            25.462452
      3.70       2.80         -2184.915838      -1371055.388238            26.037251
      3.70       2.75         -2184.914791      -1371054.731235            26.694253
      3.70       2.70         -2184.913435      -1371053.880332            27.545156
      3.70       2.65         -2184.912060      -1371053.017507            28.407981
      3.70       2.60         -2184.910632      -1371052.121423            29.304065
      3.70       2.55         -2184.908684      -1371050.899035            30.526453
      3.70       2.50         -2184.906630      -1371049.610130            31.815358
      3.70       2.45         -2184.904093      -1371048.018139            33.407349
      3.70       2.40         -2184.901548      -1371046.421127            35.004361
      3.70       2.35         -2184.898855      -1371044.731244            36.694244
      3.70       2.30         -2184.895621      -1371042.701879            38.723610
      3.70       2.25         -2184.892335      -1371040.639882            40.785606
      3.70       2.20         -2184.888564      -1371038.273544            43.151944
      3.70       2.15         -2184.885912      -1371036.609389            44.816099
      3.70       2.10         -2184.882067      -1371034.196615            47.228873
      3.70       2.05         -2184.878214      -1371031.778821            49.646667
      3.70       2.00         -2184.874571      -1371029.492804            51.932684
      3.70       1.95         -2184.870912      -1371027.196747            54.228741
      3.70       1.90         -2184.867584      -1371025.108395            56.317093
      3.70       1.85         -2184.864886      -1371023.415375            58.010113
      3.70       1.80         -2184.862373      -1371021.838444            59.587045
      3.70       1.75         -2184.860796      -1371020.848861            60.576627
      3.70       1.70         -2184.859218      -1371019.858651            61.566837
      3.70       1.65         -2184.858808      -1371019.601372            61.824116
      3.70       1.60         -2184.857145      -1371018.557824            62.867664
      3.70       1.55         -2184.854513      -1371016.906219            64.519269
      3.70       1.50         -2184.857672      -1371018.888522            62.536967
      3.65       3.95         -2184.918323      -1371056.947599            24.477890
      3.65       3.90         -2184.918544      -1371057.086278            24.339210
      3.65       3.85         -2184.918662      -1371057.160324            24.265164
      3.65       3.80         -2184.918848      -1371057.277041            24.148447
      3.65       3.75         -2184.919057      -1371057.408191            24.017298
      3.65       3.70         -2184.919172      -1371057.480354            23.945134
      3.65       3.65         -2184.919328      -1371057.578246            23.847243
      3.65       3.60         -2184.919435      -1371057.645389            23.780099
      3.65       3.55         -2184.919592      -1371057.743908            23.681580
      3.65       3.50         -2184.919654      -1371057.782814            23.642674
      3.65       3.45         -2184.919744      -1371057.839290            23.586199
      3.65       3.40         -2184.919781      -1371057.862508            23.562981
      3.65       3.35         -2184.919530      -1371057.705003            23.720486
      3.65       3.30         -2184.919708      -1371057.816699            23.608789
      3.65       3.25         -2184.919650      -1371057.780304            23.645184
      3.65       3.20         -2184.919365      -1371057.601464            23.824025
      3.65       3.15         -2184.919151      -1371057.467177            23.958312
      3.65       3.10         -2184.919074      -1371057.418858            24.006630
      3.65       3.05         -2184.918589      -1371057.114516            24.310972
      3.65       3.00         -2184.918253      -1371056.903673            24.521815
      3.65       2.95         -2184.917928      -1371056.699732            24.725756
      3.65       2.90         -2184.917163      -1371056.219688            25.205801
      3.65       2.85         -2184.916545      -1371055.831887            25.593601
      3.65       2.80         -2184.916417      -1371055.751566            25.673923
      3.65       2.75         -2184.915492      -1371055.171119            26.254369
      3.65       2.70         -2184.914265      -1371054.401165            27.024323
      3.65       2.65         -2184.912847      -1371053.511357            27.914131
      3.65       2.60         -2184.911198      -1371052.476594            28.948895
      3.65       2.55         -2184.909353      -1371051.318839            30.106650
      3.65       2.50         -2184.907224      -1371049.982871            31.442617
      3.65       2.45         -2184.905003      -1371048.589172            32.836316
      3.65       2.40         -2184.902254      -1371046.864149            34.561339
      3.65       2.35         -2184.899581      -1371045.186816            36.238672
      3.65       2.30         -2184.896367      -1371043.170001            38.255488
      3.65       2.25         -2184.893183      -1371041.172011            40.253478
      3.65       2.20         -2184.889531      -1371038.880346            42.545142
      3.65       2.15         -2184.886072      -1371036.709791            44.715698
      3.65       2.10         -2184.882242      -1371034.306429            47.119059
      3.65       2.05         -2184.878853      -1371032.179800            49.245689
      3.65       2.00         -2184.875239      -1371029.911981            51.513508
      3.65       1.95         -2184.871727      -1371027.708167            53.717321
      3.65       1.90         -2184.868317      -1371025.568360            55.857128
      3.65       1.85         -2184.866527      -1371024.445118            56.980370
      3.65       1.80         -2184.864352      -1371023.080285            58.345203
      3.65       1.75         -2184.862736      -1371022.066230            59.359259
      3.65       1.70         -2184.861445      -1371021.256115            60.169373
      3.65       1.65         -2184.859947      -1371020.316106            61.109383
      3.65       1.60         -2184.859930      -1371020.305438            61.120050
      3.65       1.55         -2184.858102      -1371019.158351            62.267138
      3.65       1.50         -2184.854236      -1371016.732399            64.693089
      3.60       3.95         -2184.918241      -1371056.896143            24.529345
      3.60       3.90         -2184.918496      -1371057.056158            24.369330
      3.60       3.85         -2184.918737      -1371057.207388            24.218101
      3.60       3.80         -2184.918949      -1371057.340420            24.085069
      3.60       3.75         -2184.919070      -1371057.416348            24.009140
      3.60       3.70         -2184.919266      -1371057.539340            23.886148
      3.60       3.65         -2184.919174      -1371057.481609            23.943879
      3.60       3.60         -2184.919558      -1371057.722573            23.702915
      3.60       3.55         -2184.919571      -1371057.730731            23.694758
      3.60       3.50         -2184.919671      -1371057.793481            23.632007
      3.60       3.45         -2184.919857      -1371057.910198            23.515290
      3.60       3.40         -2184.919714      -1371057.820464            23.605024
      3.60       3.35         -2184.919824      -1371057.889490            23.535998
      3.60       3.30         -2184.919850      -1371057.905806            23.519683
      3.60       3.25         -2184.919565      -1371057.726965            23.698523
      3.60       3.20         -2184.919341      -1371057.586403            23.839085
      3.60       3.15         -2184.919349      -1371057.591423            23.834065
      3.60       3.10         -2184.918862      -1371057.285826            24.139662
      3.60       3.05         -2184.918765      -1371057.224958            24.200530
      3.60       3.00         -2184.918114      -1371056.816449            24.609039
      3.60       2.95         -2184.917797      -1371056.617529            24.807960
      3.60       2.90         -2184.917969      -1371056.725460            24.700028
      3.60       2.85         -2184.917372      -1371056.350837            25.074651
      3.60       2.80         -2184.916491      -1371055.798001            25.627487
      3.60       2.75         -2184.915518      -1371055.187435            26.238054
      3.60       2.70         -2184.914145      -1371054.325864            27.099624
      3.60       2.65         -2184.912843      -1371053.508847            27.916641
      3.60       2.60         -2184.911519      -1371052.678024            28.747464
      3.60       2.55         -2184.909625      -1371051.489521            29.935967
      3.60       2.50         -2184.907450      -1371050.124688            31.300800
      3.60       2.45         -2184.905249      -1371048.743540            32.681948
      3.60       2.40         -2184.902468      -1371046.998436            34.427052
      3.60       2.35         -2184.899919      -1371045.398914            36.026574
      3.60       2.30         -2184.897327      -1371043.772410            37.653078
      3.60       2.25         -2184.894059      -1371041.721709            39.703779
      3.60       2.20         -2184.890506      -1371039.492168            41.933321
      3.60       2.15         -2184.886915      -1371037.238781            44.186707
      3.60       2.10         -2184.883056      -1371034.817222            46.608266
      3.60       2.05         -2184.879512      -1371032.593328            48.832160
      3.60       2.00         -2184.875859      -1371030.301036            51.124452
      3.60       1.95         -2184.872695      -1371028.315596            53.109892
      3.60       1.90         -2184.869562      -1371026.349609            55.075879
      3.60       1.85         -2184.867149      -1371024.835429            56.590059
      3.60       1.80         -2184.864993      -1371023.482518            57.942970
      3.60       1.75         -2184.866182      -1371024.228627            57.196861
      3.60       1.70         -2184.865598      -1371023.862162            57.563327
      3.60       1.65         -2184.864899      -1371023.423533            58.001956
      3.60       1.60         -2184.863881      -1371022.784728            58.640760
      3.60       1.55         -2184.861701      -1371021.416757            60.008731
      3.60       1.50         -2184.858200      -1371019.219847            62.205642
      3.55       3.95         -2184.918308      -1371056.938186            24.487302
      3.55       3.90         -2184.918502      -1371057.059923            24.365565
      3.55       3.85         -2184.918761      -1371057.222448            24.203040
      3.55       3.80         -2184.918973      -1371057.355480            24.070008
      3.55       3.75         -2184.919165      -1371057.475962            23.949527
      3.55       3.70         -2184.919381      -1371057.611504            23.813985
      3.55       3.65         -2184.919346      -1371057.589541            23.835947
      3.55       3.60         -2184.919622      -1371057.762733            23.662755
      3.55       3.55         -2184.919793      -1371057.870038            23.555451
      3.55       3.50         -2184.919681      -1371057.799757            23.625732
      3.55       3.45         -2184.919914      -1371057.945966            23.479522
      3.55       3.40         -2184.919713      -1371057.819837            23.605651
      3.55       3.35         -2184.919955      -1371057.971694            23.453794
      3.55       3.30         -2184.919733      -1371057.832387            23.593101
      3.55       3.25         -2184.919725      -1371057.827367            23.598121
      3.55       3.20         -2184.919801      -1371057.875058            23.550431
      3.55       3.15         -2184.919624      -1371057.763989            23.661500
      3.55       3.10         -2184.919517      -1371057.696845            23.728643
      3.55       3.05         -2184.919027      -1371057.389365            24.036123
      3.55       3.00         -2184.918785      -1371057.237508            24.187980
      3.55       2.95         -2184.919030      -1371057.391248            24.034240
      3.55       2.90         -2184.918449      -1371057.026665            24.398823
      3.55       2.85         -2184.917718      -1371056.567955            24.857533
      3.55       2.80         -2184.916871      -1371056.036455            25.389033
      3.55       2.75         -2184.915850      -1371055.395768            26.029720
      3.55       2.70         -2184.914726      -1371054.690447            26.735041
      3.55       2.65         -2184.913168      -1371053.712787            27.712701
      3.55       2.60         -2184.912076      -1371053.027547            28.397941
      3.55       2.55         -2184.910342      -1371051.939446            29.486043
      3.55       2.50         -2184.908139      -1371050.557042            30.868446
      3.55       2.45         -2184.905834      -1371049.110633            32.314855
      3.55       2.40         -2184.903446      -1371047.612140            33.813348
      3.55       2.35         -2184.900505      -1371045.766635            35.658853
      3.55       2.30         -2184.897679      -1371043.993293            37.432195
      3.55       2.25         -2184.894332      -1371041.893019            39.532469
      3.55       2.20         -2184.890974      -1371039.785842            41.639646
      3.55       2.15         -2184.887260      -1371037.455272            43.970216
      3.55       2.10         -2184.883826      -1371035.300404            46.125084
      3.55       2.05         -2184.880139      -1371032.986777            48.438711
      3.55       2.00         -2184.877009      -1371031.022672            50.402816
      3.55       1.95         -2184.873773      -1371028.992052            52.433437
      3.55       1.90         -2184.871493      -1371027.561330            53.864158
      3.55       1.85         -2184.868979      -1371025.983771            55.441717
      3.55       1.80         -2184.867087      -1371024.796523            56.628965
      3.55       1.75         -2184.865530      -1371023.819491            57.605997
      3.55       1.70         -2184.864251      -1371023.016906            58.408582
      3.55       1.65         -2184.863217      -1371022.368062            59.057427
      3.55       1.60         -2184.861414      -1371021.236662            60.188826
      3.55       1.55         -2184.864352      -1371023.080285            58.345203
      3.55       1.50         -2184.861082      -1371021.028329            60.397159
      3.50       3.95         -2184.918168      -1371056.850335            24.575154
      3.50       3.90         -2184.918452      -1371057.028547            24.396941
      3.50       3.85         -2184.918698      -1371057.182915            24.242574
      3.50       3.80         -2184.918864      -1371057.287081            24.138407
      3.50       3.75         -2184.919068      -1371057.415093            24.010395
      3.50       3.70         -2184.919233      -1371057.518632            23.906856
      3.50       3.65         -2184.919377      -1371057.608994            23.816495
      3.50       3.60         -2184.919562      -1371057.725083            23.700405
      3.50       3.55         -2184.919672      -1371057.794109            23.631379
      3.50       3.50         -2184.919880      -1371057.924631            23.500857
      3.50       3.45         -2184.919735      -1371057.833642            23.591846
      3.50       3.40         -2184.919935      -1371057.959144            23.466344
      3.50       3.35         -2184.920490      -1371058.307412            23.118077
      3.50       3.30         -2184.920558      -1371058.350082            23.075406
      3.50       3.25         -2184.920512      -1371058.321217            23.104271
      3.50       3.20         -2184.920416      -1371058.260976            23.164512
      3.50       3.15         -2184.920026      -1371058.016247            23.409241
      3.50       3.10         -2184.919936      -1371057.959771            23.465717
      3.50       3.05         -2184.919672      -1371057.794109            23.631379
      3.50       3.00         -2184.919043      -1371057.399406            24.026083
      3.50       2.95         -2184.918736      -1371057.206760            24.218728
      3.50       2.90         -2184.918252      -1371056.903046            24.522443
      3.50       2.85         -2184.917372      -1371056.350837            25.074651
      3.50       2.80         -2184.916640      -1371055.891500            25.533988
      3.50       2.75         -2184.915938      -1371055.450989            25.974500
      3.50       2.70         -2184.914675      -1371054.658444            26.767044
      3.50       2.65         -2184.913338      -1371053.819464            27.606024
      3.50       2.60         -2184.911918      -1371052.928401            28.497088
      3.50       2.55         -2184.910022      -1371051.738643            29.686846
      3.50       2.50         -2184.908246      -1371050.624186            30.801303
      3.50       2.45         -2184.905909      -1371049.157696            32.267792
      3.50       2.40         -2184.903772      -1371047.816708            33.608780
      3.50       2.35         -2184.901045      -1371046.105490            35.319998
      3.50       2.30         -2184.898240      -1371044.345326            37.080162
      3.50       2.25         -2184.894978      -1371042.298390            39.127098
      3.50       2.20         -2184.891555      -1371040.150425            41.275063
      3.50       2.15         -2184.888099      -1371037.981752            43.443736
      3.50       2.10         -2184.885004      -1371036.039611            45.385878
      3.50       2.05         -2184.881511      -1371033.847720            47.577768
      3.50       2.00         -2184.878126      -1371031.723600            49.701888
      3.50       1.95         -2184.874813      -1371029.644661            51.780827
      3.50       1.90         -2184.872152      -1371027.974859            53.450629
      3.50       1.85         -2184.869608      -1371026.378475            55.047014
      3.50       1.80         -2184.868210      -1371025.501216            55.924272
      3.50       1.75         -2184.866853      -1371024.649686            56.775802
      3.50       1.70         -2184.866534      -1371024.449511            56.975978
      3.50       1.65         -2184.865688      -1371023.918638            57.506851
      3.50       1.60         -2184.864439      -1371023.134878            58.290610
      3.50       1.55         -2184.861907      -1371021.546024            59.879464
      3.50       1.50         -2184.857954      -1371019.065479            62.360009
      3.45       3.95         -2184.918036      -1371056.767503            24.657985
      3.45       3.90         -2184.918278      -1371056.919361            24.506127
      3.45       3.85         -2184.918588      -1371057.113889            24.311600
      3.45       3.80         -2184.918868      -1371057.289591            24.135897
      3.45       3.75         -2184.918888      -1371057.302142            24.123347
      3.45       3.70         -2184.918970      -1371057.353597            24.071891
      3.45       3.65         -2184.919313      -1371057.568833            23.856655
      3.45       3.60         -2184.919623      -1371057.763361            23.662127
      3.45       3.55         -2184.919689      -1371057.804777            23.620712
      3.45       3.50         -2184.919901      -1371057.937809            23.487680
      3.45       3.45         -2184.919884      -1371057.927141            23.498347
      3.45       3.40         -2184.920177      -1371058.111001            23.314487
      3.45       3.35         -2184.920000      -1371057.999932            23.425556
      3.45       3.30         -2184.920113      -1371058.070841            23.354648
      3.45       3.25         -2184.920250      -1371058.156809            23.268679
      3.45       3.20         -2184.919977      -1371057.985499            23.439989
      3.45       3.15         -2184.919992      -1371057.994912            23.430576
      3.45       3.10         -2184.919558      -1371057.722573            23.702915
      3.45       3.05         -2184.919465      -1371057.664215            23.761274
      3.45       3.00         -2184.919163      -1371057.474707            23.950782
      3.45       2.95         -2184.918795      -1371057.243783            24.181705
      3.45       2.90         -2184.918159      -1371056.844687            24.580801
      3.45       2.85         -2184.917589      -1371056.487007            24.938482
      3.45       2.80         -2184.916556      -1371055.838789            25.586699
      3.45       2.75         -2184.916210      -1371055.621671            25.803817
      3.45       2.70         -2184.915132      -1371054.945216            26.480272
      3.45       2.65         -2184.913806      -1371054.113138            27.312350
      3.45       2.60         -2184.912491      -1371053.287963            28.137525
      3.45       2.55         -2184.910740      -1371052.189194            29.236294
      3.45       2.50         -2184.908837      -1371050.995044            30.430444
      3.45       2.45         -2184.906465      -1371049.506591            31.918897
      3.45       2.40         -2184.904193      -1371048.080890            33.344598
      3.45       2.35         -2184.901754      -1371046.550394            34.875094
      3.45       2.30         -2184.898857      -1371044.732499            36.692989
      3.45       2.25         -2184.895715      -1371042.760865            38.664624
      3.45       2.20         -2184.892527      -1371040.760364            40.665124
      3.45       2.15         -2184.889043      -1371038.574121            42.851367
      3.45       2.10         -2184.885509      -1371036.356503            45.068985
      3.45       2.05         -2184.882238      -1371034.303919            47.121569
      3.45       2.00         -2184.878964      -1371032.249453            49.176035
      3.45       1.95         -2184.876002      -1371030.390770            51.034718
      3.45       1.90         -2184.873149      -1371028.600486            52.825003
      3.45       1.85         -2184.871062      -1371027.290873            54.134615
      3.45       1.80         -2184.869150      -1371026.091075            55.334413
      3.45       1.75         -2184.868821      -1371025.884625            55.540864
      3.45       1.70         -2184.867905      -1371025.309826            56.115662
      3.45       1.65         -2184.866991      -1371024.736282            56.689206
      3.45       1.60         -2184.865333      -1371023.695872            57.729617
      3.45       1.55         -2184.863046      -1371022.260757            59.164731
      3.45       1.50         -2184.859044      -1371019.749465            61.676024
      3.40       3.95         -2184.917905      -1371056.685300            24.740189
      3.40       3.90         -2184.918239      -1371056.894888            24.530600
      3.40       3.85         -2184.918563      -1371057.098201            24.327287
      3.40       3.80         -2184.918776      -1371057.231860            24.193628
      3.40       3.75         -2184.919010      -1371057.378698            24.046791
      3.40       3.70         -2184.919166      -1371057.476589            23.948899
      3.40       3.65         -2184.919398      -1371057.622171            23.803317
      3.40       3.60         -2184.919653      -1371057.782186            23.643302
      3.40       3.55         -2184.919813      -1371057.882588            23.542900
      3.40       3.50         -2184.919970      -1371057.981107            23.444381
      3.40       3.45         -2184.919867      -1371057.916473            23.509015
      3.40       3.40         -2184.920084      -1371058.052643            23.372845
      3.40       3.35         -2184.920257      -1371058.161202            23.264286
      3.40       3.30         -2184.920067      -1371058.041975            23.383513
      3.40       3.25         -2184.920170      -1371058.106609            23.318880
      3.40       3.20         -2184.920274      -1371058.171870            23.253619
      3.40       3.15         -2184.919966      -1371057.978597            23.446891
      3.40       3.10         -2184.919963      -1371057.976714            23.448774
      3.40       3.05         -2184.920469      -1371058.294234            23.131254
      3.40       3.00         -2184.920214      -1371058.134219            23.291269
      3.40       2.95         -2184.919831      -1371057.893883            23.531605
      3.40       2.90         -2184.919265      -1371057.538713            23.886776
      3.40       2.85         -2184.918605      -1371057.124556            24.300932
      3.40       2.80         -2184.917801      -1371056.620039            24.805450
      3.40       2.75         -2184.916645      -1371055.894638            25.530850
      3.40       2.70         -2184.915598      -1371055.237635            26.187853
      3.40       2.65         -2184.914368      -1371054.465799            26.959690
      3.40       2.60         -2184.912704      -1371053.421623            28.003865
      3.40       2.55         -2184.911007      -1371052.356739            29.068749
      3.40       2.50         -2184.909146      -1371051.188944            30.236544
      3.40       2.45         -2184.906788      -1371049.709277            31.716211
      3.40       2.40         -2184.904470      -1371048.254710            33.170778
      3.40       2.35         -2184.901623      -1371046.468190            34.957298
      3.40       2.30         -2184.899038      -1371044.846078            36.579410
      3.40       2.25         -2184.895839      -1371042.838676            38.586813
      3.40       2.20         -2184.892956      -1371041.029566            40.395922
      3.40       2.15         -2184.889591      -1371038.917996            42.507492
      3.40       2.10         -2184.886022      -1371036.678415            44.747073
      3.40       2.05         -2184.883345      -1371034.998572            46.426916
      3.40       2.00         -2184.880219      -1371033.036978            48.388511
      3.40       1.95         -2184.877325      -1371031.220965            50.204523
      3.40       1.90         -2184.874555      -1371029.482764            51.942724
      3.40       1.85         -2184.872390      -1371028.124206            53.301282
      3.40       1.80         -2184.870928      -1371027.206787            54.218701
      3.40       1.75         -2184.869700      -1371026.436206            54.989283
      3.40       1.70         -2184.868841      -1371025.897175            55.528313
      3.40       1.65         -2184.867730      -1371025.200012            56.225476
      3.40       1.60         -2184.867493      -1371025.051292            56.374196
      3.40       1.55         -2184.865409      -1371023.743562            57.681926
      3.40       1.50         -2184.861639      -1371021.377852            60.047637
      3.35       3.95         -2184.917671      -1371056.538463            24.887026
      3.35       3.90         -2184.917979      -1371056.731735            24.693753
      3.35       3.85         -2184.918254      -1371056.904301            24.521188
      3.35       3.80         -2184.918533      -1371057.079376            24.346113
      3.35       3.75         -2184.918860      -1371057.284571            24.140917
      3.35       3.70         -2184.918894      -1371057.305907            24.119582
      3.35       3.65         -2184.919256      -1371057.533065            23.892423
      3.35       3.60         -2184.919197      -1371057.496042            23.929446
      3.35       3.55         -2184.919613      -1371057.757086            23.668402
      3.35       3.50         -2184.919542      -1371057.712533            23.712956
      3.35       3.45         -2184.920161      -1371058.100961            23.324527
      3.35       3.40         -2184.920246      -1371058.154299            23.271189
      3.35       3.35         -2184.920329      -1371058.206383            23.219106
      3.35       3.30         -2184.920353      -1371058.221443            23.204045
      3.35       3.25         -2184.920100      -1371058.062683            23.362805
      3.35       3.20         -2184.920268      -1371058.168105            23.257384
      3.35       3.15         -2184.920267      -1371058.167477            23.258011
      3.35       3.10         -2184.919947      -1371057.966674            23.458814
      3.35       3.05         -2184.919807      -1371057.878823            23.546666
      3.35       3.00         -2184.919635      -1371057.770891            23.654597
      3.35       2.95         -2184.919064      -1371057.412583            24.012905
      3.35       2.90         -2184.918659      -1371057.158442            24.267046
      3.35       2.85         -2184.918089      -1371056.800761            24.624727
      3.35       2.80         -2184.917767      -1371056.598703            24.826785
      3.35       2.75         -2184.916780      -1371055.979352            25.446137
      3.35       2.70         -2184.915610      -1371055.245165            26.180323
      3.35       2.65         -2184.914418      -1371054.497174            26.928314
      3.35       2.60         -2184.912984      -1371053.597326            27.828163
      3.35       2.55         -2184.911121      -1371052.428275            28.997213
      3.35       2.50         -2184.909282      -1371051.274286            30.151203
      3.35       2.45         -2184.907323      -1371050.044994            31.380494
      3.35       2.40         -2184.904871      -1371048.506341            32.919147
      3.35       2.35         -2184.902279      -1371046.879837            34.545652
      3.35       2.30         -2184.899660      -1371045.236389            36.189099
      3.35       2.25         -2184.896600      -1371043.316210            38.109278
      3.35       2.20         -2184.893344      -1371041.273040            40.152449
      3.35       2.15         -2184.889871      -1371039.093699            42.331789
      3.35       2.10         -2184.887386      -1371037.534338            43.891150
      3.35       2.05         -2184.884159      -1371035.509365            45.916123
      3.35       2.00         -2184.881136      -1371033.612404            47.813084
      3.35       1.95         -2184.878411      -1371031.902441            49.523048
      3.35       1.90         -2184.875821      -1371030.277191            51.148297
      3.35       1.85         -2184.873867      -1371029.051038            52.374451
      3.35       1.80         -2184.872257      -1371028.040747            53.384741
      3.35       1.75         -2184.871212      -1371027.385000            54.040488
      3.35       1.70         -2184.870580      -1371026.988414            54.437074
      3.35       1.65         -2184.869538      -1371026.334549            55.090939
      3.35       1.60         -2184.867979      -1371025.356262            56.069227
      3.35       1.55         -2184.866849      -1371024.647176            56.778312
      3.35       1.50         -2184.863114      -1371022.303428            59.122060
      3.30       3.95         -2184.917501      -1371056.431786            24.993702
      3.30       3.90         -2184.917815      -1371056.628824            24.796664
      3.30       3.85         -2184.918139      -1371056.832137            24.593351
      3.30       3.80         -2184.918270      -1371056.914341            24.511148
      3.30       3.75         -2184.918584      -1371057.111379            24.314110
      3.30       3.70         -2184.918846      -1371057.275786            24.149702
      3.30       3.65         -2184.919153      -1371057.468432            23.957057
      3.30       3.60         -2184.919167      -1371057.477217            23.948272
      3.30       3.55         -2184.919488      -1371057.678647            23.746841
      3.30       3.50         -2184.919763      -1371057.851212            23.574276
      3.30       3.45         -2184.919732      -1371057.831760            23.593729
      3.30       3.40         -2184.919812      -1371057.881960            23.543528
      3.30       3.35         -2184.920049      -1371058.030680            23.394808
      3.30       3.30         -2184.920209      -1371058.131082            23.294407
      3.30       3.25         -2184.920045      -1371058.028170            23.397318
      3.30       3.20         -2184.920194      -1371058.121669            23.303819
      3.30       3.15         -2184.919903      -1371057.939064            23.486425
      3.30       3.10         -2184.919897      -1371057.935299            23.490190
      3.30       3.05         -2184.919857      -1371057.910198            23.515290
      3.30       3.00         -2184.919393      -1371057.619034            23.806454
      3.30       2.95         -2184.919136      -1371057.457764            23.967724
      3.30       2.90         -2184.918414      -1371057.004702            24.420786
      3.30       2.85         -2184.918090      -1371056.801389            24.624099
      3.30       2.80         -2184.917166      -1371056.221570            25.203918
      3.30       2.75         -2184.917005      -1371056.120541            25.304947
      3.30       2.70         -2184.915882      -1371055.415848            26.009640
      3.30       2.65         -2184.914718      -1371054.685427            26.740061
      3.30       2.60         -2184.913186      -1371053.724083            27.701406
      3.30       2.55         -2184.911548      -1371052.696222            28.729266
      3.30       2.50         -2184.909466      -1371051.389747            30.035741
      3.30       2.45         -2184.907496      -1371050.153554            31.271935
      3.30       2.40         -2184.905015      -1371048.596703            32.828786
      3.30       2.35         -2184.902565      -1371047.059304            34.366184
      3.30       2.30         -2184.899642      -1371045.225094            36.200394
      3.30       2.25         -2184.896877      -1371043.490031            37.935458
      3.30       2.20         -2184.893646      -1371041.462547            39.962941
      3.30       2.15         -2184.890585      -1371039.541741            41.883747
      3.30       2.10         -2184.887299      -1371037.479745            43.945743
      3.30       2.05         -2184.884611      -1371035.792999            45.632489
      3.30       2.00         -2184.881705      -1371033.969457            47.456031
      3.30       1.95         -2184.878935      -1371032.231256            49.194233
      3.30       1.90         -2184.876624      -1371030.781081            50.644407
      3.30       1.85         -2184.874545      -1371029.476489            51.948999
      3.30       1.80         -2184.873355      -1371028.729753            52.695736
      3.30       1.75         -2184.872320      -1371028.080280            53.345208
      3.30       1.70         -2184.872136      -1371027.964819            53.460670
      3.30       1.65         -2184.871388      -1371027.495442            53.930047
      3.30       1.60         -2184.869889      -1371026.554805            54.870683
      3.30       1.55         -2184.867709      -1371025.186834            56.238654
      3.30       1.50         -2184.863754      -1371022.705034            58.720454
      3.25       3.95         -2184.917094      -1371056.176390            25.249099
      3.25       3.90         -2184.917437      -1371056.391625            25.033863
      3.25       3.85         -2184.917771      -1371056.601213            24.824275
      3.25       3.80         -2184.918152      -1371056.840295            24.585194
      3.25       3.75         -2184.918458      -1371057.032312            24.393176
      3.25       3.70         -2184.918633      -1371057.142127            24.283362
      3.25       3.65         -2184.918893      -1371057.305279            24.120209
      3.25       3.60         -2184.918982      -1371057.361127            24.064361
      3.25       3.55         -2184.919268      -1371057.540595            23.884893
      3.25       3.50         -2184.919158      -1371057.471569            23.953919
      3.25       3.45         -2184.919634      -1371057.770264            23.655225
      3.25       3.40         -2184.920103      -1371058.064566            23.360923
      3.25       3.35         -2184.920211      -1371058.132337            23.293152
      3.25       3.30         -2184.920314      -1371058.196970            23.228518
      3.25       3.25         -2184.920448      -1371058.281056            23.144432
      3.25       3.20         -2184.920432      -1371058.271016            23.154472
      3.25       3.15         -2184.920391      -1371058.245288            23.180200
      3.25       3.10         -2184.920046      -1371058.028798            23.396691
      3.25       3.05         -2184.920007      -1371058.004325            23.421164
      3.25       3.00         -2184.919797      -1371057.872548            23.552941
      3.25       2.95         -2184.919230      -1371057.516750            23.908738
      3.25       2.90         -2184.918844      -1371057.274531            24.150957
      3.25       2.85         -2184.918333      -1371056.953874            24.471614
      3.25       2.80         -2184.917405      -1371056.371545            25.053943
      3.25       2.75         -2184.916767      -1371055.971194            25.454294
      3.25       2.70         -2184.915560      -1371055.213790            26.211698
      3.25       2.65         -2184.914437      -1371054.509097            26.916391
      3.25       2.60         -2184.913187      -1371053.724710            27.700778
      3.25       2.55         -2184.911461      -1371052.641629            28.783860
      3.25       2.50         -2184.909665      -1371051.514622            29.910867
      3.25       2.45         -2184.907406      -1371050.097078            31.328410
      3.25       2.40         -2184.905302      -1371048.776798            32.648690
      3.25       2.35         -2184.902640      -1371047.106368            34.319121
      3.25       2.30         -2184.900088      -1371045.504963            35.920525
      3.25       2.25         -2184.897050      -1371043.598590            37.826899
      3.25       2.20         -2184.894229      -1371041.828385            39.597103
      3.25       2.15         -2184.890988      -1371039.794627            41.630861
      3.25       2.10         -2184.887701      -1371037.732004            43.693485
      3.25       2.05         -2184.884825      -1371035.927286            45.498202
      3.25       2.00         -2184.881871      -1371034.073623            47.351865
      3.25       1.95         -2184.879517      -1371032.596466            48.829022
      3.25       1.90         -2184.877220      -1371031.155077            50.270411
      3.25       1.85         -2184.875785      -1371030.254601            51.170888
      3.25       1.80         -2184.874495      -1371029.445113            51.980375
      3.25       1.75         -2184.873833      -1371029.029702            52.395786
      3.25       1.70         -2184.873152      -1371028.602368            52.823120
      3.25       1.65         -2184.873345      -1371028.723478            52.702011
      3.25       1.60         -2184.872159      -1371027.979251            53.446237
      3.25       1.55         -2184.869925      -1371026.577395            54.848093
      3.25       1.50         -2184.866174      -1371024.223607            57.201881
      3.20       3.95         -2184.916689      -1371055.922248            25.503240
      3.20       3.90         -2184.917110      -1371056.186430            25.239059
      3.20       3.85         -2184.917178      -1371056.229100            25.196388
      3.20       3.80         -2184.917651      -1371056.525912            24.899576
      3.20       3.75         -2184.918017      -1371056.755581            24.669907
      3.20       3.70         -2184.918046      -1371056.773779            24.651710
      3.20       3.65         -2184.918430      -1371057.014742            24.410746
      3.20       3.60         -2184.918786      -1371057.238136            24.187353
      3.20       3.55         -2184.918799      -1371057.246293            24.179195
      3.20       3.50         -2184.919187      -1371057.489767            23.935721
      3.20       3.45         -2184.919446      -1371057.652292            23.773196
      3.20       3.40         -2184.919869      -1371057.917728            23.507760
      3.20       3.35         -2184.920013      -1371058.008090            23.417399
      3.20       3.30         -2184.920127      -1371058.079626            23.345862
      3.20       3.25         -2184.920197      -1371058.123551            23.301937
      3.20       3.20         -2184.919996      -1371057.997422            23.428066
      3.20       3.15         -2184.920129      -1371058.080881            23.344607
      3.20       3.10         -2184.920085      -1371058.053270            23.372218
      3.20       3.05         -2184.919643      -1371057.775911            23.649577
      3.20       3.00         -2184.919575      -1371057.733241            23.692248
      3.20       2.95         -2184.919383      -1371057.612759            23.812730
      3.20       2.90         -2184.918767      -1371057.226213            24.199275
      3.20       2.85         -2184.918298      -1371056.931911            24.493577
      3.20       2.80         -2184.917633      -1371056.514617            24.910871
      3.20       2.75         -2184.916857      -1371056.027670            25.397818
      3.20       2.70         -2184.915666      -1371055.280306            26.145182
      3.20       2.65         -2184.914541      -1371054.574358            26.851130
      3.20       2.60         -2184.913177      -1371053.718435            27.707053
      3.20       2.55         -2184.911707      -1371052.795996            28.629492
      3.20       2.50         -2184.909745      -1371051.564822            29.860666
      3.20       2.45         -2184.907994      -1371050.466053            30.959435
      3.20       2.40         -2184.905709      -1371049.032194            32.393294
      3.20       2.35         -2184.903145      -1371047.423260            34.002228
      3.20       2.30         -2184.900533      -1371045.784205            35.641283
      3.20       2.25         -2184.897597      -1371043.941837            37.483651
      3.20       2.20         -2184.894620      -1371042.073742            39.351747
      3.20       2.15         -2184.892296      -1371040.615410            40.810079
      3.20       2.10         -2184.889229      -1371038.690838            42.734650
      3.20       2.05         -2184.886297      -1371036.850980            44.574508
      3.20       2.00         -2184.883504      -1371035.098346            46.327142
      3.20       1.95         -2184.881028      -1371033.544633            47.880855
      3.20       1.90         -2184.879005      -1371032.275181            49.150307
      3.20       1.85         -2184.877201      -1371031.143154            50.282334
      3.20       1.80         -2184.876167      -1371030.494309            50.931179
      3.20       1.75         -2184.875329      -1371029.968456            51.457032
      3.20       1.70         -2184.875126      -1371029.841072            51.584416
      3.20       1.65         -2184.874462      -1371029.424406            52.001083
      3.20       1.60         -2184.873315      -1371028.704652            52.720836
      3.20       1.55         -2184.870991      -1371027.246320            54.179168
      3.20       1.50         -2184.867403      -1371024.994816            56.430672
      3.15       3.95         -2184.916564      -1371055.843810            25.581679
      3.15       3.90         -2184.916845      -1371056.020140            25.405349
      3.15       3.85         -2184.917150      -1371056.211530            25.213958
      3.15       3.80         -2184.917502      -1371056.432413            24.993075
      3.15       3.75         -2184.917556      -1371056.466299            24.959189
      3.15       3.70         -2184.918060      -1371056.782564            24.642925
      3.15       3.65         -2184.918432      -1371057.015997            24.409491
      3.15       3.60         -2184.918495      -1371057.055530            24.369958
      3.15       3.55         -2184.918896      -1371057.307162            24.118327
      3.15       3.50         -2184.919041      -1371057.398150            24.027338
      3.15       3.45         -2184.919252      -1371057.530555            23.894933
      3.15       3.40         -2184.919483      -1371057.675510            23.749979
      3.15       3.35         -2184.919654      -1371057.782814            23.642674
      3.15       3.30         -2184.919857      -1371057.910198            23.515290
      3.15       3.25         -2184.919949      -1371057.967929            23.457559
      3.15       3.20         -2184.919753      -1371057.844937            23.580551
      3.15       3.15         -2184.919903      -1371057.939064            23.486425
      3.15       3.10         -2184.919559      -1371057.723200            23.702288
      3.15       3.05         -2184.919671      -1371057.793481            23.632007
      3.15       3.00         -2184.919208      -1371057.502945            23.922544
      3.15       2.95         -2184.919126      -1371057.451489            23.973999
      3.15       2.90         -2184.918828      -1371057.264491            24.160997
      3.15       2.85         -2184.918145      -1371056.835902            24.589586
      3.15       2.80         -2184.917563      -1371056.470691            24.954797
      3.15       2.75         -2184.916713      -1371055.937308            25.488180
      3.15       2.70         -2184.915808      -1371055.369412            26.056076
      3.15       2.65         -2184.914440      -1371054.510979            26.914509
      3.15       2.60         -2184.913170      -1371053.714042            27.711446
      3.15       2.55         -2184.911667      -1371052.770896            28.654593
      3.15       2.50         -2184.909727      -1371051.553527            29.871961
      3.15       2.45         -2184.907670      -1371050.262740            31.162748
      3.15       2.40         -2184.905635      -1371048.985758            32.439730
      3.15       2.35         -2184.903143      -1371047.422005            34.003483
      3.15       2.30         -2184.900659      -1371045.863271            35.562217
      3.15       2.25         -2184.897752      -1371044.039101            37.386387
      3.15       2.20         -2184.895020      -1371042.324745            39.100743
      3.15       2.15         -2184.891960      -1371040.404566            41.020922
      3.15       2.10         -2184.889499      -1371038.860266            42.565223
      3.15       2.05         -2184.886645      -1371037.069354            44.356135
      3.15       2.00         -2184.884054      -1371035.443477            45.982012
      3.15       1.95         -2184.881729      -1371033.984517            47.440971
      3.15       1.90         -2184.879583      -1371032.637882            48.787607
      3.15       1.85         -2184.878122      -1371031.721090            49.704398
      3.15       1.80         -2184.876964      -1371030.994434            50.431054
      3.15       1.75         -2184.876507      -1371030.707663            50.717826
      3.15       1.70         -2184.876017      -1371030.400183            51.025305
      3.15       1.65         -2184.875479      -1371030.062583            51.362905
      3.15       1.60         -2184.874154      -1371029.231133            52.194356
      3.15       1.55         -2184.874491      -1371029.442603            51.982885
      3.15       1.50         -2184.871326      -1371027.456536            53.968952
      3.10       3.95         -2184.915939      -1371055.451616            25.973872
      3.10       3.90         -2184.916538      -1371055.827494            25.597994
      3.10       3.85         -2184.916860      -1371056.029552            25.395936
      3.10       3.80         -2184.917173      -1371056.225963            25.199525
      3.10       3.75         -2184.917453      -1371056.401665            25.023823
      3.10       3.70         -2184.917764      -1371056.596821            24.828667
      3.10       3.65         -2184.918029      -1371056.763111            24.662377
      3.10       3.60         -2184.918355      -1371056.967679            24.457809
      3.10       3.55         -2184.918321      -1371056.946344            24.479145
      3.10       3.50         -2184.918763      -1371057.223703            24.201785
      3.10       3.45         -2184.919052      -1371057.405053            24.020435
      3.10       3.40         -2184.919029      -1371057.390620            24.034868
      3.10       3.35         -2184.919325      -1371057.576363            23.849125
      3.10       3.30         -2184.919518      -1371057.697473            23.728016
      3.10       3.25         -2184.919379      -1371057.610249            23.815240
      3.10       3.20         -2184.919584      -1371057.738888            23.686600
      3.10       3.15         -2184.919729      -1371057.829877            23.595611
      3.10       3.10         -2184.919526      -1371057.702493            23.722996
      3.10       3.05         -2184.919437      -1371057.646644            23.778844
      3.10       3.00         -2184.919376      -1371057.608366            23.817122
      3.10       2.95         -2184.918991      -1371057.366775            24.058713
      3.10       2.90         -2184.918630      -1371057.140244            24.285244
      3.10       2.85         -2184.917872      -1371056.664592            24.760896
      3.10       2.80         -2184.917409      -1371056.374055            25.051433
      3.10       2.75         -2184.916423      -1371055.755331            25.670158
      3.10       2.70         -2184.915495      -1371055.173002            26.252486
      3.10       2.65         -2184.914542      -1371054.574985            26.850503
      3.10       2.60         -2184.913057      -1371053.643134            27.782354
      3.10       2.55         -2184.911600      -1371052.728852            28.696636
      3.10       2.50         -2184.910026      -1371051.741153            29.684336
      3.10       2.45         -2184.907940      -1371050.432168            30.993320
      3.10       2.40         -2184.905891      -1371049.146401            32.279087
      3.10       2.35         -2184.903417      -1371047.593942            33.831546
      3.10       2.30         -2184.900904      -1371046.017011            35.408477
      3.10       2.25         -2184.897996      -1371044.192214            37.233275
      3.10       2.20         -2184.895303      -1371042.502331            38.923158
      3.10       2.15         -2184.892292      -1371040.612900            40.812589
      3.10       2.10         -2184.889519      -1371038.872816            42.552672
      3.10       2.05         -2184.886707      -1371037.108259            44.317229
      3.10       2.00         -2184.884348      -1371035.627964            45.797524
      3.10       1.95         -2184.882103      -1371034.219206            47.206283
      3.10       1.90         -2184.880238      -1371033.048900            48.376588
      3.10       1.85         -2184.878708      -1371032.088811            49.336677
      3.10       1.80         -2184.877920      -1371031.594333            49.831155
      3.10       1.75         -2184.877278      -1371031.191472            50.234016
      3.10       1.70         -2184.877762      -1371031.495187            49.930301
      3.10       1.65         -2184.877277      -1371031.190845            50.234643
      3.10       1.60         -2184.876221      -1371030.528195            50.897293
      3.10       1.55         -2184.877564      -1371031.370940            50.054548
      3.10       1.50         -2184.874385      -1371029.376087            52.049401
      3.05       3.95         -2184.916878      -1371056.040848            25.384641
      3.05       3.90         -2184.917176      -1371056.227845            25.197643
      3.05       3.85         -2184.917431      -1371056.387860            25.037628
      3.05       3.80         -2184.917675      -1371056.540973            24.884516
      3.05       3.75         -2184.917709      -1371056.562308            24.863180
      3.05       3.70         -2184.917935      -1371056.704125            24.721363
      3.05       3.65         -2184.918178      -1371056.856610            24.568878
      3.05       3.60         -2184.918429      -1371057.014115            24.411374
      3.05       3.55         -2184.918495      -1371057.055530            24.369958
      3.05       3.50         -2184.918669      -1371057.164717            24.260771
      3.05       3.45         -2184.918872      -1371057.292101            24.133387
      3.05       3.40         -2184.918934      -1371057.331007            24.094481
      3.05       3.35         -2184.919111      -1371057.442076            23.983412
      3.05       3.30         -2184.918971      -1371057.354225            24.071263
      3.05       3.25         -2184.919220      -1371057.510475            23.915014
      3.05       3.20         -2184.919497      -1371057.684295            23.741193
      3.05       3.15         -2184.919390      -1371057.617151            23.808337
      3.05       3.10         -2184.919353      -1371057.593933            23.831555
      3.05       3.05         -2184.919382      -1371057.612131            23.813357
      3.05       3.00         -2184.919014      -1371057.381208            24.044281
      3.05       2.95         -2184.918926      -1371057.325987            24.099501
      3.05       2.90         -2184.918597      -1371057.119536            24.305952
      3.05       2.85         -2184.917861      -1371056.657689            24.767799
      3.05       2.80         -2184.917432      -1371056.388488            25.037001
      3.05       2.75         -2184.916433      -1371055.761606            25.663882
      3.05       2.70         -2184.915663      -1371055.278423            26.147065
      3.05       2.65         -2184.914656      -1371054.646521            26.778967
      3.05       2.60         -2184.913221      -1371053.746045            27.679443
      3.05       2.55         -2184.911711      -1371052.798506            28.626982
      3.05       2.50         -2184.910074      -1371051.771273            29.654215
      3.05       2.45         -2184.907972      -1371050.452248            30.973240
      3.05       2.40         -2184.905951      -1371049.184051            32.241437
      3.05       2.35         -2184.903468      -1371047.625945            33.799543
      3.05       2.30         -2184.901026      -1371046.093567            35.331921
      3.05       2.25         -2184.898202      -1371044.321481            37.104008
      3.05       2.20         -2184.895569      -1371042.669248            38.756240
      3.05       2.15         -2184.892635      -1371040.828135            40.597353
      3.05       2.10         -2184.889806      -1371039.052911            42.372577
      3.05       2.05         -2184.886963      -1371037.268902            44.156587
      3.05       2.00         -2184.884892      -1371035.969329            45.456159
      3.05       1.95         -2184.882749      -1371034.624577            46.800912
      3.05       1.90         -2184.881060      -1371033.564713            47.860775
      3.05       1.85         -2184.879660      -1371032.686200            48.739288
      3.05       1.80         -2184.879258      -1371032.433941            48.991547
      3.05       1.75         -2184.878907      -1371032.213685            49.211803
      3.05       1.70         -2184.878711      -1371032.090693            49.334795
      3.05       1.65         -2184.878195      -1371031.766899            49.658590
      3.05       1.60         -2184.877614      -1371031.402316            50.023173
      3.05       1.55         -2184.875495      -1371030.072623            51.352865
      3.05       1.50         -2184.875188      -1371029.879978            51.545511
      3.00       3.95         -2184.916368      -1371055.720818            25.704671
      3.00       3.90         -2184.916686      -1371055.920366            25.505123
      3.00       3.85         -2184.916990      -1371056.111129            25.314360
      3.00       3.80         -2184.917106      -1371056.183920            25.241569
      3.00       3.75         -2184.917353      -1371056.338915            25.086574
      3.00       3.70         -2184.917251      -1371056.274909            25.150580
      3.00       3.65         -2184.917707      -1371056.561053            24.864435
      3.00       3.60         -2184.917789      -1371056.612509            24.812980
      3.00       3.55         -2184.918026      -1371056.761228            24.664260
      3.00       3.50         -2184.918340      -1371056.958266            24.467222
      3.00       3.45         -2184.918315      -1371056.942579            24.482910
      3.00       3.40         -2184.918540      -1371057.083768            24.341720
      3.00       3.35         -2184.918704      -1371057.186680            24.238808
      3.00       3.30         -2184.918838      -1371057.270766            24.154722
      3.00       3.25         -2184.919190      -1371057.491649            23.933839
      3.00       3.20         -2184.919275      -1371057.544988            23.880501
      3.00       3.15         -2184.919318      -1371057.571971            23.853518
      3.00       3.10         -2184.919040      -1371057.397523            24.027965
      3.00       3.05         -2184.919116      -1371057.445214            23.980275
      3.00       3.00         -2184.918720      -1371057.196720            24.228768
      3.00       2.95         -2184.918627      -1371057.138362            24.287127
      3.00       2.90         -2184.918445      -1371057.024155            24.401333
      3.00       2.85         -2184.917858      -1371056.655807            24.769681
      3.00       2.80         -2184.917184      -1371056.232865            25.192623
      3.00       2.75         -2184.916526      -1371055.819964            25.605524
      3.00       2.70         -2184.915424      -1371055.128449            26.297040
      3.00       2.65         -2184.914428      -1371054.503449            26.922039
      3.00       2.60         -2184.913111      -1371053.677019            27.748469
      3.00       2.55         -2184.911654      -1371052.762738            28.662750
      3.00       2.50         -2184.909770      -1371051.580510            29.844978
      3.00       2.45         -2184.908003      -1371050.471701            30.953787
      3.00       2.40         -2184.905723      -1371049.040979            32.384509
      3.00       2.35         -2184.903526      -1371047.662341            33.763147
      3.00       2.30         -2184.900883      -1371046.003833            35.421655
      3.00       2.25         -2184.898398      -1371044.444472            36.981016
      3.00       2.20         -2184.895554      -1371042.659835            38.765653
      3.00       2.15         -2184.892986      -1371041.048391            40.377097
      3.00       2.10         -2184.890217      -1371039.310817            42.114671
      3.00       2.05         -2184.888021      -1371037.932807            43.492682
      3.00       2.00         -2184.885801      -1371036.539736            44.885753
      3.00       1.95         -2184.883864      -1371035.324250            46.101239
      3.00       1.90         -2184.882211      -1371034.286977            47.138512
      3.00       1.85         -2184.881107      -1371033.594206            47.831282
      3.00       1.80         -2184.880600      -1371033.276059            48.149429
      3.00       1.75         -2184.880401      -1371033.151184            48.274304
      3.00       1.70         -2184.880116      -1371032.972344            48.453144
      3.00       1.65         -2184.880080      -1371032.949754            48.475734
      3.00       1.60         -2184.879070      -1371032.315969            49.109519
      3.00       1.55         -2184.877347      -1371031.234770            50.190718
      3.00       1.50         -2184.873714      -1371028.955029            52.470460
      2.95       3.95         -2184.915978      -1371055.476089            25.949399
      2.95       3.90         -2184.916286      -1371055.669362            25.756126
      2.95       3.85         -2184.916498      -1371055.802394            25.623094
      2.95       3.80         -2184.916716      -1371055.939191            25.486297
      2.95       3.75         -2184.916601      -1371055.867027            25.558461
      2.95       3.70         -2184.917057      -1371056.153172            25.272317
      2.95       3.65         -2184.917246      -1371056.271771            25.153717
      2.95       3.60         -2184.917342      -1371056.332012            25.093476
      2.95       3.55         -2184.917524      -1371056.446219            24.979270
      2.95       3.50         -2184.917399      -1371056.367780            25.057708
      2.95       3.45         -2184.917797      -1371056.617529            24.807960
      2.95       3.40         -2184.917994      -1371056.741148            24.684340
      2.95       3.35         -2184.917935      -1371056.704125            24.721363
      2.95       3.30         -2184.918223      -1371056.884848            24.540641
      2.95       3.25         -2184.918387      -1371056.987759            24.437729
      2.95       3.20         -2184.918240      -1371056.895515            24.529973
      2.95       3.15         -2184.918416      -1371057.005957            24.419531
      2.95       3.10         -2184.918572      -1371057.103849            24.321640
      2.95       3.05         -2184.918353      -1371056.966424            24.459064
      2.95       3.00         -2184.918122      -1371056.821469            24.604019
      2.95       2.95         -2184.918060      -1371056.782564            24.642925
      2.95       2.90         -2184.917648      -1371056.524030            24.901458
      2.95       2.85         -2184.917267      -1371056.284949            25.140540
      2.95       2.80         -2184.916466      -1371055.782314            25.643175
      2.95       2.75         -2184.915994      -1371055.486129            25.939359
      2.95       2.70         -2184.914941      -1371054.825362            26.600127
      2.95       2.65         -2184.913905      -1371054.175262            27.250226
      2.95       2.60         -2184.912765      -1371053.459901            27.965587
      2.95       2.55         -2184.911177      -1371052.463416            28.962072
      2.95       2.50         -2184.909831      -1371051.618788            29.806700
      2.95       2.45         -2184.907878      -1371050.393262            31.032226
      2.95       2.40         -2184.905852      -1371049.121928            32.303560
      2.95       2.35         -2184.903607      -1371047.713169            33.712319
      2.95       2.30         -2184.901019      -1371046.089175            35.336314
      2.95       2.25         -2184.898543      -1371044.535461            36.890027
      2.95       2.20         -2184.895753      -1371042.784710            38.640778
      2.95       2.15         -2184.892994      -1371041.053411            40.372077
      2.95       2.10         -2184.890576      -1371039.536093            41.889395
      2.95       2.05         -2184.888086      -1371037.973595            43.451894
      2.95       2.00         -2184.886054      -1371036.698495            44.726993
      2.95       1.95         -2184.884194      -1371035.531328            45.894160
      2.95       1.90         -2184.882788      -1371034.649050            46.776439
      2.95       1.85         -2184.881824      -1371034.044130            47.381358
      2.95       1.80         -2184.881572      -1371033.885998            47.539490
      2.95       1.75         -2184.881429      -1371033.796264            47.629224
      2.95       1.70         -2184.881646      -1371033.932434            47.493055
      2.95       1.65         -2184.881393      -1371033.773674            47.651814
      2.95       1.60         -2184.880499      -1371033.212680            48.212808
      2.95       1.55         -2184.878917      -1371032.219960            49.205528
      2.95       1.50         -2184.875343      -1371029.977241            51.448247
      2.90       3.95         -2184.915262      -1371055.026792            26.398696
      2.90       3.90         -2184.915688      -1371055.294111            26.131377
      2.90       3.85         -2184.915866      -1371055.405808            26.019680
      2.90       3.80         -2184.916083      -1371055.541977            25.883511
      2.90       3.75         -2184.916200      -1371055.615396            25.810092
      2.90       3.70         -2184.916443      -1371055.767881            25.657607
      2.90       3.65         -2184.916338      -1371055.701992            25.723496
      2.90       3.60         -2184.916720      -1371055.941701            25.483787
      2.90       3.55         -2184.916903      -1371056.056535            25.368953
      2.90       3.50         -2184.917048      -1371056.147524            25.277964
      2.90       3.45         -2184.917233      -1371056.263613            25.161875
      2.90       3.40         -2184.917155      -1371056.214668            25.210821
      2.90       3.35         -2184.917423      -1371056.382840            25.042648
      2.90       3.30         -2184.917729      -1371056.574858            24.850630
      2.90       3.25         -2184.917738      -1371056.580506            24.844983
      2.90       3.20         -2184.917805      -1371056.622549            24.802939
      2.90       3.15         -2184.918028      -1371056.762483            24.663005
      2.90       3.10         -2184.917970      -1371056.726088            24.699400
      2.90       3.05         -2184.917911      -1371056.689065            24.736423
      2.90       3.00         -2184.917885      -1371056.672750            24.752739
      2.90       2.95         -2184.917491      -1371056.425511            24.999977
      2.90       2.90         -2184.917384      -1371056.358367            25.067121
      2.90       2.85         -2184.917050      -1371056.148779            25.276709
      2.90       2.80         -2184.916319      -1371055.690070            25.735419
      2.90       2.75         -2184.915671      -1371055.283444            26.142045
      2.90       2.70         -2184.914858      -1371054.773278            26.652210
      2.90       2.65         -2184.913660      -1371054.021522            27.403966
      2.90       2.60         -2184.912564      -1371053.333772            28.091717
      2.90       2.55         -2184.911094      -1371052.411333            29.014156
      2.90       2.50         -2184.909426      -1371051.364647            30.060841
      2.90       2.45         -2184.907562      -1371050.194969            31.230519
      2.90       2.40         -2184.905584      -1371048.953756            32.471733
      2.90       2.35         -2184.903244      -1371047.485383            33.940105
      2.90       2.30         -2184.900924      -1371046.029561            35.395927
      2.90       2.25         -2184.898290      -1371044.376701            37.048787
      2.90       2.20         -2184.895695      -1371042.748314            38.677174
      2.90       2.15         -2184.893241      -1371041.208406            40.217082
      2.90       2.10         -2184.890655      -1371039.585667            41.839822
      2.90       2.05         -2184.888266      -1371038.086546            43.338942
      2.90       2.00         -2184.886411      -1371036.922516            44.502972
      2.90       1.95         -2184.884982      -1371036.025805            45.399683
      2.90       1.90         -2184.883760      -1371035.258989            46.166500
      2.90       1.85         -2184.883021      -1371034.795259            46.630229
      2.90       1.80         -2184.882675      -1371034.578141            46.847347
      2.90       1.75         -2184.882773      -1371034.639637            46.785851
      2.90       1.70         -2184.883089      -1371034.837930            46.587558
      2.90       1.65         -2184.883010      -1371034.788357            46.637132
      2.90       1.60         -2184.882258      -1371034.316470            47.109019
      2.90       1.55         -2184.884063      -1371035.449124            45.976364
      2.90       1.50         -2184.880784      -1371033.391521            48.033968
      2.85       3.95         -2184.914502      -1371054.549885            26.875603
      2.85       3.90         -2184.914824      -1371054.751943            26.673545
      2.85       3.85         -2184.915121      -1371054.938313            26.487175
      2.85       3.80         -2184.915255      -1371055.022400            26.403089
      2.85       3.75         -2184.915465      -1371055.154177            26.271312
      2.85       3.70         -2184.915738      -1371055.325487            26.100002
      2.85       3.65         -2184.915849      -1371055.395140            26.030348
      2.85       3.60         -2184.915987      -1371055.481737            25.943752
      2.85       3.55         -2184.916151      -1371055.584648            25.840840
      2.85       3.50         -2184.916246      -1371055.644262            25.781227
      2.85       3.45         -2184.916458      -1371055.777294            25.648195
      2.85       3.40         -2184.916380      -1371055.728348            25.697140
      2.85       3.35         -2184.916823      -1371056.006334            25.419154
      2.85       3.30         -2184.916853      -1371056.025160            25.400328
      2.85       3.25         -2184.917017      -1371056.128071            25.297417
      2.85       3.20         -2184.917291      -1371056.300009            25.125479
      2.85       3.15         -2184.917889      -1371056.675260            24.750229
      2.85       3.10         -2184.917873      -1371056.665219            24.760269
      2.85       3.05         -2184.917795      -1371056.616274            24.809215
      2.85       3.00         -2184.917753      -1371056.589918            24.835570
      2.85       2.95         -2184.917534      -1371056.452494            24.972995
      2.85       2.90         -2184.916998      -1371056.116149            25.309340
      2.85       2.85         -2184.916666      -1371055.907815            25.517673
      2.85       2.80         -2184.916087      -1371055.544488            25.881001
      2.85       2.75         -2184.915355      -1371055.085151            26.340338
      2.85       2.70         -2184.914431      -1371054.505332            26.920156
      2.85       2.65         -2184.913390      -1371053.852094            27.573394
      2.85       2.60         -2184.911983      -1371052.969189            28.456300
      2.85       2.55         -2184.910610      -1371052.107618            29.317870
      2.85       2.50         -2184.909034      -1371051.118663            30.306825
      2.85       2.45         -2184.907073      -1371049.888117            31.537371
      2.85       2.40         -2184.905105      -1371048.653178            32.772310
      2.85       2.35         -2184.903009      -1371047.337919            34.087570
      2.85       2.30         -2184.900576      -1371045.811188            35.614300
      2.85       2.25         -2184.898083      -1371044.246807            37.178681
      2.85       2.20         -2184.895688      -1371042.743922            38.681567
      2.85       2.15         -2184.893114      -1371041.128712            40.296776
      2.85       2.10         -2184.890684      -1371039.603864            41.821624
      2.85       2.05         -2184.888732      -1371038.378966            43.046522
      2.85       2.00         -2184.886850      -1371037.197993            44.227495
      2.85       1.95         -2184.885285      -1371036.215941            45.209548
      2.85       1.90         -2184.884371      -1371035.642397            45.783091
      2.85       1.85         -2184.883723      -1371035.235771            46.189717
      2.85       1.80         -2184.883841      -1371035.309817            46.115671
      2.85       1.75         -2184.884069      -1371035.452889            45.972599
      2.85       1.70         -2184.884391      -1371035.654947            45.770541
      2.85       1.65         -2184.884613      -1371035.794254            45.631234
      2.85       1.60         -2184.883951      -1371035.378843            46.046645
      2.85       1.55         -2184.882140      -1371034.242423            47.183065
      2.85       1.50         -2184.879063      -1371032.311577            49.113912
      2.80       3.95         -2184.914015      -1371054.244288            27.181200
      2.80       3.90         -2184.914177      -1371054.345944            27.079544
      2.80       3.85         -2184.914363      -1371054.462661            26.962827
      2.80       3.80         -2184.914380      -1371054.473329            26.952159
      2.80       3.75         -2184.914576      -1371054.596321            26.829168
      2.80       3.70         -2184.914561      -1371054.586908            26.838580
      2.80       3.65         -2184.914843      -1371054.763866            26.661623
      2.80       3.60         -2184.915040      -1371054.887485            26.538003
      2.80       3.55         -2184.915138      -1371054.948981            26.476507
      2.80       3.50         -2184.915555      -1371055.210652            26.214836
      2.80       3.45         -2184.915708      -1371055.306661            26.118827
      2.80       3.40         -2184.915800      -1371055.364392            26.061096
      2.80       3.35         -2184.915911      -1371055.434046            25.991442
      2.80       3.30         -2184.916123      -1371055.567078            25.858410
      2.80       3.25         -2184.916189      -1371055.608493            25.816995
      2.80       3.20         -2184.916403      -1371055.742781            25.682708
      2.80       3.15         -2184.916291      -1371055.672499            25.752989
      2.80       3.10         -2184.916431      -1371055.760351            25.665137
      2.80       3.05         -2184.916139      -1371055.577118            25.848370
      2.80       3.00         -2184.916139      -1371055.577118            25.848370
      2.80       2.95         -2184.916511      -1371055.810552            25.614937
      2.80       2.90         -2184.916289      -1371055.671244            25.754244
      2.80       2.85         -2184.915897      -1371055.425261            26.000228
      2.80       2.80         -2184.915111      -1371054.932038            26.493450
      2.80       2.75         -2184.914582      -1371054.600086            26.825403
      2.80       2.70         -2184.913526      -1371053.937436            27.488053
      2.80       2.65         -2184.912606      -1371053.360127            28.065361
      2.80       2.60         -2184.911436      -1371052.625941            28.799547
      2.80       2.55         -2184.909876      -1371051.647026            29.778462
      2.80       2.50         -2184.908349      -1371050.688819            30.736669
      2.80       2.45         -2184.906584      -1371049.581265            31.844223
      2.80       2.40         -2184.904449      -1371048.241532            33.183956
      2.80       2.35         -2184.902440      -1371046.980866            34.444623
      2.80       2.30         -2184.900033      -1371045.470450            35.955038
      2.80       2.25         -2184.897755      -1371044.040984            37.384504
      2.80       2.20         -2184.895224      -1371042.452757            38.972731
      2.80       2.15         -2184.892968      -1371041.037096            40.388392
      2.80       2.10         -2184.890628      -1371039.568724            41.856764
      2.80       2.05         -2184.888600      -1371038.296135            43.129354
      2.80       2.00         -2184.887021      -1371037.305297            44.120191
      2.80       1.95         -2184.885881      -1371036.589936            44.835552
      2.80       1.90         -2184.885008      -1371036.042121            45.383368
      2.80       1.85         -2184.884592      -1371035.781077            45.644412
      2.80       1.80         -2184.884852      -1371035.944229            45.481259
      2.80       1.75         -2184.885240      -1371036.187703            45.237785
      2.80       1.70         -2184.885736      -1371036.498947            44.926541
      2.80       1.65         -2184.886109      -1371036.733008            44.692480
      2.80       1.60         -2184.885497      -1371036.348973            45.076516
      2.80       1.55         -2184.884118      -1371035.483637            45.941851
      2.80       1.50         -2184.880766      -1371033.380225            48.045263
      2.75       3.95         -2184.912729      -1371053.437311            27.988178
      2.75       3.90         -2184.912916      -1371053.554655            27.870833
      2.75       3.85         -2184.913108      -1371053.675137            27.750351
      2.75       3.80         -2184.913010      -1371053.613641            27.811847
      2.75       3.75         -2184.913311      -1371053.802521            27.622967
      2.75       3.70         -2184.913541      -1371053.946848            27.478640
      2.75       3.65         -2184.913674      -1371054.030307            27.395181
      2.75       3.60         -2184.913893      -1371054.167732            27.257757
      2.75       3.55         -2184.913939      -1371054.196597            27.228891
      2.75       3.50         -2184.914066      -1371054.276291            27.149197
      2.75       3.45         -2184.914282      -1371054.411833            27.013655
      2.75       3.40         -2184.914297      -1371054.421246            27.004243
      2.75       3.35         -2184.914519      -1371054.560553            26.864936
      2.75       3.30         -2184.914943      -1371054.826617            26.598872
      2.75       3.25         -2184.914978      -1371054.848580            26.576909
      2.75       3.20         -2184.915212      -1371054.995417            26.430072
      2.75       3.15         -2184.915082      -1371054.913840            26.511648
      2.75       3.10         -2184.915349      -1371055.081386            26.344103
      2.75       3.05         -2184.915365      -1371055.091426            26.334063
      2.75       3.00         -2184.915403      -1371055.115271            26.310217
      2.75       2.95         -2184.915092      -1371054.920116            26.505373
      2.75       2.90         -2184.915044      -1371054.889995            26.535493
      2.75       2.85         -2184.914474      -1371054.532315            26.893174
      2.75       2.80         -2184.914132      -1371054.317706            27.107782
      2.75       2.75         -2184.913273      -1371053.778676            27.646812
      2.75       2.70         -2184.912642      -1371053.382717            28.042771
      2.75       2.65         -2184.911494      -1371052.662336            28.763152
      2.75       2.60         -2184.910404      -1371051.978351            29.447137
      2.75       2.55         -2184.909087      -1371051.151921            30.273567
      2.75       2.50         -2184.907432      -1371050.113393            31.312095
      2.75       2.45         -2184.905629      -1371048.981993            32.443495
      2.75       2.40         -2184.903818      -1371047.845574            33.579914
      2.75       2.35         -2184.901605      -1371046.456895            34.968593
      2.75       2.30         -2184.899557      -1371045.171756            36.253732
      2.75       2.25         -2184.897148      -1371043.660086            37.765403
      2.75       2.20         -2184.894749      -1371042.154690            39.270798
      2.75       2.15         -2184.892545      -1371040.771659            40.653829
      2.75       2.10         -2184.890325      -1371039.378588            42.046900
      2.75       2.05         -2184.888579      -1371038.282957            43.142531
      2.75       2.00         -2184.887011      -1371037.299022            44.126466
      2.75       1.95         -2184.886097      -1371036.725478            44.700010
      2.75       1.90         -2184.885391      -1371036.282457            45.143032
      2.75       1.85         -2184.885495      -1371036.347718            45.077771
      2.75       1.80         -2184.885821      -1371036.552286            44.873202
      2.75       1.75         -2184.886521      -1371036.991542            44.433946
      2.75       1.70         -2184.887214      -1371037.426406            43.999082
      2.75       1.65         -2184.887615      -1371037.678038            43.747450
      2.75       1.60         -2184.887470      -1371037.587049            43.838439
      2.75       1.55         -2184.885945      -1371036.630097            44.795391
      2.75       1.50         -2184.882639      -1371034.555551            46.869938
      2.70       3.95         -2184.911245      -1371052.506087            28.919402
      2.70       3.90         -2184.911453      -1371052.636609            28.788880
      2.70       3.85         -2184.911659      -1371052.765876            28.659613
      2.70       3.80         -2184.911573      -1371052.711910            28.713579
      2.70       3.75         -2184.911931      -1371052.936558            28.488930
      2.70       3.70         -2184.912094      -1371053.038842            28.386646
      2.70       3.65         -2184.912261      -1371053.143636            28.281852
      2.70       3.60         -2184.912149      -1371053.073355            28.352133
      2.70       3.55         -2184.912421      -1371053.244038            28.181450
      2.70       3.50         -2184.912668      -1371053.399033            28.026456
      2.70       3.45         -2184.912962      -1371053.583520            27.841968
      2.70       3.40         -2184.912934      -1371053.565950            27.859538
      2.70       3.35         -2184.913175      -1371053.717180            27.708308
      2.70       3.30         -2184.913477      -1371053.906688            27.518800
      2.70       3.25         -2184.913600      -1371053.983871            27.441617
      2.70       3.20         -2184.913735      -1371054.068585            27.356903
      2.70       3.15         -2184.914564      -1371054.588791            26.836698
      2.70       3.10         -2184.914719      -1371054.686055            26.739434
      2.70       3.05         -2184.914715      -1371054.683545            26.741944
      2.70       3.00         -2184.914604      -1371054.613891            26.811597
      2.70       2.95         -2184.914410      -1371054.492154            26.933334
      2.70       2.90         -2184.913903      -1371054.174007            27.251481
      2.70       2.85         -2184.913676      -1371054.031562            27.393926
      2.70       2.80         -2184.913209      -1371053.738515            27.686973
      2.70       2.75         -2184.912394      -1371053.227095            28.198393
      2.70       2.70         -2184.911656      -1371052.763993            28.661495
      2.70       2.65         -2184.910711      -1371052.170997            29.254492
      2.70       2.60         -2184.909391      -1371051.342684            30.082804
      2.70       2.55         -2184.908101      -1371050.533197            30.892291
      2.70       2.50         -2184.906696      -1371049.651546            31.773942
      2.70       2.45         -2184.904976      -1371048.572230            32.853259
      2.70       2.40         -2184.903086      -1371047.386237            34.039251
      2.70       2.35         -2184.900904      -1371046.017011            35.408477
      2.70       2.30         -2184.898907      -1371044.763875            36.661614
      2.70       2.25         -2184.896559      -1371043.290482            38.135006
      2.70       2.20         -2184.894381      -1371041.923767            39.501721
      2.70       2.15         -2184.892085      -1371040.483005            40.942483
      2.70       2.10         -2184.890089      -1371039.230496            42.194992
      2.70       2.05         -2184.888534      -1371038.254719            43.170769
      2.70       2.00         -2184.887158      -1371037.391266            44.034222
      2.70       1.95         -2184.886486      -1371036.969580            44.455909
      2.70       1.90         -2184.886049      -1371036.695358            44.730130
      2.70       1.85         -2184.886290      -1371036.846588            44.578901
      2.70       1.80         -2184.886803      -1371037.168500            44.256988
      2.70       1.75         -2184.887640      -1371037.693726            43.731763
      2.70       1.70         -2184.888279      -1371038.094704            43.330784
      2.70       1.65         -2184.889443      -1371038.825125            42.600363
      2.70       1.60         -2184.889251      -1371038.704643            42.720845
      2.70       1.55         -2184.887768      -1371037.774047            43.651442
      2.70       1.50         -2184.887149      -1371037.385618            44.039870
      2.65       3.95         -2184.909478      -1371051.397277            30.028211
      2.65       3.90         -2184.909726      -1371051.552900            29.872589
      2.65       3.85         -2184.909857      -1371051.635103            29.790385
      2.65       3.80         -2184.910115      -1371051.797001            29.628487
      2.65       3.75         -2184.910252      -1371051.882970            29.542519
      2.65       3.70         -2184.910478      -1371052.024787            29.400701
      2.65       3.65         -2184.910379      -1371051.962663            29.462825
      2.65       3.60         -2184.910802      -1371052.228100            29.197388
      2.65       3.55         -2184.910971      -1371052.334149            29.091339
      2.65       3.50         -2184.911218      -1371052.489144            28.936344
      2.65       3.45         -2184.911161      -1371052.453376            28.972112
      2.65       3.40         -2184.911454      -1371052.637236            28.788252
      2.65       3.35         -2184.911752      -1371052.824234            28.601254
      2.65       3.30         -2184.911970      -1371052.961031            28.464457
      2.65       3.25         -2184.912267      -1371053.147401            28.278087
      2.65       3.20         -2184.912429      -1371053.249058            28.176430
      2.65       3.15         -2184.912564      -1371053.333772            28.091717
      2.65       3.10         -2184.912393      -1371053.226468            28.199021
      2.65       3.05         -2184.912505      -1371053.296749            28.128740
      2.65       3.00         -2184.912169      -1371053.085905            28.339583
      2.65       2.95         -2184.912286      -1371053.159324            28.266164
      2.65       2.90         -2184.911803      -1371052.856237            28.569251
      2.65       2.85         -2184.911713      -1371052.799761            28.625727
      2.65       2.80         -2184.911023      -1371052.366780            29.058709
      2.65       2.75         -2184.910633      -1371052.122051            29.303437
      2.65       2.70         -2184.909712      -1371051.544115            29.881374
      2.65       2.65         -2184.908769      -1371050.952373            30.473115
      2.65       2.60         -2184.907861      -1371050.382595            31.042894
      2.65       2.55         -2184.906442      -1371049.492159            31.933330
      2.65       2.50         -2184.905130      -1371048.668866            32.756622
      2.65       2.45         -2184.903337      -1371047.543742            33.881747
      2.65       2.40         -2184.901636      -1371046.476348            34.949140
      2.65       2.35         -2184.899764      -1371045.301650            36.123838
      2.65       2.30         -2184.897591      -1371043.938072            37.487416
      2.65       2.25         -2184.895523      -1371042.640383            38.785106
      2.65       2.20         -2184.893280      -1371041.232879            40.192609
      2.65       2.15         -2184.891399      -1371040.052534            41.372955
      2.65       2.10         -2184.889530      -1371038.879718            42.545770
      2.65       2.05         -2184.888187      -1371038.036973            43.388515
      2.65       2.00         -2184.887078      -1371037.341065            44.084423
      2.65       1.95         -2184.886655      -1371037.075629            44.349860
      2.65       1.90         -2184.886482      -1371036.967070            44.458419
      2.65       1.85         -2184.887099      -1371037.354243            44.071245
      2.65       1.80         -2184.887882      -1371037.845583            43.579905
      2.65       1.75         -2184.888981      -1371038.535216            42.890273
      2.65       1.70         -2184.890340      -1371039.388001            42.037487
      2.65       1.65         -2184.890996      -1371039.799647            41.625841
      2.65       1.60         -2184.890842      -1371039.703011            41.722477
      2.65       1.55         -2184.889800      -1371039.049146            42.376342
      2.65       1.50         -2184.886596      -1371037.038606            44.386883
      2.60       3.95         -2184.907371      -1371050.075115            31.350373
      2.60       3.90         -2184.907676      -1371050.266505            31.158983
      2.60       3.85         -2184.907888      -1371050.399537            31.025951
      2.60       3.80         -2184.908081      -1371050.520647            30.904842
      2.60       3.75         -2184.908318      -1371050.669366            30.756122
      2.60       3.70         -2184.908601      -1371050.846952            30.578537
      2.60       3.65         -2184.908593      -1371050.841932            30.583557
      2.60       3.60         -2184.908902      -1371051.035832            30.389656
      2.60       3.55         -2184.908832      -1371050.991906            30.433582
      2.60       3.50         -2184.909287      -1371051.277423            30.148065
      2.60       3.45         -2184.909506      -1371051.414848            30.010641
      2.60       3.40         -2184.909769      -1371051.579883            29.845606
      2.60       3.35         -2184.910728      -1371052.181664            29.243824
      2.60       3.30         -2184.911043      -1371052.379330            29.046159
      2.60       3.25         -2184.911226      -1371052.494164            28.931324
      2.60       3.20         -2184.911123      -1371052.429530            28.995958
      2.60       3.15         -2184.911405      -1371052.606488            28.819000
      2.60       3.10         -2184.911208      -1371052.482869            28.942619
      2.60       3.05         -2184.911345      -1371052.568838            28.856651
      2.60       3.00         -2184.911342      -1371052.566955            28.858533
      2.60       2.95         -2184.910991      -1371052.346699            29.078789
      2.60       2.90         -2184.910911      -1371052.296498            29.128990
      2.60       2.85         -2184.910674      -1371052.147779            29.277710
      2.60       2.80         -2184.910059      -1371051.761860            29.663628
      2.60       2.75         -2184.909520      -1371051.423633            30.001855
      2.60       2.70         -2184.908823      -1371050.986259            30.439230
      2.60       2.65         -2184.907748      -1371050.311686            31.113802
      2.60       2.60         -2184.906690      -1371049.647781            31.777707
      2.60       2.55         -2184.905274      -1371048.759228            32.666261
      2.60       2.50         -2184.903892      -1371047.892009            33.533479
      2.60       2.45         -2184.902460      -1371046.993416            34.432072
      2.60       2.40         -2184.900622      -1371045.840053            35.585435
      2.60       2.35         -2184.898761      -1371044.672258            36.753230
      2.60       2.30         -2184.896864      -1371043.481873            37.943615
      2.60       2.25         -2184.894756      -1371042.159083            39.266405
      2.60       2.20         -2184.892691      -1371040.863276            40.562212
      2.60       2.15         -2184.890892      -1371039.734386            41.691102
      2.60       2.10         -2184.889197      -1371038.670758            42.754731
      2.60       2.05         -2184.888060      -1371037.957279            43.468209
      2.60       2.00         -2184.887162      -1371037.393776            44.031712
      2.60       1.95         -2184.886975      -1371037.276432            44.149057
      2.60       1.90         -2184.887106      -1371037.358635            44.066853
      2.60       1.85         -2184.888025      -1371037.935317            43.490172
      2.60       1.80         -2184.889060      -1371038.584789            42.840699
      2.60       1.75         -2184.890562      -1371039.527308            41.898180
      2.60       1.70         -2184.891736      -1371040.264004            41.161484
      2.60       1.65         -2184.892921      -1371041.007603            40.417885
      2.60       1.60         -2184.893020      -1371041.069726            40.355762
      2.60       1.55         -2184.891784      -1371040.294125            41.131363
      2.60       1.50         -2184.891335      -1371040.012373            41.413115
      2.55       3.95         -2184.905103      -1371048.651923            32.773565
      2.55       3.90         -2184.905458      -1371048.874689            32.550799
      2.55       3.85         -2184.905734      -1371049.047882            32.377606
      2.55       3.80         -2184.905928      -1371049.169619            32.255869
      2.55       3.75         -2184.906169      -1371049.320849            32.104640
      2.55       3.70         -2184.906125      -1371049.293238            32.132250
      2.55       3.65         -2184.906503      -1371049.530437            31.895052
      2.55       3.60         -2184.906828      -1371049.734377            31.691111
      2.55       3.55         -2184.906828      -1371049.734377            31.691111
      2.55       3.50         -2184.907152      -1371049.937690            31.487798
      2.55       3.45         -2184.907909      -1371050.412715            31.012773
      2.55       3.40         -2184.908210      -1371050.601595            30.823893
      2.55       3.35         -2184.908351      -1371050.690074            30.735414
      2.55       3.30         -2184.908544      -1371050.811184            30.614305
      2.55       3.25         -2184.908406      -1371050.724587            30.700901
      2.55       3.20         -2184.908713      -1371050.917233            30.508256
      2.55       3.15         -2184.908985      -1371051.087915            30.337573
      2.55       3.10         -2184.908926      -1371051.050892            30.374596
      2.55       3.05         -2184.909085      -1371051.150666            30.274822
      2.55       3.00         -2184.908842      -1371050.998181            30.427307
      2.55       2.95         -2184.908916      -1371051.044617            30.380871
      2.55       2.90         -2184.908481      -1371050.771650            30.653838
      2.55       2.85         -2184.908411      -1371050.727725            30.697763
      2.55       2.80         -2184.907764      -1371050.321726            31.103762
      2.55       2.75         -2184.907466      -1371050.134728            31.290760
      2.55       2.70         -2184.906566      -1371049.569970            31.855518
      2.55       2.65         -2184.905820      -1371049.101848            32.323641
      2.55       2.60         -2184.904873      -1371048.507596            32.917892
      2.55       2.55         -2184.903533      -1371047.666734            33.758755
      2.55       2.50         -2184.902213      -1371046.838421            34.587067
      2.55       2.45         -2184.900739      -1371045.913472            35.512016
      2.55       2.40         -2184.898943      -1371044.786465            36.639023
      2.55       2.35         -2184.897204      -1371043.695226            37.730262
      2.55       2.30         -2184.895178      -1371042.423892            39.001596
      2.55       2.25         -2184.893398      -1371041.306925            40.118563
      2.55       2.20         -2184.891439      -1371040.077634            41.347854
      2.55       2.15         -2184.889885      -1371039.102484            42.323004
      2.55       2.10         -2184.888409      -1371038.176280            43.249208
      2.55       2.05         -2184.887549      -1371037.636622            43.788866
      2.55       2.00         -2184.886993      -1371037.287727            44.137761
      2.55       1.95         -2184.887099      -1371037.354243            44.071245
      2.55       1.90         -2184.887492      -1371037.600854            43.824634
      2.55       1.85         -2184.888794      -1371038.417871            43.007617
      2.55       1.80         -2184.890114      -1371039.246184            42.179304
      2.55       1.75         -2184.891914      -1371040.375701            41.049787
      2.55       1.70         -2184.893392      -1371041.303160            40.122328
      2.55       1.65         -2184.894527      -1371042.015383            39.410105
      2.55       1.60         -2184.895381      -1371042.551276            38.874212
      2.55       1.55         -2184.894440      -1371041.960790            39.464698
      2.55       1.50         -2184.891650      -1371040.210038            41.215450
      2.50       3.95         -2184.902445      -1371046.984003            34.441485
      2.50       3.90         -2184.902751      -1371047.176021            34.249467
      2.50       3.85         -2184.902942      -1371047.295875            34.129613
      2.50       3.80         -2184.903352      -1371047.553154            33.872334
      2.50       3.75         -2184.903324      -1371047.535584            33.889904
      2.50       3.70         -2184.903712      -1371047.779058            33.646430
      2.50       3.65         -2184.904041      -1371047.985508            33.439980
      2.50       3.60         -2184.904035      -1371047.981743            33.443745
      2.50       3.55         -2184.904368      -1371048.190704            33.234784
      2.50       3.50         -2184.904764      -1371048.439198            32.986291
      2.50       3.45         -2184.904908      -1371048.529559            32.895929
      2.50       3.40         -2184.905674      -1371049.010231            32.415257
      2.50       3.35         -2184.905979      -1371049.201622            32.223867
      2.50       3.30         -2184.906163      -1371049.317083            32.108405
      2.50       3.25         -2184.906380      -1371049.453253            31.972235
      2.50       3.20         -2184.906477      -1371049.514121            31.911367
      2.50       3.15         -2184.906679      -1371049.640878            31.784610
      2.50       3.10         -2184.906873      -1371049.762615            31.662873
      2.50       3.05         -2184.906771      -1371049.698609            31.726879
      2.50       3.00         -2184.906634      -1371049.612640            31.812848
      2.50       2.95         -2184.906753      -1371049.687314            31.738174
      2.50       2.90         -2184.906506      -1371049.532319            31.893169
      2.50       2.85         -2184.906336      -1371049.425643            31.999846
      2.50       2.80         -2184.905752      -1371049.059177            32.366311
      2.50       2.75         -2184.905415      -1371048.847706            32.577782
      2.50       2.70         -2184.904820      -1371048.474338            32.951150
      2.50       2.65         -2184.903851      -1371047.866282            33.559207
      2.50       2.60         -2184.902903      -1371047.271403            34.154086
      2.50       2.55         -2184.901794      -1371046.575495            34.849994
      2.50       2.50         -2184.900342      -1371045.664351            35.761137
      2.50       2.45         -2184.898893      -1371044.755090            36.670399
      2.50       2.40         -2184.897371      -1371043.800020            37.625468
      2.50       2.35         -2184.895552      -1371042.658580            38.766908
      2.50       2.30         -2184.893834      -1371041.580519            39.844969
      2.50       2.25         -2184.891918      -1371040.378211            41.047277
      2.50       2.20         -2184.890369      -1371039.406199            42.019289
      2.50       2.15         -2184.888783      -1371038.410969            43.014519
      2.50       2.10         -2184.887792      -1371037.789107            43.636381
      2.50       2.05         -2184.887017      -1371037.302787            44.122701
      2.50       2.00         -2184.887038      -1371037.315965            44.109523
      2.50       1.95         -2184.887341      -1371037.506100            43.919388
      2.50       1.90         -2184.888443      -1371038.197616            43.227873
      2.50       1.85         -2184.889731      -1371039.005848            42.419640
      2.50       1.80         -2184.891581      -1371040.166740            41.258748
      2.50       1.75         -2184.893382      -1371041.296885            40.128603
      2.50       1.70         -2184.895428      -1371042.580769            38.844719
      2.50       1.65         -2184.896706      -1371043.382726            38.042762
      2.50       1.60         -2184.897115      -1371043.639378            37.786110
      2.50       1.55         -2184.898521      -1371044.521656            36.903832
      2.50       1.50         -2184.895706      -1371042.755217            38.670271
      2.45       3.95         -2184.899473      -1371045.119045            36.306443
      2.45       3.90         -2184.899655      -1371045.233252            36.192236
      2.45       3.85         -2184.900202      -1371045.576500            35.848989
      2.45       3.80         -2184.900552      -1371045.796128            35.629360
      2.45       3.75         -2184.900863      -1371045.991283            35.434205
      2.45       3.70         -2184.901017      -1371046.087920            35.337569
      2.45       3.65         -2184.901586      -1371046.444973            34.980516
      2.45       3.60         -2184.901830      -1371046.598085            34.827403
      2.45       3.55         -2184.902043      -1371046.731744            34.693744
      2.45       3.50         -2184.902271      -1371046.874817            34.550672
      2.45       3.45         -2184.902396      -1371046.953255            34.472233
      2.45       3.40         -2184.902679      -1371047.130840            34.294648
      2.45       3.35         -2184.902619      -1371047.093190            34.332298
      2.45       3.30         -2184.903151      -1371047.427025            33.998463
      2.45       3.25         -2184.903806      -1371047.838044            33.587445
      2.45       3.20         -2184.904039      -1371047.984253            33.441235
      2.45       3.15         -2184.904197      -1371048.083400            33.342088
      2.45       3.10         -2184.904416      -1371048.220824            33.204664
      2.45       3.05         -2184.904350      -1371048.179409            33.246079
      2.45       3.00         -2184.904830      -1371048.480613            32.944875
      2.45       2.95         -2184.904814      -1371048.470573            32.954915
      2.45       2.90         -2184.904723      -1371048.413470            33.012018
      2.45       2.85         -2184.904289      -1371048.141131            33.284358
      2.45       2.80         -2184.903952      -1371047.929660            33.495828
      2.45       2.75         -2184.903445      -1371047.611513            33.813976
      2.45       2.70         -2184.902588      -1371047.073737            34.351751
      2.45       2.65         -2184.901873      -1371046.625068            34.800420
      2.45       2.60         -2184.900947      -1371046.043994            35.381494
      2.45       2.55         -2184.899667      -1371045.240782            36.184706
      2.45       2.50         -2184.898432      -1371044.465808            36.959681
      2.45       2.45         -2184.897042      -1371043.593570            37.831919
      2.45       2.40         -2184.895375      -1371042.547511            38.877977
      2.45       2.35         -2184.893843      -1371041.586167            39.839321
      2.45       2.30         -2184.892036      -1371040.452257            40.973231
      2.45       2.25         -2184.890641      -1371039.576881            41.848607
      2.45       2.20         -2184.889046      -1371038.576004            42.849484
      2.45       2.15         -2184.887926      -1371037.873193            43.552295
      2.45       2.10         -2184.886986      -1371037.283334            44.142154
      2.45       2.05         -2184.886826      -1371037.182933            44.242555
      2.45       2.00         -2184.886969      -1371037.272667            44.152822
      2.45       1.95         -2184.887849      -1371037.824875            43.600613
      2.45       1.90         -2184.888993      -1371038.542746            42.882742
      2.45       1.85         -2184.890976      -1371039.787097            41.638391
      2.45       1.80         -2184.892941      -1371041.020153            40.405335
      2.45       1.75         -2184.895165      -1371042.415734            39.009754
      2.45       1.70         -2184.897459      -1371043.855241            37.570247
      2.45       1.65         -2184.898933      -1371044.780190            36.645298
      2.45       1.60         -2184.899467      -1371045.115280            36.310208
      2.45       1.55         -2184.900917      -1371046.025169            35.400319
      2.45       1.50         -2184.898270      -1371044.364151            37.061337
      2.40       3.95         -2184.896127      -1371043.019398            38.406090
      2.40       3.90         -2184.896608      -1371043.321230            38.104258
      2.40       3.85         -2184.897057      -1371043.602982            37.822506
      2.40       3.80         -2184.897159      -1371043.666988            37.758500
      2.40       3.75         -2184.897553      -1371043.914227            37.511261
      2.40       3.70         -2184.897887      -1371044.123815            37.301673
      2.40       3.65         -2184.898228      -1371044.337796            37.087692
      2.40       3.60         -2184.898276      -1371044.367916            37.057572
      2.40       3.55         -2184.898660      -1371044.608880            36.816608
      2.40       3.50         -2184.898929      -1371044.777680            36.647808
      2.40       3.45         -2184.899255      -1371044.982248            36.443240
      2.40       3.40         -2184.899867      -1371045.366284            36.059204
      2.40       3.35         -2184.900125      -1371045.528181            35.897307
      2.40       3.30         -2184.900341      -1371045.663723            35.761765
      2.40       3.25         -2184.900785      -1371045.942338            35.483151
      2.40       3.20         -2184.901767      -1371046.558552            34.866936
      2.40       3.15         -2184.902058      -1371046.741157            34.684331
      2.40       3.10         -2184.902228      -1371046.847834            34.577655
      2.40       3.05         -2184.902319      -1371046.904937            34.520551
      2.40       3.00         -2184.902126      -1371046.783828            34.641661
      2.40       2.95         -2184.902228      -1371046.847834            34.577655
      2.40       2.90         -2184.902134      -1371046.788848            34.636640
      2.40       2.85         -2184.901801      -1371046.579887            34.845601
      2.40       2.80         -2184.901428      -1371046.345826            35.079662
      2.40       2.75         -2184.901033      -1371046.097960            35.327528
      2.40       2.70         -2184.900329      -1371045.656193            35.769295
      2.40       2.65         -2184.899513      -1371045.144145            36.281343
      2.40       2.60         -2184.898626      -1371044.587545            36.837944
      2.40       2.55         -2184.897390      -1371043.811943            37.613545
      2.40       2.50         -2184.896114      -1371043.011241            38.414247
      2.40       2.45         -2184.894828      -1371042.204264            39.221225
      2.40       2.40         -2184.893224      -1371041.197738            40.227750
      2.40       2.35         -2184.891873      -1371040.349973            41.075515
      2.40       2.30         -2184.890242      -1371039.326505            42.098983
      2.40       2.25         -2184.889052      -1371038.579769            42.845719
      2.40       2.20         -2184.887719      -1371037.743299            43.682190
      2.40       2.15         -2184.886926      -1371037.245684            44.179805
      2.40       2.10         -2184.886352      -1371036.885493            44.539995
      2.40       2.05         -2184.886594      -1371037.037351            44.388138
      2.40       2.00         -2184.887149      -1371037.385618            44.039870
      2.40       1.95         -2184.888492      -1371038.228364            43.197125
      2.40       1.90         -2184.890078      -1371039.223594            42.201895
      2.40       1.85         -2184.892178      -1371040.541363            40.884125
      2.40       1.80         -2184.894830      -1371042.205519            39.219970
      2.40       1.75         -2184.897246      -1371043.721582            37.703907
      2.40       1.70         -2184.899398      -1371045.071982            36.353506
      2.40       1.65         -2184.901334      -1371046.286840            35.138648
      2.40       1.60         -2184.902074      -1371046.751197            34.674291
      2.40       1.55         -2184.901466      -1371046.369671            35.055817
      2.40       1.50         -2184.900514      -1371045.772282            35.653206
      2.35       3.95         -2184.892893      -1371040.990033            40.435455
      2.35       3.90         -2184.893309      -1371041.251077            40.174412
      2.35       3.85         -2184.893611      -1371041.440585            39.984904
      2.35       3.80         -2184.893969      -1371041.665233            39.760255
      2.35       3.75         -2184.894104      -1371041.749947            39.675542
      2.35       3.70         -2184.894482      -1371041.987145            39.438343
      2.35       3.65         -2184.894472      -1371041.980870            39.444618
      2.35       3.60         -2184.894916      -1371042.259484            39.166004
      2.35       3.55         -2184.895709      -1371042.757099            38.668389
      2.35       3.50         -2184.896051      -1371042.971708            38.453781
      2.35       3.45         -2184.896344      -1371043.155568            38.269920
      2.35       3.40         -2184.896299      -1371043.127330            38.298158
      2.35       3.35         -2184.896679      -1371043.365784            38.059705
      2.35       3.30         -2184.897103      -1371043.631848            37.793641
      2.35       3.25         -2184.897153      -1371043.663223            37.762265
      2.35       3.20         -2184.897663      -1371043.983253            37.442235
      2.35       3.15         -2184.898012      -1371044.202254            37.223234
      2.35       3.10         -2184.898896      -1371044.756972            36.668516
      2.35       3.05         -2184.899158      -1371044.921380            36.504109
      2.35       3.00         -2184.899251      -1371044.979738            36.445750
      2.35       2.95         -2184.899023      -1371044.836666            36.588822
      2.35       2.90         -2184.899052      -1371044.854864            36.570625
      2.35       2.85         -2184.898880      -1371044.746932            36.678556
      2.35       2.80         -2184.898396      -1371044.443217            36.982271
      2.35       2.75         -2184.897998      -1371044.193469            37.232020
      2.35       2.70         -2184.897451      -1371043.850221            37.575267
      2.35       2.65         -2184.896689      -1371043.372059            38.053430
      2.35       2.60         -2184.895632      -1371042.708781            38.716707
      2.35       2.55         -2184.894770      -1371042.167868            39.257620
      2.35       2.50         -2184.893507      -1371041.375324            40.050165
      2.35       2.45         -2184.892224      -1371040.570229            40.855259
      2.35       2.40         -2184.891045      -1371039.830395            41.595093
      2.35       2.35         -2184.889562      -1371038.899799            42.525690
      2.35       2.30         -2184.888505      -1371038.236521            43.188967
      2.35       2.25         -2184.887274      -1371037.464057            43.961431
      2.35       2.20         -2184.886419      -1371036.927536            44.497952
      2.35       2.15         -2184.885725      -1371036.492045            44.933443
      2.35       2.10         -2184.885864      -1371036.579269            44.846220
      2.35       2.05         -2184.886251      -1371036.822115            44.603373
      2.35       2.00         -2184.887569      -1371037.649172            43.776316
      2.35       1.95         -2184.889104      -1371038.612399            42.813089
      2.35       1.90         -2184.891424      -1371040.068221            41.357267
      2.35       1.85         -2184.893797      -1371041.557301            39.868187
      2.35       1.80         -2184.896696      -1371043.376451            38.049037
      2.35       1.75         -2184.899335      -1371045.032449            36.393039
      2.35       1.70         -2184.901708      -1371046.521529            34.903959
      2.35       1.65         -2184.903757      -1371047.807296            33.618193
      2.35       1.60         -2184.906693      -1371049.649664            31.775825
      2.35       1.55         -2184.906294      -1371049.399287            32.026201
      2.35       1.50         -2184.903857      -1371047.870047            33.555442
      2.30       3.95         -2184.888915      -1371038.493800            42.931688
      2.30       3.90         -2184.889383      -1371038.787475            42.638014
      2.30       3.85         -2184.889489      -1371038.853991            42.571498
      2.30       3.80         -2184.889974      -1371039.158333            42.267156
      2.30       3.75         -2184.890389      -1371039.418749            42.006739
      2.30       3.70         -2184.890719      -1371039.625827            41.799661
      2.30       3.65         -2184.890948      -1371039.769527            41.655961
      2.30       3.60         -2184.891300      -1371039.990410            41.435078
      2.30       3.55         -2184.891346      -1371040.019276            41.406213
      2.30       3.50         -2184.891847      -1371040.333658            41.091830
      2.30       3.45         -2184.891985      -1371040.420254            41.005234
      2.30       3.40         -2184.893079      -1371041.106750            40.318739
      2.30       3.35         -2184.893518      -1371041.382226            40.043262
      2.30       3.30         -2184.893828      -1371041.576754            39.848734
      2.30       3.25         -2184.894145      -1371041.775675            39.649814
      2.30       3.20         -2184.894177      -1371041.795755            39.629733
      2.30       3.15         -2184.894581      -1371042.049269            39.376219
      2.30       3.10         -2184.894919      -1371042.261367            39.164121
      2.30       3.05         -2184.895206      -1371042.441462            38.984026
      2.30       3.00         -2184.895157      -1371042.410714            39.014774
      2.30       2.95         -2184.895278      -1371042.486643            38.938845
      2.30       2.90         -2184.895321      -1371042.513626            38.911862
      2.30       2.85         -2184.895000      -1371042.312195            39.113293
      2.30       2.80         -2184.894839      -1371042.211166            39.214322
      2.30       2.75         -2184.894558      -1371042.034836            39.390652
      2.30       2.70         -2184.893854      -1371041.593069            39.832419
      2.30       2.65         -2184.893342      -1371041.271785            40.153704
      2.30       2.60         -2184.892607      -1371040.810565            40.614923
      2.30       2.55         -2184.891550      -1371040.147288            41.278201
      2.30       2.50         -2184.890638      -1371039.574999            41.850489
      2.30       2.45         -2184.889399      -1371038.797515            42.627974
      2.30       2.40         -2184.888422      -1371038.184438            43.241050
      2.30       2.35         -2184.887158      -1371037.391266            44.034222
      2.30       2.30         -2184.886300      -1371036.852863            44.572625
      2.30       2.25         -2184.885336      -1371036.247944            45.177545
      2.30       2.20         -2184.884978      -1371036.023295            45.402193
      2.30       2.15         -2184.884752      -1371035.881478            45.544010
      2.30       2.10         -2184.885361      -1371036.263631            45.161857
      2.30       2.05         -2184.886274      -1371036.836548            44.588941
      2.30       2.00         -2184.888067      -1371037.961672            43.463816
      2.30       1.95         -2184.890088      -1371039.229869            42.195620
      2.30       1.90         -2184.892892      -1371040.989405            40.436083
      2.30       1.85         -2184.895730      -1371042.770277            38.655211
      2.30       1.80         -2184.898967      -1371044.801525            36.623963
      2.30       1.75         -2184.901974      -1371046.688446            34.737042
      2.30       1.70         -2184.906194      -1371049.336536            32.088952
      2.30       1.65         -2184.908364      -1371050.698232            30.727256
      2.30       1.60         -2184.909478      -1371051.397277            30.028211
      2.30       1.55         -2184.909157      -1371051.195847            30.229641
      2.30       1.50         -2184.906775      -1371049.701119            31.724369
      2.25       3.95         -2184.884481      -1371035.711423            45.714065
      2.25       3.90         -2184.885092      -1371036.094831            45.330657
      2.25       3.85         -2184.885245      -1371036.190840            45.234648
      2.25       3.80         -2184.885812      -1371036.546638            44.878850
      2.25       3.75         -2184.885890      -1371036.595584            44.829904
      2.25       3.70         -2184.886338      -1371036.876708            44.548780
      2.25       3.65         -2184.886784      -1371037.156577            44.268911
      2.25       3.60         -2184.887139      -1371037.379343            44.046145
      2.25       3.55         -2184.888094      -1371037.978615            43.446873
      2.25       3.50         -2184.888539      -1371038.257857            43.167632
      2.25       3.45         -2184.888909      -1371038.490035            42.935453
      2.25       3.40         -2184.888996      -1371038.544628            42.880860
      2.25       3.35         -2184.889326      -1371038.751706            42.673782
      2.25       3.30         -2184.889739      -1371039.010868            42.414620
      2.25       3.25         -2184.889970      -1371039.155823            42.269666
      2.25       3.20         -2184.890903      -1371039.741289            41.684199
      2.25       3.15         -2184.891130      -1371039.883734            41.541755
      2.25       3.10         -2184.891467      -1371040.095204            41.330284
      2.25       3.05         -2184.891758      -1371040.277810            41.147679
      2.25       3.00         -2184.891708      -1371040.246434            41.179054
      2.25       2.95         -2184.891877      -1371040.352483            41.073005
      2.25       2.90         -2184.892013      -1371040.437824            40.987664
      2.25       2.85         -2184.891743      -1371040.268397            41.157091
      2.25       2.80         -2184.891604      -1371040.181173            41.244315
      2.25       2.75         -2184.891391      -1371040.047514            41.377975
      2.25       2.70         -2184.890794      -1371039.672890            41.752598
      2.25       2.65         -2184.890238      -1371039.323995            42.101493
      2.25       2.60         -2184.889623      -1371038.938077            42.487411
      2.25       2.55         -2184.888666      -1371038.337550            43.087938
      2.25       2.50         -2184.887807      -1371037.798520            43.626969
      2.25       2.45         -2184.886983      -1371037.281452            44.144036
      2.25       2.40         -2184.885921      -1371036.615037            44.810452
      2.25       2.35         -2184.885132      -1371036.119932            45.305557
      2.25       2.30         -2184.884473      -1371035.706403            45.719085
      2.25       2.25         -2184.883840      -1371035.309190            46.116299
      2.25       2.20         -2184.883932      -1371035.366920            46.058568
      2.25       2.15         -2184.884154      -1371035.506227            45.919261
      2.25       2.10         -2184.885315      -1371036.234766            45.190722
      2.25       2.05         -2184.886718      -1371037.115162            44.310326
      2.25       2.00         -2184.889036      -1371038.569729            42.855760
      2.25       1.95         -2184.891516      -1371040.125952            41.299536
      2.25       1.90         -2184.896229      -1371043.083404            38.342084
      2.25       1.85         -2184.899548      -1371045.166108            36.259380
      2.25       1.80         -2184.903142      -1371047.421377            34.004111
      2.25       1.75         -2184.906390      -1371049.459528            31.965960
      2.25       1.70         -2184.909277      -1371051.271148            30.154340
      2.25       1.65         -2184.911533      -1371052.686809            28.738679
      2.25       1.60         -2184.912721      -1371053.432291            27.993198
      2.25       1.55         -2184.912408      -1371053.235880            28.189608
      2.25       1.50         -2184.910158      -1371051.823984            29.601504
      2.20       3.95         -2184.879874      -1371032.820487            48.605001
      2.20       3.90         -2184.880449      -1371033.181305            48.244183
      2.20       3.85         -2184.880793      -1371033.397168            48.028320
      2.20       3.80         -2184.881183      -1371033.641897            47.783591
      2.20       3.75         -2184.881645      -1371033.931806            47.493682
      2.20       3.70         -2184.882001      -1371034.155200            47.270289
      2.20       3.65         -2184.882362      -1371034.381730            47.043758
      2.20       3.60         -2184.882731      -1371034.613281            46.812207
      2.20       3.55         -2184.883239      -1371034.932056            46.493432
      2.20       3.50         -2184.883412      -1371035.040615            46.384873
      2.20       3.45         -2184.883965      -1371035.387628            46.037860
      2.20       3.40         -2184.884104      -1371035.474852            45.950636
      2.20       3.35         -2184.884854      -1371035.945484            45.480004
      2.20       3.30         -2184.887253      -1371037.450879            43.974609
      2.20       3.25         -2184.887960      -1371037.894529            43.530960
      2.20       3.20         -2184.888339      -1371038.132355            43.293134
      2.20       3.15         -2184.888732      -1371038.378966            43.046522
      2.20       3.10         -2184.888818      -1371038.432932            42.992557
      2.20       3.05         -2184.889144      -1371038.637500            42.787989
      2.20       3.00         -2184.889343      -1371038.762374            42.663114
      2.20       2.95         -2184.889184      -1371038.662600            42.762888
      2.20       2.90         -2184.889284      -1371038.725351            42.700137
      2.20       2.85         -2184.889262      -1371038.711546            42.713942
      2.20       2.80         -2184.888844      -1371038.449247            42.976241
      2.20       2.75         -2184.888614      -1371038.304920            43.120569
      2.20       2.70         -2184.888167      -1371038.024423            43.401065
      2.20       2.65         -2184.887668      -1371037.711296            43.714192
      2.20       2.60         -2184.886845      -1371037.194855            44.230633
      2.20       2.55         -2184.886197      -1371036.788229            44.637259
      2.20       2.50         -2184.885836      -1371036.561698            44.863790
      2.20       2.45         -2184.885044      -1371036.064711            45.360777
      2.20       2.40         -2184.884398      -1371035.659340            45.766148
      2.20       2.35         -2184.883837      -1371035.307307            46.118181
      2.20       2.30         -2184.883314      -1371034.979120            46.446369
      2.20       2.25         -2184.883325      -1371034.986022            46.439466
      2.20       2.20         -2184.883546      -1371035.124702            46.300787
      2.20       2.15         -2184.884468      -1371035.703265            45.722223
      2.20       2.10         -2184.885729      -1371036.494555            44.930933
      2.20       2.05         -2184.887661      -1371037.706903            43.718585
      2.20       2.00         -2184.890283      -1371039.352233            42.073255
      2.20       1.95         -2184.893032      -1371041.077257            40.348232
      2.20       1.90         -2184.896194      -1371043.061442            38.364047
      2.20       1.85         -2184.899925      -1371045.402679            36.022809
      2.20       1.80         -2184.903366      -1371047.561939            33.863549
      2.20       1.75         -2184.909263      -1371051.262363            30.163125
      2.20       1.70         -2184.912429      -1371053.249058            28.176430
      2.20       1.65         -2184.914861      -1371054.775161            26.650327
      2.20       1.60         -2184.916280      -1371055.665597            25.759891
      2.20       1.55         -2184.916063      -1371055.529427            25.896061
      2.20       1.50         -2184.913966      -1371054.213540            27.211948
      2.15       3.95         -2184.874974      -1371029.745691            51.679798
      2.15       3.90         -2184.875531      -1371030.095213            51.330275
      2.15       3.85         -2184.876013      -1371030.397673            51.027815
      2.15       3.80         -2184.876526      -1371030.719585            50.705903
      2.15       3.75         -2184.876707      -1371030.833164            50.592324
      2.15       3.70         -2184.877449      -1371031.298776            50.126712
      2.15       3.65         -2184.877809      -1371031.524680            49.900808
      2.15       3.60         -2184.878191      -1371031.764388            49.661100
      2.15       3.55         -2184.879331      -1371032.479749            48.945739
      2.15       3.50         -2184.879910      -1371032.843077            48.582411
      2.15       3.45         -2184.880364      -1371033.127967            48.297522
      2.15       3.40         -2184.880813      -1371033.409718            48.015770
      2.15       3.35         -2184.881294      -1371033.711550            47.713938
      2.15       3.30         -2184.881565      -1371033.881605            47.543883
      2.15       3.25         -2184.882885      -1371034.709918            46.715570
      2.15       3.20         -2184.883481      -1371035.083914            46.341575
      2.15       3.15         -2184.883908      -1371035.351860            46.073628
      2.15       3.10         -2184.884172      -1371035.517523            45.907966
      2.15       3.05         -2184.884534      -1371035.744681            45.680807
      2.15       3.00         -2184.884523      -1371035.737778            45.687710
      2.15       2.95         -2184.884910      -1371035.980625            45.444864
      2.15       2.90         -2184.884811      -1371035.918501            45.506987
      2.15       2.85         -2184.884904      -1371035.976860            45.448629
      2.15       2.80         -2184.884829      -1371035.929796            45.495692
      2.15       2.75         -2184.884441      -1371035.686323            45.739166
      2.15       2.70         -2184.884235      -1371035.557056            45.868433
      2.15       2.65         -2184.883920      -1371035.359390            46.066098
      2.15       2.60         -2184.883282      -1371034.959039            46.466449
      2.15       2.55         -2184.882874      -1371034.703015            46.722473
      2.15       2.50         -2184.882417      -1371034.416244            47.009245
      2.15       2.45         -2184.881787      -1371034.020913            47.404576
      2.15       2.40         -2184.881508      -1371033.845837            47.579651
      2.15       2.35         -2184.881146      -1371033.618679            47.806809
      2.15       2.30         -2184.881435      -1371033.800029            47.625459
      2.15       2.25         -2184.881786      -1371034.020285            47.405203
      2.15       2.20         -2184.882910      -1371034.725606            46.699883
      2.15       2.15         -2184.884259      -1371035.572116            45.853372
      2.15       2.10         -2184.886459      -1371036.952637            44.472851
      2.15       2.05         -2184.888891      -1371038.478740            42.946748
      2.15       2.00         -2184.891933      -1371040.387624            41.037865
      2.15       1.95         -2184.895171      -1371042.419499            39.005989
      2.15       1.90         -2184.899134      -1371044.906319            36.519169
      2.15       1.85         -2184.902951      -1371047.301523            34.123965
      2.15       1.80         -2184.908234      -1371050.616656            30.808833
      2.15       1.75         -2184.912071      -1371053.024409            28.401079
      2.15       1.70         -2184.915377      -1371055.098956            26.326532
      2.15       1.65         -2184.917897      -1371056.680280            24.745209
      2.15       1.60         -2184.919385      -1371057.614014            23.811475
      2.15       1.55         -2184.919412      -1371057.630957            23.794532
      2.15       1.50         -2184.917371      -1371056.350210            25.075279
      2.10       3.95         -2184.869812      -1371026.506487            54.919002
      2.10       3.90         -2184.870228      -1371026.767531            54.657958
      2.10       3.85         -2184.870880      -1371027.176667            54.248822
      2.10       3.80         -2184.871071      -1371027.296521            54.128967
      2.10       3.75         -2184.871764      -1371027.731385            53.694103
      2.10       3.70         -2184.871960      -1371027.854377            53.571111
      2.10       3.65         -2184.872667      -1371028.298026            53.127462
      2.10       3.60         -2184.872862      -1371028.420390            53.005098
      2.10       3.55         -2184.873495      -1371028.817604            52.607884
      2.10       3.50         -2184.874372      -1371029.367930            52.057558
      2.10       3.45         -2184.874751      -1371029.605756            51.819732
      2.10       3.40         -2184.876167      -1371030.494309            50.931179
      2.10       3.35         -2184.876850      -1371030.922898            50.502590
      2.10       3.30         -2184.877335      -1371031.227240            50.198248
      2.10       3.25         -2184.877500      -1371031.330779            50.094709
      2.10       3.20         -2184.878185      -1371031.760623            49.664865
      2.10       3.15         -2184.878731      -1371032.103244            49.322245
      2.10       3.10         -2184.878928      -1371032.226863            49.198625
      2.10       3.05         -2184.879474      -1371032.569483            48.856005
      2.10       3.00         -2184.879558      -1371032.622194            48.803294
      2.10       2.95         -2184.880077      -1371032.947871            48.477617
      2.10       2.90         -2184.880074      -1371032.945989            48.479499
      2.10       2.85         -2184.880377      -1371033.136124            48.289364
      2.10       2.80         -2184.880611      -1371033.282961            48.142527
      2.10       2.75         -2184.880454      -1371033.184442            48.241046
      2.10       2.70         -2184.880383      -1371033.139889            48.285599
      2.10       2.65         -2184.880343      -1371033.114789            48.310699
      2.10       2.60         -2184.879994      -1371032.895788            48.529700
      2.10       2.55         -2184.879736      -1371032.733891            48.691598
      2.10       2.50         -2184.879557      -1371032.621566            48.803922
      2.10       2.45         -2184.879291      -1371032.454649            48.970839
      2.10       2.40         -2184.879373      -1371032.506105            48.919384
      2.10       2.35         -2184.879500      -1371032.585798            48.839690
      2.10       2.30         -2184.880320      -1371033.100356            48.325132
      2.10       2.25         -2184.881223      -1371033.666997            47.758491
      2.10       2.20         -2184.882922      -1371034.733136            46.692352
      2.10       2.15         -2184.884814      -1371035.920384            45.505105
      2.10       2.10         -2184.887538      -1371037.629720            43.795769
      2.10       2.05         -2184.890458      -1371039.462047            41.963441
      2.10       2.00         -2184.893947      -1371041.651428            39.774061
      2.10       1.95         -2184.898170      -1371044.301400            37.124088
      2.10       1.90         -2184.902285      -1371046.883602            34.541887
      2.10       1.85         -2184.906445      -1371049.494041            31.931447
      2.10       1.80         -2184.911987      -1371052.971699            28.453790
      2.10       1.75         -2184.915830      -1371055.383218            26.042271
      2.10       1.70         -2184.919269      -1371057.541223            23.884266
      2.10       1.65         -2184.921904      -1371059.194710            22.230778
      2.10       1.60         -2184.923493      -1371060.191823            21.233666
      2.10       1.55         -2184.923622      -1371060.272771            21.152717
      2.10       1.50         -2184.921816      -1371059.139489            22.285999
      2.05       3.95         -2184.864973      -1371023.469968            57.955520
      2.05       3.90         -2184.865640      -1371023.888517            57.536971
      2.05       3.85         -2184.866220      -1371024.252473            57.173016
      2.05       3.80         -2184.866594      -1371024.487161            56.938327
      2.05       3.75         -2184.867100      -1371024.804681            56.620807
      2.05       3.70         -2184.867672      -1371025.163616            56.261872
      2.05       3.65         -2184.868339      -1371025.582165            55.843323
      2.05       3.60         -2184.868852      -1371025.904078            55.521411
      2.05       3.55         -2184.871530      -1371027.584548            53.840940
      2.05       3.50         -2184.872426      -1371028.146796            53.278692
      2.05       3.45         -2184.872874      -1371028.427921            52.997568
      2.05       3.40         -2184.873722      -1371028.960049            52.465440
      2.05       3.35         -2184.874061      -1371029.172774            52.252714
      2.05       3.30         -2184.874812      -1371029.644034            51.781454
      2.05       3.25         -2184.875087      -1371029.816599            51.608889
      2.05       3.20         -2184.875866      -1371030.305429            51.120059
      2.05       3.15         -2184.876399      -1371030.639892            50.785597
      2.05       3.10         -2184.876646      -1371030.794886            50.630602
      2.05       3.05         -2184.877103      -1371031.081658            50.343830
      2.05       3.00         -2184.877518      -1371031.342075            50.083414
      2.05       2.95         -2184.877608      -1371031.398550            50.026938
      2.05       2.90         -2184.877899      -1371031.581156            49.844333
      2.05       2.85         -2184.878086      -1371031.698500            49.726988
      2.05       2.80         -2184.877956      -1371031.616924            49.808564
      2.05       2.75         -2184.878060      -1371031.682185            49.743304
      2.05       2.70         -2184.878135      -1371031.729248            49.696240
      2.05       2.65         -2184.877903      -1371031.583666            49.841823
      2.05       2.60         -2184.877855      -1371031.553545            49.871943
      2.05       2.55         -2184.877845      -1371031.547270            49.878218
      2.05       2.50         -2184.877686      -1371031.447496            49.977992
      2.05       2.45         -2184.877986      -1371031.635749            49.789739
      2.05       2.40         -2184.878227      -1371031.786979            49.638509
      2.05       2.35         -2184.879204      -1371032.400056            49.025433
      2.05       2.30         -2184.880192      -1371033.020035            48.405453
      2.05       2.25         -2184.881910      -1371034.098096            47.327392
      2.05       2.20         -2184.883780      -1371035.271539            46.153949
      2.05       2.15         -2184.886431      -1371036.935067            44.490422
      2.05       2.10         -2184.889238      -1371038.696486            42.729003
      2.05       2.05         -2184.893603      -1371041.435564            39.989924
      2.05       2.00         -2184.897568      -1371043.923640            37.501849
      2.05       1.95         -2184.901528      -1371046.408577            35.016911
      2.05       1.90         -2184.905766      -1371049.067962            32.357526
      2.05       1.85         -2184.910311      -1371051.919993            29.505495
      2.05       1.80         -2184.914569      -1371054.591928            26.833560
      2.05       1.75         -2184.918635      -1371057.143382            24.282107
      2.05       1.70         -2184.922252      -1371059.413083            22.012405
      2.05       1.65         -2184.924937      -1371061.097946            20.327542
      2.05       1.60         -2184.926725      -1371062.219933            19.205555
      2.05       1.55         -2184.927185      -1371062.508588            18.916901
      2.05       1.50         -2184.925343      -1371061.352715            20.072773
      2.00       3.95         -2184.858781      -1371019.584430            61.841059
      2.00       3.90         -2184.859688      -1371020.153581            61.271908
      2.00       3.85         -2184.860363      -1371020.577150            60.848339
      2.00       3.80         -2184.860668      -1371020.768540            60.656948
      2.00       3.75         -2184.861426      -1371021.244192            60.181296
      2.00       3.70         -2184.862208      -1371021.734905            59.690584
      2.00       3.65         -2184.862794      -1371022.102625            59.322863
      2.00       3.60         -2184.864342      -1371023.074010            58.351478
      2.00       3.55         -2184.865001      -1371023.487539            57.937950
      2.00       3.50         -2184.865817      -1371023.999586            57.425902
      2.00       3.45         -2184.866484      -1371024.418135            57.007353
      2.00       3.40         -2184.866872      -1371024.661609            56.763880
      2.00       3.35         -2184.867661      -1371025.156714            56.268775
      2.00       3.30         -2184.868466      -1371025.661859            55.763629
      2.00       3.25         -2184.868914      -1371025.942983            55.482505
      2.00       3.20         -2184.869630      -1371026.392280            55.033208
      2.00       3.15         -2184.870493      -1371026.933821            54.491668
      2.00       3.10         -2184.871088      -1371027.307189            54.118300
      2.00       3.05         -2184.871699      -1371027.690597            53.734891
      2.00       3.00         -2184.871988      -1371027.871947            53.553541
      2.00       2.95         -2184.872591      -1371028.250335            53.175153
      2.00       2.90         -2184.873137      -1371028.592956            52.832533
      2.00       2.85         -2184.873343      -1371028.722223            52.703266
      2.00       2.80         -2184.873692      -1371028.941223            52.484265
      2.00       2.75         -2184.873853      -1371029.042252            52.383236
      2.00       2.70         -2184.874161      -1371029.235525            52.189963
      2.00       2.65         -2184.874181      -1371029.248075            52.177413
      2.00       2.60         -2184.874541      -1371029.473979            51.951509
      2.00       2.55         -2184.874675      -1371029.558065            51.867423
      2.00       2.50         -2184.875274      -1371029.933943            51.491545
      2.00       2.45         -2184.875771      -1371030.245816            51.179673
      2.00       2.40         -2184.876953      -1371030.987532            50.437957
      2.00       2.35         -2184.878131      -1371031.726738            49.698750
      2.00       2.30         -2184.880048      -1371032.929674            48.495815
      2.00       2.25         -2184.882048      -1371034.184693            47.240796
      2.00       2.20         -2184.884844      -1371035.939209            45.486279
      2.00       2.15         -2184.887718      -1371037.742671            43.682817
      2.00       2.10         -2184.892475      -1371040.727734            40.697754
      2.00       2.05         -2184.896486      -1371043.244674            38.180814
      2.00       2.00         -2184.900560      -1371045.801148            35.624340
      2.00       1.95         -2184.904898      -1371048.523284            32.902204
      2.00       1.90         -2184.909469      -1371051.391630            30.033858
      2.00       1.85         -2184.913906      -1371054.175889            27.249599
      2.00       1.80         -2184.918321      -1371056.946344            24.479145
      2.00       1.75         -2184.922616      -1371059.641497            21.783991
      2.00       1.70         -2184.926256      -1371061.925631            19.499857
      2.00       1.65         -2184.929203      -1371063.774902            17.650586
      2.00       1.60         -2184.931040      -1371064.927637            16.497852
      2.00       1.55         -2184.931323      -1371065.105222            16.320266
      2.00       1.50         -2184.929577      -1371064.009590            17.415898
      1.95       3.95         -2184.854716      -1371017.033604            64.391885
      1.95       3.90         -2184.855465      -1371017.503608            63.921880
      1.95       3.85         -2184.856106      -1371017.905842            63.519647
      1.95       3.80         -2184.856885      -1371018.394672            63.030817
      1.95       3.75         -2184.857323      -1371018.669521            62.755967
      1.95       3.70         -2184.857988      -1371019.086815            62.338674
      1.95       3.65         -2184.858844      -1371019.623963            61.801526
      1.95       3.60         -2184.859251      -1371019.879359            61.546129
      1.95       3.55         -2184.860120      -1371020.424665            61.000823
      1.95       3.50         -2184.861389      -1371021.220974            60.204514
      1.95       3.45         -2184.863168      -1371022.337314            59.088175
      1.95       3.40         -2184.864120      -1371022.934703            58.490786
      1.95       3.35         -2184.864619      -1371023.247830            58.177658
      1.95       3.30         -2184.865517      -1371023.811333            57.614155
      1.95       3.25         -2184.865953      -1371024.084928            57.340561
      1.95       3.20         -2184.866799      -1371024.615801            56.809688
      1.95       3.15         -2184.867189      -1371024.860529            56.564959
      1.95       3.10         -2184.868046      -1371025.398305            56.027183
      1.95       3.05         -2184.868401      -1371025.621071            55.804418
      1.95       3.00         -2184.869186      -1371026.113666            55.311823
      1.95       2.95         -2184.869875      -1371026.546020            54.879469
      1.95       2.90         -2184.870223      -1371026.764393            54.661095
      1.95       2.85         -2184.870724      -1371027.078775            54.346713
      1.95       2.80         -2184.871240      -1371027.402570            54.022918
      1.95       2.75         -2184.871483      -1371027.555055            53.870433
      1.95       2.70         -2184.873007      -1371028.511379            52.914109
      1.95       2.65         -2184.873580      -1371028.870942            52.554546
      1.95       2.60         -2184.873992      -1371029.129476            52.296012
      1.95       2.55         -2184.874760      -1371029.611403            51.814085
      1.95       2.50         -2184.875469      -1371030.056308            51.369181
      1.95       2.45         -2184.876614      -1371030.774806            50.650682
      1.95       2.40         -2184.878026      -1371031.660849            49.764639
      1.95       2.35         -2184.879763      -1371032.750833            48.674655
      1.95       2.30         -2184.881892      -1371034.086801            47.338687
      1.95       2.25         -2184.884183      -1371035.524425            45.901063
      1.95       2.20         -2184.887199      -1371037.416994            44.008494
      1.95       2.15         -2184.890315      -1371039.372313            42.053175
      1.95       2.10         -2184.894117      -1371041.758104            39.667384
      1.95       2.05         -2184.898012      -1371044.202254            37.223234
      1.95       2.00         -2184.903043      -1371047.359254            34.066234
      1.95       1.95         -2184.907744      -1371050.309176            31.116312
      1.95       1.90         -2184.912484      -1371053.283571            28.141917
      1.95       1.85         -2184.917921      -1371056.695340            24.730148
      1.95       1.80         -2184.922617      -1371059.642124            21.783364
      1.95       1.75         -2184.926943      -1371062.356730            19.068758
      1.95       1.70         -2184.930764      -1371064.754444            16.671044
      1.95       1.65         -2184.933832      -1371066.679643            14.745845
      1.95       1.60         -2184.935679      -1371067.838653            13.586835
      1.95       1.55         -2184.936034      -1371068.061419            13.364069
      1.95       1.50         -2184.934471      -1371067.080622            14.344867
      1.90       3.95         -2184.850025      -1371014.089957            67.335532
      1.90       3.90         -2184.851314      -1371014.898816            66.526672
      1.90       3.85         -2184.852129      -1371015.410237            66.015252
      1.90       3.80         -2184.852781      -1371015.819373            65.606116
      1.90       3.75         -2184.853618      -1371016.344598            65.080890
      1.90       3.70         -2184.854231      -1371016.729261            64.696227
      1.90       3.65         -2184.854884      -1371017.139025            64.286463
      1.90       3.60         -2184.855801      -1371017.714451            63.711037
      1.90       3.55         -2184.856320      -1371018.040129            63.385359
      1.90       3.50         -2184.858076      -1371019.142035            62.283453
      1.90       3.45         -2184.858852      -1371019.628983            61.796505
      1.90       3.40         -2184.859749      -1371020.191859            61.233629
      1.90       3.35         -2184.860570      -1371020.707044            60.718444
      1.90       3.30         -2184.861134      -1371021.060959            60.364529
      1.90       3.25         -2184.862160      -1371021.704784            59.720704
      1.90       3.20         -2184.862757      -1371022.079407            59.346081
      1.90       3.15         -2184.863966      -1371022.838066            58.587422
      1.90       3.10         -2184.864676      -1371023.283598            58.141890
      1.90       3.05         -2184.865452      -1371023.770545            57.654943
      1.90       3.00         -2184.865917      -1371024.062337            57.363151
      1.90       2.95         -2184.866782      -1371024.605133            56.820355
      1.90       2.90         -2184.867238      -1371024.891277            56.534211
      1.90       2.85         -2184.867963      -1371025.346222            56.079267
      1.90       2.80         -2184.868691      -1371025.803048            55.622440
      1.90       2.75         -2184.869156      -1371026.094840            55.330648
      1.90       2.70         -2184.869809      -1371026.504604            54.920884
      1.90       2.65         -2184.870670      -1371027.044890            54.380599
      1.90       2.60         -2184.871402      -1371027.504227            53.921262
      1.90       2.55         -2184.872469      -1371028.173779            53.251709
      1.90       2.50         -2184.873948      -1371029.101866            52.323622
      1.90       2.45         -2184.875579      -1371030.125334            51.300155
      1.90       2.40         -2184.877693      -1371031.451889            49.973599
      1.90       2.35         -2184.879879      -1371032.823624            48.601864
      1.90       2.30         -2184.882543      -1371034.495310            46.930179
      1.90       2.25         -2184.885849      -1371036.569856            44.855632
      1.90       2.20         -2184.889170      -1371038.653815            42.771673
      1.90       2.15         -2184.892866      -1371040.973090            40.452398
      1.90       2.10         -2184.896716      -1371043.389001            38.036487
      1.90       2.05         -2184.901229      -1371046.220952            35.204537
      1.90       2.00         -2184.905733      -1371049.047254            32.378234
      1.90       1.95         -2184.910610      -1371052.107618            29.317870
      1.90       1.90         -2184.916440      -1371055.765998            25.659490
      1.90       1.85         -2184.921386      -1371058.869660            22.555828
      1.90       1.80         -2184.926165      -1371061.868528            19.556960
      1.90       1.75         -2184.930605      -1371064.654670            16.770818
      1.90       1.70         -2184.934526      -1371067.115135            14.310354
      1.90       1.65         -2184.937677      -1371069.092417            12.333071
      1.90       1.60         -2184.939733      -1371070.382577            11.042912
      1.90       1.55         -2184.940491      -1371070.858229            10.567260
      1.90       1.50         -2184.938976      -1371069.907552            11.517936
      1.85       3.95         -2184.845259      -1371011.099246            70.326242
      1.85       3.90         -2184.846092      -1371011.621962            69.803526
      1.85       3.85         -2184.847070      -1371012.235666            69.189822
      1.85       3.80         -2184.847675      -1371012.615309            68.810179
      1.85       3.75         -2184.851378      -1371014.938977            66.486511
      1.85       3.70         -2184.852670      -1371015.749719            65.675769
      1.85       3.65         -2184.853413      -1371016.215959            65.209530
      1.85       3.60         -2184.854516      -1371016.908102            64.517387
      1.85       3.55         -2184.855137      -1371017.297785            64.127703
      1.85       3.50         -2184.856150      -1371017.933452            63.492036
      1.85       3.45         -2184.856720      -1371018.291133            63.134356
      1.85       3.40         -2184.857799      -1371018.968215            62.457273
      1.85       3.35         -2184.858397      -1371019.343466            62.082022
      1.85       3.30         -2184.859535      -1371020.057572            61.367917
      1.85       3.25         -2184.860158      -1371020.448510            60.976978
      1.85       3.20         -2184.861031      -1371020.996326            60.429162
      1.85       3.15         -2184.861566      -1371021.332043            60.093445
      1.85       3.10         -2184.862650      -1371022.012264            59.413225
      1.85       3.05         -2184.863182      -1371022.346099            59.079389
      1.85       3.00         -2184.864223      -1371022.999336            58.426152
      1.85       2.95         -2184.864769      -1371023.341956            58.083532
      1.85       2.90         -2184.865500      -1371023.800666            57.624823
      1.85       2.85         -2184.866330      -1371024.321499            57.103990
      1.85       2.80         -2184.866849      -1371024.647176            56.778312
      1.85       2.75         -2184.867710      -1371025.187462            56.238027
      1.85       2.70         -2184.868727      -1371025.825639            55.599849
      1.85       2.65         -2184.869572      -1371026.355884            55.069604
      1.85       2.60         -2184.870774      -1371027.110151            54.315338
      1.85       2.55         -2184.871946      -1371027.845592            53.579896
      1.85       2.50         -2184.873891      -1371029.066098            52.359391
      1.85       2.45         -2184.875731      -1371030.220715            51.204773
      1.85       2.40         -2184.878854      -1371032.180427            49.245061
      1.85       2.35         -2184.881500      -1371033.840817            47.584671
      1.85       2.30         -2184.884484      -1371035.713306            45.712183
      1.85       2.25         -2184.887593      -1371037.664233            43.761256
      1.85       2.20         -2184.891292      -1371039.985390            41.440098
      1.85       2.15         -2184.895032      -1371042.332276            39.093213
      1.85       2.10         -2184.899525      -1371045.151676            36.273813
      1.85       2.05         -2184.903992      -1371047.954760            33.470728
      1.85       2.00         -2184.908747      -1371050.938568            30.486920
      1.85       1.95         -2184.913900      -1371054.172124            27.253364
      1.85       1.90         -2184.918844      -1371057.274531            24.150957
      1.85       1.85         -2184.923801      -1371060.385096            21.040393
      1.85       1.80         -2184.928833      -1371063.542723            17.882765
      1.85       1.75         -2184.933348      -1371066.375929            15.049560
      1.85       1.70         -2184.937357      -1371068.891614            12.533874
      1.85       1.65         -2184.940472      -1371070.846306            10.579182
      1.85       1.60         -2184.942554      -1371072.152781             9.272707
      1.85       1.55         -2184.943714      -1371072.880692             8.544797
      1.85       1.50         -2184.942343      -1371072.020376             9.405112
      1.80       3.95         -2184.892433      -1371040.701378            40.724110
      1.80       3.90         -2184.892950      -1371041.025801            40.399687
      1.80       3.85         -2184.893527      -1371041.387874            40.037614
      1.80       3.80         -2184.893687      -1371041.488275            39.937213
      1.80       3.75         -2184.894178      -1371041.796382            39.629106
      1.80       3.70         -2184.894144      -1371041.775047            39.650441
      1.80       3.65         -2184.894688      -1371042.116412            39.309076
      1.80       3.60         -2184.894642      -1371042.087547            39.337941
      1.80       3.55         -2184.895261      -1371042.475975            38.949513
      1.80       3.50         -2184.895172      -1371042.420127            39.005361
      1.80       3.45         -2184.895416      -1371042.573239            38.852249
      1.80       3.40         -2184.895129      -1371042.393144            39.032344
      1.80       3.35         -2184.895552      -1371042.658580            38.766908
      1.80       3.30         -2184.895315      -1371042.509861            38.915628
      1.80       3.25         -2184.895148      -1371042.405067            39.020422
      1.80       3.20         -2184.894505      -1371042.001578            39.423910
      1.80       3.15         -2184.893761      -1371041.534711            39.890777
      1.80       3.10         -2184.893249      -1371041.213426            40.212062
      1.80       3.05         -2184.892164      -1371040.532578            40.892910
      1.80       3.00         -2184.891162      -1371039.903814            41.521674
      1.80       2.95         -2184.892749      -1371040.899671            40.525817
      1.80       2.90         -2184.891551      -1371040.147915            41.277573
      1.80       2.85         -2184.890112      -1371039.244929            42.180559
      1.80       2.80         -2184.888259      -1371038.082154            43.343334
      1.80       2.75         -2184.886227      -1371036.807055            44.618434
      1.80       2.70         -2184.883829      -1371035.302287            46.123201
      1.80       2.65         -2184.881212      -1371033.660095            47.765394
      1.80       2.60         -2184.878349      -1371031.863535            49.561953
      1.80       2.55         -2184.874976      -1371029.746946            51.678543
      1.80       2.50         -2184.872594      -1371028.252218            53.173270
      1.80       2.45         -2184.869112      -1371026.067230            55.358258
      1.80       2.40         -2184.865364      -1371023.715324            57.710164
      1.80       2.35         -2184.861453      -1371021.261135            60.164353
      1.80       2.30         -2184.857284      -1371018.645048            62.780440
      1.80       2.25         -2184.853424      -1371016.222861            65.202627
      1.80       2.20         -2184.849256      -1371013.607402            67.818086
      1.80       2.15         -2184.845773      -1371011.421786            70.003702
      1.80       2.10         -2184.901971      -1371046.686564            34.738924
      1.80       2.05         -2184.906997      -1371049.840426            31.585062
      1.80       2.00         -2184.911873      -1371052.900163            28.525326
      1.80       1.95         -2184.917014      -1371056.126189            25.299299
      1.80       1.90         -2184.922434      -1371059.527290            21.898198
      1.80       1.85         -2184.927562      -1371062.745159            18.680330
      1.80       1.80         -2184.932525      -1371065.859488            15.566000
      1.80       1.75         -2184.937524      -1371068.996408            12.429080
      1.80       1.70         -2184.941666      -1371071.595552             9.829936
      1.80       1.65         -2184.944972      -1371073.670099             7.755390
      1.80       1.60         -2184.947061      -1371074.980966             6.444522
      1.80       1.55         -2184.947694      -1371075.378179             6.047309
      1.80       1.50         -2184.946491      -1371074.623286             6.802203
      1.75       3.95         -2184.896359      -1371043.164981            38.260508
      1.75       3.90         -2184.896812      -1371043.449242            37.976246
      1.75       3.85         -2184.897316      -1371043.765507            37.659981
      1.75       3.80         -2184.897463      -1371043.857751            37.567737
      1.75       3.75         -2184.902277      -1371046.878582            34.546907
      1.75       3.70         -2184.902813      -1371047.214927            34.210562
      1.75       3.65         -2184.903249      -1371047.488521            33.936967
      1.75       3.60         -2184.903576      -1371047.693716            33.731772
      1.75       3.55         -2184.903580      -1371047.696227            33.729262
      1.75       3.50         -2184.903567      -1371047.688069            33.737419
      1.75       3.45         -2184.903720      -1371047.784078            33.641410
      1.75       3.40         -2184.903482      -1371047.634731            33.790758
      1.75       3.35         -2184.903248      -1371047.487893            33.937595
      1.75       3.30         -2184.902701      -1371047.144646            34.280843
      1.75       3.25         -2184.902205      -1371046.833401            34.592087
      1.75       3.20         -2184.901202      -1371046.204009            35.221479
      1.75       3.15         -2184.900529      -1371045.781695            35.643793
      1.75       3.10         -2184.899217      -1371044.958403            36.467086
      1.75       3.05         -2184.898280      -1371044.370426            37.055062
      1.75       3.00         -2184.896834      -1371043.463048            37.962441
      1.75       2.95         -2184.896148      -1371043.032576            38.392912
      1.75       2.90         -2184.894469      -1371041.978988            39.446501
      1.75       2.85         -2184.892423      -1371040.695103            40.730385
      1.75       2.80         -2184.889811      -1371039.056049            42.369440
      1.75       2.75         -2184.889640      -1371038.948744            42.476744
      1.75       2.70         -2184.887348      -1371037.510493            43.914996
      1.75       2.65         -2184.884669      -1371035.829395            45.596093
      1.75       2.60         -2184.881665      -1371033.944356            47.481132
      1.75       2.55         -2184.878324      -1371031.847847            49.577641
      1.75       2.50         -2184.874812      -1371029.644034            51.781454
      1.75       2.45         -2184.870713      -1371027.071873            54.353616
      1.75       2.40         -2184.867105      -1371024.807818            56.617670
      1.75       2.35         -2184.865038      -1371023.510756            57.914732
      1.75       2.30         -2184.861199      -1371021.101747            60.323741
      1.75       2.25         -2184.857138      -1371018.553432            62.872057
      1.75       2.20         -2184.853142      -1371016.045904            65.379585
      1.75       2.15         -2184.849291      -1371013.629365            67.796124
      1.75       2.10         -2184.903055      -1371047.366784            34.058704
      1.75       2.05         -2184.908275      -1371050.642383            30.783105
      1.75       2.00         -2184.913463      -1371053.897903            27.527586
      1.75       1.95         -2184.918713      -1371057.192327            24.233161
      1.75       1.90         -2184.924794      -1371061.008212            20.417276
      1.75       1.85         -2184.930103      -1371064.339660            17.085828
      1.75       1.80         -2184.935174      -1371067.521761            13.903727
      1.75       1.75         -2184.939882      -1371070.476075            10.949413
      1.75       1.70         -2184.944037      -1371073.083377             8.342111
      1.75       1.65         -2184.947418      -1371075.204987             6.220501
      1.75       1.60         -2184.949948      -1371076.792586             4.632902
      1.75       1.55         -2184.950682      -1371077.253178             4.172310
      1.75       1.50         -2184.949301      -1371076.386587             5.038901
      1.70       3.95         -2184.899033      -1371044.842941            36.582547
      1.70       3.90         -2184.899744      -1371045.289100            36.136388
      1.70       3.85         -2184.900318      -1371045.649291            35.776198
      1.70       3.80         -2184.900469      -1371045.744045            35.681444
      1.70       3.75         -2184.900896      -1371046.011991            35.413497
      1.70       3.70         -2184.901466      -1371046.369671            35.055817
      1.70       3.65         -2184.901571      -1371046.435560            34.989928
      1.70       3.60         -2184.902073      -1371046.750570            34.674919
      1.70       3.55         -2184.902147      -1371046.797005            34.628483
      1.70       3.50         -2184.902328      -1371046.910585            34.514904
      1.70       3.45         -2184.903715      -1371047.780940            33.644548
      1.70       3.40         -2184.903874      -1371047.880714            33.544774
      1.70       3.35         -2184.903901      -1371047.897657            33.527831
      1.70       3.30         -2184.903567      -1371047.688069            33.737419
      1.70       3.25         -2184.903231      -1371047.477226            33.948263
      1.70       3.20         -2184.902757      -1371047.179786            34.245702
      1.70       3.15         -2184.901856      -1371046.614400            34.811088
      1.70       3.10         -2184.901194      -1371046.198989            35.226499
      1.70       3.05         -2184.900194      -1371045.571479            35.854009
      1.70       3.00         -2184.898694      -1371044.630215            36.795273
      1.70       2.95         -2184.897402      -1371043.819473            37.606015
      1.70       2.90         -2184.896136      -1371043.025046            38.400442
      1.70       2.85         -2184.894155      -1371041.781950            39.643539
      1.70       2.80         -2184.893898      -1371041.620680            39.804808
      1.70       2.75         -2184.891990      -1371040.423392            41.002097
      1.70       2.70         -2184.889421      -1371038.811320            42.614168
      1.70       2.65         -2184.886776      -1371037.151557            44.273931
      1.70       2.60         -2184.883905      -1371035.349978            46.075511
      1.70       2.55         -2184.882034      -1371034.175907            47.249581
      1.70       2.50         -2184.878878      -1371032.195487            49.230001
      1.70       2.45         -2184.875342      -1371029.976614            51.448874
      1.70       2.40         -2184.871524      -1371027.580783            53.844705
      1.70       2.35         -2184.867657      -1371025.154204            56.271285
      1.70       2.30         -2184.863397      -1371022.481013            58.944475
      1.70       2.25         -2184.859304      -1371019.912617            61.512871
      1.70       2.20         -2184.855339      -1371017.424542            64.000946
      1.70       2.15         -2184.851191      -1371014.821633            66.603856
      1.70       2.10         -2184.906029      -1371049.232997            32.192491
      1.70       2.05         -2184.911300      -1371052.540600            28.884889
      1.70       2.00         -2184.916437      -1371055.764116            25.661372
      1.70       1.95         -2184.921954      -1371059.226086            22.199403
      1.70       1.90         -2184.927303      -1371062.582634            18.842854
      1.70       1.85         -2184.932661      -1371065.944830            15.480659
      1.70       1.80         -2184.937758      -1371069.143245            12.282243
      1.70       1.75         -2184.942549      -1371072.149643             9.275845
      1.70       1.70         -2184.946782      -1371074.805891             6.619597
      1.70       1.65         -2184.950287      -1371077.005312             4.420177
      1.70       1.60         -2184.953546      -1371079.050365             2.375123
      1.70       1.55         -2184.954457      -1371079.622026             1.803462
      1.70       1.50         -2184.953243      -1371078.860230             2.565259
      1.65       3.95         -2184.902175      -1371046.814576            34.610913
      1.65       3.90         -2184.902389      -1371046.948863            34.476626
      1.65       3.85         -2184.902726      -1371047.160333            34.265155
      1.65       3.80         -2184.903263      -1371047.497306            33.928182
      1.65       3.75         -2184.903281      -1371047.508601            33.916887
      1.65       3.70         -2184.903757      -1371047.807296            33.618193
      1.65       3.65         -2184.903740      -1371047.796628            33.628860
      1.65       3.60         -2184.904553      -1371048.306793            33.118695
      1.65       3.55         -2184.905773      -1371049.072355            32.353133
      1.65       3.50         -2184.906107      -1371049.281943            32.143545
      1.65       3.45         -2184.905922      -1371049.165854            32.259635
      1.65       3.40         -2184.906039      -1371049.239272            32.186216
      1.65       3.35         -2184.905968      -1371049.194719            32.230769
      1.65       3.30         -2184.905603      -1371048.965678            32.459810
      1.65       3.25         -2184.905201      -1371048.713419            32.712069
      1.65       3.20         -2184.904920      -1371048.537089            32.888399
      1.65       3.15         -2184.904146      -1371048.051397            33.374091
      1.65       3.10         -2184.903232      -1371047.477853            33.947635
      1.65       3.05         -2184.902428      -1371046.973336            34.452153
      1.65       3.00         -2184.901061      -1371046.115530            35.309958
      1.65       2.95         -2184.901013      -1371046.085410            35.340079
      1.65       2.90         -2184.899672      -1371045.243919            36.181569
      1.65       2.85         -2184.897956      -1371044.167113            37.258375
      1.65       2.80         -2184.896002      -1371042.940960            38.484529
      1.65       2.75         -2184.893487      -1371041.362773            40.062715
      1.65       2.70         -2184.891160      -1371039.902559            41.522929
      1.65       2.65         -2184.889955      -1371039.146410            42.279078
      1.65       2.60         -2184.887300      -1371037.480372            43.945116
      1.65       2.55         -2184.884145      -1371035.500580            45.924908
      1.65       2.50         -2184.880762      -1371033.377715            48.047773
      1.65       2.45         -2184.877014      -1371031.025810            50.399678
      1.65       2.40         -2184.873170      -1371028.613663            52.811825
      1.65       2.35         -2184.870202      -1371026.751215            54.674273
      1.65       2.30         -2184.866286      -1371024.293888            57.131600
      1.65       2.25         -2184.862247      -1371021.759377            59.666111
      1.65       2.20         -2184.858213      -1371019.228004            62.197484
      1.65       2.15         -2184.854397      -1371016.833428            64.592060
      1.65       2.10         -2184.850789      -1371014.569374            66.856114
      1.65       2.05         -2184.912234      -1371053.126694            28.298795
      1.65       2.00         -2184.917724      -1371056.571721            24.853768
      1.65       1.95         -2184.923510      -1371060.202490            21.222998
      1.65       1.90         -2184.929024      -1371063.662578            17.762911
      1.65       1.85         -2184.934482      -1371067.087524            14.337964
      1.65       1.80         -2184.940544      -1371070.891487            10.534002
      1.65       1.75         -2184.945602      -1371074.065430             7.360059
      1.65       1.70         -2184.949972      -1371076.807646             4.617842
      1.65       1.65         -2184.953507      -1371079.025892             2.399596
      1.65       1.60         -2184.955918      -1371080.538817             0.886671
      1.65       1.55         -2184.956696      -1371081.027020             0.398469
      1.65       1.50         -2184.955460      -1371080.251418             1.174070
      1.60       3.95         -2184.903234      -1371047.479108            33.946380
      1.60       3.90         -2184.903751      -1371047.803531            33.621958
      1.60       3.85         -2184.904213      -1371048.093440            33.332048
      1.60       3.80         -2184.904305      -1371048.151171            33.274317
      1.60       3.75         -2184.904830      -1371048.480613            32.944875
      1.60       3.70         -2184.905505      -1371048.904182            32.521306
      1.60       3.65         -2184.905649      -1371048.994544            32.430945
      1.60       3.60         -2184.905984      -1371049.204759            32.220729
      1.60       3.55         -2184.906551      -1371049.560557            31.864931
      1.60       3.50         -2184.906579      -1371049.578127            31.847361
      1.60       3.45         -2184.906658      -1371049.627701            31.797788
      1.60       3.40         -2184.906613      -1371049.599463            31.826026
      1.60       3.35         -2184.906602      -1371049.592560            31.832928
      1.60       3.30         -2184.906316      -1371049.413092            32.012396
      1.60       3.25         -2184.906013      -1371049.222957            32.202531
      1.60       3.20         -2184.905864      -1371049.129458            32.296030
      1.60       3.15         -2184.905176      -1371048.697732            32.727757
      1.60       3.10         -2184.904507      -1371048.277928            33.147560
      1.60       3.05         -2184.903474      -1371047.629711            33.795778
      1.60       3.00         -2184.902733      -1371047.164726            34.260762
      1.60       2.95         -2184.901445      -1371046.356494            35.068994
      1.60       2.90         -2184.899963      -1371045.426525            35.998964
      1.60       2.85         -2184.898137      -1371044.280692            37.144796
      1.60       2.80         -2184.896203      -1371043.067089            38.358399
      1.60       2.75         -2184.893952      -1371041.654565            39.770923
      1.60       2.70         -2184.891597      -1371040.176780            41.248708
      1.60       2.65         -2184.888590      -1371038.289860            43.135629
      1.60       2.60         -2184.887790      -1371037.787852            43.637636
      1.60       2.55         -2184.884960      -1371036.012000            45.413488
      1.60       2.50         -2184.881612      -1371033.911098            47.514390
      1.60       2.45         -2184.878026      -1371031.660849            49.764639
      1.60       2.40         -2184.874113      -1371029.205405            52.220083
      1.60       2.35         -2184.870166      -1371026.728625            54.696863
      1.60       2.30         -2184.865794      -1371023.985154            57.440335
      1.60       2.25         -2184.861862      -1371021.517786            59.907702
      1.60       2.20         -2184.859339      -1371019.934580            61.490908
      1.60       2.15         -2184.855662      -1371017.627228            63.798261
      1.60       2.10         -2184.852223      -1371015.469222            65.956266
      1.60       2.05         -2184.912437      -1371053.254078            28.171410
      1.60       2.00         -2184.918625      -1371057.137107            24.288382
      1.60       1.95         -2184.924248      -1371060.665592            20.759896
      1.60       1.90         -2184.929860      -1371064.187175            17.238313
      1.60       1.85         -2184.935320      -1371067.613377            13.812111
      1.60       1.80         -2184.940674      -1371070.973063            10.452425
      1.60       1.75         -2184.945985      -1371074.305766             7.119722
      1.60       1.70         -2184.950417      -1371077.086888             4.338601
      1.60       1.65         -2184.953989      -1371079.328352             2.097137
      1.60       1.60         -2184.956482      -1371080.892733             0.532756
      1.60       1.55         -2184.957331      -1371081.425488             0.000000
      1.60       1.50         -2184.956156      -1371080.688165             0.737324
      1.55       3.95         -2184.902799      -1371047.206142            34.219347
      1.55       3.90         -2184.903385      -1371047.573862            33.851626
      1.55       3.85         -2184.903743      -1371047.798511            33.626978
      1.55       3.80         -2184.904202      -1371048.086537            33.338951
      1.55       3.75         -2184.904253      -1371048.118540            33.306948
      1.55       3.70         -2184.909785      -1371051.589923            29.835565
      1.55       3.65         -2184.910168      -1371051.830259            29.595229
      1.55       3.60         -2184.910458      -1371052.012237            29.413252
      1.55       3.55         -2184.910555      -1371052.073105            29.352383
      1.55       3.50         -2184.910518      -1371052.049887            29.375601
      1.55       3.45         -2184.910453      -1371052.009099            29.416389
      1.55       3.40         -2184.910411      -1371051.982744            29.442745
      1.55       3.35         -2184.909945      -1371051.690324            29.735164
      1.55       3.30         -2184.909335      -1371051.307544            30.117945
      1.55       3.25         -2184.908926      -1371051.050892            30.374596
      1.55       3.20         -2184.907952      -1371050.439698            30.985790
      1.55       3.15         -2184.907061      -1371049.880587            31.544901
      1.55       3.10         -2184.906166      -1371049.318966            32.106522
      1.55       3.05         -2184.904684      -1371048.388997            33.036491
      1.55       3.00         -2184.904451      -1371048.242787            33.182701
      1.55       2.95         -2184.902941      -1371047.295248            34.130240
      1.55       2.90         -2184.901112      -1371046.147533            35.277955
      1.55       2.85         -2184.898720      -1371044.646530            36.778958
      1.55       2.80         -2184.898672      -1371044.616410            36.809078
      1.55       2.75         -2184.896591      -1371043.310563            38.114925
      1.55       2.70         -2184.894157      -1371041.783205            39.642284
      1.55       2.65         -2184.891160      -1371039.902559            41.522929
      1.55       2.60         -2184.888191      -1371038.039483            43.386005
      1.55       2.55         -2184.884725      -1371035.864535            45.560953
      1.55       2.50         -2184.881184      -1371033.642524            47.782964
      1.55       2.45         -2184.878575      -1371032.005352            49.420136
      1.55       2.40         -2184.874809      -1371029.642151            51.783337
      1.55       2.35         -2184.870685      -1371027.054302            54.371186
      1.55       2.30         -2184.866451      -1371024.397427            57.028061
      1.55       2.25         -2184.862981      -1371022.219969            59.205519
      1.55       2.20         -2184.858957      -1371019.694871            61.730617
      1.55       2.15         -2184.854958      -1371017.185461            64.240027
      1.55       2.10         -2184.851372      -1371014.935212            66.490276
      1.55       2.05         -2184.910362      -1371051.951996            29.473492
      1.55       2.00         -2184.916241      -1371055.641124            25.784364
      1.55       1.95         -2184.921828      -1371059.147019            22.278469
      1.55       1.90         -2184.928209      -1371063.151157            18.274331
      1.55       1.85         -2184.933908      -1371066.727334            14.698154
      1.55       1.80         -2184.939239      -1371070.072587            11.352901
      1.55       1.75         -2184.944346      -1371073.277278             8.148211
      1.55       1.70         -2184.948724      -1371076.024514             5.400974
      1.55       1.65         -2184.952529      -1371078.412188             3.013300
      1.55       1.60         -2184.954958      -1371079.936408             1.489080
      1.55       1.55         -2184.955897      -1371080.525640             0.899849
      1.55       1.50         -2184.955211      -1371080.095168             1.330320
      1.50       3.95         -2184.900547      -1371045.792990            35.632498
      1.50       3.90         -2184.900950      -1371046.045877            35.379612
      1.50       3.85         -2184.901506      -1371046.394772            35.030716
      1.50       3.80         -2184.901578      -1371046.439953            34.985536
      1.50       3.75         -2184.902199      -1371046.829636            34.595852
      1.50       3.70         -2184.903356      -1371047.555664            33.869824
      1.50       3.65         -2184.903831      -1371047.853731            33.571757
      1.50       3.60         -2184.904174      -1371048.068967            33.356521
      1.50       3.55         -2184.904126      -1371048.038847            33.386642
      1.50       3.50         -2184.904456      -1371048.245925            33.179563
      1.50       3.45         -2184.905143      -1371048.677024            32.748464
      1.50       3.40         -2184.905251      -1371048.744795            32.680693
      1.50       3.35         -2184.905114      -1371048.658826            32.766662
      1.50       3.30         -2184.904929      -1371048.542737            32.882751
      1.50       3.25         -2184.904459      -1371048.247807            33.177681
      1.50       3.20         -2184.903974      -1371047.943465            33.482023
      1.50       3.15         -2184.903041      -1371047.357999            34.067489
      1.50       3.10         -2184.902433      -1371046.976473            34.449015
      1.50       3.05         -2184.901784      -1371046.569220            34.856269
      1.50       3.00         -2184.900714      -1371045.897784            35.527704
      1.50       2.95         -2184.899284      -1371045.000446            36.425042
      1.50       2.90         -2184.897738      -1371044.030316            37.395172
      1.50       2.85         -2184.895636      -1371042.711291            38.714197
      1.50       2.80         -2184.893787      -1371041.551026            39.874462
      1.50       2.75         -2184.891236      -1371039.950250            41.475239
      1.50       2.70         -2184.889280      -1371038.722841            42.702647
      1.50       2.65         -2184.888273      -1371038.090939            43.334549
      1.50       2.60         -2184.885300      -1371036.225353            45.200135
      1.50       2.55         -2184.882340      -1371034.367925            47.057563
      1.50       2.50         -2184.878642      -1371032.047395            49.378093
      1.50       2.45         -2184.875102      -1371029.826012            51.599477
      1.50       2.40         -2184.872270      -1371028.048905            53.376583
      1.50       2.35         -2184.868401      -1371025.621071            55.804418
      1.50       2.30         -2184.864261      -1371023.023182            58.402307
      1.50       2.25         -2184.860016      -1371020.359404            61.066084
      1.50       2.20         -2184.855937      -1371017.799793            63.625696
      1.50       2.15         -2184.851919      -1371015.278460            66.147029
      1.50       2.10         -2184.848904      -1371013.386519            68.038970
      1.50       2.05         -2184.907826      -1371050.360632            31.064857
      1.50       2.00         -2184.913669      -1371054.027170            27.398319
      1.50       1.95         -2184.919278      -1371057.546870            23.878618
      1.50       1.90         -2184.925848      -1371061.669607            19.755881
      1.50       1.85         -2184.931614      -1371065.287827            16.137661
      1.50       1.80         -2184.937067      -1371068.709636            12.715852
      1.50       1.75         -2184.942117      -1371071.878559             9.546929
      1.50       1.70         -2184.946623      -1371074.706117             6.719371
      1.50       1.65         -2184.950464      -1371077.116381             4.309108
      1.50       1.60         -2184.952997      -1371078.705862             2.719626
      1.50       1.55         -2184.954001      -1371079.335882             2.089607
      1.50       1.50         -2184.952857      -1371078.618011             2.807477
