
**********************************************************************
*                                                                    *
*                        M   A   P   L   E                           *
*                                                                    *
*      MAchine-learning Potential for Landscape Exploration          *
*                                                                    *
*                                                                    *
*      © 2025 University of Pittsburgh. All rights reserved.         *
*      Licensed under CC BY 4.0 for academic use.                    *
*                                                                    *
*      Principal Developer:  Xujian Wang                             *
*                                                                    *
**********************************************************************


Parsing # commands...
Global parameter: model = uma
Task set to 'opt'
Global parameter: device = gpu0
Parsed configuration:
----------------------------------------
Task: opt
model          : uma
method         : rfo
device         : gpu0

                             Coordinates                              
**********************************************************************

Group 1 (inline)
--------------------
1    C             -0.778126            -1.067561             0.321059
2    C              1.302553             0.052120            -0.028299
3    C             -0.971993             1.456249             0.823657
4    C              1.981229            -0.418433             1.250175
5    C              2.264033             0.435168            -1.133107
6    N              0.291164            -0.876821            -0.500399
7    N             -2.019163            -1.372006            -0.233112
8    O             -1.664734             1.630223            -0.401837
9    H             -2.258632             0.870139            -0.475899
10   H              0.027849            -0.678312            -1.458495
11   H             -0.609759            -1.367856             1.341178
12   H              0.681264             0.918300             0.286941
13   H             -2.573263            -2.057361             0.257412
14   H             -2.052428            -1.504542            -1.233823
15   H             -0.368993             2.351392             0.991747
16   H             -1.639609             1.294215             1.674653
17   H              2.764449             0.291462             1.522846
18   H              1.725114             0.730695            -2.037794
19   H              2.435593            -1.406098             1.134215
20   H              1.273005            -0.447224             2.080579
21   H              2.850345             1.298697            -0.814322
22   H              2.960009            -0.368806            -1.388910

----------------------------------------------------------------------
                             Iteration: 1                             


                             Coordinates                              
----------------------------------------------------------------------
0    C               -0.7809              -1.0347               0.3277
1    C                1.3088               0.0502              -0.0306
2    C               -0.9936               1.4292               0.8266
3    C                1.9827              -0.4206               1.2473
4    C                2.2681               0.4311              -1.1351
5    N                0.2941              -0.8800              -0.5014
6    N               -2.0125              -1.3669              -0.2308
7    O               -1.6656               1.6310              -0.4025
8    H               -2.2657               0.8791              -0.4941
9    H                0.0203              -0.6629              -1.4526
10   H               -0.6067              -1.3726               1.3369
11   H                0.7109               0.9245               0.2661
12   H               -2.5675              -2.0426               0.2681
13   H               -2.0363              -1.5067              -1.2296
14   H               -0.3459               2.2950               0.9893
15   H               -1.6773               1.3269               1.6742
16   H                2.7652               0.2874               1.5233
17   H                1.7265               0.7288              -2.0361
18   H                2.4355              -1.4079               1.1315
19   H                1.2706              -0.4516               2.0739
20   H                2.8566               1.2917              -0.8155
21   H                2.9592              -0.3745              -1.3933


Energy:                 -383.533390 Convergence criteria  Is converged 
Maximum Force:             0.051951     0.002850                No
RMS Force:                 0.010047     0.001900                No
Maximum Displacement:      0.056391     0.003150                No
RMS Displacement:          0.013385     0.002100                No

Model change: -5.244522e-03  Actual change: -5.216913e-03  rho:  0.995
Trust radius (MW):  0.200000  Step norm (MW):  0.200000  On boundary: True

----------------------------------------------------------------------
                             Iteration: 2                             


                             Coordinates                              
----------------------------------------------------------------------
0    C               -0.7839              -1.0017               0.3365
1    C                1.3144               0.0490              -0.0333
2    C               -1.0145               1.4003               0.8277
3    C                1.9845              -0.4227               1.2450
4    C                2.2730               0.4268              -1.1376
5    N                0.2972              -0.8820              -0.5023
6    N               -2.0075              -1.3601              -0.2288
7    O               -1.6665               1.6316              -0.4031
8    H               -2.2748               0.8879              -0.5139
9    H                0.0158              -0.6488              -1.4479
10   H               -0.6045              -1.3699               1.3352
11   H                0.7377               0.9331               0.2507
12   H               -2.5619              -2.0305               0.2770
13   H               -2.0204              -1.5143              -1.2253
14   H               -0.3258               2.2333               0.9919
15   H               -1.7075               1.3393               1.6713
16   H                2.7670               0.2839               1.5246
17   H                1.7290               0.7273              -2.0362
18   H                2.4360              -1.4103               1.1283
19   H                1.2699              -0.4558               2.0691
20   H                2.8648               1.2851              -0.8180
21   H                2.9597              -0.3813              -1.3988


Energy:                 -383.538839 Convergence criteria  Is converged 
Maximum Force:             0.055213     0.002850                No
RMS Force:                 0.010724     0.001900                No
Maximum Displacement:      0.061653     0.003150                No
RMS Displacement:          0.012694     0.002100                No

Model change: -5.474233e-03  Actual change: -5.448963e-03  rho:  0.995
Trust radius (MW):  0.200000  Step norm (MW):  0.200000  On boundary: True

----------------------------------------------------------------------
                             Iteration: 3                             


                             Coordinates                              
----------------------------------------------------------------------
0    C               -0.7871              -0.9688               0.3459
1    C                1.3197               0.0486              -0.0360
2    C               -1.0345               1.3703               0.8271
3    C                1.9867              -0.4247               1.2431
4    C                2.2785               0.4224              -1.1405
5    N                0.3002              -0.8830              -0.5026
6    N               -2.0039              -1.3522              -0.2268
7    O               -1.6675               1.6319              -0.4035
8    H               -2.2841               0.8973              -0.5337
9    H                0.0127              -0.6364              -1.4436
10   H               -0.6032              -1.3622               1.3353
11   H                0.7631               0.9427               0.2375
12   H               -2.5555              -2.0202               0.2845
13   H               -2.0030              -1.5252              -1.2202
14   H               -0.3105               2.1702               0.9985
15   H               -1.7333               1.3365               1.6672
16   H                2.7694               0.2804               1.5260
17   H                1.7327               0.7257              -2.0371
18   H                2.4367              -1.4127               1.1248
19   H                1.2704              -0.4598               2.0655
20   H                2.8743               1.2782              -0.8214
21   H                2.9604              -0.3885              -1.4046


Energy:                 -383.544613 Convergence criteria  Is converged 
Maximum Force:             0.058593     0.002850                No
RMS Force:                 0.011507     0.001900                No
Maximum Displacement:      0.063113     0.003150                No
RMS Displacement:          0.012502     0.002100                No

Model change: -5.781849e-03  Actual change: -5.773979e-03  rho:  0.999
Trust radius (MW):  0.200000  Step norm (MW):  0.200000  On boundary: True

----------------------------------------------------------------------
                             Iteration: 4                             


                             Coordinates                              
----------------------------------------------------------------------
0    C               -0.7905              -0.9363               0.3550
1    C                1.3249               0.0488              -0.0386
2    C               -1.0526               1.3386               0.8251
3    C                1.9890              -0.4265               1.2413
4    C                2.2842               0.4179              -1.1436
5    N                0.3026              -0.8828              -0.5023
6    N               -2.0013              -1.3437              -0.2248
7    O               -1.6684               1.6320              -0.4038
8    H               -2.2932               0.9072              -0.5531
9    H                0.0105              -0.6257              -1.4395
10   H               -0.6030              -1.3500               1.3367
11   H                0.7861               0.9524               0.2261
12   H               -2.5485              -2.0113               0.2915
13   H               -1.9846              -1.5373              -1.2142
14   H               -0.3000               2.1079               1.0076
15   H               -1.7562               1.3242               1.6621
16   H                2.7721               0.2769               1.5274
17   H                1.7369               0.7240              -2.0384
18   H                2.4375              -1.4149               1.1214
19   H                1.2717              -0.4635               2.0625
20   H                2.8842               1.2711              -0.8253
21   H                2.9612              -0.3960              -1.4102


Energy:                 -383.550798 Convergence criteria  Is converged 
Maximum Force:             0.062588     0.002850                No
RMS Force:                 0.012449     0.001900                No
Maximum Displacement:      0.062383     0.003150                No
RMS Displacement:          0.012375     0.002100                No

Model change: -6.184010e-03  Actual change: -6.184487e-03  rho:  1.000
Trust radius (MW):  0.200000  Step norm (MW):  0.200000  On boundary: True

----------------------------------------------------------------------
                             Iteration: 5                             


                             Coordinates                              
----------------------------------------------------------------------
0    C               -0.7941              -0.9040               0.3638
1    C                1.3301               0.0494              -0.0411
2    C               -1.0690               1.3054               0.8220
3    C                1.9914              -0.4280               1.2396
4    C                2.2899               0.4136              -1.1467
5    N                0.3045              -0.8817              -0.5012
6    N               -1.9996              -1.3348              -0.2228
7    O               -1.6693               1.6320              -0.4040
8    H               -2.3017               0.9173              -0.5720
9    H                0.0090              -0.6162              -1.4355
10   H               -0.6036              -1.3346               1.3390
11   H                0.8070               0.9619               0.2160
12   H               -2.5408              -2.0038               0.2980
13   H               -1.9656              -1.5496              -1.2073
14   H               -0.2936               2.0470               1.0178
15   H               -1.7766               1.3052               1.6561
16   H                2.7752               0.2736               1.5287
17   H                1.7415               0.7223              -2.0399
18   H                2.4382              -1.4169               1.1181
19   H                1.2734              -0.4668               2.0601
20   H                2.8944               1.2640              -0.8294
21   H                2.9620              -0.4036              -1.4156


Energy:                 -383.557462 Convergence criteria  Is converged 
Maximum Force:             0.068671     0.002850                No
RMS Force:                 0.013449     0.001900                No
Maximum Displacement:      0.060807     0.003150                No
RMS Displacement:          0.012273     0.002100                No

Model change: -6.670981e-03  Actual change: -6.664290e-03  rho:  0.999
Trust radius (MW):  0.200000  Step norm (MW):  0.200000  On boundary: True

----------------------------------------------------------------------
                             Iteration: 6                             


                             Coordinates                              
----------------------------------------------------------------------
0    C               -0.7980              -0.8721               0.3722
1    C                1.3351               0.0503              -0.0434
2    C               -1.0837               1.2712               0.8178
3    C                1.9940              -0.4292               1.2381
4    C                2.2956               0.4093              -1.1498
5    N                0.3059              -0.8797              -0.4995
6    N               -1.9986              -1.3256              -0.2207
7    O               -1.6701               1.6317              -0.4041
8    H               -2.3096               0.9276              -0.5905
9    H                0.0079              -0.6074              -1.4316
10   H               -0.6049              -1.3170               1.3418
11   H                0.8267               0.9713               0.2069
12   H               -2.5322              -1.9975               0.3042
13   H               -1.9462              -1.5620              -1.1995
14   H               -0.2902               1.9880               1.0285
15   H               -1.7951               1.2810               1.6492
16   H                2.7785               0.2704               1.5300
17   H                1.7463               0.7207              -2.0416
18   H                2.4388              -1.4187               1.1149
19   H                1.2754              -0.4697               2.0579
20   H                2.9046               1.2569              -0.8337
21   H                2.9627              -0.4112              -1.4206


Energy:                 -383.564618 Convergence criteria  Is converged 
Maximum Force:             0.075884     0.002850                No
RMS Force:                 0.014420     0.001900                No
Maximum Displacement:      0.059068     0.003150                No
RMS Displacement:          0.012228     0.002100                No

Model change: -7.166163e-03  Actual change: -7.155636e-03  rho:  0.999
Trust radius (MW):  0.200000  Step norm (MW):  0.200000  On boundary: True

----------------------------------------------------------------------
                             Iteration: 7                             


                             Coordinates                              
----------------------------------------------------------------------
0    C               -0.8023              -0.8405               0.3801
1    C                1.3401               0.0515              -0.0456
2    C               -1.0970               1.2361               0.8128
3    C                1.9966              -0.4302               1.2366
4    C                2.3011               0.4050              -1.1529
5    N                0.3068              -0.8770              -0.4973
6    N               -1.9984              -1.3163              -0.2187
7    O               -1.6706               1.6311              -0.4039
8    H               -2.3171               0.9380              -0.6084
9    H                0.0072              -0.5992              -1.4277
10   H               -0.6067              -1.2978               1.3449
11   H                0.8453               0.9807               0.1986
12   H               -2.5228              -1.9924               0.3103
13   H               -1.9264              -1.5745              -1.1908
14   H               -0.2892               1.9307               1.0392
15   H               -1.8119               1.2526               1.6416
16   H                2.7821               0.2673               1.5311
17   H                1.7512               0.7190              -2.0434
18   H                2.4394              -1.4203               1.1117
19   H                1.2777              -0.4722               2.0559
20   H                2.9149               1.2498              -0.8380
21   H                2.9633              -0.4189              -1.4254


Energy:                 -383.572249 Convergence criteria  Is converged 
Maximum Force:             0.082743     0.002850                No
RMS Force:                 0.015356     0.001900                No
Maximum Displacement:      0.057271     0.003150                No
RMS Displacement:          0.012204     0.002100                No

Model change: -7.639790e-03  Actual change: -7.631163e-03  rho:  0.999
Trust radius (MW):  0.200000  Step norm (MW):  0.200000  On boundary: True

----------------------------------------------------------------------
                             Iteration: 8                             


                             Coordinates                              
----------------------------------------------------------------------
0    C               -0.8068              -0.8092               0.3877
1    C                1.3450               0.0531              -0.0475
2    C               -1.1090               1.2003               0.8070
3    C                1.9993              -0.4310               1.2351
4    C                2.3066               0.4008              -1.1560
5    N                0.3073              -0.8735              -0.4946
6    N               -1.9986              -1.3070              -0.2167
7    O               -1.6710               1.6303              -0.4036
8    H               -2.3239               0.9486              -0.6258
9    H                0.0068              -0.5913              -1.4238
10   H               -0.6089              -1.2772               1.3482
11   H                0.8630               0.9900               0.1913
12   H               -2.5126              -1.9882               0.3164
13   H               -1.9062              -1.5868              -1.1813
14   H               -0.2901               1.8752               1.0498
15   H               -1.8273               1.2213               1.6333
16   H                2.7859               0.2643               1.5321
17   H                1.7561               0.7172              -2.0452
18   H                2.4398              -1.4219               1.1085
19   H                1.2801              -0.4743               2.0541
20   H                2.9251               1.2426              -0.8424
21   H                2.9637              -0.4266              -1.4299


Energy:                 -383.580334 Convergence criteria  Is converged 
Maximum Force:             0.089062     0.002850                No
RMS Force:                 0.016225     0.001900                No
Maximum Displacement:      0.055496     0.003150                No
RMS Displacement:          0.012171     0.002100                No

Model change: -8.096244e-03  Actual change: -8.084596e-03  rho:  0.999
Trust radius (MW):  0.200000  Step norm (MW):  0.200000  On boundary: True

----------------------------------------------------------------------
                             Iteration: 9                             


                             Coordinates                              
----------------------------------------------------------------------
0    C               -0.8117              -0.7783               0.3948
1    C                1.3499               0.0549              -0.0493
2    C               -1.1198               1.1640               0.8005
3    C                2.0022              -0.4316               1.2338
4    C                2.3119               0.3966              -1.1590
5    N                0.3074              -0.8693              -0.4916
6    N               -1.9994              -1.2977              -0.2147
7    O               -1.6712               1.6292              -0.4032
8    H               -2.3302               0.9593              -0.6427
9    H                0.0065              -0.5836              -1.4199
10   H               -0.6114              -1.2555               1.3517
11   H                0.8800               0.9993               0.1847
12   H               -2.5018              -1.9845               0.3227
13   H               -1.8858              -1.5989              -1.1708
14   H               -0.2924               1.8212               1.0601
15   H               -1.8415               1.1878               1.6244
16   H                2.7900               0.2613               1.5331
17   H                1.7611               0.7155              -2.0471
18   H                2.4402              -1.4232               1.1053
19   H                1.2827              -0.4760               2.0524
20   H                2.9353               1.2354              -0.8468
21   H                2.9639              -0.4344              -1.4341


Energy:                 -383.588810 Convergence criteria  Is converged 
Maximum Force:             0.094006     0.002850                No
RMS Force:                 0.016887     0.001900                No
Maximum Displacement:      0.053972     0.003150                No
RMS Displacement:          0.012149     0.002100                No

Model change: -8.499922e-03  Actual change: -8.476045e-03  rho:  0.997
Trust radius (MW):  0.200000  Step norm (MW):  0.200000  On boundary: True

----------------------------------------------------------------------
                            Iteration: 10                             


                             Coordinates                              
----------------------------------------------------------------------
0    C               -0.8169              -0.7480               0.4015
1    C                1.3547               0.0570              -0.0508
2    C               -1.1298               1.1273               0.7935
3    C                2.0051              -0.4321               1.2324
4    C                2.3172               0.3923              -1.1620
5    N                0.3070              -0.8643              -0.4881
6    N               -2.0006              -1.2883              -0.2128
7    O               -1.6711               1.6277              -0.4025
8    H               -2.3360               0.9701              -0.6593
9    H                0.0063              -0.5761              -1.4161
10   H               -0.6143              -1.2326               1.3554
11   H                0.8962               1.0086               0.1789
12   H               -2.4906              -1.9809               0.3293
13   H               -1.8652              -1.6109              -1.1593
14   H               -0.2959               1.7684               1.0701
15   H               -1.8548               1.1526               1.6150
16   H                2.7942               0.2584               1.5339
17   H                1.7661               0.7137              -2.0490
18   H                2.4405              -1.4245               1.1022
19   H                1.2854              -0.4775               2.0508
20   H                2.9457               1.2280              -0.8514
21   H                2.9640              -0.4423              -1.4382


Energy:                 -383.597536 Convergence criteria  Is converged 
Maximum Force:             0.096628     0.002850                No
RMS Force:                 0.017182     0.001900                No
Maximum Displacement:      0.052833     0.003150                No
RMS Displacement:          0.012175     0.002100                No

Model change: -8.762918e-03  Actual change: -8.726816e-03  rho:  0.996
Trust radius (MW):  0.200000  Step norm (MW):  0.200000  On boundary: True

----------------------------------------------------------------------
                            Iteration: 11                             


                             Coordinates                              
----------------------------------------------------------------------
0    C               -0.8224              -0.7185               0.4076
1    C                1.3596               0.0594              -0.0522
2    C               -1.1392               1.0904               0.7861
3    C                2.0082              -0.4325               1.2310
4    C                2.3226               0.3880              -1.1651
5    N                0.3063              -0.8583              -0.4841
6    N               -2.0022              -1.2789              -0.2109
7    O               -1.6708               1.6258              -0.4017
8    H               -2.3414               0.9812              -0.6756
9    H                0.0062              -0.5686              -1.4122
10   H               -0.6176              -1.2085               1.3593
11   H                0.9120               1.0179               0.1739
12   H               -2.4791              -1.9770               0.3365
13   H               -1.8443              -1.6226              -1.1468
14   H               -0.3005               1.7165               1.0799
15   H               -1.8677               1.1159               1.6049
16   H                2.7989               0.2553               1.5347
17   H                1.7713               0.7118              -2.0511
18   H                2.4408              -1.4258               1.0989
19   H                1.2883              -0.4787               2.0492
20   H                2.9564               1.2203              -0.8563
21   H                2.9638              -0.4507              -1.4421


Energy:                 -383.606313 Convergence criteria  Is converged 
Maximum Force:             0.096558     0.002850                No
RMS Force:                 0.017050     0.001900                No
Maximum Displacement:      0.051955     0.003150                No
RMS Displacement:          0.012244     0.002100                No

Model change: -8.816216e-03  Actual change: -8.776683e-03  rho:  0.996
Trust radius (MW):  0.200000  Step norm (MW):  0.200000  On boundary: True

----------------------------------------------------------------------
                            Iteration: 12                             


                             Coordinates                              
----------------------------------------------------------------------
0    C               -0.8283              -0.6898               0.4131
1    C                1.3647               0.0623              -0.0534
2    C               -1.1483               1.0534               0.7783
3    C                2.0115              -0.4327               1.2297
4    C                2.3281               0.3833              -1.1683
5    N                0.3051              -0.8512              -0.4798
6    N               -2.0041              -1.2694              -0.2089
7    O               -1.6701               1.6233              -0.4007
8    H               -2.3462               0.9925              -0.6917
9    H                0.0061              -0.5609              -1.4083
10   H               -0.6212              -1.1835               1.3635
11   H                0.9276               1.0276               0.1697
12   H               -2.4679              -1.9722               0.3444
13   H               -1.8234              -1.6343              -1.1331
14   H               -0.3062               1.6654               1.0897
15   H               -1.8808               1.0778               1.5941
16   H                2.8039               0.2522               1.5355
17   H                1.7768               0.7098              -2.0533
18   H                2.4412              -1.4270               1.0954
19   H                1.2915              -0.4797               2.0476
20   H                2.9676               1.2120              -0.8614
21   H                2.9633              -0.4596              -1.4460


Energy:                 -383.614903 Convergence criteria  Is converged 
Maximum Force:             0.093031     0.002850                No
RMS Force:                 0.016382     0.001900                No
Maximum Displacement:      0.051005     0.003150                No
RMS Displacement:          0.012328     0.002100                No

Model change: -8.641553e-03  Actual change: -8.589746e-03  rho:  0.994
Trust radius (MW):  0.200000  Step norm (MW):  0.200000  On boundary: True

----------------------------------------------------------------------
                            Iteration: 13                             


                             Coordinates                              
----------------------------------------------------------------------
0    C               -0.8345              -0.6625               0.4179
1    C                1.3700               0.0658              -0.0543
2    C               -1.1575               1.0165               0.7704
3    C                2.0153              -0.4329               1.2282
4    C                2.3338               0.3783              -1.1717
5    N                0.3036              -0.8428              -0.4750
6    N               -2.0064              -1.2598              -0.2070
7    O               -1.6691               1.6202              -0.3995
8    H               -2.3505               1.0038              -0.7077
9    H                0.0062              -0.5528              -1.4044
10   H               -0.6250              -1.1578               1.3679
11   H                0.9433               1.0377               0.1664
12   H               -2.4573              -1.9661               0.3533
13   H               -1.8025              -1.6461              -1.1181
14   H               -0.3135               1.6154               1.1000
15   H               -1.8948               1.0385               1.5824
16   H                2.8096               0.2487               1.5361
17   H                1.7828               0.7075              -2.0558
18   H                2.4416              -1.4283               1.0915
19   H                1.2951              -0.4805               2.0459
20   H                2.9798               1.2027              -0.8671
21   H                2.9624              -0.4696              -1.4498


Energy:                 -383.622994 Convergence criteria  Is converged 
Maximum Force:             0.084855     0.002850                No
RMS Force:                 0.015005     0.001900                No
Maximum Displacement:      0.050002     0.003150                No
RMS Displacement:          0.012475     0.002100                No

Model change: -8.158185e-03  Actual change: -8.091428e-03  rho:  0.992
Trust radius (MW):  0.200000  Step norm (MW):  0.200000  On boundary: True

----------------------------------------------------------------------
                            Iteration: 14                             


                             Coordinates                              
----------------------------------------------------------------------
0    C               -0.8411              -0.6372               0.4219
1    C                1.3757               0.0702              -0.0550
2    C               -1.1677               0.9803               0.7627
3    C                2.0197              -0.4331               1.2265
4    C                2.3401               0.3724              -1.1754
5    N                0.3016              -0.8324              -0.4698
6    N               -2.0091              -1.2500              -0.2052
7    O               -1.6675               1.6163              -0.3981
8    H               -2.3538               1.0151              -0.7241
9    H                0.0063              -0.5436              -1.4003
10   H               -0.6289              -1.1322               1.3724
11   H                0.9594               1.0487               0.1642
12   H               -2.4481              -1.9578               0.3635
13   H               -1.7815              -1.6592              -1.1011
14   H               -0.3229               1.5666               1.1117
15   H               -1.9109               0.9979               1.5695
16   H                2.8164               0.2448               1.5366
17   H                1.7897               0.7049              -2.0587
18   H                2.4420              -1.4297               1.0869
19   H                1.2994              -0.4811               2.0442
20   H                2.9938               1.1917              -0.8736
21   H                2.9606              -0.4814              -1.4535


Energy:                 -383.630209 Convergence criteria  Is converged 
Maximum Force:             0.071246     0.002850                No
RMS Force:                 0.012824     0.001900                No
Maximum Displacement:      0.048830     0.003150                No
RMS Displacement:          0.012744     0.002100                No

Model change: -7.292705e-03  Actual change: -7.214414e-03  rho:  0.989
Trust radius (MW):  0.200000  Step norm (MW):  0.200000  On boundary: True

----------------------------------------------------------------------
                            Iteration: 15                             


                             Coordinates                              
----------------------------------------------------------------------
0    C               -0.8478              -0.6154               0.4251
1    C                1.3820               0.0762              -0.0552
2    C               -1.1800               0.9458               0.7558
3    C                2.0252              -0.4331               1.2244
4    C                2.3473               0.3650              -1.1797
5    N                0.2992              -0.8193              -0.4641
6    N               -2.0124              -1.2401              -0.2037
7    O               -1.6652               1.6112              -0.3966
8    H               -2.3557               1.0259              -0.7412
9    H                0.0061              -0.5319              -1.3959
10   H               -0.6325              -1.1081               1.3768
11   H                0.9766               1.0612               0.1635
12   H               -2.4425              -1.9456               0.3755
13   H               -1.7605              -1.6751              -1.0816
14   H               -0.3360               1.5199               1.1261
15   H               -1.9315               0.9562               1.5552
16   H                2.8251               0.2399               1.5368
17   H                1.7983               0.7014              -2.0624
18   H                2.4427              -1.4312               1.0809
19   H                1.3052              -0.4815               2.0423
20   H                3.0111               1.1776              -0.8816
21   H                2.9572              -0.4965              -1.4571


Energy:                 -383.636165 Convergence criteria  Is converged 
Maximum Force:             0.052593     0.002850                No
RMS Force:                 0.009976     0.001900                No
Maximum Displacement:      0.046673     0.003150                No
RMS Displacement:          0.013229     0.002100                No

Model change: -6.032895e-03  Actual change: -5.955907e-03  rho:  0.987
Trust radius (MW):  0.200000  Step norm (MW):  0.200000  On boundary: True

----------------------------------------------------------------------
                            Iteration: 16                             


                             Coordinates                              
----------------------------------------------------------------------
0    C               -0.8543              -0.5994               0.4275
1    C                1.3890               0.0845              -0.0547
2    C               -1.1959               0.9157               0.7513
3    C                2.0325              -0.4331               1.2217
4    C                2.3556               0.3553              -1.1847
5    N                0.2963              -0.8023              -0.4586
6    N               -2.0159              -1.2306              -0.2032
7    O               -1.6620               1.6047              -0.3953
8    H               -2.3546               1.0345              -0.7596
9    H                0.0049              -0.5153              -1.3909
10   H               -0.6350              -1.0890               1.3806
11   H                0.9951               1.0762               0.1648
12   H               -2.4452              -1.9262               0.3896
13   H               -1.7404              -1.6973              -1.0584
14   H               -0.3548               1.4787               1.1451
15   H               -1.9594               0.9155               1.5395
16   H                2.8369               0.2336               1.5362
17   H                1.8094               0.6967              -2.0670
18   H                2.4435              -1.4331               1.0725
19   H                1.3134              -0.4816               2.0404
20   H                3.0334               1.1582              -0.8917
21   H                2.9507              -0.5173              -1.4601


Energy:                 -383.640664 Convergence criteria  Is converged 
Maximum Force:             0.032654     0.002850                No
RMS Force:                 0.007126     0.001900                No
Maximum Displacement:      0.041217     0.003150                No
RMS Displacement:          0.014078     0.002100                No

Model change: -4.548477e-03  Actual change: -4.499354e-03  rho:  0.989
Trust radius (MW):  0.200000  Step norm (MW):  0.200000  On boundary: True

----------------------------------------------------------------------
                            Iteration: 17                             


                             Coordinates                              
----------------------------------------------------------------------
0    C               -0.8597              -0.5909               0.4298
1    C                1.3961               0.0952              -0.0535
2    C               -1.2152               0.8932               0.7512
3    C                2.0415              -0.4329               1.2182
4    C                2.3646               0.3429              -1.1897
5    N                0.2931              -0.7817              -0.4543
6    N               -2.0190              -1.2234              -0.2048
7    O               -1.6580               1.5971              -0.3943
8    H               -2.3482               1.0380              -0.7789
9    H                0.0015              -0.4916              -1.3855
10   H               -0.6353              -1.0794               1.3829
11   H                1.0139               1.0932               0.1682
12   H               -2.4623              -1.8963               0.4052
13   H               -1.7218              -1.7301              -1.0307
14   H               -0.3799               1.4484               1.1690
15   H               -1.9942               0.8809               1.5241
16   H                2.8520               0.2259               1.5335
17   H                1.8229               0.6905              -2.0724
18   H                2.4442              -1.4351               1.0611
19   H                1.3249              -0.4813               2.0391
20   H                3.0610               1.1324              -0.9035
21   H                2.9393              -0.5445              -1.4615


Energy:                 -383.643932 Convergence criteria  Is converged 
Maximum Force:             0.020823     0.002850                No
RMS Force:                 0.005145     0.001900                No
Maximum Displacement:      0.034889     0.003150                No
RMS Displacement:          0.015330     0.002100                No

Model change: -3.282403e-03  Actual change: -3.268451e-03  rho:  0.996
Trust radius (MW):  0.200000  Step norm (MW):  0.200000  On boundary: True

----------------------------------------------------------------------
                            Iteration: 18                             


                             Coordinates                              
----------------------------------------------------------------------
0    C               -0.8638              -0.5875               0.4328
1    C                1.4022               0.1068              -0.0517
2    C               -1.2353               0.8782               0.7551
3    C                2.0508              -0.4326               1.2140
4    C                2.3727               0.3292              -1.1940
5    N                0.2895              -0.7599              -0.4521
6    N               -2.0200              -1.2195              -0.2091
7    O               -1.6539               1.5897              -0.3937
8    H               -2.3356               1.0346              -0.7986
9    H               -0.0045              -0.4623              -1.3799
10   H               -0.6331              -1.0783               1.3838
11   H                1.0314               1.1102               0.1726
12   H               -2.4936              -1.8549               0.4201
13   H               -1.7037              -1.7742              -0.9974
14   H               -0.4079               1.4296               1.1947
15   H               -2.0310               0.8554               1.5107
16   H                2.8687               0.2175               1.5282
17   H                1.8372               0.6839              -2.0775
18   H                2.4443              -1.4371               1.0479
19   H                1.3387              -0.4804               2.0389
20   H                3.0901               1.1023              -0.9149
21   H                2.9233              -0.5750              -1.4611


Energy:                 -383.646467 Convergence criteria  Is converged 
Maximum Force:             0.017805     0.002850                No
RMS Force:                 0.004047     0.001900                No
Maximum Displacement:      0.044082     0.003150                No
RMS Displacement:          0.016649     0.002100                No

Model change: -2.536780e-03  Actual change: -2.534556e-03  rho:  0.999
Trust radius (MW):  0.200000  Step norm (MW):  0.200000  On boundary: True

----------------------------------------------------------------------
                            Iteration: 19                             


                             Coordinates                              
----------------------------------------------------------------------
0    C               -0.8669              -0.5862               0.4363
1    C                1.4070               0.1180              -0.0499
2    C               -1.2544               0.8679               0.7610
3    C                2.0594              -0.4324               1.2096
4    C                2.3793               0.3152              -1.1972
5    N                0.2854              -0.7383              -0.4514
6    N               -2.0183              -1.2180              -0.2154
7    O               -1.6501               1.5828              -0.3930
8    H               -2.3176               1.0257              -0.8186
9    H               -0.0128              -0.4303              -1.3743
10   H               -0.6291              -1.0812               1.3838
11   H                1.0473               1.1262               0.1770
12   H               -2.5337              -1.8029               0.4319
13   H               -1.6854              -1.8269              -0.9569
14   H               -0.4357               1.4178               1.2196
15   H               -2.0657               0.8370               1.4997
16   H                2.8854               0.2089               1.5206
17   H                1.8509               0.6778              -2.0817
18   H                2.4431              -1.4392               1.0347
19   H                1.3531              -0.4787               2.0396
20   H                3.1181               1.0703              -0.9246
21   H                2.9044              -0.6054              -1.4597


Energy:                 -383.648603 Convergence criteria  Is converged 
Maximum Force:             0.015166     0.002850                No
RMS Force:                 0.003408     0.001900                No
Maximum Displacement:      0.052723     0.003150                No
RMS Displacement:          0.017725     0.002100                No

Model change: -2.137425e-03  Actual change: -2.135963e-03  rho:  0.999
Trust radius (MW):  0.200000  Step norm (MW):  0.200000  On boundary: True

----------------------------------------------------------------------
                            Iteration: 20                             


                             Coordinates                              
----------------------------------------------------------------------
0    C               -0.8693              -0.5854               0.4400
1    C                1.4109               0.1282              -0.0484
2    C               -1.2725               0.8600               0.7677
3    C                2.0670              -0.4323               1.2051
4    C                2.3846               0.3014              -1.1998
5    N                0.2811              -0.7173              -0.4514
6    N               -2.0138              -1.2184              -0.2229
7    O               -1.6469               1.5766              -0.3918
8    H               -2.2953               1.0136              -0.8391
9    H               -0.0224              -0.3979              -1.3686
10   H               -0.6240              -1.0852               1.3836
11   H                1.0621               1.1409               0.1809
12   H               -2.5771              -1.7424               0.4383
13   H               -1.6680              -1.8840              -0.9086
14   H               -0.4625               1.4094               1.2432
15   H               -2.0979               0.8226               1.4905
16   H                2.9016               0.2001               1.5113
17   H                1.8637               0.6726              -2.0851
18   H                2.4403              -1.4416               1.0221
19   H                1.3674              -0.4759               2.0409
20   H                3.1441               1.0374              -0.9325
21   H                2.8836              -0.6347              -1.4582


Energy:                 -383.650466 Convergence criteria  Is converged 
Maximum Force:             0.012807     0.002850                No
RMS Force:                 0.002958     0.001900                No
Maximum Displacement:      0.060547     0.003150                No
RMS Displacement:          0.018454     0.002100                No

Model change: -1.863030e-03  Actual change: -1.863368e-03  rho:  1.000
Trust radius (MW):  0.200000  Step norm (MW):  0.200000  On boundary: True

----------------------------------------------------------------------
                            Iteration: 21                             


                             Coordinates                              
----------------------------------------------------------------------
0    C               -0.8711              -0.5845               0.4436
1    C                1.4142               0.1377              -0.0470
2    C               -1.2898               0.8533               0.7744
3    C                2.0736              -0.4325               1.2006
4    C                2.3887               0.2877              -1.2020
5    N                0.2766              -0.6966              -0.4517
6    N               -2.0071              -1.2201              -0.2307
7    O               -1.6444               1.5713              -0.3901
8    H               -2.2699               1.0004              -0.8599
9    H               -0.0324              -0.3666              -1.3630
10   H               -0.6185              -1.0886               1.3834
11   H                1.0765               1.1547               0.1843
12   H               -2.6202              -1.6762               0.4377
13   H               -1.6538              -1.9414              -0.8542
14   H               -0.4885               1.4027               1.2655
15   H               -2.1282               0.8100               1.4822
16   H                2.9175               0.1904               1.5007
17   H                1.8758               0.6685              -2.0878
18   H                2.4353              -1.4448               1.0106
19   H                1.3813              -0.4718               2.0426
20   H                3.1688               1.0035              -0.9391
21   H                2.8609              -0.6631              -1.4573


Energy:                 -383.652075 Convergence criteria  Is converged 
Maximum Force:             0.010527     0.002850                No
RMS Force:                 0.002553     0.001900                No
Maximum Displacement:      0.066199     0.003150                No
RMS Displacement:          0.018825     0.002100                No

Model change: -1.603800e-03  Actual change: -1.608354e-03  rho:  1.003
Trust radius (MW):  0.200000  Step norm (MW):  0.200000  On boundary: True

----------------------------------------------------------------------
                            Iteration: 22                             


                             Coordinates                              
----------------------------------------------------------------------
0    C               -0.8724              -0.5832               0.4468
1    C                1.4176               0.1468              -0.0459
2    C               -1.3072               0.8472               0.7809
3    C                2.0794              -0.4330               1.1962
4    C                2.3922               0.2736              -1.2042
5    N                0.2726              -0.6760              -0.4519
6    N               -1.9984              -1.2232              -0.2384
7    O               -1.6431               1.5671              -0.3878
8    H               -2.2431               0.9880              -0.8805
9    H               -0.0418              -0.3367              -1.3575
10   H               -0.6129              -1.0907               1.3833
11   H                1.0916               1.1681               0.1873
12   H               -2.6596              -1.6085               0.4293
13   H               -1.6439              -1.9955              -0.7966
14   H               -0.5150               1.3969               1.2870
15   H               -2.1578               0.7976               1.4738
16   H                2.9339               0.1789               1.4890
17   H                1.8876               0.6654              -2.0899
18   H                2.4274              -1.4490               1.0003
19   H                1.3948              -0.4657               2.0448
20   H                3.1932               0.9675              -0.9452
21   H                2.8360              -0.6914              -1.4576


Energy:                 -383.653396 Convergence criteria  Is converged 
Maximum Force:             0.008210     0.002850                No
RMS Force:                 0.002122     0.001900                No
Maximum Displacement:      0.067673     0.003150                No
RMS Displacement:          0.018841     0.002100                No

Model change: -1.311419e-03  Actual change: -1.320878e-03  rho:  1.007
Trust radius (MW):  0.200000  Step norm (MW):  0.200000  On boundary: True

----------------------------------------------------------------------
                            Iteration: 23                             


                             Coordinates                              
----------------------------------------------------------------------
0    C               -0.8732              -0.5813               0.4494
1    C                1.4218               0.1557              -0.0448
2    C               -1.3253               0.8414               0.7869
3    C                2.0848              -0.4340               1.1920
4    C                2.3956               0.2584              -1.2067
5    N                0.2693              -0.6547              -0.4516
6    N               -1.9882              -1.2278              -0.2455
7    O               -1.6437               1.5643              -0.3848
8    H               -2.2174               0.9784              -0.9001
9    H               -0.0496              -0.3078              -1.3524
10   H               -0.6071              -1.0908               1.3832
11   H                1.1085               1.1815               0.1899
12   H               -2.6921              -1.5454               0.4140
13   H               -1.6377              -2.0433              -0.7403
14   H               -0.5431               1.3920               1.3080
15   H               -2.1875               0.7841               1.4651
16   H                2.9517               0.1644               1.4762
17   H                1.8997               0.6635              -2.0915
18   H                2.4153              -1.4551               0.9917
19   H                1.4083              -0.4567               2.0475
20   H                3.2186               0.9275              -0.9514
21   H                2.8080              -0.7205              -1.4599


Energy:                 -383.654387 Convergence criteria  Is converged 
Maximum Force:             0.005854     0.002850                No
RMS Force:                 0.001637     0.001900                Yes
Maximum Displacement:      0.063111     0.003150                No
RMS Displacement:          0.018455     0.002100                No

Model change: -9.788454e-04  Actual change: -9.916647e-04  rho:  1.013
Trust radius (MW):  0.200000  Step norm (MW):  0.200000  On boundary: True

----------------------------------------------------------------------
                            Iteration: 24                             


                             Coordinates                              
----------------------------------------------------------------------
0    C               -0.8733              -0.5781               0.4510
1    C                1.4278               0.1641              -0.0438
2    C               -1.3443               0.8366               0.7919
3    C                2.0897              -0.4361               1.1885
4    C                2.3999               0.2412              -1.2097
5    N                0.2672              -0.6325              -0.4513
6    N               -1.9766              -1.2343              -0.2515
7    O               -1.6487               1.5636              -0.3808
8    H               -2.1985               0.9732              -0.9162
9    H               -0.0550              -0.2788              -1.3478
10   H               -0.6005              -1.0879               1.3830
11   H                1.1290               1.1947               0.1918
12   H               -2.7137              -1.4958               0.3949
13   H               -1.6318              -2.0817              -0.6915
14   H               -0.5725               1.3892               1.3270
15   H               -2.2164               0.7695               1.4565
16   H                2.9720               0.1446               1.4622
17   H                1.9138               0.6620              -2.0925
18   H                2.3971              -1.4642               0.9861
19   H                1.4219              -0.4434               2.0512
20   H                3.2463               0.8820              -0.9578
21   H                2.7772              -0.7515              -1.4642


Energy:                 -383.655034 Convergence criteria  Is converged 
Maximum Force:             0.004058     0.002850                No
RMS Force:                 0.001088     0.001900                Yes
Maximum Displacement:      0.049577     0.003150                No
RMS Displacement:          0.017489     0.002100                No

Model change: -6.350537e-04  Actual change: -6.470706e-04  rho:  1.019
Trust radius (MW):  0.200000  Step norm (MW):  0.200000  On boundary: True

----------------------------------------------------------------------
                            Iteration: 25                             


                             Coordinates                              
----------------------------------------------------------------------
0    C               -0.8718              -0.5724               0.4511
1    C                1.4367               0.1705              -0.0433
2    C               -1.3622               0.8343               0.7952
3    C                2.0934              -0.4407               1.1864
4    C                2.4076               0.2221              -1.2123
5    N                0.2667              -0.6098              -0.4523
6    N               -1.9643              -1.2416              -0.2552
7    O               -1.6633               1.5650              -0.3761
8    H               -2.1954               0.9710              -0.9245
9    H               -0.0572              -0.2482              -1.3447
10   H               -0.5915              -1.0804               1.3820
11   H                1.1543               1.2063               0.1928
12   H               -2.7207              -1.4697               0.3795
13   H               -1.6209              -2.1063              -0.6582
14   H               -0.5990               1.3914               1.3386
15   H               -2.2392               0.7557               1.4522
16   H                2.9935               0.1179               1.4485
17   H                1.9324               0.6587              -2.0933
18   H                2.3721              -1.4774               0.9853
19   H                1.4342              -0.4266               2.0556
20   H                3.2758               0.8340              -0.9629
21   H                2.7500              -0.7828              -1.4683


Energy:                 -383.655382 Convergence criteria  Is converged 
Maximum Force:             0.001928     0.002850                Yes
RMS Force:                 0.000571     0.001900                Yes
Maximum Displacement:      0.048037     0.003150                No
RMS Displacement:          0.015647     0.002100                No

Model change: -3.417763e-04  Actual change: -3.481163e-04  rho:  1.019
Trust radius (MW):  0.200000  Step norm (MW):  0.200000  On boundary: True

----------------------------------------------------------------------
                            Iteration: 26                             


                             Coordinates                              
----------------------------------------------------------------------
0    C               -0.8681              -0.5641               0.4497
1    C                1.4474               0.1734              -0.0435
2    C               -1.3746               0.8361               0.7966
3    C                2.0947              -0.4492               1.1856
4    C                2.4197               0.2042              -1.2125
5    N                0.2676              -0.5890              -0.4563
6    N               -1.9531              -1.2464              -0.2552
7    O               -1.6889               1.5653              -0.3723
8    H               -2.2112               0.9649              -0.9228
9    H               -0.0569              -0.2165              -1.3438
10   H               -0.5793              -1.0689               1.3798
11   H                1.1817               1.2139               0.1933
12   H               -2.7143              -1.4666               0.3754
13   H               -1.6053              -2.1148              -0.6442
14   H               -0.6148               1.4009               1.3369
15   H               -2.2480               0.7468               1.4570
16   H                3.0110               0.0863               1.4390
17   H                1.9554               0.6520              -2.0936
18   H                2.3445              -1.4939               0.9876
19   H                1.4421              -0.4132               2.0592
20   H                3.3028               0.7939              -0.9634
21   H                2.7361              -0.8089              -1.4684


Energy:                 -383.655553 Convergence criteria  Is converged 
Maximum Force:             0.001314     0.002850                Yes
RMS Force:                 0.000310     0.001900                Yes
Maximum Displacement:      0.040067     0.003150                No
RMS Displacement:          0.013559     0.002100                No

Model change: -1.686994e-04  Actual change: -1.705995e-04  rho:  1.011
Trust radius (MW):  0.200000  Step norm (MW):  0.200000  On boundary: True

----------------------------------------------------------------------
                            Iteration: 27                             


                             Coordinates                              
----------------------------------------------------------------------
0    C               -0.8630              -0.5547               0.4479
1    C                1.4581               0.1738              -0.0436
2    C               -1.3816               0.8407               0.7965
3    C                2.0945              -0.4610               1.1851
4    C                2.4333               0.1902              -1.2107
5    N                0.2691              -0.5707              -0.4619
6    N               -1.9443              -1.2478              -0.2523
7    O               -1.7193               1.5626              -0.3706
8    H               -2.2361               0.9521              -0.9153
9    H               -0.0554              -0.1850              -1.3438
10   H               -0.5658              -1.0561               1.3769
11   H                1.2075               1.2179               0.1957
12   H               -2.7016              -1.4741               0.3807
13   H               -1.5893              -2.1130              -0.6417
14   H               -0.6210               1.4156               1.3252
15   H               -2.2457               0.7436               1.4682
16   H                3.0244               0.0530               1.4331
17   H                1.9785               0.6457              -2.0928
18   H                2.3187              -1.5117               0.9886
19   H                1.4470              -0.4069               2.0614
20   H                3.3256               0.7647              -0.9595
21   H                2.7326              -0.8279              -1.4662


Energy:                 -383.655656 Convergence criteria  Is converged 
Maximum Force:             0.001022     0.002850                Yes
RMS Force:                 0.000218     0.001900                Yes
Maximum Displacement:      0.033367     0.003150                No
RMS Displacement:          0.012830     0.002100                No

Model change: -1.021834e-04  Actual change: -1.028801e-04  rho:  1.007
Trust radius (MW):  0.200000  Step norm (MW):  0.200000  On boundary: True

----------------------------------------------------------------------
                            Iteration: 28                             


                             Coordinates                              
----------------------------------------------------------------------
0    C               -0.8578              -0.5443               0.4465
1    C                1.4685               0.1730              -0.0424
2    C               -1.3867               0.8473               0.7947
3    C                2.0950              -0.4766               1.1839
4    C                2.4461               0.1806              -1.2077
5    N                0.2708              -0.5537              -0.4671
6    N               -1.9366              -1.2478              -0.2474
7    O               -1.7506               1.5578              -0.3715
8    H               -2.2625               0.9350              -0.9072
9    H               -0.0529              -0.1544              -1.3432
10   H               -0.5527              -1.0416               1.3750
11   H                1.2320               1.2192               0.2024
12   H               -2.6877              -1.4825               0.3900
13   H               -1.5748              -2.1085              -0.6403
14   H               -0.6241               1.4337               1.3081
15   H               -2.2394               0.7449               1.4801
16   H                3.0366               0.0172               1.4286
17   H                1.9990               0.6440              -2.0896
18   H                2.2963              -1.5315               0.9854
19   H                1.4527              -0.4094               2.0628
20   H                3.3453               0.7427              -0.9533
21   H                2.7324              -0.8406              -1.4653


Energy:                 -383.655726 Convergence criteria  Is converged 
Maximum Force:             0.000732     0.002850                Yes
RMS Force:                 0.000170     0.001900                Yes
Maximum Displacement:      0.035804     0.003150                No
RMS Displacement:          0.012644     0.002100                No

Model change: -6.971163e-05  Actual change: -7.008063e-05  rho:  1.005
Trust radius (MW):  0.200000  Step norm (MW):  0.200000  On boundary: True

----------------------------------------------------------------------
                            Iteration: 29                             


                             Coordinates                              
----------------------------------------------------------------------
0    C               -0.8534              -0.5330               0.4466
1    C                1.4784               0.1709              -0.0387
2    C               -1.3921               0.8559               0.7905
3    C                2.0986              -0.4975               1.1809
4    C                2.4560               0.1770              -1.2043
5    N                0.2725              -0.5380              -0.4701
6    N               -1.9295              -1.2478              -0.2403
7    O               -1.7800               1.5520              -0.3767
8    H               -2.2867               0.9161              -0.9022
9    H               -0.0495              -0.1258              -1.3408
10   H               -0.5413              -1.0241               1.3758
11   H                1.2549               1.2176               0.2166
12   H               -2.6746              -1.4893               0.4016
13   H               -1.5611              -2.1047              -0.6351
14   H               -0.6284               1.4545               1.2880
15   H               -2.2342               0.7506               1.4885
16   H                3.0496              -0.0218               1.4244
17   H                2.0141               0.6518              -2.0827
18   H                2.2808              -1.5543               0.9745
19   H                1.4620              -0.4248               2.0634
20   H                3.3614               0.7271              -0.9456
21   H                2.7307              -0.8455              -1.4695


Energy:                 -383.655772 Convergence criteria  Is converged 
Maximum Force:             0.000473     0.002850                Yes
RMS Force:                 0.000134     0.001900                Yes
Maximum Displacement:      0.038943     0.003150                No
RMS Displacement:          0.012702     0.002100                No

Model change: -4.583598e-05  Actual change: -4.613046e-05  rho:  1.006
Trust radius (MW):  0.200000  Step norm (MW):  0.200000  On boundary: True

----------------------------------------------------------------------
                            Iteration: 30                             


                             Coordinates                              
----------------------------------------------------------------------
0    C               -0.8505              -0.5216               0.4485
1    C                1.4869               0.1676              -0.0321
2    C               -1.3985               0.8660               0.7836
3    C                2.1059              -0.5234               1.1757
4    C                2.4610               0.1811              -1.2006
5    N                0.2739              -0.5251              -0.4696
6    N               -1.9234              -1.2485              -0.2308
7    O               -1.8039               1.5459              -0.3870
8    H               -2.3058               0.8980              -0.9025
9    H               -0.0454              -0.1020              -1.3361
10   H               -0.5332              -1.0041               1.3803
11   H                1.2739               1.2126               0.2390
12   H               -2.6637              -1.4942               0.4151
13   H               -1.5489              -2.1031              -0.6245
14   H               -0.6353               1.4764               1.2674
15   H               -2.2330               0.7607               1.4906
16   H                3.0632              -0.0611               1.4203
17   H                2.0209               0.6716              -2.0714
18   H                2.2758              -1.5791               0.9543
19   H                1.4751              -0.4555               2.0627
20   H                3.3722               0.7193              -0.9373
21   H                2.7257              -0.8402              -1.4805


Energy:                 -383.655803 Convergence criteria  Is converged 
Maximum Force:             0.000344     0.002850                Yes
RMS Force:                 0.000109     0.001900                Yes
Maximum Displacement:      0.039285     0.003150                No
RMS Displacement:          0.013189     0.002100                No

Model change: -3.050733e-05  Actual change: -3.085440e-05  rho:  1.011
Trust radius (MW):  0.200000  Step norm (MW):  0.200000  On boundary: True

----------------------------------------------------------------------
                            Iteration: 31                             


                             Coordinates                              
----------------------------------------------------------------------
0    C               -0.8490              -0.5110               0.4521
1    C                1.4937               0.1636              -0.0238
2    C               -1.4048               0.8764               0.7753
3    C                2.1155              -0.5510               1.1690
4    C                2.4621               0.1908              -1.1969
5    N                0.2748              -0.5154              -0.4665
6    N               -1.9187              -1.2498              -0.2196
7    O               -1.8213               1.5401              -0.4008
8    H               -2.3194               0.8819              -0.9068
9    H               -0.0413              -0.0841              -1.3301
10   H               -0.5280              -0.9835               1.3876
11   H                1.2883               1.2052               0.2659
12   H               -2.6555              -1.4970               0.4297
13   H               -1.5388              -2.1036              -0.6099
14   H               -0.6431               1.4974               1.2479
15   H               -2.2348               0.7734               1.4878
16   H                3.0759              -0.0972               1.4167
17   H                2.0212               0.6993              -2.0570
18   H                2.2796              -1.6034               0.9281
19   H                1.4897              -0.4960               2.0603
20   H                3.3782               0.7180              -0.9288
21   H                2.7184              -0.8274              -1.4955


Energy:                 -383.655828 Convergence criteria  Is converged 
Maximum Force:             0.000264     0.002850                Yes
RMS Force:                 0.000100     0.001900                Yes
Maximum Displacement:      0.040466     0.003150                No
RMS Displacement:          0.013707     0.002100                No

Model change: -2.433766e-05  Actual change: -2.467739e-05  rho:  1.014
Trust radius (MW):  0.200000  Step norm (MW):  0.200000  On boundary: True

----------------------------------------------------------------------
                            Iteration: 32                             


                             Coordinates                              
----------------------------------------------------------------------
0    C               -0.8482              -0.5010               0.4563
1    C                1.4991               0.1593              -0.0150
2    C               -1.4108               0.8868               0.7661
3    C                2.1257              -0.5784               1.1612
4    C                2.4611               0.2033              -1.1931
5    N                0.2755              -0.5078              -0.4623
6    N               -1.9148              -1.2513              -0.2076
7    O               -1.8349               1.5345              -0.4162
8    H               -2.3300               0.8671              -0.9131
9    H               -0.0375              -0.0699              -1.3236
10   H               -0.5245              -0.9629               1.3961
11   H                1.2997               1.1966               0.2942
12   H               -2.6489              -1.4984               0.4448
13   H               -1.5303              -2.1051              -0.5932
14   H               -0.6511               1.5173               1.2290
15   H               -2.2380               0.7874               1.4824
16   H                3.0874              -0.1299               1.4137
17   H                2.0183               0.7302              -2.0410
18   H                2.2881              -1.6260               0.8991
19   H                1.5038              -0.5406               2.0562
20   H                3.3817               0.7202              -0.9204
21   H                2.7101              -0.8106              -1.5119


Energy:                 -383.655851 Convergence criteria  Is converged 
Maximum Force:             0.000275     0.002850                Yes
RMS Force:                 0.000101     0.001900                Yes
Maximum Displacement:      0.044589     0.003150                No
RMS Displacement:          0.013949     0.002100                No

Model change: -2.323243e-05  Actual change: -2.362160e-05  rho:  1.017
Trust radius (MW):  0.200000  Step norm (MW):  0.200000  On boundary: True

----------------------------------------------------------------------
                            Iteration: 33                             


                             Coordinates                              
----------------------------------------------------------------------
0    C               -0.8477              -0.4914               0.4609
1    C                1.5040               0.1548              -0.0061
2    C               -1.4164               0.8971               0.7566
3    C                2.1359              -0.6056               1.1529
4    C                2.4591               0.2172              -1.1888
5    N                0.2759              -0.5013              -0.4576
6    N               -1.9115              -1.2528              -0.1951
7    O               -1.8463               1.5290              -0.4321
8    H               -2.3390               0.8531              -0.9201
9    H               -0.0337              -0.0576              -1.3171
10   H               -0.5217              -0.9425               1.4050
11   H                1.3094               1.1870               0.3230
12   H               -2.6432              -1.4990               0.4604
13   H               -1.5228              -2.1070              -0.5754
14   H               -0.6586               1.5364               1.2103
15   H               -2.2415               0.8020               1.4758
16   H                3.0977              -0.1606               1.4113
17   H                2.0141               0.7627              -2.0237
18   H                2.2991              -1.6473               0.8686
19   H                1.5170              -0.5874               2.0505
20   H                3.3840               0.7240              -0.9116
21   H                2.7014              -0.7916              -1.5285


Energy:                 -383.655876 Convergence criteria  Is converged 
Maximum Force:             0.000298     0.002850                Yes
RMS Force:                 0.000105     0.001900                Yes
Maximum Displacement:      0.046872     0.003150                No
RMS Displacement:          0.014102     0.002100                No

Model change: -2.427428e-05  Actual change: -2.468615e-05  rho:  1.017
Trust radius (MW):  0.200000  Step norm (MW):  0.200000  On boundary: True

----------------------------------------------------------------------
                            Iteration: 34                             


                             Coordinates                              
----------------------------------------------------------------------
0    C               -0.8474              -0.4820               0.4654
1    C                1.5084               0.1501               0.0029
2    C               -1.4216               0.9072               0.7470
3    C                2.1458              -0.6326               1.1439
4    C                2.4568               0.2318              -1.1841
5    N                0.2763              -0.4954              -0.4528
6    N               -1.9085              -1.2542              -0.1823
7    O               -1.8567               1.5233              -0.4481
8    H               -2.3472               0.8394              -0.9272
9    H               -0.0300              -0.0464              -1.3107
10   H               -0.5191              -0.9221               1.4140
11   H                1.3183               1.1766               0.3517
12   H               -2.6378              -1.4991               0.4764
13   H               -1.5159              -2.1090              -0.5571
14   H               -0.6657               1.5551               1.1915
15   H               -2.2450               0.8169               1.4688
16   H                3.1069              -0.1902               1.4094
17   H                2.0096               0.7957              -2.0054
18   H                2.3111              -1.6674               0.8372
19   H                1.5291              -0.6355               2.0432
20   H                3.3857               0.7285              -0.9024
21   H                2.6924              -0.7712              -1.5450


Energy:                 -383.655903 Convergence criteria  Is converged 
Maximum Force:             0.000322     0.002850                Yes
RMS Force:                 0.000110     0.001900                Yes
Maximum Displacement:      0.048038     0.003150                No
RMS Displacement:          0.014184     0.002100                No

Model change: -2.645072e-05  Actual change: -2.681525e-05  rho:  1.014
Trust radius (MW):  0.200000  Step norm (MW):  0.200000  On boundary: True

----------------------------------------------------------------------
                            Iteration: 35                             


                             Coordinates                              
----------------------------------------------------------------------
0    C               -0.8470              -0.4727               0.4701
1    C                1.5125               0.1453               0.0117
2    C               -1.4265               0.9173               0.7372
3    C                2.1553              -0.6592               1.1343
4    C                2.4544               0.2468              -1.1790
5    N                0.2766              -0.4899              -0.4480
6    N               -1.9056              -1.2555              -0.1690
7    O               -1.8664               1.5176              -0.4642
8    H               -2.3549               0.8258              -0.9342
9    H               -0.0263              -0.0358              -1.3045
10   H               -0.5165              -0.9016               1.4229
11   H                1.3265               1.1657               0.3804
12   H               -2.6326              -1.4986               0.4928
13   H               -1.5094              -2.1109              -0.5383
14   H               -0.6721               1.5733               1.1724
15   H               -2.2481               0.8321               1.4616
16   H                3.1152              -0.2191               1.4078
17   H                2.0050               0.8291              -1.9862
18   H                2.3238              -1.6865               0.8048
19   H                1.5402              -0.6844               2.0344
20   H                3.3872               0.7336              -0.8929
21   H                2.6835              -0.7498              -1.5611


Energy:                 -383.655932 Convergence criteria  Is converged 
Maximum Force:             0.000354     0.002850                Yes
RMS Force:                 0.000115     0.001900                Yes
Maximum Displacement:      0.048883     0.003150                No
RMS Displacement:          0.014254     0.002100                No

Model change: -2.934732e-05  Actual change: -2.968909e-05  rho:  1.012
Trust radius (MW):  0.200000  Step norm (MW):  0.200000  On boundary: True

----------------------------------------------------------------------
                            Iteration: 36                             


                             Coordinates                              
----------------------------------------------------------------------
0    C               -0.8466              -0.4635               0.4746
1    C                1.5164               0.1405               0.0203
2    C               -1.4310               0.9272               0.7273
3    C                2.1643              -0.6857               1.1243
4    C                2.4519               0.2623              -1.1735
5    N                0.2769              -0.4847              -0.4434
6    N               -1.9029              -1.2567              -0.1554
7    O               -1.8757               1.5116              -0.4802
8    H               -2.3623               0.8123              -0.9409
9    H               -0.0228              -0.0257              -1.2984
10   H               -0.5137              -0.8810               1.4317
11   H                1.3342               1.1542               0.4089
12   H               -2.6274              -1.4980               0.5098
13   H               -1.5031              -2.1129              -0.5191
14   H               -0.6781               1.5911               1.1530
15   H               -2.2508               0.8474               1.4543
16   H                3.1226              -0.2475               1.4066
17   H                2.0005               0.8627              -1.9662
18   H                2.3369              -1.7047               0.7718
19   H                1.5502              -0.7338               2.0240
20   H                3.3886               0.7388              -0.8829
21   H                2.6746              -0.7275              -1.5768


Energy:                 -383.655965 Convergence criteria  Is converged 
Maximum Force:             0.000382     0.002850                Yes
RMS Force:                 0.000120     0.001900                Yes
Maximum Displacement:      0.049461     0.003150                No
RMS Displacement:          0.014315     0.002100                No

Model change: -3.266768e-05  Actual change: -3.298350e-05  rho:  1.010
Trust radius (MW):  0.200000  Step norm (MW):  0.200000  On boundary: True

----------------------------------------------------------------------
                            Iteration: 37                             


                             Coordinates                              
----------------------------------------------------------------------
0    C               -0.8462              -0.4543               0.4792
1    C                1.5201               0.1355               0.0288
2    C               -1.4351               0.9370               0.7173
3    C                2.1728              -0.7120               1.1138
4    C                2.4496               0.2779              -1.1674
5    N                0.2771              -0.4796              -0.4390
6    N               -1.9003              -1.2578              -0.1415
7    O               -1.8845               1.5054              -0.4962
8    H               -2.3694               0.7987              -0.9473
9    H               -0.0192              -0.0158              -1.2925
10   H               -0.5109              -0.8603               1.4403
11   H                1.3415               1.1421               0.4372
12   H               -2.6222              -1.4970               0.5273
13   H               -1.4972              -2.1147              -0.4996
14   H               -0.6836               1.6085               1.1332
15   H               -2.2532               0.8630               1.4469
16   H                3.1290              -0.2755               1.4059
17   H                1.9965               0.8963              -1.9451
18   H                2.3500              -1.7218               0.7383
19   H                1.5590              -0.7836               2.0122
20   H                3.3899               0.7443              -0.8724
21   H                2.6658              -0.7044              -1.5919


Energy:                 -383.656002 Convergence criteria  Is converged 
Maximum Force:             0.000411     0.002850                Yes
RMS Force:                 0.000125     0.001900                Yes
Maximum Displacement:      0.049822     0.003150                No
RMS Displacement:          0.014361     0.002100                No

Model change: -3.613606e-05  Actual change: -3.642686e-05  rho:  1.008
Trust radius (MW):  0.200000  Step norm (MW):  0.200000  On boundary: True

----------------------------------------------------------------------
                            Iteration: 38                             


                             Coordinates                              
----------------------------------------------------------------------
0    C               -0.8456              -0.4451               0.4836
1    C                1.5237               0.1304               0.0372
2    C               -1.4389               0.9467               0.7071
3    C                2.1808              -0.7380               1.1027
4    C                2.4473               0.2938              -1.1608
5    N                0.2773              -0.4748              -0.4348
6    N               -1.8978              -1.2588              -0.1272
7    O               -1.8930               1.4990              -0.5120
8    H               -2.3763               0.7850              -0.9535
9    H               -0.0158              -0.0063              -1.2868
10   H               -0.5078              -0.8396               1.4487
11   H                1.3483               1.1294               0.4651
12   H               -2.6169              -1.4958               0.5453
13   H               -1.4916              -2.1165              -0.4798
14   H               -0.6885               1.6256               1.1131
15   H               -2.2551               0.8787               1.4394
16   H                3.1347              -0.3035               1.4054
17   H                1.9927               0.9299              -1.9233
18   H                2.3631              -1.7381               0.7043
19   H                1.5667              -0.8337               1.9987
20   H                3.3912               0.7499              -0.8615
21   H                2.6572              -0.6805              -1.6065


Energy:                 -383.656042 Convergence criteria  Is converged 
Maximum Force:             0.000436     0.002850                Yes
RMS Force:                 0.000130     0.001900                Yes
Maximum Displacement:      0.050008     0.003150                No
RMS Displacement:          0.014403     0.002100                No

Model change: -3.947756e-05  Actual change: -3.974317e-05  rho:  1.007
Trust radius (MW):  0.200000  Step norm (MW):  0.200000  On boundary: True

----------------------------------------------------------------------
                            Iteration: 39                             


                             Coordinates                              
----------------------------------------------------------------------
0    C               -0.8450              -0.4360               0.4880
1    C                1.5270               0.1252               0.0453
2    C               -1.4424               0.9563               0.6969
3    C                2.1882              -0.7638               1.0912
4    C                2.4451               0.3099              -1.1538
5    N                0.2774              -0.4701              -0.4308
6    N               -1.8952              -1.2597              -0.1126
7    O               -1.9012               1.4924              -0.5277
8    H               -2.3830               0.7713              -0.9593
9    H               -0.0123               0.0031              -1.2813
10   H               -0.5044              -0.8188               1.4569
11   H                1.3548               1.1163               0.4928
12   H               -2.6115              -1.4943               0.5638
13   H               -1.4861              -2.1182              -0.4597
14   H               -0.6930               1.6423               1.0926
15   H               -2.2566               0.8946               1.4319
16   H                3.1395              -0.3315               1.4051
17   H                1.9893               0.9635              -1.9006
18   H                2.3760              -1.7534               0.6700
19   H                1.5734              -0.8837               1.9838
20   H                3.3926               0.7556              -0.8500
21   H                2.6489              -0.6559              -1.6205


Energy:                 -383.656084 Convergence criteria  Is converged 
Maximum Force:             0.000455     0.002850                Yes
RMS Force:                 0.000134     0.001900                Yes
Maximum Displacement:      0.050006     0.003150                No
RMS Displacement:          0.014442     0.002100                No

Model change: -4.241072e-05  Actual change: -4.259949e-05  rho:  1.004
Trust radius (MW):  0.200000  Step norm (MW):  0.200000  On boundary: True

----------------------------------------------------------------------
                            Iteration: 40                             


                             Coordinates                              
----------------------------------------------------------------------
0    C               -0.8442              -0.4269               0.4923
1    C                1.5302               0.1199               0.0532
2    C               -1.4456               0.9658               0.6867
3    C                2.1950              -0.7894               1.0793
4    C                2.4430               0.3261              -1.1463
5    N                0.2775              -0.4654              -0.4270
6    N               -1.8928              -1.2604              -0.0976
7    O               -1.9092               1.4855              -0.5433
8    H               -2.3895               0.7575              -0.9648
9    H               -0.0090               0.0124              -1.2760
10   H               -0.5007              -0.7979               1.4648
11   H                1.3609               1.1026               0.5202
12   H               -2.6060              -1.4926               0.5829
13   H               -1.4808              -2.1197              -0.4393
14   H               -0.6970               1.6587               1.0718
15   H               -2.2578               0.9106               1.4243
16   H                3.1436              -0.3596               1.4050
17   H                1.9862               0.9969              -1.8771
18   H                2.3884              -1.7680               0.6355
19   H                1.5790              -0.9333               1.9675
20   H                3.3939               0.7614              -0.8381
21   H                2.6406              -0.6307              -1.6339


Energy:                 -383.656129 Convergence criteria  Is converged 
Maximum Force:             0.000465     0.002850                Yes
RMS Force:                 0.000137     0.001900                Yes
Maximum Displacement:      0.049692     0.003150                No
RMS Displacement:          0.014468     0.002100                No

Model change: -4.465955e-05  Actual change: -4.482935e-05  rho:  1.004
Trust radius (MW):  0.200000  Step norm (MW):  0.200000  On boundary: True

----------------------------------------------------------------------
                            Iteration: 41                             


                             Coordinates                              
----------------------------------------------------------------------
0    C               -0.8434              -0.4179               0.4966
1    C                1.5333               0.1146               0.0610
2    C               -1.4485               0.9752               0.6763
3    C                2.2013              -0.8147               1.0669
4    C                2.4412               0.3424              -1.1384
5    N                0.2775              -0.4608              -0.4235
6    N               -1.8903              -1.2611              -0.0823
7    O               -1.9169               1.4784              -0.5587
8    H               -2.3959               0.7436              -0.9700
9    H               -0.0057               0.0217              -1.2709
10   H               -0.4968              -0.7769               1.4725
11   H                1.3667               1.0884               0.5471
12   H               -2.6002              -1.4906               0.6025
13   H               -1.4756              -2.1211              -0.4187
14   H               -0.7006               1.6748               1.0507
15   H               -2.2586               0.9268               1.4168
16   H                3.1470              -0.3881               1.4047
17   H                1.9836               1.0300              -1.8528
18   H                2.4001              -1.7817               0.6009
19   H                1.5837              -0.9826               1.9499
20   H                3.3954               0.7672              -0.8258
21   H                2.6328              -0.6048              -1.6466


Energy:                 -383.656175 Convergence criteria  Is converged 
Maximum Force:             0.000464     0.002850                Yes
RMS Force:                 0.000138     0.001900                Yes
Maximum Displacement:      0.049292     0.003150                No
RMS Displacement:          0.014485     0.002100                No

Model change: -4.594177e-05  Actual change: -4.605161e-05  rho:  1.002
Trust radius (MW):  0.200000  Step norm (MW):  0.200000  On boundary: True

----------------------------------------------------------------------
                            Iteration: 42                             


                             Coordinates                              
----------------------------------------------------------------------
0    C               -0.8424              -0.4088               0.5007
1    C                1.5362               0.1092               0.0685
2    C               -1.4513               0.9844               0.6659
3    C                2.2068              -0.8398               1.0541
4    C                2.4395               0.3588              -1.1299
5    N                0.2775              -0.4562              -0.4203
6    N               -1.8878              -1.2616              -0.0667
7    O               -1.9244               1.4711              -0.5740
8    H               -2.4021               0.7296              -0.9749
9    H               -0.0025               0.0311              -1.2660
10   H               -0.4925              -0.7559               1.4798
11   H                1.3723               1.0738               0.5737
12   H               -2.5943              -1.4885               0.6226
13   H               -1.4705              -2.1223              -0.3979
14   H               -0.7039               1.6905               1.0292
15   H               -2.2591               0.9430               1.4091
16   H                3.1498              -0.4170               1.4043
17   H                1.9815               1.0629              -1.8277
18   H                2.4110              -1.7948               0.5662
19   H                1.5874              -1.0313               1.9310
20   H                3.3969               0.7730              -0.8129
21   H                2.6252              -0.5784              -1.6586


Energy:                 -383.656221 Convergence criteria  Is converged 
Maximum Force:             0.000450     0.002850                Yes
RMS Force:                 0.000137     0.001900                Yes
Maximum Displacement:      0.048619     0.003150                No
RMS Displacement:          0.014493     0.002100                No

Model change: -4.600609e-05  Actual change: -4.613046e-05  rho:  1.003
Trust radius (MW):  0.200000  Step norm (MW):  0.200000  On boundary: True

----------------------------------------------------------------------
                            Iteration: 43                             


                             Coordinates                              
----------------------------------------------------------------------
0    C               -0.8413              -0.3997               0.5048
1    C                1.5391               0.1038               0.0758
2    C               -1.4538               0.9936               0.6554
3    C                2.2119              -0.8646               1.0409
4    C                2.4381               0.3752              -1.1210
5    N                0.2775              -0.4515              -0.4173
6    N               -1.8853              -1.2621              -0.0508
7    O               -1.9319               1.4634              -0.5892
8    H               -2.4082               0.7154              -0.9794
9    H                0.0007               0.0406              -1.2613
10   H               -0.4879              -0.7347               1.4869
11   H                1.3776               1.0588               0.5998
12   H               -2.5881              -1.4862               0.6432
13   H               -1.4654              -2.1234              -0.3768
14   H               -0.7069               1.7058               1.0075
15   H               -2.2595               0.9592               1.4013
16   H                3.1522              -0.4463               1.4037
17   H                1.9798               1.0954              -1.8019
18   H                2.4210              -1.8072               0.5317
19   H                1.5903              -1.0791               1.9110
20   H                3.3986               0.7787              -0.7996
21   H                2.6180              -0.5516              -1.6699


Energy:                 -383.656266 Convergence criteria  Is converged 
Maximum Force:             0.000425     0.002850                Yes
RMS Force:                 0.000133     0.001900                Yes
Maximum Displacement:      0.047804     0.003150                No
RMS Displacement:          0.014489     0.002100                No

Model change: -4.461707e-05  Actual change: -4.466725e-05  rho:  1.001
Trust radius (MW):  0.200000  Step norm (MW):  0.200000  On boundary: True

----------------------------------------------------------------------
                            Iteration: 44                             


                             Coordinates                              
----------------------------------------------------------------------
0    C               -0.8401              -0.3905               0.5088
1    C                1.5418               0.0983               0.0829
2    C               -1.4562               1.0026               0.6448
3    C                2.2163              -0.8891               1.0273
4    C                2.4370               0.3914              -1.1116
5    N                0.2774              -0.4467              -0.4146
6    N               -1.8827              -1.2624              -0.0345
7    O               -1.9391               1.4555              -0.6042
8    H               -2.4141               0.7011              -0.9836
9    H                0.0039               0.0503              -1.2567
10   H               -0.4830              -0.7134               1.4937
11   H                1.3829               1.0434               0.6255
12   H               -2.5815              -1.4837               0.6644
13   H               -1.4603              -2.1243              -0.3556
14   H               -0.7098               1.7209               0.9856
15   H               -2.2596               0.9755               1.3934
16   H                3.1541              -0.4762               1.4025
17   H                1.9787               1.1274              -1.7755
18   H                2.4298              -1.8192               0.4973
19   H                1.5924              -1.1258               1.8900
20   H                3.4004               0.7843              -0.7859
21   H                2.6113              -0.5243              -1.6804


Energy:                 -383.656307 Convergence criteria  Is converged 
Maximum Force:             0.000382     0.002850                Yes
RMS Force:                 0.000127     0.001900                Yes
Maximum Displacement:      0.046768     0.003150                No
RMS Displacement:          0.014473     0.002100                No

Model change: -4.156366e-05  Actual change: -4.158751e-05  rho:  1.001
Trust radius (MW):  0.200000  Step norm (MW):  0.200000  On boundary: True

----------------------------------------------------------------------
                            Iteration: 45                             


                             Coordinates                              
----------------------------------------------------------------------
0    C               -0.8388              -0.3813               0.5127
1    C                1.5445               0.0928               0.0897
2    C               -1.4585               1.0114               0.6342
3    C                2.2201              -0.9133               1.0134
4    C                2.4361               0.4076              -1.1017
5    N                0.2773              -0.4417              -0.4121
6    N               -1.8799              -1.2626              -0.0179
7    O               -1.9464               1.4473              -0.6190
8    H               -2.4200               0.6865              -0.9875
9    H                0.0070               0.0602              -1.2523
10   H               -0.4778              -0.6920               1.5002
11   H                1.3880               1.0276               0.6507
12   H               -2.5746              -1.4811               0.6860
13   H               -1.4551              -2.1252              -0.3341
14   H               -0.7126               1.7357               0.9634
15   H               -2.2597               0.9917               1.3854
16   H                3.1557              -0.5066               1.4008
17   H                1.9781               1.1590              -1.7484
18   H                2.4375              -1.8306               0.4630
19   H                1.5938              -1.1714               1.8682
20   H                3.4024               0.7898              -0.7717
21   H                2.6049              -0.4968              -1.6902


Energy:                 -383.656344 Convergence criteria  Is converged 
Maximum Force:             0.000328     0.002850                Yes
RMS Force:                 0.000119     0.001900                Yes
Maximum Displacement:      0.045606     0.003150                No
RMS Displacement:          0.014450     0.002100                No

Model change: -3.668864e-05  Actual change: -3.665028e-05  rho:  0.999
Trust radius (MW):  0.200000  Step norm (MW):  0.200000  On boundary: True

----------------------------------------------------------------------
                            Iteration: 46                             


                             Coordinates                              
----------------------------------------------------------------------
0    C               -0.8373              -0.3719               0.5165
1    C                1.5473               0.0873               0.0964
2    C               -1.4608               1.0203               0.6235
3    C                2.2234              -0.9373               0.9992
4    C                2.4357               0.4234              -1.0915
5    N                0.2773              -0.4366              -0.4098
6    N               -1.8770              -1.2627              -0.0010
7    O               -1.9536               1.4388              -0.6338
8    H               -2.4257               0.6717              -0.9912
9    H                0.0101               0.0705              -1.2479
10   H               -0.4724              -0.6703               1.5065
11   H                1.3933               1.0116               0.6753
12   H               -2.5673              -1.4784               0.7081
13   H               -1.4497              -2.1257              -0.3123
14   H               -0.7154               1.7504               0.9410
15   H               -2.2597               1.0080               1.3772
16   H                3.1572              -0.5377               1.3984
17   H                1.9782               1.1898              -1.7207
18   H                2.4438              -1.8417               0.4293
19   H                1.5945              -1.2156               1.8458
20   H                3.4047               0.7948              -0.7572
21   H                2.5990              -0.4692              -1.6991


Energy:                 -383.656374 Convergence criteria  Is converged 
Maximum Force:             0.000273     0.002850                Yes
RMS Force:                 0.000109     0.001900                Yes
Maximum Displacement:      0.044211     0.003150                No
RMS Displacement:          0.014406     0.002100                No

Model change: -2.986986e-05  Actual change: -2.986433e-05  rho:  1.000
Trust radius (MW):  0.200000  Step norm (MW):  0.200000  On boundary: True

----------------------------------------------------------------------
                            Iteration: 47                             


                             Coordinates                              
----------------------------------------------------------------------
0    C               -0.8357              -0.3624               0.5205
1    C                1.5500               0.0818               0.1028
2    C               -1.4633               1.0290               0.6126
3    C                2.2261              -0.9607               0.9849
4    C                2.4357               0.4387              -1.0810
5    N                0.2772              -0.4311              -0.4076
6    N               -1.8739              -1.2627               0.0166
7    O               -1.9610               1.4298              -0.6486
8    H               -2.4315               0.6565              -0.9946
9    H                0.0132               0.0809              -1.2436
10   H               -0.4666              -0.6482               1.5127
11   H                1.3987               0.9954               0.6991
12   H               -2.5594              -1.4755               0.7311
13   H               -1.4440              -2.1261              -0.2900
14   H               -0.7184               1.7650               0.9182
15   H               -2.2599               1.0243               1.3687
16   H                3.1584              -0.5691               1.3952
17   H                1.9790               1.2194              -1.6929
18   H                2.4486              -1.8525               0.3961
19   H                1.5946              -1.2581               1.8232
20   H                3.4073               0.7993              -0.7426
21   H                2.5936              -0.4419              -1.7073


Energy:                 -383.656395 Convergence criteria  Is converged 
Maximum Force:             0.000254     0.002850                Yes
RMS Force:                 0.000097     0.001900                Yes
Maximum Displacement:      0.042427     0.003150                No
RMS Displacement:          0.014320     0.002100                No

Model change: -2.104729e-05  Actual change: -2.097118e-05  rho:  0.996
Trust radius (MW):  0.200000  Step norm (MW):  0.200000  On boundary: True

----------------------------------------------------------------------
                            Iteration: 48                             


                             Coordinates                              
----------------------------------------------------------------------
0    C               -0.8340              -0.3519               0.5246
1    C                1.5530               0.0766               0.1089
2    C               -1.4658               1.0385               0.6003
3    C                2.2281              -0.9826               0.9717
4    C                2.4364               0.4522              -1.0705
5    N                0.2772              -0.4255              -0.4052
6    N               -1.8703              -1.2624               0.0354
7    O               -1.9683               1.4199              -0.6651
8    H               -2.4369               0.6400              -0.9988
9    H                0.0166               0.0907              -1.2395
10   H               -0.4607              -0.6239               1.5192
11   H                1.4045               0.9802               0.7211
12   H               -2.5510              -1.4717               0.7556
13   H               -1.4378              -2.1264              -0.2654
14   H               -0.7218               1.7805               0.8932
15   H               -2.2603               1.0420               1.3586
16   H                3.1595              -0.5994               1.3920
17   H                1.9812               1.2461              -1.6662
18   H                2.4519              -1.8625               0.3659
19   H                1.5939              -1.2965               1.8019
20   H                3.4106               0.8022              -0.7285
21   H                2.5890              -0.4170              -1.7138


Energy:                 -383.656405 Convergence criteria  Is converged 
Maximum Force:             0.000210     0.002850                Yes
RMS Force:                 0.000084     0.001900                Yes
Maximum Displacement:      0.038444     0.003150                No
RMS Displacement:          0.013990     0.002100                No

Model change: -1.023508e-05  Actual change: -1.018112e-05  rho:  0.995
Trust radius (MW):  0.200000  Step norm (MW):  0.200000  On boundary: True

----------------------------------------------------------------------
                            Iteration: 49                             


                             Coordinates                              
----------------------------------------------------------------------
0    C               -0.8314              -0.3476               0.5228
1    C                1.5571               0.0741               0.1118
2    C               -1.4645               1.0426               0.5885
3    C                2.2293              -0.9881               0.9726
4    C                2.4426               0.4521              -1.0651
5    N                0.2813              -0.4253              -0.4049
6    N               -1.8662              -1.2622               0.0386
7    O               -1.9655               1.4149              -0.6801
8    H               -2.4329               0.6322              -1.0089
9    H                0.0237               0.0903              -1.2406
10   H               -0.4589              -0.6128               1.5196
11   H                1.4084               0.9761               0.7261
12   H               -2.5469              -1.4684               0.7597
13   H               -1.4323              -2.1273              -0.2575
14   H               -0.7213               1.7871               0.8772
15   H               -2.2600               1.0509               1.3456
16   H                3.1598              -0.6072               1.3969
17   H                1.9896               1.2488              -1.6585
18   H                2.4541              -1.8659               0.3645
19   H                1.5923              -1.3045               1.7995
20   H                3.4171               0.7990              -0.7208
21   H                2.5943              -0.4150              -1.7112


Energy:                 -383.656406 Convergence criteria  Is converged 
Maximum Force:             0.000037     0.002850                Yes
RMS Force:                 0.000010     0.001900                Yes
Maximum Displacement:      0.016010     0.003150                No
RMS Displacement:          0.005756     0.002100                No

Model change: -8.731503e-07  Actual change: -8.980764e-07  rho:  1.029
Trust radius (MW):  0.200000  Step norm (MW):  0.100751  On boundary: False

----------------------------------------------------------------------
                            Iteration: 50                             


                             Coordinates                              
----------------------------------------------------------------------
0    C               -0.8320              -0.3467               0.5215
1    C                1.5562               0.0764               0.1110
2    C               -1.4662               1.0430               0.5866
3    C                2.2290              -0.9853               0.9721
4    C                2.4418               0.4549              -1.0657
5    N                0.2809              -0.4239              -0.4059
6    N               -1.8661              -1.2622               0.0374
7    O               -1.9672               1.4145              -0.6822
8    H               -2.4339               0.6314              -1.0108
9    H                0.0232               0.0914              -1.2417
10   H               -0.4596              -0.6113               1.5184
11   H                1.4069               0.9783               0.7252
12   H               -2.5467              -1.4687               0.7584
13   H               -1.4315              -2.1270              -0.2583
14   H               -0.7236               1.7881               0.8752
15   H               -2.2618               1.0509               1.3436
16   H                3.1590              -0.6037               1.3967
17   H                1.9885               1.2512              -1.6592
18   H                2.4546              -1.8630               0.3641
19   H                1.5919              -1.3020               1.7988
20   H                3.4160               0.8023              -0.7212
21   H                2.5942              -0.4122              -1.7117


Energy:                 -383.656406 Convergence criteria  Is converged 
Maximum Force:             0.000001     0.002850                Yes
RMS Force:                 0.000000     0.001900                Yes
Maximum Displacement:      0.003455     0.003150                No
RMS Displacement:          0.001460     0.002100                Yes

Model change: -3.654935e-09  Actual change: -8.761674e-09  rho:  2.397
Trust radius (MW):  0.100000  Step norm (MW):  0.025746  On boundary: False

----------------------------------------------------------------------
                            Iteration: 51                             


                             Coordinates                              
----------------------------------------------------------------------
0    C               -0.8320              -0.3467               0.5215
1    C                1.5563               0.0764               0.1110
2    C               -1.4661               1.0430               0.5866
3    C                2.2290              -0.9853               0.9720
4    C                2.4419               0.4548              -1.0657
5    N                0.2810              -0.4239              -0.4059
6    N               -1.8661              -1.2622               0.0374
7    O               -1.9671               1.4145              -0.6822
8    H               -2.4339               0.6314              -1.0108
9    H                0.0233               0.0914              -1.2417
10   H               -0.4596              -0.6113               1.5184
11   H                1.4069               0.9783               0.7252
12   H               -2.5467              -1.4687               0.7584
13   H               -1.4315              -2.1270              -0.2583
14   H               -0.7235               1.7881               0.8752
15   H               -2.2618               1.0509               1.3436
16   H                3.1590              -0.6038               1.3967
17   H                1.9886               1.2512              -1.6592
18   H                2.4546              -1.8631               0.3641
19   H                1.5919              -1.3021               1.7988
20   H                3.4161               0.8022              -0.7212
21   H                2.5943              -0.4123              -1.7117


Energy:                 -383.656406 Convergence criteria  Is converged 
Maximum Force:             0.000000     0.002850                Yes
RMS Force:                 0.000000     0.001900                Yes
Maximum Displacement:      0.000077     0.003150                Yes
RMS Displacement:          0.000036     0.002100                Yes

Model change: -2.026894e-12  Actual change: -4.380865e-09  rho:  2161.368
Trust radius (MW):  0.100000  Step norm (MW):  0.000639  On boundary: False

RFO optimization converged at iteration 51.

Final optimized structure written to: /home/user/software/MAPLE/example/opt/rfo/inp1_opt.xyz



Program started: 2026-02-02 22:28:26

======================================================================
                      TIMING SUMMARY
======================================================================
Input Reading (×24).................................   0.038 s  (   0.0 %)
  Settings Parsing (×24)..............................   0.002 s  (   6.4 %)
  Coordinate Section Parsing (×24)....................   0.005 s  (  12.0 %)
  Post-Processing Expansion (×24).....................   0.000 s  (   0.3 %)
MLP Initialization (×24)............................  12.711 s  (   3.5 %)
Job Dispatching (×24)............................... 455.355 s  ( 126.9 %)
  Single Point Energy Calculation (×7)................   2.237 s  (   0.5 %)
  Frequency Calculation (×7)..........................   9.962 s  (   2.2 %)
  IRC Calculation (×4)................................  21.166 s  (   4.6 %)
  Optimization (×6)................................... 421.976 s  (  92.7 %)
======================================================================
Total wall time: 358.758 s
Total CPU time: 7844.661 s
======================================================================

Program ended: 2026-02-02 22:34:24
TOTAL RUN TIME: 0 days 0 hours 5 minutes 58 seconds 757 msec
