
================================================================================
                                 MD SIMULATION                                  
================================================================================
Ensemble:        NVT
Timestep:        0.500 fs
Total steps:     50000
Simulation time: 25000.00 fs
Target temp:     2000.00 K

System:
  Atoms:         16
  Formula:       C6H10
  Charge:        0
  Multiplicity:  1

================================================================================

WARNING: Pre-existing output files were backed up:
  Backed up existing file: da_md_2.5A.out -> #da_md_2.5A.out.1#


       Step       Time(ps)  Progress      T(K)      E_total(Ha)  Speed(ns/day)         ETA
  ---------  -------------  --------  --------  ---------------  -------------  ----------

Starting NVT simulation (langevin)...

  Step       10        5.00 fs  T 2830.30 K  E    -234.230633 Ha
  Step       20       10.00 fs  T 1753.20 K  E    -234.316056 Ha
  Step       30       15.00 fs  T 2469.22 K  E    -234.281821 Ha
  Step       40       20.00 fs  T 2115.72 K  E    -234.315002 Ha
  Step       50       25.00 fs  T 1668.70 K  E    -234.354363 Ha
  Step       60       30.00 fs  T 1808.48 K  E    -234.345739 Ha
  Step       70       35.00 fs  T 2064.31 K  E    -234.332151 Ha
  Step       80       40.00 fs  T 2071.29 K  E    -234.322002 Ha
  Step       90       45.00 fs  T 2429.05 K  E    -234.298997 Ha
  Step      100       50.00 fs  T 1950.39 K  E    -234.342015 Ha
  Step      110       55.00 fs  T 1484.74 K  E    -234.378588 Ha
  Step      120       60.00 fs  T 2215.54 K  E    -234.335897 Ha
  Step      130       65.00 fs  T 2202.18 K  E    -234.326433 Ha
  Step      140       70.00 fs  T 2448.76 K  E    -234.314263 Ha
  Step      150       75.00 fs  T 1637.55 K  E    -234.373161 Ha
  Step      160       80.00 fs  T 2379.23 K  E    -234.325736 Ha
  Step      170       85.00 fs  T 2154.01 K  E    -234.338404 Ha
  Step      180       90.00 fs  T 1802.26 K  E    -234.367750 Ha
  Step      190       95.00 fs  T 2590.90 K  E    -234.303347 Ha
  Step      200      100.00 fs  T 1727.45 K  E    -234.370523 Ha
  Step      210      105.00 fs  T 2075.11 K  E    -234.349000 Ha
  Step      220      110.00 fs  T 2142.42 K  E    -234.342425 Ha
  Step      230      115.00 fs  T 2005.18 K  E    -234.353697 Ha
  Step      240      120.00 fs  T 2142.55 K  E    -234.342276 Ha
  Step      250      125.00 fs  T 1888.30 K  E    -234.366041 Ha
  Step      260      130.00 fs  T 2538.10 K  E    -234.319933 Ha
  Step      270      135.00 fs  T 2307.42 K  E    -234.331668 Ha
  Step      280      140.00 fs  T 2491.52 K  E    -234.320396 Ha
  Step      290      145.00 fs  T 2015.33 K  E    -234.356213 Ha
  Step      300      150.00 fs  T 2428.59 K  E    -234.327735 Ha
  Step      310      155.00 fs  T 1375.42 K  E    -234.405594 Ha
  Step      320      160.00 fs  T 1984.45 K  E    -234.357946 Ha
  Step      330      165.00 fs  T 1876.55 K  E    -234.367517 Ha
  Step      340      170.00 fs  T 2458.25 K  E    -234.332003 Ha
  Step      350      175.00 fs  T 1579.72 K  E    -234.381807 Ha
  Step      360      180.00 fs  T 2062.45 K  E    -234.351218 Ha
  Step      370      185.00 fs  T 1391.05 K  E    -234.395981 Ha
  Step      380      190.00 fs  T 1714.34 K  E    -234.381619 Ha
  Step      390      195.00 fs  T 1727.27 K  E    -234.378729 Ha
  Step      400      200.00 fs  T 2757.54 K  E    -234.306315 Ha
  Step      410      205.00 fs  T 1788.21 K  E    -234.374559 Ha
  Step      420      210.00 fs  T 2068.69 K  E    -234.359711 Ha
  Step      430      215.00 fs  T 2141.75 K  E    -234.348749 Ha
  Step      440      220.00 fs  T 1899.37 K  E    -234.362806 Ha
  Step      450      225.00 fs  T 2002.15 K  E    -234.362436 Ha
  Step      460      230.00 fs  T 1911.94 K  E    -234.365945 Ha
  Step      470      235.00 fs  T 2397.94 K  E    -234.329819 Ha
  Step      480      240.00 fs  T 2153.10 K  E    -234.350056 Ha
  Step      490      245.00 fs  T 2100.63 K  E    -234.358117 Ha
  Step      500      250.00 fs  T 1904.87 K  E    -234.365562 Ha
  Step      510      255.00 fs  T 1534.44 K  E    -234.399823 Ha
  Step      520      260.00 fs  T 2308.12 K  E    -234.339189 Ha
  Step      530      265.00 fs  T 1693.53 K  E    -234.379983 Ha
  Step      540      270.00 fs  T 2422.83 K  E    -234.325122 Ha
  Step      550      275.00 fs  T 3287.56 K  E    -234.270684 Ha
  Step      560      280.00 fs  T 1839.70 K  E    -234.370643 Ha
  Step      570      285.00 fs  T 2458.51 K  E    -234.324826 Ha
  Step      580      290.00 fs  T 1718.34 K  E    -234.379276 Ha
  Step      590      295.00 fs  T 1558.42 K  E    -234.395778 Ha
  Step      600      300.00 fs  T 2724.14 K  E    -234.303398 Ha
  Step      610      305.00 fs  T 2540.31 K  E    -234.313048 Ha
  Step      620      310.00 fs  T 1932.10 K  E    -234.364885 Ha
  Step      630      315.00 fs  T 1961.63 K  E    -234.355223 Ha
  Step      640      320.00 fs  T 2582.98 K  E    -234.316241 Ha
  Step      650      325.00 fs  T 2189.19 K  E    -234.347232 Ha
  Step      660      330.00 fs  T 2179.66 K  E    -234.348412 Ha
  Step      670      335.00 fs  T 1671.33 K  E    -234.384048 Ha
  Step      680      340.00 fs  T 1780.33 K  E    -234.376367 Ha
  Step      690      345.00 fs  T 1369.36 K  E    -234.404990 Ha
  Step      700      350.00 fs  T 1820.58 K  E    -234.373739 Ha
  Step      710      355.00 fs  T 1998.16 K  E    -234.362015 Ha
  Step      720      360.00 fs  T 2541.03 K  E    -234.322541 Ha
  Step      730      365.00 fs  T 2296.42 K  E    -234.336929 Ha
  Step      740      370.00 fs  T 2090.25 K  E    -234.350702 Ha
  Step      750      375.00 fs  T 1382.83 K  E    -234.405295 Ha
  Step      760      380.00 fs  T 2159.65 K  E    -234.355226 Ha
  Step      770      385.00 fs  T 2536.60 K  E    -234.319778 Ha
  Step      780      390.00 fs  T 1840.61 K  E    -234.372461 Ha
  Step      790      395.00 fs  T 1531.89 K  E    -234.398759 Ha
  Step      800      400.00 fs  T 1990.57 K  E    -234.361888 Ha
  Step      810      405.00 fs  T 1472.85 K  E    -234.395369 Ha
  Step      820      410.00 fs  T 1339.51 K  E    -234.409973 Ha
  Step      830      415.00 fs  T 2338.04 K  E    -234.332615 Ha
  Step      840      420.00 fs  T 2020.11 K  E    -234.364230 Ha
  Step      850      425.00 fs  T 2866.85 K  E    -234.301517 Ha
  Step      860      430.00 fs  T 1650.53 K  E    -234.388668 Ha
  Step      870      435.00 fs  T 1641.78 K  E    -234.387866 Ha
  Step      880      440.00 fs  T 1322.80 K  E    -234.411581 Ha
  Step      890      445.00 fs  T 2368.87 K  E    -234.337443 Ha
  Step      900      450.00 fs  T 1950.79 K  E    -234.368986 Ha
  Step      910      455.00 fs  T 2077.78 K  E    -234.361589 Ha
  Step      920      460.00 fs  T 2142.64 K  E    -234.350917 Ha
  Step      930      465.00 fs  T 2558.08 K  E    -234.321135 Ha
  Step      940      470.00 fs  T 1928.97 K  E    -234.369109 Ha
  Step      950      475.00 fs  T 2050.54 K  E    -234.358281 Ha
  Step      960      480.00 fs  T 1525.03 K  E    -234.398173 Ha
  Step      970      485.00 fs  T  882.71 K  E    -234.444517 Ha
  Step      980      490.00 fs  T 1876.93 K  E    -234.366687 Ha
  Step      990      495.00 fs  T 1857.18 K  E    -234.368879 Ha
  Step     1000      500.00 fs  T 2238.11 K  E    -234.343121 Ha
  Step     1010      505.00 fs  T 1322.95 K  E    -234.410846 Ha
  Step     1020      510.00 fs  T 1925.12 K  E    -234.370011 Ha
  Step     1030      515.00 fs  T 1810.19 K  E    -234.383481 Ha
  Step     1040      520.00 fs  T 1919.66 K  E    -234.370785 Ha
  Step     1050      525.00 fs  T 2166.72 K  E    -234.352882 Ha
  Step     1060      530.00 fs  T 2246.84 K  E    -234.349654 Ha
  Step     1070      535.00 fs  T 2213.90 K  E    -234.355739 Ha
  Step     1080      540.00 fs  T 1815.92 K  E    -234.380743 Ha
  Step     1090      545.00 fs  T 1934.59 K  E    -234.370414 Ha
  Step     1100      550.00 fs  T 2700.66 K  E    -234.316964 Ha
  Step     1110      555.00 fs  T 3481.87 K  E    -234.256675 Ha
  Step     1120      560.00 fs  T 2272.42 K  E    -234.347046 Ha
  Step     1130      565.00 fs  T 2147.68 K  E    -234.357359 Ha
  Step     1140      570.00 fs  T 2165.70 K  E    -234.350527 Ha
  Step     1150      575.00 fs  T 1606.86 K  E    -234.388289 Ha
  Step     1160      580.00 fs  T 3322.26 K  E    -234.270524 Ha
  Step     1170      585.00 fs  T 2071.77 K  E    -234.360749 Ha
  Step     1180      590.00 fs  T 1854.87 K  E    -234.374369 Ha
  Step     1190      595.00 fs  T 2316.78 K  E    -234.336523 Ha
  Step     1200      600.00 fs  T 1797.01 K  E    -234.385867 Ha
  Step     1210      605.00 fs  T 1645.66 K  E    -234.398775 Ha
  Step     1220      610.00 fs  T 2787.96 K  E    -234.307929 Ha
  Step     1230      615.00 fs  T 1716.07 K  E    -234.387173 Ha
  Step     1240      620.00 fs  T 1595.27 K  E    -234.396459 Ha
  Step     1250      625.00 fs  T 2150.81 K  E    -234.355418 Ha
  Step     1260      630.00 fs  T 1673.33 K  E    -234.390519 Ha
  Step     1270      635.00 fs  T 2499.55 K  E    -234.331046 Ha
  Step     1280      640.00 fs  T 1983.18 K  E    -234.363608 Ha
  Step     1290      645.00 fs  T 3075.18 K  E    -234.285538 Ha
  Step     1300      650.00 fs  T 3103.99 K  E    -234.284347 Ha
  Step     1310      655.00 fs  T 1763.71 K  E    -234.386032 Ha
  Step     1320      660.00 fs  T 2284.37 K  E    -234.343873 Ha
  Step     1330      665.00 fs  T 1950.37 K  E    -234.368090 Ha
  Step     1340      670.00 fs  T 2209.23 K  E    -234.346459 Ha
  Step     1350      675.00 fs  T 2254.72 K  E    -234.343231 Ha
  Step     1360      680.00 fs  T 2519.09 K  E    -234.329928 Ha
  Step     1370      685.00 fs  T 1915.49 K  E    -234.374027 Ha
  Step     1380      690.00 fs  T 1858.09 K  E    -234.375752 Ha
  Step     1390      695.00 fs  T 2107.92 K  E    -234.361655 Ha
  Step     1400      700.00 fs  T 2227.48 K  E    -234.354182 Ha
  Step     1410      705.00 fs  T 1611.72 K  E    -234.392185 Ha
  Step     1420      710.00 fs  T 1213.53 K  E    -234.426155 Ha
  Step     1430      715.00 fs  T 2020.65 K  E    -234.366056 Ha
  Step     1440      720.00 fs  T 1736.70 K  E    -234.384563 Ha
  Step     1450      725.00 fs  T 2266.03 K  E    -234.346611 Ha
  Step     1460      730.00 fs  T 2128.13 K  E    -234.357000 Ha
  Step     1470      735.00 fs  T 1758.96 K  E    -234.381568 Ha
  Step     1480      740.00 fs  T 1952.40 K  E    -234.371146 Ha
  Step     1490      745.00 fs  T 2117.20 K  E    -234.354251 Ha
  Step     1500      750.00 fs  T 1787.39 K  E    -234.383516 Ha
  Step     1510      755.00 fs  T 1270.55 K  E    -234.407711 Ha
  Step     1520      760.00 fs  T 1912.90 K  E    -234.372417 Ha
  Step     1530      765.00 fs  T 2143.09 K  E    -234.352972 Ha
  Step     1540      770.00 fs  T 2091.73 K  E    -234.359973 Ha
  Step     1550      775.00 fs  T 2140.79 K  E    -234.352833 Ha
  Step     1560      780.00 fs  T 2194.66 K  E    -234.351397 Ha
  Step     1570      785.00 fs  T 1901.02 K  E    -234.378617 Ha
  Step     1580      790.00 fs  T 1946.25 K  E    -234.370938 Ha
  Step     1590      795.00 fs  T 1539.94 K  E    -234.397841 Ha
  Step     1600      800.00 fs  T 2178.65 K  E    -234.354936 Ha
  Step     1610      805.00 fs  T 2255.93 K  E    -234.350085 Ha
  Step     1620      810.00 fs  T 2102.28 K  E    -234.360155 Ha
  Step     1630      815.00 fs  T  977.81 K  E    -234.437981 Ha
  Step     1640      820.00 fs  T 1645.71 K  E    -234.388566 Ha
  Step     1650      825.00 fs  T 1248.07 K  E    -234.421846 Ha
  Step     1660      830.00 fs  T 2143.08 K  E    -234.357489 Ha
  Step     1670      835.00 fs  T 2399.32 K  E    -234.339535 Ha
  Step     1680      840.00 fs  T 1473.23 K  E    -234.398291 Ha
  Step     1690      845.00 fs  T 1610.89 K  E    -234.389873 Ha
  Step     1700      850.00 fs  T 2853.56 K  E    -234.302755 Ha
  Step     1710      855.00 fs  T 1836.01 K  E    -234.377584 Ha
  Step     1720      860.00 fs  T 1864.09 K  E    -234.373705 Ha
  Step     1730      865.00 fs  T 1263.76 K  E    -234.415566 Ha
  Step     1740      870.00 fs  T 1822.49 K  E    -234.372469 Ha
  Step     1750      875.00 fs  T 2043.45 K  E    -234.364203 Ha
  Step     1760      880.00 fs  T 1619.30 K  E    -234.392657 Ha
  Step     1770      885.00 fs  T 1851.97 K  E    -234.377681 Ha
  Step     1780      890.00 fs  T 1962.59 K  E    -234.362494 Ha
  Step     1790      895.00 fs  T 2299.42 K  E    -234.343429 Ha
  Step     1800      900.00 fs  T 2198.49 K  E    -234.348547 Ha
  Step     1810      905.00 fs  T 1569.68 K  E    -234.390283 Ha
  Step     1820      910.00 fs  T 1684.94 K  E    -234.382614 Ha
  Step     1830      915.00 fs  T 1903.88 K  E    -234.365126 Ha
  Step     1840      920.00 fs  T 1450.04 K  E    -234.396835 Ha
  Step     1850      925.00 fs  T 1780.63 K  E    -234.372309 Ha
  Step     1860      930.00 fs  T 1552.13 K  E    -234.385244 Ha
  Step     1870      935.00 fs  T 1455.99 K  E    -234.404684 Ha
  Step     1880      940.00 fs  T 2500.98 K  E    -234.326496 Ha
  Step     1890      945.00 fs  T 1713.27 K  E    -234.385672 Ha
  Step     1900      950.00 fs  T 1960.21 K  E    -234.364848 Ha
  Step     1910      955.00 fs  T 2484.83 K  E    -234.319786 Ha
  Step     1920      960.00 fs  T 2012.89 K  E    -234.361530 Ha
  Step     1930      965.00 fs  T 1725.21 K  E    -234.384030 Ha
  Step     1940      970.00 fs  T 1864.54 K  E    -234.377154 Ha
  Step     1950      975.00 fs  T 2345.72 K  E    -234.340259 Ha
  Step     1960      980.00 fs  T 2159.45 K  E    -234.356626 Ha
  Step     1970      985.00 fs  T 1863.53 K  E    -234.378490 Ha
  Step     1980      990.00 fs  T 2299.89 K  E    -234.349260 Ha
  Step     1990      995.00 fs  T 2564.66 K  E    -234.330535 Ha
  Step     2000     1000.00 fs  T 2763.53 K  E    -234.306948 Ha
  Step     2010     1005.00 fs  T 2095.62 K  E    -234.354602 Ha
  Step     2020     1010.00 fs  T 1458.51 K  E    -234.404205 Ha
  Step     2030     1015.00 fs  T 1786.32 K  E    -234.380307 Ha
  Step     2040     1020.00 fs  T 1591.80 K  E    -234.398072 Ha
  Step     2050     1025.00 fs  T 1769.85 K  E    -234.382906 Ha
  Step     2060     1030.00 fs  T 1844.71 K  E    -234.370623 Ha
  Step     2070     1035.00 fs  T 1985.41 K  E    -234.362723 Ha
  Step     2080     1040.00 fs  T 1941.18 K  E    -234.368064 Ha
  Step     2090     1045.00 fs  T 2085.13 K  E    -234.357740 Ha
  Step     2100     1050.00 fs  T 2296.38 K  E    -234.342959 Ha
  Step     2110     1055.00 fs  T 2304.76 K  E    -234.345257 Ha
  Step     2120     1060.00 fs  T 1738.38 K  E    -234.382116 Ha
  Step     2130     1065.00 fs  T 1966.64 K  E    -234.362164 Ha
  Step     2140     1070.00 fs  T 1916.65 K  E    -234.362526 Ha
  Step     2150     1075.00 fs  T 1887.05 K  E    -234.366425 Ha
  Step     2160     1080.00 fs  T 2611.98 K  E    -234.313694 Ha
  Step     2170     1085.00 fs  T 1888.81 K  E    -234.369839 Ha
  Step     2180     1090.00 fs  T 2181.79 K  E    -234.347587 Ha
  Step     2190     1095.00 fs  T 1583.36 K  E    -234.398883 Ha
  Step     2200     1100.00 fs  T 1740.66 K  E    -234.383861 Ha
  Step     2210     1105.00 fs  T 1719.63 K  E    -234.381884 Ha
  Step     2220     1110.00 fs  T 1857.55 K  E    -234.383133 Ha
  Step     2230     1115.00 fs  T 2415.63 K  E    -234.338051 Ha
  Step     2240     1120.00 fs  T 2366.60 K  E    -234.337429 Ha
  Step     2250     1125.00 fs  T 1560.74 K  E    -234.397085 Ha
  Step     2260     1130.00 fs  T 1642.08 K  E    -234.384762 Ha
  Step     2270     1135.00 fs  T 2321.29 K  E    -234.341528 Ha
  Step     2280     1140.00 fs  T 1815.53 K  E    -234.385879 Ha
  Step     2290     1145.00 fs  T 2324.88 K  E    -234.345778 Ha
  Step     2300     1150.00 fs  T 2101.84 K  E    -234.363326 Ha
  Step     2310     1155.00 fs  T 1679.07 K  E    -234.385156 Ha
  Step     2320     1160.00 fs  T 3186.41 K  E    -234.281786 Ha
  Step     2330     1165.00 fs  T 2003.66 K  E    -234.368902 Ha
  Step     2340     1170.00 fs  T 2433.57 K  E    -234.333794 Ha
  Step     2350     1175.00 fs  T 1926.21 K  E    -234.357551 Ha
  Step     2360     1180.00 fs  T 1876.00 K  E    -234.366986 Ha
  Step     2370     1185.00 fs  T 2596.87 K  E    -234.316681 Ha
  Step     2380     1190.00 fs  T 1644.57 K  E    -234.387601 Ha
  Step     2390     1195.00 fs  T 1814.90 K  E    -234.381667 Ha
  Step     2400     1200.00 fs  T 2666.09 K  E    -234.318153 Ha
  Step     2410     1205.00 fs  T 2004.97 K  E    -234.363536 Ha
  Step     2420     1210.00 fs  T 2213.36 K  E    -234.351763 Ha
  Step     2430     1215.00 fs  T 2042.08 K  E    -234.366114 Ha
  Step     2440     1220.00 fs  T 1679.25 K  E    -234.389058 Ha
  Step     2450     1225.00 fs  T 2417.12 K  E    -234.334559 Ha
  Step     2460     1230.00 fs  T 1705.29 K  E    -234.388377 Ha
  Step     2470     1235.00 fs  T 2057.26 K  E    -234.364443 Ha
  Step     2480     1240.00 fs  T 2642.91 K  E    -234.319449 Ha
  Step     2490     1245.00 fs  T 2107.20 K  E    -234.359282 Ha
  Step     2500     1250.00 fs  T 2669.44 K  E    -234.314823 Ha
  Step     2510     1255.00 fs  T 1582.20 K  E    -234.399223 Ha
  Step     2520     1260.00 fs  T 1963.56 K  E    -234.367142 Ha
  Step     2530     1265.00 fs  T 1575.91 K  E    -234.393658 Ha
  Step     2540     1270.00 fs  T 1567.27 K  E    -234.397076 Ha
  Step     2550     1275.00 fs  T 1938.54 K  E    -234.369987 Ha
  Step     2560     1280.00 fs  T 2551.97 K  E    -234.328519 Ha
  Step     2570     1285.00 fs  T 2658.45 K  E    -234.318906 Ha
  Step     2580     1290.00 fs  T 1814.28 K  E    -234.378375 Ha
  Step     2590     1295.00 fs  T 2631.89 K  E    -234.323200 Ha
  Step     2600     1300.00 fs  T 2173.80 K  E    -234.354860 Ha
  Step     2610     1305.00 fs  T 2422.37 K  E    -234.331982 Ha
  Step     2620     1310.00 fs  T 2633.81 K  E    -234.318808 Ha
  Step     2630     1315.00 fs  T 1668.40 K  E    -234.382848 Ha
  Step     2640     1320.00 fs  T 2364.00 K  E    -234.332159 Ha
  Step     2650     1325.00 fs  T 1615.53 K  E    -234.388490 Ha
  Step     2660     1330.00 fs  T 2054.57 K  E    -234.361232 Ha
  Step     2670     1335.00 fs  T 3421.59 K  E    -234.262551 Ha
  Step     2680     1340.00 fs  T 1843.05 K  E    -234.371488 Ha
  Step     2690     1345.00 fs  T 1906.25 K  E    -234.371407 Ha
  Step     2700     1350.00 fs  T 2541.98 K  E    -234.324650 Ha
  Step     2710     1355.00 fs  T 1373.88 K  E    -234.411676 Ha
  Step     2720     1360.00 fs  T 2324.73 K  E    -234.336893 Ha
  Step     2730     1365.00 fs  T 1575.23 K  E    -234.391154 Ha
  Step     2740     1370.00 fs  T 1566.57 K  E    -234.399586 Ha
  Step     2750     1375.00 fs  T 2529.56 K  E    -234.326599 Ha
  Step     2760     1380.00 fs  T 2079.76 K  E    -234.365617 Ha
  Step     2770     1385.00 fs  T 1720.27 K  E    -234.380191 Ha
  Step     2780     1390.00 fs  T 2020.75 K  E    -234.365090 Ha
  Step     2790     1395.00 fs  T 1982.99 K  E    -234.367063 Ha
  Step     2800     1400.00 fs  T 2086.55 K  E    -234.359577 Ha
  Step     2810     1405.00 fs  T 2493.81 K  E    -234.332768 Ha
  Step     2820     1410.00 fs  T 2605.42 K  E    -234.325500 Ha
  Step     2830     1415.00 fs  T 2668.69 K  E    -234.317276 Ha
  Step     2840     1420.00 fs  T 1829.62 K  E    -234.377901 Ha
  Step     2850     1425.00 fs  T 1812.43 K  E    -234.382592 Ha
  Step     2860     1430.00 fs  T 2880.68 K  E    -234.302627 Ha
  Step     2870     1435.00 fs  T 1965.48 K  E    -234.373860 Ha
  Step     2880     1440.00 fs  T 1753.56 K  E    -234.390235 Ha
  Step     2890     1445.00 fs  T 1617.49 K  E    -234.395601 Ha
  Step     2900     1450.00 fs  T 1277.74 K  E    -234.415033 Ha
  Step     2910     1455.00 fs  T 2450.80 K  E    -234.331729 Ha
  Step     2920     1460.00 fs  T 2261.34 K  E    -234.344182 Ha
  Step     2930     1465.00 fs  T 1760.53 K  E    -234.384274 Ha
  Step     2940     1470.00 fs  T 2918.15 K  E    -234.300438 Ha
  Step     2950     1475.00 fs  T 1525.32 K  E    -234.403143 Ha
  Step     2960     1480.00 fs  T 2389.47 K  E    -234.344815 Ha
  Step     2970     1485.00 fs  T 2411.25 K  E    -234.333692 Ha
  Step     2980     1490.00 fs  T 2793.31 K  E    -234.306691 Ha
  Step     2990     1495.00 fs  T 3033.64 K  E    -234.291102 Ha
  Step     3000     1500.00 fs  T 1626.13 K  E    -234.392318 Ha
  Step     3010     1505.00 fs  T 2786.16 K  E    -234.305265 Ha
  Step     3020     1510.00 fs  T 1355.13 K  E    -234.408320 Ha
  Step     3030     1515.00 fs  T 2742.70 K  E    -234.310321 Ha
  Step     3040     1520.00 fs  T 3055.51 K  E    -234.287646 Ha
  Step     3050     1525.00 fs  T 1646.48 K  E    -234.390369 Ha
  Step     3060     1530.00 fs  T 2127.61 K  E    -234.356158 Ha
  Step     3070     1535.00 fs  T 1572.84 K  E    -234.401996 Ha
  Step     3080     1540.00 fs  T 1649.02 K  E    -234.388351 Ha
  Step     3090     1545.00 fs  T 1995.86 K  E    -234.370973 Ha
  Step     3100     1550.00 fs  T 2110.59 K  E    -234.361832 Ha
  Step     3110     1555.00 fs  T 2003.38 K  E    -234.369206 Ha
  Step     3120     1560.00 fs  T 2824.69 K  E    -234.303915 Ha
  Step     3130     1565.00 fs  T 1805.29 K  E    -234.381776 Ha
  Step     3140     1570.00 fs  T 2354.61 K  E    -234.339694 Ha
  Step     3150     1575.00 fs  T 1484.03 K  E    -234.399900 Ha
  Step     3160     1580.00 fs  T 1605.37 K  E    -234.391874 Ha
  Step     3170     1585.00 fs  T 1729.06 K  E    -234.378820 Ha
  Step     3180     1590.00 fs  T 2637.31 K  E    -234.316802 Ha
  Step     3190     1595.00 fs  T 1442.33 K  E    -234.399501 Ha
  Step     3200     1600.00 fs  T 2481.74 K  E    -234.324896 Ha
  Step     3210     1605.00 fs  T 1585.38 K  E    -234.393711 Ha
  Step     3220     1610.00 fs  T 1318.61 K  E    -234.410688 Ha
  Step     3230     1615.00 fs  T 2307.28 K  E    -234.347279 Ha
  Step     3240     1620.00 fs  T 2835.82 K  E    -234.311044 Ha
  Step     3250     1625.00 fs  T 1923.93 K  E    -234.372008 Ha
  Step     3260     1630.00 fs  T 1083.91 K  E    -234.431872 Ha
  Step     3270     1635.00 fs  T 1578.26 K  E    -234.399260 Ha
  Step     3280     1640.00 fs  T 2017.29 K  E    -234.363337 Ha
  Step     3290     1645.00 fs  T 2114.10 K  E    -234.358447 Ha
  Step     3300     1650.00 fs  T 1292.24 K  E    -234.416750 Ha
  Step     3310     1655.00 fs  T 2007.65 K  E    -234.371873 Ha
  Step     3320     1660.00 fs  T 1427.27 K  E    -234.411191 Ha
  Step     3330     1665.00 fs  T 1571.51 K  E    -234.398128 Ha
  Step     3340     1670.00 fs  T 2078.57 K  E    -234.362857 Ha
  Step     3350     1675.00 fs  T 2366.89 K  E    -234.339810 Ha
  Step     3360     1680.00 fs  T 1750.08 K  E    -234.380824 Ha
  Step     3370     1685.00 fs  T 2700.62 K  E    -234.305195 Ha
  Step     3380     1690.00 fs  T 1868.84 K  E    -234.374409 Ha
  Step     3390     1695.00 fs  T 2152.49 K  E    -234.353933 Ha
  Step     3400     1700.00 fs  T 2064.52 K  E    -234.355602 Ha
  Step     3410     1705.00 fs  T 2398.05 K  E    -234.337428 Ha
  Step     3420     1710.00 fs  T 2016.76 K  E    -234.365294 Ha
  Step     3430     1715.00 fs  T 1674.57 K  E    -234.386426 Ha
  Step     3440     1720.00 fs  T 1977.20 K  E    -234.363917 Ha
  Step     3450     1725.00 fs  T 2153.92 K  E    -234.357950 Ha
  Step     3460     1730.00 fs  T 2063.67 K  E    -234.360393 Ha
  Step     3470     1735.00 fs  T 2901.57 K  E    -234.291968 Ha
  Step     3480     1740.00 fs  T 1732.07 K  E    -234.382412 Ha
  Step     3490     1745.00 fs  T 1715.34 K  E    -234.388689 Ha
  Step     3500     1750.00 fs  T 2714.76 K  E    -234.316883 Ha
  Step     3510     1755.00 fs  T 2112.91 K  E    -234.359178 Ha
  Step     3520     1760.00 fs  T 1844.38 K  E    -234.378568 Ha
  Step     3530     1765.00 fs  T 2771.46 K  E    -234.317571 Ha
  Step     3540     1770.00 fs  T 3042.52 K  E    -234.296285 Ha
  Step     3550     1775.00 fs  T 2121.91 K  E    -234.361393 Ha
  Step     3560     1780.00 fs  T 2448.85 K  E    -234.339054 Ha
  Step     3570     1785.00 fs  T 1349.04 K  E    -234.416168 Ha
  Step     3580     1790.00 fs  T 2443.38 K  E    -234.333493 Ha
  Step     3590     1795.00 fs  T 2040.43 K  E    -234.361363 Ha
  Step     3600     1800.00 fs  T 2116.55 K  E    -234.354653 Ha
  Step     3610     1805.00 fs  T 2077.51 K  E    -234.356884 Ha
  Step     3620     1810.00 fs  T 1858.44 K  E    -234.373444 Ha
  Step     3630     1815.00 fs  T 2257.42 K  E    -234.339226 Ha
  Step     3640     1820.00 fs  T 2245.80 K  E    -234.338101 Ha
  Step     3650     1825.00 fs  T 2021.06 K  E    -234.360216 Ha
  Step     3660     1830.00 fs  T 2171.82 K  E    -234.355256 Ha
  Step     3670     1835.00 fs  T 2039.81 K  E    -234.367422 Ha
  Step     3680     1840.00 fs  T 2721.96 K  E    -234.313711 Ha
  Step     3690     1845.00 fs  T 1722.66 K  E    -234.385073 Ha
  Step     3700     1850.00 fs  T 1713.05 K  E    -234.393596 Ha
  Step     3710     1855.00 fs  T 2136.18 K  E    -234.358074 Ha
  Step     3720     1860.00 fs  T 2079.64 K  E    -234.353044 Ha
  Step     3730     1865.00 fs  T 2613.77 K  E    -234.319615 Ha
  Step     3740     1870.00 fs  T 2084.96 K  E    -234.356211 Ha
  Step     3750     1875.00 fs  T 2491.52 K  E    -234.323542 Ha
  Step     3760     1880.00 fs  T 1579.78 K  E    -234.391589 Ha
  Step     3770     1885.00 fs  T 2133.30 K  E    -234.358203 Ha
  Step     3780     1890.00 fs  T 2617.60 K  E    -234.320470 Ha
  Step     3790     1895.00 fs  T 2459.18 K  E    -234.334729 Ha
  Step     3800     1900.00 fs  T 2352.19 K  E    -234.339729 Ha
  Step     3810     1905.00 fs  T 2382.33 K  E    -234.339981 Ha
  Step     3820     1910.00 fs  T 2435.17 K  E    -234.339519 Ha
  Step     3830     1915.00 fs  T 1296.17 K  E    -234.412443 Ha
  Step     3840     1920.00 fs  T 2129.17 K  E    -234.354874 Ha
  Step     3850     1925.00 fs  T 2186.21 K  E    -234.352614 Ha
  Step     3860     1930.00 fs  T 2551.37 K  E    -234.329364 Ha
  Step     3870     1935.00 fs  T 1589.62 K  E    -234.395222 Ha
  Step     3880     1940.00 fs  T 1933.41 K  E    -234.363780 Ha
  Step     3890     1945.00 fs  T 1556.19 K  E    -234.399483 Ha
  Step     3900     1950.00 fs  T 2343.23 K  E    -234.344889 Ha
  Step     3910     1955.00 fs  T 2276.13 K  E    -234.346765 Ha
  Step     3920     1960.00 fs  T 1941.91 K  E    -234.367724 Ha
  Step     3930     1965.00 fs  T 1214.72 K  E    -234.417656 Ha
  Step     3940     1970.00 fs  T 1480.56 K  E    -234.403864 Ha
  Step     3950     1975.00 fs  T 1861.37 K  E    -234.376279 Ha
  Step     3960     1980.00 fs  T 1568.52 K  E    -234.396288 Ha
  Step     3970     1985.00 fs  T 2178.50 K  E    -234.350627 Ha
  Step     3980     1990.00 fs  T 1951.59 K  E    -234.365556 Ha
  Step     3990     1995.00 fs  T 1425.81 K  E    -234.412649 Ha
  Step     4000     2000.00 fs  T 2130.06 K  E    -234.363387 Ha
  Step     4010     2005.00 fs  T 2604.32 K  E    -234.323951 Ha
  Step     4020     2010.00 fs  T 2241.48 K  E    -234.343814 Ha
  Step     4030     2015.00 fs  T 1625.89 K  E    -234.394696 Ha
  Step     4040     2020.00 fs  T 2098.09 K  E    -234.360189 Ha
  Step     4050     2025.00 fs  T 2117.94 K  E    -234.359591 Ha
  Step     4060     2030.00 fs  T 1809.02 K  E    -234.376574 Ha
  Step     4070     2035.00 fs  T 1913.92 K  E    -234.376120 Ha
  Step     4080     2040.00 fs  T 1663.55 K  E    -234.390515 Ha
  Step     4090     2045.00 fs  T 1993.59 K  E    -234.365305 Ha
  Step     4100     2050.00 fs  T 1909.29 K  E    -234.376716 Ha
  Step     4110     2055.00 fs  T 2063.60 K  E    -234.357741 Ha
  Step     4120     2060.00 fs  T 2343.60 K  E    -234.346729 Ha
  Step     4130     2065.00 fs  T 2845.21 K  E    -234.307115 Ha
  Step     4140     2070.00 fs  T 2505.66 K  E    -234.333415 Ha
  Step     4150     2075.00 fs  T 2011.15 K  E    -234.361291 Ha
  Step     4160     2080.00 fs  T 2225.23 K  E    -234.346803 Ha
  Step     4170     2085.00 fs  T 1796.55 K  E    -234.381243 Ha
  Step     4180     2090.00 fs  T 1610.57 K  E    -234.386032 Ha
  Step     4190     2095.00 fs  T 1560.48 K  E    -234.393044 Ha
  Step     4200     2100.00 fs  T 2802.88 K  E    -234.307462 Ha
  Step     4210     2105.00 fs  T 1826.72 K  E    -234.369623 Ha
  Step     4220     2110.00 fs  T 2285.70 K  E    -234.347386 Ha
  Step     4230     2115.00 fs  T 2376.68 K  E    -234.340214 Ha
  Step     4240     2120.00 fs  T 2032.69 K  E    -234.358415 Ha
  Step     4250     2125.00 fs  T 1956.06 K  E    -234.369423 Ha
  Step     4260     2130.00 fs  T 2657.53 K  E    -234.318995 Ha
  Step     4270     2135.00 fs  T 2109.25 K  E    -234.362221 Ha
  Step     4280     2140.00 fs  T 2238.62 K  E    -234.352453 Ha
  Step     4290     2145.00 fs  T 3127.72 K  E    -234.285295 Ha
  Step     4300     2150.00 fs  T 2946.22 K  E    -234.297907 Ha
  Step     4310     2155.00 fs  T 2360.29 K  E    -234.339433 Ha
  Step     4320     2160.00 fs  T 1860.51 K  E    -234.381446 Ha
  Step     4330     2165.00 fs  T 1457.16 K  E    -234.401945 Ha
  Step     4340     2170.00 fs  T 1914.67 K  E    -234.368914 Ha
  Step     4350     2175.00 fs  T 1997.34 K  E    -234.366440 Ha
  Step     4360     2180.00 fs  T 1765.90 K  E    -234.378716 Ha
  Step     4370     2185.00 fs  T 2571.16 K  E    -234.321504 Ha
  Step     4380     2190.00 fs  T 2282.00 K  E    -234.337637 Ha
  Step     4390     2195.00 fs  T 2218.20 K  E    -234.346626 Ha
  Step     4400     2200.00 fs  T 1852.88 K  E    -234.377209 Ha
  Step     4410     2205.00 fs  T 1474.63 K  E    -234.404507 Ha
  Step     4420     2210.00 fs  T 2355.48 K  E    -234.341525 Ha
  Step     4430     2215.00 fs  T 1590.58 K  E    -234.392157 Ha
  Step     4440     2220.00 fs  T 1668.68 K  E    -234.389531 Ha
  Step     4450     2225.00 fs  T 1823.89 K  E    -234.380135 Ha
  Step     4460     2230.00 fs  T 2789.30 K  E    -234.300879 Ha
  Step     4470     2235.00 fs  T 2432.62 K  E    -234.331077 Ha
  Step     4480     2240.00 fs  T 2003.23 K  E    -234.362067 Ha
  Step     4490     2245.00 fs  T 2929.12 K  E    -234.301573 Ha
  Step     4500     2250.00 fs  T 2436.52 K  E    -234.341570 Ha
  Step     4510     2255.00 fs  T 2110.45 K  E    -234.358326 Ha
  Step     4520     2260.00 fs  T 2591.41 K  E    -234.327073 Ha
  Step     4530     2265.00 fs  T 1989.41 K  E    -234.368152 Ha
  Step     4540     2270.00 fs  T 1497.31 K  E    -234.403279 Ha
  Step     4550     2275.00 fs  T 2472.24 K  E    -234.330743 Ha
  Step     4560     2280.00 fs  T 1992.49 K  E    -234.366069 Ha
  Step     4570     2285.00 fs  T 1570.18 K  E    -234.397894 Ha
  Step     4580     2290.00 fs  T 1932.03 K  E    -234.370115 Ha
  Step     4590     2295.00 fs  T 2894.69 K  E    -234.303089 Ha
  Step     4600     2300.00 fs  T 3091.61 K  E    -234.292252 Ha
  Step     4610     2305.00 fs  T 2017.52 K  E    -234.364130 Ha
  Step     4620     2310.00 fs  T 2508.13 K  E    -234.328312 Ha
  Step     4630     2315.00 fs  T 1995.58 K  E    -234.360186 Ha
  Step     4640     2320.00 fs  T 1505.74 K  E    -234.400600 Ha
  Step     4650     2325.00 fs  T 2014.97 K  E    -234.360235 Ha
  Step     4660     2330.00 fs  T 1692.00 K  E    -234.384687 Ha
  Step     4670     2335.00 fs  T 2062.70 K  E    -234.360486 Ha
  Step     4680     2340.00 fs  T 1595.23 K  E    -234.390148 Ha
  Step     4690     2345.00 fs  T 1487.43 K  E    -234.402431 Ha
  Step     4700     2350.00 fs  T 2661.19 K  E    -234.310813 Ha
  Step     4710     2355.00 fs  T 1921.30 K  E    -234.368999 Ha
  Step     4720     2360.00 fs  T 1994.83 K  E    -234.363433 Ha
  Step     4730     2365.00 fs  T 2059.57 K  E    -234.363666 Ha
  Step     4740     2370.00 fs  T 2218.07 K  E    -234.352870 Ha
  Step     4750     2375.00 fs  T 2250.63 K  E    -234.354606 Ha
  Step     4760     2380.00 fs  T 1562.49 K  E    -234.400738 Ha
  Step     4770     2385.00 fs  T 1333.49 K  E    -234.419575 Ha
  Step     4780     2390.00 fs  T 2349.28 K  E    -234.336763 Ha
  Step     4790     2395.00 fs  T 2412.53 K  E    -234.331795 Ha
  Step     4800     2400.00 fs  T 2248.22 K  E    -234.345613 Ha
  Step     4810     2405.00 fs  T 3108.17 K  E    -234.293118 Ha
  Step     4820     2410.00 fs  T 1548.10 K  E    -234.398946 Ha
  Step     4830     2415.00 fs  T 1509.54 K  E    -234.391771 Ha
  Step     4840     2420.00 fs  T 2052.56 K  E    -234.355338 Ha
  Step     4850     2425.00 fs  T 1980.29 K  E    -234.359497 Ha
  Step     4860     2430.00 fs  T 1988.64 K  E    -234.356106 Ha
  Step     4870     2435.00 fs  T 2428.87 K  E    -234.336113 Ha
  Step     4880     2440.00 fs  T 2724.47 K  E    -234.315401 Ha
  Step     4890     2445.00 fs  T 1954.07 K  E    -234.371324 Ha
  Step     4900     2450.00 fs  T 1585.96 K  E    -234.393329 Ha
  Step     4910     2455.00 fs  T 2258.78 K  E    -234.347761 Ha
  Step     4920     2460.00 fs  T 2522.66 K  E    -234.332033 Ha
  Step     4930     2465.00 fs  T 1877.72 K  E    -234.375511 Ha
  Step     4940     2470.00 fs  T 1807.92 K  E    -234.375879 Ha
  Step     4950     2475.00 fs  T 2339.78 K  E    -234.347787 Ha
  Step     4960     2480.00 fs  T 1486.94 K  E    -234.407724 Ha
  Step     4970     2485.00 fs  T 1815.64 K  E    -234.384456 Ha
  Step     4980     2490.00 fs  T 2590.81 K  E    -234.324929 Ha
  Step     4990     2495.00 fs  T 1735.69 K  E    -234.382880 Ha
  Step     5000     2500.00 fs  T 2248.86 K  E    -234.348354 Ha
  Step     5010     2505.00 fs  T 2180.42 K  E    -234.350355 Ha
  Step     5020     2510.00 fs  T 2069.99 K  E    -234.360136 Ha
  Step     5030     2515.00 fs  T 2236.43 K  E    -234.351417 Ha
  Step     5040     2520.00 fs  T 2514.95 K  E    -234.332696 Ha
  Step     5050     2525.00 fs  T 3000.60 K  E    -234.295801 Ha
  Step     5060     2530.00 fs  T 2824.40 K  E    -234.303619 Ha
  Step     5070     2535.00 fs  T 1845.83 K  E    -234.377918 Ha
  Step     5080     2540.00 fs  T 2289.27 K  E    -234.344673 Ha
  Step     5090     2545.00 fs  T 1481.09 K  E    -234.406753 Ha
  Step     5100     2550.00 fs  T 1854.22 K  E    -234.383652 Ha
  Step     5110     2555.00 fs  T 1764.08 K  E    -234.383683 Ha
  Step     5120     2560.00 fs  T 2290.14 K  E    -234.344079 Ha
  Step     5130     2565.00 fs  T 1703.73 K  E    -234.390712 Ha
  Step     5140     2570.00 fs  T 1793.18 K  E    -234.381491 Ha
  Step     5150     2575.00 fs  T 2482.05 K  E    -234.326107 Ha
  Step     5160     2580.00 fs  T 2711.22 K  E    -234.314636 Ha
  Step     5170     2585.00 fs  T 1785.40 K  E    -234.380040 Ha
  Step     5180     2590.00 fs  T 1919.23 K  E    -234.362146 Ha
  Step     5190     2595.00 fs  T 1632.32 K  E    -234.384430 Ha
  Step     5200     2600.00 fs  T 1880.60 K  E    -234.371493 Ha
  Step     5210     2605.00 fs  T 1539.94 K  E    -234.398577 Ha
  Step     5220     2610.00 fs  T 1790.19 K  E    -234.375594 Ha
  Step     5230     2615.00 fs  T 1650.04 K  E    -234.386001 Ha
  Step     5240     2620.00 fs  T 1510.44 K  E    -234.395073 Ha
  Step     5250     2625.00 fs  T 1958.14 K  E    -234.368706 Ha
  Step     5260     2630.00 fs  T 1401.51 K  E    -234.410218 Ha
  Step     5270     2635.00 fs  T 1850.79 K  E    -234.377704 Ha
  Step     5280     2640.00 fs  T 2337.35 K  E    -234.341988 Ha
  Step     5290     2645.00 fs  T 1778.39 K  E    -234.382185 Ha
  Step     5300     2650.00 fs  T 1893.26 K  E    -234.377331 Ha
  Step     5310     2655.00 fs  T 2661.35 K  E    -234.324283 Ha
  Step     5320     2660.00 fs  T 1040.08 K  E    -234.435910 Ha
  Step     5330     2665.00 fs  T 1265.21 K  E    -234.415943 Ha
  Step     5340     2670.00 fs  T 1999.22 K  E    -234.362501 Ha
  Step     5350     2675.00 fs  T 1966.85 K  E    -234.365350 Ha
  Step     5360     2680.00 fs  T 2264.92 K  E    -234.350543 Ha
  Step     5370     2685.00 fs  T 2549.39 K  E    -234.326201 Ha
  Step     5380     2690.00 fs  T 2044.19 K  E    -234.359681 Ha
  Step     5390     2695.00 fs  T 1527.69 K  E    -234.406135 Ha
  Step     5400     2700.00 fs  T 1824.51 K  E    -234.385404 Ha
  Step     5410     2705.00 fs  T 2069.95 K  E    -234.364269 Ha
  Step     5420     2710.00 fs  T 2353.98 K  E    -234.342322 Ha
  Step     5430     2715.00 fs  T 1963.31 K  E    -234.373222 Ha
  Step     5440     2720.00 fs  T 1374.40 K  E    -234.416960 Ha
  Step     5450     2725.00 fs  T 1396.74 K  E    -234.414487 Ha
  Step     5460     2730.00 fs  T 2639.88 K  E    -234.322544 Ha
  Step     5470     2735.00 fs  T 2316.85 K  E    -234.347183 Ha
  Step     5480     2740.00 fs  T 1474.98 K  E    -234.404372 Ha
  Step     5490     2745.00 fs  T 1899.27 K  E    -234.375498 Ha
  Step     5500     2750.00 fs  T 2097.34 K  E    -234.361094 Ha
  Step     5510     2755.00 fs  T 2140.73 K  E    -234.363393 Ha
  Step     5520     2760.00 fs  T 1978.29 K  E    -234.370266 Ha
  Step     5530     2765.00 fs  T 1692.20 K  E    -234.394268 Ha
  Step     5540     2770.00 fs  T 1982.00 K  E    -234.371651 Ha
  Step     5550     2775.00 fs  T 1790.71 K  E    -234.378841 Ha
  Step     5560     2780.00 fs  T 2182.19 K  E    -234.359280 Ha
  Step     5570     2785.00 fs  T 2116.77 K  E    -234.362535 Ha
  Step     5580     2790.00 fs  T 2232.23 K  E    -234.351551 Ha
  Step     5590     2795.00 fs  T 1331.19 K  E    -234.417539 Ha
  Step     5600     2800.00 fs  T 2641.97 K  E    -234.318962 Ha
  Step     5610     2805.00 fs  T 2074.78 K  E    -234.353985 Ha
  Step     5620     2810.00 fs  T 2110.72 K  E    -234.361482 Ha
  Step     5630     2815.00 fs  T 2149.35 K  E    -234.352047 Ha
  Step     5640     2820.00 fs  T 1612.82 K  E    -234.393552 Ha
  Step     5650     2825.00 fs  T 2416.59 K  E    -234.334110 Ha
  Step     5660     2830.00 fs  T 2385.21 K  E    -234.335641 Ha
  Step     5670     2835.00 fs  T 2687.24 K  E    -234.312777 Ha
  Step     5680     2840.00 fs  T 1665.66 K  E    -234.382810 Ha
  Step     5690     2845.00 fs  T 2285.28 K  E    -234.348267 Ha
  Step     5700     2850.00 fs  T 2732.33 K  E    -234.321550 Ha
  Step     5710     2855.00 fs  T 1660.93 K  E    -234.392348 Ha
  Step     5720     2860.00 fs  T 2751.76 K  E    -234.313985 Ha
  Step     5730     2865.00 fs  T 3074.47 K  E    -234.291044 Ha
  Step     5740     2870.00 fs  T 2627.30 K  E    -234.326972 Ha
  Step     5750     2875.00 fs  T 1590.53 K  E    -234.399505 Ha
  Step     5760     2880.00 fs  T 1543.93 K  E    -234.398197 Ha
  Step     5770     2885.00 fs  T 1338.27 K  E    -234.414041 Ha
  Step     5780     2890.00 fs  T 2489.71 K  E    -234.322044 Ha
  Step     5790     2895.00 fs  T 1067.48 K  E    -234.423178 Ha
  Step     5800     2900.00 fs  T 2180.07 K  E    -234.354118 Ha
  Step     5810     2905.00 fs  T 2331.40 K  E    -234.332267 Ha
  Step     5820     2910.00 fs  T 1728.99 K  E    -234.386975 Ha
  Step     5830     2915.00 fs  T 2677.01 K  E    -234.318929 Ha
  Step     5840     2920.00 fs  T 1501.42 K  E    -234.405948 Ha
  Step     5850     2925.00 fs  T 1832.10 K  E    -234.383480 Ha
  Step     5860     2930.00 fs  T 2702.13 K  E    -234.316678 Ha
  Step     5870     2935.00 fs  T 2025.10 K  E    -234.360573 Ha
  Step     5880     2940.00 fs  T 1361.67 K  E    -234.414797 Ha
  Step     5890     2945.00 fs  T 1754.67 K  E    -234.385473 Ha
  Step     5900     2950.00 fs  T 1692.44 K  E    -234.390123 Ha
  Step     5910     2955.00 fs  T 2234.90 K  E    -234.352829 Ha
  Step     5920     2960.00 fs  T 1841.62 K  E    -234.373128 Ha
  Step     5930     2965.00 fs  T 1413.96 K  E    -234.405693 Ha
  Step     5940     2970.00 fs  T 1288.24 K  E    -234.414852 Ha
  Step     5950     2975.00 fs  T 1821.81 K  E    -234.375592 Ha
  Step     5960     2980.00 fs  T 1987.32 K  E    -234.365681 Ha
  Step     5970     2985.00 fs  T 1052.51 K  E    -234.434082 Ha
  Step     5980     2990.00 fs  T 1535.14 K  E    -234.400010 Ha
  Step     5990     2995.00 fs  T 1710.44 K  E    -234.386419 Ha
  Step     6000     3000.00 fs  T 1807.33 K  E    -234.377971 Ha
  Step     6010     3005.00 fs  T 2348.19 K  E    -234.344105 Ha
  Step     6020     3010.00 fs  T 2643.52 K  E    -234.324415 Ha
  Step     6030     3015.00 fs  T 2231.69 K  E    -234.349801 Ha
  Step     6040     3020.00 fs  T 2084.08 K  E    -234.365912 Ha
  Step     6050     3025.00 fs  T 2016.24 K  E    -234.364529 Ha
  Step     6060     3030.00 fs  T 1508.72 K  E    -234.398130 Ha
  Step     6070     3035.00 fs  T 1947.80 K  E    -234.377157 Ha
  Step     6080     3040.00 fs  T 1691.53 K  E    -234.390504 Ha
  Step     6090     3045.00 fs  T 1421.07 K  E    -234.405535 Ha
  Step     6100     3050.00 fs  T 1433.08 K  E    -234.409047 Ha
  Step     6110     3055.00 fs  T 1780.72 K  E    -234.379443 Ha
  Step     6120     3060.00 fs  T 1708.53 K  E    -234.389828 Ha
  Step     6130     3065.00 fs  T 1843.52 K  E    -234.378837 Ha
  Step     6140     3070.00 fs  T 2393.82 K  E    -234.324373 Ha
  Step     6150     3075.00 fs  T 1971.46 K  E    -234.358401 Ha
  Step     6160     3080.00 fs  T 1678.50 K  E    -234.380434 Ha
  Step     6170     3085.00 fs  T 2210.85 K  E    -234.352225 Ha
  Step     6180     3090.00 fs  T 1727.64 K  E    -234.387942 Ha
  Step     6190     3095.00 fs  T 2121.69 K  E    -234.355642 Ha
  Step     6200     3100.00 fs  T 2045.65 K  E    -234.360710 Ha
  Step     6210     3105.00 fs  T 1382.54 K  E    -234.413364 Ha
  Step     6220     3110.00 fs  T 2332.12 K  E    -234.341336 Ha
  Step     6230     3115.00 fs  T 2564.29 K  E    -234.323257 Ha
  Step     6240     3120.00 fs  T 2151.60 K  E    -234.352443 Ha
  Step     6250     3125.00 fs  T 1906.33 K  E    -234.370380 Ha
  Step     6260     3130.00 fs  T 2156.19 K  E    -234.356418 Ha
  Step     6270     3135.00 fs  T 1776.99 K  E    -234.383198 Ha
  Step     6280     3140.00 fs  T 2786.12 K  E    -234.314536 Ha
  Step     6290     3145.00 fs  T 1827.25 K  E    -234.382987 Ha
  Step     6300     3150.00 fs  T 1966.42 K  E    -234.375232 Ha
  Step     6310     3155.00 fs  T 2007.51 K  E    -234.369866 Ha
  Step     6320     3160.00 fs  T 1534.91 K  E    -234.400175 Ha
  Step     6330     3165.00 fs  T 2380.01 K  E    -234.345642 Ha
  Step     6340     3170.00 fs  T 1956.67 K  E    -234.367968 Ha
  Step     6350     3175.00 fs  T 1235.40 K  E    -234.420526 Ha
  Step     6360     3180.00 fs  T 1630.81 K  E    -234.392446 Ha
  Step     6370     3185.00 fs  T 1625.03 K  E    -234.398401 Ha
  Step     6380     3190.00 fs  T 2046.78 K  E    -234.358795 Ha
  Step     6390     3195.00 fs  T 1543.72 K  E    -234.401968 Ha
  Step     6400     3200.00 fs  T 2266.46 K  E    -234.348361 Ha
  Step     6410     3205.00 fs  T 1818.47 K  E    -234.386348 Ha
  Step     6420     3210.00 fs  T 1326.72 K  E    -234.419376 Ha
  Step     6430     3215.00 fs  T 1900.80 K  E    -234.371382 Ha
  Step     6440     3220.00 fs  T 2297.15 K  E    -234.345386 Ha
  Step     6450     3225.00 fs  T 2285.23 K  E    -234.345101 Ha
  Step     6460     3230.00 fs  T 2085.54 K  E    -234.354861 Ha
  Step     6470     3235.00 fs  T 1755.82 K  E    -234.385342 Ha
  Step     6480     3240.00 fs  T 1605.93 K  E    -234.396948 Ha
  Step     6490     3245.00 fs  T 1325.10 K  E    -234.415473 Ha
  Step     6500     3250.00 fs  T 1939.88 K  E    -234.371121 Ha
  Step     6510     3255.00 fs  T 1850.21 K  E    -234.371826 Ha
  Step     6520     3260.00 fs  T 2128.71 K  E    -234.359335 Ha
  Step     6530     3265.00 fs  T 2315.32 K  E    -234.341514 Ha
  Step     6540     3270.00 fs  T 2027.42 K  E    -234.365395 Ha
  Step     6550     3275.00 fs  T 2472.22 K  E    -234.339546 Ha
  Step     6560     3280.00 fs  T 2436.15 K  E    -234.324552 Ha
  Step     6570     3285.00 fs  T 1926.34 K  E    -234.369776 Ha
  Step     6580     3290.00 fs  T 1761.67 K  E    -234.380030 Ha
  Step     6590     3295.00 fs  T 2820.33 K  E    -234.307381 Ha
  Step     6600     3300.00 fs  T 1768.28 K  E    -234.380767 Ha
  Step     6610     3305.00 fs  T 1722.05 K  E    -234.381828 Ha
  Step     6620     3310.00 fs  T 1628.16 K  E    -234.393334 Ha
  Step     6630     3315.00 fs  T 2173.52 K  E    -234.355778 Ha
  Step     6640     3320.00 fs  T 1910.16 K  E    -234.372791 Ha
  Step     6650     3325.00 fs  T 2124.93 K  E    -234.352959 Ha
  Step     6660     3330.00 fs  T 1906.48 K  E    -234.367149 Ha
  Step     6670     3335.00 fs  T 1583.07 K  E    -234.394928 Ha
  Step     6680     3340.00 fs  T 1497.17 K  E    -234.405225 Ha
  Step     6690     3345.00 fs  T 2423.72 K  E    -234.337220 Ha
  Step     6700     3350.00 fs  T 1741.72 K  E    -234.386808 Ha
  Step     6710     3355.00 fs  T 2795.17 K  E    -234.314989 Ha
  Step     6720     3360.00 fs  T 1758.67 K  E    -234.385361 Ha
  Step     6730     3365.00 fs  T 1705.49 K  E    -234.393572 Ha
  Step     6740     3370.00 fs  T  982.46 K  E    -234.437831 Ha
  Step     6750     3375.00 fs  T 1488.76 K  E    -234.402778 Ha
  Step     6760     3380.00 fs  T 2214.28 K  E    -234.355579 Ha
  Step     6770     3385.00 fs  T 1572.02 K  E    -234.397081 Ha
  Step     6780     3390.00 fs  T 2955.81 K  E    -234.300145 Ha
  Step     6790     3395.00 fs  T 2207.22 K  E    -234.348972 Ha
  Step     6800     3400.00 fs  T 1612.39 K  E    -234.392382 Ha
  Step     6810     3405.00 fs  T 2906.35 K  E    -234.303288 Ha
  Step     6820     3410.00 fs  T 1938.34 K  E    -234.373582 Ha
  Step     6830     3415.00 fs  T 1273.69 K  E    -234.416612 Ha
  Step     6840     3420.00 fs  T 1576.16 K  E    -234.393474 Ha
  Step     6850     3425.00 fs  T 1889.63 K  E    -234.377732 Ha
  Step     6860     3430.00 fs  T 1593.35 K  E    -234.402992 Ha
  Step     6870     3435.00 fs  T 2598.82 K  E    -234.328488 Ha
  Step     6880     3440.00 fs  T 2120.55 K  E    -234.360792 Ha
  Step     6890     3445.00 fs  T 1546.05 K  E    -234.402030 Ha
  Step     6900     3450.00 fs  T 1929.00 K  E    -234.371748 Ha
  Step     6910     3455.00 fs  T 2109.14 K  E    -234.353201 Ha
  Step     6920     3460.00 fs  T 2247.40 K  E    -234.345884 Ha
  Step     6930     3465.00 fs  T 2252.50 K  E    -234.351304 Ha
  Step     6940     3470.00 fs  T 2117.27 K  E    -234.358662 Ha
  Step     6950     3475.00 fs  T 1857.10 K  E    -234.376641 Ha
  Step     6960     3480.00 fs  T 2547.18 K  E    -234.328130 Ha
  Step     6970     3485.00 fs  T 1619.28 K  E    -234.389756 Ha
  Step     6980     3490.00 fs  T 1989.11 K  E    -234.367764 Ha
  Step     6990     3495.00 fs  T 1900.81 K  E    -234.376279 Ha
  Step     7000     3500.00 fs  T 1974.20 K  E    -234.374482 Ha
  Step     7010     3505.00 fs  T 1584.24 K  E    -234.393102 Ha
  Step     7020     3510.00 fs  T 2987.88 K  E    -234.290904 Ha
  Step     7030     3515.00 fs  T 1691.52 K  E    -234.387968 Ha
  Step     7040     3520.00 fs  T 2912.59 K  E    -234.302519 Ha
  Step     7050     3525.00 fs  T 1783.06 K  E    -234.382925 Ha
  Step     7060     3530.00 fs  T 1579.69 K  E    -234.388347 Ha
  Step     7070     3535.00 fs  T 1295.20 K  E    -234.420288 Ha
  Step     7080     3540.00 fs  T 1436.61 K  E    -234.411935 Ha
  Step     7090     3545.00 fs  T 2157.09 K  E    -234.354822 Ha
  Step     7100     3550.00 fs  T 2239.26 K  E    -234.347772 Ha
  Step     7110     3555.00 fs  T 1906.31 K  E    -234.374739 Ha
  Step     7120     3560.00 fs  T 1738.30 K  E    -234.388162 Ha
  Step     7130     3565.00 fs  T 2291.00 K  E    -234.350260 Ha
  Step     7140     3570.00 fs  T 1659.34 K  E    -234.391637 Ha
  Step     7150     3575.00 fs  T 1649.05 K  E    -234.392688 Ha
  Step     7160     3580.00 fs  T 2252.94 K  E    -234.353690 Ha
  Step     7170     3585.00 fs  T 2576.81 K  E    -234.325405 Ha
  Step     7180     3590.00 fs  T 2215.32 K  E    -234.356077 Ha
  Step     7190     3595.00 fs  T 2925.79 K  E    -234.303593 Ha
  Step     7200     3600.00 fs  T 1972.82 K  E    -234.368329 Ha
  Step     7210     3605.00 fs  T 1361.52 K  E    -234.413744 Ha
  Step     7220     3610.00 fs  T 2058.62 K  E    -234.361922 Ha
  Step     7230     3615.00 fs  T 1703.04 K  E    -234.389543 Ha
  Step     7240     3620.00 fs  T 1102.34 K  E    -234.433592 Ha
  Step     7250     3625.00 fs  T 1841.64 K  E    -234.375608 Ha
  Step     7260     3630.00 fs  T 1365.29 K  E    -234.416730 Ha
  Step     7270     3635.00 fs  T 1407.20 K  E    -234.407768 Ha
  Step     7280     3640.00 fs  T 1788.13 K  E    -234.381436 Ha
  Step     7290     3645.00 fs  T 2557.42 K  E    -234.328521 Ha
  Step     7300     3650.00 fs  T 1952.99 K  E    -234.369975 Ha
  Step     7310     3655.00 fs  T 1300.51 K  E    -234.419647 Ha
  Step     7320     3660.00 fs  T 2282.38 K  E    -234.345274 Ha
  Step     7330     3665.00 fs  T 1379.37 K  E    -234.408633 Ha
  Step     7340     3670.00 fs  T 2300.04 K  E    -234.347696 Ha
  Step     7350     3675.00 fs  T 1994.52 K  E    -234.366297 Ha
  Step     7360     3680.00 fs  T 1562.57 K  E    -234.388548 Ha
  Step     7370     3685.00 fs  T 2665.49 K  E    -234.319230 Ha
  Step     7380     3690.00 fs  T 2327.26 K  E    -234.345495 Ha
  Step     7390     3695.00 fs  T 1777.66 K  E    -234.386661 Ha
  Step     7400     3700.00 fs  T 1545.00 K  E    -234.403711 Ha
  Step     7410     3705.00 fs  T 2107.71 K  E    -234.360972 Ha
  Step     7420     3710.00 fs  T 1973.53 K  E    -234.368011 Ha
  Step     7430     3715.00 fs  T 2097.80 K  E    -234.362140 Ha
  Step     7440     3720.00 fs  T 1851.13 K  E    -234.378488 Ha
  Step     7450     3725.00 fs  T 2338.86 K  E    -234.340916 Ha
  Step     7460     3730.00 fs  T 1960.61 K  E    -234.365824 Ha
  Step     7470     3735.00 fs  T 2058.31 K  E    -234.360549 Ha
  Step     7480     3740.00 fs  T 2109.43 K  E    -234.353006 Ha
  Step     7490     3745.00 fs  T 2095.97 K  E    -234.358174 Ha
  Step     7500     3750.00 fs  T 2236.97 K  E    -234.351875 Ha
  Step     7510     3755.00 fs  T 1592.38 K  E    -234.393629 Ha
  Step     7520     3760.00 fs  T 2235.08 K  E    -234.346652 Ha
  Step     7530     3765.00 fs  T 2341.79 K  E    -234.336930 Ha
  Step     7540     3770.00 fs  T 1840.53 K  E    -234.376349 Ha
  Step     7550     3775.00 fs  T 1850.65 K  E    -234.375697 Ha
  Step     7560     3780.00 fs  T 1782.64 K  E    -234.385737 Ha
  Step     7570     3785.00 fs  T 1680.58 K  E    -234.388164 Ha
  Step     7580     3790.00 fs  T 2273.96 K  E    -234.349152 Ha
  Step     7590     3795.00 fs  T 1379.16 K  E    -234.409134 Ha
  Step     7600     3800.00 fs  T 1903.70 K  E    -234.372708 Ha
  Step     7610     3805.00 fs  T 2080.45 K  E    -234.354413 Ha
  Step     7620     3810.00 fs  T 1738.87 K  E    -234.380924 Ha
  Step     7630     3815.00 fs  T 1715.55 K  E    -234.387407 Ha
  Step     7640     3820.00 fs  T 1699.76 K  E    -234.375913 Ha
  Step     7650     3825.00 fs  T 2312.74 K  E    -234.338620 Ha
  Step     7660     3830.00 fs  T 2175.73 K  E    -234.359021 Ha
  Step     7670     3835.00 fs  T 2703.10 K  E    -234.314426 Ha
  Step     7680     3840.00 fs  T 1980.88 K  E    -234.369077 Ha
  Step     7690     3845.00 fs  T 2202.76 K  E    -234.345171 Ha
  Step     7700     3850.00 fs  T 2696.03 K  E    -234.308338 Ha
  Step     7710     3855.00 fs  T 2527.77 K  E    -234.322524 Ha
  Step     7720     3860.00 fs  T 2458.25 K  E    -234.331872 Ha
  Step     7730     3865.00 fs  T 2331.51 K  E    -234.341095 Ha
  Step     7740     3870.00 fs  T 2512.35 K  E    -234.323813 Ha
  Step     7750     3875.00 fs  T 2509.38 K  E    -234.332456 Ha
  Step     7760     3880.00 fs  T 1628.01 K  E    -234.394314 Ha
  Step     7770     3885.00 fs  T 2285.18 K  E    -234.350307 Ha
  Step     7780     3890.00 fs  T 3131.29 K  E    -234.289962 Ha
  Step     7790     3895.00 fs  T 1596.69 K  E    -234.394329 Ha
  Step     7800     3900.00 fs  T 1210.71 K  E    -234.421933 Ha
  Step     7810     3905.00 fs  T 1697.75 K  E    -234.384874 Ha
  Step     7820     3910.00 fs  T 1632.88 K  E    -234.386135 Ha
  Step     7830     3915.00 fs  T 2570.87 K  E    -234.327220 Ha
  Step     7840     3920.00 fs  T 2058.42 K  E    -234.367236 Ha
  Step     7850     3925.00 fs  T 1763.95 K  E    -234.382835 Ha
  Step     7860     3930.00 fs  T 1703.68 K  E    -234.388464 Ha
  Step     7870     3935.00 fs  T 1570.69 K  E    -234.400400 Ha
  Step     7880     3940.00 fs  T 2419.35 K  E    -234.344207 Ha
  Step     7890     3945.00 fs  T 2609.78 K  E    -234.320226 Ha
  Step     7900     3950.00 fs  T 2069.39 K  E    -234.363016 Ha
  Step     7910     3955.00 fs  T 1678.68 K  E    -234.396745 Ha
  Step     7920     3960.00 fs  T 1951.44 K  E    -234.375265 Ha
  Step     7930     3965.00 fs  T 2297.68 K  E    -234.348824 Ha
  Step     7940     3970.00 fs  T 1822.41 K  E    -234.379436 Ha
  Step     7950     3975.00 fs  T 2040.33 K  E    -234.361638 Ha
  Step     7960     3980.00 fs  T 1965.88 K  E    -234.367690 Ha
  Step     7970     3985.00 fs  T 2792.16 K  E    -234.311550 Ha
  Step     7980     3990.00 fs  T 1640.63 K  E    -234.394540 Ha
  Step     7990     3995.00 fs  T 1540.78 K  E    -234.395345 Ha
  Step     8000     4000.00 fs  T 2741.75 K  E    -234.314221 Ha
  Step     8010     4005.00 fs  T 2199.15 K  E    -234.349043 Ha
  Step     8020     4010.00 fs  T 2105.12 K  E    -234.356962 Ha
  Step     8030     4015.00 fs  T 1700.50 K  E    -234.384367 Ha
  Step     8040     4020.00 fs  T 1749.93 K  E    -234.382165 Ha
  Step     8050     4025.00 fs  T 2303.20 K  E    -234.345641 Ha
  Step     8060     4030.00 fs  T 1361.44 K  E    -234.412582 Ha
  Step     8070     4035.00 fs  T 1975.00 K  E    -234.365536 Ha
  Step     8080     4040.00 fs  T 2027.57 K  E    -234.365851 Ha
  Step     8090     4045.00 fs  T 1688.48 K  E    -234.391835 Ha
  Step     8100     4050.00 fs  T 2221.70 K  E    -234.354636 Ha
  Step     8110     4055.00 fs  T 2169.05 K  E    -234.359546 Ha
  Step     8120     4060.00 fs  T 1414.81 K  E    -234.412209 Ha
  Step     8130     4065.00 fs  T 1318.14 K  E    -234.415157 Ha
  Step     8140     4070.00 fs  T 2013.41 K  E    -234.364792 Ha
  Step     8150     4075.00 fs  T 2151.68 K  E    -234.350752 Ha
  Step     8160     4080.00 fs  T 2213.37 K  E    -234.349283 Ha
  Step     8170     4085.00 fs  T 1755.53 K  E    -234.377331 Ha
  Step     8180     4090.00 fs  T 1629.06 K  E    -234.386231 Ha
  Step     8190     4095.00 fs  T 1835.27 K  E    -234.376309 Ha
  Step     8200     4100.00 fs  T 1765.50 K  E    -234.381322 Ha
  Step     8210     4105.00 fs  T 2430.17 K  E    -234.331708 Ha
  Step     8220     4110.00 fs  T 2199.65 K  E    -234.354639 Ha
  Step     8230     4115.00 fs  T 2164.86 K  E    -234.353838 Ha
  Step     8240     4120.00 fs  T 2659.21 K  E    -234.319637 Ha
  Step     8250     4125.00 fs  T 1541.98 K  E    -234.399070 Ha
  Step     8260     4130.00 fs  T 1184.41 K  E    -234.422128 Ha
  Step     8270     4135.00 fs  T 1634.62 K  E    -234.393561 Ha
  Step     8280     4140.00 fs  T 1509.73 K  E    -234.400120 Ha
  Step     8290     4145.00 fs  T 1355.87 K  E    -234.408644 Ha
  Step     8300     4150.00 fs  T 3282.90 K  E    -234.263260 Ha
  Step     8310     4155.00 fs  T 1386.87 K  E    -234.405751 Ha
  Step     8320     4160.00 fs  T 2325.17 K  E    -234.342659 Ha
  Step     8330     4165.00 fs  T 1570.86 K  E    -234.401401 Ha
  Step     8340     4170.00 fs  T 1736.44 K  E    -234.392683 Ha
  Step     8350     4175.00 fs  T 1318.50 K  E    -234.417616 Ha
  Step     8360     4180.00 fs  T 1829.12 K  E    -234.375308 Ha
  Step     8370     4185.00 fs  T 1868.69 K  E    -234.376776 Ha
  Step     8380     4190.00 fs  T 1798.98 K  E    -234.380686 Ha
  Step     8390     4195.00 fs  T 1532.64 K  E    -234.397548 Ha
  Step     8400     4200.00 fs  T 2276.89 K  E    -234.331305 Ha
  Step     8410     4205.00 fs  T 1556.16 K  E    -234.400508 Ha
  Step     8420     4210.00 fs  T 1950.12 K  E    -234.362596 Ha
  Step     8430     4215.00 fs  T 2201.56 K  E    -234.348194 Ha
  Step     8440     4220.00 fs  T 1872.96 K  E    -234.371763 Ha
  Step     8450     4225.00 fs  T 2906.42 K  E    -234.302120 Ha
  Step     8460     4230.00 fs  T 2146.76 K  E    -234.363061 Ha
  Step     8470     4235.00 fs  T 1676.70 K  E    -234.395412 Ha
  Step     8480     4240.00 fs  T 2412.98 K  E    -234.333240 Ha
  Step     8490     4245.00 fs  T 1635.33 K  E    -234.388949 Ha
  Step     8500     4250.00 fs  T 2258.04 K  E    -234.344101 Ha
  Step     8510     4255.00 fs  T 1909.88 K  E    -234.368570 Ha
  Step     8520     4260.00 fs  T 1490.88 K  E    -234.407980 Ha
  Step     8530     4265.00 fs  T 1894.68 K  E    -234.375849 Ha
  Step     8540     4270.00 fs  T 1969.54 K  E    -234.365359 Ha
  Step     8550     4275.00 fs  T 1532.94 K  E    -234.395632 Ha
  Step     8560     4280.00 fs  T 3545.70 K  E    -234.257689 Ha
  Step     8570     4285.00 fs  T 1792.95 K  E    -234.383207 Ha
  Step     8580     4290.00 fs  T 1360.01 K  E    -234.416228 Ha
  Step     8590     4295.00 fs  T 1132.29 K  E    -234.429672 Ha
  Step     8600     4300.00 fs  T 2218.63 K  E    -234.351945 Ha
  Step     8610     4305.00 fs  T 1733.84 K  E    -234.389749 Ha
  Step     8620     4310.00 fs  T 2209.24 K  E    -234.356080 Ha
  Step     8630     4315.00 fs  T 1327.41 K  E    -234.416792 Ha
  Step     8640     4320.00 fs  T 2800.45 K  E    -234.304805 Ha
  Step     8650     4325.00 fs  T 1757.52 K  E    -234.386760 Ha
  Step     8660     4330.00 fs  T 2233.59 K  E    -234.354931 Ha
  Step     8670     4335.00 fs  T 1633.37 K  E    -234.396799 Ha
  Step     8680     4340.00 fs  T 1180.55 K  E    -234.427612 Ha
  Step     8690     4345.00 fs  T 1878.85 K  E    -234.379595 Ha
  Step     8700     4350.00 fs  T 1490.59 K  E    -234.400092 Ha
  Step     8710     4355.00 fs  T 1681.74 K  E    -234.392195 Ha
  Step     8720     4360.00 fs  T 2042.61 K  E    -234.366744 Ha
  Step     8730     4365.00 fs  T 2714.92 K  E    -234.322745 Ha
  Step     8740     4370.00 fs  T 1405.25 K  E    -234.415871 Ha
  Step     8750     4375.00 fs  T 1671.10 K  E    -234.392803 Ha
  Step     8760     4380.00 fs  T 2744.32 K  E    -234.321507 Ha
  Step     8770     4385.00 fs  T 1761.30 K  E    -234.387386 Ha
  Step     8780     4390.00 fs  T 2552.04 K  E    -234.326263 Ha
  Step     8790     4395.00 fs  T 2207.92 K  E    -234.346823 Ha
  Step     8800     4400.00 fs  T 2293.15 K  E    -234.343722 Ha
  Step     8810     4405.00 fs  T 1917.97 K  E    -234.373003 Ha
  Step     8820     4410.00 fs  T 1562.65 K  E    -234.397193 Ha
  Step     8830     4415.00 fs  T 1415.06 K  E    -234.406446 Ha
  Step     8840     4420.00 fs  T 2796.98 K  E    -234.297540 Ha
  Step     8850     4425.00 fs  T 2166.12 K  E    -234.353601 Ha
  Step     8860     4430.00 fs  T 1773.92 K  E    -234.382714 Ha
  Step     8870     4435.00 fs  T 1497.24 K  E    -234.402133 Ha
  Step     8880     4440.00 fs  T 2138.92 K  E    -234.360638 Ha
  Step     8890     4445.00 fs  T 1347.11 K  E    -234.415655 Ha
  Step     8900     4450.00 fs  T 2125.97 K  E    -234.354059 Ha
  Step     8910     4455.00 fs  T 2820.50 K  E    -234.314230 Ha
  Step     8920     4460.00 fs  T 1957.20 K  E    -234.370249 Ha
  Step     8930     4465.00 fs  T 2366.72 K  E    -234.341381 Ha
  Step     8940     4470.00 fs  T 2001.03 K  E    -234.367536 Ha
  Step     8950     4475.00 fs  T 2310.89 K  E    -234.345727 Ha
  Step     8960     4480.00 fs  T 2122.53 K  E    -234.361488 Ha
  Step     8970     4485.00 fs  T 1588.17 K  E    -234.392596 Ha
  Step     8980     4490.00 fs  T 1684.80 K  E    -234.381130 Ha
  Step     8990     4495.00 fs  T 1707.38 K  E    -234.391841 Ha
  Step     9000     4500.00 fs  T 1801.33 K  E    -234.377885 Ha
  Step     9010     4505.00 fs  T 2630.57 K  E    -234.325254 Ha
  Step     9020     4510.00 fs  T 1674.77 K  E    -234.384767 Ha
  Step     9030     4515.00 fs  T 1374.01 K  E    -234.410174 Ha
  Step     9040     4520.00 fs  T 1805.42 K  E    -234.383535 Ha
  Step     9050     4525.00 fs  T 2601.19 K  E    -234.328266 Ha
  Step     9060     4530.00 fs  T 2498.28 K  E    -234.329847 Ha
  Step     9070     4535.00 fs  T 2095.60 K  E    -234.365047 Ha
  Step     9080     4540.00 fs  T 2291.24 K  E    -234.347205 Ha
  Step     9090     4545.00 fs  T 2248.04 K  E    -234.351678 Ha
  Step     9100     4550.00 fs  T 2098.51 K  E    -234.364355 Ha
  Step     9110     4555.00 fs  T 2529.26 K  E    -234.329015 Ha
  Step     9120     4560.00 fs  T 1307.32 K  E    -234.418982 Ha
  Step     9130     4565.00 fs  T 2156.94 K  E    -234.356619 Ha
  Step     9140     4570.00 fs  T 1591.37 K  E    -234.396327 Ha
  Step     9150     4575.00 fs  T 2159.23 K  E    -234.355613 Ha
  Step     9160     4580.00 fs  T 2289.75 K  E    -234.341406 Ha
  Step     9170     4585.00 fs  T 2479.32 K  E    -234.337161 Ha
  Step     9180     4590.00 fs  T 2127.66 K  E    -234.361817 Ha
  Step     9190     4595.00 fs  T 1524.00 K  E    -234.398326 Ha
  Step     9200     4600.00 fs  T 1526.01 K  E    -234.402685 Ha
  Step     9210     4605.00 fs  T 2207.11 K  E    -234.356346 Ha
  Step     9220     4610.00 fs  T 2564.86 K  E    -234.327344 Ha
  Step     9230     4615.00 fs  T 1374.05 K  E    -234.410215 Ha
  Step     9240     4620.00 fs  T 1640.31 K  E    -234.390640 Ha
  Step     9250     4625.00 fs  T 1929.29 K  E    -234.366268 Ha
  Step     9260     4630.00 fs  T 2198.25 K  E    -234.352368 Ha
  Step     9270     4635.00 fs  T 1780.58 K  E    -234.377361 Ha
  Step     9280     4640.00 fs  T 1716.24 K  E    -234.384447 Ha
  Step     9290     4645.00 fs  T 1990.11 K  E    -234.360829 Ha
  Step     9300     4650.00 fs  T 1446.03 K  E    -234.399272 Ha
  Step     9310     4655.00 fs  T 1592.66 K  E    -234.394439 Ha
  Step     9320     4660.00 fs  T 1752.24 K  E    -234.388578 Ha
  Step     9330     4665.00 fs  T 2670.26 K  E    -234.320087 Ha
  Step     9340     4670.00 fs  T 2131.45 K  E    -234.361332 Ha
  Step     9350     4675.00 fs  T 2468.91 K  E    -234.327229 Ha
  Step     9360     4680.00 fs  T 2104.24 K  E    -234.358189 Ha
  Step     9370     4685.00 fs  T 2233.07 K  E    -234.354357 Ha
  Step     9380     4690.00 fs  T 1535.42 K  E    -234.400400 Ha
  Step     9390     4695.00 fs  T 1676.27 K  E    -234.385141 Ha
  Step     9400     4700.00 fs  T 1875.46 K  E    -234.375886 Ha
  Step     9410     4705.00 fs  T 1049.92 K  E    -234.439273 Ha
  Step     9420     4710.00 fs  T 2276.21 K  E    -234.349775 Ha
  Step     9430     4715.00 fs  T 1522.93 K  E    -234.404630 Ha
  Step     9440     4720.00 fs  T 1954.91 K  E    -234.370639 Ha
  Step     9450     4725.00 fs  T 2117.59 K  E    -234.361100 Ha
  Step     9460     4730.00 fs  T 2061.41 K  E    -234.366141 Ha
  Step     9470     4735.00 fs  T 2533.19 K  E    -234.332777 Ha
  Step     9480     4740.00 fs  T 1837.80 K  E    -234.379627 Ha
  Step     9490     4745.00 fs  T 1846.72 K  E    -234.377092 Ha
  Step     9500     4750.00 fs  T 1862.05 K  E    -234.376468 Ha
  Step     9510     4755.00 fs  T 1771.15 K  E    -234.381637 Ha
  Step     9520     4760.00 fs  T 1601.01 K  E    -234.399171 Ha
  Step     9530     4765.00 fs  T 1769.97 K  E    -234.384852 Ha
  Step     9540     4770.00 fs  T 2139.56 K  E    -234.360207 Ha
  Step     9550     4775.00 fs  T 2193.19 K  E    -234.359575 Ha
  Step     9560     4780.00 fs  T 1854.14 K  E    -234.380435 Ha
  Step     9570     4785.00 fs  T 1839.75 K  E    -234.383941 Ha
  Step     9580     4790.00 fs  T 1744.60 K  E    -234.383554 Ha
  Step     9590     4795.00 fs  T 2782.82 K  E    -234.312009 Ha
  Step     9600     4800.00 fs  T 2185.13 K  E    -234.360199 Ha
  Step     9610     4805.00 fs  T 1873.64 K  E    -234.378169 Ha
  Step     9620     4810.00 fs  T 1741.51 K  E    -234.389650 Ha
  Step     9630     4815.00 fs  T 1216.06 K  E    -234.422003 Ha
  Step     9640     4820.00 fs  T 1679.95 K  E    -234.388354 Ha
  Step     9650     4825.00 fs  T 1495.96 K  E    -234.402393 Ha
  Step     9660     4830.00 fs  T 2211.12 K  E    -234.354813 Ha
  Step     9670     4835.00 fs  T 2604.97 K  E    -234.324734 Ha
  Step     9680     4840.00 fs  T 1679.23 K  E    -234.394017 Ha
  Step     9690     4845.00 fs  T 2117.59 K  E    -234.359504 Ha
  Step     9700     4850.00 fs  T 2645.46 K  E    -234.325394 Ha
  Step     9710     4855.00 fs  T 1995.40 K  E    -234.369613 Ha
  Step     9720     4860.00 fs  T 1786.87 K  E    -234.378305 Ha
  Step     9730     4865.00 fs  T 1969.66 K  E    -234.372002 Ha
  Step     9740     4870.00 fs  T 1909.53 K  E    -234.369376 Ha
  Step     9750     4875.00 fs  T 1646.08 K  E    -234.389750 Ha
  Step     9760     4880.00 fs  T 1692.45 K  E    -234.384790 Ha
  Step     9770     4885.00 fs  T 2194.19 K  E    -234.349778 Ha
  Step     9780     4890.00 fs  T 2170.85 K  E    -234.355486 Ha
  Step     9790     4895.00 fs  T 2436.39 K  E    -234.343020 Ha
  Step     9800     4900.00 fs  T 1933.52 K  E    -234.376061 Ha
  Step     9810     4905.00 fs  T 1409.78 K  E    -234.406491 Ha
  Step     9820     4910.00 fs  T 1835.39 K  E    -234.377316 Ha
  Step     9830     4915.00 fs  T 1800.97 K  E    -234.382476 Ha
  Step     9840     4920.00 fs  T 1761.27 K  E    -234.389342 Ha
  Step     9850     4925.00 fs  T 2449.03 K  E    -234.338342 Ha
  Step     9860     4930.00 fs  T 2668.27 K  E    -234.319154 Ha
  Step     9870     4935.00 fs  T 2471.67 K  E    -234.340056 Ha
  Step     9880     4940.00 fs  T 2099.72 K  E    -234.368902 Ha
  Step     9890     4945.00 fs  T 1715.76 K  E    -234.390023 Ha
  Step     9900     4950.00 fs  T 1874.32 K  E    -234.376526 Ha
  Step     9910     4955.00 fs  T 1583.77 K  E    -234.395576 Ha
  Step     9920     4960.00 fs  T 3135.03 K  E    -234.285599 Ha
  Step     9930     4965.00 fs  T 2292.90 K  E    -234.351249 Ha
  Step     9940     4970.00 fs  T 2170.00 K  E    -234.358337 Ha
  Step     9950     4975.00 fs  T 1737.27 K  E    -234.390975 Ha
  Step     9960     4980.00 fs  T 2970.99 K  E    -234.297088 Ha
  Step     9970     4985.00 fs  T 2205.26 K  E    -234.344465 Ha
  Step     9980     4990.00 fs  T 1719.26 K  E    -234.383334 Ha
  Step     9990     4995.00 fs  T 2051.32 K  E    -234.368120 Ha
  Step    10000     5000.00 fs  T 2378.70 K  E    -234.335783 Ha
  Step    10010     5005.00 fs  T 1982.31 K  E    -234.370547 Ha
  Step    10020     5010.00 fs  T 1875.34 K  E    -234.383616 Ha
  Step    10030     5015.00 fs  T 1475.80 K  E    -234.409615 Ha
  Step    10040     5020.00 fs  T 1707.42 K  E    -234.392293 Ha
  Step    10050     5025.00 fs  T 2079.21 K  E    -234.360650 Ha
  Step    10060     5030.00 fs  T 1976.67 K  E    -234.373540 Ha
  Step    10070     5035.00 fs  T 1692.81 K  E    -234.392607 Ha
  Step    10080     5040.00 fs  T 2211.90 K  E    -234.357406 Ha
  Step    10090     5045.00 fs  T 2470.62 K  E    -234.331598 Ha
  Step    10100     5050.00 fs  T 1459.72 K  E    -234.409796 Ha
  Step    10110     5055.00 fs  T 1502.04 K  E    -234.405260 Ha
  Step    10120     5060.00 fs  T 2010.61 K  E    -234.366535 Ha
  Step    10130     5065.00 fs  T 2310.88 K  E    -234.339034 Ha
  Step    10140     5070.00 fs  T 2002.07 K  E    -234.369955 Ha
  Step    10150     5075.00 fs  T 2140.28 K  E    -234.359324 Ha
  Step    10160     5080.00 fs  T 2383.73 K  E    -234.340236 Ha
  Step    10170     5085.00 fs  T 1788.66 K  E    -234.383632 Ha
  Step    10180     5090.00 fs  T 1509.09 K  E    -234.404040 Ha
  Step    10190     5095.00 fs  T 1911.54 K  E    -234.378539 Ha
  Step    10200     5100.00 fs  T 2267.88 K  E    -234.352028 Ha
  Step    10210     5105.00 fs  T 2281.61 K  E    -234.349795 Ha
  Step    10220     5110.00 fs  T 1822.33 K  E    -234.385806 Ha
  Step    10230     5115.00 fs  T 1910.54 K  E    -234.372316 Ha
  Step    10240     5120.00 fs  T 2084.16 K  E    -234.364839 Ha
  Step    10250     5125.00 fs  T 2581.44 K  E    -234.322914 Ha
  Step    10260     5130.00 fs  T 2110.14 K  E    -234.361221 Ha
  Step    10270     5135.00 fs  T 2114.31 K  E    -234.363036 Ha
  Step    10280     5140.00 fs  T 1882.82 K  E    -234.373375 Ha
  Step    10290     5145.00 fs  T 1302.21 K  E    -234.420667 Ha
  Step    10300     5150.00 fs  T 2467.19 K  E    -234.327136 Ha
  Step    10310     5155.00 fs  T 2501.33 K  E    -234.331027 Ha
  Step    10320     5160.00 fs  T 2327.79 K  E    -234.336100 Ha
  Step    10330     5165.00 fs  T 2201.09 K  E    -234.353990 Ha
  Step    10340     5170.00 fs  T 1798.48 K  E    -234.387750 Ha
  Step    10350     5175.00 fs  T 2264.53 K  E    -234.353862 Ha
  Step    10360     5180.00 fs  T 1838.42 K  E    -234.382493 Ha
  Step    10370     5185.00 fs  T 1704.19 K  E    -234.386551 Ha
  Step    10380     5190.00 fs  T 2138.84 K  E    -234.355853 Ha
  Step    10390     5195.00 fs  T 1656.10 K  E    -234.390272 Ha
  Step    10400     5200.00 fs  T 1468.53 K  E    -234.400024 Ha
  Step    10410     5205.00 fs  T 2255.22 K  E    -234.346278 Ha
  Step    10420     5210.00 fs  T 2247.91 K  E    -234.348773 Ha
  Step    10430     5215.00 fs  T 2119.27 K  E    -234.364086 Ha
  Step    10440     5220.00 fs  T 1906.99 K  E    -234.375170 Ha
  Step    10450     5225.00 fs  T 1875.36 K  E    -234.373750 Ha
  Step    10460     5230.00 fs  T 3206.49 K  E    -234.272395 Ha
  Step    10470     5235.00 fs  T 1419.97 K  E    -234.406845 Ha
  Step    10480     5240.00 fs  T 2195.09 K  E    -234.349881 Ha
  Step    10490     5245.00 fs  T 2262.54 K  E    -234.344597 Ha
  Step    10500     5250.00 fs  T 3122.20 K  E    -234.287116 Ha
  Step    10510     5255.00 fs  T 1400.21 K  E    -234.409964 Ha
  Step    10520     5260.00 fs  T 2555.61 K  E    -234.331150 Ha
  Step    10530     5265.00 fs  T 1852.42 K  E    -234.379883 Ha
  Step    10540     5270.00 fs  T 2226.18 K  E    -234.351811 Ha
  Step    10550     5275.00 fs  T 1930.63 K  E    -234.375460 Ha
  Step    10560     5280.00 fs  T 2098.55 K  E    -234.363720 Ha
  Step    10570     5285.00 fs  T 1910.00 K  E    -234.376529 Ha
  Step    10580     5290.00 fs  T 2492.23 K  E    -234.335902 Ha
  Step    10590     5295.00 fs  T 1476.45 K  E    -234.395300 Ha
  Step    10600     5300.00 fs  T 1246.09 K  E    -234.409906 Ha
  Step    10610     5305.00 fs  T 1187.26 K  E    -234.427461 Ha
  Step    10620     5310.00 fs  T 2569.27 K  E    -234.322457 Ha
  Step    10630     5315.00 fs  T 1999.88 K  E    -234.362373 Ha
  Step    10640     5320.00 fs  T 1656.98 K  E    -234.382547 Ha
  Step    10650     5325.00 fs  T 2096.66 K  E    -234.366548 Ha
  Step    10660     5330.00 fs  T 1954.40 K  E    -234.372282 Ha
  Step    10670     5335.00 fs  T 1772.88 K  E    -234.384083 Ha
  Step    10680     5340.00 fs  T 2235.25 K  E    -234.351173 Ha
  Step    10690     5345.00 fs  T 1581.19 K  E    -234.397648 Ha
  Step    10700     5350.00 fs  T 2309.10 K  E    -234.347968 Ha
  Step    10710     5355.00 fs  T 2745.70 K  E    -234.311661 Ha
  Step    10720     5360.00 fs  T 1833.70 K  E    -234.376673 Ha
  Step    10730     5365.00 fs  T 1563.44 K  E    -234.394240 Ha
  Step    10740     5370.00 fs  T 1937.19 K  E    -234.374170 Ha
  Step    10750     5375.00 fs  T 1239.89 K  E    -234.419825 Ha
  Step    10760     5380.00 fs  T 1861.55 K  E    -234.377905 Ha
  Step    10770     5385.00 fs  T 1935.91 K  E    -234.374118 Ha
  Step    10780     5390.00 fs  T 2745.57 K  E    -234.314516 Ha
  Step    10790     5395.00 fs  T 1952.77 K  E    -234.363963 Ha
  Step    10800     5400.00 fs  T 3011.12 K  E    -234.293115 Ha
  Step    10810     5405.00 fs  T 1258.54 K  E    -234.421552 Ha
  Step    10820     5410.00 fs  T 1668.73 K  E    -234.396470 Ha
  Step    10830     5415.00 fs  T 2739.82 K  E    -234.312424 Ha
  Step    10840     5420.00 fs  T 1787.62 K  E    -234.388229 Ha
  Step    10850     5425.00 fs  T 1960.91 K  E    -234.371257 Ha
  Step    10860     5430.00 fs  T 2013.74 K  E    -234.372231 Ha
  Step    10870     5435.00 fs  T 1783.22 K  E    -234.382978 Ha
  Step    10880     5440.00 fs  T 1708.51 K  E    -234.391911 Ha
  Step    10890     5445.00 fs  T 1764.32 K  E    -234.377923 Ha
  Step    10900     5450.00 fs  T 1885.47 K  E    -234.375163 Ha
  Step    10910     5455.00 fs  T 2014.41 K  E    -234.369663 Ha
  Step    10920     5460.00 fs  T 2224.18 K  E    -234.357112 Ha
  Step    10930     5465.00 fs  T 2227.95 K  E    -234.356353 Ha
  Step    10940     5470.00 fs  T 2411.26 K  E    -234.341678 Ha
  Step    10950     5475.00 fs  T 2710.24 K  E    -234.316600 Ha
  Step    10960     5480.00 fs  T 2006.83 K  E    -234.368040 Ha
  Step    10970     5485.00 fs  T 1600.68 K  E    -234.399250 Ha
  Step    10980     5490.00 fs  T 1620.70 K  E    -234.398239 Ha
  Step    10990     5495.00 fs  T 2707.77 K  E    -234.316118 Ha
  Step    11000     5500.00 fs  T 2004.04 K  E    -234.370191 Ha
  Step    11010     5505.00 fs  T 1863.39 K  E    -234.372473 Ha
  Step    11020     5510.00 fs  T 2589.08 K  E    -234.330196 Ha
  Step    11030     5515.00 fs  T 1725.32 K  E    -234.381797 Ha
  Step    11040     5520.00 fs  T 2058.80 K  E    -234.364758 Ha
  Step    11050     5525.00 fs  T 2295.22 K  E    -234.351159 Ha
  Step    11060     5530.00 fs  T 2988.39 K  E    -234.299766 Ha
  Step    11070     5535.00 fs  T 2092.96 K  E    -234.360008 Ha
  Step    11080     5540.00 fs  T 2097.83 K  E    -234.356539 Ha
  Step    11090     5545.00 fs  T 1917.39 K  E    -234.367451 Ha
  Step    11100     5550.00 fs  T 1960.96 K  E    -234.371931 Ha
  Step    11110     5555.00 fs  T 2868.61 K  E    -234.307363 Ha
  Step    11120     5560.00 fs  T 1952.35 K  E    -234.371477 Ha
  Step    11130     5565.00 fs  T 1711.13 K  E    -234.394137 Ha
  Step    11140     5570.00 fs  T 1753.62 K  E    -234.389521 Ha
  Step    11150     5575.00 fs  T 1519.48 K  E    -234.406360 Ha
  Step    11160     5580.00 fs  T 2552.51 K  E    -234.331668 Ha
  Step    11170     5585.00 fs  T 2454.77 K  E    -234.340528 Ha
  Step    11180     5590.00 fs  T 1477.25 K  E    -234.410060 Ha
  Step    11190     5595.00 fs  T 2518.69 K  E    -234.333623 Ha
  Step    11200     5600.00 fs  T 1531.68 K  E    -234.403465 Ha
  Step    11210     5605.00 fs  T 2570.22 K  E    -234.326625 Ha
  Step    11220     5610.00 fs  T 2370.66 K  E    -234.340174 Ha
  Step    11230     5615.00 fs  T 2747.15 K  E    -234.316441 Ha
  Step    11240     5620.00 fs  T 2115.65 K  E    -234.364682 Ha
  Step    11250     5625.00 fs  T 1973.43 K  E    -234.371294 Ha
  Step    11260     5630.00 fs  T 1879.97 K  E    -234.383205 Ha
  Step    11270     5635.00 fs  T 2707.54 K  E    -234.319398 Ha
  Step    11280     5640.00 fs  T 1790.34 K  E    -234.386472 Ha
  Step    11290     5645.00 fs  T 1090.90 K  E    -234.436937 Ha
  Step    11300     5650.00 fs  T 2134.96 K  E    -234.367117 Ha
  Step    11310     5655.00 fs  T 2021.45 K  E    -234.366397 Ha
  Step    11320     5660.00 fs  T 1557.18 K  E    -234.401550 Ha
  Step    11330     5665.00 fs  T 2051.18 K  E    -234.370133 Ha
  Step    11340     5670.00 fs  T 1734.22 K  E    -234.392142 Ha
  Step    11350     5675.00 fs  T 2685.11 K  E    -234.323188 Ha
  Step    11360     5680.00 fs  T 2316.67 K  E    -234.347036 Ha
  Step    11370     5685.00 fs  T 2425.91 K  E    -234.341831 Ha
  Step    11380     5690.00 fs  T 2383.71 K  E    -234.338230 Ha
  Step    11390     5695.00 fs  T 1996.95 K  E    -234.362670 Ha
  Step    11400     5700.00 fs  T 1759.05 K  E    -234.383217 Ha
  Step    11410     5705.00 fs  T 1385.54 K  E    -234.410436 Ha
  Step    11420     5710.00 fs  T 2049.79 K  E    -234.369921 Ha
  Step    11430     5715.00 fs  T 1912.22 K  E    -234.378643 Ha
  Step    11440     5720.00 fs  T 2162.61 K  E    -234.356233 Ha
  Step    11450     5725.00 fs  T 2542.69 K  E    -234.327155 Ha
  Step    11460     5730.00 fs  T 1875.53 K  E    -234.377645 Ha
  Step    11470     5735.00 fs  T 2022.97 K  E    -234.370328 Ha
  Step    11480     5740.00 fs  T 2698.21 K  E    -234.317497 Ha
  Step    11490     5745.00 fs  T 2731.89 K  E    -234.316441 Ha
  Step    11500     5750.00 fs  T 2279.79 K  E    -234.346487 Ha
  Step    11510     5755.00 fs  T 1406.03 K  E    -234.411931 Ha
  Step    11520     5760.00 fs  T 2029.01 K  E    -234.369897 Ha
  Step    11530     5765.00 fs  T 1608.50 K  E    -234.397194 Ha
  Step    11540     5770.00 fs  T 1259.78 K  E    -234.424276 Ha
  Step    11550     5775.00 fs  T 1693.74 K  E    -234.393462 Ha
  Step    11560     5780.00 fs  T 2314.84 K  E    -234.348363 Ha
  Step    11570     5785.00 fs  T 2035.36 K  E    -234.371722 Ha
  Step    11580     5790.00 fs  T 2226.89 K  E    -234.348670 Ha
  Step    11590     5795.00 fs  T 2378.55 K  E    -234.342142 Ha
  Step    11600     5800.00 fs  T 2114.55 K  E    -234.355442 Ha
  Step    11610     5805.00 fs  T 1956.00 K  E    -234.366994 Ha
  Step    11620     5810.00 fs  T 2857.02 K  E    -234.305649 Ha
  Step    11630     5815.00 fs  T 2935.05 K  E    -234.302813 Ha
  Step    11640     5820.00 fs  T 2235.23 K  E    -234.348173 Ha
  Step    11650     5825.00 fs  T 2373.77 K  E    -234.344314 Ha
  Step    11660     5830.00 fs  T 2158.88 K  E    -234.357843 Ha
  Step    11670     5835.00 fs  T 1272.21 K  E    -234.420826 Ha
  Step    11680     5840.00 fs  T 1448.95 K  E    -234.405718 Ha
  Step    11690     5845.00 fs  T 2523.70 K  E    -234.329764 Ha
  Step    11700     5850.00 fs  T 2737.98 K  E    -234.318713 Ha
  Step    11710     5855.00 fs  T 2090.86 K  E    -234.354640 Ha
  Step    11720     5860.00 fs  T 2363.53 K  E    -234.333704 Ha
  Step    11730     5865.00 fs  T 1853.14 K  E    -234.376066 Ha
  Step    11740     5870.00 fs  T 2277.29 K  E    -234.338513 Ha
  Step    11750     5875.00 fs  T 1893.41 K  E    -234.370615 Ha
  Step    11760     5880.00 fs  T 1903.00 K  E    -234.369159 Ha
  Step    11770     5885.00 fs  T 2212.53 K  E    -234.351683 Ha
  Step    11780     5890.00 fs  T 2024.49 K  E    -234.366747 Ha
  Step    11790     5895.00 fs  T 1898.40 K  E    -234.375586 Ha
  Step    11800     5900.00 fs  T 2751.77 K  E    -234.313017 Ha
  Step    11810     5905.00 fs  T 2065.14 K  E    -234.359568 Ha
  Step    11820     5910.00 fs  T 3346.16 K  E    -234.267671 Ha
  Step    11830     5915.00 fs  T 1859.99 K  E    -234.378612 Ha
  Step    11840     5920.00 fs  T 2833.79 K  E    -234.313586 Ha
  Step    11850     5925.00 fs  T 1446.56 K  E    -234.410675 Ha
  Step    11860     5930.00 fs  T 2485.42 K  E    -234.330313 Ha
  Step    11870     5935.00 fs  T 2414.33 K  E    -234.333697 Ha
  Step    11880     5940.00 fs  T 1815.62 K  E    -234.380284 Ha
  Step    11890     5945.00 fs  T 2143.27 K  E    -234.362594 Ha
  Step    11900     5950.00 fs  T 2040.30 K  E    -234.367103 Ha
  Step    11910     5955.00 fs  T 2142.83 K  E    -234.358440 Ha
  Step    11920     5960.00 fs  T 2908.87 K  E    -234.306484 Ha
  Step    11930     5965.00 fs  T 1745.20 K  E    -234.387412 Ha
  Step    11940     5970.00 fs  T 2276.10 K  E    -234.346146 Ha
  Step    11950     5975.00 fs  T 2213.41 K  E    -234.353930 Ha
  Step    11960     5980.00 fs  T 1735.83 K  E    -234.385840 Ha
  Step    11970     5985.00 fs  T 2469.62 K  E    -234.330145 Ha
  Step    11980     5990.00 fs  T 1588.32 K  E    -234.391072 Ha
  Step    11990     5995.00 fs  T 2616.72 K  E    -234.317127 Ha
  Step    12000     6000.00 fs  T 2363.39 K  E    -234.335730 Ha
  Step    12010     6005.00 fs  T 1892.39 K  E    -234.371091 Ha
  Step    12020     6010.00 fs  T 2290.86 K  E    -234.344939 Ha
  Step    12030     6015.00 fs  T 1416.08 K  E    -234.400972 Ha
  Step    12040     6020.00 fs  T 2579.98 K  E    -234.323350 Ha
  Step    12050     6025.00 fs  T 1955.44 K  E    -234.359423 Ha
  Step    12060     6030.00 fs  T 2161.18 K  E    -234.351483 Ha
  Step    12070     6035.00 fs  T 2113.48 K  E    -234.359092 Ha
  Step    12080     6040.00 fs  T 1823.92 K  E    -234.377654 Ha
  Step    12090     6045.00 fs  T 1402.77 K  E    -234.414171 Ha
  Step    12100     6050.00 fs  T 2089.55 K  E    -234.360374 Ha
  Step    12110     6055.00 fs  T 1889.60 K  E    -234.376678 Ha
  Step    12120     6060.00 fs  T 2006.70 K  E    -234.368756 Ha
  Step    12130     6065.00 fs  T 2353.29 K  E    -234.345359 Ha
  Step    12140     6070.00 fs  T 1320.44 K  E    -234.414033 Ha
  Step    12150     6075.00 fs  T 1253.83 K  E    -234.421171 Ha
  Step    12160     6080.00 fs  T 3434.83 K  E    -234.272508 Ha
  Step    12170     6085.00 fs  T 2234.21 K  E    -234.353833 Ha
  Step    12180     6090.00 fs  T 2614.77 K  E    -234.317553 Ha
  Step    12190     6095.00 fs  T 2404.57 K  E    -234.337115 Ha
  Step    12200     6100.00 fs  T 1885.21 K  E    -234.373794 Ha
  Step    12210     6105.00 fs  T 2500.12 K  E    -234.338579 Ha
  Step    12220     6110.00 fs  T 2034.67 K  E    -234.367969 Ha
  Step    12230     6115.00 fs  T 2154.66 K  E    -234.362784 Ha
  Step    12240     6120.00 fs  T 1809.53 K  E    -234.385517 Ha
  Step    12250     6125.00 fs  T 1726.46 K  E    -234.395840 Ha
  Step    12260     6130.00 fs  T 2183.43 K  E    -234.361507 Ha
  Step    12270     6135.00 fs  T 1777.91 K  E    -234.384733 Ha
  Step    12280     6140.00 fs  T 1606.25 K  E    -234.387377 Ha
  Step    12290     6145.00 fs  T 2635.55 K  E    -234.320640 Ha
  Step    12300     6150.00 fs  T 2291.92 K  E    -234.337679 Ha
  Step    12310     6155.00 fs  T 2115.68 K  E    -234.358389 Ha
  Step    12320     6160.00 fs  T 1436.74 K  E    -234.406483 Ha
  Step    12330     6165.00 fs  T 1248.19 K  E    -234.426526 Ha
  Step    12340     6170.00 fs  T 2210.34 K  E    -234.352699 Ha
  Step    12350     6175.00 fs  T 2137.33 K  E    -234.359624 Ha
  Step    12360     6180.00 fs  T 2036.94 K  E    -234.361423 Ha
  Step    12370     6185.00 fs  T 2047.07 K  E    -234.367573 Ha
  Step    12380     6190.00 fs  T 2619.96 K  E    -234.327454 Ha
  Step    12390     6195.00 fs  T 1501.05 K  E    -234.400827 Ha
  Step    12400     6200.00 fs  T 2743.63 K  E    -234.318384 Ha
  Step    12410     6205.00 fs  T 2088.81 K  E    -234.362132 Ha
  Step    12420     6210.00 fs  T 2002.38 K  E    -234.369819 Ha
  Step    12430     6215.00 fs  T 1764.74 K  E    -234.379571 Ha
  Step    12440     6220.00 fs  T 2586.84 K  E    -234.320574 Ha
  Step    12450     6225.00 fs  T 1978.78 K  E    -234.366768 Ha
  Step    12460     6230.00 fs  T 2076.69 K  E    -234.365809 Ha
  Step    12470     6235.00 fs  T 1390.65 K  E    -234.411744 Ha
  Step    12480     6240.00 fs  T 2148.23 K  E    -234.356396 Ha
  Step    12490     6245.00 fs  T 1555.74 K  E    -234.397942 Ha
  Step    12500     6250.00 fs  T 1972.81 K  E    -234.363833 Ha
  Step    12510     6255.00 fs  T 1678.50 K  E    -234.389275 Ha
  Step    12520     6260.00 fs  T 1827.08 K  E    -234.376552 Ha
  Step    12530     6265.00 fs  T 1896.10 K  E    -234.377886 Ha
  Step    12540     6270.00 fs  T 2336.11 K  E    -234.344221 Ha
  Step    12550     6275.00 fs  T 2546.00 K  E    -234.326683 Ha
  Step    12560     6280.00 fs  T 1848.99 K  E    -234.378218 Ha
  Step    12570     6285.00 fs  T 2120.29 K  E    -234.358820 Ha
  Step    12580     6290.00 fs  T 1998.53 K  E    -234.370378 Ha
  Step    12590     6295.00 fs  T 1502.35 K  E    -234.400211 Ha
  Step    12600     6300.00 fs  T 1901.50 K  E    -234.378022 Ha
  Step    12610     6305.00 fs  T 2295.97 K  E    -234.348222 Ha
  Step    12620     6310.00 fs  T 2283.05 K  E    -234.348645 Ha
  Step    12630     6315.00 fs  T 2203.96 K  E    -234.358761 Ha
  Step    12640     6320.00 fs  T 1240.50 K  E    -234.424543 Ha
  Step    12650     6325.00 fs  T 2064.27 K  E    -234.363326 Ha
  Step    12660     6330.00 fs  T 1328.18 K  E    -234.414166 Ha
  Step    12670     6335.00 fs  T 1473.99 K  E    -234.402873 Ha
  Step    12680     6340.00 fs  T 1962.47 K  E    -234.361726 Ha
  Step    12690     6345.00 fs  T 1952.27 K  E    -234.370771 Ha
  Step    12700     6350.00 fs  T 2178.77 K  E    -234.355499 Ha
  Step    12710     6355.00 fs  T 1752.86 K  E    -234.389116 Ha
  Step    12720     6360.00 fs  T 2248.30 K  E    -234.350592 Ha
  Step    12730     6365.00 fs  T 2478.02 K  E    -234.333590 Ha
  Step    12740     6370.00 fs  T 2712.91 K  E    -234.316112 Ha
  Step    12750     6375.00 fs  T 1892.84 K  E    -234.375210 Ha
  Step    12760     6380.00 fs  T 1781.62 K  E    -234.383003 Ha
  Step    12770     6385.00 fs  T 2274.30 K  E    -234.349047 Ha
  Step    12780     6390.00 fs  T 2372.62 K  E    -234.343450 Ha
  Step    12790     6395.00 fs  T 3006.21 K  E    -234.296565 Ha
  Step    12800     6400.00 fs  T 1826.86 K  E    -234.382633 Ha
  Step    12810     6405.00 fs  T 2434.08 K  E    -234.334050 Ha
  Step    12820     6410.00 fs  T 1748.51 K  E    -234.391114 Ha
  Step    12830     6415.00 fs  T 2080.83 K  E    -234.364588 Ha
  Step    12840     6420.00 fs  T 2373.36 K  E    -234.345108 Ha
  Step    12850     6425.00 fs  T 1836.64 K  E    -234.381780 Ha
  Step    12860     6430.00 fs  T 2168.97 K  E    -234.352764 Ha
  Step    12870     6435.00 fs  T 1879.73 K  E    -234.378402 Ha
  Step    12880     6440.00 fs  T 2897.96 K  E    -234.300885 Ha
  Step    12890     6445.00 fs  T 2235.68 K  E    -234.354285 Ha
  Step    12900     6450.00 fs  T 2162.14 K  E    -234.359168 Ha
  Step    12910     6455.00 fs  T 2244.31 K  E    -234.351233 Ha
  Step    12920     6460.00 fs  T 2091.22 K  E    -234.356951 Ha
  Step    12930     6465.00 fs  T 2373.66 K  E    -234.334735 Ha
  Step    12940     6470.00 fs  T 2158.37 K  E    -234.351218 Ha
  Step    12950     6475.00 fs  T 1969.30 K  E    -234.369040 Ha
  Step    12960     6480.00 fs  T 1133.50 K  E    -234.423874 Ha
  Step    12970     6485.00 fs  T 2862.12 K  E    -234.299978 Ha
  Step    12980     6490.00 fs  T 2125.72 K  E    -234.358324 Ha
  Step    12990     6495.00 fs  T 1233.99 K  E    -234.423690 Ha
  Step    13000     6500.00 fs  T 1992.80 K  E    -234.361006 Ha
  Step    13010     6505.00 fs  T 2484.76 K  E    -234.325930 Ha
  Step    13020     6510.00 fs  T 2397.27 K  E    -234.330744 Ha
  Step    13030     6515.00 fs  T 1673.23 K  E    -234.380735 Ha
  Step    13040     6520.00 fs  T 1639.32 K  E    -234.385832 Ha
  Step    13050     6525.00 fs  T 1680.37 K  E    -234.384733 Ha
  Step    13060     6530.00 fs  T 1573.70 K  E    -234.394348 Ha
  Step    13070     6535.00 fs  T 2422.86 K  E    -234.339309 Ha
  Step    13080     6540.00 fs  T 1635.34 K  E    -234.396181 Ha
  Step    13090     6545.00 fs  T 1854.95 K  E    -234.384290 Ha
  Step    13100     6550.00 fs  T 1735.70 K  E    -234.384627 Ha
  Step    13110     6555.00 fs  T 2981.46 K  E    -234.295899 Ha
  Step    13120     6560.00 fs  T 1786.55 K  E    -234.382421 Ha
  Step    13130     6565.00 fs  T 2904.05 K  E    -234.302045 Ha
  Step    13140     6570.00 fs  T 1374.51 K  E    -234.412620 Ha
  Step    13150     6575.00 fs  T 2194.25 K  E    -234.353816 Ha
  Step    13160     6580.00 fs  T 2608.80 K  E    -234.314806 Ha
  Step    13170     6585.00 fs  T 1455.95 K  E    -234.411159 Ha
  Step    13180     6590.00 fs  T 2002.05 K  E    -234.361657 Ha
  Step    13190     6595.00 fs  T 1830.22 K  E    -234.375783 Ha
  Step    13200     6600.00 fs  T 1735.43 K  E    -234.381692 Ha
  Step    13210     6605.00 fs  T 1586.12 K  E    -234.395849 Ha
  Step    13220     6610.00 fs  T 1413.44 K  E    -234.408198 Ha
  Step    13230     6615.00 fs  T 1731.94 K  E    -234.382399 Ha
  Step    13240     6620.00 fs  T 2682.79 K  E    -234.318214 Ha
  Step    13250     6625.00 fs  T 2453.53 K  E    -234.337822 Ha
  Step    13260     6630.00 fs  T 1345.63 K  E    -234.412912 Ha
  Step    13270     6635.00 fs  T 2017.12 K  E    -234.364858 Ha
  Step    13280     6640.00 fs  T 1707.41 K  E    -234.388249 Ha
  Step    13290     6645.00 fs  T 2230.74 K  E    -234.351285 Ha
  Step    13300     6650.00 fs  T 1519.05 K  E    -234.402868 Ha
  Step    13310     6655.00 fs  T 2186.72 K  E    -234.349898 Ha
  Step    13320     6660.00 fs  T 2227.62 K  E    -234.354640 Ha
  Step    13330     6665.00 fs  T 2815.69 K  E    -234.310796 Ha
  Step    13340     6670.00 fs  T 2016.25 K  E    -234.359463 Ha
  Step    13350     6675.00 fs  T 2445.18 K  E    -234.342288 Ha
  Step    13360     6680.00 fs  T 2167.24 K  E    -234.359981 Ha
  Step    13370     6685.00 fs  T 1794.95 K  E    -234.381782 Ha
  Step    13380     6690.00 fs  T 1909.94 K  E    -234.376001 Ha
  Step    13390     6695.00 fs  T 1561.68 K  E    -234.398835 Ha
  Step    13400     6700.00 fs  T 1572.30 K  E    -234.398440 Ha
  Step    13410     6705.00 fs  T 1602.11 K  E    -234.387439 Ha
  Step    13420     6710.00 fs  T 2440.69 K  E    -234.338123 Ha
  Step    13430     6715.00 fs  T 1874.02 K  E    -234.376295 Ha
  Step    13440     6720.00 fs  T 1826.53 K  E    -234.381050 Ha
  Step    13450     6725.00 fs  T 2621.52 K  E    -234.326935 Ha
  Step    13460     6730.00 fs  T 1773.09 K  E    -234.385847 Ha
  Step    13470     6735.00 fs  T 3526.22 K  E    -234.255003 Ha
  Step    13480     6740.00 fs  T 2416.18 K  E    -234.340602 Ha
  Step    13490     6745.00 fs  T 2001.88 K  E    -234.361692 Ha
  Step    13500     6750.00 fs  T 2657.57 K  E    -234.321885 Ha
  Step    13510     6755.00 fs  T 2320.98 K  E    -234.340347 Ha
  Step    13520     6760.00 fs  T 1405.47 K  E    -234.408210 Ha
  Step    13530     6765.00 fs  T 2882.55 K  E    -234.301691 Ha
  Step    13540     6770.00 fs  T 1690.44 K  E    -234.389291 Ha
  Step    13550     6775.00 fs  T 2125.64 K  E    -234.359132 Ha
  Step    13560     6780.00 fs  T 2329.80 K  E    -234.341815 Ha
  Step    13570     6785.00 fs  T 1981.23 K  E    -234.362095 Ha
  Step    13580     6790.00 fs  T 3097.44 K  E    -234.293625 Ha
  Step    13590     6795.00 fs  T 2561.42 K  E    -234.324822 Ha
  Step    13600     6800.00 fs  T 2155.32 K  E    -234.357414 Ha
  Step    13610     6805.00 fs  T 2068.18 K  E    -234.362185 Ha
  Step    13620     6810.00 fs  T 2068.51 K  E    -234.360434 Ha
  Step    13630     6815.00 fs  T 1657.95 K  E    -234.390879 Ha
  Step    13640     6820.00 fs  T 2219.44 K  E    -234.347984 Ha
  Step    13650     6825.00 fs  T 2029.95 K  E    -234.367141 Ha
  Step    13660     6830.00 fs  T 2191.19 K  E    -234.350615 Ha
  Step    13670     6835.00 fs  T 1562.16 K  E    -234.398367 Ha
  Step    13680     6840.00 fs  T 1687.48 K  E    -234.388896 Ha
  Step    13690     6845.00 fs  T 2181.57 K  E    -234.351823 Ha
  Step    13700     6850.00 fs  T 1254.40 K  E    -234.421787 Ha
  Step    13710     6855.00 fs  T 2628.67 K  E    -234.324124 Ha
  Step    13720     6860.00 fs  T 2630.21 K  E    -234.324303 Ha
  Step    13730     6865.00 fs  T 2324.19 K  E    -234.342975 Ha
  Step    13740     6870.00 fs  T 1627.85 K  E    -234.389394 Ha
  Step    13750     6875.00 fs  T 2277.39 K  E    -234.341338 Ha
  Step    13760     6880.00 fs  T 2562.75 K  E    -234.323032 Ha
  Step    13770     6885.00 fs  T 2306.10 K  E    -234.344695 Ha
  Step    13780     6890.00 fs  T 1768.94 K  E    -234.371617 Ha
  Step    13790     6895.00 fs  T 2215.33 K  E    -234.346210 Ha
  Step    13800     6900.00 fs  T 1309.54 K  E    -234.413995 Ha
  Step    13810     6905.00 fs  T 1996.17 K  E    -234.366852 Ha
  Step    13820     6910.00 fs  T 1973.47 K  E    -234.360885 Ha
  Step    13830     6915.00 fs  T 1678.17 K  E    -234.388461 Ha
  Step    13840     6920.00 fs  T 1610.09 K  E    -234.392178 Ha
  Step    13850     6925.00 fs  T 2283.85 K  E    -234.339338 Ha
  Step    13860     6930.00 fs  T 2155.28 K  E    -234.354081 Ha
  Step    13870     6935.00 fs  T 1746.76 K  E    -234.382099 Ha
  Step    13880     6940.00 fs  T 1933.49 K  E    -234.371182 Ha
  Step    13890     6945.00 fs  T 1786.62 K  E    -234.381221 Ha
  Step    13900     6950.00 fs  T 2015.48 K  E    -234.366179 Ha
  Step    13910     6955.00 fs  T 2375.59 K  E    -234.339192 Ha
  Step    13920     6960.00 fs  T 1737.71 K  E    -234.386680 Ha
  Step    13930     6965.00 fs  T 2589.14 K  E    -234.330821 Ha
  Step    13940     6970.00 fs  T  926.42 K  E    -234.441265 Ha
  Step    13950     6975.00 fs  T 2053.55 K  E    -234.372402 Ha
  Step    13960     6980.00 fs  T 1693.69 K  E    -234.394494 Ha
  Step    13970     6985.00 fs  T 2770.53 K  E    -234.316841 Ha
  Step    13980     6990.00 fs  T 2376.66 K  E    -234.341113 Ha
  Step    13990     6995.00 fs  T 1752.60 K  E    -234.385515 Ha
  Step    14000     7000.00 fs  T 2077.27 K  E    -234.362829 Ha
  Step    14010     7005.00 fs  T 1683.67 K  E    -234.388621 Ha
  Step    14020     7010.00 fs  T 1400.60 K  E    -234.412189 Ha
  Step    14030     7015.00 fs  T 2406.36 K  E    -234.342707 Ha
  Step    14040     7020.00 fs  T 1186.69 K  E    -234.427710 Ha
  Step    14050     7025.00 fs  T 2129.45 K  E    -234.355107 Ha
  Step    14060     7030.00 fs  T 2283.63 K  E    -234.351616 Ha
  Step    14070     7035.00 fs  T 2858.72 K  E    -234.310870 Ha
  Step    14080     7040.00 fs  T 1828.90 K  E    -234.382014 Ha
  Step    14090     7045.00 fs  T 1858.92 K  E    -234.370329 Ha
  Step    14100     7050.00 fs  T 1957.58 K  E    -234.365574 Ha
  Step    14110     7055.00 fs  T 1328.04 K  E    -234.404143 Ha
  Step    14120     7060.00 fs  T 2112.59 K  E    -234.360786 Ha
  Step    14130     7065.00 fs  T 1956.93 K  E    -234.374172 Ha
  Step    14140     7070.00 fs  T 1397.63 K  E    -234.408687 Ha
  Step    14150     7075.00 fs  T 2310.49 K  E    -234.350116 Ha
  Step    14160     7080.00 fs  T 2118.30 K  E    -234.364812 Ha
  Step    14170     7085.00 fs  T 2019.49 K  E    -234.369597 Ha
  Step    14180     7090.00 fs  T 1830.95 K  E    -234.380065 Ha
  Step    14190     7095.00 fs  T 1287.21 K  E    -234.412085 Ha
  Step    14200     7100.00 fs  T 2343.31 K  E    -234.338999 Ha
  Step    14210     7105.00 fs  T 2339.62 K  E    -234.343511 Ha
  Step    14220     7110.00 fs  T 2822.95 K  E    -234.304951 Ha
  Step    14230     7115.00 fs  T 1669.55 K  E    -234.389059 Ha
  Step    14240     7120.00 fs  T 1824.99 K  E    -234.375367 Ha
  Step    14250     7125.00 fs  T 1762.53 K  E    -234.384548 Ha
  Step    14260     7130.00 fs  T 1718.51 K  E    -234.383094 Ha
  Step    14270     7135.00 fs  T 2037.58 K  E    -234.365867 Ha
  Step    14280     7140.00 fs  T 1812.28 K  E    -234.383807 Ha
  Step    14290     7145.00 fs  T 1423.87 K  E    -234.408393 Ha
  Step    14300     7150.00 fs  T 2603.74 K  E    -234.320935 Ha
  Step    14310     7155.00 fs  T 2336.18 K  E    -234.342844 Ha
  Step    14320     7160.00 fs  T 1884.45 K  E    -234.377736 Ha
  Step    14330     7165.00 fs  T 1865.02 K  E    -234.379859 Ha
  Step    14340     7170.00 fs  T 2507.54 K  E    -234.330090 Ha
  Step    14350     7175.00 fs  T 1503.77 K  E    -234.408110 Ha
  Step    14360     7180.00 fs  T 1600.82 K  E    -234.402183 Ha
  Step    14370     7185.00 fs  T 2383.86 K  E    -234.342794 Ha
  Step    14380     7190.00 fs  T 2088.08 K  E    -234.362079 Ha
  Step    14390     7195.00 fs  T 2704.91 K  E    -234.322338 Ha
  Step    14400     7200.00 fs  T 1606.24 K  E    -234.396178 Ha
  Step    14410     7205.00 fs  T 2738.71 K  E    -234.316363 Ha
  Step    14420     7210.00 fs  T 2110.81 K  E    -234.359716 Ha
  Step    14430     7215.00 fs  T 2047.60 K  E    -234.366350 Ha
  Step    14440     7220.00 fs  T 1433.58 K  E    -234.401545 Ha
  Step    14450     7225.00 fs  T 1827.26 K  E    -234.375658 Ha
  Step    14460     7230.00 fs  T 2712.99 K  E    -234.313747 Ha
  Step    14470     7235.00 fs  T 2162.21 K  E    -234.344985 Ha
  Step    14480     7240.00 fs  T 1956.78 K  E    -234.372557 Ha
  Step    14490     7245.00 fs  T 1452.02 K  E    -234.408006 Ha
  Step    14500     7250.00 fs  T 2105.95 K  E    -234.358266 Ha
  Step    14510     7255.00 fs  T 1906.56 K  E    -234.371695 Ha
  Step    14520     7260.00 fs  T 2742.09 K  E    -234.314981 Ha
  Step    14530     7265.00 fs  T 2265.29 K  E    -234.346499 Ha
  Step    14540     7270.00 fs  T 1994.12 K  E    -234.364265 Ha
  Step    14550     7275.00 fs  T 2330.36 K  E    -234.339245 Ha
  Step    14560     7280.00 fs  T 2425.56 K  E    -234.330024 Ha
  Step    14570     7285.00 fs  T 2340.43 K  E    -234.341383 Ha
  Step    14580     7290.00 fs  T 2515.03 K  E    -234.333865 Ha
  Step    14590     7295.00 fs  T 2439.48 K  E    -234.337275 Ha
  Step    14600     7300.00 fs  T 2263.51 K  E    -234.353913 Ha
  Step    14610     7305.00 fs  T 1868.54 K  E    -234.374862 Ha
  Step    14620     7310.00 fs  T 1572.06 K  E    -234.400655 Ha
  Step    14630     7315.00 fs  T 1989.74 K  E    -234.362297 Ha
  Step    14640     7320.00 fs  T 2469.36 K  E    -234.334712 Ha
  Step    14650     7325.00 fs  T 2092.08 K  E    -234.360706 Ha
  Step    14660     7330.00 fs  T 2025.99 K  E    -234.367402 Ha
  Step    14670     7335.00 fs  T 1382.98 K  E    -234.409920 Ha
  Step    14680     7340.00 fs  T 1767.89 K  E    -234.377408 Ha
  Step    14690     7345.00 fs  T 1930.59 K  E    -234.372262 Ha
  Step    14700     7350.00 fs  T 2156.86 K  E    -234.359253 Ha
  Step    14710     7355.00 fs  T 2053.63 K  E    -234.360844 Ha
  Step    14720     7360.00 fs  T 2397.44 K  E    -234.337698 Ha
  Step    14730     7365.00 fs  T 1773.38 K  E    -234.386962 Ha
  Step    14740     7370.00 fs  T 2179.91 K  E    -234.358546 Ha
  Step    14750     7375.00 fs  T 2126.42 K  E    -234.366933 Ha
  Step    14760     7380.00 fs  T 2434.90 K  E    -234.335215 Ha
  Step    14770     7385.00 fs  T 2478.94 K  E    -234.329821 Ha
  Step    14780     7390.00 fs  T 2715.19 K  E    -234.313553 Ha
  Step    14790     7395.00 fs  T 2120.40 K  E    -234.358447 Ha
  Step    14800     7400.00 fs  T 1854.60 K  E    -234.378258 Ha
  Step    14810     7405.00 fs  T 1977.30 K  E    -234.368010 Ha
  Step    14820     7410.00 fs  T 1973.02 K  E    -234.371942 Ha
  Step    14830     7415.00 fs  T 2274.04 K  E    -234.344389 Ha
  Step    14840     7420.00 fs  T 1618.68 K  E    -234.398675 Ha
  Step    14850     7425.00 fs  T 1843.12 K  E    -234.377377 Ha
  Step    14860     7430.00 fs  T 1416.94 K  E    -234.411509 Ha
  Step    14870     7435.00 fs  T 1351.11 K  E    -234.412969 Ha
  Step    14880     7440.00 fs  T 2216.76 K  E    -234.356930 Ha
  Step    14890     7445.00 fs  T 2517.12 K  E    -234.331361 Ha
  Step    14900     7450.00 fs  T 2237.82 K  E    -234.353235 Ha
  Step    14910     7455.00 fs  T 1255.12 K  E    -234.421191 Ha
  Step    14920     7460.00 fs  T 1521.98 K  E    -234.408518 Ha
  Step    14930     7465.00 fs  T 2110.09 K  E    -234.364600 Ha
  Step    14940     7470.00 fs  T 1808.05 K  E    -234.383156 Ha
  Step    14950     7475.00 fs  T 2705.93 K  E    -234.319774 Ha
  Step    14960     7480.00 fs  T 2439.49 K  E    -234.338059 Ha
  Step    14970     7485.00 fs  T 1035.67 K  E    -234.441201 Ha
  Step    14980     7490.00 fs  T 1430.76 K  E    -234.408317 Ha
  Step    14990     7495.00 fs  T 2357.91 K  E    -234.345483 Ha
  Step    15000     7500.00 fs  T 2128.10 K  E    -234.359008 Ha
  Step    15010     7505.00 fs  T 1741.23 K  E    -234.390124 Ha
  Step    15020     7510.00 fs  T 1792.98 K  E    -234.379229 Ha
  Step    15030     7515.00 fs  T 2234.18 K  E    -234.346375 Ha
  Step    15040     7520.00 fs  T 2080.35 K  E    -234.364153 Ha
  Step    15050     7525.00 fs  T 1785.18 K  E    -234.381806 Ha
  Step    15060     7530.00 fs  T 1755.28 K  E    -234.386774 Ha
  Step    15070     7535.00 fs  T 2463.99 K  E    -234.337645 Ha
  Step    15080     7540.00 fs  T 2843.68 K  E    -234.305462 Ha
  Step    15090     7545.00 fs  T 2112.77 K  E    -234.353362 Ha
  Step    15100     7550.00 fs  T 1561.56 K  E    -234.393956 Ha
  Step    15110     7555.00 fs  T 2333.68 K  E    -234.340864 Ha
  Step    15120     7560.00 fs  T 2042.34 K  E    -234.367859 Ha
  Step    15130     7565.00 fs  T 2310.48 K  E    -234.345736 Ha
  Step    15140     7570.00 fs  T 1987.69 K  E    -234.367596 Ha
  Step    15150     7575.00 fs  T 1796.18 K  E    -234.379600 Ha
  Step    15160     7580.00 fs  T 1658.63 K  E    -234.396560 Ha
  Step    15170     7585.00 fs  T 1765.29 K  E    -234.388715 Ha
  Step    15180     7590.00 fs  T 2022.23 K  E    -234.367303 Ha
  Step    15190     7595.00 fs  T 1785.35 K  E    -234.379512 Ha
  Step    15200     7600.00 fs  T 2076.14 K  E    -234.359818 Ha
  Step    15210     7605.00 fs  T 2813.21 K  E    -234.310948 Ha
  Step    15220     7610.00 fs  T 1546.15 K  E    -234.399723 Ha
  Step    15230     7615.00 fs  T 1476.73 K  E    -234.403570 Ha
  Step    15240     7620.00 fs  T 1769.59 K  E    -234.380774 Ha
  Step    15250     7625.00 fs  T 1459.25 K  E    -234.405909 Ha
  Step    15260     7630.00 fs  T 1431.11 K  E    -234.412743 Ha
  Step    15270     7635.00 fs  T 1796.61 K  E    -234.385499 Ha
  Step    15280     7640.00 fs  T 1593.44 K  E    -234.399556 Ha
  Step    15290     7645.00 fs  T 1696.59 K  E    -234.382643 Ha
  Step    15300     7650.00 fs  T 2813.38 K  E    -234.310538 Ha
  Step    15310     7655.00 fs  T 2039.13 K  E    -234.363566 Ha
  Step    15320     7660.00 fs  T 2615.71 K  E    -234.319030 Ha
  Step    15330     7665.00 fs  T 2477.49 K  E    -234.334091 Ha
  Step    15340     7670.00 fs  T 2336.50 K  E    -234.344761 Ha
  Step    15350     7675.00 fs  T 1861.29 K  E    -234.381054 Ha
  Step    15360     7680.00 fs  T 1855.40 K  E    -234.371443 Ha
  Step    15370     7685.00 fs  T 1693.75 K  E    -234.388770 Ha
  Step    15380     7690.00 fs  T 2371.62 K  E    -234.345219 Ha
  Step    15390     7695.00 fs  T 1935.86 K  E    -234.373652 Ha
  Step    15400     7700.00 fs  T 2305.71 K  E    -234.345940 Ha
  Step    15410     7705.00 fs  T 1961.49 K  E    -234.375070 Ha
  Step    15420     7710.00 fs  T 1319.65 K  E    -234.411559 Ha
  Step    15430     7715.00 fs  T 2758.83 K  E    -234.319320 Ha
  Step    15440     7720.00 fs  T 1453.70 K  E    -234.410990 Ha
  Step    15450     7725.00 fs  T 1803.54 K  E    -234.385387 Ha
  Step    15460     7730.00 fs  T 1905.59 K  E    -234.374590 Ha
  Step    15470     7735.00 fs  T 2314.09 K  E    -234.344673 Ha
  Step    15480     7740.00 fs  T 1784.50 K  E    -234.387397 Ha
  Step    15490     7745.00 fs  T 2083.63 K  E    -234.364382 Ha
  Step    15500     7750.00 fs  T 2611.65 K  E    -234.329365 Ha
  Step    15510     7755.00 fs  T 2081.75 K  E    -234.370419 Ha
  Step    15520     7760.00 fs  T 1702.84 K  E    -234.391488 Ha
  Step    15530     7765.00 fs  T 1737.43 K  E    -234.388838 Ha
  Step    15540     7770.00 fs  T 1663.33 K  E    -234.391810 Ha
  Step    15550     7775.00 fs  T 2734.78 K  E    -234.315658 Ha
  Step    15560     7780.00 fs  T 2114.84 K  E    -234.366588 Ha
  Step    15570     7785.00 fs  T 2089.49 K  E    -234.362276 Ha
  Step    15580     7790.00 fs  T 2182.79 K  E    -234.358031 Ha
  Step    15590     7795.00 fs  T 2486.58 K  E    -234.335414 Ha
  Step    15600     7800.00 fs  T 2713.17 K  E    -234.314168 Ha
  Step    15610     7805.00 fs  T 1703.23 K  E    -234.391922 Ha
  Step    15620     7810.00 fs  T 2306.02 K  E    -234.346116 Ha
  Step    15630     7815.00 fs  T 2266.51 K  E    -234.351290 Ha
  Step    15640     7820.00 fs  T 1643.30 K  E    -234.394756 Ha
  Step    15650     7825.00 fs  T 2085.88 K  E    -234.367775 Ha
  Step    15660     7830.00 fs  T 2652.37 K  E    -234.320509 Ha
  Step    15670     7835.00 fs  T 1373.27 K  E    -234.413501 Ha
  Step    15680     7840.00 fs  T 2093.47 K  E    -234.362470 Ha
  Step    15690     7845.00 fs  T 2310.99 K  E    -234.345046 Ha
  Step    15700     7850.00 fs  T 2598.79 K  E    -234.322441 Ha
  Step    15710     7855.00 fs  T 1987.17 K  E    -234.363845 Ha
  Step    15720     7860.00 fs  T 2376.37 K  E    -234.344682 Ha
  Step    15730     7865.00 fs  T 1842.46 K  E    -234.383322 Ha
  Step    15740     7870.00 fs  T 1977.19 K  E    -234.372903 Ha
  Step    15750     7875.00 fs  T 2168.43 K  E    -234.353527 Ha
  Step    15760     7880.00 fs  T 1730.76 K  E    -234.386556 Ha
  Step    15770     7885.00 fs  T 2603.35 K  E    -234.324042 Ha
  Step    15780     7890.00 fs  T 1565.94 K  E    -234.403797 Ha
  Step    15790     7895.00 fs  T 1720.71 K  E    -234.381162 Ha
  Step    15800     7900.00 fs  T 2397.86 K  E    -234.337629 Ha
  Step    15810     7905.00 fs  T 1819.24 K  E    -234.385809 Ha
  Step    15820     7910.00 fs  T 1817.11 K  E    -234.383800 Ha
  Step    15830     7915.00 fs  T 2094.19 K  E    -234.358189 Ha
  Step    15840     7920.00 fs  T 1625.53 K  E    -234.399455 Ha
  Step    15850     7925.00 fs  T 1528.35 K  E    -234.406576 Ha
  Step    15860     7930.00 fs  T 1914.81 K  E    -234.382223 Ha
  Step    15870     7935.00 fs  T 3153.41 K  E    -234.285168 Ha
  Step    15880     7940.00 fs  T 1620.20 K  E    -234.400671 Ha
  Step    15890     7945.00 fs  T 2535.46 K  E    -234.332010 Ha
  Step    15900     7950.00 fs  T 1322.32 K  E    -234.424056 Ha
  Step    15910     7955.00 fs  T 2117.30 K  E    -234.367347 Ha
  Step    15920     7960.00 fs  T 2832.33 K  E    -234.309282 Ha
  Step    15930     7965.00 fs  T 2345.86 K  E    -234.347777 Ha
  Step    15940     7970.00 fs  T 1407.24 K  E    -234.410251 Ha
  Step    15950     7975.00 fs  T 2499.52 K  E    -234.331946 Ha
  Step    15960     7980.00 fs  T 1021.19 K  E    -234.436691 Ha
  Step    15970     7985.00 fs  T 1758.38 K  E    -234.387100 Ha
  Step    15980     7990.00 fs  T 2104.52 K  E    -234.363646 Ha
  Step    15990     7995.00 fs  T 1895.65 K  E    -234.373558 Ha
  Step    16000     8000.00 fs  T 3236.68 K  E    -234.283878 Ha
  Step    16010     8005.00 fs  T 1870.60 K  E    -234.370951 Ha
  Step    16020     8010.00 fs  T 2026.13 K  E    -234.362437 Ha
  Step    16030     8015.00 fs  T 2238.94 K  E    -234.347801 Ha
  Step    16040     8020.00 fs  T 2487.42 K  E    -234.335456 Ha
  Step    16050     8025.00 fs  T 1525.62 K  E    -234.406466 Ha
  Step    16060     8030.00 fs  T 2894.55 K  E    -234.307410 Ha
  Step    16070     8035.00 fs  T 2125.32 K  E    -234.361548 Ha
  Step    16080     8040.00 fs  T 2132.62 K  E    -234.357271 Ha
  Step    16090     8045.00 fs  T 2597.46 K  E    -234.323902 Ha
  Step    16100     8050.00 fs  T 2440.94 K  E    -234.335411 Ha
  Step    16110     8055.00 fs  T 1431.34 K  E    -234.405092 Ha
  Step    16120     8060.00 fs  T 2405.45 K  E    -234.333247 Ha
  Step    16130     8065.00 fs  T 2554.20 K  E    -234.320930 Ha
  Step    16140     8070.00 fs  T 2428.36 K  E    -234.337800 Ha
  Step    16150     8075.00 fs  T 1968.97 K  E    -234.372532 Ha
  Step    16160     8080.00 fs  T 2530.45 K  E    -234.327818 Ha
  Step    16170     8085.00 fs  T 2594.68 K  E    -234.326700 Ha
  Step    16180     8090.00 fs  T 2079.38 K  E    -234.367269 Ha
  Step    16190     8095.00 fs  T 1986.60 K  E    -234.370484 Ha
  Step    16200     8100.00 fs  T 1954.45 K  E    -234.378841 Ha
  Step    16210     8105.00 fs  T 1961.68 K  E    -234.376201 Ha
  Step    16220     8110.00 fs  T 2036.53 K  E    -234.366744 Ha
  Step    16230     8115.00 fs  T 2777.41 K  E    -234.310381 Ha
  Step    16240     8120.00 fs  T 2706.81 K  E    -234.313810 Ha
  Step    16250     8125.00 fs  T 1971.88 K  E    -234.376983 Ha
  Step    16260     8130.00 fs  T 1941.98 K  E    -234.370941 Ha
  Step    16270     8135.00 fs  T 2403.79 K  E    -234.341035 Ha
  Step    16280     8140.00 fs  T 1539.67 K  E    -234.406451 Ha
  Step    16290     8145.00 fs  T 2400.85 K  E    -234.341880 Ha
  Step    16300     8150.00 fs  T 2403.54 K  E    -234.341472 Ha
  Step    16310     8155.00 fs  T 3188.94 K  E    -234.280488 Ha
  Step    16320     8160.00 fs  T 1781.52 K  E    -234.383774 Ha
  Step    16330     8165.00 fs  T 1411.50 K  E    -234.407648 Ha
  Step    16340     8170.00 fs  T 1963.72 K  E    -234.372607 Ha
  Step    16350     8175.00 fs  T 1872.78 K  E    -234.379766 Ha
  Step    16360     8180.00 fs  T 2441.93 K  E    -234.339528 Ha
  Step    16370     8185.00 fs  T 1985.40 K  E    -234.371265 Ha
  Step    16380     8190.00 fs  T 2298.21 K  E    -234.346284 Ha
  Step    16390     8195.00 fs  T 1851.91 K  E    -234.377480 Ha
  Step    16400     8200.00 fs  T 1964.09 K  E    -234.369311 Ha
  Step    16410     8205.00 fs  T 1743.45 K  E    -234.379338 Ha
  Step    16420     8210.00 fs  T 1810.47 K  E    -234.379615 Ha
  Step    16430     8215.00 fs  T 1863.29 K  E    -234.373349 Ha
  Step    16440     8220.00 fs  T 2536.05 K  E    -234.329661 Ha
  Step    16450     8225.00 fs  T 1621.23 K  E    -234.396688 Ha
  Step    16460     8230.00 fs  T 2137.29 K  E    -234.358177 Ha
  Step    16470     8235.00 fs  T 2359.01 K  E    -234.348263 Ha
  Step    16480     8240.00 fs  T 1604.78 K  E    -234.391084 Ha
  Step    16490     8245.00 fs  T 1892.37 K  E    -234.376262 Ha
  Step    16500     8250.00 fs  T 2551.66 K  E    -234.330225 Ha
  Step    16510     8255.00 fs  T 2304.64 K  E    -234.341645 Ha
  Step    16520     8260.00 fs  T 2281.73 K  E    -234.339694 Ha
  Step    16530     8265.00 fs  T 2344.93 K  E    -234.334031 Ha
  Step    16540     8270.00 fs  T 2579.26 K  E    -234.325667 Ha
  Step    16550     8275.00 fs  T 1701.81 K  E    -234.387039 Ha
  Step    16560     8280.00 fs  T 1936.91 K  E    -234.372518 Ha
  Step    16570     8285.00 fs  T 2691.83 K  E    -234.318502 Ha
  Step    16580     8290.00 fs  T 2204.58 K  E    -234.355134 Ha
  Step    16590     8295.00 fs  T 1748.81 K  E    -234.383416 Ha
  Step    16600     8300.00 fs  T 2304.45 K  E    -234.351978 Ha
  Step    16610     8305.00 fs  T 2119.94 K  E    -234.366803 Ha
  Step    16620     8310.00 fs  T 2356.48 K  E    -234.345871 Ha
  Step    16630     8315.00 fs  T 2974.20 K  E    -234.299474 Ha
  Step    16640     8320.00 fs  T 2897.02 K  E    -234.302157 Ha
  Step    16650     8325.00 fs  T 1889.20 K  E    -234.381042 Ha
  Step    16660     8330.00 fs  T 1773.79 K  E    -234.389312 Ha
  Step    16670     8335.00 fs  T 1936.31 K  E    -234.374759 Ha
  Step    16680     8340.00 fs  T 2417.68 K  E    -234.339708 Ha
  Step    16690     8345.00 fs  T 1563.81 K  E    -234.405806 Ha
  Step    16700     8350.00 fs  T 1932.50 K  E    -234.378343 Ha
  Step    16710     8355.00 fs  T 2424.76 K  E    -234.334344 Ha
  Step    16720     8360.00 fs  T 1950.95 K  E    -234.375508 Ha
  Step    16730     8365.00 fs  T 2237.73 K  E    -234.356999 Ha
  Step    16740     8370.00 fs  T 2439.12 K  E    -234.336281 Ha
  Step    16750     8375.00 fs  T 1680.38 K  E    -234.390846 Ha
  Step    16760     8380.00 fs  T 1592.19 K  E    -234.394377 Ha
  Step    16770     8385.00 fs  T 2985.73 K  E    -234.300353 Ha
  Step    16780     8390.00 fs  T 2261.34 K  E    -234.346433 Ha
  Step    16790     8395.00 fs  T 1951.23 K  E    -234.370177 Ha
  Step    16800     8400.00 fs  T 1293.74 K  E    -234.416546 Ha
  Step    16810     8405.00 fs  T 2054.35 K  E    -234.358205 Ha
  Step    16820     8410.00 fs  T 2374.07 K  E    -234.334670 Ha
  Step    16830     8415.00 fs  T 2068.08 K  E    -234.358485 Ha
  Step    16840     8420.00 fs  T 1669.93 K  E    -234.387394 Ha
  Step    16850     8425.00 fs  T 1482.99 K  E    -234.403596 Ha
  Step    16860     8430.00 fs  T 1666.02 K  E    -234.391691 Ha
  Step    16870     8435.00 fs  T 1810.49 K  E    -234.382014 Ha
  Step    16880     8440.00 fs  T 1545.61 K  E    -234.401958 Ha
  Step    16890     8445.00 fs  T 1838.14 K  E    -234.384002 Ha
  Step    16900     8450.00 fs  T 2571.08 K  E    -234.326351 Ha
  Step    16910     8455.00 fs  T 1826.98 K  E    -234.379921 Ha
  Step    16920     8460.00 fs  T 2763.50 K  E    -234.307181 Ha
  Step    16930     8465.00 fs  T 1628.77 K  E    -234.394696 Ha
  Step    16940     8470.00 fs  T 1770.72 K  E    -234.385289 Ha
  Step    16950     8475.00 fs  T 1826.09 K  E    -234.379203 Ha
  Step    16960     8480.00 fs  T 2155.42 K  E    -234.357413 Ha
  Step    16970     8485.00 fs  T 1520.17 K  E    -234.401311 Ha
  Step    16980     8490.00 fs  T 2268.02 K  E    -234.354069 Ha
  Step    16990     8495.00 fs  T 2921.19 K  E    -234.305819 Ha
  Step    17000     8500.00 fs  T 2291.26 K  E    -234.348576 Ha
  Step    17010     8505.00 fs  T 2182.65 K  E    -234.352896 Ha
  Step    17020     8510.00 fs  T 2144.94 K  E    -234.352769 Ha
  Step    17030     8515.00 fs  T 2215.69 K  E    -234.355510 Ha
  Step    17040     8520.00 fs  T 1865.99 K  E    -234.374702 Ha
  Step    17050     8525.00 fs  T 2047.51 K  E    -234.364569 Ha
  Step    17060     8530.00 fs  T 1636.33 K  E    -234.396039 Ha
  Step    17070     8535.00 fs  T 2301.12 K  E    -234.342991 Ha
  Step    17080     8540.00 fs  T 1952.28 K  E    -234.371832 Ha
  Step    17090     8545.00 fs  T 2313.60 K  E    -234.349746 Ha
  Step    17100     8550.00 fs  T 1819.68 K  E    -234.384937 Ha
  Step    17110     8555.00 fs  T 3023.40 K  E    -234.295600 Ha
  Step    17120     8560.00 fs  T 1771.00 K  E    -234.380205 Ha
  Step    17130     8565.00 fs  T 2174.51 K  E    -234.353861 Ha
  Step    17140     8570.00 fs  T 1967.84 K  E    -234.371999 Ha
  Step    17150     8575.00 fs  T 2287.81 K  E    -234.349582 Ha
  Step    17160     8580.00 fs  T 2115.54 K  E    -234.362853 Ha
  Step    17170     8585.00 fs  T 1755.56 K  E    -234.386659 Ha
  Step    17180     8590.00 fs  T 1772.68 K  E    -234.388911 Ha
  Step    17190     8595.00 fs  T 1664.57 K  E    -234.397122 Ha
  Step    17200     8600.00 fs  T 2689.77 K  E    -234.321789 Ha
  Step    17210     8605.00 fs  T 1975.65 K  E    -234.373155 Ha
  Step    17220     8610.00 fs  T 1649.06 K  E    -234.390165 Ha
  Step    17230     8615.00 fs  T 3042.81 K  E    -234.291718 Ha
  Step    17240     8620.00 fs  T 2431.45 K  E    -234.341966 Ha
  Step    17250     8625.00 fs  T 1969.07 K  E    -234.369214 Ha
  Step    17260     8630.00 fs  T 1709.73 K  E    -234.396113 Ha
  Step    17270     8635.00 fs  T 1223.51 K  E    -234.428597 Ha
  Step    17280     8640.00 fs  T 2514.62 K  E    -234.332811 Ha
  Step    17290     8645.00 fs  T 1550.57 K  E    -234.398186 Ha
  Step    17300     8650.00 fs  T 1572.49 K  E    -234.392960 Ha
  Step    17310     8655.00 fs  T 2287.47 K  E    -234.344721 Ha
  Step    17320     8660.00 fs  T 1148.60 K  E    -234.425734 Ha
  Step    17330     8665.00 fs  T 2925.14 K  E    -234.296769 Ha
  Step    17340     8670.00 fs  T 1510.05 K  E    -234.398700 Ha
  Step    17350     8675.00 fs  T 1711.10 K  E    -234.391215 Ha
  Step    17360     8680.00 fs  T 1979.97 K  E    -234.371227 Ha
  Step    17370     8685.00 fs  T 1944.10 K  E    -234.368495 Ha
  Step    17380     8690.00 fs  T 1971.95 K  E    -234.370963 Ha
  Step    17390     8695.00 fs  T 1873.60 K  E    -234.384629 Ha
  Step    17400     8700.00 fs  T 2259.80 K  E    -234.344221 Ha
  Step    17410     8705.00 fs  T 2006.45 K  E    -234.365765 Ha
  Step    17420     8710.00 fs  T 2310.97 K  E    -234.342264 Ha
  Step    17430     8715.00 fs  T 2951.45 K  E    -234.293097 Ha
  Step    17440     8720.00 fs  T 1283.58 K  E    -234.419127 Ha
  Step    17450     8725.00 fs  T 2622.01 K  E    -234.323142 Ha
  Step    17460     8730.00 fs  T 2320.66 K  E    -234.342722 Ha
  Step    17470     8735.00 fs  T 2220.44 K  E    -234.351824 Ha
  Step    17480     8740.00 fs  T 1770.14 K  E    -234.383179 Ha
  Step    17490     8745.00 fs  T 1948.39 K  E    -234.365608 Ha
  Step    17500     8750.00 fs  T 1757.52 K  E    -234.377659 Ha
  Step    17510     8755.00 fs  T 2003.82 K  E    -234.363348 Ha
  Step    17520     8760.00 fs  T 2477.52 K  E    -234.336127 Ha
  Step    17530     8765.00 fs  T 2144.91 K  E    -234.355745 Ha
  Step    17540     8770.00 fs  T 1983.02 K  E    -234.366446 Ha
  Step    17550     8775.00 fs  T 1628.99 K  E    -234.384654 Ha
  Step    17560     8780.00 fs  T 2087.08 K  E    -234.364389 Ha
  Step    17570     8785.00 fs  T 1502.63 K  E    -234.404103 Ha
  Step    17580     8790.00 fs  T 1516.40 K  E    -234.402238 Ha
  Step    17590     8795.00 fs  T 1856.07 K  E    -234.373406 Ha
  Step    17600     8800.00 fs  T 1518.42 K  E    -234.404156 Ha
  Step    17610     8805.00 fs  T 1796.80 K  E    -234.384019 Ha
  Step    17620     8810.00 fs  T 2968.17 K  E    -234.292632 Ha
  Step    17630     8815.00 fs  T 2528.07 K  E    -234.327113 Ha
  Step    17640     8820.00 fs  T 1638.17 K  E    -234.388015 Ha
  Step    17650     8825.00 fs  T 2634.32 K  E    -234.323200 Ha
  Step    17660     8830.00 fs  T 2198.20 K  E    -234.355815 Ha
  Step    17670     8835.00 fs  T 3014.04 K  E    -234.295877 Ha
  Step    17680     8840.00 fs  T 2059.01 K  E    -234.361452 Ha
  Step    17690     8845.00 fs  T 2818.17 K  E    -234.309710 Ha
  Step    17700     8850.00 fs  T 2118.24 K  E    -234.359301 Ha
  Step    17710     8855.00 fs  T 2078.66 K  E    -234.364797 Ha
  Step    17720     8860.00 fs  T 2354.94 K  E    -234.339970 Ha
  Step    17730     8865.00 fs  T 1539.77 K  E    -234.397819 Ha
  Step    17740     8870.00 fs  T 1805.41 K  E    -234.383034 Ha
  Step    17750     8875.00 fs  T 1359.91 K  E    -234.416570 Ha
  Step    17760     8880.00 fs  T 1767.33 K  E    -234.382601 Ha
  Step    17770     8885.00 fs  T 2797.23 K  E    -234.304337 Ha
  Step    17780     8890.00 fs  T 1998.40 K  E    -234.367203 Ha
  Step    17790     8895.00 fs  T 1812.24 K  E    -234.378420 Ha
  Step    17800     8900.00 fs  T 1744.39 K  E    -234.382393 Ha
  Step    17810     8905.00 fs  T 2129.55 K  E    -234.357479 Ha
  Step    17820     8910.00 fs  T 1306.35 K  E    -234.416072 Ha
  Step    17830     8915.00 fs  T 2505.04 K  E    -234.330729 Ha
  Step    17840     8920.00 fs  T 2368.21 K  E    -234.335717 Ha
  Step    17850     8925.00 fs  T 2655.52 K  E    -234.324883 Ha
  Step    17860     8930.00 fs  T 1195.27 K  E    -234.422747 Ha
  Step    17870     8935.00 fs  T 1520.53 K  E    -234.391274 Ha
  Step    17880     8940.00 fs  T 2182.74 K  E    -234.359770 Ha
  Step    17890     8945.00 fs  T 1817.00 K  E    -234.389201 Ha
  Step    17900     8950.00 fs  T 1548.49 K  E    -234.403756 Ha
  Step    17910     8955.00 fs  T 2216.50 K  E    -234.350600 Ha
  Step    17920     8960.00 fs  T 1471.34 K  E    -234.402002 Ha
  Step    17930     8965.00 fs  T 2450.27 K  E    -234.332354 Ha
  Step    17940     8970.00 fs  T 1887.12 K  E    -234.375084 Ha
  Step    17950     8975.00 fs  T 2645.11 K  E    -234.322591 Ha
  Step    17960     8980.00 fs  T 1513.00 K  E    -234.396156 Ha
  Step    17970     8985.00 fs  T 2193.92 K  E    -234.350736 Ha
  Step    17980     8990.00 fs  T 1965.03 K  E    -234.374763 Ha
  Step    17990     8995.00 fs  T 1932.66 K  E    -234.368050 Ha
  Step    18000     9000.00 fs  T 1943.60 K  E    -234.374773 Ha
  Step    18010     9005.00 fs  T 1578.03 K  E    -234.396613 Ha
  Step    18020     9010.00 fs  T 2559.82 K  E    -234.327398 Ha
  Step    18030     9015.00 fs  T 1419.00 K  E    -234.410690 Ha
  Step    18040     9020.00 fs  T 1671.56 K  E    -234.383234 Ha
  Step    18050     9025.00 fs  T 1774.70 K  E    -234.383572 Ha
  Step    18060     9030.00 fs  T 2402.74 K  E    -234.339579 Ha
  Step    18070     9035.00 fs  T 1975.78 K  E    -234.371030 Ha
  Step    18080     9040.00 fs  T 1848.87 K  E    -234.380128 Ha
  Step    18090     9045.00 fs  T 1830.60 K  E    -234.378910 Ha
  Step    18100     9050.00 fs  T 2046.43 K  E    -234.370035 Ha
  Step    18110     9055.00 fs  T 1442.29 K  E    -234.404413 Ha
  Step    18120     9060.00 fs  T 1780.67 K  E    -234.382257 Ha
  Step    18130     9065.00 fs  T 1533.38 K  E    -234.400866 Ha
  Step    18140     9070.00 fs  T 1683.76 K  E    -234.386515 Ha
  Step    18150     9075.00 fs  T 1947.37 K  E    -234.371382 Ha
  Step    18160     9080.00 fs  T 1920.72 K  E    -234.372732 Ha
  Step    18170     9085.00 fs  T 2024.45 K  E    -234.365409 Ha
  Step    18180     9090.00 fs  T 1223.97 K  E    -234.426649 Ha
  Step    18190     9095.00 fs  T 1803.11 K  E    -234.386957 Ha
  Step    18200     9100.00 fs  T 1514.43 K  E    -234.401874 Ha
  Step    18210     9105.00 fs  T 2374.70 K  E    -234.343063 Ha
  Step    18220     9110.00 fs  T 1917.22 K  E    -234.369955 Ha
  Step    18230     9115.00 fs  T 1254.08 K  E    -234.426602 Ha
  Step    18240     9120.00 fs  T 1921.24 K  E    -234.378244 Ha
  Step    18250     9125.00 fs  T 2350.92 K  E    -234.346009 Ha
  Step    18260     9130.00 fs  T 3079.68 K  E    -234.287859 Ha
  Step    18270     9135.00 fs  T 2539.76 K  E    -234.326802 Ha
  Step    18280     9140.00 fs  T 1855.69 K  E    -234.381418 Ha
  Step    18290     9145.00 fs  T 2194.53 K  E    -234.357423 Ha
  Step    18300     9150.00 fs  T 2085.93 K  E    -234.364571 Ha
  Step    18310     9155.00 fs  T 1924.34 K  E    -234.374554 Ha
  Step    18320     9160.00 fs  T 1643.29 K  E    -234.395082 Ha
  Step    18330     9165.00 fs  T 2277.49 K  E    -234.351191 Ha
  Step    18340     9170.00 fs  T 1740.34 K  E    -234.391144 Ha
  Step    18350     9175.00 fs  T 1545.33 K  E    -234.399567 Ha
  Step    18360     9180.00 fs  T 2701.67 K  E    -234.321647 Ha
  Step    18370     9185.00 fs  T 1851.27 K  E    -234.380213 Ha
  Step    18380     9190.00 fs  T 2079.36 K  E    -234.363733 Ha
  Step    18390     9195.00 fs  T 2019.97 K  E    -234.365016 Ha
  Step    18400     9200.00 fs  T 1519.66 K  E    -234.398601 Ha
  Step    18410     9205.00 fs  T 1790.96 K  E    -234.387532 Ha
  Step    18420     9210.00 fs  T 2691.75 K  E    -234.322259 Ha
  Step    18430     9215.00 fs  T 2772.45 K  E    -234.302543 Ha
  Step    18440     9220.00 fs  T 1957.45 K  E    -234.361599 Ha
  Step    18450     9225.00 fs  T 2295.25 K  E    -234.343092 Ha
  Step    18460     9230.00 fs  T 1417.70 K  E    -234.410303 Ha
  Step    18470     9235.00 fs  T 2402.39 K  E    -234.340593 Ha
  Step    18480     9240.00 fs  T 1823.32 K  E    -234.381720 Ha
  Step    18490     9245.00 fs  T 1309.57 K  E    -234.419198 Ha
  Step    18500     9250.00 fs  T 2154.64 K  E    -234.356140 Ha
  Step    18510     9255.00 fs  T 1846.93 K  E    -234.382002 Ha
  Step    18520     9260.00 fs  T 3262.35 K  E    -234.279259 Ha
  Step    18530     9265.00 fs  T 1737.56 K  E    -234.389074 Ha
  Step    18540     9270.00 fs  T 2255.81 K  E    -234.353817 Ha
  Step    18550     9275.00 fs  T 2057.99 K  E    -234.355918 Ha
  Step    18560     9280.00 fs  T 1377.10 K  E    -234.416528 Ha
  Step    18570     9285.00 fs  T 2370.66 K  E    -234.340740 Ha
  Step    18580     9290.00 fs  T 2088.48 K  E    -234.366383 Ha
  Step    18590     9295.00 fs  T 1803.78 K  E    -234.377054 Ha
  Step    18600     9300.00 fs  T 1692.95 K  E    -234.388240 Ha
  Step    18610     9305.00 fs  T 2417.14 K  E    -234.339179 Ha
  Step    18620     9310.00 fs  T 1782.06 K  E    -234.387626 Ha
  Step    18630     9315.00 fs  T 1600.21 K  E    -234.400424 Ha
  Step    18640     9320.00 fs  T 2594.56 K  E    -234.333184 Ha
  Step    18650     9325.00 fs  T 1768.22 K  E    -234.388909 Ha
  Step    18660     9330.00 fs  T 1891.29 K  E    -234.369908 Ha
  Step    18670     9335.00 fs  T 1924.37 K  E    -234.371391 Ha
  Step    18680     9340.00 fs  T 1265.00 K  E    -234.422454 Ha
  Step    18690     9345.00 fs  T 1872.35 K  E    -234.379628 Ha
  Step    18700     9350.00 fs  T 1508.47 K  E    -234.406432 Ha
  Step    18710     9355.00 fs  T 1160.71 K  E    -234.421567 Ha
  Step    18720     9360.00 fs  T 2418.63 K  E    -234.335262 Ha
  Step    18730     9365.00 fs  T 2512.92 K  E    -234.329701 Ha
  Step    18740     9370.00 fs  T 3065.38 K  E    -234.291429 Ha
  Step    18750     9375.00 fs  T 1869.34 K  E    -234.378410 Ha
  Step    18760     9380.00 fs  T 1319.02 K  E    -234.414506 Ha
  Step    18770     9385.00 fs  T 2059.30 K  E    -234.359778 Ha
  Step    18780     9390.00 fs  T 1719.01 K  E    -234.380101 Ha
  Step    18790     9395.00 fs  T 1995.41 K  E    -234.365272 Ha
  Step    18800     9400.00 fs  T 2091.61 K  E    -234.355513 Ha
  Step    18810     9405.00 fs  T 2199.24 K  E    -234.352480 Ha
  Step    18820     9410.00 fs  T 2458.00 K  E    -234.336400 Ha
  Step    18830     9415.00 fs  T 1178.42 K  E    -234.424644 Ha
  Step    18840     9420.00 fs  T 2024.63 K  E    -234.369515 Ha
  Step    18850     9425.00 fs  T 2329.88 K  E    -234.345229 Ha
  Step    18860     9430.00 fs  T 2931.80 K  E    -234.297053 Ha
  Step    18870     9435.00 fs  T 1604.37 K  E    -234.395378 Ha
  Step    18880     9440.00 fs  T 1801.22 K  E    -234.378278 Ha
  Step    18890     9445.00 fs  T 2112.86 K  E    -234.359040 Ha
  Step    18900     9450.00 fs  T 2788.22 K  E    -234.313283 Ha
  Step    18910     9455.00 fs  T 2052.61 K  E    -234.364401 Ha
  Step    18920     9460.00 fs  T 2575.79 K  E    -234.331939 Ha
  Step    18930     9465.00 fs  T 1129.03 K  E    -234.433151 Ha
  Step    18940     9470.00 fs  T 2519.08 K  E    -234.336984 Ha
  Step    18950     9475.00 fs  T 2444.40 K  E    -234.337145 Ha
  Step    18960     9480.00 fs  T 2712.16 K  E    -234.315214 Ha
  Step    18970     9485.00 fs  T 1952.62 K  E    -234.375676 Ha
  Step    18980     9490.00 fs  T 2523.95 K  E    -234.328328 Ha
  Step    18990     9495.00 fs  T 1810.33 K  E    -234.386628 Ha
  Step    19000     9500.00 fs  T 1831.82 K  E    -234.386636 Ha
  Step    19010     9505.00 fs  T 1372.44 K  E    -234.416927 Ha
  Step    19020     9510.00 fs  T 1759.19 K  E    -234.384548 Ha
  Step    19030     9515.00 fs  T 1982.91 K  E    -234.368270 Ha
  Step    19040     9520.00 fs  T 1527.85 K  E    -234.404676 Ha
  Step    19050     9525.00 fs  T 1594.22 K  E    -234.399411 Ha
  Step    19060     9530.00 fs  T 1369.79 K  E    -234.413974 Ha
  Step    19070     9535.00 fs  T 2217.83 K  E    -234.339950 Ha
  Step    19080     9540.00 fs  T 2477.24 K  E    -234.331684 Ha
  Step    19090     9545.00 fs  T 1997.62 K  E    -234.362115 Ha
  Step    19100     9550.00 fs  T 2077.65 K  E    -234.350337 Ha
  Step    19110     9555.00 fs  T 2025.65 K  E    -234.363608 Ha
  Step    19120     9560.00 fs  T 1799.80 K  E    -234.380201 Ha
  Step    19130     9565.00 fs  T 2514.21 K  E    -234.336232 Ha
  Step    19140     9570.00 fs  T 1465.48 K  E    -234.403055 Ha
  Step    19150     9575.00 fs  T 1420.55 K  E    -234.406402 Ha
  Step    19160     9580.00 fs  T 3341.66 K  E    -234.272260 Ha
  Step    19170     9585.00 fs  T 2413.94 K  E    -234.331789 Ha
  Step    19180     9590.00 fs  T 1649.98 K  E    -234.393415 Ha
  Step    19190     9595.00 fs  T 2481.48 K  E    -234.336532 Ha
  Step    19200     9600.00 fs  T 1780.30 K  E    -234.379394 Ha
  Step    19210     9605.00 fs  T 2501.58 K  E    -234.331664 Ha
  Step    19220     9610.00 fs  T 1739.35 K  E    -234.378873 Ha
  Step    19230     9615.00 fs  T 1699.33 K  E    -234.389945 Ha
  Step    19240     9620.00 fs  T 2196.52 K  E    -234.352625 Ha
  Step    19250     9625.00 fs  T 1960.53 K  E    -234.365372 Ha
  Step    19260     9630.00 fs  T 2102.93 K  E    -234.358510 Ha
  Step    19270     9635.00 fs  T 1575.06 K  E    -234.390194 Ha
  Step    19280     9640.00 fs  T 1688.70 K  E    -234.387445 Ha
  Step    19290     9645.00 fs  T 2439.88 K  E    -234.336566 Ha
  Step    19300     9650.00 fs  T 2444.53 K  E    -234.338545 Ha
  Step    19310     9655.00 fs  T 1990.57 K  E    -234.369279 Ha
  Step    19320     9660.00 fs  T 1627.08 K  E    -234.401569 Ha
  Step    19330     9665.00 fs  T 2526.04 K  E    -234.337560 Ha
  Step    19340     9670.00 fs  T 1717.72 K  E    -234.387241 Ha
  Step    19350     9675.00 fs  T 2345.33 K  E    -234.346062 Ha
  Step    19360     9680.00 fs  T 1953.01 K  E    -234.373337 Ha
  Step    19370     9685.00 fs  T 1511.43 K  E    -234.405690 Ha
  Step    19380     9690.00 fs  T 1709.88 K  E    -234.384810 Ha
  Step    19390     9695.00 fs  T 1955.40 K  E    -234.366391 Ha
  Step    19400     9700.00 fs  T 1835.39 K  E    -234.379222 Ha
  Step    19410     9705.00 fs  T 1812.42 K  E    -234.383840 Ha
  Step    19420     9710.00 fs  T 2637.17 K  E    -234.320557 Ha
  Step    19430     9715.00 fs  T 2333.19 K  E    -234.336545 Ha
  Step    19440     9720.00 fs  T 2356.12 K  E    -234.340727 Ha
  Step    19450     9725.00 fs  T 2169.10 K  E    -234.352531 Ha
  Step    19460     9730.00 fs  T 2104.09 K  E    -234.366995 Ha
  Step    19470     9735.00 fs  T 1818.14 K  E    -234.384191 Ha
  Step    19480     9740.00 fs  T 2355.92 K  E    -234.339964 Ha
  Step    19490     9745.00 fs  T 2169.51 K  E    -234.355048 Ha
  Step    19500     9750.00 fs  T 3153.22 K  E    -234.285555 Ha
  Step    19510     9755.00 fs  T 1428.65 K  E    -234.408461 Ha
  Step    19520     9760.00 fs  T 1853.32 K  E    -234.380313 Ha
  Step    19530     9765.00 fs  T 2029.98 K  E    -234.360020 Ha
  Step    19540     9770.00 fs  T 1861.64 K  E    -234.372349 Ha
  Step    19550     9775.00 fs  T 2803.21 K  E    -234.307796 Ha
  Step    19560     9780.00 fs  T 1719.66 K  E    -234.381221 Ha
  Step    19570     9785.00 fs  T 1800.20 K  E    -234.381076 Ha
  Step    19580     9790.00 fs  T 1624.65 K  E    -234.391763 Ha
  Step    19590     9795.00 fs  T 1798.18 K  E    -234.384307 Ha
  Step    19600     9800.00 fs  T 1654.69 K  E    -234.390722 Ha
  Step    19610     9805.00 fs  T 2323.81 K  E    -234.341522 Ha
  Step    19620     9810.00 fs  T 2399.70 K  E    -234.337135 Ha
  Step    19630     9815.00 fs  T 2245.14 K  E    -234.350919 Ha
  Step    19640     9820.00 fs  T 1641.58 K  E    -234.397618 Ha
  Step    19650     9825.00 fs  T 2023.79 K  E    -234.370486 Ha
  Step    19660     9830.00 fs  T 1744.48 K  E    -234.394536 Ha
  Step    19670     9835.00 fs  T 1639.33 K  E    -234.397991 Ha
  Step    19680     9840.00 fs  T 1551.14 K  E    -234.399157 Ha
  Step    19690     9845.00 fs  T 2092.57 K  E    -234.364017 Ha
  Step    19700     9850.00 fs  T 1976.37 K  E    -234.366971 Ha
  Step    19710     9855.00 fs  T 2435.38 K  E    -234.336318 Ha
  Step    19720     9860.00 fs  T 2594.26 K  E    -234.324125 Ha
  Step    19730     9865.00 fs  T 1850.21 K  E    -234.374922 Ha
  Step    19740     9870.00 fs  T 1573.41 K  E    -234.391905 Ha
  Step    19750     9875.00 fs  T 2052.89 K  E    -234.365462 Ha
  Step    19760     9880.00 fs  T 1357.31 K  E    -234.419825 Ha
  Step    19770     9885.00 fs  T 2188.31 K  E    -234.359848 Ha
  Step    19780     9890.00 fs  T 1967.14 K  E    -234.373668 Ha
  Step    19790     9895.00 fs  T 2049.06 K  E    -234.369048 Ha
  Step    19800     9900.00 fs  T 2702.41 K  E    -234.315533 Ha
  Step    19810     9905.00 fs  T 1563.69 K  E    -234.400238 Ha
  Step    19820     9910.00 fs  T 2747.32 K  E    -234.315297 Ha
  Step    19830     9915.00 fs  T 2191.73 K  E    -234.356514 Ha
  Step    19840     9920.00 fs  T 1781.47 K  E    -234.383917 Ha
  Step    19850     9925.00 fs  T 1501.59 K  E    -234.405233 Ha
  Step    19860     9930.00 fs  T 3104.53 K  E    -234.290365 Ha
  Step    19870     9935.00 fs  T 1668.15 K  E    -234.386390 Ha
  Step    19880     9940.00 fs  T 1983.94 K  E    -234.368377 Ha
  Step    19890     9945.00 fs  T 1763.27 K  E    -234.389819 Ha
  Step    19900     9950.00 fs  T 2019.47 K  E    -234.371627 Ha
  Step    19910     9955.00 fs  T 2120.82 K  E    -234.364329 Ha
  Step    19920     9960.00 fs  T 1901.32 K  E    -234.379883 Ha
  Step    19930     9965.00 fs  T 1030.07 K  E    -234.440620 Ha
  Step    19940     9970.00 fs  T 1790.85 K  E    -234.385570 Ha
  Step    19950     9975.00 fs  T 1911.85 K  E    -234.377377 Ha
  Step    19960     9980.00 fs  T 3062.84 K  E    -234.294557 Ha
  Step    19970     9985.00 fs  T 2166.24 K  E    -234.357099 Ha
  Step    19980     9990.00 fs  T 1951.64 K  E    -234.368658 Ha
  Step    19990     9995.00 fs  T 1710.28 K  E    -234.393371 Ha
  Step    20000    10000.00 fs  T 1947.69 K  E    -234.377180 Ha
  Step    20010    10005.00 fs  T 2248.80 K  E    -234.353913 Ha
  Step    20020    10010.00 fs  T 2012.27 K  E    -234.369524 Ha
  Step    20030    10015.00 fs  T 2053.72 K  E    -234.363129 Ha
  Step    20040    10020.00 fs  T 2476.80 K  E    -234.334402 Ha
  Step    20050    10025.00 fs  T 2331.58 K  E    -234.344739 Ha
  Step    20060    10030.00 fs  T 1443.71 K  E    -234.409596 Ha
  Step    20070    10035.00 fs  T 1552.53 K  E    -234.403607 Ha
  Step    20080    10040.00 fs  T 2175.68 K  E    -234.360026 Ha
  Step    20090    10045.00 fs  T 2177.28 K  E    -234.358641 Ha
  Step    20100    10050.00 fs  T 1455.61 K  E    -234.407260 Ha
  Step    20110    10055.00 fs  T 2168.00 K  E    -234.355708 Ha
  Step    20120    10060.00 fs  T 2652.22 K  E    -234.314061 Ha
  Step    20130    10065.00 fs  T 2484.54 K  E    -234.331670 Ha
  Step    20140    10070.00 fs  T 2532.61 K  E    -234.335486 Ha
  Step    20150    10075.00 fs  T 1818.36 K  E    -234.383955 Ha
  Step    20160    10080.00 fs  T 1886.79 K  E    -234.382139 Ha
  Step    20170    10085.00 fs  T 1666.23 K  E    -234.397823 Ha
  Step    20180    10090.00 fs  T 2423.75 K  E    -234.339280 Ha
  Step    20190    10095.00 fs  T 2076.29 K  E    -234.364568 Ha
  Step    20200    10100.00 fs  T 1504.50 K  E    -234.399941 Ha
  Step    20210    10105.00 fs  T 2065.22 K  E    -234.367555 Ha
  Step    20220    10110.00 fs  T 1435.21 K  E    -234.409466 Ha
  Step    20230    10115.00 fs  T 1697.48 K  E    -234.386583 Ha
  Step    20240    10120.00 fs  T 1497.16 K  E    -234.402859 Ha
  Step    20250    10125.00 fs  T 1991.49 K  E    -234.370829 Ha
  Step    20260    10130.00 fs  T 2668.41 K  E    -234.321522 Ha
  Step    20270    10135.00 fs  T 1573.25 K  E    -234.402519 Ha
  Step    20280    10140.00 fs  T 2339.42 K  E    -234.341672 Ha
  Step    20290    10145.00 fs  T 1789.48 K  E    -234.380630 Ha
  Step    20300    10150.00 fs  T 1720.54 K  E    -234.382648 Ha
  Step    20310    10155.00 fs  T 1933.64 K  E    -234.376248 Ha
  Step    20320    10160.00 fs  T 2113.66 K  E    -234.361147 Ha
  Step    20330    10165.00 fs  T 1491.44 K  E    -234.400072 Ha
  Step    20340    10170.00 fs  T 2012.32 K  E    -234.369866 Ha
  Step    20350    10175.00 fs  T 2080.93 K  E    -234.366455 Ha
  Step    20360    10180.00 fs  T 1638.94 K  E    -234.392325 Ha
  Step    20370    10185.00 fs  T 1798.27 K  E    -234.381973 Ha
  Step    20380    10190.00 fs  T 2439.03 K  E    -234.335432 Ha
  Step    20390    10195.00 fs  T 2090.13 K  E    -234.357131 Ha
  Step    20400    10200.00 fs  T 3024.26 K  E    -234.293629 Ha
  Step    20410    10205.00 fs  T 3028.04 K  E    -234.293692 Ha
  Step    20420    10210.00 fs  T 1657.67 K  E    -234.387596 Ha
  Step    20430    10215.00 fs  T 1970.31 K  E    -234.371502 Ha
  Step    20440    10220.00 fs  T 2033.64 K  E    -234.362338 Ha
  Step    20450    10225.00 fs  T 2800.64 K  E    -234.313811 Ha
  Step    20460    10230.00 fs  T 2054.13 K  E    -234.369853 Ha
  Step    20470    10235.00 fs  T 1519.94 K  E    -234.406261 Ha
  Step    20480    10240.00 fs  T 1491.30 K  E    -234.408070 Ha
  Step    20490    10245.00 fs  T 1790.72 K  E    -234.384765 Ha
  Step    20500    10250.00 fs  T 2136.84 K  E    -234.363029 Ha
  Step    20510    10255.00 fs  T 1617.40 K  E    -234.401338 Ha
  Step    20520    10260.00 fs  T 1954.94 K  E    -234.373477 Ha
  Step    20530    10265.00 fs  T 2096.78 K  E    -234.359448 Ha
  Step    20540    10270.00 fs  T 2120.37 K  E    -234.355411 Ha
  Step    20550    10275.00 fs  T 1965.47 K  E    -234.373045 Ha
  Step    20560    10280.00 fs  T 2041.56 K  E    -234.366172 Ha
  Step    20570    10285.00 fs  T 2236.28 K  E    -234.355328 Ha
  Step    20580    10290.00 fs  T 2192.34 K  E    -234.359502 Ha
  Step    20590    10295.00 fs  T 3165.94 K  E    -234.286805 Ha
  Step    20600    10300.00 fs  T 2399.97 K  E    -234.339086 Ha
  Step    20610    10305.00 fs  T 2025.65 K  E    -234.373721 Ha
  Step    20620    10310.00 fs  T 1603.76 K  E    -234.399686 Ha
  Step    20630    10315.00 fs  T 1541.37 K  E    -234.405079 Ha
  Step    20640    10320.00 fs  T 2027.04 K  E    -234.369199 Ha
  Step    20650    10325.00 fs  T  814.54 K  E    -234.459250 Ha
  Step    20660    10330.00 fs  T 2070.29 K  E    -234.366970 Ha
  Step    20670    10335.00 fs  T 2143.02 K  E    -234.363670 Ha
  Step    20680    10340.00 fs  T 2327.98 K  E    -234.348497 Ha
  Step    20690    10345.00 fs  T 1600.13 K  E    -234.398620 Ha
  Step    20700    10350.00 fs  T 2116.07 K  E    -234.362361 Ha
  Step    20710    10355.00 fs  T 2241.90 K  E    -234.356582 Ha
  Step    20720    10360.00 fs  T 1812.52 K  E    -234.384075 Ha
  Step    20730    10365.00 fs  T 2339.98 K  E    -234.343430 Ha
  Step    20740    10370.00 fs  T 2690.18 K  E    -234.320279 Ha
  Step    20750    10375.00 fs  T 2604.20 K  E    -234.328718 Ha
  Step    20760    10380.00 fs  T 2340.19 K  E    -234.351386 Ha
  Step    20770    10385.00 fs  T 1385.61 K  E    -234.416609 Ha
  Step    20780    10390.00 fs  T 2706.54 K  E    -234.309202 Ha
  Step    20790    10395.00 fs  T 1592.07 K  E    -234.401574 Ha
  Step    20800    10400.00 fs  T 1443.91 K  E    -234.406036 Ha
  Step    20810    10405.00 fs  T 2219.49 K  E    -234.355767 Ha
  Step    20820    10410.00 fs  T 2054.09 K  E    -234.369550 Ha
  Step    20830    10415.00 fs  T 1579.93 K  E    -234.399010 Ha
  Step    20840    10420.00 fs  T 2399.44 K  E    -234.345256 Ha
  Step    20850    10425.00 fs  T 1610.31 K  E    -234.396503 Ha
  Step    20860    10430.00 fs  T 1547.59 K  E    -234.396751 Ha
  Step    20870    10435.00 fs  T 2382.44 K  E    -234.339890 Ha
  Step    20880    10440.00 fs  T 1718.36 K  E    -234.391240 Ha
  Step    20890    10445.00 fs  T 2354.37 K  E    -234.345684 Ha
  Step    20900    10450.00 fs  T 1703.08 K  E    -234.392342 Ha
  Step    20910    10455.00 fs  T 2196.14 K  E    -234.354912 Ha
  Step    20920    10460.00 fs  T 2030.53 K  E    -234.371842 Ha
  Step    20930    10465.00 fs  T 2179.76 K  E    -234.352700 Ha
  Step    20940    10470.00 fs  T 1988.66 K  E    -234.363816 Ha
  Step    20950    10475.00 fs  T 2150.52 K  E    -234.355921 Ha
  Step    20960    10480.00 fs  T 1887.35 K  E    -234.374195 Ha
  Step    20970    10485.00 fs  T 1471.56 K  E    -234.397369 Ha
  Step    20980    10490.00 fs  T 1562.20 K  E    -234.398263 Ha
  Step    20990    10495.00 fs  T 1794.54 K  E    -234.378668 Ha
  Step    21000    10500.00 fs  T 2425.39 K  E    -234.336024 Ha
  Step    21010    10505.00 fs  T 1504.15 K  E    -234.401839 Ha
  Step    21020    10510.00 fs  T 2460.24 K  E    -234.341589 Ha
  Step    21030    10515.00 fs  T 1720.40 K  E    -234.392851 Ha
  Step    21040    10520.00 fs  T 1804.18 K  E    -234.385489 Ha
  Step    21050    10525.00 fs  T 1301.97 K  E    -234.423817 Ha
  Step    21060    10530.00 fs  T 2048.49 K  E    -234.363002 Ha
  Step    21070    10535.00 fs  T 3033.36 K  E    -234.296378 Ha
  Step    21080    10540.00 fs  T 1418.91 K  E    -234.407903 Ha
  Step    21090    10545.00 fs  T 1703.98 K  E    -234.397079 Ha
  Step    21100    10550.00 fs  T 1878.71 K  E    -234.380065 Ha
  Step    21110    10555.00 fs  T 1513.16 K  E    -234.395077 Ha
  Step    21120    10560.00 fs  T 1862.07 K  E    -234.376426 Ha
  Step    21130    10565.00 fs  T 1853.01 K  E    -234.380565 Ha
  Step    21140    10570.00 fs  T 2706.27 K  E    -234.315880 Ha
  Step    21150    10575.00 fs  T 1928.05 K  E    -234.370929 Ha
  Step    21160    10580.00 fs  T 2051.93 K  E    -234.367617 Ha
  Step    21170    10585.00 fs  T 1701.97 K  E    -234.398626 Ha
  Step    21180    10590.00 fs  T 2117.61 K  E    -234.363872 Ha
  Step    21190    10595.00 fs  T 2172.35 K  E    -234.354054 Ha
  Step    21200    10600.00 fs  T 2320.66 K  E    -234.342421 Ha
  Step    21210    10605.00 fs  T 2008.24 K  E    -234.364090 Ha
  Step    21220    10610.00 fs  T 2772.14 K  E    -234.309283 Ha
  Step    21230    10615.00 fs  T 2014.10 K  E    -234.361838 Ha
  Step    21240    10620.00 fs  T 2711.23 K  E    -234.321496 Ha
  Step    21250    10625.00 fs  T 1875.74 K  E    -234.372377 Ha
  Step    21260    10630.00 fs  T 2092.48 K  E    -234.364791 Ha
  Step    21270    10635.00 fs  T 1677.58 K  E    -234.387993 Ha
  Step    21280    10640.00 fs  T 1805.89 K  E    -234.376306 Ha
  Step    21290    10645.00 fs  T 2358.45 K  E    -234.339909 Ha
  Step    21300    10650.00 fs  T 1867.76 K  E    -234.381824 Ha
  Step    21310    10655.00 fs  T 1958.56 K  E    -234.371127 Ha
  Step    21320    10660.00 fs  T 1904.61 K  E    -234.376074 Ha
  Step    21330    10665.00 fs  T 1540.24 K  E    -234.397438 Ha
  Step    21340    10670.00 fs  T 1269.70 K  E    -234.414615 Ha
  Step    21350    10675.00 fs  T 2176.89 K  E    -234.352433 Ha
  Step    21360    10680.00 fs  T 2408.87 K  E    -234.337321 Ha
  Step    21370    10685.00 fs  T 2040.91 K  E    -234.354037 Ha
  Step    21380    10690.00 fs  T 2123.32 K  E    -234.356400 Ha
  Step    21390    10695.00 fs  T 2180.65 K  E    -234.354104 Ha
  Step    21400    10700.00 fs  T 1440.95 K  E    -234.404858 Ha
  Step    21410    10705.00 fs  T 2184.44 K  E    -234.353213 Ha
  Step    21420    10710.00 fs  T 1851.90 K  E    -234.377651 Ha
  Step    21430    10715.00 fs  T 2348.35 K  E    -234.341247 Ha
  Step    21440    10720.00 fs  T 2247.54 K  E    -234.348982 Ha
  Step    21450    10725.00 fs  T 2480.36 K  E    -234.339869 Ha
  Step    21460    10730.00 fs  T 1613.69 K  E    -234.394347 Ha
  Step    21470    10735.00 fs  T 1510.88 K  E    -234.406873 Ha
  Step    21480    10740.00 fs  T 2030.28 K  E    -234.360077 Ha
  Step    21490    10745.00 fs  T 3198.19 K  E    -234.282812 Ha
  Step    21500    10750.00 fs  T 1639.33 K  E    -234.399349 Ha
  Step    21510    10755.00 fs  T 2017.56 K  E    -234.368517 Ha
  Step    21520    10760.00 fs  T 1629.40 K  E    -234.394124 Ha
  Step    21530    10765.00 fs  T 1620.38 K  E    -234.396860 Ha
  Step    21540    10770.00 fs  T 2732.14 K  E    -234.321885 Ha
  Step    21550    10775.00 fs  T 2239.62 K  E    -234.357124 Ha
  Step    21560    10780.00 fs  T 3038.04 K  E    -234.293858 Ha
  Step    21570    10785.00 fs  T 1743.44 K  E    -234.391416 Ha
  Step    21580    10790.00 fs  T 2018.63 K  E    -234.363269 Ha
  Step    21590    10795.00 fs  T 2510.52 K  E    -234.336077 Ha
  Step    21600    10800.00 fs  T 1641.26 K  E    -234.394141 Ha
  Step    21610    10805.00 fs  T 2473.85 K  E    -234.330053 Ha
  Step    21620    10810.00 fs  T 2121.76 K  E    -234.352218 Ha
  Step    21630    10815.00 fs  T 2266.34 K  E    -234.351435 Ha
  Step    21640    10820.00 fs  T 1566.70 K  E    -234.399160 Ha
  Step    21650    10825.00 fs  T 2165.91 K  E    -234.361345 Ha
  Step    21660    10830.00 fs  T 2250.03 K  E    -234.354001 Ha
  Step    21670    10835.00 fs  T 2059.53 K  E    -234.367720 Ha
  Step    21680    10840.00 fs  T 1168.79 K  E    -234.429855 Ha
  Step    21690    10845.00 fs  T 2718.28 K  E    -234.313291 Ha
  Step    21700    10850.00 fs  T 1481.65 K  E    -234.411274 Ha
  Step    21710    10855.00 fs  T 2161.11 K  E    -234.359505 Ha
  Step    21720    10860.00 fs  T 2445.50 K  E    -234.340720 Ha
  Step    21730    10865.00 fs  T 2500.41 K  E    -234.332520 Ha
  Step    21740    10870.00 fs  T 2288.28 K  E    -234.349243 Ha
  Step    21750    10875.00 fs  T 1746.49 K  E    -234.387056 Ha
  Step    21760    10880.00 fs  T 1585.98 K  E    -234.393629 Ha
  Step    21770    10885.00 fs  T 2117.92 K  E    -234.355792 Ha
  Step    21780    10890.00 fs  T 1876.79 K  E    -234.372167 Ha
  Step    21790    10895.00 fs  T 2104.84 K  E    -234.362664 Ha
  Step    21800    10900.00 fs  T 1167.53 K  E    -234.430443 Ha
  Step    21810    10905.00 fs  T 2070.93 K  E    -234.366162 Ha
  Step    21820    10910.00 fs  T 2158.35 K  E    -234.358559 Ha
  Step    21830    10915.00 fs  T 2948.87 K  E    -234.298609 Ha
  Step    21840    10920.00 fs  T 1983.16 K  E    -234.362645 Ha
  Step    21850    10925.00 fs  T 1555.64 K  E    -234.397238 Ha
  Step    21860    10930.00 fs  T 2132.72 K  E    -234.352808 Ha
  Step    21870    10935.00 fs  T 1441.31 K  E    -234.411520 Ha
  Step    21880    10940.00 fs  T 1740.30 K  E    -234.384290 Ha
  Step    21890    10945.00 fs  T 2502.28 K  E    -234.334130 Ha
  Step    21900    10950.00 fs  T 1995.68 K  E    -234.368049 Ha
  Step    21910    10955.00 fs  T 2126.00 K  E    -234.354177 Ha
  Step    21920    10960.00 fs  T 1730.20 K  E    -234.388708 Ha
  Step    21930    10965.00 fs  T 2844.84 K  E    -234.311968 Ha
  Step    21940    10970.00 fs  T 1530.42 K  E    -234.401122 Ha
  Step    21950    10975.00 fs  T 1949.90 K  E    -234.369764 Ha
  Step    21960    10980.00 fs  T 2427.86 K  E    -234.340227 Ha
  Step    21970    10985.00 fs  T 1561.81 K  E    -234.400659 Ha
  Step    21980    10990.00 fs  T 2583.13 K  E    -234.318786 Ha
  Step    21990    10995.00 fs  T 1984.13 K  E    -234.367172 Ha
  Step    22000    11000.00 fs  T 1754.70 K  E    -234.386262 Ha
  Step    22010    11005.00 fs  T 1629.00 K  E    -234.392175 Ha
  Step    22020    11010.00 fs  T 1868.52 K  E    -234.378306 Ha
  Step    22030    11015.00 fs  T 2014.19 K  E    -234.366848 Ha
  Step    22040    11020.00 fs  T 1680.56 K  E    -234.383974 Ha
  Step    22050    11025.00 fs  T 1497.28 K  E    -234.401125 Ha
  Step    22060    11030.00 fs  T 2199.61 K  E    -234.354650 Ha
  Step    22070    11035.00 fs  T 2079.81 K  E    -234.353141 Ha
  Step    22080    11040.00 fs  T 2316.25 K  E    -234.341378 Ha
  Step    22090    11045.00 fs  T 1769.55 K  E    -234.385514 Ha
  Step    22100    11050.00 fs  T 1635.87 K  E    -234.391458 Ha
  Step    22110    11055.00 fs  T 1675.00 K  E    -234.389806 Ha
  Step    22120    11060.00 fs  T 2252.53 K  E    -234.342304 Ha
  Step    22130    11065.00 fs  T 2661.44 K  E    -234.318190 Ha
  Step    22140    11070.00 fs  T 1722.78 K  E    -234.385582 Ha
  Step    22150    11075.00 fs  T 1820.28 K  E    -234.375831 Ha
  Step    22160    11080.00 fs  T 1536.33 K  E    -234.396974 Ha
  Step    22170    11085.00 fs  T 1856.49 K  E    -234.375059 Ha
  Step    22180    11090.00 fs  T 2554.81 K  E    -234.330425 Ha
  Step    22190    11095.00 fs  T 1854.57 K  E    -234.372198 Ha
  Step    22200    11100.00 fs  T 1435.76 K  E    -234.409282 Ha
  Step    22210    11105.00 fs  T 1958.22 K  E    -234.370664 Ha
  Step    22220    11110.00 fs  T 2045.23 K  E    -234.361829 Ha
  Step    22230    11115.00 fs  T 2711.53 K  E    -234.319107 Ha
  Step    22240    11120.00 fs  T 2382.21 K  E    -234.338967 Ha
  Step    22250    11125.00 fs  T 1412.10 K  E    -234.403373 Ha
  Step    22260    11130.00 fs  T 1415.41 K  E    -234.398373 Ha
  Step    22270    11135.00 fs  T 2114.74 K  E    -234.346969 Ha
  Step    22280    11140.00 fs  T 2009.29 K  E    -234.362335 Ha
  Step    22290    11145.00 fs  T 2099.49 K  E    -234.360814 Ha
  Step    22300    11150.00 fs  T 2101.58 K  E    -234.355900 Ha
  Step    22310    11155.00 fs  T 2255.64 K  E    -234.345079 Ha
  Step    22320    11160.00 fs  T 1755.42 K  E    -234.380128 Ha
  Step    22330    11165.00 fs  T 1999.24 K  E    -234.369539 Ha
  Step    22340    11170.00 fs  T 1879.87 K  E    -234.375111 Ha
  Step    22350    11175.00 fs  T 2158.68 K  E    -234.363862 Ha
  Step    22360    11180.00 fs  T 1432.32 K  E    -234.410148 Ha
  Step    22370    11185.00 fs  T 2522.12 K  E    -234.329833 Ha
  Step    22380    11190.00 fs  T 1473.61 K  E    -234.400954 Ha
  Step    22390    11195.00 fs  T 1332.14 K  E    -234.413977 Ha
  Step    22400    11200.00 fs  T 2611.35 K  E    -234.323278 Ha
  Step    22410    11205.00 fs  T 2296.92 K  E    -234.340666 Ha
  Step    22420    11210.00 fs  T 1837.37 K  E    -234.377109 Ha
  Step    22430    11215.00 fs  T 2471.76 K  E    -234.329576 Ha
  Step    22440    11220.00 fs  T 2139.37 K  E    -234.361840 Ha
  Step    22450    11225.00 fs  T 1271.67 K  E    -234.421205 Ha
  Step    22460    11230.00 fs  T 1610.02 K  E    -234.392784 Ha
  Step    22470    11235.00 fs  T 1844.21 K  E    -234.377716 Ha
  Step    22480    11240.00 fs  T 1589.48 K  E    -234.401645 Ha
  Step    22490    11245.00 fs  T 2208.53 K  E    -234.355743 Ha
  Step    22500    11250.00 fs  T 2101.90 K  E    -234.363538 Ha
  Step    22510    11255.00 fs  T 1953.47 K  E    -234.375894 Ha
  Step    22520    11260.00 fs  T 1878.28 K  E    -234.375615 Ha
  Step    22530    11265.00 fs  T 1409.30 K  E    -234.414130 Ha
  Step    22540    11270.00 fs  T 2173.48 K  E    -234.360615 Ha
  Step    22550    11275.00 fs  T 2221.42 K  E    -234.348506 Ha
  Step    22560    11280.00 fs  T 2369.33 K  E    -234.340744 Ha
  Step    22570    11285.00 fs  T 2340.10 K  E    -234.346425 Ha
  Step    22580    11290.00 fs  T 2114.24 K  E    -234.363265 Ha
  Step    22590    11295.00 fs  T 3280.36 K  E    -234.272946 Ha
  Step    22600    11300.00 fs  T 2161.73 K  E    -234.353347 Ha
  Step    22610    11305.00 fs  T 1327.15 K  E    -234.414351 Ha
  Step    22620    11310.00 fs  T 2351.44 K  E    -234.340345 Ha
  Step    22630    11315.00 fs  T 1571.30 K  E    -234.390376 Ha
  Step    22640    11320.00 fs  T 1705.63 K  E    -234.384651 Ha
  Step    22650    11325.00 fs  T 2631.60 K  E    -234.319383 Ha
  Step    22660    11330.00 fs  T 2673.16 K  E    -234.314805 Ha
  Step    22670    11335.00 fs  T 1467.96 K  E    -234.403765 Ha
  Step    22680    11340.00 fs  T 2217.98 K  E    -234.350018 Ha
  Step    22690    11345.00 fs  T 2401.12 K  E    -234.334284 Ha
  Step    22700    11350.00 fs  T 1757.84 K  E    -234.386301 Ha
  Step    22710    11355.00 fs  T 1573.38 K  E    -234.398392 Ha
  Step    22720    11360.00 fs  T 2051.58 K  E    -234.366829 Ha
  Step    22730    11365.00 fs  T 2063.64 K  E    -234.364328 Ha
  Step    22740    11370.00 fs  T 1599.11 K  E    -234.398994 Ha
  Step    22750    11375.00 fs  T 2052.75 K  E    -234.369470 Ha
  Step    22760    11380.00 fs  T 2015.19 K  E    -234.372682 Ha
  Step    22770    11385.00 fs  T 2009.84 K  E    -234.369525 Ha
  Step    22780    11390.00 fs  T 2180.78 K  E    -234.356104 Ha
  Step    22790    11395.00 fs  T 2174.08 K  E    -234.356239 Ha
  Step    22800    11400.00 fs  T 1176.66 K  E    -234.426349 Ha
  Step    22810    11405.00 fs  T 1453.27 K  E    -234.409010 Ha
  Step    22820    11410.00 fs  T 2164.16 K  E    -234.352971 Ha
  Step    22830    11415.00 fs  T 1561.30 K  E    -234.393863 Ha
  Step    22840    11420.00 fs  T 2045.84 K  E    -234.361920 Ha
  Step    22850    11425.00 fs  T 2286.81 K  E    -234.354612 Ha
  Step    22860    11430.00 fs  T 2067.87 K  E    -234.367517 Ha
  Step    22870    11435.00 fs  T 2752.49 K  E    -234.311019 Ha
  Step    22880    11440.00 fs  T 2212.28 K  E    -234.358514 Ha
  Step    22890    11445.00 fs  T 2650.87 K  E    -234.321155 Ha
  Step    22900    11450.00 fs  T 1886.74 K  E    -234.379932 Ha
  Step    22910    11455.00 fs  T 2142.46 K  E    -234.350885 Ha
  Step    22920    11460.00 fs  T 2151.65 K  E    -234.357678 Ha
  Step    22930    11465.00 fs  T 1851.46 K  E    -234.373995 Ha
  Step    22940    11470.00 fs  T 2277.99 K  E    -234.342206 Ha
  Step    22950    11475.00 fs  T 1589.05 K  E    -234.387764 Ha
  Step    22960    11480.00 fs  T 1407.87 K  E    -234.412340 Ha
  Step    22970    11485.00 fs  T 1741.12 K  E    -234.385589 Ha
  Step    22980    11490.00 fs  T 2211.79 K  E    -234.348888 Ha
  Step    22990    11495.00 fs  T 1679.63 K  E    -234.381371 Ha
  Step    23000    11500.00 fs  T 2093.48 K  E    -234.354975 Ha
  Step    23010    11505.00 fs  T 1483.40 K  E    -234.392735 Ha
  Step    23020    11510.00 fs  T 2156.63 K  E    -234.351510 Ha
  Step    23030    11515.00 fs  T 2084.36 K  E    -234.361059 Ha
  Step    23040    11520.00 fs  T 2320.72 K  E    -234.340860 Ha
  Step    23050    11525.00 fs  T 2128.75 K  E    -234.357794 Ha
  Step    23060    11530.00 fs  T 2323.90 K  E    -234.347471 Ha
  Step    23070    11535.00 fs  T 2447.68 K  E    -234.332651 Ha
  Step    23080    11540.00 fs  T 1615.75 K  E    -234.400840 Ha
  Step    23090    11545.00 fs  T 2025.61 K  E    -234.370161 Ha
  Step    23100    11550.00 fs  T 2127.20 K  E    -234.358035 Ha
  Step    23110    11555.00 fs  T 1626.16 K  E    -234.394034 Ha
  Step    23120    11560.00 fs  T 1970.52 K  E    -234.366034 Ha
  Step    23130    11565.00 fs  T 2681.80 K  E    -234.318027 Ha
  Step    23140    11570.00 fs  T 1900.12 K  E    -234.371220 Ha
  Step    23150    11575.00 fs  T 2955.56 K  E    -234.297465 Ha
  Step    23160    11580.00 fs  T 2130.28 K  E    -234.360285 Ha
  Step    23170    11585.00 fs  T 2216.59 K  E    -234.352399 Ha
  Step    23180    11590.00 fs  T 2802.26 K  E    -234.305983 Ha
  Step    23190    11595.00 fs  T 2218.30 K  E    -234.355071 Ha
  Step    23200    11600.00 fs  T 2472.18 K  E    -234.331915 Ha
  Step    23210    11605.00 fs  T 1797.78 K  E    -234.381649 Ha
  Step    23220    11610.00 fs  T 1645.99 K  E    -234.390012 Ha
  Step    23230    11615.00 fs  T 1647.83 K  E    -234.376038 Ha
  Step    23240    11620.00 fs  T 2045.75 K  E    -234.350355 Ha
  Step    23250    11625.00 fs  T 2153.29 K  E    -234.345654 Ha
  Step    23260    11630.00 fs  T 2248.43 K  E    -234.347381 Ha
  Step    23270    11635.00 fs  T 2174.64 K  E    -234.350834 Ha
  Step    23280    11640.00 fs  T 1981.74 K  E    -234.367149 Ha
  Step    23290    11645.00 fs  T 2063.29 K  E    -234.356231 Ha
  Step    23300    11650.00 fs  T 2236.79 K  E    -234.357358 Ha
  Step    23310    11655.00 fs  T 1476.49 K  E    -234.408824 Ha
  Step    23320    11660.00 fs  T 2019.61 K  E    -234.363347 Ha
  Step    23330    11665.00 fs  T 3073.61 K  E    -234.291269 Ha
  Step    23340    11670.00 fs  T 1829.48 K  E    -234.379047 Ha
  Step    23350    11675.00 fs  T 1797.56 K  E    -234.383423 Ha
  Step    23360    11680.00 fs  T 1713.77 K  E    -234.389273 Ha
  Step    23370    11685.00 fs  T 1708.81 K  E    -234.390291 Ha
  Step    23380    11690.00 fs  T 2327.59 K  E    -234.350073 Ha
  Step    23390    11695.00 fs  T 1548.47 K  E    -234.403764 Ha
  Step    23400    11700.00 fs  T 1748.97 K  E    -234.391179 Ha
  Step    23410    11705.00 fs  T 1271.84 K  E    -234.418960 Ha
  Step    23420    11710.00 fs  T 1936.12 K  E    -234.374419 Ha
  Step    23430    11715.00 fs  T 1850.62 K  E    -234.379657 Ha
  Step    23440    11720.00 fs  T 2719.87 K  E    -234.315677 Ha
  Step    23450    11725.00 fs  T 1873.15 K  E    -234.381073 Ha
  Step    23460    11730.00 fs  T 1119.97 K  E    -234.433502 Ha
  Step    23470    11735.00 fs  T 1458.81 K  E    -234.412898 Ha
  Step    23480    11740.00 fs  T 1218.40 K  E    -234.426889 Ha
  Step    23490    11745.00 fs  T 1363.60 K  E    -234.406705 Ha
  Step    23500    11750.00 fs  T 2327.18 K  E    -234.347187 Ha
  Step    23510    11755.00 fs  T 3053.15 K  E    -234.292270 Ha
  Step    23520    11760.00 fs  T 1674.94 K  E    -234.393739 Ha
  Step    23530    11765.00 fs  T 1545.86 K  E    -234.398582 Ha
  Step    23540    11770.00 fs  T 2079.44 K  E    -234.359710 Ha
  Step    23550    11775.00 fs  T 1774.29 K  E    -234.383365 Ha
  Step    23560    11780.00 fs  T 2531.67 K  E    -234.331544 Ha
  Step    23570    11785.00 fs  T 1513.64 K  E    -234.409457 Ha
  Step    23580    11790.00 fs  T 1817.68 K  E    -234.386186 Ha
  Step    23590    11795.00 fs  T 2496.15 K  E    -234.330099 Ha
  Step    23600    11800.00 fs  T 2135.84 K  E    -234.361477 Ha
  Step    23610    11805.00 fs  T 1445.20 K  E    -234.414561 Ha
  Step    23620    11810.00 fs  T 2518.43 K  E    -234.333935 Ha
  Step    23630    11815.00 fs  T 2604.07 K  E    -234.323885 Ha
  Step    23640    11820.00 fs  T 1317.19 K  E    -234.416614 Ha
  Step    23650    11825.00 fs  T 2370.06 K  E    -234.345868 Ha
  Step    23660    11830.00 fs  T 2203.89 K  E    -234.355587 Ha
  Step    23670    11835.00 fs  T 1806.00 K  E    -234.382319 Ha
  Step    23680    11840.00 fs  T 1871.78 K  E    -234.375607 Ha
  Step    23690    11845.00 fs  T 2330.21 K  E    -234.348403 Ha
  Step    23700    11850.00 fs  T 1977.29 K  E    -234.375489 Ha
  Step    23710    11855.00 fs  T 2375.40 K  E    -234.343518 Ha
  Step    23720    11860.00 fs  T 1941.81 K  E    -234.372684 Ha
  Step    23730    11865.00 fs  T 1710.12 K  E    -234.390145 Ha
  Step    23740    11870.00 fs  T 1412.53 K  E    -234.413323 Ha
  Step    23750    11875.00 fs  T 2106.53 K  E    -234.363034 Ha
  Step    23760    11880.00 fs  T 1776.40 K  E    -234.384304 Ha
  Step    23770    11885.00 fs  T 1933.80 K  E    -234.371729 Ha
  Step    23780    11890.00 fs  T 1840.33 K  E    -234.383009 Ha
  Step    23790    11895.00 fs  T 2707.33 K  E    -234.320982 Ha
  Step    23800    11900.00 fs  T 1939.48 K  E    -234.377019 Ha
  Step    23810    11905.00 fs  T 2232.44 K  E    -234.354702 Ha
  Step    23820    11910.00 fs  T 2031.59 K  E    -234.366174 Ha
  Step    23830    11915.00 fs  T 1935.68 K  E    -234.369571 Ha
  Step    23840    11920.00 fs  T 1739.12 K  E    -234.377391 Ha
  Step    23850    11925.00 fs  T 1808.66 K  E    -234.379473 Ha
  Step    23860    11930.00 fs  T 1466.25 K  E    -234.404637 Ha
  Step    23870    11935.00 fs  T 1817.33 K  E    -234.382083 Ha
  Step    23880    11940.00 fs  T 2245.77 K  E    -234.351360 Ha
  Step    23890    11945.00 fs  T 2408.60 K  E    -234.339412 Ha
  Step    23900    11950.00 fs  T 2315.71 K  E    -234.341587 Ha
  Step    23910    11955.00 fs  T 1565.34 K  E    -234.399066 Ha
  Step    23920    11960.00 fs  T 1793.88 K  E    -234.387691 Ha
  Step    23930    11965.00 fs  T 2327.08 K  E    -234.343171 Ha
  Step    23940    11970.00 fs  T 2235.21 K  E    -234.354692 Ha
  Step    23950    11975.00 fs  T 1896.85 K  E    -234.379470 Ha
  Step    23960    11980.00 fs  T 2472.29 K  E    -234.342948 Ha
  Step    23970    11985.00 fs  T 2119.44 K  E    -234.362991 Ha
  Step    23980    11990.00 fs  T 2220.54 K  E    -234.352593 Ha
  Step    23990    11995.00 fs  T 1446.12 K  E    -234.408223 Ha
  Step    24000    12000.00 fs  T 2390.80 K  E    -234.337261 Ha
  Step    24010    12005.00 fs  T 2750.44 K  E    -234.314840 Ha
  Step    24020    12010.00 fs  T 2052.85 K  E    -234.370251 Ha
  Step    24030    12015.00 fs  T 2036.81 K  E    -234.369997 Ha
  Step    24040    12020.00 fs  T 1788.47 K  E    -234.387421 Ha
  Step    24050    12025.00 fs  T 1684.94 K  E    -234.394615 Ha
  Step    24060    12030.00 fs  T 2090.50 K  E    -234.363872 Ha
  Step    24070    12035.00 fs  T 2265.64 K  E    -234.347405 Ha
  Step    24080    12040.00 fs  T 1546.58 K  E    -234.404607 Ha
  Step    24090    12045.00 fs  T 1608.37 K  E    -234.399952 Ha
  Step    24100    12050.00 fs  T 1439.63 K  E    -234.410600 Ha
  Step    24110    12055.00 fs  T 1852.37 K  E    -234.379456 Ha
  Step    24120    12060.00 fs  T 2011.71 K  E    -234.365782 Ha
  Step    24130    12065.00 fs  T 2344.50 K  E    -234.337491 Ha
  Step    24140    12070.00 fs  T 2616.67 K  E    -234.321298 Ha
  Step    24150    12075.00 fs  T 2422.80 K  E    -234.338634 Ha
  Step    24160    12080.00 fs  T 2102.33 K  E    -234.365337 Ha
  Step    24170    12085.00 fs  T 2175.38 K  E    -234.360374 Ha
  Step    24180    12090.00 fs  T 2811.91 K  E    -234.311457 Ha
  Step    24190    12095.00 fs  T 2732.45 K  E    -234.307316 Ha
  Step    24200    12100.00 fs  T 2128.18 K  E    -234.363743 Ha
  Step    24210    12105.00 fs  T 2242.35 K  E    -234.349295 Ha
  Step    24220    12110.00 fs  T 2494.40 K  E    -234.336170 Ha
  Step    24230    12115.00 fs  T 1757.67 K  E    -234.393290 Ha
  Step    24240    12120.00 fs  T 1961.89 K  E    -234.374239 Ha
  Step    24250    12125.00 fs  T 1913.26 K  E    -234.380395 Ha
  Step    24260    12130.00 fs  T 1895.76 K  E    -234.373523 Ha
  Step    24270    12135.00 fs  T 1471.96 K  E    -234.408811 Ha
  Step    24280    12140.00 fs  T 2036.69 K  E    -234.356913 Ha
  Step    24290    12145.00 fs  T 1897.38 K  E    -234.378681 Ha
  Step    24300    12150.00 fs  T 3207.91 K  E    -234.286994 Ha
  Step    24310    12155.00 fs  T 1901.25 K  E    -234.379498 Ha
  Step    24320    12160.00 fs  T 2168.93 K  E    -234.358550 Ha
  Step    24330    12165.00 fs  T 1790.13 K  E    -234.387186 Ha
  Step    24340    12170.00 fs  T 1696.60 K  E    -234.390842 Ha
  Step    24350    12175.00 fs  T 2646.93 K  E    -234.323168 Ha
  Step    24360    12180.00 fs  T 2169.76 K  E    -234.358565 Ha
  Step    24370    12185.00 fs  T 1926.58 K  E    -234.376701 Ha
  Step    24380    12190.00 fs  T 2649.40 K  E    -234.321293 Ha
  Step    24390    12195.00 fs  T 2238.83 K  E    -234.350269 Ha
  Step    24400    12200.00 fs  T 1863.22 K  E    -234.379708 Ha
  Step    24410    12205.00 fs  T 1622.34 K  E    -234.396626 Ha
  Step    24420    12210.00 fs  T 2121.01 K  E    -234.362312 Ha
  Step    24430    12215.00 fs  T 1671.15 K  E    -234.395533 Ha
  Step    24440    12220.00 fs  T 2052.62 K  E    -234.366545 Ha
  Step    24450    12225.00 fs  T 1466.49 K  E    -234.409939 Ha
  Step    24460    12230.00 fs  T 1988.77 K  E    -234.375212 Ha
  Step    24470    12235.00 fs  T 1842.60 K  E    -234.388153 Ha
  Step    24480    12240.00 fs  T 2453.23 K  E    -234.341857 Ha
  Step    24490    12245.00 fs  T 2167.05 K  E    -234.364844 Ha
  Step    24500    12250.00 fs  T 1742.52 K  E    -234.395999 Ha
  Step    24510    12255.00 fs  T 2702.58 K  E    -234.320291 Ha
  Step    24520    12260.00 fs  T 2324.85 K  E    -234.343482 Ha
  Step    24530    12265.00 fs  T 1545.38 K  E    -234.406706 Ha
  Step    24540    12270.00 fs  T 1982.04 K  E    -234.376408 Ha
  Step    24550    12275.00 fs  T 1220.03 K  E    -234.426100 Ha
  Step    24560    12280.00 fs  T 1472.31 K  E    -234.413847 Ha
  Step    24570    12285.00 fs  T 2521.26 K  E    -234.340829 Ha
  Step    24580    12290.00 fs  T 1562.66 K  E    -234.403201 Ha
  Step    24590    12295.00 fs  T 2171.58 K  E    -234.355793 Ha
  Step    24600    12300.00 fs  T 2042.70 K  E    -234.369632 Ha
  Step    24610    12305.00 fs  T 2310.71 K  E    -234.346857 Ha
  Step    24620    12310.00 fs  T 1638.58 K  E    -234.400399 Ha
  Step    24630    12315.00 fs  T 1684.30 K  E    -234.394782 Ha
  Step    24640    12320.00 fs  T 1887.77 K  E    -234.375666 Ha
  Step    24650    12325.00 fs  T 2295.75 K  E    -234.347636 Ha
  Step    24660    12330.00 fs  T 1875.92 K  E    -234.380748 Ha
  Step    24670    12335.00 fs  T 1547.48 K  E    -234.396674 Ha
  Step    24680    12340.00 fs  T 1162.24 K  E    -234.430450 Ha
  Step    24690    12345.00 fs  T 1813.08 K  E    -234.375418 Ha
  Step    24700    12350.00 fs  T 1983.95 K  E    -234.367283 Ha
  Step    24710    12355.00 fs  T 1993.61 K  E    -234.369560 Ha
  Step    24720    12360.00 fs  T 1245.21 K  E    -234.430108 Ha
  Step    24730    12365.00 fs  T 2159.99 K  E    -234.362933 Ha
  Step    24740    12370.00 fs  T 1612.61 K  E    -234.396591 Ha
  Step    24750    12375.00 fs  T 1934.22 K  E    -234.377878 Ha
  Step    24760    12380.00 fs  T 2182.38 K  E    -234.354683 Ha
  Step    24770    12385.00 fs  T 2262.94 K  E    -234.348057 Ha
  Step    24780    12390.00 fs  T 2562.04 K  E    -234.325863 Ha
  Step    24790    12395.00 fs  T 1780.41 K  E    -234.369897 Ha
  Step    24800    12400.00 fs  T 1580.45 K  E    -234.399738 Ha
  Step    24810    12405.00 fs  T 2394.97 K  E    -234.341508 Ha
  Step    24820    12410.00 fs  T 1551.37 K  E    -234.398096 Ha
  Step    24830    12415.00 fs  T 1651.10 K  E    -234.398280 Ha
  Step    24840    12420.00 fs  T 1815.93 K  E    -234.383413 Ha
  Step    24850    12425.00 fs  T 1472.99 K  E    -234.405849 Ha
  Step    24860    12430.00 fs  T 2196.38 K  E    -234.353622 Ha
  Step    24870    12435.00 fs  T 2270.38 K  E    -234.350859 Ha
  Step    24880    12440.00 fs  T 1766.24 K  E    -234.382217 Ha
  Step    24890    12445.00 fs  T 1626.74 K  E    -234.392119 Ha
  Step    24900    12450.00 fs  T 2402.97 K  E    -234.343846 Ha
  Step    24910    12455.00 fs  T 2527.21 K  E    -234.335446 Ha
  Step    24920    12460.00 fs  T 2349.08 K  E    -234.345597 Ha
  Step    24930    12465.00 fs  T 1688.05 K  E    -234.399812 Ha
  Step    24940    12470.00 fs  T 2578.05 K  E    -234.326315 Ha
  Step    24950    12475.00 fs  T 2221.00 K  E    -234.354424 Ha
  Step    24960    12480.00 fs  T 2101.92 K  E    -234.363401 Ha
  Step    24970    12485.00 fs  T 1860.70 K  E    -234.375608 Ha
  Step    24980    12490.00 fs  T 2698.42 K  E    -234.321607 Ha
  Step    24990    12495.00 fs  T 2398.83 K  E    -234.345646 Ha
  Step    25000    12500.00 fs  T 1892.10 K  E    -234.375417 Ha
  Step    25010    12505.00 fs  T 2752.36 K  E    -234.320928 Ha
  Step    25020    12510.00 fs  T 2765.09 K  E    -234.318982 Ha
  Step    25030    12515.00 fs  T 1822.64 K  E    -234.384296 Ha
  Step    25040    12520.00 fs  T 2408.71 K  E    -234.339633 Ha
  Step    25050    12525.00 fs  T 1695.38 K  E    -234.383046 Ha
  Step    25060    12530.00 fs  T 1842.21 K  E    -234.382100 Ha
  Step    25070    12535.00 fs  T 1972.95 K  E    -234.371781 Ha
  Step    25080    12540.00 fs  T 3132.80 K  E    -234.289533 Ha
  Step    25090    12545.00 fs  T 2167.97 K  E    -234.360066 Ha
  Step    25100    12550.00 fs  T 2643.31 K  E    -234.323870 Ha
  Step    25110    12555.00 fs  T 1436.99 K  E    -234.414906 Ha
  Step    25120    12560.00 fs  T 1812.70 K  E    -234.380284 Ha
  Step    25130    12565.00 fs  T 1547.57 K  E    -234.405417 Ha
  Step    25140    12570.00 fs  T 1912.21 K  E    -234.379141 Ha
  Step    25150    12575.00 fs  T 1420.15 K  E    -234.407367 Ha
  Step    25160    12580.00 fs  T 1728.69 K  E    -234.386832 Ha
  Step    25170    12585.00 fs  T 2011.65 K  E    -234.360751 Ha
  Step    25180    12590.00 fs  T 2677.85 K  E    -234.318384 Ha
  Step    25190    12595.00 fs  T 1338.84 K  E    -234.419672 Ha
  Step    25200    12600.00 fs  T 1930.08 K  E    -234.373951 Ha
  Step    25210    12605.00 fs  T 2204.88 K  E    -234.356272 Ha
  Step    25220    12610.00 fs  T 2144.85 K  E    -234.361345 Ha
  Step    25230    12615.00 fs  T 2266.20 K  E    -234.348983 Ha
  Step    25240    12620.00 fs  T 2015.76 K  E    -234.368664 Ha
  Step    25250    12625.00 fs  T 2701.35 K  E    -234.321634 Ha
  Step    25260    12630.00 fs  T 2089.41 K  E    -234.361997 Ha
  Step    25270    12635.00 fs  T 2452.94 K  E    -234.339934 Ha
  Step    25280    12640.00 fs  T 2386.78 K  E    -234.344737 Ha
  Step    25290    12645.00 fs  T 2160.64 K  E    -234.356025 Ha
  Step    25300    12650.00 fs  T 1696.57 K  E    -234.391751 Ha
  Step    25310    12655.00 fs  T 2425.77 K  E    -234.339123 Ha
  Step    25320    12660.00 fs  T 1735.55 K  E    -234.391702 Ha
  Step    25330    12665.00 fs  T 2829.57 K  E    -234.314065 Ha
  Step    25340    12670.00 fs  T 2687.23 K  E    -234.322392 Ha
  Step    25350    12675.00 fs  T 1922.84 K  E    -234.375515 Ha
  Step    25360    12680.00 fs  T 1824.00 K  E    -234.382174 Ha
  Step    25370    12685.00 fs  T 2825.48 K  E    -234.308328 Ha
  Step    25380    12690.00 fs  T 2388.42 K  E    -234.343469 Ha
  Step    25390    12695.00 fs  T 2013.02 K  E    -234.376753 Ha
  Step    25400    12700.00 fs  T 1788.67 K  E    -234.386803 Ha
  Step    25410    12705.00 fs  T 1801.29 K  E    -234.390095 Ha
  Step    25420    12710.00 fs  T 1911.93 K  E    -234.377767 Ha
  Step    25430    12715.00 fs  T 1633.88 K  E    -234.397413 Ha
  Step    25440    12720.00 fs  T 1788.86 K  E    -234.380208 Ha
  Step    25450    12725.00 fs  T 1836.64 K  E    -234.385476 Ha
  Step    25460    12730.00 fs  T 2364.04 K  E    -234.342805 Ha
  Step    25470    12735.00 fs  T 1618.39 K  E    -234.399004 Ha
  Step    25480    12740.00 fs  T 1737.05 K  E    -234.392705 Ha
  Step    25490    12745.00 fs  T 2253.94 K  E    -234.351706 Ha
  Step    25500    12750.00 fs  T 2529.83 K  E    -234.321920 Ha
  Step    25510    12755.00 fs  T 1527.16 K  E    -234.399777 Ha
  Step    25520    12760.00 fs  T 2242.56 K  E    -234.348609 Ha
  Step    25530    12765.00 fs  T 2789.10 K  E    -234.308419 Ha
  Step    25540    12770.00 fs  T 1777.32 K  E    -234.385900 Ha
  Step    25550    12775.00 fs  T 2028.24 K  E    -234.369460 Ha
  Step    25560    12780.00 fs  T 2087.66 K  E    -234.366028 Ha
  Step    25570    12785.00 fs  T 2546.99 K  E    -234.324186 Ha
  Step    25580    12790.00 fs  T 1322.62 K  E    -234.418259 Ha
  Step    25590    12795.00 fs  T 1937.05 K  E    -234.380216 Ha
  Step    25600    12800.00 fs  T 1798.60 K  E    -234.384488 Ha
  Step    25610    12805.00 fs  T 2240.31 K  E    -234.351095 Ha
  Step    25620    12810.00 fs  T 1935.27 K  E    -234.375760 Ha
  Step    25630    12815.00 fs  T 2394.65 K  E    -234.339051 Ha
  Step    25640    12820.00 fs  T 3636.07 K  E    -234.246877 Ha
  Step    25650    12825.00 fs  T 2314.42 K  E    -234.340309 Ha
  Step    25660    12830.00 fs  T 1792.73 K  E    -234.388827 Ha
  Step    25670    12835.00 fs  T 2216.94 K  E    -234.353931 Ha
  Step    25680    12840.00 fs  T 2832.74 K  E    -234.307093 Ha
  Step    25690    12845.00 fs  T 1998.78 K  E    -234.362665 Ha
  Step    25700    12850.00 fs  T 2221.01 K  E    -234.353339 Ha
  Step    25710    12855.00 fs  T 1513.08 K  E    -234.404378 Ha
  Step    25720    12860.00 fs  T 2364.56 K  E    -234.341491 Ha
  Step    25730    12865.00 fs  T 2136.85 K  E    -234.355928 Ha
  Step    25740    12870.00 fs  T 2234.46 K  E    -234.355774 Ha
  Step    25750    12875.00 fs  T 2116.05 K  E    -234.358377 Ha
  Step    25760    12880.00 fs  T 1620.61 K  E    -234.394897 Ha
  Step    25770    12885.00 fs  T 2107.50 K  E    -234.352565 Ha
  Step    25780    12890.00 fs  T 2566.75 K  E    -234.321556 Ha
  Step    25790    12895.00 fs  T 2057.20 K  E    -234.355741 Ha
  Step    25800    12900.00 fs  T 2179.46 K  E    -234.345516 Ha
  Step    25810    12905.00 fs  T 2622.45 K  E    -234.319574 Ha
  Step    25820    12910.00 fs  T 1976.50 K  E    -234.368273 Ha
  Step    25830    12915.00 fs  T 1725.09 K  E    -234.390416 Ha
  Step    25840    12920.00 fs  T 2407.10 K  E    -234.333207 Ha
  Step    25850    12925.00 fs  T 2369.52 K  E    -234.340530 Ha
  Step    25860    12930.00 fs  T 2152.50 K  E    -234.358257 Ha
  Step    25870    12935.00 fs  T 2053.16 K  E    -234.360664 Ha
  Step    25880    12940.00 fs  T 1492.25 K  E    -234.400106 Ha
  Step    25890    12945.00 fs  T 1785.24 K  E    -234.379684 Ha
  Step    25900    12950.00 fs  T 1806.84 K  E    -234.380265 Ha
  Step    25910    12955.00 fs  T 2154.81 K  E    -234.363401 Ha
  Step    25920    12960.00 fs  T 2025.65 K  E    -234.362549 Ha
  Step    25930    12965.00 fs  T 1855.88 K  E    -234.381994 Ha
  Step    25940    12970.00 fs  T 2368.66 K  E    -234.339092 Ha
  Step    25950    12975.00 fs  T 2200.67 K  E    -234.354653 Ha
  Step    25960    12980.00 fs  T 2011.72 K  E    -234.362994 Ha
  Step    25970    12985.00 fs  T 1805.25 K  E    -234.377143 Ha
  Step    25980    12990.00 fs  T 1495.60 K  E    -234.398434 Ha
  Step    25990    12995.00 fs  T 1892.20 K  E    -234.373884 Ha
  Step    26000    13000.00 fs  T 1715.76 K  E    -234.382628 Ha
  Step    26010    13005.00 fs  T 1796.69 K  E    -234.384891 Ha
  Step    26020    13010.00 fs  T 2086.39 K  E    -234.363357 Ha
  Step    26030    13015.00 fs  T 2807.09 K  E    -234.313820 Ha
  Step    26040    13020.00 fs  T 2975.48 K  E    -234.299711 Ha
  Step    26050    13025.00 fs  T 2089.15 K  E    -234.359401 Ha
  Step    26060    13030.00 fs  T 1742.32 K  E    -234.389051 Ha
  Step    26070    13035.00 fs  T 2342.82 K  E    -234.342427 Ha
  Step    26080    13040.00 fs  T 2401.78 K  E    -234.336674 Ha
  Step    26090    13045.00 fs  T 2373.81 K  E    -234.341420 Ha
  Step    26100    13050.00 fs  T 1991.12 K  E    -234.368592 Ha
  Step    26110    13055.00 fs  T 1907.68 K  E    -234.374091 Ha
  Step    26120    13060.00 fs  T 2364.63 K  E    -234.337472 Ha
  Step    26130    13065.00 fs  T 1687.31 K  E    -234.394347 Ha
  Step    26140    13070.00 fs  T 3114.53 K  E    -234.298552 Ha
  Step    26150    13075.00 fs  T 1779.17 K  E    -234.382105 Ha
  Step    26160    13080.00 fs  T 2535.96 K  E    -234.334775 Ha
  Step    26170    13085.00 fs  T 1431.74 K  E    -234.411405 Ha
  Step    26180    13090.00 fs  T 2354.41 K  E    -234.329995 Ha
  Step    26190    13095.00 fs  T 2445.56 K  E    -234.335186 Ha
  Step    26200    13100.00 fs  T 2237.08 K  E    -234.347632 Ha
  Step    26210    13105.00 fs  T 1361.38 K  E    -234.413201 Ha
  Step    26220    13110.00 fs  T 2687.70 K  E    -234.320925 Ha
  Step    26230    13115.00 fs  T 1508.93 K  E    -234.404710 Ha
  Step    26240    13120.00 fs  T 2491.42 K  E    -234.331965 Ha
  Step    26250    13125.00 fs  T 1961.91 K  E    -234.369005 Ha
  Step    26260    13130.00 fs  T 1995.70 K  E    -234.368872 Ha
  Step    26270    13135.00 fs  T 1550.92 K  E    -234.398972 Ha
  Step    26280    13140.00 fs  T 2449.16 K  E    -234.331559 Ha
  Step    26290    13145.00 fs  T 2387.60 K  E    -234.334510 Ha
  Step    26300    13150.00 fs  T 2321.90 K  E    -234.346552 Ha
  Step    26310    13155.00 fs  T 2035.08 K  E    -234.365692 Ha
  Step    26320    13160.00 fs  T 2044.87 K  E    -234.370719 Ha
  Step    26330    13165.00 fs  T 1773.83 K  E    -234.385020 Ha
  Step    26340    13170.00 fs  T 1519.33 K  E    -234.405713 Ha
  Step    26350    13175.00 fs  T 1792.65 K  E    -234.369947 Ha
  Step    26360    13180.00 fs  T 2053.82 K  E    -234.361530 Ha
  Step    26370    13185.00 fs  T 2005.57 K  E    -234.373033 Ha
  Step    26380    13190.00 fs  T 2211.12 K  E    -234.352157 Ha
  Step    26390    13195.00 fs  T 2313.94 K  E    -234.344563 Ha
  Step    26400    13200.00 fs  T 2107.04 K  E    -234.359579 Ha
  Step    26410    13205.00 fs  T 1466.72 K  E    -234.408623 Ha
  Step    26420    13210.00 fs  T 1860.88 K  E    -234.379891 Ha
  Step    26430    13215.00 fs  T 1552.19 K  E    -234.404895 Ha
  Step    26440    13220.00 fs  T 1856.23 K  E    -234.386702 Ha
  Step    26450    13225.00 fs  T 2294.57 K  E    -234.352282 Ha
  Step    26460    13230.00 fs  T 1740.60 K  E    -234.384570 Ha
  Step    26470    13235.00 fs  T 2234.61 K  E    -234.351022 Ha
  Step    26480    13240.00 fs  T 1661.88 K  E    -234.393003 Ha
  Step    26490    13245.00 fs  T 2027.46 K  E    -234.363167 Ha
  Step    26500    13250.00 fs  T 3101.84 K  E    -234.287627 Ha
  Step    26510    13255.00 fs  T 2549.20 K  E    -234.326295 Ha
  Step    26520    13260.00 fs  T 1596.08 K  E    -234.396671 Ha
  Step    26530    13265.00 fs  T 1581.17 K  E    -234.398390 Ha
  Step    26540    13270.00 fs  T 2393.65 K  E    -234.334791 Ha
  Step    26550    13275.00 fs  T 2471.94 K  E    -234.337607 Ha
  Step    26560    13280.00 fs  T 2219.82 K  E    -234.353051 Ha
  Step    26570    13285.00 fs  T 1572.02 K  E    -234.390469 Ha
  Step    26580    13290.00 fs  T 1748.73 K  E    -234.383012 Ha
  Step    26590    13295.00 fs  T 2430.23 K  E    -234.327432 Ha
  Step    26600    13300.00 fs  T 1512.63 K  E    -234.405852 Ha
  Step    26610    13305.00 fs  T 1486.78 K  E    -234.402797 Ha
  Step    26620    13310.00 fs  T 1900.10 K  E    -234.377336 Ha
  Step    26630    13315.00 fs  T 1719.57 K  E    -234.392607 Ha
  Step    26640    13320.00 fs  T 1135.93 K  E    -234.431097 Ha
  Step    26650    13325.00 fs  T 1239.53 K  E    -234.423322 Ha
  Step    26660    13330.00 fs  T 2098.83 K  E    -234.359693 Ha
  Step    26670    13335.00 fs  T 2102.06 K  E    -234.355190 Ha
  Step    26680    13340.00 fs  T 3109.33 K  E    -234.287839 Ha
  Step    26690    13345.00 fs  T 1990.16 K  E    -234.370950 Ha
  Step    26700    13350.00 fs  T 2566.39 K  E    -234.329984 Ha
  Step    26710    13355.00 fs  T 1550.99 K  E    -234.392240 Ha
  Step    26720    13360.00 fs  T 2214.70 K  E    -234.345352 Ha
  Step    26730    13365.00 fs  T 2198.34 K  E    -234.348710 Ha
  Step    26740    13370.00 fs  T 2779.51 K  E    -234.312986 Ha
  Step    26750    13375.00 fs  T 2796.45 K  E    -234.307746 Ha
  Step    26760    13380.00 fs  T 1819.53 K  E    -234.384257 Ha
  Step    26770    13385.00 fs  T 2098.09 K  E    -234.363473 Ha
  Step    26780    13390.00 fs  T 1039.34 K  E    -234.434459 Ha
  Step    26790    13395.00 fs  T 3236.89 K  E    -234.283457 Ha
  Step    26800    13400.00 fs  T 2437.06 K  E    -234.334082 Ha
  Step    26810    13405.00 fs  T 2311.78 K  E    -234.346026 Ha
  Step    26820    13410.00 fs  T 2547.67 K  E    -234.328561 Ha
  Step    26830    13415.00 fs  T 1426.53 K  E    -234.408543 Ha
  Step    26840    13420.00 fs  T 2120.93 K  E    -234.357562 Ha
  Step    26850    13425.00 fs  T 1941.42 K  E    -234.372311 Ha
  Step    26860    13430.00 fs  T 1723.35 K  E    -234.381833 Ha
  Step    26870    13435.00 fs  T 2130.41 K  E    -234.362807 Ha
  Step    26880    13440.00 fs  T 2251.30 K  E    -234.353207 Ha
  Step    26890    13445.00 fs  T 1568.20 K  E    -234.403832 Ha
  Step    26900    13450.00 fs  T 2489.24 K  E    -234.324707 Ha
  Step    26910    13455.00 fs  T 2418.31 K  E    -234.337315 Ha
  Step    26920    13460.00 fs  T 1423.34 K  E    -234.400195 Ha
  Step    26930    13465.00 fs  T 1982.33 K  E    -234.370160 Ha
  Step    26940    13470.00 fs  T 2192.11 K  E    -234.353959 Ha
  Step    26950    13475.00 fs  T 1611.43 K  E    -234.400154 Ha
  Step    26960    13480.00 fs  T 2087.55 K  E    -234.362624 Ha
  Step    26970    13485.00 fs  T 2004.67 K  E    -234.364256 Ha
  Step    26980    13490.00 fs  T 1793.79 K  E    -234.378916 Ha
  Step    26990    13495.00 fs  T 2490.96 K  E    -234.328636 Ha
  Step    27000    13500.00 fs  T 2231.95 K  E    -234.351583 Ha
  Step    27010    13505.00 fs  T 2111.22 K  E    -234.356249 Ha
  Step    27020    13510.00 fs  T 2256.53 K  E    -234.340987 Ha
  Step    27030    13515.00 fs  T 1671.61 K  E    -234.389197 Ha
  Step    27040    13520.00 fs  T 1940.42 K  E    -234.370753 Ha
  Step    27050    13525.00 fs  T 2085.30 K  E    -234.358493 Ha
  Step    27060    13530.00 fs  T 3074.07 K  E    -234.289900 Ha
  Step    27070    13535.00 fs  T 2634.93 K  E    -234.313175 Ha
  Step    27080    13540.00 fs  T 1536.00 K  E    -234.401320 Ha
  Step    27090    13545.00 fs  T 2131.07 K  E    -234.362240 Ha
  Step    27100    13550.00 fs  T 1862.61 K  E    -234.384152 Ha
  Step    27110    13555.00 fs  T 2622.49 K  E    -234.332417 Ha
  Step    27120    13560.00 fs  T 2342.34 K  E    -234.349182 Ha
  Step    27130    13565.00 fs  T 2578.82 K  E    -234.329918 Ha
  Step    27140    13570.00 fs  T 1785.28 K  E    -234.382477 Ha
  Step    27150    13575.00 fs  T 2209.10 K  E    -234.354018 Ha
  Step    27160    13580.00 fs  T 1740.30 K  E    -234.387357 Ha
  Step    27170    13585.00 fs  T 1839.70 K  E    -234.368726 Ha
  Step    27180    13590.00 fs  T 1893.75 K  E    -234.373396 Ha
  Step    27190    13595.00 fs  T 2630.83 K  E    -234.317060 Ha
  Step    27200    13600.00 fs  T 2586.97 K  E    -234.322993 Ha
  Step    27210    13605.00 fs  T 1388.04 K  E    -234.394427 Ha
  Step    27220    13610.00 fs  T 2024.17 K  E    -234.357922 Ha
  Step    27230    13615.00 fs  T 1556.23 K  E    -234.393847 Ha
  Step    27240    13620.00 fs  T 1899.39 K  E    -234.372677 Ha
  Step    27250    13625.00 fs  T 2183.53 K  E    -234.358406 Ha
  Step    27260    13630.00 fs  T 2271.35 K  E    -234.352067 Ha
  Step    27270    13635.00 fs  T 1926.00 K  E    -234.367595 Ha
  Step    27280    13640.00 fs  T 2003.72 K  E    -234.367937 Ha
  Step    27290    13645.00 fs  T 1756.86 K  E    -234.389479 Ha
  Step    27300    13650.00 fs  T 1295.03 K  E    -234.419582 Ha
  Step    27310    13655.00 fs  T 2083.69 K  E    -234.359706 Ha
  Step    27320    13660.00 fs  T 1687.42 K  E    -234.390903 Ha
  Step    27330    13665.00 fs  T 1531.67 K  E    -234.398519 Ha
  Step    27340    13670.00 fs  T 1563.16 K  E    -234.404529 Ha
  Step    27350    13675.00 fs  T 1989.57 K  E    -234.373027 Ha
  Step    27360    13680.00 fs  T 2231.19 K  E    -234.346729 Ha
  Step    27370    13685.00 fs  T 1880.98 K  E    -234.375386 Ha
  Step    27380    13690.00 fs  T 1463.00 K  E    -234.404360 Ha
  Step    27390    13695.00 fs  T 1948.68 K  E    -234.368615 Ha
  Step    27400    13700.00 fs  T 2264.63 K  E    -234.340829 Ha
  Step    27410    13705.00 fs  T 2465.76 K  E    -234.333846 Ha
  Step    27420    13710.00 fs  T 2064.80 K  E    -234.366598 Ha
  Step    27430    13715.00 fs  T 2097.24 K  E    -234.357528 Ha
  Step    27440    13720.00 fs  T 2407.17 K  E    -234.336869 Ha
  Step    27450    13725.00 fs  T 1892.93 K  E    -234.379773 Ha
  Step    27460    13730.00 fs  T 2092.68 K  E    -234.366490 Ha
  Step    27470    13735.00 fs  T 2389.63 K  E    -234.340998 Ha
  Step    27480    13740.00 fs  T 1846.96 K  E    -234.382302 Ha
  Step    27490    13745.00 fs  T 2645.34 K  E    -234.326999 Ha
  Step    27500    13750.00 fs  T 2057.32 K  E    -234.361067 Ha
  Step    27510    13755.00 fs  T 2165.95 K  E    -234.359977 Ha
  Step    27520    13760.00 fs  T 1807.69 K  E    -234.383857 Ha
  Step    27530    13765.00 fs  T 2216.52 K  E    -234.355017 Ha
  Step    27540    13770.00 fs  T 1248.15 K  E    -234.418386 Ha
  Step    27550    13775.00 fs  T 2318.79 K  E    -234.343297 Ha
  Step    27560    13780.00 fs  T 2366.00 K  E    -234.340182 Ha
  Step    27570    13785.00 fs  T 1943.13 K  E    -234.366497 Ha
  Step    27580    13790.00 fs  T 2528.09 K  E    -234.330851 Ha
  Step    27590    13795.00 fs  T 2135.56 K  E    -234.355658 Ha
  Step    27600    13800.00 fs  T 1965.11 K  E    -234.361396 Ha
  Step    27610    13805.00 fs  T 1746.43 K  E    -234.384593 Ha
  Step    27620    13810.00 fs  T 2233.35 K  E    -234.345050 Ha
  Step    27630    13815.00 fs  T 1048.04 K  E    -234.429651 Ha
  Step    27640    13820.00 fs  T 1484.54 K  E    -234.401595 Ha
  Step    27650    13825.00 fs  T 1611.45 K  E    -234.396536 Ha
  Step    27660    13830.00 fs  T 1439.64 K  E    -234.399703 Ha
  Step    27670    13835.00 fs  T 2602.59 K  E    -234.323043 Ha
  Step    27680    13840.00 fs  T 2148.06 K  E    -234.353708 Ha
  Step    27690    13845.00 fs  T 1841.60 K  E    -234.377247 Ha
  Step    27700    13850.00 fs  T 1711.00 K  E    -234.389821 Ha
  Step    27710    13855.00 fs  T 2111.39 K  E    -234.360762 Ha
  Step    27720    13860.00 fs  T 2068.75 K  E    -234.355487 Ha
  Step    27730    13865.00 fs  T 1377.12 K  E    -234.416013 Ha
  Step    27740    13870.00 fs  T 2322.63 K  E    -234.348150 Ha
  Step    27750    13875.00 fs  T 1737.10 K  E    -234.380682 Ha
  Step    27760    13880.00 fs  T 1947.50 K  E    -234.368289 Ha
  Step    27770    13885.00 fs  T 1538.16 K  E    -234.400431 Ha
  Step    27780    13890.00 fs  T 2651.16 K  E    -234.315933 Ha
  Step    27790    13895.00 fs  T 1877.80 K  E    -234.377142 Ha
  Step    27800    13900.00 fs  T 2387.55 K  E    -234.339952 Ha
  Step    27810    13905.00 fs  T 2251.77 K  E    -234.349747 Ha
  Step    27820    13910.00 fs  T 2378.70 K  E    -234.336686 Ha
  Step    27830    13915.00 fs  T 1659.17 K  E    -234.390235 Ha
  Step    27840    13920.00 fs  T 2616.72 K  E    -234.324929 Ha
  Step    27850    13925.00 fs  T 2024.55 K  E    -234.368103 Ha
  Step    27860    13930.00 fs  T 1354.14 K  E    -234.410701 Ha
  Step    27870    13935.00 fs  T 1903.96 K  E    -234.374824 Ha
  Step    27880    13940.00 fs  T 2670.46 K  E    -234.317995 Ha
  Step    27890    13945.00 fs  T 1792.01 K  E    -234.379881 Ha
  Step    27900    13950.00 fs  T 1916.37 K  E    -234.368400 Ha
  Step    27910    13955.00 fs  T 1921.69 K  E    -234.371904 Ha
  Step    27920    13960.00 fs  T 2785.33 K  E    -234.316951 Ha
  Step    27930    13965.00 fs  T 1462.17 K  E    -234.409470 Ha
  Step    27940    13970.00 fs  T 1551.91 K  E    -234.401480 Ha
  Step    27950    13975.00 fs  T 1449.70 K  E    -234.404104 Ha
  Step    27960    13980.00 fs  T 1618.97 K  E    -234.396700 Ha
  Step    27970    13985.00 fs  T 2574.50 K  E    -234.328844 Ha
  Step    27980    13990.00 fs  T 2821.41 K  E    -234.312388 Ha
  Step    27990    13995.00 fs  T 2206.59 K  E    -234.352872 Ha
  Step    28000    14000.00 fs  T 1593.10 K  E    -234.397161 Ha
  Step    28010    14005.00 fs  T 2163.96 K  E    -234.360434 Ha
  Step    28020    14010.00 fs  T 2215.30 K  E    -234.355110 Ha
  Step    28030    14015.00 fs  T 2760.17 K  E    -234.316574 Ha
  Step    28040    14020.00 fs  T 1801.95 K  E    -234.388644 Ha
  Step    28050    14025.00 fs  T 1596.62 K  E    -234.399044 Ha
  Step    28060    14030.00 fs  T 1256.86 K  E    -234.418783 Ha
  Step    28070    14035.00 fs  T 2202.99 K  E    -234.356890 Ha
  Step    28080    14040.00 fs  T 2212.85 K  E    -234.353678 Ha
  Step    28090    14045.00 fs  T 2291.52 K  E    -234.337725 Ha
  Step    28100    14050.00 fs  T 1410.86 K  E    -234.408984 Ha
  Step    28110    14055.00 fs  T 1809.74 K  E    -234.379203 Ha
  Step    28120    14060.00 fs  T 1747.41 K  E    -234.387934 Ha
  Step    28130    14065.00 fs  T 2018.56 K  E    -234.374268 Ha
  Step    28140    14070.00 fs  T 1771.41 K  E    -234.379912 Ha
  Step    28150    14075.00 fs  T 2129.01 K  E    -234.353850 Ha
  Step    28160    14080.00 fs  T 2059.81 K  E    -234.363972 Ha
  Step    28170    14085.00 fs  T 3040.83 K  E    -234.297196 Ha
  Step    28180    14090.00 fs  T 1451.85 K  E    -234.412314 Ha
  Step    28190    14095.00 fs  T 1998.01 K  E    -234.372592 Ha
  Step    28200    14100.00 fs  T 2246.51 K  E    -234.349927 Ha
  Step    28210    14105.00 fs  T 2459.89 K  E    -234.335076 Ha
  Step    28220    14110.00 fs  T 2443.16 K  E    -234.336557 Ha
  Step    28230    14115.00 fs  T 2234.26 K  E    -234.348163 Ha
  Step    28240    14120.00 fs  T 1940.46 K  E    -234.366610 Ha
  Step    28250    14125.00 fs  T 1714.15 K  E    -234.388442 Ha
  Step    28260    14130.00 fs  T 2752.08 K  E    -234.315736 Ha
  Step    28270    14135.00 fs  T 2424.26 K  E    -234.341728 Ha
  Step    28280    14140.00 fs  T 2490.68 K  E    -234.334740 Ha
  Step    28290    14145.00 fs  T 1953.82 K  E    -234.371539 Ha
  Step    28300    14150.00 fs  T 2331.44 K  E    -234.349315 Ha
  Step    28310    14155.00 fs  T 3109.12 K  E    -234.284668 Ha
  Step    28320    14160.00 fs  T 2161.30 K  E    -234.353844 Ha
  Step    28330    14165.00 fs  T 2238.43 K  E    -234.354747 Ha
  Step    28340    14170.00 fs  T 2355.56 K  E    -234.345948 Ha
  Step    28350    14175.00 fs  T 1835.31 K  E    -234.377514 Ha
  Step    28360    14180.00 fs  T 1779.64 K  E    -234.382430 Ha
  Step    28370    14185.00 fs  T 1758.41 K  E    -234.382148 Ha
  Step    28380    14190.00 fs  T 1265.09 K  E    -234.420198 Ha
  Step    28390    14195.00 fs  T 2292.77 K  E    -234.348628 Ha
  Step    28400    14200.00 fs  T 2797.85 K  E    -234.314612 Ha
  Step    28410    14205.00 fs  T 2164.75 K  E    -234.361589 Ha
  Step    28420    14210.00 fs  T 2508.59 K  E    -234.331015 Ha
  Step    28430    14215.00 fs  T 2100.95 K  E    -234.358110 Ha
  Step    28440    14220.00 fs  T 1921.54 K  E    -234.372405 Ha
  Step    28450    14225.00 fs  T 2228.25 K  E    -234.350923 Ha
  Step    28460    14230.00 fs  T 1342.63 K  E    -234.415307 Ha
  Step    28470    14235.00 fs  T 2354.78 K  E    -234.345630 Ha
  Step    28480    14240.00 fs  T 2381.86 K  E    -234.345715 Ha
  Step    28490    14245.00 fs  T 1768.45 K  E    -234.387517 Ha
  Step    28500    14250.00 fs  T 2173.62 K  E    -234.353129 Ha
  Step    28510    14255.00 fs  T 2108.05 K  E    -234.366020 Ha
  Step    28520    14260.00 fs  T 2839.85 K  E    -234.308250 Ha
  Step    28530    14265.00 fs  T 1451.90 K  E    -234.408126 Ha
  Step    28540    14270.00 fs  T 1507.72 K  E    -234.404156 Ha
  Step    28550    14275.00 fs  T 2044.49 K  E    -234.364832 Ha
  Step    28560    14280.00 fs  T 1932.16 K  E    -234.373091 Ha
  Step    28570    14285.00 fs  T 2554.11 K  E    -234.331856 Ha
  Step    28580    14290.00 fs  T 1672.35 K  E    -234.382845 Ha
  Step    28590    14295.00 fs  T 1935.04 K  E    -234.373473 Ha
  Step    28600    14300.00 fs  T 1854.96 K  E    -234.374229 Ha
  Step    28610    14305.00 fs  T 2118.32 K  E    -234.361663 Ha
  Step    28620    14310.00 fs  T 1422.83 K  E    -234.409886 Ha
  Step    28630    14315.00 fs  T 2107.68 K  E    -234.360828 Ha
  Step    28640    14320.00 fs  T 2612.55 K  E    -234.323124 Ha
  Step    28650    14325.00 fs  T 1950.29 K  E    -234.373805 Ha
  Step    28660    14330.00 fs  T 1817.63 K  E    -234.379379 Ha
  Step    28670    14335.00 fs  T 2072.96 K  E    -234.355756 Ha
  Step    28680    14340.00 fs  T 1717.57 K  E    -234.386023 Ha
  Step    28690    14345.00 fs  T 2053.33 K  E    -234.364700 Ha
  Step    28700    14350.00 fs  T 1948.38 K  E    -234.375531 Ha
  Step    28710    14355.00 fs  T 2428.57 K  E    -234.335039 Ha
  Step    28720    14360.00 fs  T 1569.80 K  E    -234.400817 Ha
  Step    28730    14365.00 fs  T 1535.35 K  E    -234.404074 Ha
  Step    28740    14370.00 fs  T 1692.14 K  E    -234.390971 Ha
  Step    28750    14375.00 fs  T 1480.40 K  E    -234.407166 Ha
  Step    28760    14380.00 fs  T 1252.96 K  E    -234.422529 Ha
  Step    28770    14385.00 fs  T 2240.83 K  E    -234.351245 Ha
  Step    28780    14390.00 fs  T 2173.03 K  E    -234.353100 Ha
  Step    28790    14395.00 fs  T 2469.40 K  E    -234.335549 Ha
  Step    28800    14400.00 fs  T 1411.25 K  E    -234.410834 Ha
  Step    28810    14405.00 fs  T 1990.46 K  E    -234.362425 Ha
  Step    28820    14410.00 fs  T 2134.03 K  E    -234.355021 Ha
  Step    28830    14415.00 fs  T 1606.28 K  E    -234.396178 Ha
  Step    28840    14420.00 fs  T 1532.13 K  E    -234.399412 Ha
  Step    28850    14425.00 fs  T 1908.09 K  E    -234.375723 Ha
  Step    28860    14430.00 fs  T 2250.78 K  E    -234.348428 Ha
  Step    28870    14435.00 fs  T 2685.62 K  E    -234.317996 Ha
  Step    28880    14440.00 fs  T 2105.53 K  E    -234.361715 Ha
  Step    28890    14445.00 fs  T 2120.79 K  E    -234.353926 Ha
  Step    28900    14450.00 fs  T 2213.87 K  E    -234.346956 Ha
  Step    28910    14455.00 fs  T 1352.76 K  E    -234.417031 Ha
  Step    28920    14460.00 fs  T 2143.18 K  E    -234.361169 Ha
  Step    28930    14465.00 fs  T 1716.07 K  E    -234.388838 Ha
  Step    28940    14470.00 fs  T 2164.81 K  E    -234.353648 Ha
  Step    28950    14475.00 fs  T 1214.12 K  E    -234.427481 Ha
  Step    28960    14480.00 fs  T 2091.71 K  E    -234.355839 Ha
  Step    28970    14485.00 fs  T 2146.59 K  E    -234.351859 Ha
  Step    28980    14490.00 fs  T 1390.66 K  E    -234.405362 Ha
  Step    28990    14495.00 fs  T 1993.19 K  E    -234.365882 Ha
  Step    29000    14500.00 fs  T 1644.29 K  E    -234.390099 Ha
  Step    29010    14505.00 fs  T 1280.91 K  E    -234.417789 Ha
  Step    29020    14510.00 fs  T 2236.38 K  E    -234.347945 Ha
  Step    29030    14515.00 fs  T 2447.63 K  E    -234.338802 Ha
  Step    29040    14520.00 fs  T 2028.90 K  E    -234.366914 Ha
  Step    29050    14525.00 fs  T 1673.67 K  E    -234.397181 Ha
  Step    29060    14530.00 fs  T 1752.43 K  E    -234.386422 Ha
  Step    29070    14535.00 fs  T 2956.87 K  E    -234.303988 Ha
  Step    29080    14540.00 fs  T 2077.33 K  E    -234.359717 Ha
  Step    29090    14545.00 fs  T 2086.13 K  E    -234.365070 Ha
  Step    29100    14550.00 fs  T 2227.00 K  E    -234.353289 Ha
  Step    29110    14555.00 fs  T 2381.60 K  E    -234.344918 Ha
  Step    29120    14560.00 fs  T 2057.64 K  E    -234.369015 Ha
  Step    29130    14565.00 fs  T 2225.55 K  E    -234.352727 Ha
  Step    29140    14570.00 fs  T 2010.90 K  E    -234.365801 Ha
  Step    29150    14575.00 fs  T 1848.79 K  E    -234.376879 Ha
  Step    29160    14580.00 fs  T 2092.70 K  E    -234.367361 Ha
  Step    29170    14585.00 fs  T 2103.31 K  E    -234.362860 Ha
  Step    29180    14590.00 fs  T 2364.80 K  E    -234.340196 Ha
  Step    29190    14595.00 fs  T 1379.12 K  E    -234.402361 Ha
  Step    29200    14600.00 fs  T 1814.26 K  E    -234.378058 Ha
  Step    29210    14605.00 fs  T 1771.14 K  E    -234.386461 Ha
  Step    29220    14610.00 fs  T 2409.59 K  E    -234.340824 Ha
  Step    29230    14615.00 fs  T 2342.91 K  E    -234.340082 Ha
  Step    29240    14620.00 fs  T 1354.77 K  E    -234.411243 Ha
  Step    29250    14625.00 fs  T 2216.71 K  E    -234.356047 Ha
  Step    29260    14630.00 fs  T 1723.75 K  E    -234.393740 Ha
  Step    29270    14635.00 fs  T 1620.12 K  E    -234.398907 Ha
  Step    29280    14640.00 fs  T 2850.40 K  E    -234.310352 Ha
  Step    29290    14645.00 fs  T 2540.81 K  E    -234.332421 Ha
  Step    29300    14650.00 fs  T 1968.10 K  E    -234.372282 Ha
  Step    29310    14655.00 fs  T 1984.37 K  E    -234.375056 Ha
  Step    29320    14660.00 fs  T 1706.36 K  E    -234.394951 Ha
  Step    29330    14665.00 fs  T 2259.10 K  E    -234.346178 Ha
  Step    29340    14670.00 fs  T 2170.28 K  E    -234.358203 Ha
  Step    29350    14675.00 fs  T 2087.63 K  E    -234.367319 Ha
  Step    29360    14680.00 fs  T 1627.85 K  E    -234.395767 Ha
  Step    29370    14685.00 fs  T 2321.11 K  E    -234.344531 Ha
  Step    29380    14690.00 fs  T 1785.84 K  E    -234.382877 Ha
  Step    29390    14695.00 fs  T 1961.45 K  E    -234.372079 Ha
  Step    29400    14700.00 fs  T 1440.22 K  E    -234.409315 Ha
  Step    29410    14705.00 fs  T 2059.35 K  E    -234.361300 Ha
  Step    29420    14710.00 fs  T 2125.44 K  E    -234.360986 Ha
  Step    29430    14715.00 fs  T 2373.28 K  E    -234.329623 Ha
  Step    29440    14720.00 fs  T 1925.14 K  E    -234.365891 Ha
  Step    29450    14725.00 fs  T 2014.25 K  E    -234.366519 Ha
  Step    29460    14730.00 fs  T 1640.63 K  E    -234.388588 Ha
  Step    29470    14735.00 fs  T 2437.35 K  E    -234.338857 Ha
  Step    29480    14740.00 fs  T 1547.23 K  E    -234.401821 Ha
  Step    29490    14745.00 fs  T 1984.86 K  E    -234.367304 Ha
  Step    29500    14750.00 fs  T 2016.33 K  E    -234.368830 Ha
  Step    29510    14755.00 fs  T 1423.94 K  E    -234.412058 Ha
  Step    29520    14760.00 fs  T 1962.53 K  E    -234.368604 Ha
  Step    29530    14765.00 fs  T 1780.56 K  E    -234.386212 Ha
  Step    29540    14770.00 fs  T 2825.79 K  E    -234.313153 Ha
  Step    29550    14775.00 fs  T 2013.32 K  E    -234.371048 Ha
  Step    29560    14780.00 fs  T 1721.77 K  E    -234.387039 Ha
  Step    29570    14785.00 fs  T 2099.58 K  E    -234.359842 Ha
  Step    29580    14790.00 fs  T 1746.25 K  E    -234.385600 Ha
  Step    29590    14795.00 fs  T 2330.45 K  E    -234.349885 Ha
  Step    29600    14800.00 fs  T 2175.05 K  E    -234.357047 Ha
  Step    29610    14805.00 fs  T 1969.17 K  E    -234.366927 Ha
  Step    29620    14810.00 fs  T 2581.69 K  E    -234.327928 Ha
  Step    29630    14815.00 fs  T 1348.38 K  E    -234.415075 Ha
  Step    29640    14820.00 fs  T 2324.67 K  E    -234.345734 Ha
  Step    29650    14825.00 fs  T 2510.73 K  E    -234.329369 Ha
  Step    29660    14830.00 fs  T 2103.51 K  E    -234.365575 Ha
  Step    29670    14835.00 fs  T 1755.00 K  E    -234.387426 Ha
  Step    29680    14840.00 fs  T 1698.18 K  E    -234.388309 Ha
  Step    29690    14845.00 fs  T 1308.25 K  E    -234.417467 Ha
  Step    29700    14850.00 fs  T 2473.82 K  E    -234.333941 Ha
  Step    29710    14855.00 fs  T 1887.27 K  E    -234.379795 Ha
  Step    29720    14860.00 fs  T 2009.35 K  E    -234.366758 Ha
  Step    29730    14865.00 fs  T 2387.45 K  E    -234.337110 Ha
  Step    29740    14870.00 fs  T 2861.16 K  E    -234.288291 Ha
  Step    29750    14875.00 fs  T 2472.79 K  E    -234.332012 Ha
  Step    29760    14880.00 fs  T 1209.39 K  E    -234.420307 Ha
  Step    29770    14885.00 fs  T 2305.36 K  E    -234.339798 Ha
  Step    29780    14890.00 fs  T 1951.02 K  E    -234.375791 Ha
  Step    29790    14895.00 fs  T 2728.40 K  E    -234.312108 Ha
  Step    29800    14900.00 fs  T 2702.09 K  E    -234.315896 Ha
  Step    29810    14905.00 fs  T 2093.90 K  E    -234.361435 Ha
  Step    29820    14910.00 fs  T 2066.01 K  E    -234.362055 Ha
  Step    29830    14915.00 fs  T 1798.27 K  E    -234.385319 Ha
  Step    29840    14920.00 fs  T 1897.64 K  E    -234.373009 Ha
  Step    29850    14925.00 fs  T 1811.58 K  E    -234.384692 Ha
  Step    29860    14930.00 fs  T 1618.85 K  E    -234.395571 Ha
  Step    29870    14935.00 fs  T 1665.96 K  E    -234.389320 Ha
  Step    29880    14940.00 fs  T 1586.33 K  E    -234.396661 Ha
  Step    29890    14945.00 fs  T 1399.27 K  E    -234.413301 Ha
  Step    29900    14950.00 fs  T 1260.78 K  E    -234.420480 Ha
  Step    29910    14955.00 fs  T 1860.34 K  E    -234.379740 Ha
  Step    29920    14960.00 fs  T 1841.54 K  E    -234.378402 Ha
  Step    29930    14965.00 fs  T 1714.36 K  E    -234.387639 Ha
  Step    29940    14970.00 fs  T 1790.67 K  E    -234.386101 Ha
  Step    29950    14975.00 fs  T 1935.96 K  E    -234.373183 Ha
  Step    29960    14980.00 fs  T 2229.49 K  E    -234.350269 Ha
  Step    29970    14985.00 fs  T 2523.49 K  E    -234.328908 Ha
  Step    29980    14990.00 fs  T 1484.36 K  E    -234.406658 Ha
  Step    29990    14995.00 fs  T 2352.37 K  E    -234.342174 Ha
  Step    30000    15000.00 fs  T 1717.74 K  E    -234.389769 Ha
  Step    30010    15005.00 fs  T 2437.18 K  E    -234.332446 Ha
  Step    30020    15010.00 fs  T 1781.12 K  E    -234.377271 Ha
  Step    30030    15015.00 fs  T 1965.61 K  E    -234.362519 Ha
  Step    30040    15020.00 fs  T 1500.10 K  E    -234.403948 Ha
  Step    30050    15025.00 fs  T 1339.01 K  E    -234.416295 Ha
  Step    30060    15030.00 fs  T 2295.51 K  E    -234.351617 Ha
  Step    30070    15035.00 fs  T 2280.81 K  E    -234.347905 Ha
  Step    30080    15040.00 fs  T 2227.00 K  E    -234.345378 Ha
  Step    30090    15045.00 fs  T 1641.27 K  E    -234.388796 Ha
  Step    30100    15050.00 fs  T 1442.37 K  E    -234.412006 Ha
  Step    30110    15055.00 fs  T 2313.68 K  E    -234.350848 Ha
  Step    30120    15060.00 fs  T 2105.95 K  E    -234.360128 Ha
  Step    30130    15065.00 fs  T 2066.96 K  E    -234.368593 Ha
  Step    30140    15070.00 fs  T 2176.05 K  E    -234.356655 Ha
  Step    30150    15075.00 fs  T 1849.08 K  E    -234.381721 Ha
  Step    30160    15080.00 fs  T 2449.63 K  E    -234.331316 Ha
  Step    30170    15085.00 fs  T 1838.89 K  E    -234.376071 Ha
  Step    30180    15090.00 fs  T 2217.99 K  E    -234.354806 Ha
  Step    30190    15095.00 fs  T 1659.71 K  E    -234.395680 Ha
  Step    30200    15100.00 fs  T 1410.30 K  E    -234.412337 Ha
  Step    30210    15105.00 fs  T 1567.95 K  E    -234.400747 Ha
  Step    30220    15110.00 fs  T 1336.86 K  E    -234.419200 Ha
  Step    30230    15115.00 fs  T 1691.20 K  E    -234.391306 Ha
  Step    30240    15120.00 fs  T 2531.74 K  E    -234.334716 Ha
  Step    30250    15125.00 fs  T 1245.72 K  E    -234.427646 Ha
  Step    30260    15130.00 fs  T 2097.58 K  E    -234.358608 Ha
  Step    30270    15135.00 fs  T 2383.01 K  E    -234.339720 Ha
  Step    30280    15140.00 fs  T 1800.49 K  E    -234.381432 Ha
  Step    30290    15145.00 fs  T 1458.50 K  E    -234.405493 Ha
  Step    30300    15150.00 fs  T 2350.80 K  E    -234.349315 Ha
  Step    30310    15155.00 fs  T 2279.81 K  E    -234.350822 Ha
  Step    30320    15160.00 fs  T 2805.60 K  E    -234.311149 Ha
  Step    30330    15165.00 fs  T 2203.76 K  E    -234.356325 Ha
  Step    30340    15170.00 fs  T 2032.60 K  E    -234.367230 Ha
  Step    30350    15175.00 fs  T 2033.56 K  E    -234.365432 Ha
  Step    30360    15180.00 fs  T 1772.07 K  E    -234.375697 Ha
  Step    30370    15185.00 fs  T 1832.85 K  E    -234.376516 Ha
  Step    30380    15190.00 fs  T 1953.37 K  E    -234.366624 Ha
  Step    30390    15195.00 fs  T 2013.07 K  E    -234.364562 Ha
  Step    30400    15200.00 fs  T 1934.23 K  E    -234.369561 Ha
  Step    30410    15205.00 fs  T 2116.25 K  E    -234.361615 Ha
  Step    30420    15210.00 fs  T 2625.20 K  E    -234.323623 Ha
  Step    30430    15215.00 fs  T 3224.99 K  E    -234.290016 Ha
  Step    30440    15220.00 fs  T 1556.62 K  E    -234.405039 Ha
  Step    30450    15225.00 fs  T 1368.38 K  E    -234.417096 Ha
  Step    30460    15230.00 fs  T 2068.16 K  E    -234.353874 Ha
  Step    30470    15235.00 fs  T 1880.81 K  E    -234.377785 Ha
  Step    30480    15240.00 fs  T 1844.55 K  E    -234.381132 Ha
  Step    30490    15245.00 fs  T 1706.11 K  E    -234.382824 Ha
  Step    30500    15250.00 fs  T 1551.60 K  E    -234.399907 Ha
  Step    30510    15255.00 fs  T 1929.16 K  E    -234.369479 Ha
  Step    30520    15260.00 fs  T 2256.67 K  E    -234.352338 Ha
  Step    30530    15265.00 fs  T 2310.74 K  E    -234.345038 Ha
  Step    30540    15270.00 fs  T 1224.79 K  E    -234.426292 Ha
  Step    30550    15275.00 fs  T 2261.72 K  E    -234.347091 Ha
  Step    30560    15280.00 fs  T 1337.91 K  E    -234.418154 Ha
  Step    30570    15285.00 fs  T 1969.35 K  E    -234.372480 Ha
  Step    30580    15290.00 fs  T 2673.85 K  E    -234.321882 Ha
  Step    30590    15295.00 fs  T 2574.72 K  E    -234.324881 Ha
  Step    30600    15300.00 fs  T 1949.13 K  E    -234.372749 Ha
  Step    30610    15305.00 fs  T 1408.51 K  E    -234.413161 Ha
  Step    30620    15310.00 fs  T 2071.25 K  E    -234.369349 Ha
  Step    30630    15315.00 fs  T 2096.36 K  E    -234.362389 Ha
  Step    30640    15320.00 fs  T 2286.95 K  E    -234.343320 Ha
  Step    30650    15325.00 fs  T 1950.51 K  E    -234.375798 Ha
  Step    30660    15330.00 fs  T 2251.08 K  E    -234.353405 Ha
  Step    30670    15335.00 fs  T 2071.12 K  E    -234.362732 Ha
  Step    30680    15340.00 fs  T 2228.38 K  E    -234.353493 Ha
  Step    30690    15345.00 fs  T 2588.36 K  E    -234.327766 Ha
  Step    30700    15350.00 fs  T 1219.37 K  E    -234.423761 Ha
  Step    30710    15355.00 fs  T 1663.56 K  E    -234.396326 Ha
  Step    30720    15360.00 fs  T 1587.57 K  E    -234.403766 Ha
  Step    30730    15365.00 fs  T 1020.47 K  E    -234.439197 Ha
  Step    30740    15370.00 fs  T 2412.74 K  E    -234.329049 Ha
  Step    30750    15375.00 fs  T 1875.64 K  E    -234.378124 Ha
  Step    30760    15380.00 fs  T 1851.54 K  E    -234.384610 Ha
  Step    30770    15385.00 fs  T 2291.01 K  E    -234.350467 Ha
  Step    30780    15390.00 fs  T 1857.50 K  E    -234.378226 Ha
  Step    30790    15395.00 fs  T 2138.87 K  E    -234.357364 Ha
  Step    30800    15400.00 fs  T 2444.09 K  E    -234.333332 Ha
  Step    30810    15405.00 fs  T 3158.48 K  E    -234.288793 Ha
  Step    30820    15410.00 fs  T 2099.87 K  E    -234.361987 Ha
  Step    30830    15415.00 fs  T 2856.99 K  E    -234.309261 Ha
  Step    30840    15420.00 fs  T 2170.37 K  E    -234.352774 Ha
  Step    30850    15425.00 fs  T 1475.23 K  E    -234.406171 Ha
  Step    30860    15430.00 fs  T 1608.58 K  E    -234.395280 Ha
  Step    30870    15435.00 fs  T 2062.08 K  E    -234.364198 Ha
  Step    30880    15440.00 fs  T 1455.04 K  E    -234.409229 Ha
  Step    30890    15445.00 fs  T 1363.87 K  E    -234.412604 Ha
  Step    30900    15450.00 fs  T 2497.04 K  E    -234.326008 Ha
  Step    30910    15455.00 fs  T 1924.17 K  E    -234.375326 Ha
  Step    30920    15460.00 fs  T 2180.18 K  E    -234.357399 Ha
  Step    30930    15465.00 fs  T 1588.72 K  E    -234.398360 Ha
  Step    30940    15470.00 fs  T 1629.51 K  E    -234.393987 Ha
  Step    30950    15475.00 fs  T 2747.86 K  E    -234.315160 Ha
  Step    30960    15480.00 fs  T 2181.53 K  E    -234.348245 Ha
  Step    30970    15485.00 fs  T 2309.99 K  E    -234.340631 Ha
  Step    30980    15490.00 fs  T 1628.40 K  E    -234.385512 Ha
  Step    30990    15495.00 fs  T 2004.27 K  E    -234.369081 Ha
  Step    31000    15500.00 fs  T 2103.70 K  E    -234.351595 Ha
  Step    31010    15505.00 fs  T 1545.67 K  E    -234.401590 Ha
  Step    31020    15510.00 fs  T 1924.45 K  E    -234.370176 Ha
  Step    31030    15515.00 fs  T 2000.43 K  E    -234.362594 Ha
  Step    31040    15520.00 fs  T 2519.56 K  E    -234.329083 Ha
  Step    31050    15525.00 fs  T 2231.14 K  E    -234.352806 Ha
  Step    31060    15530.00 fs  T 2113.71 K  E    -234.361025 Ha
  Step    31070    15535.00 fs  T 2221.33 K  E    -234.350449 Ha
  Step    31080    15540.00 fs  T 1805.41 K  E    -234.388683 Ha
  Step    31090    15545.00 fs  T 2922.17 K  E    -234.305267 Ha
  Step    31100    15550.00 fs  T 1814.42 K  E    -234.382821 Ha
  Step    31110    15555.00 fs  T 1575.09 K  E    -234.398265 Ha
  Step    31120    15560.00 fs  T 2083.42 K  E    -234.361857 Ha
  Step    31130    15565.00 fs  T 1978.82 K  E    -234.363478 Ha
  Step    31140    15570.00 fs  T 2032.67 K  E    -234.363739 Ha
  Step    31150    15575.00 fs  T 2370.08 K  E    -234.337469 Ha
  Step    31160    15580.00 fs  T 2543.81 K  E    -234.325136 Ha
  Step    31170    15585.00 fs  T 2010.53 K  E    -234.353957 Ha
  Step    31180    15590.00 fs  T 2410.77 K  E    -234.330607 Ha
  Step    31190    15595.00 fs  T 2683.10 K  E    -234.311511 Ha
  Step    31200    15600.00 fs  T 2825.11 K  E    -234.306091 Ha
  Step    31210    15605.00 fs  T 2640.84 K  E    -234.320317 Ha
  Step    31220    15610.00 fs  T 2046.77 K  E    -234.367192 Ha
  Step    31230    15615.00 fs  T 1831.85 K  E    -234.379620 Ha
  Step    31240    15620.00 fs  T 1774.64 K  E    -234.385204 Ha
  Step    31250    15625.00 fs  T 1931.40 K  E    -234.374451 Ha
  Step    31260    15630.00 fs  T 2478.82 K  E    -234.336218 Ha
  Step    31270    15635.00 fs  T 3078.39 K  E    -234.293701 Ha
  Step    31280    15640.00 fs  T 2253.48 K  E    -234.353121 Ha
  Step    31290    15645.00 fs  T 1578.01 K  E    -234.395376 Ha
  Step    31300    15650.00 fs  T 1695.36 K  E    -234.394755 Ha
  Step    31310    15655.00 fs  T 1931.45 K  E    -234.375695 Ha
  Step    31320    15660.00 fs  T 2024.60 K  E    -234.361200 Ha
  Step    31330    15665.00 fs  T 2870.09 K  E    -234.299390 Ha
  Step    31340    15670.00 fs  T 1867.29 K  E    -234.378323 Ha
  Step    31350    15675.00 fs  T 1540.49 K  E    -234.406661 Ha
  Step    31360    15680.00 fs  T 2067.81 K  E    -234.368928 Ha
  Step    31370    15685.00 fs  T 2386.15 K  E    -234.339307 Ha
  Step    31380    15690.00 fs  T 1551.51 K  E    -234.398056 Ha
  Step    31390    15695.00 fs  T 1645.25 K  E    -234.393082 Ha
  Step    31400    15700.00 fs  T 1440.20 K  E    -234.410069 Ha
  Step    31410    15705.00 fs  T 2666.96 K  E    -234.319779 Ha
  Step    31420    15710.00 fs  T 1988.48 K  E    -234.370004 Ha
  Step    31430    15715.00 fs  T 2029.63 K  E    -234.362271 Ha
  Step    31440    15720.00 fs  T 2230.95 K  E    -234.349735 Ha
  Step    31450    15725.00 fs  T 1815.43 K  E    -234.377701 Ha
  Step    31460    15730.00 fs  T 2396.22 K  E    -234.332465 Ha
  Step    31470    15735.00 fs  T 1733.12 K  E    -234.384578 Ha
  Step    31480    15740.00 fs  T 1781.78 K  E    -234.381079 Ha
  Step    31490    15745.00 fs  T 2384.91 K  E    -234.339432 Ha
  Step    31500    15750.00 fs  T 2289.41 K  E    -234.348652 Ha
  Step    31510    15755.00 fs  T 1526.37 K  E    -234.399073 Ha
  Step    31520    15760.00 fs  T 1992.04 K  E    -234.370817 Ha
  Step    31530    15765.00 fs  T 2060.41 K  E    -234.365857 Ha
  Step    31540    15770.00 fs  T 1918.17 K  E    -234.377879 Ha
  Step    31550    15775.00 fs  T 1929.33 K  E    -234.372040 Ha
  Step    31560    15780.00 fs  T 2103.50 K  E    -234.357504 Ha
  Step    31570    15785.00 fs  T 1853.25 K  E    -234.374122 Ha
  Step    31580    15790.00 fs  T 1282.66 K  E    -234.421640 Ha
  Step    31590    15795.00 fs  T 2241.93 K  E    -234.354272 Ha
  Step    31600    15800.00 fs  T 1717.82 K  E    -234.391580 Ha
  Step    31610    15805.00 fs  T 2540.66 K  E    -234.322598 Ha
  Step    31620    15810.00 fs  T 1804.53 K  E    -234.385108 Ha
  Step    31630    15815.00 fs  T 1536.52 K  E    -234.398158 Ha
  Step    31640    15820.00 fs  T 1758.38 K  E    -234.386164 Ha
  Step    31650    15825.00 fs  T 1551.79 K  E    -234.399779 Ha
  Step    31660    15830.00 fs  T 2159.50 K  E    -234.351372 Ha
  Step    31670    15835.00 fs  T 1555.98 K  E    -234.406399 Ha
  Step    31680    15840.00 fs  T 3219.15 K  E    -234.280593 Ha
  Step    31690    15845.00 fs  T 1867.00 K  E    -234.380522 Ha
  Step    31700    15850.00 fs  T 1857.90 K  E    -234.379136 Ha
  Step    31710    15855.00 fs  T 2206.38 K  E    -234.351764 Ha
  Step    31720    15860.00 fs  T 3060.90 K  E    -234.291658 Ha
  Step    31730    15865.00 fs  T 2192.42 K  E    -234.358917 Ha
  Step    31740    15870.00 fs  T 1594.15 K  E    -234.395064 Ha
  Step    31750    15875.00 fs  T 2126.81 K  E    -234.358404 Ha
  Step    31760    15880.00 fs  T 1741.63 K  E    -234.387168 Ha
  Step    31770    15885.00 fs  T 1703.08 K  E    -234.386778 Ha
  Step    31780    15890.00 fs  T 1946.08 K  E    -234.377522 Ha
  Step    31790    15895.00 fs  T 1517.58 K  E    -234.400278 Ha
  Step    31800    15900.00 fs  T 2335.04 K  E    -234.350922 Ha
  Step    31810    15905.00 fs  T 2490.71 K  E    -234.336267 Ha
  Step    31820    15910.00 fs  T 1629.85 K  E    -234.394234 Ha
  Step    31830    15915.00 fs  T 2186.52 K  E    -234.352920 Ha
  Step    31840    15920.00 fs  T 1821.58 K  E    -234.385018 Ha
