
**********************************************************************
*                                                                    *
*                        M   A   P   L   E                           *
*                                                                    *
*      MAchine-learning Potential for Landscape Exploration          *
*                                                                    *
*                                                                    *
*      © 2025 University of Pittsburgh. All rights reserved.         *
*      Licensed under CC BY 4.0 for academic use.                    *
*                                                                    *
*      Principal Developer:  Xujian Wang                             *
*                                                                    *
**********************************************************************


Parsing # commands...
Global parameter: model = ani2x
Task set to 'parmfit'
Parsed configuration:
----------------------------------------
Task: parmfit
model          : ani2x
method         : correction
mol2           : demo2_ff.mol2
frcmod         : demo2_ff.frcmod

                             Coordinates                              
**********************************************************************

Group 1 (inline)
--------------------
1    C             -3.368200            -1.567500             0.051800
2    C             -2.038700            -1.517200             0.491800
3    C             -1.308900            -0.325800             0.382400
4    C             -1.908800             0.815400            -0.167000
5    C             -3.238400             0.765100            -0.607100
6    C             -3.968100            -0.426300            -0.497700
7    H              0.478600            -1.146800             1.242000
8    H             -3.925400            -2.477100             0.135300
9    H             -1.580700            -2.388500             0.911400
10   C              0.020600            -0.275500             0.822500
11   C             -1.179100             2.006800            -0.276400
12   H             -3.696400             1.636400            -1.026600
13   H             -4.983200            -0.464700            -0.833700
14   C              0.150500             2.057100             0.163700
15   C              0.750300             0.915900             0.713100
16   H             -1.637100             2.878100            -0.695900
17   H              0.707600             2.966700             0.080100
18   C              2.211400             0.971200             1.196700
19   C              3.150700             0.591300             0.036900
20   H              2.345900             0.282800             2.004700
21   H              2.439400             1.961900             1.530500
22   H              4.165800             0.629700             0.372900
23   H              3.016200             1.279700            -0.771100
24   C              2.822500            -0.834600            -0.443400
25   O              1.971400            -1.011800            -1.353200
26   O              3.485000            -1.957300             0.144400
27   H              3.557600            -2.661500            -0.504000

======================================================================
                      Parmfit Correction Summary                      
======================================================================
mol2:              /home/hungn/Desktop/MyRepo/MLP/MAPLE/maple/function/dispatcher/parmfit/example/demo2_ff.mol2
frcmod:            /home/hungn/Desktop/MyRepo/MLP/MAPLE/maple/function/dispatcher/parmfit/example/demo2_ff.frcmod
Topology atoms:    27
Topology bonds:    28
Bond terms:        28 (unmatched: 0)
Angle terms:       46 (unmatched: 0)
Dihedral terms:    67 (unmatched: 0)
Improper terms:    19 (unmatched: 8)
Nonbond terms:     27 (unmatched: 0)
Dynamic correction:applied
======================================================================

============================================================================================
                                    Torsion Fit Summary                                     
============================================================================================
torsionfit:      enabled
scan grid:       5.0000 deg x 72 steps
refinement:      200 rounds, max_iter=100, tol=0.0001
center bonds:    auto-select non-ring center bonds with proper torsions
completed fits:  4

============================================================================================
                                  Parmfit Torsion Scan Fit                                  
============================================================================================
Center bond: (15, 18)
Representative dihedral: (10, 15, 18, 19)
Scan xyz: /home/hungn/Desktop/MyRepo/MLP/MAPLE/maple/function/dispatcher/parmfit/example/corr2_torsionfit_15-18_scan_final.xyz
Target proper count: 6

Target proper order:
   1. atoms=(10, 15, 18, 19) types=('ca', 'ca', 'c3', 'c3')
   2. atoms=(10, 15, 18, 20) types=('ca', 'ca', 'c3', 'hc')
   3. atoms=(10, 15, 18, 21) types=('ca', 'ca', 'c3', 'hc')
   4. atoms=(14, 15, 18, 19) types=('ca', 'ca', 'c3', 'c3')
   5. atoms=(14, 15, 18, 20) types=('ca', 'ca', 'c3', 'hc')
   6. atoms=(14, 15, 18, 21) types=('ca', 'ca', 'c3', 'hc')

Stage-1 delta initializer:
  group=(1, 2, 3, 4, 5, 6) delta_kPhi=[1.125355, -0.236151, -0.115286, -0.569922, -0.384779, -0.003711]

Stage-1 fitted kPhi per proper:
   1.1: kPhi 0.240000 -> 1.365355  n=2.000  phase=180.000
   2.1: kPhi 0.000000 -> -0.236151  n=1.000  phase=0.000
   3.1: kPhi 0.000000 -> -0.115286  n=1.000  phase=0.000
   4.1: kPhi 0.240000 -> -0.329922  n=2.000  phase=180.000
   5.1: kPhi 0.000000 -> -0.384779  n=1.000  phase=0.000
   6.1: kPhi 0.000000 -> -0.003711  n=1.000  phase=0.000

Point table:
 angle_deg      QM_rel      orig_MM    MM_zeroed_rel    torsion_fit    MM_refit_rel    residual_after
   92.8502    0.243425   -0.461211       -0.667327      0.222924     -0.238287        0.481712
   97.8502    0.194016    0.018952       -0.174556      0.203234      0.222186       -0.028170
  102.8502    0.276404    0.492977        0.331383      0.173799      0.666776       -0.390371
  107.8502    0.145318    0.674768        0.562894      0.142639      0.817407       -0.672089
  112.8502    0.696023    1.576498        1.493345      0.027605      1.604102       -0.908080
  117.8502    0.000000    0.000000        0.000000      0.000000      0.000000        0.000000
  122.8502    0.346459    0.533473        0.577832     -0.144949      0.388524       -0.042065
  127.8502    0.792736    1.364787        1.476037     -0.256096      1.108692       -0.315955
  132.8502    1.849225    2.755203        2.916563     -0.423873      2.331330       -0.482104
  137.8502    0.794008    0.419979        0.700413     -0.424128     -0.004150        0.798157
  142.8502    1.198254    1.214119        1.567022     -0.532472      0.681647        0.516607
  147.8502    1.628457    1.907904        2.352635     -0.573473      1.334432        0.294025
  152.8502    1.450711    0.875813        1.414095     -0.585709      0.290105        1.160607
  157.8502    1.864196    1.515137        2.089469     -0.727811      0.787325        1.076870
  162.8502    1.460062    0.975499        1.638741     -0.662758      0.312741        1.147321
  167.8502    1.669151    1.400493        2.086003     -0.760750      0.639743        1.029408
  172.8502    1.767856    1.872540        2.603923     -0.710861      1.161679        0.606177
  177.8502    1.402771    1.105508        1.854526     -0.689906      0.415603        0.987168
  182.8502    1.704870    1.655560        2.404510     -0.697680      0.957880        0.746990
  187.8502    1.396552    1.153317        1.884459     -0.633419      0.519898        0.876654
  192.8502    1.522131    1.615583        2.323214     -0.579647      1.035937        0.486195
  197.8502    1.678231    1.793484        2.453609     -0.512739      1.280746        0.397485
  202.8502    2.285600    2.587051        3.216155     -0.410256      2.176795        0.108805
  207.8502    1.479951    0.729661        1.260043     -0.353966      0.375695        1.104256
  212.8502    1.633310    1.274058        1.755619     -0.217313      1.056746        0.576565
  217.8502    1.871985    1.643838        2.043164     -0.112575      1.531264        0.340721
  222.8502    1.383901   -0.261074        0.016715     -0.061521     -0.322595        1.706496
  227.8502    1.527583    0.202565        0.434105      0.105054      0.307619        1.219964
  232.8502    1.784613    0.687280        0.849919      0.239389      0.926669        0.857944
  237.8502    0.952361   -0.812442       -0.761845      0.288718     -0.523724        1.476085
  242.8502    0.965648   -0.752826       -0.751117      0.419287     -0.333539        1.299186
  247.8502    1.217077   -0.449745       -0.502769      0.514894      0.065149        1.151927
  252.8502    1.553353   -0.112084       -0.214960      0.587695      0.475612        1.077742
  257.8502    0.772399   -0.932983       -1.099162      0.610988     -0.321995        1.094393
  262.8502    0.853983   -0.751134       -0.934281      0.654546     -0.096588        0.950571
  267.8502    1.252300   -0.362498       -0.562531      0.662876      0.300378        0.951922
  272.8502    0.568639   -0.447055       -0.655126      0.661759      0.214704        0.353936
  277.8502    0.693236   -0.452741       -0.651719      0.619943      0.167202        0.526035
  282.8502    1.195935    0.102920       -0.077021      0.555675      0.658595        0.537340
  287.8502    1.730659    0.823087        0.677005      0.485574      1.308660        0.421999
  292.8502    1.006304   -0.013797       -0.076894      0.500141      0.486343        0.519961
  297.8502    1.157027    0.402154        0.379120      0.356602      0.758755        0.398272
  302.8502    1.893164    1.165248        1.188256      0.200773      1.366021        0.527143
  307.8502    0.841322    0.530113        0.701930      0.266607      0.796720        0.044602
  312.8502    0.961711    0.950181        1.169899      0.081125      1.031306       -0.069594
  317.8502    1.447925    1.878009        2.164066     -0.066678      1.811331       -0.363406
  322.8502    1.005715    0.699314        1.115141     -0.072514      0.626800        0.378915
  327.8502    1.222126    1.237699        1.702367     -0.238072      0.999628        0.222498
  332.8502    1.646223    2.152637        2.678681     -0.358045      1.794592       -0.148369
  337.8502    0.931181    0.484407        1.116092     -0.369631      0.114776        0.816406
  342.8502    0.886046    0.640824        1.305177     -0.482882      0.157943        0.728103
  347.8502    1.053927    1.245005        1.945750     -0.554236      0.690769        0.363158
  352.8502    0.606537    0.408389        1.147825     -0.596067     -0.187678        0.794215
  357.8502    0.692526    0.529868        1.277484     -0.618293     -0.088425        0.780951
  362.8502    0.881801    1.130475        1.879535     -0.623577      0.506897        0.374904
  367.8502    1.082465    1.607369        2.346291     -0.613273      0.994096        0.088369
  372.8502    0.775438    0.868035        1.571455     -0.630926      0.237109        0.538328
  377.8502    1.002106    1.009413        1.690653     -0.516850      0.492563        0.509543
  382.8502    1.410242    1.440986        2.083620     -0.423034      1.017952        0.392290
  387.8502    0.934099    0.343508        0.896999     -0.455527     -0.112019        1.046118
  392.8502    1.333632    0.679444        1.196596     -0.261200      0.418245        0.915387
  397.8502    1.578946    0.712153        1.164147     -0.152674      0.559479        1.019467
  402.8502    1.351352    0.349105        0.666109     -0.244103      0.105002        1.246350
  407.8502    1.570203    0.031522        0.305846     -0.031853     -0.000330        1.570533
  412.8502    2.121646    0.424407        0.633530      0.104477      0.528884        1.592762
  417.8502    1.470909   -0.115655       -0.052368     -0.035605     -0.151260        1.622168
  422.8502    1.650244   -0.181793       -0.156150      0.151092     -0.030701        1.680945
  427.8502    1.041033   -0.781822       -0.863683      0.067003     -0.714819        1.755852
  432.8502    1.058415   -0.912816       -1.026166      0.193217     -0.719600        1.778015
  437.8502    1.450197   -0.462066       -0.608376      0.264632     -0.197434        1.647631
  442.8502    0.916884   -0.146760       -0.344182      0.203272      0.056512        0.860372
  447.8502    1.006585   -0.285722       -0.491055      0.246316     -0.039406        1.045991
  452.8502    1.399423    0.401429        0.193207      0.236168      0.637597        0.761826

Local initializer RMSE: 0.897638
MAE:                   0.764418
MaxAbsError:           1.778015

============================================================================================
                                  Parmfit Torsion Scan Fit                                  
============================================================================================
Center bond: (18, 19)
Representative dihedral: (15, 18, 19, 22)
Scan xyz: /home/hungn/Desktop/MyRepo/MLP/MAPLE/maple/function/dispatcher/parmfit/example/corr2_torsionfit_18-19_scan_final.xyz
Target proper count: 9

Target proper order:
   1. atoms=(15, 18, 19, 22) types=('ca', 'c3', 'c3', 'hc')
   2. atoms=(15, 18, 19, 23) types=('ca', 'c3', 'c3', 'hc')
   3. atoms=(15, 18, 19, 24) types=('ca', 'c3', 'c3', 'c')
   4. atoms=(20, 18, 19, 22) types=('hc', 'c3', 'c3', 'hc')
   5. atoms=(20, 18, 19, 23) types=('hc', 'c3', 'c3', 'hc')
   6. atoms=(20, 18, 19, 24) types=('hc', 'c3', 'c3', 'c')
   7. atoms=(21, 18, 19, 22) types=('hc', 'c3', 'c3', 'hc')
   8. atoms=(21, 18, 19, 23) types=('hc', 'c3', 'c3', 'hc')
   9. atoms=(21, 18, 19, 24) types=('hc', 'c3', 'c3', 'c')

Stage-1 delta initializer:
  group=(1, 2, 3, 4, 5, 6, 7, 8, 9) delta_kPhi=[-11.220076, -5.303384, -2.794346, -4.206694, 4.091000, 5.663598, -1.521028, 4.497500, 10.576086]

Stage-1 fitted kPhi per proper:
   1.1: kPhi 0.155556 -> -11.064520  n=3.000  phase=0.000
   2.1: kPhi 0.155556 -> -5.147828  n=3.000  phase=0.000
   3.1: kPhi 0.820000 -> -1.974346  n=1.000  phase=0.000
   4.1: kPhi 0.120000 -> -4.086694  n=3.000  phase=0.000
   5.1: kPhi 0.120000 -> 4.211000  n=3.000  phase=0.000
   6.1: kPhi 0.155556 -> 5.819153  n=3.000  phase=0.000
   7.1: kPhi 0.120000 -> -1.401028  n=3.000  phase=0.000
   8.1: kPhi 0.120000 -> 4.617500  n=3.000  phase=0.000
   9.1: kPhi 0.155556 -> 10.731641  n=3.000  phase=0.000

Point table:
 angle_deg      QM_rel      orig_MM    MM_zeroed_rel    torsion_fit    MM_refit_rel    residual_after
  179.1184    1.560506  -10.235793      -10.446686      2.565957     -7.669835        9.230342
  184.1184    1.798517   -9.733544       -9.907059      3.096252     -6.637292        8.435809
  189.1184    2.101683   -9.893508       -9.915489      3.828048     -6.065460        8.167143
  194.1184    1.352399   -9.355584       -9.239217      5.550851     -3.804733        5.157132
  199.1184    2.120936   -9.026114       -8.735502      7.777427     -1.248687        3.369623
  204.1184    2.968382   -9.298802       -8.737326      8.811027     -0.487775        3.456158
  209.1184    4.218345   -8.215920       -7.509638     12.588911      4.372991       -0.154645
  214.1184    4.415194  -11.310240      -10.023330      6.236262     -5.073977        9.489172
  219.1184    5.290534  -10.599501       -9.110803      8.653021     -1.946480        7.237014
  224.1184    5.966210  -11.688055       -9.783456      3.737952     -7.950103       13.916313
  229.1184    6.340767  -12.179969       -9.958798     -0.026124    -12.206092       18.546860
  234.1184    6.810515  -11.743413       -9.457117      1.411384    -10.332029       17.142543
  239.1184    6.734784  -11.961709       -9.575545     -0.687401    -12.649110       19.383894
  244.1184    6.909697  -11.435486       -9.068971     -1.064071    -12.499557       19.409254
  249.1184    6.245653  -11.243912       -9.157318      3.293292     -7.950620       14.196273
  254.1184    5.587201  -11.138114       -9.303109      5.386094     -5.752020       11.339221
  259.1184    5.158326  -10.949084       -9.250785      2.693836     -8.255248       13.413573
  264.1184    4.314619   -9.865698       -8.669542      8.784159     -1.081539        5.396158
  269.1184    3.781718   -9.644690       -8.619074      5.425026     -4.219665        8.001382
  274.1184    2.941845   -8.764387       -8.169913      8.627286     -0.137101        3.078947
  279.1184    2.519431   -8.667170       -8.208165      4.930576     -3.736594        6.256025
  284.1184    2.037968   -8.023774       -7.844821      5.302858     -2.720916        4.758883
  289.1184    1.701616   -7.543855       -7.549080      4.202283     -3.341572        5.043189
  294.1184    1.748790   -6.915592       -7.000822      2.662767     -4.252826        6.001616
  299.1184    1.798648   -6.029686       -6.226814      2.746359     -3.283328        5.081976
  304.1184    2.263822   -4.951598       -5.164637      3.066896     -1.884703        4.148525
  309.1184    3.052070   -3.308997       -3.508251      4.238227      0.929230        2.122840
  314.1184    3.484078   -3.453691       -3.598589      4.266915      0.813224        2.670855
  319.1184    4.491037   -1.801177       -1.851011      6.664682      4.863506       -0.372469
  324.1184    4.493684   -6.020161       -5.925182      5.271543     -0.748617        5.242301
  329.1184    5.454151   -4.642694       -4.366595      6.977183      2.334489        3.119662
  334.1184    6.597433   -3.371874       -2.886819      7.054203      3.682329        2.915103
  339.1184    6.512211   -8.714785       -7.957018     -0.087059     -8.801844       15.314055
  344.1184    6.857193   -7.641899       -6.682593     -0.756772     -8.398671       15.255864
  349.1184    3.190319   -0.475156        0.655213     -3.989866     -4.465022        7.655342
  354.1184    3.368944   -0.119243        1.064813     -3.000665     -3.119908        6.488852
  359.1184    3.556957    0.247668        1.461627     -4.439393     -4.191725        7.748682
  364.1184    3.516357    0.959302        2.051023     -5.080864     -4.121562        7.637919
  369.1184    2.990029    0.159592        0.965023     -3.229681     -3.070089        6.060118
  374.1184    2.734579    0.586977        1.200925     -3.615472     -3.028495        5.763075
  379.1184    2.259689    0.610048        0.848789     -1.036076     -0.426028        2.685717
  384.1184    1.998265    0.869415        0.919097     -3.719882     -2.850467        4.848731
  389.1184    1.410896    0.808999        0.467773     -1.270079     -0.461081        1.871977
  394.1184    1.150818    0.863774        0.287619     -3.124244     -2.260469        3.411287
  399.1184    0.842669    1.403704        0.491078     -1.351762      0.051942        0.790727
  404.1184    0.781927    1.382313        0.343021     -4.372472     -2.990159        3.772086
  409.1184    0.237038    1.191856       -0.122804     -1.109539      0.082317        0.154721
  414.1184    0.209529    1.379516        0.001270     -2.390080     -1.010564        1.220093
  419.1184    0.648746    1.826085        0.420478     -2.943499     -1.117414        1.766160
  424.1184    0.025574    1.211821       -0.197501     -1.326507     -0.114686        0.140260
  429.1184    0.303044    1.125324       -0.221254     -0.137725      0.987600       -0.684555
  434.1184    0.812382    1.347997        0.138171      1.067611      2.415607       -1.603226
  439.1184    0.612391    0.999441        0.058154     -0.253623      0.745818       -0.133427
  444.1184    1.096744    1.057182        0.285794      2.516952      3.574134       -2.477390
  449.1184    1.677492    1.126662        0.694119      1.722535      2.849198       -1.171706
  454.1184    2.182360    1.264776        1.178842      0.447990      1.712767        0.469593
  459.1184    2.136430    0.183531        0.477255     -2.001181     -1.817651        3.954080
  464.1184    2.690033    0.830859        1.260486      1.062886      1.893746        0.796287
  469.1184    3.159593    0.603873        1.385657     -2.673507     -2.069634        5.229227
  474.1184    3.035632   -0.086444        0.941495     -4.553657     -4.640101        7.675733
  479.1184    3.339471    0.618539        1.705555     -4.148407     -3.529868        6.869339
  484.1184    2.887528   -0.477181        0.722514     -3.723832     -4.201012        7.088540
  489.1184    2.446440   -0.261114        0.851991     -2.648880     -2.909994        5.356434
  494.1184    1.759572   -0.709165        0.249717      0.290450     -0.418715        2.178287
  499.1184    1.472741   -0.373790        0.454323     -2.085449     -2.459239        3.931980
  504.1184    0.592399   -0.729852       -0.116723      1.403465      0.673614       -0.081214
  509.1184    0.302736   -0.471881       -0.029784     -1.335484     -1.807365        2.110101
  514.1184    0.157988    0.067357        0.287046     -1.723446     -1.656089        1.814077
  519.1184    0.000000    0.000000        0.000000      0.000000      0.000000        0.000000
  524.1184    0.225275    0.560562        0.505522     -4.027619     -3.467058        3.692333
  529.1184    0.208678    0.274018        0.051618     -0.612849     -0.338831        0.547508
  534.1184    0.281715    0.169389       -0.108970      0.064012      0.233401        0.048314
  539.1184    0.888178    0.889101        0.612519     -0.453188      0.435913        0.452265

Local initializer RMSE: 7.345667
MAE:                   5.441181
MaxAbsError:           19.409254

============================================================================================
                                  Parmfit Torsion Scan Fit                                  
============================================================================================
Center bond: (19, 24)
Representative dihedral: (18, 19, 24, 25)
Scan xyz: /home/hungn/Desktop/MyRepo/MLP/MAPLE/maple/function/dispatcher/parmfit/example/corr2_torsionfit_19-24_scan_final.xyz
Target proper count: 6

Target proper order:
   1. atoms=(18, 19, 24, 25) types=('c3', 'c3', 'c', 'o')
   2. atoms=(18, 19, 24, 26) types=('c3', 'c3', 'c', 'oh')
   3. atoms=(22, 19, 24, 25) types=('hc', 'c3', 'c', 'o')
   4. atoms=(22, 19, 24, 26) types=('hc', 'c3', 'c', 'oh')
   5. atoms=(23, 19, 24, 25) types=('hc', 'c3', 'c', 'o')
   6. atoms=(23, 19, 24, 26) types=('hc', 'c3', 'c', 'oh')

Stage-1 delta initializer:
  group=(1, 2, 3, 4, 5, 6) delta_kPhi=[0.282251, -0.442385, -0.066330, 0.331012, -3.223879, -4.368569, -0.816032, -3.131646, -3.878990, 0.188607]

Stage-1 fitted kPhi per proper:
   1.1: kPhi 0.200000 -> 0.482251  n=2.000  phase=180.000
   1.2: kPhi 0.440000 -> -0.002385  n=3.000  phase=180.000
   1.3: kPhi 0.680000 -> 0.613670  n=1.000  phase=0.000
   2.1: kPhi 0.000000 -> 0.331012  n=2.000  phase=180.000
   3.1: kPhi 4.030000 -> 0.806121  n=1.000  phase=0.000
   3.2: kPhi 3.660000 -> -0.708569  n=2.000  phase=180.000
   4.1: kPhi 0.000000 -> -0.816032  n=2.000  phase=180.000
   5.1: kPhi 4.030000 -> 0.898354  n=1.000  phase=0.000
   5.2: kPhi 3.660000 -> -0.218990  n=2.000  phase=180.000
   6.1: kPhi 0.000000 -> 0.188607  n=2.000  phase=180.000

Point table:
 angle_deg      QM_rel      orig_MM    MM_zeroed_rel    torsion_fit    MM_refit_rel    residual_after
   95.0877    2.163518   -9.165335        0.253347     12.223154      3.057819       -0.894301
  100.0877    1.958151   -9.323953        0.199963     11.991537      2.667584       -0.709433
  105.0877    1.829767   -9.396610        0.038704     11.579606      2.182996       -0.353230
  110.0877    1.687254   -9.210388        0.132085     11.112352      1.901964       -0.214710
  115.0877    1.566603   -8.995209        0.185686     10.588526      1.593317       -0.026714
  120.0877    1.455190   -8.676978        0.324971     10.058188      1.381210        0.073980
  125.0877    1.337326   -8.328200        0.485664      9.528100      1.199900        0.137425
  130.0877    1.201742   -7.956035        0.674551      9.022742      1.066707        0.135034
  135.0877    1.207436   -7.701488        0.848799      8.731469      1.029982        0.177455
  140.0877    1.039396   -7.158809        1.165361      8.157768      0.998960        0.040437
  145.0877    1.101494   -6.849627        1.370717      7.860588      1.010960        0.090533
  150.0877    1.353325   -6.549848        1.650342      7.698265      1.148417        0.204908
  155.0877    1.364947   -6.079280        1.973218      7.390600      1.311320        0.053627
  160.0877    1.611046   -5.743678        2.255217      7.271331      1.527653        0.083393
  165.0877    1.760151   -5.530202        2.455152      7.274682      1.744480        0.015671
  170.0877    2.178264   -5.262735        2.708078      7.244401      1.981666        0.196598
  175.0877    2.448787   -4.724842        3.184383      7.334485      2.609643       -0.160856
  180.0877    2.535879   -4.908064        2.986087      7.608502      2.700438       -0.164559
  185.0877    2.735617   -5.156572        2.773709      8.001445      2.844873       -0.109256
  190.0877    3.115795   -4.779576        3.130874      8.111448      3.331871       -0.216076
  195.0877    3.194032   -5.323422        2.638869      8.749927      3.426505       -0.232473
  200.0877    3.471053   -5.107951        2.848158      8.981947      3.873996       -0.402943
  205.0877    3.547223   -5.778546        2.271575      9.611348      3.832802       -0.285579
  210.0877    3.799652   -5.635962        2.410741      9.803149      4.167187       -0.367535
  215.0877    3.767767   -6.524850        1.700389     10.510091      3.985241       -0.217474
  220.0877    3.956032   -6.471550        1.796132     10.758080      4.286530       -0.330497
  225.0877    3.930701   -7.307996        1.171527     11.362397      4.054401       -0.123700
  230.0877    4.103548   -7.412659        1.178423     11.664268      4.251609       -0.148061
  235.0877    4.233970   -7.823580        0.963385     12.089960      4.266380       -0.032410
  240.0877    4.269736   -8.322051        0.630329     12.422715      4.100664        0.169073
  245.0877    3.936013   -8.734514        0.382329     12.691146      3.956632       -0.020620
  250.0877    3.938836   -8.983323        0.283353     12.907097      3.923774        0.015062
  255.0877    3.952881   -9.243981        0.179080     13.087226      3.843245        0.109636
  260.0877    3.962568   -9.364232        0.162493     13.162705      3.798473        0.164095
  265.0877    3.988301   -9.335104        0.224391     13.112646      3.777542        0.210759
  270.0877    4.027995   -9.173291        0.338019     12.936989      3.763699        0.264296
  275.0877    4.072765   -8.793775        0.553149     12.584661      3.790886        0.281879
  280.0877    4.122099   -8.200532        0.858427     12.049510      3.848978        0.273121
  285.0877    2.334223   -8.525785        0.220180     11.341468      2.815683       -0.481460
  290.0877    2.143985   -8.184185        0.075402     10.568188      2.384002       -0.240017
  295.0877    1.785379   -7.147844        0.390531      9.465996      2.318153       -0.532773
  300.0877    1.641305   -6.544820        0.333574      8.503578      1.958758       -0.317453
  305.0877    1.410952   -5.392964        0.598646      7.228461      1.835497       -0.424545
  310.0877    1.129517   -4.693156        0.396754      5.931592      1.238435       -0.108918
  315.0877    1.001264   -3.905166        0.447471      4.983434      1.078268       -0.077003
  320.0877    0.786453   -2.714144        0.558833      3.615124      0.900981       -0.114528
  325.0877    0.533126   -2.321807        0.184338      2.654137      0.332330        0.200796
  330.0877    0.359176   -1.483477        0.291780      1.794233      0.310756        0.048420
  335.0877    0.268793   -0.741017        0.230123      0.940025      0.199008        0.069784
  340.0877    0.201496   -0.162372        0.268824      0.405944      0.243572       -0.042076
  345.0877    0.000000    0.000000        0.000000      0.000000      0.000000        0.000000
  350.0877    0.093946    0.512479        0.116371     -0.323199      0.189279       -0.095334
  355.0877    0.257843    0.907638        0.244898     -0.419080      0.488558       -0.230715
  360.0877    0.509057    1.095337        0.330839     -0.359839      0.735498       -0.226441
  365.0877    0.842603    1.235849        0.503174     -0.109636      1.126213       -0.283610
  370.0877    1.081072    1.046804        0.539660      0.464036      1.510840       -0.429768
  375.0877    1.416376    0.593006        0.410356      1.091637      1.684642       -0.268267
  380.0877    1.891743    0.287976        0.546915      1.797331      2.085307       -0.193565
  385.0877    2.297943   -0.551774        0.307061      2.733495      2.181722        0.116221
  390.0877    2.804784   -0.864489        0.620529      3.652745      2.788255        0.016529
  395.0877    3.079243   -1.894765        0.511574      4.972472      3.077706        0.001537
  400.0877    3.424178   -2.605562        0.618605      6.080206      3.474643       -0.050465
  405.0877    3.749870   -3.643725        0.397485      7.139910      3.496186        0.253684
  410.0877    4.071213   -4.456597        0.323585      8.101508      3.644911        0.426302
  415.0877    4.235681   -5.123700        0.582736      9.202415      4.078714        0.156967
  420.0877    4.298433   -6.098859        0.454148     10.155535      4.056676        0.241757
  425.0877    3.910757   -7.000610        0.166061     10.826320      3.825710        0.085046
  430.0877    3.798951   -7.563612        0.138340     11.384394      3.820782       -0.021831
  435.0877    3.551431   -7.966825        0.424052     11.931218      3.964393       -0.412962
  440.0877    3.500676   -8.642152       -0.032436     12.143412      3.501260       -0.000585
  445.0877    3.185429   -8.789623        0.320779     12.373822      3.584200       -0.398771
  450.0877    3.184382   -9.165653       -0.003349     12.331152      3.165499        0.018883
  455.0877    2.594666   -9.477599       -0.021251     12.184826      2.707227       -0.112561

Local initializer RMSE: 0.257588
MAE:                   0.197356
MaxAbsError:           0.894301

============================================================================================
                                  Parmfit Torsion Scan Fit                                  
============================================================================================
Center bond: (24, 26)
Representative dihedral: (19, 24, 26, 27)
Scan xyz: /home/hungn/Desktop/MyRepo/MLP/MAPLE/maple/function/dispatcher/parmfit/example/corr2_torsionfit_24-26_scan_final.xyz
Target proper count: 2

Target proper order:
   1. atoms=(19, 24, 26, 27) types=('c3', 'c', 'oh', 'ho')
   2. atoms=(25, 24, 26, 27) types=('o', 'c', 'oh', 'ho')

Stage-1 delta initializer:
  group=(1, 2) delta_kPhi=[0.102100, 0.504113, -3.758140]

Stage-1 fitted kPhi per proper:
   1.1: kPhi 1.800000 -> 1.902100  n=2.000  phase=180.000
   2.1: kPhi 2.300000 -> 2.804113  n=2.000  phase=180.000
   2.2: kPhi 1.900000 -> -1.858140  n=1.000  phase=0.000

Point table:
 angle_deg      QM_rel      orig_MM    MM_zeroed_rel    torsion_fit    MM_refit_rel    residual_after
  177.8561    1.184490   -0.936292       -0.925532      0.001691     -0.934602        2.119091
  182.8561    1.219639   -0.752808       -0.766177     -0.001269     -0.754077        1.973716
  187.8561    1.396506   -0.987426       -1.117910     -0.007273     -0.994699        2.391205
  192.8561    1.852208   -0.636517       -1.014376     -0.022966     -0.659483        2.511691
  197.8561    2.457109    0.187903       -0.559369     -0.048666      0.139238        2.317871
  202.8561    1.689012    3.167514        2.178685     -0.043334      3.124180       -1.435169
  207.8561    2.502731    3.727891        2.224128     -0.077178      3.650714       -1.147983
  212.8561    3.390479    4.465773        2.393045     -0.116147      4.349626       -0.959147
  217.8561    4.459918    5.358886        2.603945     -0.175377      5.183509       -0.723591
  222.8561    5.592465    6.786614        3.284865     -0.251173      6.535441       -0.942976
  227.8561    6.779629    7.829515        3.557551     -0.340223      7.489293       -0.709663
  232.8561    7.958294    9.329995        4.220432     -0.460625      8.869371       -0.911077
  237.8561    9.107392   10.404752        4.491211     -0.594080      9.810672       -0.703280
  242.8561   10.196683   11.469999        4.804587     -0.739618     10.730381       -0.533698
  247.8561   11.173738   12.713138        5.241045     -0.946723     11.766415       -0.592676
  252.8561   11.992656   14.191809        5.918257     -1.220087     12.971722       -0.979066
  257.8561   12.671679   15.276826        6.341766     -1.514031     13.762795       -1.091115
  262.8561   13.190620   16.162709        6.733297     -1.806942     14.355767       -1.165147
  267.8561   13.540792   16.917124        7.085662     -2.166997     14.750127       -1.209335
  272.8561   13.721015   17.528608        7.460354     -2.535659     14.992949       -1.271933
  277.8561   13.741596   17.981960        7.822935     -2.936202     15.045758       -1.304161
  282.8561   13.608312   18.261607        8.162163     -3.398575     14.863032       -1.254720
  287.8561   13.289325   18.635992        8.770885     -3.928938     14.707053       -1.417728
  292.8561   12.870025   18.533611        9.024060     -4.366805     14.166806       -1.296781
  297.8561   12.346119   18.324802        9.232414     -4.725410     13.599392       -1.253273
  302.8561   11.699748   17.920018        9.400928     -5.203852     12.716166       -1.016418
  307.8561   10.983453   17.643131        9.733432     -5.620249     12.022882       -1.039429
  312.8561   10.294677   17.328366        9.964427     -5.905983     11.422384       -1.127707
  317.8561    9.627295   16.841745       10.111097     -6.256308     10.585436       -0.958141
  322.8561    9.013698   16.271751       10.116747     -6.532001      9.739750       -0.726052
  327.8561    8.473588   15.955033       10.318940     -6.755308      9.199725       -0.726137
  332.8561    8.005449   15.600964       10.442963     -6.954111      8.646853       -0.641404
  337.8561    7.603634   15.320549       10.585234     -7.125209      8.195340       -0.591705
  342.8561    7.242149   14.814137       10.467814     -7.294217      7.519921       -0.277772
  347.8561    6.947567   14.450308       10.363694     -7.389148      7.061160       -0.113594
  352.8561    6.786016   14.307368       10.404548     -7.459292      6.848076       -0.062060
  357.8561    6.734849   14.237094       10.436604     -7.503259      6.733835        0.001015
  362.8561    6.795254   14.217155       10.426277     -7.513736      6.703419        0.091835
  367.8561    6.956543   14.266782       10.393513     -7.491359      6.775423        0.181120
  372.8561    7.181098   14.551910       10.500043     -7.431172      7.120737        0.060361
  377.8561    7.520012   14.600096       10.286892     -7.340636      7.259460        0.260552
  382.8561    7.951711   14.883937       10.239801     -7.225707      7.658230        0.293481
  387.8561    8.465911   15.085464       10.029506     -7.070714      8.014751        0.451160
  392.8561    9.064669   15.385716        9.873344     -6.898250      8.487466        0.577202
  397.8561    9.717501   15.840272        9.780772     -6.657800      9.182472        0.535028
  402.8561   10.429204   16.018337        9.418738     -6.425151      9.593186        0.836018
  407.8561   11.205353   16.332004        9.190650     -6.183441     10.148562        1.056790
  412.8561   11.967905   16.927037        9.159704     -5.830440     11.096596        0.871309
  417.8561   12.753675   17.218536        8.910564     -5.527177     11.691359        1.062316
  422.8561   13.488381   17.627730        8.751775     -5.120932     12.506798        0.981583
  427.8561   14.137221   17.835455        8.465244     -4.703962     13.131494        1.005727
  432.8561   14.656143   17.963339        8.186858     -4.267309     13.696029        0.960114
  437.8561   15.032374   17.928185        7.868493     -3.857102     14.071083        0.961291
  442.8561   15.231655   17.647063        7.425272     -3.404007     14.243056        0.988598
  447.8561   15.261165   17.250439        7.009644     -3.022112     14.228327        1.032838
  452.8561   15.111770   16.705690        6.595926     -2.621967     14.083723        1.028047
  457.8561   14.739326   15.708580        5.946986     -2.161048     13.547532        1.191794
  462.8561   14.219198   14.876377        5.496601     -1.879534     12.996843        1.222355
  467.8561   13.507672   13.867002        5.118180     -1.519421     12.347580        1.160091
  472.8561   12.599212   12.299209        4.311304     -1.204212     11.094997        1.504215
  477.8561   11.565754   11.116582        3.890421     -0.974439     10.142143        1.423611
  482.8561   10.411709    9.886049        3.452242     -0.785553      9.100496        1.311214
  487.8561    9.177409    8.695964        3.095132     -0.620712      8.075252        1.102157
  492.8561    7.859579    6.988606        2.354549     -0.447216      6.541390        1.318189
  497.8561    6.567735    5.790122        1.962829     -0.339537      5.450584        1.117151
  502.8561    5.317894    4.626287        1.583397     -0.247796      4.378491        0.939403
  507.8561    4.131908    3.599699        1.269982     -0.176539      3.423160        0.708748
  512.8561    3.040896    2.633235        0.956237     -0.117674      2.515560        0.525336
  517.8561    2.100327    1.832073        0.684824     -0.078139      1.753934        0.346393
  522.8561    1.333501    1.180879        0.491379     -0.044696      1.136183        0.197318
  527.8561    0.734837    0.681017        0.338575     -0.021350      0.659667        0.075170
  532.8561    0.259255    0.189717        0.065567     -0.008766      0.180951        0.078304
  537.8561    0.000000    0.000000        0.000000      0.000000      0.000000        0.000000

Local initializer RMSE: 1.067870
MAE:                   0.917183
MaxAbsError:           2.511691
============================================================================================

============================================================================================
                                    Torsion Refit Cycles                                    
============================================================================================
requested rounds: 200
max iter / block: 100
acceptance tol:   0.0001 kcal/mol
completed cycles: 200

cycle 1: accepted=4 rejected=0  objective 89.360194 -> 47.301052  global RMSE 3.057725 -> 4.361180
  center bond (15, 18): objective 89.360194 -> 88.180000  global RMSE 3.057725 -> 2.870775  (accepted, iterations=2)
     1.1: kPhi 1.365355 -> 0.924923  n=2.000  phase=180.000
     2.1: kPhi -0.236151 -> 0.289693  n=1.000  phase=0.000
     3.1: kPhi -0.115286 -> -0.374577  n=1.000  phase=0.000
     4.1: kPhi -0.329922 -> -0.185730  n=2.000  phase=180.000
     5.1: kPhi -0.384779 -> -0.711995  n=1.000  phase=0.000
     6.1: kPhi -0.003711 -> 0.302428  n=1.000  phase=0.000
  center bond (18, 19): objective 88.180000 -> 54.013217  global RMSE 2.870775 -> 5.027267  (accepted, iterations=1)
     1.1: kPhi -11.064520 -> -7.672256  n=3.000  phase=0.000
     2.1: kPhi -5.147828 -> -4.376585  n=3.000  phase=0.000
     3.1: kPhi -1.974346 -> 0.190314  n=1.000  phase=0.000
     4.1: kPhi -4.086694 -> -3.563751  n=3.000  phase=0.000
     5.1: kPhi 4.211000 -> 1.090913  n=3.000  phase=0.000
     6.1: kPhi 5.819153 -> 1.802282  n=3.000  phase=0.000
     7.1: kPhi -1.401028 -> -2.276369  n=3.000  phase=0.000
     8.1: kPhi 4.617500 -> 1.090427  n=3.000  phase=0.000
     9.1: kPhi 10.731641 -> 4.360285  n=3.000  phase=0.000
  center bond (19, 24): objective 54.013217 -> 47.344703  global RMSE 5.027267 -> 4.358694  (accepted, iterations=62)
     1.1: kPhi 0.482251 -> 0.620599  n=2.000  phase=180.000
     1.2: kPhi -0.002385 -> -0.217032  n=3.000  phase=180.000
     1.3: kPhi 0.613670 -> 0.747905  n=1.000  phase=0.000
     2.1: kPhi 0.331012 -> 0.512054  n=2.000  phase=180.000
     3.1: kPhi 0.806121 -> 1.343973  n=1.000  phase=0.000
     3.2: kPhi -0.708569 -> 2.225481  n=2.000  phase=180.000
     4.1: kPhi -0.816032 -> -0.177039  n=2.000  phase=180.000
     5.1: kPhi 0.898354 -> 1.463456  n=1.000  phase=0.000
     5.2: kPhi -0.218990 -> -0.238207  n=2.000  phase=180.000
     6.1: kPhi 0.188607 -> -0.050089  n=2.000  phase=180.000
  center bond (24, 26): objective 47.344703 -> 47.301052  global RMSE 4.358694 -> 4.361180  (accepted, iterations=1)
     1.1: kPhi 1.902100 -> 1.891452  n=2.000  phase=180.000
     2.1: kPhi 2.804113 -> 2.778692  n=2.000  phase=180.000
     2.2: kPhi -1.858140 -> -1.711433  n=1.000  phase=0.000
  per-scan RMSE:
    (15, 18): 2.982880 -> 4.633241
    (18, 19): 4.924432 -> 6.998790
    (19, 24): 1.922424 -> 2.101242
    (24, 26): 0.745256 -> 1.101979

cycle 2: accepted=4 rejected=0  objective 47.301052 -> 33.444840  global RMSE 4.361180 -> 4.086417
  center bond (15, 18): objective 47.301052 -> 43.383642  global RMSE 4.361180 -> 3.903637  (accepted, iterations=4)
     1.1: kPhi 0.924923 -> 0.278316  n=2.000  phase=180.000
     2.1: kPhi 0.289693 -> -0.670900  n=1.000  phase=0.000
     3.1: kPhi -0.374577 -> 0.140409  n=1.000  phase=0.000
     4.1: kPhi -0.185730 -> 0.046554  n=2.000  phase=180.000
     5.1: kPhi -0.711995 -> 0.529008  n=1.000  phase=0.000
     6.1: kPhi 0.302428 -> -0.224075  n=1.000  phase=0.000
  center bond (18, 19): objective 43.383642 -> 40.129141  global RMSE 3.903637 -> 4.868761  (accepted, iterations=1)
     1.1: kPhi -7.672256 -> -4.229252  n=3.000  phase=0.000
     2.1: kPhi -4.376585 -> -1.662167  n=3.000  phase=0.000
     3.1: kPhi 0.190314 -> -0.191681  n=1.000  phase=0.000
     4.1: kPhi -3.563751 -> -0.986524  n=3.000  phase=0.000
     5.1: kPhi 1.090913 -> 2.629116  n=3.000  phase=0.000
     6.1: kPhi 1.802282 -> 3.097901  n=3.000  phase=0.000
     7.1: kPhi -2.276369 -> -0.072427  n=3.000  phase=0.000
     8.1: kPhi 1.090427 -> 2.550503  n=3.000  phase=0.000
     9.1: kPhi 4.360285 -> 4.995614  n=3.000  phase=0.000
  center bond (19, 24): objective 40.129141 -> 33.487208  global RMSE 4.868761 -> 4.083852  (accepted, iterations=4)
     1.1: kPhi 0.620599 -> 0.972539  n=2.000  phase=180.000
     1.2: kPhi -0.217032 -> 0.046348  n=3.000  phase=180.000
     1.3: kPhi 0.747905 -> 1.110696  n=1.000  phase=0.000
     2.1: kPhi 0.512054 -> 0.788341  n=2.000  phase=180.000
     3.1: kPhi 1.343973 -> 1.196605  n=1.000  phase=0.000
     3.2: kPhi 2.225481 -> 1.091772  n=2.000  phase=180.000
     4.1: kPhi -0.177039 -> -0.952356  n=2.000  phase=180.000
     5.1: kPhi 1.463456 -> 1.252056  n=1.000  phase=0.000
     5.2: kPhi -0.238207 -> 0.433834  n=2.000  phase=180.000
     6.1: kPhi -0.050089 -> 0.373389  n=2.000  phase=180.000
  center bond (24, 26): objective 33.487208 -> 33.444840  global RMSE 4.083852 -> 4.086417  (accepted, iterations=1)
     1.1: kPhi 1.891452 -> 1.923427  n=2.000  phase=180.000
     2.1: kPhi 2.778692 -> 2.797139  n=2.000  phase=180.000
     2.2: kPhi -1.711433 -> -1.557707  n=1.000  phase=0.000
  per-scan RMSE:
    (15, 18): 4.633241 -> 4.762559
    (18, 19): 6.998790 -> 6.271228
    (19, 24): 2.101242 -> 2.076991
    (24, 26): 1.101979 -> 0.686331

cycle 3: accepted=4 rejected=0  objective 33.444840 -> 24.704125  global RMSE 4.086417 -> 3.509633
  center bond (15, 18): objective 33.444840 -> 28.953021  global RMSE 4.086417 -> 3.486334  (accepted, iterations=4)
     1.1: kPhi 0.278316 -> 0.259255  n=2.000  phase=180.000
     2.1: kPhi -0.670900 -> 0.604723  n=1.000  phase=0.000
     3.1: kPhi 0.140409 -> -0.346851  n=1.000  phase=0.000
     4.1: kPhi 0.046554 -> 0.072783  n=2.000  phase=180.000
     5.1: kPhi 0.529008 -> -0.660156  n=1.000  phase=0.000
     6.1: kPhi -0.224075 -> 0.365295  n=1.000  phase=0.000
  center bond (18, 19): objective 28.953021 -> 27.136802  global RMSE 3.486334 -> 3.780155  (accepted, iterations=1)
     1.1: kPhi -4.229252 -> -4.919649  n=3.000  phase=0.000
     2.1: kPhi -1.662167 -> -2.923994  n=3.000  phase=0.000
     3.1: kPhi -0.191681 -> 0.361908  n=1.000  phase=0.000
     4.1: kPhi -0.986524 -> -2.363333  n=3.000  phase=0.000
     5.1: kPhi 2.629116 -> 0.473235  n=3.000  phase=0.000
     6.1: kPhi 3.097901 -> 0.909948  n=3.000  phase=0.000
     7.1: kPhi -0.072427 -> -1.614284  n=3.000  phase=0.000
     8.1: kPhi 2.550503 -> 0.426143  n=3.000  phase=0.000
     9.1: kPhi 4.995614 -> 2.446718  n=3.000  phase=0.000
  center bond (19, 24): objective 27.136802 -> 24.738091  global RMSE 3.780155 -> 3.508103  (accepted, iterations=5)
     1.1: kPhi 0.972539 -> 0.707063  n=2.000  phase=180.000
     1.2: kPhi 0.046348 -> 0.091955  n=3.000  phase=180.000
     1.3: kPhi 1.110696 -> 0.847689  n=1.000  phase=0.000
     2.1: kPhi 0.788341 -> 0.545383  n=2.000  phase=180.000
     3.1: kPhi 1.196605 -> 1.329309  n=1.000  phase=0.000
     3.2: kPhi 1.091772 -> 1.692057  n=2.000  phase=180.000
     4.1: kPhi -0.952356 -> -0.268476  n=2.000  phase=180.000
     5.1: kPhi 1.252056 -> 1.354309  n=1.000  phase=0.000
     5.2: kPhi 0.433834 -> 0.107309  n=2.000  phase=180.000
     6.1: kPhi 0.373389 -> -0.076705  n=2.000  phase=180.000
  center bond (24, 26): objective 24.738091 -> 24.704125  global RMSE 3.508103 -> 3.509633  (accepted, iterations=2)
     1.1: kPhi 1.923427 -> 1.824640  n=2.000  phase=180.000
     2.1: kPhi 2.797139 -> 2.682184  n=2.000  phase=180.000
     2.2: kPhi -1.557707 -> -1.459752  n=1.000  phase=0.000
  per-scan RMSE:
    (15, 18): 4.762559 -> 4.273346
    (18, 19): 6.271228 -> 5.182536
    (19, 24): 2.076991 -> 1.759769
    (24, 26): 0.686331 -> 1.026225

cycle 4: accepted=4 rejected=0  objective 24.704125 -> 16.983769  global RMSE 3.509633 -> 3.111120
  center bond (15, 18): objective 24.704125 -> 20.930270  global RMSE 3.509633 -> 2.944061  (accepted, iterations=4)
     1.1: kPhi 0.259255 -> 0.201948  n=2.000  phase=180.000
     2.1: kPhi 0.604723 -> -0.485296  n=1.000  phase=0.000
     3.1: kPhi -0.346851 -> 0.156247  n=1.000  phase=0.000
     4.1: kPhi 0.072783 -> 0.181170  n=2.000  phase=180.000
     5.1: kPhi -0.660156 -> 0.452253  n=1.000  phase=0.000
     6.1: kPhi 0.365295 -> -0.190636  n=1.000  phase=0.000
  center bond (18, 19): objective 20.930270 -> 20.805059  global RMSE 2.944061 -> 3.713436  (accepted, iterations=1)
     1.1: kPhi -4.919649 -> -2.538496  n=3.000  phase=0.000
     2.1: kPhi -2.923994 -> -0.986280  n=3.000  phase=0.000
     3.1: kPhi 0.361908 -> 0.029307  n=1.000  phase=0.000
     4.1: kPhi -2.363333 -> -0.530884  n=3.000  phase=0.000
     5.1: kPhi 0.473235 -> 1.668620  n=3.000  phase=0.000
     6.1: kPhi 0.909948 -> 1.965190  n=3.000  phase=0.000
     7.1: kPhi -1.614284 -> 0.004659  n=3.000  phase=0.000
     8.1: kPhi 0.426143 -> 1.591646  n=3.000  phase=0.000
     9.1: kPhi 2.446718 -> 3.107303  n=3.000  phase=0.000
  center bond (19, 24): objective 20.805059 -> 16.998688  global RMSE 3.713436 -> 3.107886  (accepted, iterations=4)
     1.1: kPhi 0.707063 -> 0.961851  n=2.000  phase=180.000
     1.2: kPhi 0.091955 -> 0.150109  n=3.000  phase=180.000
     1.3: kPhi 0.847689 -> 1.136851  n=1.000  phase=0.000
     2.1: kPhi 0.545383 -> 0.760286  n=2.000  phase=180.000
     3.1: kPhi 1.329309 -> 1.252949  n=1.000  phase=0.000
     3.2: kPhi 1.692057 -> 0.871396  n=2.000  phase=180.000
     4.1: kPhi -0.268476 -> -0.796857  n=2.000  phase=180.000
     5.1: kPhi 1.354309 -> 1.120731  n=1.000  phase=0.000
     5.2: kPhi 0.107309 -> 0.558927  n=2.000  phase=180.000
     6.1: kPhi -0.076705 -> 0.189078  n=2.000  phase=180.000
  center bond (24, 26): objective 16.998688 -> 16.983769  global RMSE 3.107886 -> 3.111120  (accepted, iterations=1)
     1.1: kPhi 1.824640 -> 1.851070  n=2.000  phase=180.000
     2.1: kPhi 2.682184 -> 2.696972  n=2.000  phase=180.000
     2.2: kPhi -1.459752 -> -1.369188  n=1.000  phase=0.000
  per-scan RMSE:
    (15, 18): 4.273346 -> 3.639984
    (18, 19): 5.182536 -> 4.734086
    (19, 24): 1.759769 -> 1.556236
    (24, 26): 1.026225 -> 0.795836

cycle 5: accepted=4 rejected=0  objective 16.983769 -> 12.971986  global RMSE 3.111120 -> 2.626267
  center bond (15, 18): objective 16.983769 -> 14.266745  global RMSE 3.111120 -> 2.634837  (accepted, iterations=4)
     1.1: kPhi 0.201948 -> 0.204106  n=2.000  phase=180.000
     2.1: kPhi -0.485296 -> 0.463695  n=1.000  phase=0.000
     3.1: kPhi 0.156247 -> -0.252582  n=1.000  phase=0.000
     4.1: kPhi 0.181170 -> 0.123225  n=2.000  phase=180.000
     5.1: kPhi 0.452253 -> -0.476937  n=1.000  phase=0.000
     6.1: kPhi -0.190636 -> 0.276325  n=1.000  phase=0.000
  center bond (18, 19): objective 14.266745 -> 14.252597  global RMSE 2.634837 -> 2.798812  (accepted, iterations=1)
     1.1: kPhi -2.538496 -> -3.182611  n=3.000  phase=0.000
     2.1: kPhi -0.986280 -> -1.978766  n=3.000  phase=0.000
     3.1: kPhi 0.029307 -> 0.425510  n=1.000  phase=0.000
     4.1: kPhi -0.530884 -> -1.604818  n=3.000  phase=0.000
     5.1: kPhi 1.668620 -> 0.120635  n=3.000  phase=0.000
     6.1: kPhi 1.965190 -> 0.414131  n=3.000  phase=0.000
     7.1: kPhi 0.004659 -> -1.152911  n=3.000  phase=0.000
     8.1: kPhi 1.591646 -> 0.078886  n=3.000  phase=0.000
     9.1: kPhi 3.107303 -> 1.352758  n=3.000  phase=0.000
  center bond (19, 24): objective 14.252597 -> 12.984269  global RMSE 2.798812 -> 2.624789  (accepted, iterations=3)
     1.1: kPhi 0.961851 -> 0.708745  n=2.000  phase=180.000
     1.2: kPhi 0.150109 -> 0.226981  n=3.000  phase=180.000
     1.3: kPhi 1.136851 -> 0.920608  n=1.000  phase=0.000
     2.1: kPhi 0.760286 -> 0.523612  n=2.000  phase=180.000
     3.1: kPhi 1.252949 -> 1.330698  n=1.000  phase=0.000
     3.2: kPhi 0.871396 -> 1.300716  n=2.000  phase=180.000
     4.1: kPhi -0.796857 -> -0.305764  n=2.000  phase=180.000
     5.1: kPhi 1.120731 -> 1.233642  n=1.000  phase=0.000
     5.2: kPhi 0.558927 -> 0.346086  n=2.000  phase=180.000
     6.1: kPhi 0.189078 -> -0.082536  n=2.000  phase=180.000
  center bond (24, 26): objective 12.984269 -> 12.971986  global RMSE 2.624789 -> 2.626267  (accepted, iterations=2)
     1.1: kPhi 1.851070 -> 1.789544  n=2.000  phase=180.000
     2.1: kPhi 2.696972 -> 2.619945  n=2.000  phase=180.000
     2.2: kPhi -1.369188 -> -1.323406  n=1.000  phase=0.000
  per-scan RMSE:
    (15, 18): 3.639984 -> 3.191134
    (18, 19): 4.734086 -> 3.766870
    (19, 24): 1.556236 -> 1.481146
    (24, 26): 0.795836 -> 1.011276

cycle 6: accepted=4 rejected=0  objective 12.971986 -> 4.194399  global RMSE 2.626267 -> 1.153674
  center bond (15, 18): objective 12.971986 -> 10.937515  global RMSE 2.626267 -> 2.220739  (accepted, iterations=4)
     1.1: kPhi 0.204106 -> 0.164711  n=2.000  phase=180.000
     2.1: kPhi 0.463695 -> -0.346806  n=1.000  phase=0.000
     3.1: kPhi -0.252582 -> 0.116689  n=1.000  phase=0.000
     4.1: kPhi 0.123225 -> 0.172466  n=2.000  phase=180.000
     5.1: kPhi -0.476937 -> 0.336805  n=1.000  phase=0.000
     6.1: kPhi 0.276325 -> -0.136355  n=1.000  phase=0.000
  center bond (18, 19): objective 10.937515 -> 4.651972  global RMSE 2.220739 -> 1.362640  (accepted, iterations=2)
     1.1: kPhi -3.182611 -> -1.673812  n=3.000  phase=0.000
     2.1: kPhi -1.978766 -> -1.076111  n=3.000  phase=0.000
     3.1: kPhi 0.425510 -> 0.314839  n=1.000  phase=0.000
     4.1: kPhi -1.604818 -> -0.850063  n=3.000  phase=0.000
     5.1: kPhi 0.120635 -> 0.017465  n=3.000  phase=0.000
     6.1: kPhi 0.414131 -> 0.252601  n=3.000  phase=0.000
     7.1: kPhi -1.152911 -> -0.617460  n=3.000  phase=0.000
     8.1: kPhi 0.078886 -> -0.008828  n=3.000  phase=0.000
     9.1: kPhi 1.352758 -> 0.728484  n=3.000  phase=0.000
  center bond (19, 24): objective 4.651972 -> 4.197931  global RMSE 1.362640 -> 1.148253  (accepted, iterations=2)
     1.1: kPhi 0.708745 -> 0.778557  n=2.000  phase=180.000
     1.2: kPhi 0.226981 -> 0.113849  n=3.000  phase=180.000
     1.3: kPhi 0.920608 -> 1.017158  n=1.000  phase=0.000
     2.1: kPhi 0.523612 -> 0.599724  n=2.000  phase=180.000
     3.1: kPhi 1.330698 -> 1.353371  n=1.000  phase=0.000
     3.2: kPhi 1.300716 -> 1.186222  n=2.000  phase=180.000
     4.1: kPhi -0.305764 -> -0.374643  n=2.000  phase=180.000
     5.1: kPhi 1.233642 -> 1.097577  n=1.000  phase=0.000
     5.2: kPhi 0.346086 -> 0.376350  n=2.000  phase=180.000
     6.1: kPhi -0.082536 -> -0.089909  n=2.000  phase=180.000
  center bond (24, 26): objective 4.197931 -> 4.194399  global RMSE 1.148253 -> 1.153674  (accepted, iterations=1)
     1.1: kPhi 1.789544 -> 1.789962  n=2.000  phase=180.000
     2.1: kPhi 2.619945 -> 2.610533  n=2.000  phase=180.000
     2.2: kPhi -1.323406 -> -1.281929  n=1.000  phase=0.000
  per-scan RMSE:
    (15, 18): 3.191134 -> 0.989762
    (18, 19): 3.766870 -> 1.626015
    (19, 24): 1.481146 -> 0.891269
    (24, 26): 1.011276 -> 0.951810

cycle 7: accepted=4 rejected=0  objective 4.194399 -> 3.454403  global RMSE 1.153674 -> 1.175340
  center bond (15, 18): objective 4.194399 -> 4.068174  global RMSE 1.153674 -> 1.118692  (accepted, iterations=3)
     1.1: kPhi 0.164711 -> 0.137100  n=2.000  phase=180.000
     2.1: kPhi -0.346806 -> -0.141105  n=1.000  phase=0.000
     3.1: kPhi 0.116689 -> 0.008695  n=1.000  phase=0.000
     4.1: kPhi 0.172466 -> 0.148910  n=2.000  phase=180.000
     5.1: kPhi 0.336805 -> 0.136663  n=1.000  phase=0.000
     6.1: kPhi -0.136355 -> -0.022651  n=1.000  phase=0.000
  center bond (18, 19): objective 4.068174 -> 3.991647  global RMSE 1.118692 -> 1.412878  (accepted, iterations=1)
     1.1: kPhi -1.673812 -> -0.980544  n=3.000  phase=0.000
     2.1: kPhi -1.076111 -> -0.520291  n=3.000  phase=0.000
     3.1: kPhi 0.314839 -> 0.242718  n=1.000  phase=0.000
     4.1: kPhi -0.850063 -> -0.340916  n=3.000  phase=0.000
     5.1: kPhi 0.017465 -> 0.329141  n=3.000  phase=0.000
     6.1: kPhi 0.252601 -> 0.526611  n=3.000  phase=0.000
     7.1: kPhi -0.617460 -> -0.159845  n=3.000  phase=0.000
     8.1: kPhi -0.008828 -> 0.308443  n=3.000  phase=0.000
     9.1: kPhi 0.728484 -> 0.895389  n=3.000  phase=0.000
  center bond (19, 24): objective 3.991647 -> 3.456924  global RMSE 1.412878 -> 1.170519  (accepted, iterations=2)
     1.1: kPhi 0.778557 -> 0.859324  n=2.000  phase=180.000
     1.2: kPhi 0.113849 -> 0.103729  n=3.000  phase=180.000
     1.3: kPhi 1.017158 -> 1.079107  n=1.000  phase=0.000
     2.1: kPhi 0.599724 -> 0.672208  n=2.000  phase=180.000
     3.1: kPhi 1.353371 -> 1.355274  n=1.000  phase=0.000
     3.2: kPhi 1.186222 -> 0.964356  n=2.000  phase=180.000
     4.1: kPhi -0.374643 -> -0.516965  n=2.000  phase=180.000
     5.1: kPhi 1.097577 -> 1.010674  n=1.000  phase=0.000
     5.2: kPhi 0.376350 -> 0.488832  n=2.000  phase=180.000
     6.1: kPhi -0.089909 -> -0.023192  n=2.000  phase=180.000
  center bond (24, 26): objective 3.456924 -> 3.454403  global RMSE 1.170519 -> 1.175340  (accepted, iterations=1)
     1.1: kPhi 1.789962 -> 1.795595  n=2.000  phase=180.000
     2.1: kPhi 2.610533 -> 2.607622  n=2.000  phase=180.000
     2.2: kPhi -1.281929 -> -1.245310  n=1.000  phase=0.000
  per-scan RMSE:
    (15, 18): 0.989762 -> 1.045261
    (18, 19): 1.626015 -> 1.663259
    (19, 24): 0.891269 -> 0.922328
    (24, 26): 0.951810 -> 0.903331

cycle 8: accepted=4 rejected=0  objective 3.454403 -> 2.275711  global RMSE 1.175340 -> 0.803612
  center bond (15, 18): objective 3.454403 -> 3.251162  global RMSE 1.175340 -> 1.086201  (accepted, iterations=2)
     1.1: kPhi 0.137100 -> 0.151103  n=2.000  phase=180.000
     2.1: kPhi -0.141105 -> 0.088223  n=1.000  phase=0.000
     3.1: kPhi 0.008695 -> -0.092122  n=1.000  phase=0.000
     4.1: kPhi 0.148910 -> 0.142138  n=2.000  phase=180.000
     5.1: kPhi 0.136663 -> -0.090007  n=1.000  phase=0.000
     6.1: kPhi -0.022651 -> 0.092251  n=1.000  phase=0.000
  center bond (18, 19): objective 3.251162 -> 2.348359  global RMSE 1.086201 -> 0.859520  (accepted, iterations=4)
     1.1: kPhi -0.980544 -> -0.407369  n=3.000  phase=0.000
     2.1: kPhi -0.520291 -> -0.291661  n=3.000  phase=0.000
     3.1: kPhi 0.242718 -> 0.378402  n=1.000  phase=0.000
     4.1: kPhi -0.340916 -> -0.245054  n=3.000  phase=0.000
     5.1: kPhi 0.329141 -> -0.058585  n=3.000  phase=0.000
     6.1: kPhi 0.526611 -> 0.086301  n=3.000  phase=0.000
     7.1: kPhi -0.159845 -> -0.143796  n=3.000  phase=0.000
     8.1: kPhi 0.308443 -> -0.025725  n=3.000  phase=0.000
     9.1: kPhi 0.895389 -> 0.246691  n=3.000  phase=0.000
  center bond (19, 24): objective 2.348359 -> 2.277039  global RMSE 0.859520 -> 0.799524  (accepted, iterations=2)
     1.1: kPhi 0.859324 -> 0.888078  n=2.000  phase=180.000
     1.2: kPhi 0.103729 -> 0.120307  n=3.000  phase=180.000
     1.3: kPhi 1.079107 -> 1.092627  n=1.000  phase=0.000
     2.1: kPhi 0.672208 -> 0.696964  n=2.000  phase=180.000
     3.1: kPhi 1.355274 -> 1.372225  n=1.000  phase=0.000
     3.2: kPhi 0.964356 -> 0.864743  n=2.000  phase=180.000
     4.1: kPhi -0.516965 -> -0.537878  n=2.000  phase=180.000
     5.1: kPhi 1.010674 -> 0.955833  n=1.000  phase=0.000
     5.2: kPhi 0.488832 -> 0.529888  n=2.000  phase=180.000
     6.1: kPhi -0.023192 -> -0.029763  n=2.000  phase=180.000
  center bond (24, 26): objective 2.277039 -> 2.275711  global RMSE 0.799524 -> 0.803612  (accepted, iterations=1)
     1.1: kPhi 1.795595 -> 1.789008  n=2.000  phase=180.000
     2.1: kPhi 2.607622 -> 2.594094  n=2.000  phase=180.000
     2.2: kPhi -1.245310 -> -1.225002  n=1.000  phase=0.000
  per-scan RMSE:
    (15, 18): 1.045261 -> 0.436795
    (18, 19): 1.663259 -> 1.109251
    (19, 24): 0.922328 -> 0.572766
    (24, 26): 0.903331 -> 0.913172

cycle 9: accepted=4 rejected=0  objective 2.275711 -> 2.169154  global RMSE 0.803612 -> 0.736983
  center bond (15, 18): objective 2.275711 -> 2.271786  global RMSE 0.803612 -> 0.804925  (accepted, iterations=1)
     1.1: kPhi 0.151103 -> 0.182514  n=2.000  phase=180.000
     2.1: kPhi 0.088223 -> 0.047973  n=1.000  phase=0.000
     3.1: kPhi -0.092122 -> -0.066307  n=1.000  phase=0.000
     4.1: kPhi 0.142138 -> 0.168847  n=2.000  phase=180.000
     5.1: kPhi -0.090007 -> -0.051284  n=1.000  phase=0.000
     6.1: kPhi 0.092251 -> 0.067046  n=1.000  phase=0.000
  center bond (18, 19): objective 2.271786 -> 2.183417  global RMSE 0.804925 -> 0.741716  (accepted, iterations=2)
     1.1: kPhi -0.407369 -> -0.367907  n=3.000  phase=0.000
     2.1: kPhi -0.291661 -> -0.296248  n=3.000  phase=0.000
     3.1: kPhi 0.378402 -> 0.424758  n=1.000  phase=0.000
     4.1: kPhi -0.245054 -> -0.264773  n=3.000  phase=0.000
     5.1: kPhi -0.058585 -> -0.142045  n=3.000  phase=0.000
     6.1: kPhi 0.086301 -> -0.010781  n=3.000  phase=0.000
     7.1: kPhi -0.143796 -> -0.182741  n=3.000  phase=0.000
     8.1: kPhi -0.025725 -> -0.109037  n=3.000  phase=0.000
     9.1: kPhi 0.246691 -> 0.111301  n=3.000  phase=0.000
  center bond (19, 24): objective 2.183417 -> 2.170060  global RMSE 0.741716 -> 0.733366  (accepted, iterations=2)
     1.1: kPhi 0.888078 -> 0.887961  n=2.000  phase=180.000
     1.2: kPhi 0.120307 -> 0.133038  n=3.000  phase=180.000
     1.3: kPhi 1.092627 -> 1.095409  n=1.000  phase=0.000
     2.1: kPhi 0.696964 -> 0.695937  n=2.000  phase=180.000
     3.1: kPhi 1.372225 -> 1.387783  n=1.000  phase=0.000
     3.2: kPhi 0.864743 -> 0.816181  n=2.000  phase=180.000
     4.1: kPhi -0.537878 -> -0.516093  n=2.000  phase=180.000
     5.1: kPhi 0.955833 -> 0.915757  n=1.000  phase=0.000
     5.2: kPhi 0.529888 -> 0.546048  n=2.000  phase=180.000
     6.1: kPhi -0.029763 -> -0.056144  n=2.000  phase=180.000
  center bond (24, 26): objective 2.170060 -> 2.169154  global RMSE 0.733366 -> 0.736983  (accepted, iterations=1)
     1.1: kPhi 1.789008 -> 1.783700  n=2.000  phase=180.000
     2.1: kPhi 2.594094 -> 2.581883  n=2.000  phase=180.000
     2.2: kPhi -1.225002 -> -1.208929  n=1.000  phase=0.000
  per-scan RMSE:
    (15, 18): 0.436795 -> 0.479266
    (18, 19): 1.109251 -> 0.930424
    (19, 24): 0.572766 -> 0.468736
    (24, 26): 0.913172 -> 0.926000

cycle 10: accepted=4 rejected=0  objective 2.169154 -> 2.140535  global RMSE 0.736983 -> 0.757057
  center bond (15, 18): objective 2.169154 -> 2.167892  global RMSE 0.736983 -> 0.737528  (accepted, iterations=1)
     1.1: kPhi 0.182514 -> 0.193986  n=2.000  phase=180.000
     2.1: kPhi 0.047973 -> 0.021349  n=1.000  phase=0.000
     3.1: kPhi -0.066307 -> -0.052276  n=1.000  phase=0.000
     4.1: kPhi 0.168847 -> 0.178202  n=2.000  phase=180.000
     5.1: kPhi -0.051284 -> -0.026641  n=1.000  phase=0.000
     6.1: kPhi 0.067046 -> 0.052098  n=1.000  phase=0.000
  center bond (18, 19): objective 2.167892 -> 2.153558  global RMSE 0.737528 -> 0.762419  (accepted, iterations=2)
     1.1: kPhi -0.367907 -> -0.227550  n=3.000  phase=0.000
     2.1: kPhi -0.296248 -> -0.211284  n=3.000  phase=0.000
     3.1: kPhi 0.424758 -> 0.469274  n=1.000  phase=0.000
     4.1: kPhi -0.264773 -> -0.197905  n=3.000  phase=0.000
     5.1: kPhi -0.142045 -> -0.157546  n=3.000  phase=0.000
     6.1: kPhi -0.010781 -> -0.053472  n=3.000  phase=0.000
     7.1: kPhi -0.182741 -> -0.149560  n=3.000  phase=0.000
     8.1: kPhi -0.109037 -> -0.131398  n=3.000  phase=0.000
     9.1: kPhi 0.111301 -> 0.008278  n=3.000  phase=0.000
  center bond (19, 24): objective 2.153558 -> 2.141166  global RMSE 0.762419 -> 0.753797  (accepted, iterations=2)
     1.1: kPhi 0.887961 -> 0.887034  n=2.000  phase=180.000
     1.2: kPhi 0.133038 -> 0.142453  n=3.000  phase=180.000
     1.3: kPhi 1.095409 -> 1.098358  n=1.000  phase=0.000
     2.1: kPhi 0.695937 -> 0.694240  n=2.000  phase=180.000
     3.1: kPhi 1.387783 -> 1.400355  n=1.000  phase=0.000
     3.2: kPhi 0.816181 -> 0.765933  n=2.000  phase=180.000
     4.1: kPhi -0.516093 -> -0.500519  n=2.000  phase=180.000
     5.1: kPhi 0.915757 -> 0.878983  n=1.000  phase=0.000
     5.2: kPhi 0.546048 -> 0.564024  n=2.000  phase=180.000
     6.1: kPhi -0.056144 -> -0.075664  n=2.000  phase=180.000
  center bond (24, 26): objective 2.141166 -> 2.140535  global RMSE 0.753797 -> 0.757057  (accepted, iterations=1)
     1.1: kPhi 1.783700 -> 1.781288  n=2.000  phase=180.000
     2.1: kPhi 2.581883 -> 2.572637  n=2.000  phase=180.000
     2.2: kPhi -1.208929 -> -1.194392  n=1.000  phase=0.000
  per-scan RMSE:
    (15, 18): 0.479266 -> 0.488535
    (18, 19): 0.930424 -> 0.974665
    (19, 24): 0.468736 -> 0.484870
    (24, 26): 0.926000 -> 0.932096

cycle 11: accepted=4 rejected=0  objective 2.140535 -> 2.120628  global RMSE 0.757057 -> 0.745228
  center bond (15, 18): objective 2.140535 -> 2.139754  global RMSE 0.757057 -> 0.755946  (accepted, iterations=2)
     1.1: kPhi 0.193986 -> 0.189892  n=2.000  phase=180.000
     2.1: kPhi 0.021349 -> 0.032001  n=1.000  phase=0.000
     3.1: kPhi -0.052276 -> -0.058776  n=1.000  phase=0.000
     4.1: kPhi 0.178202 -> 0.170706  n=2.000  phase=180.000
     5.1: kPhi -0.026641 -> -0.039854  n=1.000  phase=0.000
     6.1: kPhi 0.052098 -> 0.058015  n=1.000  phase=0.000
  center bond (18, 19): objective 2.139754 -> 2.127842  global RMSE 0.755946 -> 0.743565  (accepted, iterations=2)
     1.1: kPhi -0.227550 -> -0.194165  n=3.000  phase=0.000
     2.1: kPhi -0.211284 -> -0.200030  n=3.000  phase=0.000
     3.1: kPhi 0.469274 -> 0.490574  n=1.000  phase=0.000
     4.1: kPhi -0.197905 -> -0.195053  n=3.000  phase=0.000
     5.1: kPhi -0.157546 -> -0.187294  n=3.000  phase=0.000
     6.1: kPhi -0.053472 -> -0.093895  n=3.000  phase=0.000
     7.1: kPhi -0.149560 -> -0.158594  n=3.000  phase=0.000
     8.1: kPhi -0.131398 -> -0.162552  n=3.000  phase=0.000
     9.1: kPhi 0.008278 -> -0.054473  n=3.000  phase=0.000
  center bond (19, 24): objective 2.127842 -> 2.121058  global RMSE 0.743565 -> 0.742610  (accepted, iterations=2)
     1.1: kPhi 0.887034 -> 0.881095  n=2.000  phase=180.000
     1.2: kPhi 0.142453 -> 0.151188  n=3.000  phase=180.000
     1.3: kPhi 1.098358 -> 1.094337  n=1.000  phase=0.000
     2.1: kPhi 0.694240 -> 0.688080  n=2.000  phase=180.000
     3.1: kPhi 1.400355 -> 1.411018  n=1.000  phase=0.000
     3.2: kPhi 0.765933 -> 0.728786  n=2.000  phase=180.000
     4.1: kPhi -0.500519 -> -0.478857  n=2.000  phase=180.000
     5.1: kPhi 0.878983 -> 0.852009  n=1.000  phase=0.000
     5.2: kPhi 0.564024 -> 0.575741  n=2.000  phase=180.000
     6.1: kPhi -0.075664 -> -0.095918  n=2.000  phase=180.000
  center bond (24, 26): objective 2.121058 -> 2.120628  global RMSE 0.742610 -> 0.745228  (accepted, iterations=1)
     1.1: kPhi 1.781288 -> 1.779295  n=2.000  phase=180.000
     2.1: kPhi 2.572637 -> 2.564054  n=2.000  phase=180.000
     2.2: kPhi -1.194392 -> -1.183092  n=1.000  phase=0.000
  per-scan RMSE:
    (15, 18): 0.488535 -> 0.489752
    (18, 19): 0.974665 -> 0.936896
    (19, 24): 0.484870 -> 0.468250
    (24, 26): 0.932096 -> 0.940516

cycle 12: accepted=4 rejected=0  objective 2.120628 -> 2.114351  global RMSE 0.745228 -> 0.750301
  center bond (15, 18): objective 2.120628 -> 2.120405  global RMSE 0.745228 -> 0.745581  (accepted, iterations=1)
     1.1: kPhi 0.189892 -> 0.194308  n=2.000  phase=180.000
     2.1: kPhi 0.032001 -> 0.020387  n=1.000  phase=0.000
     3.1: kPhi -0.058776 -> -0.053473  n=1.000  phase=0.000
     4.1: kPhi 0.170706 -> 0.174284  n=2.000  phase=180.000
     5.1: kPhi -0.039854 -> -0.029463  n=1.000  phase=0.000
     6.1: kPhi 0.058015 -> 0.051954  n=1.000  phase=0.000
  center bond (18, 19): objective 2.120405 -> 2.119917  global RMSE 0.745581 -> 0.748431  (accepted, iterations=2)
     1.1: kPhi -0.194165 -> -0.172406  n=3.000  phase=0.000
     2.1: kPhi -0.200030 -> -0.186640  n=3.000  phase=0.000
     3.1: kPhi 0.490574 -> 0.498153  n=1.000  phase=0.000
     4.1: kPhi -0.195053 -> -0.184263  n=3.000  phase=0.000
     5.1: kPhi -0.187294 -> -0.189242  n=3.000  phase=0.000
     6.1: kPhi -0.093895 -> -0.101689  n=3.000  phase=0.000
     7.1: kPhi -0.158594 -> -0.154423  n=3.000  phase=0.000
     8.1: kPhi -0.162552 -> -0.166707  n=3.000  phase=0.000
     9.1: kPhi -0.054473 -> -0.073503  n=3.000  phase=0.000
  center bond (19, 24): objective 2.119917 -> 2.114649  global RMSE 0.748431 -> 0.748082  (accepted, iterations=2)
     1.1: kPhi 0.881095 -> 0.874680  n=2.000  phase=180.000
     1.2: kPhi 0.151188 -> 0.157920  n=3.000  phase=180.000
     1.3: kPhi 1.094337 -> 1.090251  n=1.000  phase=0.000
     2.1: kPhi 0.688080 -> 0.681603  n=2.000  phase=180.000
     3.1: kPhi 1.411018 -> 1.418348  n=1.000  phase=0.000
     3.2: kPhi 0.728786 -> 0.693822  n=2.000  phase=180.000
     4.1: kPhi -0.478857 -> -0.460355  n=2.000  phase=180.000
     5.1: kPhi 0.852009 -> 0.829849  n=1.000  phase=0.000
     5.2: kPhi 0.575741 -> 0.586925  n=2.000  phase=180.000
     6.1: kPhi -0.095918 -> -0.112298  n=2.000  phase=180.000
  center bond (24, 26): objective 2.114649 -> 2.114351  global RMSE 0.748082 -> 0.750301  (accepted, iterations=1)
     1.1: kPhi 1.779295 -> 1.778557  n=2.000  phase=180.000
     2.1: kPhi 2.564054 -> 2.556899  n=2.000  phase=180.000
     2.2: kPhi -1.183092 -> -1.173587  n=1.000  phase=0.000
  per-scan RMSE:
    (15, 18): 0.489752 -> 0.495723
    (18, 19): 0.936896 -> 0.939865
    (19, 24): 0.468250 -> 0.476219
    (24, 26): 0.940516 -> 0.946538

cycle 13: accepted=4 rejected=0  objective 2.114351 -> 2.110491  global RMSE 0.750301 -> 0.748313
  center bond (15, 18): objective 2.114351 -> 2.114302  global RMSE 0.750301 -> 0.750097  (accepted, iterations=2)
     1.1: kPhi 0.194308 -> 0.192631  n=2.000  phase=180.000
     2.1: kPhi 0.020387 -> 0.021589  n=1.000  phase=0.000
     3.1: kPhi -0.053473 -> -0.055915  n=1.000  phase=0.000
     4.1: kPhi 0.174284 -> 0.171419  n=2.000  phase=180.000
     5.1: kPhi -0.029463 -> -0.032414  n=1.000  phase=0.000
     6.1: kPhi 0.051954 -> 0.053443  n=1.000  phase=0.000
  center bond (18, 19): objective 2.114302 -> 2.112791  global RMSE 0.750097 -> 0.746579  (accepted, iterations=2)
     1.1: kPhi -0.172406 -> -0.162464  n=3.000  phase=0.000
     2.1: kPhi -0.186640 -> -0.183542  n=3.000  phase=0.000
     3.1: kPhi 0.498153 -> 0.506664  n=1.000  phase=0.000
     4.1: kPhi -0.184263 -> -0.182954  n=3.000  phase=0.000
     5.1: kPhi -0.189242 -> -0.198118  n=3.000  phase=0.000
     6.1: kPhi -0.101689 -> -0.115509  n=3.000  phase=0.000
     7.1: kPhi -0.154423 -> -0.158357  n=3.000  phase=0.000
     8.1: kPhi -0.166707 -> -0.177436  n=3.000  phase=0.000
     9.1: kPhi -0.073503 -> -0.096250  n=3.000  phase=0.000
  center bond (19, 24): objective 2.112791 -> 2.110699  global RMSE 0.746579 -> 0.746558  (accepted, iterations=1)
     1.1: kPhi 0.874680 -> 0.871800  n=2.000  phase=180.000
     1.2: kPhi 0.157920 -> 0.160439  n=3.000  phase=180.000
     1.3: kPhi 1.090251 -> 1.087859  n=1.000  phase=0.000
     2.1: kPhi 0.681603 -> 0.678809  n=2.000  phase=180.000
     3.1: kPhi 1.418348 -> 1.421375  n=1.000  phase=0.000
     3.2: kPhi 0.693822 -> 0.678214  n=2.000  phase=180.000
     4.1: kPhi -0.460355 -> -0.451300  n=2.000  phase=180.000
     5.1: kPhi 0.829849 -> 0.820217  n=1.000  phase=0.000
     5.2: kPhi 0.586925 -> 0.591150  n=2.000  phase=180.000
     6.1: kPhi -0.112298 -> -0.120343  n=2.000  phase=180.000
  center bond (24, 26): objective 2.110699 -> 2.110491  global RMSE 0.746558 -> 0.748313  (accepted, iterations=1)
     1.1: kPhi 1.778557 -> 1.778103  n=2.000  phase=180.000
     2.1: kPhi 2.556899 -> 2.550290  n=2.000  phase=180.000
     2.2: kPhi -1.173587 -> -1.166186  n=1.000  phase=0.000
  per-scan RMSE:
    (15, 18): 0.495723 -> 0.498547
    (18, 19): 0.939865 -> 0.928962
    (19, 24): 0.476219 -> 0.470908
    (24, 26): 0.946538 -> 0.952163

cycle 14: accepted=4 rejected=0  objective 2.110491 -> 2.108251  global RMSE 0.748313 -> 0.749756
  center bond (15, 18): objective 2.110491 -> 2.110452  global RMSE 0.748313 -> 0.748464  (accepted, iterations=1)
     1.1: kPhi 0.192631 -> 0.194237  n=2.000  phase=180.000
     2.1: kPhi 0.021589 -> 0.016575  n=1.000  phase=0.000
     3.1: kPhi -0.055915 -> -0.054032  n=1.000  phase=0.000
     4.1: kPhi 0.171419 -> 0.172738  n=2.000  phase=180.000
     5.1: kPhi -0.032414 -> -0.028123  n=1.000  phase=0.000
     6.1: kPhi 0.053443 -> 0.051039  n=1.000  phase=0.000
  center bond (18, 19): objective 2.110452 -> 2.110241  global RMSE 0.748464 -> 0.747177  (accepted, iterations=2)
     1.1: kPhi -0.162464 -> -0.159976  n=3.000  phase=0.000
     2.1: kPhi -0.183542 -> -0.183055  n=3.000  phase=0.000
     3.1: kPhi 0.506664 -> 0.509607  n=1.000  phase=0.000
     4.1: kPhi -0.182954 -> -0.182777  n=3.000  phase=0.000
     5.1: kPhi -0.198118 -> -0.200999  n=3.000  phase=0.000
     6.1: kPhi -0.115509 -> -0.120190  n=3.000  phase=0.000
     7.1: kPhi -0.158357 -> -0.160230  n=3.000  phase=0.000
     8.1: kPhi -0.177436 -> -0.181288  n=3.000  phase=0.000
     9.1: kPhi -0.096250 -> -0.104254  n=3.000  phase=0.000
  center bond (19, 24): objective 2.110241 -> 2.108399  global RMSE 0.747177 -> 0.748311  (accepted, iterations=1)
     1.1: kPhi 0.871800 -> 0.867359  n=2.000  phase=180.000
     1.2: kPhi 0.160439 -> 0.163493  n=3.000  phase=180.000
     1.3: kPhi 1.087859 -> 1.084610  n=1.000  phase=0.000
     2.1: kPhi 0.678809 -> 0.674483  n=2.000  phase=180.000
     3.1: kPhi 1.421375 -> 1.423802  n=1.000  phase=0.000
     3.2: kPhi 0.678214 -> 0.664702  n=2.000  phase=180.000
     4.1: kPhi -0.451300 -> -0.441410  n=2.000  phase=180.000
     5.1: kPhi 0.820217 -> 0.812442  n=1.000  phase=0.000
     5.2: kPhi 0.591150 -> 0.594909  n=2.000  phase=180.000
     6.1: kPhi -0.120343 -> -0.127812  n=2.000  phase=180.000
  center bond (24, 26): objective 2.108399 -> 2.108251  global RMSE 0.748311 -> 0.749756  (accepted, iterations=1)
     1.1: kPhi 1.778103 -> 1.778248  n=2.000  phase=180.000
     2.1: kPhi 2.550290 -> 2.544494  n=2.000  phase=180.000
     2.2: kPhi -1.166186 -> -1.160146  n=1.000  phase=0.000
  per-scan RMSE:
    (15, 18): 0.498547 -> 0.502725
    (18, 19): 0.928962 -> 0.925020
    (19, 24): 0.470908 -> 0.474124
    (24, 26): 0.952163 -> 0.956739

cycle 15: accepted=4 rejected=0  objective 2.108251 -> 2.106436  global RMSE 0.749756 -> 0.750803
  center bond (15, 18): objective 2.108251 -> 2.108246  global RMSE 0.749756 -> 0.749733  (accepted, iterations=1)
     1.1: kPhi 0.194237 -> 0.192971  n=2.000  phase=180.000
     2.1: kPhi 0.016575 -> 0.014210  n=1.000  phase=0.000
     3.1: kPhi -0.054032 -> -0.054230  n=1.000  phase=0.000
     4.1: kPhi 0.172738 -> 0.171221  n=2.000  phase=180.000
     5.1: kPhi -0.028123 -> -0.026860  n=1.000  phase=0.000
     6.1: kPhi 0.051039 -> 0.050392  n=1.000  phase=0.000
  center bond (18, 19): objective 2.108246 -> 2.108174  global RMSE 0.749733 -> 0.749689  (accepted, iterations=2)
     1.1: kPhi -0.159976 -> -0.154940  n=3.000  phase=0.000
     2.1: kPhi -0.183055 -> -0.180427  n=3.000  phase=0.000
     3.1: kPhi 0.509607 -> 0.511545  n=1.000  phase=0.000
     4.1: kPhi -0.182777 -> -0.180430  n=3.000  phase=0.000
     5.1: kPhi -0.200999 -> -0.202246  n=3.000  phase=0.000
     6.1: kPhi -0.120190 -> -0.123360  n=3.000  phase=0.000
     7.1: kPhi -0.160230 -> -0.160100  n=3.000  phase=0.000
     8.1: kPhi -0.181288 -> -0.183567  n=3.000  phase=0.000
     9.1: kPhi -0.104254 -> -0.111182  n=3.000  phase=0.000
  center bond (19, 24): objective 2.108174 -> 2.106545  global RMSE 0.749689 -> 0.749614  (accepted, iterations=1)
     1.1: kPhi 0.867359 -> 0.864755  n=2.000  phase=180.000
     1.2: kPhi 0.163493 -> 0.165145  n=3.000  phase=180.000
     1.3: kPhi 1.084610 -> 1.082426  n=1.000  phase=0.000
     2.1: kPhi 0.674483 -> 0.672038  n=2.000  phase=180.000
     3.1: kPhi 1.423802 -> 1.425796  n=1.000  phase=0.000
     3.2: kPhi 0.664702 -> 0.650318  n=2.000  phase=180.000
     4.1: kPhi -0.441410 -> -0.433553  n=2.000  phase=180.000
     5.1: kPhi 0.812442 -> 0.804330  n=1.000  phase=0.000
     5.2: kPhi 0.594909 -> 0.598435  n=2.000  phase=180.000
     6.1: kPhi -0.127812 -> -0.134738  n=2.000  phase=180.000
  center bond (24, 26): objective 2.106545 -> 2.106436  global RMSE 0.749614 -> 0.750803  (accepted, iterations=1)
     1.1: kPhi 1.778248 -> 1.778855  n=2.000  phase=180.000
     2.1: kPhi 2.544494 -> 2.539384  n=2.000  phase=180.000
     2.2: kPhi -1.160146 -> -1.155212  n=1.000  phase=0.000
  per-scan RMSE:
    (15, 18): 0.502725 -> 0.503569
    (18, 19): 0.925020 -> 0.923788
    (19, 24): 0.474124 -> 0.475208
    (24, 26): 0.956739 -> 0.960226

cycle 16: accepted=4 rejected=0  objective 2.106436 -> 2.104885  global RMSE 0.750803 -> 0.752743
  center bond (15, 18): objective 2.106436 -> 2.106436  global RMSE 0.750803 -> 0.750794  (accepted, iterations=1)
     1.1: kPhi 0.192971 -> 0.193158  n=2.000  phase=180.000
     2.1: kPhi 0.014210 -> 0.013590  n=1.000  phase=0.000
     3.1: kPhi -0.054230 -> -0.054951  n=1.000  phase=0.000
     4.1: kPhi 0.171221 -> 0.171243  n=2.000  phase=180.000
     5.1: kPhi -0.026860 -> -0.026968  n=1.000  phase=0.000
     6.1: kPhi 0.050392 -> 0.050582  n=1.000  phase=0.000
  center bond (18, 19): objective 2.106436 -> 2.106417  global RMSE 0.750794 -> 0.751323  (accepted, iterations=1)
     1.1: kPhi -0.154940 -> -0.151810  n=3.000  phase=0.000
     2.1: kPhi -0.180427 -> -0.178410  n=3.000  phase=0.000
     3.1: kPhi 0.511545 -> 0.513037  n=1.000  phase=0.000
     4.1: kPhi -0.180430 -> -0.178380  n=3.000  phase=0.000
     5.1: kPhi -0.202246 -> -0.201854  n=3.000  phase=0.000
     6.1: kPhi -0.123360 -> -0.124265  n=3.000  phase=0.000
     7.1: kPhi -0.160100 -> -0.159349  n=3.000  phase=0.000
     8.1: kPhi -0.183567 -> -0.183916  n=3.000  phase=0.000
     9.1: kPhi -0.111182 -> -0.114151  n=3.000  phase=0.000
  center bond (19, 24): objective 2.106417 -> 2.104966  global RMSE 0.751323 -> 0.751766  (accepted, iterations=1)
     1.1: kPhi 0.864755 -> 0.861563  n=2.000  phase=180.000
     1.2: kPhi 0.165145 -> 0.167261  n=3.000  phase=180.000
     1.3: kPhi 1.082426 -> 1.079744  n=1.000  phase=0.000
     2.1: kPhi 0.672038 -> 0.668979  n=2.000  phase=180.000
     3.1: kPhi 1.425796 -> 1.427289  n=1.000  phase=0.000
     3.2: kPhi 0.650318 -> 0.636864  n=2.000  phase=180.000
     4.1: kPhi -0.433553 -> -0.425792  n=2.000  phase=180.000
     5.1: kPhi 0.804330 -> 0.797554  n=1.000  phase=0.000
     5.2: kPhi 0.598435 -> 0.601833  n=2.000  phase=180.000
     6.1: kPhi -0.134738 -> -0.140938  n=2.000  phase=180.000
  center bond (24, 26): objective 2.104966 -> 2.104885  global RMSE 0.751766 -> 0.752743  (accepted, iterations=1)
     1.1: kPhi 1.778855 -> 1.779802  n=2.000  phase=180.000
     2.1: kPhi 2.539384 -> 2.534841  n=2.000  phase=180.000
     2.2: kPhi -1.155212 -> -1.151185  n=1.000  phase=0.000
  per-scan RMSE:
    (15, 18): 0.503569 -> 0.503749
    (18, 19): 0.923788 -> 0.925251
    (19, 24): 0.475208 -> 0.478629
    (24, 26): 0.960226 -> 0.963093

cycle 17: accepted=4 rejected=0  objective 2.104885 -> 2.103523  global RMSE 0.752743 -> 0.753986
  center bond (15, 18): objective 2.104885 -> 2.104885  global RMSE 0.752743 -> 0.752732  (accepted, iterations=1)
     1.1: kPhi 0.193158 -> 0.193114  n=2.000  phase=180.000
     2.1: kPhi 0.013590 -> 0.013648  n=1.000  phase=0.000
     3.1: kPhi -0.054951 -> -0.055205  n=1.000  phase=0.000
     4.1: kPhi 0.171243 -> 0.171135  n=2.000  phase=180.000
     5.1: kPhi -0.026968 -> -0.027248  n=1.000  phase=0.000
     6.1: kPhi 0.050582 -> 0.050686  n=1.000  phase=0.000
  center bond (18, 19): objective 2.104885 -> 2.104880  global RMSE 0.752732 -> 0.752864  (accepted, iterations=2)
     1.1: kPhi -0.151810 -> -0.150335  n=3.000  phase=0.000
     2.1: kPhi -0.178410 -> -0.177569  n=3.000  phase=0.000
     3.1: kPhi 0.513037 -> 0.513636  n=1.000  phase=0.000
     4.1: kPhi -0.178380 -> -0.177514  n=3.000  phase=0.000
     5.1: kPhi -0.201854 -> -0.201881  n=3.000  phase=0.000
     6.1: kPhi -0.124265 -> -0.124969  n=3.000  phase=0.000
     7.1: kPhi -0.159349 -> -0.159067  n=3.000  phase=0.000
     8.1: kPhi -0.183916 -> -0.184263  n=3.000  phase=0.000
     9.1: kPhi -0.114151 -> -0.115864  n=3.000  phase=0.000
  center bond (19, 24): objective 2.104880 -> 2.103585  global RMSE 0.752864 -> 0.753189  (accepted, iterations=1)
     1.1: kPhi 0.861563 -> 0.858679  n=2.000  phase=180.000
     1.2: kPhi 0.167261 -> 0.169196  n=3.000  phase=180.000
     1.3: kPhi 1.079744 -> 1.077196  n=1.000  phase=0.000
     2.1: kPhi 0.668979 -> 0.666228  n=2.000  phase=180.000
     3.1: kPhi 1.427289 -> 1.428354  n=1.000  phase=0.000
     3.2: kPhi 0.636864 -> 0.623751  n=2.000  phase=180.000
     4.1: kPhi -0.425792 -> -0.418669  n=2.000  phase=180.000
     5.1: kPhi 0.797554 -> 0.791395  n=1.000  phase=0.000
     5.2: kPhi 0.601833 -> 0.604984  n=2.000  phase=180.000
     6.1: kPhi -0.140938 -> -0.146660  n=2.000  phase=180.000
  center bond (24, 26): objective 2.103585 -> 2.103523  global RMSE 0.753189 -> 0.753986  (accepted, iterations=1)
     1.1: kPhi 1.779802 -> 1.780978  n=2.000  phase=180.000
     2.1: kPhi 2.534841 -> 2.530753  n=2.000  phase=180.000
     2.2: kPhi -1.151185 -> -1.147919  n=1.000  phase=0.000
  per-scan RMSE:
    (15, 18): 0.503749 -> 0.504085
    (18, 19): 0.925251 -> 0.925616
    (19, 24): 0.478629 -> 0.480670
    (24, 26): 0.963093 -> 0.965436

cycle 18: accepted=4 rejected=0  objective 2.103523 -> 2.102311  global RMSE 0.753986 -> 0.755126
  center bond (15, 18): objective 2.103523 -> 2.103523  global RMSE 0.753986 -> 0.753996  (accepted, iterations=1)
     1.1: kPhi 0.193114 -> 0.193466  n=2.000  phase=180.000
     2.1: kPhi 0.013648 -> 0.013139  n=1.000  phase=0.000
     3.1: kPhi -0.055205 -> -0.055365  n=1.000  phase=0.000
     4.1: kPhi 0.171135 -> 0.171355  n=2.000  phase=180.000
     5.1: kPhi -0.027248 -> -0.027137  n=1.000  phase=0.000
     6.1: kPhi 0.050686 -> 0.050577  n=1.000  phase=0.000
  center bond (18, 19): objective 2.103523 -> 2.103520  global RMSE 0.753996 -> 0.754129  (accepted, iterations=2)
     1.1: kPhi -0.150335 -> -0.149306  n=3.000  phase=0.000
     2.1: kPhi -0.177569 -> -0.176977  n=3.000  phase=0.000
     3.1: kPhi 0.513636 -> 0.514248  n=1.000  phase=0.000
     4.1: kPhi -0.177514 -> -0.176804  n=3.000  phase=0.000
     5.1: kPhi -0.201881 -> -0.201770  n=3.000  phase=0.000
     6.1: kPhi -0.124969 -> -0.125447  n=3.000  phase=0.000
     7.1: kPhi -0.159067 -> -0.158834  n=3.000  phase=0.000
     8.1: kPhi -0.184263 -> -0.184461  n=3.000  phase=0.000
     9.1: kPhi -0.115864 -> -0.117132  n=3.000  phase=0.000
  center bond (19, 24): objective 2.103520 -> 2.102360  global RMSE 0.754129 -> 0.754474  (accepted, iterations=1)
     1.1: kPhi 0.858679 -> 0.855879  n=2.000  phase=180.000
     1.2: kPhi 0.169196 -> 0.171084  n=3.000  phase=180.000
     1.3: kPhi 1.077196 -> 1.074693  n=1.000  phase=0.000
     2.1: kPhi 0.666228 -> 0.663563  n=2.000  phase=180.000
     3.1: kPhi 1.428354 -> 1.429041  n=1.000  phase=0.000
     3.2: kPhi 0.623751 -> 0.611164  n=2.000  phase=180.000
     4.1: kPhi -0.418669 -> -0.411935  n=2.000  phase=180.000
     5.1: kPhi 0.791395 -> 0.785890  n=1.000  phase=0.000
     5.2: kPhi 0.604984 -> 0.607860  n=2.000  phase=180.000
     6.1: kPhi -0.146660 -> -0.151981  n=2.000  phase=180.000
  center bond (24, 26): objective 2.102360 -> 2.102311  global RMSE 0.754474 -> 0.755126  (accepted, iterations=1)
     1.1: kPhi 1.780978 -> 1.782319  n=2.000  phase=180.000
     2.1: kPhi 2.530753 -> 2.527049  n=2.000  phase=180.000
     2.2: kPhi -1.147919 -> -1.145261  n=1.000  phase=0.000
  per-scan RMSE:
    (15, 18): 0.504085 -> 0.504744
    (18, 19): 0.925616 -> 0.926030
    (19, 24): 0.480670 -> 0.482508
    (24, 26): 0.965436 -> 0.967340

cycle 19: accepted=4 rejected=0  objective 2.102311 -> 2.101227  global RMSE 0.755126 -> 0.756062
  center bond (15, 18): objective 2.102311 -> 2.102310  global RMSE 0.755126 -> 0.755115  (accepted, iterations=1)
     1.1: kPhi 0.193466 -> 0.193398  n=2.000  phase=180.000
     2.1: kPhi 0.013139 -> 0.013259  n=1.000  phase=0.000
     3.1: kPhi -0.055365 -> -0.055567  n=1.000  phase=0.000
     4.1: kPhi 0.171355 -> 0.171242  n=2.000  phase=180.000
     5.1: kPhi -0.027137 -> -0.027389  n=1.000  phase=0.000
     6.1: kPhi 0.050577 -> 0.050695  n=1.000  phase=0.000
  center bond (18, 19): objective 2.102310 -> 2.102309  global RMSE 0.755115 -> 0.755215  (accepted, iterations=2)
     1.1: kPhi -0.149306 -> -0.148567  n=3.000  phase=0.000
     2.1: kPhi -0.176977 -> -0.176575  n=3.000  phase=0.000
     3.1: kPhi 0.514248 -> 0.514684  n=1.000  phase=0.000
     4.1: kPhi -0.176804 -> -0.176283  n=3.000  phase=0.000
     5.1: kPhi -0.201770 -> -0.201678  n=3.000  phase=0.000
     6.1: kPhi -0.125447 -> -0.125813  n=3.000  phase=0.000
     7.1: kPhi -0.158834 -> -0.158619  n=3.000  phase=0.000
     8.1: kPhi -0.184461 -> -0.184575  n=3.000  phase=0.000
     9.1: kPhi -0.117132 -> -0.118030  n=3.000  phase=0.000
  center bond (19, 24): objective 2.102309 -> 2.101267  global RMSE 0.755215 -> 0.755528  (accepted, iterations=1)
     1.1: kPhi 0.855879 -> 0.853241  n=2.000  phase=180.000
     1.2: kPhi 0.171084 -> 0.172901  n=3.000  phase=180.000
     1.3: kPhi 1.074693 -> 1.072268  n=1.000  phase=0.000
     2.1: kPhi 0.663563 -> 0.661060  n=2.000  phase=180.000
     3.1: kPhi 1.429041 -> 1.429403  n=1.000  phase=0.000
     3.2: kPhi 0.611164 -> 0.599036  n=2.000  phase=180.000
     4.1: kPhi -0.411935 -> -0.405606  n=2.000  phase=180.000
     5.1: kPhi 0.785890 -> 0.780938  n=1.000  phase=0.000
     5.2: kPhi 0.607860 -> 0.610457  n=2.000  phase=180.000
     6.1: kPhi -0.151981 -> -0.156952  n=2.000  phase=180.000
  center bond (24, 26): objective 2.101267 -> 2.101227  global RMSE 0.755528 -> 0.756062  (accepted, iterations=1)
     1.1: kPhi 1.782319 -> 1.783774  n=2.000  phase=180.000
     2.1: kPhi 2.527049 -> 2.523673  n=2.000  phase=180.000
     2.2: kPhi -1.145261 -> -1.143097  n=1.000  phase=0.000
  per-scan RMSE:
    (15, 18): 0.504744 -> 0.505036
    (18, 19): 0.926030 -> 0.926526
    (19, 24): 0.482508 -> 0.484009
    (24, 26): 0.967340 -> 0.968888

cycle 20: accepted=3 rejected=1  objective 2.101227 -> 2.100253  global RMSE 0.756062 -> 0.756868
  center bond (15, 18): objective 2.101227 -> 2.101227  global RMSE 0.756062 -> 0.756062  (rejected, iterations=1)
     1.1: kPhi 0.193398 -> 0.193398  n=2.000  phase=180.000
     2.1: kPhi 0.013259 -> 0.013259  n=1.000  phase=0.000
     3.1: kPhi -0.055567 -> -0.055567  n=1.000  phase=0.000
     4.1: kPhi 0.171242 -> 0.171242  n=2.000  phase=180.000
     5.1: kPhi -0.027389 -> -0.027389  n=1.000  phase=0.000
     6.1: kPhi 0.050695 -> 0.050695  n=1.000  phase=0.000
  center bond (18, 19): objective 2.101227 -> 2.101226  global RMSE 0.756062 -> 0.756142  (accepted, iterations=2)
     1.1: kPhi -0.148567 -> -0.148022  n=3.000  phase=0.000
     2.1: kPhi -0.176575 -> -0.176292  n=3.000  phase=0.000
     3.1: kPhi 0.514684 -> 0.515039  n=1.000  phase=0.000
     4.1: kPhi -0.176283 -> -0.175871  n=3.000  phase=0.000
     5.1: kPhi -0.201678 -> -0.201584  n=3.000  phase=0.000
     6.1: kPhi -0.125813 -> -0.126101  n=3.000  phase=0.000
     7.1: kPhi -0.158619 -> -0.158433  n=3.000  phase=0.000
     8.1: kPhi -0.184575 -> -0.184644  n=3.000  phase=0.000
     9.1: kPhi -0.118030 -> -0.118719  n=3.000  phase=0.000
  center bond (19, 24): objective 2.101226 -> 2.100286  global RMSE 0.756142 -> 0.756429  (accepted, iterations=1)
     1.1: kPhi 0.853241 -> 0.850742  n=2.000  phase=180.000
     1.2: kPhi 0.172901 -> 0.174647  n=3.000  phase=180.000
     1.3: kPhi 1.072268 -> 1.069936  n=1.000  phase=0.000
     2.1: kPhi 0.661060 -> 0.658696  n=2.000  phase=180.000
     3.1: kPhi 1.429403 -> 1.429483  n=1.000  phase=0.000
     3.2: kPhi 0.599036 -> 0.587372  n=2.000  phase=180.000
     4.1: kPhi -0.405606 -> -0.399626  n=2.000  phase=180.000
     5.1: kPhi 0.780938 -> 0.776471  n=1.000  phase=0.000
     5.2: kPhi 0.610457 -> 0.612775  n=2.000  phase=180.000
     6.1: kPhi -0.156952 -> -0.161618  n=2.000  phase=180.000
  center bond (24, 26): objective 2.100286 -> 2.100253  global RMSE 0.756429 -> 0.756868  (accepted, iterations=1)
     1.1: kPhi 1.783774 -> 1.785305  n=2.000  phase=180.000
     2.1: kPhi 2.523673 -> 2.520581  n=2.000  phase=180.000
     2.2: kPhi -1.143097 -> -1.141328  n=1.000  phase=0.000
  per-scan RMSE:
    (15, 18): 0.505036 -> 0.505444
    (18, 19): 0.926526 -> 0.926966
    (19, 24): 0.484009 -> 0.485256
    (24, 26): 0.968888 -> 0.970146

cycle 21: accepted=4 rejected=0  objective 2.100253 -> 2.099376  global RMSE 0.756868 -> 0.757555
  center bond (15, 18): objective 2.100253 -> 2.100253  global RMSE 0.756868 -> 0.756878  (accepted, iterations=1)
     1.1: kPhi 0.193398 -> 0.193723  n=2.000  phase=180.000
     2.1: kPhi 0.013259 -> 0.012837  n=1.000  phase=0.000
     3.1: kPhi -0.055567 -> -0.055703  n=1.000  phase=0.000
     4.1: kPhi 0.171242 -> 0.171461  n=2.000  phase=180.000
     5.1: kPhi -0.027389 -> -0.027247  n=1.000  phase=0.000
     6.1: kPhi 0.050695 -> 0.050651  n=1.000  phase=0.000
  center bond (18, 19): objective 2.100253 -> 2.100253  global RMSE 0.756878 -> 0.756947  (accepted, iterations=2)
     1.1: kPhi -0.148022 -> -0.147609  n=3.000  phase=0.000
     2.1: kPhi -0.176292 -> -0.176079  n=3.000  phase=0.000
     3.1: kPhi 0.515039 -> 0.515355  n=1.000  phase=0.000
     4.1: kPhi -0.175871 -> -0.175524  n=3.000  phase=0.000
     5.1: kPhi -0.201584 -> -0.201473  n=3.000  phase=0.000
     6.1: kPhi -0.126101 -> -0.126324  n=3.000  phase=0.000
     7.1: kPhi -0.158433 -> -0.158279  n=3.000  phase=0.000
     8.1: kPhi -0.184644 -> -0.184682  n=3.000  phase=0.000
     9.1: kPhi -0.118719 -> -0.119279  n=3.000  phase=0.000
  center bond (19, 24): objective 2.100253 -> 2.099404  global RMSE 0.756947 -> 0.757192  (accepted, iterations=1)
     1.1: kPhi 0.850742 -> 0.848387  n=2.000  phase=180.000
     1.2: kPhi 0.174647 -> 0.176288  n=3.000  phase=180.000
     1.3: kPhi 1.069936 -> 1.067723  n=1.000  phase=0.000
     2.1: kPhi 0.658696 -> 0.656479  n=2.000  phase=180.000
     3.1: kPhi 1.429483 -> 1.429327  n=1.000  phase=0.000
     3.2: kPhi 0.587372 -> 0.576146  n=2.000  phase=180.000
     4.1: kPhi -0.399626 -> -0.393979  n=2.000  phase=180.000
     5.1: kPhi 0.776471 -> 0.772409  n=1.000  phase=0.000
     5.2: kPhi 0.612775 -> 0.614820  n=2.000  phase=180.000
     6.1: kPhi -0.161618 -> -0.166015  n=2.000  phase=180.000
  center bond (24, 26): objective 2.099404 -> 2.099376  global RMSE 0.757192 -> 0.757555  (accepted, iterations=1)
     1.1: kPhi 1.785305 -> 1.786879  n=2.000  phase=180.000
     2.1: kPhi 2.520581 -> 2.517733  n=2.000  phase=180.000
     2.2: kPhi -1.141328 -> -1.139878  n=1.000  phase=0.000
  per-scan RMSE:
    (15, 18): 0.505444 -> 0.506069
    (18, 19): 0.926966 -> 0.927280
    (19, 24): 0.485256 -> 0.486245
    (24, 26): 0.970146 -> 0.971168

cycle 22: accepted=4 rejected=0  objective 2.099376 -> 2.098584  global RMSE 0.757555 -> 0.758078
  center bond (15, 18): objective 2.099376 -> 2.099376  global RMSE 0.757555 -> 0.757544  (accepted, iterations=1)
     1.1: kPhi 0.193723 -> 0.193638  n=2.000  phase=180.000
     2.1: kPhi 0.012837 -> 0.012977  n=1.000  phase=0.000
     3.1: kPhi -0.055703 -> -0.055881  n=1.000  phase=0.000
     4.1: kPhi 0.171461 -> 0.171343  n=2.000  phase=180.000
     5.1: kPhi -0.027247 -> -0.027481  n=1.000  phase=0.000
     6.1: kPhi 0.050651 -> 0.050770  n=1.000  phase=0.000
  center bond (18, 19): objective 2.099376 -> 2.099376  global RMSE 0.757544 -> 0.757481  (accepted, iterations=1)
     1.1: kPhi -0.147609 -> -0.147567  n=3.000  phase=0.000
     2.1: kPhi -0.176079 -> -0.176136  n=3.000  phase=0.000
     3.1: kPhi 0.515355 -> 0.515526  n=1.000  phase=0.000
     4.1: kPhi -0.175524 -> -0.175518  n=3.000  phase=0.000
     5.1: kPhi -0.201473 -> -0.201575  n=3.000  phase=0.000
     6.1: kPhi -0.126324 -> -0.126574  n=3.000  phase=0.000
     7.1: kPhi -0.158279 -> -0.158338  n=3.000  phase=0.000
     8.1: kPhi -0.184682 -> -0.184836  n=3.000  phase=0.000
     9.1: kPhi -0.119279 -> -0.119656  n=3.000  phase=0.000
  center bond (19, 24): objective 2.099376 -> 2.098608  global RMSE 0.757481 -> 0.757779  (accepted, iterations=1)
     1.1: kPhi 0.848387 -> 0.846044  n=2.000  phase=180.000
     1.2: kPhi 0.176288 -> 0.177931  n=3.000  phase=180.000
     1.3: kPhi 1.067723 -> 1.065518  n=1.000  phase=0.000
     2.1: kPhi 0.656479 -> 0.654273  n=2.000  phase=180.000
     3.1: kPhi 1.429327 -> 1.428966  n=1.000  phase=0.000
     3.2: kPhi 0.576146 -> 0.565460  n=2.000  phase=180.000
     4.1: kPhi -0.393979 -> -0.388526  n=2.000  phase=180.000
     5.1: kPhi 0.772409 -> 0.768818  n=1.000  phase=0.000
     5.2: kPhi 0.614820 -> 0.616593  n=2.000  phase=180.000
     6.1: kPhi -0.166015 -> -0.170162  n=2.000  phase=180.000
  center bond (24, 26): objective 2.098608 -> 2.098584  global RMSE 0.757779 -> 0.758078  (accepted, iterations=1)
     1.1: kPhi 1.786879 -> 1.788469  n=2.000  phase=180.000
     2.1: kPhi 2.517733 -> 2.515094  n=2.000  phase=180.000
     2.2: kPhi -1.139878 -> -1.138690  n=1.000  phase=0.000
  per-scan RMSE:
    (15, 18): 0.506069 -> 0.506407
    (18, 19): 0.927280 -> 0.927454
    (19, 24): 0.486245 -> 0.487108
    (24, 26): 0.971168 -> 0.972026

cycle 23: accepted=4 rejected=0  objective 2.098584 -> 2.097864  global RMSE 0.758078 -> 0.758626
  center bond (15, 18): objective 2.098584 -> 2.098584  global RMSE 0.758078 -> 0.758085  (accepted, iterations=1)
     1.1: kPhi 0.193638 -> 0.193748  n=2.000  phase=180.000
     2.1: kPhi 0.012977 -> 0.012724  n=1.000  phase=0.000
     3.1: kPhi -0.055881 -> -0.055842  n=1.000  phase=0.000
     4.1: kPhi 0.171343 -> 0.171424  n=2.000  phase=180.000
     5.1: kPhi -0.027481 -> -0.027316  n=1.000  phase=0.000
     6.1: kPhi 0.050770 -> 0.050672  n=1.000  phase=0.000
  center bond (18, 19): objective 2.098584 -> 2.098584  global RMSE 0.758085 -> 0.758272  (accepted, iterations=1)
     1.1: kPhi -0.147567 -> -0.147133  n=3.000  phase=0.000
     2.1: kPhi -0.176136 -> -0.175801  n=3.000  phase=0.000
     3.1: kPhi 0.515526 -> 0.515574  n=1.000  phase=0.000
     4.1: kPhi -0.175518 -> -0.175122  n=3.000  phase=0.000
     5.1: kPhi -0.201575 -> -0.201289  n=3.000  phase=0.000
     6.1: kPhi -0.126574 -> -0.126448  n=3.000  phase=0.000
     7.1: kPhi -0.158338 -> -0.158008  n=3.000  phase=0.000
     8.1: kPhi -0.184836 -> -0.184600  n=3.000  phase=0.000
     9.1: kPhi -0.119656 -> -0.119662  n=3.000  phase=0.000
  center bond (19, 24): objective 2.098584 -> 2.097885  global RMSE 0.758272 -> 0.758375  (accepted, iterations=1)
     1.1: kPhi 0.846044 -> 0.844056  n=2.000  phase=180.000
     1.2: kPhi 0.177931 -> 0.179337  n=3.000  phase=180.000
     1.3: kPhi 1.065518 -> 1.063578  n=1.000  phase=0.000
     2.1: kPhi 0.654273 -> 0.652425  n=2.000  phase=180.000
     3.1: kPhi 1.428966 -> 1.428430  n=1.000  phase=0.000
     3.2: kPhi 0.565460 -> 0.554955  n=2.000  phase=180.000
     4.1: kPhi -0.388526 -> -0.383578  n=2.000  phase=180.000
     5.1: kPhi 0.768818 -> 0.765394  n=1.000  phase=0.000
     5.2: kPhi 0.616593 -> 0.618151  n=2.000  phase=180.000
     6.1: kPhi -0.170162 -> -0.174060  n=2.000  phase=180.000
  center bond (24, 26): objective 2.097885 -> 2.097864  global RMSE 0.758375 -> 0.758626  (accepted, iterations=1)
     1.1: kPhi 1.788469 -> 1.790070  n=2.000  phase=180.000
     2.1: kPhi 2.515094 -> 2.512652  n=2.000  phase=180.000
     2.2: kPhi -1.138690 -> -1.137701  n=1.000  phase=0.000
  per-scan RMSE:
    (15, 18): 0.506407 -> 0.506765
    (18, 19): 0.927454 -> 0.928038
    (19, 24): 0.487108 -> 0.487726
    (24, 26): 0.972026 -> 0.972681

cycle 24: accepted=4 rejected=0  objective 2.097864 -> 2.097210  global RMSE 0.758626 -> 0.759145
  center bond (15, 18): objective 2.097864 -> 2.097864  global RMSE 0.758626 -> 0.758615  (accepted, iterations=1)
     1.1: kPhi 0.193748 -> 0.193700  n=2.000  phase=180.000
     2.1: kPhi 0.012724 -> 0.012908  n=1.000  phase=0.000
     3.1: kPhi -0.055842 -> -0.056047  n=1.000  phase=0.000
     4.1: kPhi 0.171424 -> 0.171343  n=2.000  phase=180.000
     5.1: kPhi -0.027316 -> -0.027584  n=1.000  phase=0.000
     6.1: kPhi 0.050672 -> 0.050829  n=1.000  phase=0.000
  center bond (18, 19): objective 2.097864 -> 2.097864  global RMSE 0.758615 -> 0.758728  (accepted, iterations=1)
     1.1: kPhi -0.147133 -> -0.146673  n=3.000  phase=0.000
     2.1: kPhi -0.175801 -> -0.175545  n=3.000  phase=0.000
     3.1: kPhi 0.515574 -> 0.515881  n=1.000  phase=0.000
     4.1: kPhi -0.175122 -> -0.174735  n=3.000  phase=0.000
     5.1: kPhi -0.201289 -> -0.201122  n=3.000  phase=0.000
     6.1: kPhi -0.126448 -> -0.126632  n=3.000  phase=0.000
     7.1: kPhi -0.158008 -> -0.157755  n=3.000  phase=0.000
     8.1: kPhi -0.184600 -> -0.184538  n=3.000  phase=0.000
     9.1: kPhi -0.119662 -> -0.120103  n=3.000  phase=0.000
  center bond (19, 24): objective 2.097864 -> 2.097228  global RMSE 0.758728 -> 0.758936  (accepted, iterations=1)
     1.1: kPhi 0.844056 -> 0.841988  n=2.000  phase=180.000
     1.2: kPhi 0.179337 -> 0.180826  n=3.000  phase=180.000
     1.3: kPhi 1.063578 -> 1.061591  n=1.000  phase=0.000
     2.1: kPhi 0.652425 -> 0.650489  n=2.000  phase=180.000
     3.1: kPhi 1.428430 -> 1.427751  n=1.000  phase=0.000
     3.2: kPhi 0.554955 -> 0.544988  n=2.000  phase=180.000
     4.1: kPhi -0.383578 -> -0.378740  n=2.000  phase=180.000
     5.1: kPhi 0.765394 -> 0.762414  n=1.000  phase=0.000
     5.2: kPhi 0.618151 -> 0.619485  n=2.000  phase=180.000
     6.1: kPhi -0.174060 -> -0.177721  n=2.000  phase=180.000
  center bond (24, 26): objective 2.097228 -> 2.097210  global RMSE 0.758936 -> 0.759145  (accepted, iterations=1)
     1.1: kPhi 1.790070 -> 1.791653  n=2.000  phase=180.000
     2.1: kPhi 2.512652 -> 2.510372  n=2.000  phase=180.000
     2.2: kPhi -1.137701 -> -1.136884  n=1.000  phase=0.000
  per-scan RMSE:
    (15, 18): 0.506765 -> 0.506928
    (18, 19): 0.928038 -> 0.928689
    (19, 24): 0.487726 -> 0.488433
    (24, 26): 0.972681 -> 0.973240

cycle 25: accepted=4 rejected=0  objective 2.097210 -> 2.096614  global RMSE 0.759145 -> 0.759469
  center bond (15, 18): objective 2.097210 -> 2.097210  global RMSE 0.759145 -> 0.759147  (accepted, iterations=1)
     1.1: kPhi 0.193700 -> 0.193837  n=2.000  phase=180.000
     2.1: kPhi 0.012908 -> 0.012782  n=1.000  phase=0.000
     3.1: kPhi -0.056047 -> -0.056139  n=1.000  phase=0.000
     4.1: kPhi 0.171343 -> 0.171417  n=2.000  phase=180.000
     5.1: kPhi -0.027584 -> -0.027607  n=1.000  phase=0.000
     6.1: kPhi 0.050829 -> 0.050831  n=1.000  phase=0.000
  center bond (18, 19): objective 2.097210 -> 2.097209  global RMSE 0.759147 -> 0.759143  (accepted, iterations=1)
     1.1: kPhi -0.146673 -> -0.146459  n=3.000  phase=0.000
     2.1: kPhi -0.175545 -> -0.175482  n=3.000  phase=0.000
     3.1: kPhi 0.515881 -> 0.516003  n=1.000  phase=0.000
     4.1: kPhi -0.174735 -> -0.174601  n=3.000  phase=0.000
     5.1: kPhi -0.201122 -> -0.201146  n=3.000  phase=0.000
     6.1: kPhi -0.126632 -> -0.126874  n=3.000  phase=0.000
     7.1: kPhi -0.157755 -> -0.157668  n=3.000  phase=0.000
     8.1: kPhi -0.184538 -> -0.184593  n=3.000  phase=0.000
     9.1: kPhi -0.120103 -> -0.120485  n=3.000  phase=0.000
  center bond (19, 24): objective 2.097209 -> 2.096630  global RMSE 0.759143 -> 0.759294  (accepted, iterations=1)
     1.1: kPhi 0.841988 -> 0.840064  n=2.000  phase=180.000
     1.2: kPhi 0.180826 -> 0.182196  n=3.000  phase=180.000
     1.3: kPhi 1.061591 -> 1.059731  n=1.000  phase=0.000
     2.1: kPhi 0.650489 -> 0.648699  n=2.000  phase=180.000
     3.1: kPhi 1.427751 -> 1.426957  n=1.000  phase=0.000
     3.2: kPhi 0.544988 -> 0.535377  n=2.000  phase=180.000
     4.1: kPhi -0.378740 -> -0.374170  n=2.000  phase=180.000
     5.1: kPhi 0.762414 -> 0.759661  n=1.000  phase=0.000
     5.2: kPhi 0.619485 -> 0.620588  n=2.000  phase=180.000
     6.1: kPhi -0.177721 -> -0.181195  n=2.000  phase=180.000
  center bond (24, 26): objective 2.096630 -> 2.096614  global RMSE 0.759294 -> 0.759469  (accepted, iterations=1)
     1.1: kPhi 1.791653 -> 1.793208  n=2.000  phase=180.000
     2.1: kPhi 2.510372 -> 2.508236  n=2.000  phase=180.000
     2.2: kPhi -1.136884 -> -1.136206  n=1.000  phase=0.000
  per-scan RMSE:
    (15, 18): 0.506928 -> 0.507383
    (18, 19): 0.928689 -> 0.928853
    (19, 24): 0.488433 -> 0.488745
    (24, 26): 0.973240 -> 0.973702

cycle 26: accepted=3 rejected=1  objective 2.096614 -> 2.096070  global RMSE 0.759469 -> 0.759825
  center bond (15, 18): objective 2.096614 -> 2.096614  global RMSE 0.759469 -> 0.759469  (rejected, iterations=1)
     1.1: kPhi 0.193837 -> 0.193837  n=2.000  phase=180.000
     2.1: kPhi 0.012782 -> 0.012782  n=1.000  phase=0.000
     3.1: kPhi -0.056139 -> -0.056139  n=1.000  phase=0.000
     4.1: kPhi 0.171417 -> 0.171417  n=2.000  phase=180.000
     5.1: kPhi -0.027607 -> -0.027607  n=1.000  phase=0.000
     6.1: kPhi 0.050831 -> 0.050831  n=1.000  phase=0.000
  center bond (18, 19): objective 2.096614 -> 2.096613  global RMSE 0.759469 -> 0.759553  (accepted, iterations=1)
     1.1: kPhi -0.146459 -> -0.146280  n=3.000  phase=0.000
     2.1: kPhi -0.175482 -> -0.175334  n=3.000  phase=0.000
     3.1: kPhi 0.516003 -> 0.515993  n=1.000  phase=0.000
     4.1: kPhi -0.174601 -> -0.174442  n=3.000  phase=0.000
     5.1: kPhi -0.201146 -> -0.201020  n=3.000  phase=0.000
     6.1: kPhi -0.126874 -> -0.126798  n=3.000  phase=0.000
     7.1: kPhi -0.157668 -> -0.157519  n=3.000  phase=0.000
     8.1: kPhi -0.184593 -> -0.184473  n=3.000  phase=0.000
     9.1: kPhi -0.120485 -> -0.120439  n=3.000  phase=0.000
  center bond (19, 24): objective 2.096613 -> 2.096084  global RMSE 0.759553 -> 0.759677  (accepted, iterations=1)
     1.1: kPhi 0.840064 -> 0.838238  n=2.000  phase=180.000
     1.2: kPhi 0.182196 -> 0.183497  n=3.000  phase=180.000
     1.3: kPhi 1.059731 -> 1.057962  n=1.000  phase=0.000
     2.1: kPhi 0.648699 -> 0.647004  n=2.000  phase=180.000
     3.1: kPhi 1.426957 -> 1.426059  n=1.000  phase=0.000
     3.2: kPhi 0.535377 -> 0.526107  n=2.000  phase=180.000
     4.1: kPhi -0.374170 -> -0.369847  n=2.000  phase=180.000
     5.1: kPhi 0.759661 -> 0.757149  n=1.000  phase=0.000
     5.2: kPhi 0.620588 -> 0.621500  n=2.000  phase=180.000
     6.1: kPhi -0.181195 -> -0.184463  n=2.000  phase=180.000
  center bond (24, 26): objective 2.096084 -> 2.096070  global RMSE 0.759677 -> 0.759825  (accepted, iterations=1)
     1.1: kPhi 1.793208 -> 1.794734  n=2.000  phase=180.000
     2.1: kPhi 2.508236 -> 2.506237  n=2.000  phase=180.000
     2.2: kPhi -1.136206 -> -1.135635  n=1.000  phase=0.000
  per-scan RMSE:
    (15, 18): 0.507383 -> 0.507637
    (18, 19): 0.928853 -> 0.929296
    (19, 24): 0.488745 -> 0.489110
    (24, 26): 0.973702 -> 0.974076

cycle 27: accepted=4 rejected=0  objective 2.096070 -> 2.095571  global RMSE 0.759825 -> 0.760176
  center bond (15, 18): objective 2.096070 -> 2.096069  global RMSE 0.759825 -> 0.759821  (accepted, iterations=1)
     1.1: kPhi 0.193837 -> 0.193819  n=2.000  phase=180.000
     2.1: kPhi 0.012782 -> 0.012844  n=1.000  phase=0.000
     3.1: kPhi -0.056139 -> -0.056239  n=1.000  phase=0.000
     4.1: kPhi 0.171417 -> 0.171377  n=2.000  phase=180.000
     5.1: kPhi -0.027607 -> -0.027731  n=1.000  phase=0.000
     6.1: kPhi 0.050831 -> 0.050894  n=1.000  phase=0.000
  center bond (18, 19): objective 2.096069 -> 2.096069  global RMSE 0.759821 -> 0.759970  (accepted, iterations=1)
     1.1: kPhi -0.146280 -> -0.145935  n=3.000  phase=0.000
     2.1: kPhi -0.175334 -> -0.175062  n=3.000  phase=0.000
     3.1: kPhi 0.515993 -> 0.515990  n=1.000  phase=0.000
     4.1: kPhi -0.174442 -> -0.174149  n=3.000  phase=0.000
     5.1: kPhi -0.201020 -> -0.200805  n=3.000  phase=0.000
     6.1: kPhi -0.126798 -> -0.126696  n=3.000  phase=0.000
     7.1: kPhi -0.157519 -> -0.157241  n=3.000  phase=0.000
     8.1: kPhi -0.184473 -> -0.184262  n=3.000  phase=0.000
     9.1: kPhi -0.120439 -> -0.120393  n=3.000  phase=0.000
  center bond (19, 24): objective 2.096069 -> 2.095584  global RMSE 0.759970 -> 0.760049  (accepted, iterations=1)
     1.1: kPhi 0.838238 -> 0.836534  n=2.000  phase=180.000
     1.2: kPhi 0.183497 -> 0.184723  n=3.000  phase=180.000
     1.3: kPhi 1.057962 -> 1.056295  n=1.000  phase=0.000
     2.1: kPhi 0.647004 -> 0.645427  n=2.000  phase=180.000
     3.1: kPhi 1.426059 -> 1.425079  n=1.000  phase=0.000
     3.2: kPhi 0.526107 -> 0.517126  n=2.000  phase=180.000
     4.1: kPhi -0.369847 -> -0.365789  n=2.000  phase=180.000
     5.1: kPhi 0.757149 -> 0.754836  n=1.000  phase=0.000
     5.2: kPhi 0.621500 -> 0.622243  n=2.000  phase=180.000
     6.1: kPhi -0.184463 -> -0.187532  n=2.000  phase=180.000
  center bond (24, 26): objective 2.095584 -> 2.095571  global RMSE 0.760049 -> 0.760176  (accepted, iterations=1)
     1.1: kPhi 1.794734 -> 1.796226  n=2.000  phase=180.000
     2.1: kPhi 2.506237 -> 2.504361  n=2.000  phase=180.000
     2.2: kPhi -1.135635 -> -1.135152  n=1.000  phase=0.000
  per-scan RMSE:
    (15, 18): 0.507637 -> 0.507770
    (18, 19): 0.929296 -> 0.929907
    (19, 24): 0.489110 -> 0.489394
    (24, 26): 0.974076 -> 0.974374

cycle 28: accepted=4 rejected=0  objective 2.095571 -> 2.095114  global RMSE 0.760176 -> 0.760424
  center bond (15, 18): objective 2.095571 -> 2.095571  global RMSE 0.760176 -> 0.760171  (accepted, iterations=1)
     1.1: kPhi 0.193819 -> 0.193816  n=2.000  phase=180.000
     2.1: kPhi 0.012844 -> 0.012942  n=1.000  phase=0.000
     3.1: kPhi -0.056239 -> -0.056349  n=1.000  phase=0.000
     4.1: kPhi 0.171377 -> 0.171350  n=2.000  phase=180.000
     5.1: kPhi -0.027731 -> -0.027887  n=1.000  phase=0.000
     6.1: kPhi 0.050894 -> 0.050972  n=1.000  phase=0.000
  center bond (18, 19): objective 2.095571 -> 2.095571  global RMSE 0.760171 -> 0.760191  (accepted, iterations=1)
     1.1: kPhi -0.145935 -> -0.145685  n=3.000  phase=0.000
     2.1: kPhi -0.175062 -> -0.174956  n=3.000  phase=0.000
     3.1: kPhi 0.515990 -> 0.516106  n=1.000  phase=0.000
     4.1: kPhi -0.174149 -> -0.174008  n=3.000  phase=0.000
     5.1: kPhi -0.200805 -> -0.200814  n=3.000  phase=0.000
     6.1: kPhi -0.126696 -> -0.126915  n=3.000  phase=0.000
     7.1: kPhi -0.157241 -> -0.157113  n=3.000  phase=0.000
     8.1: kPhi -0.184262 -> -0.184266  n=3.000  phase=0.000
     9.1: kPhi -0.120393 -> -0.120704  n=3.000  phase=0.000
  center bond (19, 24): objective 2.095571 -> 2.095126  global RMSE 0.760191 -> 0.760316  (accepted, iterations=1)
     1.1: kPhi 0.836534 -> 0.834810  n=2.000  phase=180.000
     1.2: kPhi 0.184723 -> 0.185954  n=3.000  phase=180.000
     1.3: kPhi 1.056295 -> 1.054639  n=1.000  phase=0.000
     2.1: kPhi 0.645427 -> 0.643826  n=2.000  phase=180.000
     3.1: kPhi 1.425079 -> 1.424038  n=1.000  phase=0.000
     3.2: kPhi 0.517126 -> 0.508566  n=2.000  phase=180.000
     4.1: kPhi -0.365789 -> -0.361843  n=2.000  phase=180.000
     5.1: kPhi 0.754836 -> 0.752785  n=1.000  phase=0.000
     5.2: kPhi 0.622243 -> 0.622797  n=2.000  phase=180.000
     6.1: kPhi -0.187532 -> -0.190435  n=2.000  phase=180.000
  center bond (24, 26): objective 2.095126 -> 2.095114  global RMSE 0.760316 -> 0.760424  (accepted, iterations=1)
     1.1: kPhi 1.796226 -> 1.797668  n=2.000  phase=180.000
     2.1: kPhi 2.504361 -> 2.502588  n=2.000  phase=180.000
     2.2: kPhi -1.135152 -> -1.134746  n=1.000  phase=0.000
  per-scan RMSE:
    (15, 18): 0.507770 -> 0.508018
    (18, 19): 0.929907 -> 0.930219
    (19, 24): 0.489394 -> 0.489561
    (24, 26): 0.974374 -> 0.974639

cycle 29: accepted=3 rejected=1  objective 2.095114 -> 2.094695  global RMSE 0.760424 -> 0.760657
  center bond (15, 18): objective 2.095114 -> 2.095114  global RMSE 0.760424 -> 0.760424  (rejected, iterations=1)
     1.1: kPhi 0.193816 -> 0.193816  n=2.000  phase=180.000
     2.1: kPhi 0.012942 -> 0.012942  n=1.000  phase=0.000
     3.1: kPhi -0.056349 -> -0.056349  n=1.000  phase=0.000
     4.1: kPhi 0.171350 -> 0.171350  n=2.000  phase=180.000
     5.1: kPhi -0.027887 -> -0.027887  n=1.000  phase=0.000
     6.1: kPhi 0.050972 -> 0.050972  n=1.000  phase=0.000
  center bond (18, 19): objective 2.095114 -> 2.095114  global RMSE 0.760424 -> 0.760521  (accepted, iterations=1)
     1.1: kPhi -0.145685 -> -0.145445  n=3.000  phase=0.000
     2.1: kPhi -0.174956 -> -0.174771  n=3.000  phase=0.000
     3.1: kPhi 0.516106 -> 0.516070  n=1.000  phase=0.000
     4.1: kPhi -0.174008 -> -0.173822  n=3.000  phase=0.000
     5.1: kPhi -0.200814 -> -0.200686  n=3.000  phase=0.000
     6.1: kPhi -0.126915 -> -0.126858  n=3.000  phase=0.000
     7.1: kPhi -0.157113 -> -0.156919  n=3.000  phase=0.000
     8.1: kPhi -0.184266 -> -0.184122  n=3.000  phase=0.000
     9.1: kPhi -0.120704 -> -0.120669  n=3.000  phase=0.000
  center bond (19, 24): objective 2.095114 -> 2.094706  global RMSE 0.760521 -> 0.760563  (accepted, iterations=1)
     1.1: kPhi 0.834810 -> 0.833256  n=2.000  phase=180.000
     1.2: kPhi 0.185954 -> 0.187057  n=3.000  phase=180.000
     1.3: kPhi 1.054639 -> 1.053126  n=1.000  phase=0.000
     2.1: kPhi 0.643826 -> 0.642394  n=2.000  phase=180.000
     3.1: kPhi 1.424038 -> 1.422947  n=1.000  phase=0.000
     3.2: kPhi 0.508566 -> 0.500230  n=2.000  phase=180.000
     4.1: kPhi -0.361843 -> -0.358175  n=2.000  phase=180.000
     5.1: kPhi 0.752785 -> 0.750838  n=1.000  phase=0.000
     5.2: kPhi 0.622797 -> 0.623195  n=2.000  phase=180.000
     6.1: kPhi -0.190435 -> -0.193174  n=2.000  phase=180.000
  center bond (24, 26): objective 2.094706 -> 2.094695  global RMSE 0.760563 -> 0.760657  (accepted, iterations=1)
     1.1: kPhi 1.797668 -> 1.799069  n=2.000  phase=180.000
     2.1: kPhi 2.502588 -> 2.500918  n=2.000  phase=180.000
     2.2: kPhi -1.134746 -> -1.134397  n=1.000  phase=0.000
  per-scan RMSE:
    (15, 18): 0.508018 -> 0.508234
    (18, 19): 0.930219 -> 0.930626
    (19, 24): 0.489561 -> 0.489600
    (24, 26): 0.974639 -> 0.974844

cycle 30: accepted=4 rejected=0  objective 2.094695 -> 2.094309  global RMSE 0.760657 -> 0.760870
  center bond (15, 18): objective 2.094695 -> 2.094695  global RMSE 0.760657 -> 0.760654  (accepted, iterations=1)
     1.1: kPhi 0.193816 -> 0.193838  n=2.000  phase=180.000
     2.1: kPhi 0.012942 -> 0.012994  n=1.000  phase=0.000
     3.1: kPhi -0.056349 -> -0.056431  n=1.000  phase=0.000
     4.1: kPhi 0.171350 -> 0.171347  n=2.000  phase=180.000
     5.1: kPhi -0.027887 -> -0.027997  n=1.000  phase=0.000
     6.1: kPhi 0.050972 -> 0.051021  n=1.000  phase=0.000
  center bond (18, 19): objective 2.094695 -> 2.094695  global RMSE 0.760654 -> 0.760698  (accepted, iterations=1)
     1.1: kPhi -0.145445 -> -0.145285  n=3.000  phase=0.000
     2.1: kPhi -0.174771 -> -0.174666  n=3.000  phase=0.000
     3.1: kPhi 0.516070 -> 0.516081  n=1.000  phase=0.000
     4.1: kPhi -0.173822 -> -0.173717  n=3.000  phase=0.000
     5.1: kPhi -0.200686 -> -0.200639  n=3.000  phase=0.000
     6.1: kPhi -0.126858 -> -0.126889  n=3.000  phase=0.000
     7.1: kPhi -0.156919 -> -0.156808  n=3.000  phase=0.000
     8.1: kPhi -0.184122 -> -0.184061  n=3.000  phase=0.000
     9.1: kPhi -0.120669 -> -0.120725  n=3.000  phase=0.000
  center bond (19, 24): objective 2.094695 -> 2.094319  global RMSE 0.760698 -> 0.760789  (accepted, iterations=1)
     1.1: kPhi 0.833256 -> 0.831673  n=2.000  phase=180.000
     1.2: kPhi 0.187057 -> 0.188170  n=3.000  phase=180.000
     1.3: kPhi 1.053126 -> 1.051621  n=1.000  phase=0.000
     2.1: kPhi 0.642394 -> 0.640928  n=2.000  phase=180.000
     3.1: kPhi 1.422947 -> 1.421818  n=1.000  phase=0.000
     3.2: kPhi 0.500230 -> 0.492272  n=2.000  phase=180.000
     4.1: kPhi -0.358175 -> -0.354610  n=2.000  phase=180.000
     5.1: kPhi 0.750838 -> 0.749118  n=1.000  phase=0.000
     5.2: kPhi 0.623195 -> 0.623438  n=2.000  phase=180.000
     6.1: kPhi -0.193174 -> -0.195755  n=2.000  phase=180.000
  center bond (24, 26): objective 2.094319 -> 2.094309  global RMSE 0.760789 -> 0.760870  (accepted, iterations=1)
     1.1: kPhi 1.799069 -> 1.800419  n=2.000  phase=180.000
     2.1: kPhi 2.500918 -> 2.499337  n=2.000  phase=180.000
     2.2: kPhi -1.134397 -> -1.134098  n=1.000  phase=0.000
  per-scan RMSE:
    (15, 18): 0.508234 -> 0.508444
    (18, 19): 0.930626 -> 0.930972
    (19, 24): 0.489600 -> 0.489682
    (24, 26): 0.974844 -> 0.975029

cycle 31: accepted=3 rejected=1  objective 2.094309 -> 2.093954  global RMSE 0.760870 -> 0.761032
  center bond (15, 18): objective 2.094309 -> 2.094309  global RMSE 0.760870 -> 0.760870  (rejected, iterations=1)
     1.1: kPhi 0.193838 -> 0.193838  n=2.000  phase=180.000
     2.1: kPhi 0.012994 -> 0.012994  n=1.000  phase=0.000
     3.1: kPhi -0.056431 -> -0.056431  n=1.000  phase=0.000
     4.1: kPhi 0.171347 -> 0.171347  n=2.000  phase=180.000
     5.1: kPhi -0.027997 -> -0.027997  n=1.000  phase=0.000
     6.1: kPhi 0.051021 -> 0.051021  n=1.000  phase=0.000
  center bond (18, 19): objective 2.094309 -> 2.094309  global RMSE 0.760870 -> 0.760925  (accepted, iterations=1)
     1.1: kPhi -0.145285 -> -0.145106  n=3.000  phase=0.000
     2.1: kPhi -0.174666 -> -0.174542  n=3.000  phase=0.000
     3.1: kPhi 0.516081 -> 0.516059  n=1.000  phase=0.000
     4.1: kPhi -0.173717 -> -0.173600  n=3.000  phase=0.000
     5.1: kPhi -0.200639 -> -0.200579  n=3.000  phase=0.000
     6.1: kPhi -0.126889 -> -0.126896  n=3.000  phase=0.000
     7.1: kPhi -0.156808 -> -0.156675  n=3.000  phase=0.000
     8.1: kPhi -0.184061 -> -0.183977  n=3.000  phase=0.000
     9.1: kPhi -0.120725 -> -0.120748  n=3.000  phase=0.000
  center bond (19, 24): objective 2.094309 -> 2.093963  global RMSE 0.760925 -> 0.760961  (accepted, iterations=1)
     1.1: kPhi 0.831673 -> 0.830214  n=2.000  phase=180.000
     1.2: kPhi 0.188170 -> 0.189181  n=3.000  phase=180.000
     1.3: kPhi 1.051621 -> 1.050227  n=1.000  phase=0.000
     2.1: kPhi 0.640928 -> 0.639585  n=2.000  phase=180.000
     3.1: kPhi 1.421818 -> 1.420663  n=1.000  phase=0.000
     3.2: kPhi 0.492272 -> 0.484551  n=2.000  phase=180.000
     4.1: kPhi -0.354610 -> -0.351266  n=2.000  phase=180.000
     5.1: kPhi 0.749118 -> 0.747493  n=1.000  phase=0.000
     5.2: kPhi 0.623438 -> 0.623537  n=2.000  phase=180.000
     6.1: kPhi -0.195755 -> -0.198196  n=2.000  phase=180.000
  center bond (24, 26): objective 2.093963 -> 2.093954  global RMSE 0.760961 -> 0.761032  (accepted, iterations=1)
     1.1: kPhi 1.800419 -> 1.801723  n=2.000  phase=180.000
     2.1: kPhi 2.499337 -> 2.497841  n=2.000  phase=180.000
     2.2: kPhi -1.134098 -> -1.133838  n=1.000  phase=0.000
  per-scan RMSE:
    (15, 18): 0.508444 -> 0.508674
    (18, 19): 0.930972 -> 0.931262
    (19, 24): 0.489682 -> 0.489599
    (24, 26): 0.975029 -> 0.975178

cycle 32: accepted=4 rejected=0  objective 2.093954 -> 2.093627  global RMSE 0.761032 -> 0.761207
  center bond (15, 18): objective 2.093954 -> 2.093954  global RMSE 0.761032 -> 0.761028  (accepted, iterations=1)
     1.1: kPhi 0.193838 -> 0.193838  n=2.000  phase=180.000
     2.1: kPhi 0.012994 -> 0.013069  n=1.000  phase=0.000
     3.1: kPhi -0.056431 -> -0.056518  n=1.000  phase=0.000
     4.1: kPhi 0.171347 -> 0.171326  n=2.000  phase=180.000
     5.1: kPhi -0.027997 -> -0.028129  n=1.000  phase=0.000
     6.1: kPhi 0.051021 -> 0.051075  n=1.000  phase=0.000
  center bond (18, 19): objective 2.093954 -> 2.093954  global RMSE 0.761028 -> 0.761102  (accepted, iterations=1)
     1.1: kPhi -0.145106 -> -0.144896  n=3.000  phase=0.000
     2.1: kPhi -0.174542 -> -0.174384  n=3.000  phase=0.000
     3.1: kPhi 0.516059 -> 0.516035  n=1.000  phase=0.000
     4.1: kPhi -0.173600 -> -0.173456  n=3.000  phase=0.000
     5.1: kPhi -0.200579 -> -0.200492  n=3.000  phase=0.000
     6.1: kPhi -0.126896 -> -0.126880  n=3.000  phase=0.000
     7.1: kPhi -0.156675 -> -0.156514  n=3.000  phase=0.000
     8.1: kPhi -0.183977 -> -0.183863  n=3.000  phase=0.000
     9.1: kPhi -0.120748 -> -0.120743  n=3.000  phase=0.000
  center bond (19, 24): objective 2.093954 -> 2.093635  global RMSE 0.761102 -> 0.761144  (accepted, iterations=1)
     1.1: kPhi 0.830214 -> 0.828784  n=2.000  phase=180.000
     1.2: kPhi 0.189181 -> 0.190165  n=3.000  phase=180.000
     1.3: kPhi 1.050227 -> 1.048876  n=1.000  phase=0.000
     2.1: kPhi 0.639585 -> 0.638265  n=2.000  phase=180.000
     3.1: kPhi 1.420663 -> 1.419490  n=1.000  phase=0.000
     3.2: kPhi 0.484551 -> 0.477121  n=2.000  phase=180.000
     4.1: kPhi -0.351266 -> -0.348066  n=2.000  phase=180.000
     5.1: kPhi 0.747493 -> 0.746020  n=1.000  phase=0.000
     5.2: kPhi 0.623537 -> 0.623509  n=2.000  phase=180.000
     6.1: kPhi -0.198196 -> -0.200492  n=2.000  phase=180.000
  center bond (24, 26): objective 2.093635 -> 2.093627  global RMSE 0.761144 -> 0.761207  (accepted, iterations=1)
     1.1: kPhi 1.801723 -> 1.802978  n=2.000  phase=180.000
     2.1: kPhi 2.497841 -> 2.496425  n=2.000  phase=180.000
     2.2: kPhi -1.133838 -> -1.133611  n=1.000  phase=0.000
  per-scan RMSE:
    (15, 18): 0.508674 -> 0.508817
    (18, 19): 0.931262 -> 0.931644
    (19, 24): 0.489599 -> 0.489563
    (24, 26): 0.975178 -> 0.975304

cycle 33: accepted=4 rejected=0  objective 2.093627 -> 2.093325  global RMSE 0.761207 -> 0.761331
  center bond (15, 18): objective 2.093627 -> 2.093627  global RMSE 0.761207 -> 0.761205  (accepted, iterations=1)
     1.1: kPhi 0.193838 -> 0.193850  n=2.000  phase=180.000
     2.1: kPhi 0.013069 -> 0.013112  n=1.000  phase=0.000
     3.1: kPhi -0.056518 -> -0.056574  n=1.000  phase=0.000
     4.1: kPhi 0.171326 -> 0.171319  n=2.000  phase=180.000
     5.1: kPhi -0.028129 -> -0.028222  n=1.000  phase=0.000
     6.1: kPhi 0.051075 -> 0.051103  n=1.000  phase=0.000
  center bond (18, 19): objective 2.093627 -> 2.093627  global RMSE 0.761205 -> 0.761237  (accepted, iterations=1)
     1.1: kPhi -0.144896 -> -0.144754  n=3.000  phase=0.000
     2.1: kPhi -0.174384 -> -0.174293  n=3.000  phase=0.000
     3.1: kPhi 0.516035 -> 0.516016  n=1.000  phase=0.000
     4.1: kPhi -0.173456 -> -0.173383  n=3.000  phase=0.000
     5.1: kPhi -0.200492 -> -0.200474  n=3.000  phase=0.000
     6.1: kPhi -0.126880 -> -0.126922  n=3.000  phase=0.000
     7.1: kPhi -0.156514 -> -0.156417  n=3.000  phase=0.000
     8.1: kPhi -0.183863 -> -0.183811  n=3.000  phase=0.000
     9.1: kPhi -0.120743 -> -0.120788  n=3.000  phase=0.000
  center bond (19, 24): objective 2.093627 -> 2.093332  global RMSE 0.761237 -> 0.761275  (accepted, iterations=1)
     1.1: kPhi 0.828784 -> 0.827396  n=2.000  phase=180.000
     1.2: kPhi 0.190165 -> 0.191104  n=3.000  phase=180.000
     1.3: kPhi 1.048876 -> 1.047578  n=1.000  phase=0.000
     2.1: kPhi 0.638265 -> 0.636986  n=2.000  phase=180.000
     3.1: kPhi 1.419490 -> 1.418308  n=1.000  phase=0.000
     3.2: kPhi 0.477121 -> 0.469966  n=2.000  phase=180.000
     4.1: kPhi -0.348066 -> -0.345006  n=2.000  phase=180.000
     5.1: kPhi 0.746020 -> 0.744670  n=1.000  phase=0.000
     5.2: kPhi 0.623509 -> 0.623354  n=2.000  phase=180.000
     6.1: kPhi -0.200492 -> -0.202660  n=2.000  phase=180.000
  center bond (24, 26): objective 2.093332 -> 2.093325  global RMSE 0.761275 -> 0.761331  (accepted, iterations=1)
     1.1: kPhi 1.802978 -> 1.804183  n=2.000  phase=180.000
     2.1: kPhi 2.496425 -> 2.495079  n=2.000  phase=180.000
     2.2: kPhi -1.133611 -> -1.133411  n=1.000  phase=0.000
  per-scan RMSE:
    (15, 18): 0.508817 -> 0.509016
    (18, 19): 0.931644 -> 0.931889
    (19, 24): 0.489563 -> 0.489436
    (24, 26): 0.975304 -> 0.975416

cycle 34: accepted=3 rejected=1  objective 2.093325 -> 2.093045  global RMSE 0.761331 -> 0.761454
  center bond (15, 18): objective 2.093325 -> 2.093325  global RMSE 0.761331 -> 0.761331  (rejected, iterations=1)
     1.1: kPhi 0.193850 -> 0.193850  n=2.000  phase=180.000
     2.1: kPhi 0.013112 -> 0.013112  n=1.000  phase=0.000
     3.1: kPhi -0.056574 -> -0.056574  n=1.000  phase=0.000
     4.1: kPhi 0.171319 -> 0.171319  n=2.000  phase=180.000
     5.1: kPhi -0.028222 -> -0.028222  n=1.000  phase=0.000
     6.1: kPhi 0.051103 -> 0.051103  n=1.000  phase=0.000
  center bond (18, 19): objective 2.093325 -> 2.093325  global RMSE 0.761331 -> 0.761391  (accepted, iterations=1)
     1.1: kPhi -0.144754 -> -0.144569  n=3.000  phase=0.000
     2.1: kPhi -0.174293 -> -0.174156  n=3.000  phase=0.000
     3.1: kPhi 0.516016 -> 0.515980  n=1.000  phase=0.000
     4.1: kPhi -0.173383 -> -0.173268  n=3.000  phase=0.000
     5.1: kPhi -0.200474 -> -0.200410  n=3.000  phase=0.000
     6.1: kPhi -0.126922 -> -0.126917  n=3.000  phase=0.000
     7.1: kPhi -0.156417 -> -0.156277  n=3.000  phase=0.000
     8.1: kPhi -0.183811 -> -0.183714  n=3.000  phase=0.000
     9.1: kPhi -0.120788 -> -0.120785  n=3.000  phase=0.000
  center bond (19, 24): objective 2.093325 -> 2.093052  global RMSE 0.761391 -> 0.761404  (accepted, iterations=1)
     1.1: kPhi 0.827396 -> 0.826079  n=2.000  phase=180.000
     1.2: kPhi 0.191104 -> 0.191980  n=3.000  phase=180.000
     1.3: kPhi 1.047578 -> 1.046356  n=1.000  phase=0.000
     2.1: kPhi 0.636986 -> 0.635774  n=2.000  phase=180.000
     3.1: kPhi 1.418308 -> 1.417124  n=1.000  phase=0.000
     3.2: kPhi 0.469966 -> 0.463042  n=2.000  phase=180.000
     4.1: kPhi -0.345006 -> -0.342112  n=2.000  phase=180.000
     5.1: kPhi 0.744670 -> 0.743409  n=1.000  phase=0.000
     5.2: kPhi 0.623354 -> 0.623087  n=2.000  phase=180.000
     6.1: kPhi -0.202660 -> -0.204704  n=2.000  phase=180.000
  center bond (24, 26): objective 2.093052 -> 2.093045  global RMSE 0.761404 -> 0.761454  (accepted, iterations=1)
     1.1: kPhi 1.804183 -> 1.805342  n=2.000  phase=180.000
     2.1: kPhi 2.495079 -> 2.493803  n=2.000  phase=180.000
     2.2: kPhi -1.133411 -> -1.133233  n=1.000  phase=0.000
  per-scan RMSE:
    (15, 18): 0.509016 -> 0.509201
    (18, 19): 0.931889 -> 0.932179
    (19, 24): 0.489436 -> 0.489280
    (24, 26): 0.975416 -> 0.975507

cycle 35: accepted=4 rejected=0  objective 2.093045 -> 2.092786  global RMSE 0.761454 -> 0.761565
  center bond (15, 18): objective 2.093045 -> 2.093045  global RMSE 0.761454 -> 0.761450  (accepted, iterations=1)
     1.1: kPhi 0.193850 -> 0.193835  n=2.000  phase=180.000
     2.1: kPhi 0.013112 -> 0.013204  n=1.000  phase=0.000
     3.1: kPhi -0.056574 -> -0.056651  n=1.000  phase=0.000
     4.1: kPhi 0.171319 -> 0.171288  n=2.000  phase=180.000
     5.1: kPhi -0.028222 -> -0.028360  n=1.000  phase=0.000
     6.1: kPhi 0.051103 -> 0.051153  n=1.000  phase=0.000
  center bond (18, 19): objective 2.093045 -> 2.093045  global RMSE 0.761450 -> 0.761500  (accepted, iterations=1)
     1.1: kPhi -0.144569 -> -0.144402  n=3.000  phase=0.000
     2.1: kPhi -0.174156 -> -0.174035  n=3.000  phase=0.000
     3.1: kPhi 0.515980 -> 0.515945  n=1.000  phase=0.000
     4.1: kPhi -0.173268 -> -0.173174  n=3.000  phase=0.000
     5.1: kPhi -0.200410 -> -0.200366  n=3.000  phase=0.000
     6.1: kPhi -0.126917 -> -0.126926  n=3.000  phase=0.000
     7.1: kPhi -0.156277 -> -0.156153  n=3.000  phase=0.000
     8.1: kPhi -0.183714 -> -0.183631  n=3.000  phase=0.000
     9.1: kPhi -0.120785 -> -0.120789  n=3.000  phase=0.000
  center bond (19, 24): objective 2.093045 -> 2.092792  global RMSE 0.761500 -> 0.761520  (accepted, iterations=1)
     1.1: kPhi 0.826079 -> 0.824786  n=2.000  phase=180.000
     1.2: kPhi 0.191980 -> 0.192831  n=3.000  phase=180.000
     1.3: kPhi 1.046356 -> 1.045170  n=1.000  phase=0.000
     2.1: kPhi 0.635774 -> 0.634583  n=2.000  phase=180.000
     3.1: kPhi 1.417124 -> 1.415943  n=1.000  phase=0.000
     3.2: kPhi 0.463042 -> 0.456374  n=2.000  phase=180.000
     4.1: kPhi -0.342112 -> -0.339339  n=2.000  phase=180.000
     5.1: kPhi 0.743409 -> 0.742262  n=1.000  phase=0.000
     5.2: kPhi 0.623087 -> 0.622716  n=2.000  phase=180.000
     6.1: kPhi -0.204704 -> -0.206627  n=2.000  phase=180.000
  center bond (24, 26): objective 2.092792 -> 2.092786  global RMSE 0.761520 -> 0.761565  (accepted, iterations=1)
     1.1: kPhi 1.805342 -> 1.806454  n=2.000  phase=180.000
     2.1: kPhi 2.493803 -> 2.492590  n=2.000  phase=180.000
     2.2: kPhi -1.133233 -> -1.133073  n=1.000  phase=0.000
  per-scan RMSE:
    (15, 18): 0.509201 -> 0.509326
    (18, 19): 0.932179 -> 0.932468
    (19, 24): 0.489280 -> 0.489126
    (24, 26): 0.975507 -> 0.975589

cycle 36: accepted=3 rejected=1  objective 2.092786 -> 2.092546  global RMSE 0.761565 -> 0.761648
  center bond (15, 18): objective 2.092786 -> 2.092786  global RMSE 0.761565 -> 0.761565  (rejected, iterations=1)
     1.1: kPhi 0.193835 -> 0.193835  n=2.000  phase=180.000
     2.1: kPhi 0.013204 -> 0.013204  n=1.000  phase=0.000
     3.1: kPhi -0.056651 -> -0.056651  n=1.000  phase=0.000
     4.1: kPhi 0.171288 -> 0.171288  n=2.000  phase=180.000
     5.1: kPhi -0.028360 -> -0.028360  n=1.000  phase=0.000
     6.1: kPhi 0.051153 -> 0.051153  n=1.000  phase=0.000
  center bond (18, 19): objective 2.092786 -> 2.092786  global RMSE 0.761565 -> 0.761596  (accepted, iterations=1)
     1.1: kPhi -0.144402 -> -0.144270  n=3.000  phase=0.000
     2.1: kPhi -0.174035 -> -0.173945  n=3.000  phase=0.000
     3.1: kPhi 0.515945 -> 0.515914  n=1.000  phase=0.000
     4.1: kPhi -0.173174 -> -0.173113  n=3.000  phase=0.000
     5.1: kPhi -0.200366 -> -0.200350  n=3.000  phase=0.000
     6.1: kPhi -0.126926 -> -0.126958  n=3.000  phase=0.000
     7.1: kPhi -0.156153 -> -0.156062  n=3.000  phase=0.000
     8.1: kPhi -0.183631 -> -0.183576  n=3.000  phase=0.000
     9.1: kPhi -0.120789 -> -0.120815  n=3.000  phase=0.000
  center bond (19, 24): objective 2.092786 -> 2.092552  global RMSE 0.761596 -> 0.761606  (accepted, iterations=1)
     1.1: kPhi 0.824786 -> 0.823537  n=2.000  phase=180.000
     1.2: kPhi 0.192831 -> 0.193634  n=3.000  phase=180.000
     1.3: kPhi 1.045170 -> 1.044040  n=1.000  phase=0.000
     2.1: kPhi 0.634583 -> 0.633433  n=2.000  phase=180.000
     3.1: kPhi 1.415943 -> 1.414770  n=1.000  phase=0.000
     3.2: kPhi 0.456374 -> 0.449939  n=2.000  phase=180.000
     4.1: kPhi -0.339339 -> -0.336694  n=2.000  phase=180.000
     5.1: kPhi 0.742262 -> 0.741198  n=1.000  phase=0.000
     5.2: kPhi 0.622716 -> 0.622243  n=2.000  phase=180.000
     6.1: kPhi -0.206627 -> -0.208443  n=2.000  phase=180.000
  center bond (24, 26): objective 2.092552 -> 2.092546  global RMSE 0.761606 -> 0.761648  (accepted, iterations=1)
     1.1: kPhi 1.806454 -> 1.807519  n=2.000  phase=180.000
     2.1: kPhi 2.492590 -> 2.491436  n=2.000  phase=180.000
     2.2: kPhi -1.133073 -> -1.132930  n=1.000  phase=0.000
  per-scan RMSE:
    (15, 18): 0.509326 -> 0.509519
    (18, 19): 0.932468 -> 0.932669
    (19, 24): 0.489126 -> 0.488913
    (24, 26): 0.975589 -> 0.975661

cycle 37: accepted=4 rejected=0  objective 2.092546 -> 2.092324  global RMSE 0.761648 -> 0.761739
  center bond (15, 18): objective 2.092546 -> 2.092546  global RMSE 0.761648 -> 0.761645  (accepted, iterations=1)
     1.1: kPhi 0.193835 -> 0.193826  n=2.000  phase=180.000
     2.1: kPhi 0.013204 -> 0.013274  n=1.000  phase=0.000
     3.1: kPhi -0.056651 -> -0.056707  n=1.000  phase=0.000
     4.1: kPhi 0.171288 -> 0.171267  n=2.000  phase=180.000
     5.1: kPhi -0.028360 -> -0.028473  n=1.000  phase=0.000
     6.1: kPhi 0.051153 -> 0.051184  n=1.000  phase=0.000
  center bond (18, 19): objective 2.092546 -> 2.092546  global RMSE 0.761645 -> 0.761708  (accepted, iterations=1)
     1.1: kPhi -0.144270 -> -0.144087  n=3.000  phase=0.000
     2.1: kPhi -0.173945 -> -0.173803  n=3.000  phase=0.000
     3.1: kPhi 0.515914 -> 0.515860  n=1.000  phase=0.000
     4.1: kPhi -0.173113 -> -0.173005  n=3.000  phase=0.000
     5.1: kPhi -0.200350 -> -0.200285  n=3.000  phase=0.000
     6.1: kPhi -0.126958 -> -0.126938  n=3.000  phase=0.000
     7.1: kPhi -0.156062 -> -0.155920  n=3.000  phase=0.000
     8.1: kPhi -0.183576 -> -0.183469  n=3.000  phase=0.000
     9.1: kPhi -0.120815 -> -0.120782  n=3.000  phase=0.000
  center bond (19, 24): objective 2.092546 -> 2.092329  global RMSE 0.761708 -> 0.761700  (accepted, iterations=1)
     1.1: kPhi 0.823537 -> 0.822347  n=2.000  phase=180.000
     1.2: kPhi 0.193634 -> 0.194389  n=3.000  phase=180.000
     1.3: kPhi 1.044040 -> 1.042969  n=1.000  phase=0.000
     2.1: kPhi 0.633433 -> 0.632338  n=2.000  phase=180.000
     3.1: kPhi 1.414770 -> 1.413609  n=1.000  phase=0.000
     3.2: kPhi 0.449939 -> 0.443704  n=2.000  phase=180.000
     4.1: kPhi -0.336694 -> -0.334193  n=2.000  phase=180.000
     5.1: kPhi 0.741198 -> 0.740204  n=1.000  phase=0.000
     5.2: kPhi 0.622243 -> 0.621685  n=2.000  phase=180.000
     6.1: kPhi -0.208443 -> -0.210149  n=2.000  phase=180.000
  center bond (24, 26): objective 2.092329 -> 2.092324  global RMSE 0.761700 -> 0.761739  (accepted, iterations=1)
     1.1: kPhi 1.807519 -> 1.808541  n=2.000  phase=180.000
     2.1: kPhi 2.491436 -> 2.490339  n=2.000  phase=180.000
     2.2: kPhi -1.132930 -> -1.132798  n=1.000  phase=0.000
  per-scan RMSE:
    (15, 18): 0.509519 -> 0.509630
    (18, 19): 0.932669 -> 0.932954
    (19, 24): 0.488913 -> 0.488701
    (24, 26): 0.975661 -> 0.975720

cycle 38: accepted=4 rejected=0  objective 2.092324 -> 2.092117  global RMSE 0.761739 -> 0.761805
  center bond (15, 18): objective 2.092324 -> 2.092324  global RMSE 0.761739 -> 0.761737  (accepted, iterations=1)
     1.1: kPhi 0.193826 -> 0.193829  n=2.000  phase=180.000
     2.1: kPhi 0.013274 -> 0.013326  n=1.000  phase=0.000
     3.1: kPhi -0.056707 -> -0.056748  n=1.000  phase=0.000
     4.1: kPhi 0.171267 -> 0.171257  n=2.000  phase=180.000
     5.1: kPhi -0.028473 -> -0.028563  n=1.000  phase=0.000
     6.1: kPhi 0.051184 -> 0.051204  n=1.000  phase=0.000
  center bond (18, 19): objective 2.092324 -> 2.092324  global RMSE 0.761737 -> 0.761760  (accepted, iterations=1)
     1.1: kPhi -0.144087 -> -0.143971  n=3.000  phase=0.000
     2.1: kPhi -0.173803 -> -0.173723  n=3.000  phase=0.000
     3.1: kPhi 0.515860 -> 0.515828  n=1.000  phase=0.000
     4.1: kPhi -0.173005 -> -0.172961  n=3.000  phase=0.000
     5.1: kPhi -0.200285 -> -0.200282  n=3.000  phase=0.000
     6.1: kPhi -0.126938 -> -0.126974  n=3.000  phase=0.000
     7.1: kPhi -0.155920 -> -0.155842  n=3.000  phase=0.000
     8.1: kPhi -0.183469 -> -0.183422  n=3.000  phase=0.000
     9.1: kPhi -0.120782 -> -0.120804  n=3.000  phase=0.000
  center bond (19, 24): objective 2.092324 -> 2.092121  global RMSE 0.761760 -> 0.761770  (accepted, iterations=1)
     1.1: kPhi 0.822347 -> 0.821158  n=2.000  phase=180.000
     1.2: kPhi 0.194389 -> 0.195130  n=3.000  phase=180.000
     1.3: kPhi 1.042969 -> 1.041921  n=1.000  phase=0.000
     2.1: kPhi 0.632338 -> 0.631241  n=2.000  phase=180.000
     3.1: kPhi 1.413609 -> 1.412464  n=1.000  phase=0.000
     3.2: kPhi 0.443704 -> 0.437714  n=2.000  phase=180.000
     4.1: kPhi -0.334193 -> -0.331775  n=2.000  phase=180.000
     5.1: kPhi 0.740204 -> 0.739307  n=1.000  phase=0.000
     5.2: kPhi 0.621685 -> 0.621040  n=2.000  phase=180.000
     6.1: kPhi -0.210149 -> -0.211757  n=2.000  phase=180.000
  center bond (24, 26): objective 2.092121 -> 2.092117  global RMSE 0.761770 -> 0.761805  (accepted, iterations=1)
     1.1: kPhi 1.808541 -> 1.809519  n=2.000  phase=180.000
     2.1: kPhi 2.490339 -> 2.489295  n=2.000  phase=180.000
     2.2: kPhi -1.132798 -> -1.132678  n=1.000  phase=0.000
  per-scan RMSE:
    (15, 18): 0.509630 -> 0.509781
    (18, 19): 0.932954 -> 0.933143
    (19, 24): 0.488701 -> 0.488481
    (24, 26): 0.975720 -> 0.975778

cycle 39: accepted=3 rejected=1  objective 2.092117 -> 2.091924  global RMSE 0.761805 -> 0.761863
  center bond (15, 18): objective 2.092117 -> 2.092117  global RMSE 0.761805 -> 0.761805  (rejected, iterations=1)
     1.1: kPhi 0.193829 -> 0.193829  n=2.000  phase=180.000
     2.1: kPhi 0.013326 -> 0.013326  n=1.000  phase=0.000
     3.1: kPhi -0.056748 -> -0.056748  n=1.000  phase=0.000
     4.1: kPhi 0.171257 -> 0.171257  n=2.000  phase=180.000
     5.1: kPhi -0.028563 -> -0.028563  n=1.000  phase=0.000
     6.1: kPhi 0.051204 -> 0.051204  n=1.000  phase=0.000
  center bond (18, 19): objective 2.092117 -> 2.092117  global RMSE 0.761805 -> 0.761848  (accepted, iterations=1)
     1.1: kPhi -0.143971 -> -0.143829  n=3.000  phase=0.000
     2.1: kPhi -0.173723 -> -0.173615  n=3.000  phase=0.000
     3.1: kPhi 0.515828 -> 0.515778  n=1.000  phase=0.000
     4.1: kPhi -0.172961 -> -0.172889  n=3.000  phase=0.000
     5.1: kPhi -0.200282 -> -0.200247  n=3.000  phase=0.000
     6.1: kPhi -0.126974 -> -0.126975  n=3.000  phase=0.000
     7.1: kPhi -0.155842 -> -0.155735  n=3.000  phase=0.000
     8.1: kPhi -0.183422 -> -0.183345  n=3.000  phase=0.000
     9.1: kPhi -0.120804 -> -0.120790  n=3.000  phase=0.000
  center bond (19, 24): objective 2.092117 -> 2.091928  global RMSE 0.761848 -> 0.761830  (accepted, iterations=1)
     1.1: kPhi 0.821158 -> 0.820039  n=2.000  phase=180.000
     1.2: kPhi 0.195130 -> 0.195811  n=3.000  phase=180.000
     1.3: kPhi 1.041921 -> 1.040943  n=1.000  phase=0.000
     2.1: kPhi 0.631241 -> 0.630211  n=2.000  phase=180.000
     3.1: kPhi 1.412464 -> 1.411337  n=1.000  phase=0.000
     3.2: kPhi 0.437714 -> 0.431897  n=2.000  phase=180.000
     4.1: kPhi -0.331775 -> -0.329498  n=2.000  phase=180.000
     5.1: kPhi 0.739307 -> 0.738452  n=1.000  phase=0.000
     5.2: kPhi 0.621040 -> 0.620319  n=2.000  phase=180.000
     6.1: kPhi -0.211757 -> -0.213272  n=2.000  phase=180.000
  center bond (24, 26): objective 2.091928 -> 2.091924  global RMSE 0.761830 -> 0.761863  (accepted, iterations=1)
     1.1: kPhi 1.809519 -> 1.810456  n=2.000  phase=180.000
     2.1: kPhi 2.489295 -> 2.488301  n=2.000  phase=180.000
     2.2: kPhi -1.132678 -> -1.132567  n=1.000  phase=0.000
  per-scan RMSE:
    (15, 18): 0.509781 -> 0.509938
    (18, 19): 0.933143 -> 0.933336
    (19, 24): 0.488481 -> 0.488213
    (24, 26): 0.975778 -> 0.975826

cycle 40: accepted=4 rejected=0  objective 2.091924 -> 2.091745  global RMSE 0.761863 -> 0.761926
  center bond (15, 18): objective 2.091924 -> 2.091924  global RMSE 0.761863 -> 0.761860  (accepted, iterations=1)
     1.1: kPhi 0.193829 -> 0.193809  n=2.000  phase=180.000
     2.1: kPhi 0.013326 -> 0.013406  n=1.000  phase=0.000
     3.1: kPhi -0.056748 -> -0.056799  n=1.000  phase=0.000
     4.1: kPhi 0.171257 -> 0.171229  n=2.000  phase=180.000
     5.1: kPhi -0.028563 -> -0.028677  n=1.000  phase=0.000
     6.1: kPhi 0.051204 -> 0.051236  n=1.000  phase=0.000
  center bond (18, 19): objective 2.091924 -> 2.091924  global RMSE 0.761860 -> 0.761904  (accepted, iterations=1)
     1.1: kPhi -0.143829 -> -0.143687  n=3.000  phase=0.000
     2.1: kPhi -0.173615 -> -0.173504  n=3.000  phase=0.000
     3.1: kPhi 0.515778 -> 0.515732  n=1.000  phase=0.000
     4.1: kPhi -0.172889 -> -0.172818  n=3.000  phase=0.000
     5.1: kPhi -0.200247 -> -0.200211  n=3.000  phase=0.000
     6.1: kPhi -0.126975 -> -0.126973  n=3.000  phase=0.000
     7.1: kPhi -0.155735 -> -0.155629  n=3.000  phase=0.000
     8.1: kPhi -0.183345 -> -0.183265  n=3.000  phase=0.000
     9.1: kPhi -0.120790 -> -0.120770  n=3.000  phase=0.000
  center bond (19, 24): objective 2.091924 -> 2.091749  global RMSE 0.761904 -> 0.761896  (accepted, iterations=1)
     1.1: kPhi 0.820039 -> 0.818931  n=2.000  phase=180.000
     1.2: kPhi 0.195811 -> 0.196476  n=3.000  phase=180.000
     1.3: kPhi 1.040943 -> 1.039990  n=1.000  phase=0.000
     2.1: kPhi 0.630211 -> 0.629190  n=2.000  phase=180.000
     3.1: kPhi 1.411337 -> 1.410231  n=1.000  phase=0.000
     3.2: kPhi 0.431897 -> 0.426290  n=2.000  phase=180.000
     4.1: kPhi -0.329498 -> -0.327310  n=2.000  phase=180.000
     5.1: kPhi 0.738452 -> 0.737675  n=1.000  phase=0.000
     5.2: kPhi 0.620319 -> 0.619529  n=2.000  phase=180.000
     6.1: kPhi -0.213272 -> -0.214694  n=2.000  phase=180.000
  center bond (24, 26): objective 2.091749 -> 2.091745  global RMSE 0.761896 -> 0.761926  (accepted, iterations=1)
     1.1: kPhi 1.810456 -> 1.811353  n=2.000  phase=180.000
     2.1: kPhi 2.488301 -> 2.487354  n=2.000  phase=180.000
     2.2: kPhi -1.132567 -> -1.132463  n=1.000  phase=0.000
  per-scan RMSE:
    (15, 18): 0.509938 -> 0.510032
    (18, 19): 0.933336 -> 0.933565
    (19, 24): 0.488213 -> 0.487983
    (24, 26): 0.975826 -> 0.975870

cycle 41: accepted=2 rejected=2  objective 2.091745 -> 2.091578  global RMSE 0.761926 -> 0.761952
  center bond (15, 18): objective 2.091745 -> 2.091745  global RMSE 0.761926 -> 0.761926  (rejected, iterations=1)
     1.1: kPhi 0.193809 -> 0.193809  n=2.000  phase=180.000
     2.1: kPhi 0.013406 -> 0.013406  n=1.000  phase=0.000
     3.1: kPhi -0.056799 -> -0.056799  n=1.000  phase=0.000
     4.1: kPhi 0.171229 -> 0.171229  n=2.000  phase=180.000
     5.1: kPhi -0.028677 -> -0.028677  n=1.000  phase=0.000
     6.1: kPhi 0.051236 -> 0.051236  n=1.000  phase=0.000
  center bond (18, 19): objective 2.091745 -> 2.091745  global RMSE 0.761926 -> 0.761926  (rejected, iterations=1)
     1.1: kPhi -0.143687 -> -0.143687  n=3.000  phase=0.000
     2.1: kPhi -0.173504 -> -0.173504  n=3.000  phase=0.000
     3.1: kPhi 0.515732 -> 0.515732  n=1.000  phase=0.000
     4.1: kPhi -0.172818 -> -0.172818  n=3.000  phase=0.000
     5.1: kPhi -0.200211 -> -0.200211  n=3.000  phase=0.000
     6.1: kPhi -0.126973 -> -0.126973  n=3.000  phase=0.000
     7.1: kPhi -0.155629 -> -0.155629  n=3.000  phase=0.000
     8.1: kPhi -0.183265 -> -0.183265  n=3.000  phase=0.000
     9.1: kPhi -0.120770 -> -0.120770  n=3.000  phase=0.000
  center bond (19, 24): objective 2.091745 -> 2.091581  global RMSE 0.761926 -> 0.761924  (accepted, iterations=1)
     1.1: kPhi 0.818931 -> 0.817840  n=2.000  phase=180.000
     1.2: kPhi 0.196476 -> 0.197115  n=3.000  phase=180.000
     1.3: kPhi 1.039990 -> 1.039070  n=1.000  phase=0.000
     2.1: kPhi 0.629190 -> 0.628183  n=2.000  phase=180.000
     3.1: kPhi 1.410231 -> 1.409149  n=1.000  phase=0.000
     3.2: kPhi 0.426290 -> 0.420891  n=2.000  phase=180.000
     4.1: kPhi -0.327310 -> -0.325202  n=2.000  phase=180.000
     5.1: kPhi 0.737675 -> 0.736961  n=1.000  phase=0.000
     5.2: kPhi 0.619529 -> 0.618665  n=2.000  phase=180.000
     6.1: kPhi -0.214694 -> -0.216040  n=2.000  phase=180.000
  center bond (24, 26): objective 2.091581 -> 2.091578  global RMSE 0.761924 -> 0.761952  (accepted, iterations=1)
     1.1: kPhi 1.811353 -> 1.812209  n=2.000  phase=180.000
     2.1: kPhi 2.487354 -> 2.486451  n=2.000  phase=180.000
     2.2: kPhi -1.132463 -> -1.132368  n=1.000  phase=0.000
  per-scan RMSE:
    (15, 18): 0.510032 -> 0.510217
    (18, 19): 0.933565 -> 0.933649
    (19, 24): 0.487983 -> 0.487695
    (24, 26): 0.975870 -> 0.975917

cycle 42: accepted=2 rejected=2  objective 2.091578 -> 2.091422  global RMSE 0.761952 -> 0.761965
  center bond (15, 18): objective 2.091578 -> 2.091578  global RMSE 0.761952 -> 0.761952  (rejected, iterations=1)
     1.1: kPhi 0.193809 -> 0.193809  n=2.000  phase=180.000
     2.1: kPhi 0.013406 -> 0.013406  n=1.000  phase=0.000
     3.1: kPhi -0.056799 -> -0.056799  n=1.000  phase=0.000
     4.1: kPhi 0.171229 -> 0.171229  n=2.000  phase=180.000
     5.1: kPhi -0.028677 -> -0.028677  n=1.000  phase=0.000
     6.1: kPhi 0.051236 -> 0.051236  n=1.000  phase=0.000
  center bond (18, 19): objective 2.091578 -> 2.091578  global RMSE 0.761952 -> 0.761952  (rejected, iterations=1)
     1.1: kPhi -0.143687 -> -0.143687  n=3.000  phase=0.000
     2.1: kPhi -0.173504 -> -0.173504  n=3.000  phase=0.000
     3.1: kPhi 0.515732 -> 0.515732  n=1.000  phase=0.000
     4.1: kPhi -0.172818 -> -0.172818  n=3.000  phase=0.000
     5.1: kPhi -0.200211 -> -0.200211  n=3.000  phase=0.000
     6.1: kPhi -0.126973 -> -0.126973  n=3.000  phase=0.000
     7.1: kPhi -0.155629 -> -0.155629  n=3.000  phase=0.000
     8.1: kPhi -0.183265 -> -0.183265  n=3.000  phase=0.000
     9.1: kPhi -0.120770 -> -0.120770  n=3.000  phase=0.000
  center bond (19, 24): objective 2.091578 -> 2.091425  global RMSE 0.761952 -> 0.761938  (accepted, iterations=1)
     1.1: kPhi 0.817840 -> 0.816790  n=2.000  phase=180.000
     1.2: kPhi 0.197115 -> 0.197710  n=3.000  phase=180.000
     1.3: kPhi 1.039070 -> 1.038197  n=1.000  phase=0.000
     2.1: kPhi 0.628183 -> 0.627215  n=2.000  phase=180.000
     3.1: kPhi 1.409149 -> 1.408093  n=1.000  phase=0.000
     3.2: kPhi 0.420891 -> 0.415671  n=2.000  phase=180.000
     4.1: kPhi -0.325202 -> -0.323193  n=2.000  phase=180.000
     5.1: kPhi 0.736961 -> 0.736288  n=1.000  phase=0.000
     5.2: kPhi 0.618665 -> 0.617734  n=2.000  phase=180.000
     6.1: kPhi -0.216040 -> -0.217311  n=2.000  phase=180.000
  center bond (24, 26): objective 2.091425 -> 2.091422  global RMSE 0.761938 -> 0.761965  (accepted, iterations=1)
     1.1: kPhi 1.812209 -> 1.813027  n=2.000  phase=180.000
     2.1: kPhi 2.486451 -> 2.485590  n=2.000  phase=180.000
     2.2: kPhi -1.132368 -> -1.132279  n=1.000  phase=0.000
  per-scan RMSE:
    (15, 18): 0.510217 -> 0.510397
    (18, 19): 0.933649 -> 0.933710
    (19, 24): 0.487695 -> 0.487388
    (24, 26): 0.975917 -> 0.975959

cycle 43: accepted=3 rejected=1  objective 2.091422 -> 2.091276  global RMSE 0.761965 -> 0.762021
  center bond (15, 18): objective 2.091422 -> 2.091422  global RMSE 0.761965 -> 0.761965  (rejected, iterations=1)
     1.1: kPhi 0.193809 -> 0.193809  n=2.000  phase=180.000
     2.1: kPhi 0.013406 -> 0.013406  n=1.000  phase=0.000
     3.1: kPhi -0.056799 -> -0.056799  n=1.000  phase=0.000
     4.1: kPhi 0.171229 -> 0.171229  n=2.000  phase=180.000
     5.1: kPhi -0.028677 -> -0.028677  n=1.000  phase=0.000
     6.1: kPhi 0.051236 -> 0.051236  n=1.000  phase=0.000
  center bond (18, 19): objective 2.091422 -> 2.091422  global RMSE 0.761965 -> 0.762038  (accepted, iterations=1)
     1.1: kPhi -0.143687 -> -0.143525  n=3.000  phase=0.000
     2.1: kPhi -0.173504 -> -0.173360  n=3.000  phase=0.000
     3.1: kPhi 0.515732 -> 0.515676  n=1.000  phase=0.000
     4.1: kPhi -0.172818 -> -0.172703  n=3.000  phase=0.000
     5.1: kPhi -0.200211 -> -0.200117  n=3.000  phase=0.000
     6.1: kPhi -0.126973 -> -0.126899  n=3.000  phase=0.000
     7.1: kPhi -0.155629 -> -0.155493  n=3.000  phase=0.000
     8.1: kPhi -0.183265 -> -0.183143  n=3.000  phase=0.000
     9.1: kPhi -0.120770 -> -0.120687  n=3.000  phase=0.000
  center bond (19, 24): objective 2.091422 -> 2.091279  global RMSE 0.762038 -> 0.761995  (accepted, iterations=1)
     1.1: kPhi 0.816790 -> 0.815809  n=2.000  phase=180.000
     1.2: kPhi 0.197710 -> 0.198253  n=3.000  phase=180.000
     1.3: kPhi 1.038197 -> 1.037388  n=1.000  phase=0.000
     2.1: kPhi 0.627215 -> 0.626313  n=2.000  phase=180.000
     3.1: kPhi 1.408093 -> 1.407061  n=1.000  phase=0.000
     3.2: kPhi 0.415671 -> 0.410576  n=2.000  phase=180.000
     4.1: kPhi -0.323193 -> -0.321319  n=2.000  phase=180.000
     5.1: kPhi 0.736288 -> 0.735635  n=1.000  phase=0.000
     5.2: kPhi 0.617734 -> 0.616760  n=2.000  phase=180.000
     6.1: kPhi -0.217311 -> -0.218498  n=2.000  phase=180.000
  center bond (24, 26): objective 2.091279 -> 2.091276  global RMSE 0.761995 -> 0.762021  (accepted, iterations=1)
     1.1: kPhi 1.813027 -> 1.813814  n=2.000  phase=180.000
     2.1: kPhi 2.485590 -> 2.484772  n=2.000  phase=180.000
     2.2: kPhi -1.132279 -> -1.132192  n=1.000  phase=0.000
  per-scan RMSE:
    (15, 18): 0.510397 -> 0.510493
    (18, 19): 0.933710 -> 0.933950
    (19, 24): 0.487388 -> 0.487126
    (24, 26): 0.975959 -> 0.975986

cycle 44: accepted=4 rejected=0  objective 2.091276 -> 2.091140  global RMSE 0.762021 -> 0.762095
  center bond (15, 18): objective 2.091276 -> 2.091276  global RMSE 0.762021 -> 0.762015  (accepted, iterations=1)
     1.1: kPhi 0.193809 -> 0.193755  n=2.000  phase=180.000
     2.1: kPhi 0.013406 -> 0.013552  n=1.000  phase=0.000
     3.1: kPhi -0.056799 -> -0.056879  n=1.000  phase=0.000
     4.1: kPhi 0.171229 -> 0.171169  n=2.000  phase=180.000
     5.1: kPhi -0.028677 -> -0.028858  n=1.000  phase=0.000
     6.1: kPhi 0.051236 -> 0.051295  n=1.000  phase=0.000
  center bond (18, 19): objective 2.091276 -> 2.091276  global RMSE 0.762015 -> 0.762103  (accepted, iterations=1)
     1.1: kPhi -0.143525 -> -0.143294  n=3.000  phase=0.000
     2.1: kPhi -0.173360 -> -0.173163  n=3.000  phase=0.000
     3.1: kPhi 0.515676 -> 0.515592  n=1.000  phase=0.000
     4.1: kPhi -0.172703 -> -0.172568  n=3.000  phase=0.000
     5.1: kPhi -0.200117 -> -0.200023  n=3.000  phase=0.000
     6.1: kPhi -0.126899 -> -0.126846  n=3.000  phase=0.000
     7.1: kPhi -0.155493 -> -0.155309  n=3.000  phase=0.000
     8.1: kPhi -0.183143 -> -0.182988  n=3.000  phase=0.000
     9.1: kPhi -0.120687 -> -0.120606  n=3.000  phase=0.000
  center bond (19, 24): objective 2.091276 -> 2.091142  global RMSE 0.762103 -> 0.762071  (accepted, iterations=1)
     1.1: kPhi 0.815809 -> 0.814837  n=2.000  phase=180.000
     1.2: kPhi 0.198253 -> 0.198796  n=3.000  phase=180.000
     1.3: kPhi 1.037388 -> 1.036595  n=1.000  phase=0.000
     2.1: kPhi 0.626313 -> 0.625416  n=2.000  phase=180.000
     3.1: kPhi 1.407061 -> 1.406052  n=1.000  phase=0.000
     3.2: kPhi 0.410576 -> 0.405643  n=2.000  phase=180.000
     4.1: kPhi -0.321319 -> -0.319529  n=2.000  phase=180.000
     5.1: kPhi 0.735635 -> 0.735047  n=1.000  phase=0.000
     5.2: kPhi 0.616760 -> 0.615751  n=2.000  phase=180.000
     6.1: kPhi -0.218498 -> -0.219597  n=2.000  phase=180.000
  center bond (24, 26): objective 2.091142 -> 2.091140  global RMSE 0.762071 -> 0.762095  (accepted, iterations=1)
     1.1: kPhi 1.813814 -> 1.814568  n=2.000  phase=180.000
     2.1: kPhi 2.484772 -> 2.483995  n=2.000  phase=180.000
     2.2: kPhi -1.132192 -> -1.132109  n=1.000  phase=0.000
  per-scan RMSE:
    (15, 18): 0.510493 -> 0.510470
    (18, 19): 0.933950 -> 0.934285
    (19, 24): 0.487126 -> 0.486922
    (24, 26): 0.975986 -> 0.976010

cycle 45: accepted=3 rejected=1  objective 2.091140 -> 2.091012  global RMSE 0.762095 -> 0.762109
  center bond (15, 18): objective 2.091140 -> 2.091140  global RMSE 0.762095 -> 0.762093  (accepted, iterations=1)
     1.1: kPhi 0.193755 -> 0.193754  n=2.000  phase=180.000
     2.1: kPhi 0.013552 -> 0.013621  n=1.000  phase=0.000
     3.1: kPhi -0.056879 -> -0.056913  n=1.000  phase=0.000
     4.1: kPhi 0.171169 -> 0.171161  n=2.000  phase=180.000
     5.1: kPhi -0.028858 -> -0.028955  n=1.000  phase=0.000
     6.1: kPhi 0.051295 -> 0.051313  n=1.000  phase=0.000
  center bond (18, 19): objective 2.091140 -> 2.091140  global RMSE 0.762093 -> 0.762093  (rejected, iterations=1)
     1.1: kPhi -0.143294 -> -0.143294  n=3.000  phase=0.000
     2.1: kPhi -0.173163 -> -0.173163  n=3.000  phase=0.000
     3.1: kPhi 0.515592 -> 0.515592  n=1.000  phase=0.000
     4.1: kPhi -0.172568 -> -0.172568  n=3.000  phase=0.000
     5.1: kPhi -0.200023 -> -0.200023  n=3.000  phase=0.000
     6.1: kPhi -0.126846 -> -0.126846  n=3.000  phase=0.000
     7.1: kPhi -0.155309 -> -0.155309  n=3.000  phase=0.000
     8.1: kPhi -0.182988 -> -0.182988  n=3.000  phase=0.000
     9.1: kPhi -0.120606 -> -0.120606  n=3.000  phase=0.000
  center bond (19, 24): objective 2.091140 -> 2.091014  global RMSE 0.762093 -> 0.762086  (accepted, iterations=1)
     1.1: kPhi 0.814837 -> 0.813848  n=2.000  phase=180.000
     1.2: kPhi 0.198796 -> 0.199342  n=3.000  phase=180.000
     1.3: kPhi 1.036595 -> 1.035807  n=1.000  phase=0.000
     2.1: kPhi 0.625416 -> 0.624499  n=2.000  phase=180.000
     3.1: kPhi 1.406052 -> 1.405071  n=1.000  phase=0.000
     3.2: kPhi 0.405643 -> 0.400915  n=2.000  phase=180.000
     4.1: kPhi -0.319529 -> -0.317774  n=2.000  phase=180.000
     5.1: kPhi 0.735047 -> 0.734529  n=1.000  phase=0.000
     5.2: kPhi 0.615751 -> 0.614685  n=2.000  phase=180.000
     6.1: kPhi -0.219597 -> -0.220637  n=2.000  phase=180.000
  center bond (24, 26): objective 2.091014 -> 2.091012  global RMSE 0.762086 -> 0.762109  (accepted, iterations=1)
     1.1: kPhi 1.814568 -> 1.815286  n=2.000  phase=180.000
     2.1: kPhi 2.483995 -> 2.483250  n=2.000  phase=180.000
     2.2: kPhi -1.132109 -> -1.132033  n=1.000  phase=0.000
  per-scan RMSE:
    (15, 18): 0.510470 -> 0.510597
    (18, 19): 0.934285 -> 0.934368
    (19, 24): 0.486922 -> 0.486643
    (24, 26): 0.976010 -> 0.976046

cycle 46: accepted=2 rejected=2  objective 2.091012 -> 2.090892  global RMSE 0.762109 -> 0.762102
  center bond (15, 18): objective 2.091012 -> 2.091012  global RMSE 0.762109 -> 0.762109  (rejected, iterations=1)
     1.1: kPhi 0.193754 -> 0.193754  n=2.000  phase=180.000
     2.1: kPhi 0.013621 -> 0.013621  n=1.000  phase=0.000
     3.1: kPhi -0.056913 -> -0.056913  n=1.000  phase=0.000
     4.1: kPhi 0.171161 -> 0.171161  n=2.000  phase=180.000
     5.1: kPhi -0.028955 -> -0.028955  n=1.000  phase=0.000
     6.1: kPhi 0.051313 -> 0.051313  n=1.000  phase=0.000
  center bond (18, 19): objective 2.091012 -> 2.091012  global RMSE 0.762109 -> 0.762109  (rejected, iterations=1)
     1.1: kPhi -0.143294 -> -0.143294  n=3.000  phase=0.000
     2.1: kPhi -0.173163 -> -0.173163  n=3.000  phase=0.000
     3.1: kPhi 0.515592 -> 0.515592  n=1.000  phase=0.000
     4.1: kPhi -0.172568 -> -0.172568  n=3.000  phase=0.000
     5.1: kPhi -0.200023 -> -0.200023  n=3.000  phase=0.000
     6.1: kPhi -0.126846 -> -0.126846  n=3.000  phase=0.000
     7.1: kPhi -0.155309 -> -0.155309  n=3.000  phase=0.000
     8.1: kPhi -0.182988 -> -0.182988  n=3.000  phase=0.000
     9.1: kPhi -0.120606 -> -0.120606  n=3.000  phase=0.000
  center bond (19, 24): objective 2.091012 -> 2.090894  global RMSE 0.762109 -> 0.762080  (accepted, iterations=1)
     1.1: kPhi 0.813848 -> 0.812914  n=2.000  phase=180.000
     1.2: kPhi 0.199342 -> 0.199836  n=3.000  phase=180.000
     1.3: kPhi 1.035807 -> 1.035073  n=1.000  phase=0.000
     2.1: kPhi 0.624499 -> 0.623636  n=2.000  phase=180.000
     3.1: kPhi 1.405071 -> 1.404119  n=1.000  phase=0.000
     3.2: kPhi 0.400915 -> 0.396323  n=2.000  phase=180.000
     4.1: kPhi -0.317774 -> -0.316113  n=2.000  phase=180.000
     5.1: kPhi 0.734529 -> 0.734023  n=1.000  phase=0.000
     5.2: kPhi 0.614685 -> 0.613570  n=2.000  phase=180.000
     6.1: kPhi -0.220637 -> -0.221622  n=2.000  phase=180.000
  center bond (24, 26): objective 2.090894 -> 2.090892  global RMSE 0.762080 -> 0.762102  (accepted, iterations=1)
     1.1: kPhi 1.815286 -> 1.815971  n=2.000  phase=180.000
     2.1: kPhi 2.483250 -> 2.482539  n=2.000  phase=180.000
     2.2: kPhi -1.132033 -> -1.131961  n=1.000  phase=0.000
  per-scan RMSE:
    (15, 18): 0.510597 -> 0.510756
    (18, 19): 0.934368 -> 0.934399
    (19, 24): 0.486643 -> 0.486312
    (24, 26): 0.976046 -> 0.976076

cycle 47: accepted=3 rejected=1  objective 2.090892 -> 2.090780  global RMSE 0.762102 -> 0.762151
  center bond (15, 18): objective 2.090892 -> 2.090892  global RMSE 0.762102 -> 0.762102  (rejected, iterations=1)
     1.1: kPhi 0.193754 -> 0.193754  n=2.000  phase=180.000
     2.1: kPhi 0.013621 -> 0.013621  n=1.000  phase=0.000
     3.1: kPhi -0.056913 -> -0.056913  n=1.000  phase=0.000
     4.1: kPhi 0.171161 -> 0.171161  n=2.000  phase=180.000
     5.1: kPhi -0.028955 -> -0.028955  n=1.000  phase=0.000
     6.1: kPhi 0.051313 -> 0.051313  n=1.000  phase=0.000
  center bond (18, 19): objective 2.090892 -> 2.090892  global RMSE 0.762102 -> 0.762181  (accepted, iterations=1)
     1.1: kPhi -0.143294 -> -0.143069  n=3.000  phase=0.000
     2.1: kPhi -0.173163 -> -0.172971  n=3.000  phase=0.000
     3.1: kPhi 0.515592 -> 0.515495  n=1.000  phase=0.000
     4.1: kPhi -0.172568 -> -0.172452  n=3.000  phase=0.000
     5.1: kPhi -0.200023 -> -0.199947  n=3.000  phase=0.000
     6.1: kPhi -0.126846 -> -0.126808  n=3.000  phase=0.000
     7.1: kPhi -0.155309 -> -0.155135  n=3.000  phase=0.000
     8.1: kPhi -0.182988 -> -0.182840  n=3.000  phase=0.000
     9.1: kPhi -0.120606 -> -0.120531  n=3.000  phase=0.000
  center bond (19, 24): objective 2.090892 -> 2.090782  global RMSE 0.762181 -> 0.762129  (accepted, iterations=1)
     1.1: kPhi 0.812914 -> 0.812037  n=2.000  phase=180.000
     1.2: kPhi 0.199836 -> 0.200289  n=3.000  phase=180.000
     1.3: kPhi 1.035073 -> 1.034393  n=1.000  phase=0.000
     2.1: kPhi 0.623636 -> 0.622827  n=2.000  phase=180.000
     3.1: kPhi 1.404119 -> 1.403192  n=1.000  phase=0.000
     3.2: kPhi 0.396323 -> 0.391834  n=2.000  phase=180.000
     4.1: kPhi -0.316113 -> -0.314567  n=2.000  phase=180.000
     5.1: kPhi 0.734023 -> 0.733529  n=1.000  phase=0.000
     5.2: kPhi 0.613570 -> 0.612432  n=2.000  phase=180.000
     6.1: kPhi -0.221622 -> -0.222536  n=2.000  phase=180.000
  center bond (24, 26): objective 2.090782 -> 2.090780  global RMSE 0.762129 -> 0.762151  (accepted, iterations=1)
     1.1: kPhi 1.815971 -> 1.816631  n=2.000  phase=180.000
     2.1: kPhi 2.482539 -> 2.481866  n=2.000  phase=180.000
     2.2: kPhi -1.131961 -> -1.131889  n=1.000  phase=0.000
  per-scan RMSE:
    (15, 18): 0.510756 -> 0.510817
    (18, 19): 0.934399 -> 0.934637
    (19, 24): 0.486312 -> 0.486067
    (24, 26): 0.976076 -> 0.976091

cycle 48: accepted=4 rejected=0  objective 2.090780 -> 2.090674  global RMSE 0.762151 -> 0.762140
  center bond (15, 18): objective 2.090780 -> 2.090780  global RMSE 0.762151 -> 0.762147  (accepted, iterations=1)
     1.1: kPhi 0.193754 -> 0.193723  n=2.000  phase=180.000
     2.1: kPhi 0.013621 -> 0.013730  n=1.000  phase=0.000
     3.1: kPhi -0.056913 -> -0.056964  n=1.000  phase=0.000
     4.1: kPhi 0.171161 -> 0.171125  n=2.000  phase=180.000
     5.1: kPhi -0.028955 -> -0.029090  n=1.000  phase=0.000
     6.1: kPhi 0.051313 -> 0.051350  n=1.000  phase=0.000
  center bond (18, 19): objective 2.090780 -> 2.090780  global RMSE 0.762147 -> 0.762115  (accepted, iterations=1)
     1.1: kPhi -0.143069 -> -0.142952  n=3.000  phase=0.000
     2.1: kPhi -0.172971 -> -0.172910  n=3.000  phase=0.000
     3.1: kPhi 0.515495 -> 0.515426  n=1.000  phase=0.000
     4.1: kPhi -0.172452 -> -0.172522  n=3.000  phase=0.000
     5.1: kPhi -0.199947 -> -0.200082  n=3.000  phase=0.000
     6.1: kPhi -0.126808 -> -0.127004  n=3.000  phase=0.000
     7.1: kPhi -0.155135 -> -0.155102  n=3.000  phase=0.000
     8.1: kPhi -0.182840 -> -0.182850  n=3.000  phase=0.000
     9.1: kPhi -0.120531 -> -0.120657  n=3.000  phase=0.000
  center bond (19, 24): objective 2.090780 -> 2.090676  global RMSE 0.762115 -> 0.762120  (accepted, iterations=1)
     1.1: kPhi 0.812037 -> 0.811090  n=2.000  phase=180.000
     1.2: kPhi 0.200289 -> 0.200782  n=3.000  phase=180.000
     1.3: kPhi 1.034393 -> 1.033680  n=1.000  phase=0.000
     2.1: kPhi 0.622827 -> 0.621945  n=2.000  phase=180.000
     3.1: kPhi 1.403192 -> 1.402292  n=1.000  phase=0.000
     3.2: kPhi 0.391834 -> 0.387568  n=2.000  phase=180.000
     4.1: kPhi -0.314567 -> -0.313008  n=2.000  phase=180.000
     5.1: kPhi 0.733529 -> 0.733133  n=1.000  phase=0.000
     5.2: kPhi 0.612432 -> 0.611252  n=2.000  phase=180.000
     6.1: kPhi -0.222536 -> -0.223394  n=2.000  phase=180.000
  center bond (24, 26): objective 2.090676 -> 2.090674  global RMSE 0.762120 -> 0.762140  (accepted, iterations=1)
     1.1: kPhi 1.816631 -> 1.817259  n=2.000  phase=180.000
     2.1: kPhi 2.481866 -> 2.481220  n=2.000  phase=180.000
     2.2: kPhi -1.131889 -> -1.131822  n=1.000  phase=0.000
  per-scan RMSE:
    (15, 18): 0.510817 -> 0.510908
    (18, 19): 0.934637 -> 0.934643
    (19, 24): 0.486067 -> 0.485826
    (24, 26): 0.976091 -> 0.976122

cycle 49: accepted=3 rejected=1  objective 2.090674 -> 2.090575  global RMSE 0.762140 -> 0.762134
  center bond (15, 18): objective 2.090674 -> 2.090674  global RMSE 0.762140 -> 0.762140  (rejected, iterations=1)
     1.1: kPhi 0.193723 -> 0.193723  n=2.000  phase=180.000
     2.1: kPhi 0.013730 -> 0.013730  n=1.000  phase=0.000
     3.1: kPhi -0.056964 -> -0.056964  n=1.000  phase=0.000
     4.1: kPhi 0.171125 -> 0.171125  n=2.000  phase=180.000
     5.1: kPhi -0.029090 -> -0.029090  n=1.000  phase=0.000
     6.1: kPhi 0.051350 -> 0.051350  n=1.000  phase=0.000
  center bond (18, 19): objective 2.090674 -> 2.090674  global RMSE 0.762140 -> 0.762174  (accepted, iterations=1)
     1.1: kPhi -0.142952 -> -0.142870  n=3.000  phase=0.000
     2.1: kPhi -0.172910 -> -0.172836  n=3.000  phase=0.000
     3.1: kPhi 0.515426 -> 0.515389  n=1.000  phase=0.000
     4.1: kPhi -0.172522 -> -0.172474  n=3.000  phase=0.000
     5.1: kPhi -0.200082 -> -0.200044  n=3.000  phase=0.000
     6.1: kPhi -0.127004 -> -0.126973  n=3.000  phase=0.000
     7.1: kPhi -0.155102 -> -0.155033  n=3.000  phase=0.000
     8.1: kPhi -0.182850 -> -0.182788  n=3.000  phase=0.000
     9.1: kPhi -0.120657 -> -0.120612  n=3.000  phase=0.000
  center bond (19, 24): objective 2.090674 -> 2.090576  global RMSE 0.762174 -> 0.762115  (accepted, iterations=1)
     1.1: kPhi 0.811090 -> 0.810264  n=2.000  phase=180.000
     1.2: kPhi 0.200782 -> 0.201184  n=3.000  phase=180.000
     1.3: kPhi 1.033680 -> 1.033061  n=1.000  phase=0.000
     2.1: kPhi 0.621945 -> 0.621184  n=2.000  phase=180.000
     3.1: kPhi 1.402292 -> 1.401422  n=1.000  phase=0.000
     3.2: kPhi 0.387568 -> 0.383357  n=2.000  phase=180.000
     4.1: kPhi -0.313008 -> -0.311596  n=2.000  phase=180.000
     5.1: kPhi 0.733133 -> 0.732696  n=1.000  phase=0.000
     5.2: kPhi 0.611252 -> 0.610043  n=2.000  phase=180.000
     6.1: kPhi -0.223394 -> -0.224204  n=2.000  phase=180.000
  center bond (24, 26): objective 2.090576 -> 2.090575  global RMSE 0.762115 -> 0.762134  (accepted, iterations=1)
     1.1: kPhi 1.817259 -> 1.817860  n=2.000  phase=180.000
     2.1: kPhi 2.481220 -> 2.480605  n=2.000  phase=180.000
     2.2: kPhi -1.131822 -> -1.131758  n=1.000  phase=0.000
  per-scan RMSE:
    (15, 18): 0.510908 -> 0.511020
    (18, 19): 0.934643 -> 0.934724
    (19, 24): 0.485826 -> 0.485484
    (24, 26): 0.976122 -> 0.976140

cycle 50: accepted=2 rejected=2  objective 2.090575 -> 2.090481  global RMSE 0.762134 -> 0.762145
  center bond (15, 18): objective 2.090575 -> 2.090575  global RMSE 0.762134 -> 0.762134  (rejected, iterations=1)
     1.1: kPhi 0.193723 -> 0.193723  n=2.000  phase=180.000
     2.1: kPhi 0.013730 -> 0.013730  n=1.000  phase=0.000
     3.1: kPhi -0.056964 -> -0.056964  n=1.000  phase=0.000
     4.1: kPhi 0.171125 -> 0.171125  n=2.000  phase=180.000
     5.1: kPhi -0.029090 -> -0.029090  n=1.000  phase=0.000
     6.1: kPhi 0.051350 -> 0.051350  n=1.000  phase=0.000
  center bond (18, 19): objective 2.090575 -> 2.090575  global RMSE 0.762134 -> 0.762134  (rejected, iterations=1)
     1.1: kPhi -0.142870 -> -0.142870  n=3.000  phase=0.000
     2.1: kPhi -0.172836 -> -0.172836  n=3.000  phase=0.000
     3.1: kPhi 0.515389 -> 0.515389  n=1.000  phase=0.000
     4.1: kPhi -0.172474 -> -0.172474  n=3.000  phase=0.000
     5.1: kPhi -0.200044 -> -0.200044  n=3.000  phase=0.000
     6.1: kPhi -0.126973 -> -0.126973  n=3.000  phase=0.000
     7.1: kPhi -0.155033 -> -0.155033  n=3.000  phase=0.000
     8.1: kPhi -0.182788 -> -0.182788  n=3.000  phase=0.000
     9.1: kPhi -0.120612 -> -0.120612  n=3.000  phase=0.000
  center bond (19, 24): objective 2.090575 -> 2.090483  global RMSE 0.762134 -> 0.762127  (accepted, iterations=1)
     1.1: kPhi 0.810264 -> 0.809375  n=2.000  phase=180.000
     1.2: kPhi 0.201184 -> 0.201623  n=3.000  phase=180.000
     1.3: kPhi 1.033061 -> 1.032415  n=1.000  phase=0.000
     2.1: kPhi 0.621184 -> 0.620357  n=2.000  phase=180.000
     3.1: kPhi 1.401422 -> 1.400578  n=1.000  phase=0.000
     3.2: kPhi 0.383357 -> 0.379347  n=2.000  phase=180.000
     4.1: kPhi -0.311596 -> -0.310177  n=2.000  phase=180.000
     5.1: kPhi 0.732696 -> 0.732343  n=1.000  phase=0.000
     5.2: kPhi 0.610043 -> 0.608802  n=2.000  phase=180.000
     6.1: kPhi -0.224204 -> -0.224962  n=2.000  phase=180.000
  center bond (24, 26): objective 2.090483 -> 2.090481  global RMSE 0.762127 -> 0.762145  (accepted, iterations=1)
     1.1: kPhi 1.817860 -> 1.818434  n=2.000  phase=180.000
     2.1: kPhi 2.480605 -> 2.480017  n=2.000  phase=180.000
     2.2: kPhi -1.131758 -> -1.131696  n=1.000  phase=0.000
  per-scan RMSE:
    (15, 18): 0.511020 -> 0.511143
    (18, 19): 0.934724 -> 0.934780
    (19, 24): 0.485484 -> 0.485257
    (24, 26): 0.976140 -> 0.976168

cycle 51: accepted=3 rejected=1  objective 2.090481 -> 2.090393  global RMSE 0.762145 -> 0.762148
  center bond (15, 18): objective 2.090481 -> 2.090481  global RMSE 0.762145 -> 0.762145  (rejected, iterations=1)
     1.1: kPhi 0.193723 -> 0.193723  n=2.000  phase=180.000
     2.1: kPhi 0.013730 -> 0.013730  n=1.000  phase=0.000
     3.1: kPhi -0.056964 -> -0.056964  n=1.000  phase=0.000
     4.1: kPhi 0.171125 -> 0.171125  n=2.000  phase=180.000
     5.1: kPhi -0.029090 -> -0.029090  n=1.000  phase=0.000
     6.1: kPhi 0.051350 -> 0.051350  n=1.000  phase=0.000
  center bond (18, 19): objective 2.090481 -> 2.090481  global RMSE 0.762145 -> 0.762191  (accepted, iterations=1)
     1.1: kPhi -0.142870 -> -0.142767  n=3.000  phase=0.000
     2.1: kPhi -0.172836 -> -0.172741  n=3.000  phase=0.000
     3.1: kPhi 0.515389 -> 0.515348  n=1.000  phase=0.000
     4.1: kPhi -0.172474 -> -0.172407  n=3.000  phase=0.000
     5.1: kPhi -0.200044 -> -0.199989  n=3.000  phase=0.000
     6.1: kPhi -0.126973 -> -0.126928  n=3.000  phase=0.000
     7.1: kPhi -0.155033 -> -0.154947  n=3.000  phase=0.000
     8.1: kPhi -0.182788 -> -0.182708  n=3.000  phase=0.000
     9.1: kPhi -0.120612 -> -0.120555  n=3.000  phase=0.000
  center bond (19, 24): objective 2.090481 -> 2.090395  global RMSE 0.762191 -> 0.762130  (accepted, iterations=1)
     1.1: kPhi 0.809375 -> 0.808588  n=2.000  phase=180.000
     1.2: kPhi 0.201623 -> 0.201987  n=3.000  phase=180.000
     1.3: kPhi 1.032415 -> 1.031849  n=1.000  phase=0.000
     2.1: kPhi 0.620357 -> 0.619630  n=2.000  phase=180.000
     3.1: kPhi 1.400578 -> 1.399762  n=1.000  phase=0.000
     3.2: kPhi 0.379347 -> 0.375390  n=2.000  phase=180.000
     4.1: kPhi -0.310177 -> -0.308888  n=2.000  phase=180.000
     5.1: kPhi 0.732343 -> 0.731959  n=1.000  phase=0.000
     5.2: kPhi 0.608802 -> 0.607542  n=2.000  phase=180.000
     6.1: kPhi -0.224962 -> -0.225672  n=2.000  phase=180.000
  center bond (24, 26): objective 2.090395 -> 2.090393  global RMSE 0.762130 -> 0.762148  (accepted, iterations=1)
     1.1: kPhi 1.818434 -> 1.818985  n=2.000  phase=180.000
     2.1: kPhi 2.480017 -> 2.479459  n=2.000  phase=180.000
     2.2: kPhi -1.131696 -> -1.131635  n=1.000  phase=0.000
  per-scan RMSE:
    (15, 18): 0.511143 -> 0.511231
    (18, 19): 0.934780 -> 0.934888
    (19, 24): 0.485257 -> 0.484950
    (24, 26): 0.976168 -> 0.976182

cycle 52: accepted=3 rejected=1  objective 2.090393 -> 2.090310  global RMSE 0.762148 -> 0.762153
  center bond (15, 18): objective 2.090393 -> 2.090393  global RMSE 0.762148 -> 0.762146  (accepted, iterations=1)
     1.1: kPhi 0.193723 -> 0.193695  n=2.000  phase=180.000
     2.1: kPhi 0.013730 -> 0.013803  n=1.000  phase=0.000
     3.1: kPhi -0.056964 -> -0.056993  n=1.000  phase=0.000
     4.1: kPhi 0.171125 -> 0.171096  n=2.000  phase=180.000
     5.1: kPhi -0.029090 -> -0.029188  n=1.000  phase=0.000
     6.1: kPhi 0.051350 -> 0.051364  n=1.000  phase=0.000
  center bond (18, 19): objective 2.090393 -> 2.090393  global RMSE 0.762146 -> 0.762146  (rejected, iterations=1)
     1.1: kPhi -0.142767 -> -0.142767  n=3.000  phase=0.000
     2.1: kPhi -0.172741 -> -0.172741  n=3.000  phase=0.000
     3.1: kPhi 0.515348 -> 0.515348  n=1.000  phase=0.000
     4.1: kPhi -0.172407 -> -0.172407  n=3.000  phase=0.000
     5.1: kPhi -0.199989 -> -0.199989  n=3.000  phase=0.000
     6.1: kPhi -0.126928 -> -0.126928  n=3.000  phase=0.000
     7.1: kPhi -0.154947 -> -0.154947  n=3.000  phase=0.000
     8.1: kPhi -0.182708 -> -0.182708  n=3.000  phase=0.000
     9.1: kPhi -0.120555 -> -0.120555  n=3.000  phase=0.000
  center bond (19, 24): objective 2.090393 -> 2.090312  global RMSE 0.762146 -> 0.762136  (accepted, iterations=1)
     1.1: kPhi 0.808588 -> 0.807740  n=2.000  phase=180.000
     1.2: kPhi 0.201987 -> 0.202393  n=3.000  phase=180.000
     1.3: kPhi 1.031849 -> 1.031251  n=1.000  phase=0.000
     2.1: kPhi 0.619630 -> 0.618840  n=2.000  phase=180.000
     3.1: kPhi 1.399762 -> 1.398972  n=1.000  phase=0.000
     3.2: kPhi 0.375390 -> 0.371622  n=2.000  phase=180.000
     4.1: kPhi -0.308888 -> -0.307589  n=2.000  phase=180.000
     5.1: kPhi 0.731959 -> 0.731657  n=1.000  phase=0.000
     5.2: kPhi 0.607542 -> 0.606258  n=2.000  phase=180.000
     6.1: kPhi -0.225672 -> -0.226333  n=2.000  phase=180.000
  center bond (24, 26): objective 2.090312 -> 2.090310  global RMSE 0.762136 -> 0.762153  (accepted, iterations=1)
     1.1: kPhi 1.818985 -> 1.819509  n=2.000  phase=180.000
     2.1: kPhi 2.479459 -> 2.478924  n=2.000  phase=180.000
     2.2: kPhi -1.131635 -> -1.131578  n=1.000  phase=0.000
  per-scan RMSE:
    (15, 18): 0.511231 -> 0.511301
    (18, 19): 0.934888 -> 0.934951
    (19, 24): 0.484950 -> 0.484732
    (24, 26): 0.976182 -> 0.976207

cycle 53: accepted=3 rejected=1  objective 2.090310 -> 2.090232  global RMSE 0.762153 -> 0.762154
  center bond (15, 18): objective 2.090310 -> 2.090310  global RMSE 0.762153 -> 0.762153  (rejected, iterations=1)
     1.1: kPhi 0.193695 -> 0.193695  n=2.000  phase=180.000
     2.1: kPhi 0.013803 -> 0.013803  n=1.000  phase=0.000
     3.1: kPhi -0.056993 -> -0.056993  n=1.000  phase=0.000
     4.1: kPhi 0.171096 -> 0.171096  n=2.000  phase=180.000
     5.1: kPhi -0.029188 -> -0.029188  n=1.000  phase=0.000
     6.1: kPhi 0.051364 -> 0.051364  n=1.000  phase=0.000
  center bond (18, 19): objective 2.090310 -> 2.090310  global RMSE 0.762153 -> 0.762200  (accepted, iterations=1)
     1.1: kPhi -0.142767 -> -0.142658  n=3.000  phase=0.000
     2.1: kPhi -0.172741 -> -0.172640  n=3.000  phase=0.000
     3.1: kPhi 0.515348 -> 0.515304  n=1.000  phase=0.000
     4.1: kPhi -0.172407 -> -0.172340  n=3.000  phase=0.000
     5.1: kPhi -0.199989 -> -0.199933  n=3.000  phase=0.000
     6.1: kPhi -0.126928 -> -0.126884  n=3.000  phase=0.000
     7.1: kPhi -0.154947 -> -0.154857  n=3.000  phase=0.000
     8.1: kPhi -0.182708 -> -0.182624  n=3.000  phase=0.000
     9.1: kPhi -0.120555 -> -0.120495  n=3.000  phase=0.000
  center bond (19, 24): objective 2.090310 -> 2.090233  global RMSE 0.762200 -> 0.762137  (accepted, iterations=1)
     1.1: kPhi 0.807740 -> 0.806994  n=2.000  phase=180.000
     1.2: kPhi 0.202393 -> 0.202725  n=3.000  phase=180.000
     1.3: kPhi 1.031251 -> 1.030732  n=1.000  phase=0.000
     2.1: kPhi 0.618840 -> 0.618150  n=2.000  phase=180.000
     3.1: kPhi 1.398972 -> 1.398209  n=1.000  phase=0.000
     3.2: kPhi 0.371622 -> 0.367895  n=2.000  phase=180.000
     4.1: kPhi -0.307589 -> -0.306416  n=2.000  phase=180.000
     5.1: kPhi 0.731657 -> 0.731319  n=1.000  phase=0.000
     5.2: kPhi 0.606258 -> 0.604960  n=2.000  phase=180.000
     6.1: kPhi -0.226333 -> -0.226952  n=2.000  phase=180.000
  center bond (24, 26): objective 2.090233 -> 2.090232  global RMSE 0.762137 -> 0.762154  (accepted, iterations=1)
     1.1: kPhi 1.819509 -> 1.820014  n=2.000  phase=180.000
     2.1: kPhi 2.478924 -> 2.478416  n=2.000  phase=180.000
     2.2: kPhi -1.131578 -> -1.131521  n=1.000  phase=0.000
  per-scan RMSE:
    (15, 18): 0.511301 -> 0.511379
    (18, 19): 0.934951 -> 0.935055
    (19, 24): 0.484732 -> 0.484434
    (24, 26): 0.976207 -> 0.976219

cycle 54: accepted=3 rejected=1  objective 2.090232 -> 2.090158  global RMSE 0.762154 -> 0.762188
  center bond (15, 18): objective 2.090232 -> 2.090232  global RMSE 0.762154 -> 0.762154  (rejected, iterations=1)
     1.1: kPhi 0.193695 -> 0.193695  n=2.000  phase=180.000
     2.1: kPhi 0.013803 -> 0.013803  n=1.000  phase=0.000
     3.1: kPhi -0.056993 -> -0.056993  n=1.000  phase=0.000
     4.1: kPhi 0.171096 -> 0.171096  n=2.000  phase=180.000
     5.1: kPhi -0.029188 -> -0.029188  n=1.000  phase=0.000
     6.1: kPhi 0.051364 -> 0.051364  n=1.000  phase=0.000
  center bond (18, 19): objective 2.090232 -> 2.090232  global RMSE 0.762154 -> 0.762202  (accepted, iterations=1)
     1.1: kPhi -0.142658 -> -0.142519  n=3.000  phase=0.000
     2.1: kPhi -0.172640 -> -0.172515  n=3.000  phase=0.000
     3.1: kPhi 0.515304 -> 0.515264  n=1.000  phase=0.000
     4.1: kPhi -0.172340 -> -0.172275  n=3.000  phase=0.000
     5.1: kPhi -0.199933 -> -0.199887  n=3.000  phase=0.000
     6.1: kPhi -0.126884 -> -0.126869  n=3.000  phase=0.000
     7.1: kPhi -0.154857 -> -0.154758  n=3.000  phase=0.000
     8.1: kPhi -0.182624 -> -0.182533  n=3.000  phase=0.000
     9.1: kPhi -0.120495 -> -0.120461  n=3.000  phase=0.000
  center bond (19, 24): objective 2.090232 -> 2.090159  global RMSE 0.762202 -> 0.762171  (accepted, iterations=1)
     1.1: kPhi 0.806994 -> 0.806214  n=2.000  phase=180.000
     1.2: kPhi 0.202725 -> 0.203081  n=3.000  phase=180.000
     1.3: kPhi 1.030732 -> 1.030203  n=1.000  phase=0.000
     2.1: kPhi 0.618150 -> 0.617424  n=2.000  phase=180.000
     3.1: kPhi 1.398209 -> 1.397468  n=1.000  phase=0.000
     3.2: kPhi 0.367895 -> 0.364311  n=2.000  phase=180.000
     4.1: kPhi -0.306416 -> -0.305260  n=2.000  phase=180.000
     5.1: kPhi 0.731319 -> 0.731038  n=1.000  phase=0.000
     5.2: kPhi 0.604960 -> 0.603653  n=2.000  phase=180.000
     6.1: kPhi -0.226952 -> -0.227521  n=2.000  phase=180.000
  center bond (24, 26): objective 2.090159 -> 2.090158  global RMSE 0.762171 -> 0.762188  (accepted, iterations=1)
     1.1: kPhi 1.820014 -> 1.820497  n=2.000  phase=180.000
     2.1: kPhi 2.478416 -> 2.477932  n=2.000  phase=180.000
     2.2: kPhi -1.131521 -> -1.131465  n=1.000  phase=0.000
  per-scan RMSE:
    (15, 18): 0.511379 -> 0.511435
    (18, 19): 0.935055 -> 0.935216
    (19, 24): 0.484434 -> 0.484246
    (24, 26): 0.976219 -> 0.976233

cycle 55: accepted=4 rejected=0  objective 2.090158 -> 2.090088  global RMSE 0.762188 -> 0.762167
  center bond (15, 18): objective 2.090158 -> 2.090158  global RMSE 0.762188 -> 0.762183  (accepted, iterations=1)
     1.1: kPhi 0.193695 -> 0.193649  n=2.000  phase=180.000
     2.1: kPhi 0.013803 -> 0.013920  n=1.000  phase=0.000
     3.1: kPhi -0.056993 -> -0.057041  n=1.000  phase=0.000
     4.1: kPhi 0.171096 -> 0.171048  n=2.000  phase=180.000
     5.1: kPhi -0.029188 -> -0.029324  n=1.000  phase=0.000
     6.1: kPhi 0.051364 -> 0.051402  n=1.000  phase=0.000
  center bond (18, 19): objective 2.090158 -> 2.090158  global RMSE 0.762183 -> 0.762182  (accepted, iterations=1)
     1.1: kPhi -0.142519 -> -0.142410  n=3.000  phase=0.000
     2.1: kPhi -0.172515 -> -0.172430  n=3.000  phase=0.000
     3.1: kPhi 0.515264 -> 0.515199  n=1.000  phase=0.000
     4.1: kPhi -0.172275 -> -0.172305  n=3.000  phase=0.000
     5.1: kPhi -0.199887 -> -0.199951  n=3.000  phase=0.000
     6.1: kPhi -0.126869 -> -0.126968  n=3.000  phase=0.000
     7.1: kPhi -0.154758 -> -0.154709  n=3.000  phase=0.000
     8.1: kPhi -0.182533 -> -0.182499  n=3.000  phase=0.000
     9.1: kPhi -0.120461 -> -0.120500  n=3.000  phase=0.000
  center bond (19, 24): objective 2.090158 -> 2.090089  global RMSE 0.762182 -> 0.762152  (accepted, iterations=1)
     1.1: kPhi 0.806214 -> 0.805452  n=2.000  phase=180.000
     1.2: kPhi 0.203081 -> 0.203424  n=3.000  phase=180.000
     1.3: kPhi 1.030203 -> 1.029691  n=1.000  phase=0.000
     2.1: kPhi 0.617424 -> 0.616714  n=2.000  phase=180.000
     3.1: kPhi 1.397468 -> 1.396753  n=1.000  phase=0.000
     3.2: kPhi 0.364311 -> 0.360838  n=2.000  phase=180.000
     4.1: kPhi -0.305260 -> -0.304150  n=2.000  phase=180.000
     5.1: kPhi 0.731038 -> 0.730781  n=1.000  phase=0.000
     5.2: kPhi 0.603653 -> 0.602331  n=2.000  phase=180.000
     6.1: kPhi -0.227521 -> -0.228054  n=2.000  phase=180.000
  center bond (24, 26): objective 2.090089 -> 2.090088  global RMSE 0.762152 -> 0.762167  (accepted, iterations=1)
     1.1: kPhi 1.820497 -> 1.820958  n=2.000  phase=180.000
     2.1: kPhi 2.477932 -> 2.477469  n=2.000  phase=180.000
     2.2: kPhi -1.131465 -> -1.131413  n=1.000  phase=0.000
  per-scan RMSE:
    (15, 18): 0.511435 -> 0.511470
    (18, 19): 0.935216 -> 0.935244
    (19, 24): 0.484246 -> 0.483990
    (24, 26): 0.976233 -> 0.976250

cycle 56: accepted=2 rejected=2  objective 2.090088 -> 2.090022  global RMSE 0.762167 -> 0.762148
  center bond (15, 18): objective 2.090088 -> 2.090088  global RMSE 0.762167 -> 0.762167  (rejected, iterations=1)
     1.1: kPhi 0.193649 -> 0.193649  n=2.000  phase=180.000
     2.1: kPhi 0.013920 -> 0.013920  n=1.000  phase=0.000
     3.1: kPhi -0.057041 -> -0.057041  n=1.000  phase=0.000
     4.1: kPhi 0.171048 -> 0.171048  n=2.000  phase=180.000
     5.1: kPhi -0.029324 -> -0.029324  n=1.000  phase=0.000
     6.1: kPhi 0.051402 -> 0.051402  n=1.000  phase=0.000
  center bond (18, 19): objective 2.090088 -> 2.090088  global RMSE 0.762167 -> 0.762167  (rejected, iterations=1)
     1.1: kPhi -0.142410 -> -0.142410  n=3.000  phase=0.000
     2.1: kPhi -0.172430 -> -0.172430  n=3.000  phase=0.000
     3.1: kPhi 0.515199 -> 0.515199  n=1.000  phase=0.000
     4.1: kPhi -0.172305 -> -0.172305  n=3.000  phase=0.000
     5.1: kPhi -0.199951 -> -0.199951  n=3.000  phase=0.000
     6.1: kPhi -0.126968 -> -0.126968  n=3.000  phase=0.000
     7.1: kPhi -0.154709 -> -0.154709  n=3.000  phase=0.000
     8.1: kPhi -0.182499 -> -0.182499  n=3.000  phase=0.000
     9.1: kPhi -0.120500 -> -0.120500  n=3.000  phase=0.000
  center bond (19, 24): objective 2.090088 -> 2.090023  global RMSE 0.762167 -> 0.762134  (accepted, iterations=1)
     1.1: kPhi 0.805452 -> 0.804710  n=2.000  phase=180.000
     1.2: kPhi 0.203424 -> 0.203747  n=3.000  phase=180.000
     1.3: kPhi 1.029691 -> 1.029203  n=1.000  phase=0.000
     2.1: kPhi 0.616714 -> 0.616023  n=2.000  phase=180.000
     3.1: kPhi 1.396753 -> 1.396064  n=1.000  phase=0.000
     3.2: kPhi 0.360838 -> 0.357472  n=2.000  phase=180.000
     4.1: kPhi -0.304150 -> -0.303083  n=2.000  phase=180.000
     5.1: kPhi 0.730781 -> 0.730538  n=1.000  phase=0.000
     5.2: kPhi 0.602331 -> 0.600990  n=2.000  phase=180.000
     6.1: kPhi -0.228054 -> -0.228557  n=2.000  phase=180.000
  center bond (24, 26): objective 2.090023 -> 2.090022  global RMSE 0.762134 -> 0.762148  (accepted, iterations=1)
     1.1: kPhi 1.820958 -> 1.821398  n=2.000  phase=180.000
     2.1: kPhi 2.477469 -> 2.477027  n=2.000  phase=180.000
     2.2: kPhi -1.131413 -> -1.131362  n=1.000  phase=0.000
  per-scan RMSE:
    (15, 18): 0.511470 -> 0.511580
    (18, 19): 0.935244 -> 0.935244
    (19, 24): 0.483990 -> 0.483721
    (24, 26): 0.976250 -> 0.976268

cycle 57: accepted=3 rejected=1  objective 2.090022 -> 2.089959  global RMSE 0.762148 -> 0.762149
  center bond (15, 18): objective 2.090022 -> 2.090022  global RMSE 0.762148 -> 0.762148  (rejected, iterations=1)
     1.1: kPhi 0.193649 -> 0.193649  n=2.000  phase=180.000
     2.1: kPhi 0.013920 -> 0.013920  n=1.000  phase=0.000
     3.1: kPhi -0.057041 -> -0.057041  n=1.000  phase=0.000
     4.1: kPhi 0.171048 -> 0.171048  n=2.000  phase=180.000
     5.1: kPhi -0.029324 -> -0.029324  n=1.000  phase=0.000
     6.1: kPhi 0.051402 -> 0.051402  n=1.000  phase=0.000
  center bond (18, 19): objective 2.090022 -> 2.090022  global RMSE 0.762148 -> 0.762180  (accepted, iterations=1)
     1.1: kPhi -0.142410 -> -0.142340  n=3.000  phase=0.000
     2.1: kPhi -0.172430 -> -0.172362  n=3.000  phase=0.000
     3.1: kPhi 0.515199 -> 0.515177  n=1.000  phase=0.000
     4.1: kPhi -0.172305 -> -0.172261  n=3.000  phase=0.000
     5.1: kPhi -0.199951 -> -0.199912  n=3.000  phase=0.000
     6.1: kPhi -0.126968 -> -0.126937  n=3.000  phase=0.000
     7.1: kPhi -0.154709 -> -0.154652  n=3.000  phase=0.000
     8.1: kPhi -0.182499 -> -0.182443  n=3.000  phase=0.000
     9.1: kPhi -0.120500 -> -0.120461  n=3.000  phase=0.000
  center bond (19, 24): objective 2.090022 -> 2.089960  global RMSE 0.762180 -> 0.762134  (accepted, iterations=1)
     1.1: kPhi 0.804710 -> 0.804004  n=2.000  phase=180.000
     1.2: kPhi 0.203747 -> 0.204044  n=3.000  phase=180.000
     1.3: kPhi 1.029203 -> 1.028749  n=1.000  phase=0.000
     2.1: kPhi 0.616023 -> 0.615366  n=2.000  phase=180.000
     3.1: kPhi 1.396064 -> 1.395399  n=1.000  phase=0.000
     3.2: kPhi 0.357472 -> 0.354185  n=2.000  phase=180.000
     4.1: kPhi -0.303083 -> -0.302080  n=2.000  phase=180.000
     5.1: kPhi 0.730538 -> 0.730297  n=1.000  phase=0.000
     5.2: kPhi 0.600990 -> 0.599644  n=2.000  phase=180.000
     6.1: kPhi -0.228557 -> -0.229025  n=2.000  phase=180.000
  center bond (24, 26): objective 2.089960 -> 2.089959  global RMSE 0.762134 -> 0.762149  (accepted, iterations=1)
     1.1: kPhi 1.821398 -> 1.821820  n=2.000  phase=180.000
     2.1: kPhi 2.477027 -> 2.476606  n=2.000  phase=180.000
     2.2: kPhi -1.131362 -> -1.131312  n=1.000  phase=0.000
  per-scan RMSE:
    (15, 18): 0.511580 -> 0.511652
    (18, 19): 0.935244 -> 0.935319
    (19, 24): 0.483721 -> 0.483478
    (24, 26): 0.976268 -> 0.976280

cycle 58: accepted=2 rejected=2  objective 2.089959 -> 2.089900  global RMSE 0.762149 -> 0.762137
  center bond (15, 18): objective 2.089959 -> 2.089959  global RMSE 0.762149 -> 0.762149  (rejected, iterations=1)
     1.1: kPhi 0.193649 -> 0.193649  n=2.000  phase=180.000
     2.1: kPhi 0.013920 -> 0.013920  n=1.000  phase=0.000
     3.1: kPhi -0.057041 -> -0.057041  n=1.000  phase=0.000
     4.1: kPhi 0.171048 -> 0.171048  n=2.000  phase=180.000
     5.1: kPhi -0.029324 -> -0.029324  n=1.000  phase=0.000
     6.1: kPhi 0.051402 -> 0.051402  n=1.000  phase=0.000
  center bond (18, 19): objective 2.089959 -> 2.089959  global RMSE 0.762149 -> 0.762149  (rejected, iterations=1)
     1.1: kPhi -0.142340 -> -0.142340  n=3.000  phase=0.000
     2.1: kPhi -0.172362 -> -0.172362  n=3.000  phase=0.000
     3.1: kPhi 0.515177 -> 0.515177  n=1.000  phase=0.000
     4.1: kPhi -0.172261 -> -0.172261  n=3.000  phase=0.000
     5.1: kPhi -0.199912 -> -0.199912  n=3.000  phase=0.000
     6.1: kPhi -0.126937 -> -0.126937  n=3.000  phase=0.000
     7.1: kPhi -0.154652 -> -0.154652  n=3.000  phase=0.000
     8.1: kPhi -0.182443 -> -0.182443  n=3.000  phase=0.000
     9.1: kPhi -0.120461 -> -0.120461  n=3.000  phase=0.000
  center bond (19, 24): objective 2.089959 -> 2.089900  global RMSE 0.762149 -> 0.762123  (accepted, iterations=1)
     1.1: kPhi 0.804004 -> 0.803280  n=2.000  phase=180.000
     1.2: kPhi 0.204044 -> 0.204349  n=3.000  phase=180.000
     1.3: kPhi 1.028749 -> 1.028293  n=1.000  phase=0.000
     2.1: kPhi 0.615366 -> 0.614690  n=2.000  phase=180.000
     3.1: kPhi 1.395399 -> 1.394758  n=1.000  phase=0.000
     3.2: kPhi 0.354185 -> 0.351023  n=2.000  phase=180.000
     4.1: kPhi -0.302080 -> -0.301089  n=2.000  phase=180.000
     5.1: kPhi 0.730297 -> 0.730095  n=1.000  phase=0.000
     5.2: kPhi 0.599644 -> 0.598286  n=2.000  phase=180.000
     6.1: kPhi -0.229025 -> -0.229461  n=2.000  phase=180.000
  center bond (24, 26): objective 2.089900 -> 2.089900  global RMSE 0.762123 -> 0.762137  (accepted, iterations=1)
     1.1: kPhi 1.821820 -> 1.822223  n=2.000  phase=180.000
     2.1: kPhi 2.476606 -> 2.476203  n=2.000  phase=180.000
     2.2: kPhi -1.131312 -> -1.131265  n=1.000  phase=0.000
  per-scan RMSE:
    (15, 18): 0.511652 -> 0.511750
    (18, 19): 0.935319 -> 0.935326
    (19, 24): 0.483478 -> 0.483252
    (24, 26): 0.976280 -> 0.976298

cycle 59: accepted=3 rejected=1  objective 2.089900 -> 2.089843  global RMSE 0.762137 -> 0.762131
  center bond (15, 18): objective 2.089900 -> 2.089900  global RMSE 0.762137 -> 0.762137  (rejected, iterations=1)
     1.1: kPhi 0.193649 -> 0.193649  n=2.000  phase=180.000
     2.1: kPhi 0.013920 -> 0.013920  n=1.000  phase=0.000
     3.1: kPhi -0.057041 -> -0.057041  n=1.000  phase=0.000
     4.1: kPhi 0.171048 -> 0.171048  n=2.000  phase=180.000
     5.1: kPhi -0.029324 -> -0.029324  n=1.000  phase=0.000
     6.1: kPhi 0.051402 -> 0.051402  n=1.000  phase=0.000
  center bond (18, 19): objective 2.089900 -> 2.089900  global RMSE 0.762137 -> 0.762170  (accepted, iterations=1)
     1.1: kPhi -0.142340 -> -0.142268  n=3.000  phase=0.000
     2.1: kPhi -0.172362 -> -0.172292  n=3.000  phase=0.000
     3.1: kPhi 0.515177 -> 0.515154  n=1.000  phase=0.000
     4.1: kPhi -0.172261 -> -0.172216  n=3.000  phase=0.000
     5.1: kPhi -0.199912 -> -0.199872  n=3.000  phase=0.000
     6.1: kPhi -0.126937 -> -0.126907  n=3.000  phase=0.000
     7.1: kPhi -0.154652 -> -0.154594  n=3.000  phase=0.000
     8.1: kPhi -0.182443 -> -0.182385  n=3.000  phase=0.000
     9.1: kPhi -0.120461 -> -0.120423  n=3.000  phase=0.000
  center bond (19, 24): objective 2.089900 -> 2.089844  global RMSE 0.762170 -> 0.762118  (accepted, iterations=1)
     1.1: kPhi 0.803280 -> 0.802614  n=2.000  phase=180.000
     1.2: kPhi 0.204349 -> 0.204613  n=3.000  phase=180.000
     1.3: kPhi 1.028293 -> 1.027882  n=1.000  phase=0.000
     2.1: kPhi 0.614690 -> 0.614071  n=2.000  phase=180.000
     3.1: kPhi 1.394758 -> 1.394140  n=1.000  phase=0.000
     3.2: kPhi 0.351023 -> 0.347916  n=2.000  phase=180.000
     4.1: kPhi -0.301089 -> -0.300177  n=2.000  phase=180.000
     5.1: kPhi 0.730095 -> 0.729878  n=1.000  phase=0.000
     5.2: kPhi 0.598286 -> 0.596926  n=2.000  phase=180.000
     6.1: kPhi -0.229461 -> -0.229867  n=2.000  phase=180.000
  center bond (24, 26): objective 2.089844 -> 2.089843  global RMSE 0.762118 -> 0.762131  (accepted, iterations=1)
     1.1: kPhi 1.822223 -> 1.822610  n=2.000  phase=180.000
     2.1: kPhi 2.476203 -> 2.475819  n=2.000  phase=180.000
     2.2: kPhi -1.131265 -> -1.131218  n=1.000  phase=0.000
  per-scan RMSE:
    (15, 18): 0.511750 -> 0.511818
    (18, 19): 0.935326 -> 0.935387
    (19, 24): 0.483252 -> 0.483004
    (24, 26): 0.976298 -> 0.976307

cycle 60: accepted=3 rejected=1  objective 2.089843 -> 2.089790  global RMSE 0.762131 -> 0.762120
  center bond (15, 18): objective 2.089843 -> 2.089843  global RMSE 0.762131 -> 0.762128  (accepted, iterations=1)
     1.1: kPhi 0.193649 -> 0.193615  n=2.000  phase=180.000
     2.1: kPhi 0.013920 -> 0.013999  n=1.000  phase=0.000
     3.1: kPhi -0.057041 -> -0.057069  n=1.000  phase=0.000
     4.1: kPhi 0.171048 -> 0.171015  n=2.000  phase=180.000
     5.1: kPhi -0.029324 -> -0.029422  n=1.000  phase=0.000
     6.1: kPhi 0.051402 -> 0.051420  n=1.000  phase=0.000
  center bond (18, 19): objective 2.089843 -> 2.089843  global RMSE 0.762128 -> 0.762128  (rejected, iterations=1)
     1.1: kPhi -0.142268 -> -0.142268  n=3.000  phase=0.000
     2.1: kPhi -0.172292 -> -0.172292  n=3.000  phase=0.000
     3.1: kPhi 0.515154 -> 0.515154  n=1.000  phase=0.000
     4.1: kPhi -0.172216 -> -0.172216  n=3.000  phase=0.000
     5.1: kPhi -0.199872 -> -0.199872  n=3.000  phase=0.000
     6.1: kPhi -0.126907 -> -0.126907  n=3.000  phase=0.000
     7.1: kPhi -0.154594 -> -0.154594  n=3.000  phase=0.000
     8.1: kPhi -0.182385 -> -0.182385  n=3.000  phase=0.000
     9.1: kPhi -0.120423 -> -0.120423  n=3.000  phase=0.000
  center bond (19, 24): objective 2.089843 -> 2.089790  global RMSE 0.762128 -> 0.762107  (accepted, iterations=1)
     1.1: kPhi 0.802614 -> 0.801916  n=2.000  phase=180.000
     1.2: kPhi 0.204613 -> 0.204901  n=3.000  phase=180.000
     1.3: kPhi 1.027882 -> 1.027454  n=1.000  phase=0.000
     2.1: kPhi 0.614071 -> 0.613417  n=2.000  phase=180.000
     3.1: kPhi 1.394140 -> 1.393543  n=1.000  phase=0.000
     3.2: kPhi 0.347916 -> 0.344938  n=2.000  phase=180.000
     4.1: kPhi -0.300177 -> -0.299262  n=2.000  phase=180.000
     5.1: kPhi 0.729878 -> 0.729711  n=1.000  phase=0.000
     5.2: kPhi 0.596926 -> 0.595560  n=2.000  phase=180.000
     6.1: kPhi -0.229867 -> -0.230242  n=2.000  phase=180.000
  center bond (24, 26): objective 2.089790 -> 2.089790  global RMSE 0.762107 -> 0.762120  (accepted, iterations=1)
     1.1: kPhi 1.822610 -> 1.822979  n=2.000  phase=180.000
     2.1: kPhi 2.475819 -> 2.475452  n=2.000  phase=180.000
     2.2: kPhi -1.131218 -> -1.131173  n=1.000  phase=0.000
  per-scan RMSE:
    (15, 18): 0.511818 -> 0.511860
    (18, 19): 0.935387 -> 0.935412
    (19, 24): 0.483004 -> 0.482802
    (24, 26): 0.976307 -> 0.976325

cycle 61: accepted=3 rejected=1  objective 2.089790 -> 2.089739  global RMSE 0.762120 -> 0.762112
  center bond (15, 18): objective 2.089790 -> 2.089790  global RMSE 0.762120 -> 0.762120  (rejected, iterations=1)
     1.1: kPhi 0.193615 -> 0.193615  n=2.000  phase=180.000
     2.1: kPhi 0.013999 -> 0.013999  n=1.000  phase=0.000
     3.1: kPhi -0.057069 -> -0.057069  n=1.000  phase=0.000
     4.1: kPhi 0.171015 -> 0.171015  n=2.000  phase=180.000
     5.1: kPhi -0.029422 -> -0.029422  n=1.000  phase=0.000
     6.1: kPhi 0.051420 -> 0.051420  n=1.000  phase=0.000
  center bond (18, 19): objective 2.089790 -> 2.089790  global RMSE 0.762120 -> 0.762156  (accepted, iterations=1)
     1.1: kPhi -0.142268 -> -0.142187  n=3.000  phase=0.000
     2.1: kPhi -0.172292 -> -0.172213  n=3.000  phase=0.000
     3.1: kPhi 0.515154 -> 0.515127  n=1.000  phase=0.000
     4.1: kPhi -0.172216 -> -0.172166  n=3.000  phase=0.000
     5.1: kPhi -0.199872 -> -0.199827  n=3.000  phase=0.000
     6.1: kPhi -0.126907 -> -0.126873  n=3.000  phase=0.000
     7.1: kPhi -0.154594 -> -0.154529  n=3.000  phase=0.000
     8.1: kPhi -0.182385 -> -0.182320  n=3.000  phase=0.000
     9.1: kPhi -0.120423 -> -0.120377  n=3.000  phase=0.000
  center bond (19, 24): objective 2.089790 -> 2.089740  global RMSE 0.762156 -> 0.762100  (accepted, iterations=1)
     1.1: kPhi 0.801916 -> 0.801288  n=2.000  phase=180.000
     1.2: kPhi 0.204901 -> 0.205140  n=3.000  phase=180.000
     1.3: kPhi 1.027454 -> 1.027081  n=1.000  phase=0.000
     2.1: kPhi 0.613417 -> 0.612833  n=2.000  phase=180.000
     3.1: kPhi 1.393543 -> 1.392969  n=1.000  phase=0.000
     3.2: kPhi 0.344938 -> 0.341994  n=2.000  phase=180.000
     4.1: kPhi -0.299262 -> -0.298434  n=2.000  phase=180.000
     5.1: kPhi 0.729711 -> 0.729519  n=1.000  phase=0.000
     5.2: kPhi 0.595560 -> 0.594196  n=2.000  phase=180.000
     6.1: kPhi -0.230242 -> -0.230590  n=2.000  phase=180.000
  center bond (24, 26): objective 2.089740 -> 2.089739  global RMSE 0.762100 -> 0.762112  (accepted, iterations=1)
     1.1: kPhi 1.822979 -> 1.823334  n=2.000  phase=180.000
     2.1: kPhi 2.475452 -> 2.475104  n=2.000  phase=180.000
     2.2: kPhi -1.131173 -> -1.131128  n=1.000  phase=0.000
  per-scan RMSE:
    (15, 18): 0.511860 -> 0.511920
    (18, 19): 0.935412 -> 0.935475
    (19, 24): 0.482802 -> 0.482558
    (24, 26): 0.976325 -> 0.976332

cycle 62: accepted=2 rejected=2  objective 2.089739 -> 2.089691  global RMSE 0.762112 -> 0.762105
  center bond (15, 18): objective 2.089739 -> 2.089739  global RMSE 0.762112 -> 0.762112  (rejected, iterations=1)
     1.1: kPhi 0.193615 -> 0.193615  n=2.000  phase=180.000
     2.1: kPhi 0.013999 -> 0.013999  n=1.000  phase=0.000
     3.1: kPhi -0.057069 -> -0.057069  n=1.000  phase=0.000
     4.1: kPhi 0.171015 -> 0.171015  n=2.000  phase=180.000
     5.1: kPhi -0.029422 -> -0.029422  n=1.000  phase=0.000
     6.1: kPhi 0.051420 -> 0.051420  n=1.000  phase=0.000
  center bond (18, 19): objective 2.089739 -> 2.089739  global RMSE 0.762112 -> 0.762112  (rejected, iterations=1)
     1.1: kPhi -0.142187 -> -0.142187  n=3.000  phase=0.000
     2.1: kPhi -0.172213 -> -0.172213  n=3.000  phase=0.000
     3.1: kPhi 0.515127 -> 0.515127  n=1.000  phase=0.000
     4.1: kPhi -0.172166 -> -0.172166  n=3.000  phase=0.000
     5.1: kPhi -0.199827 -> -0.199827  n=3.000  phase=0.000
     6.1: kPhi -0.126873 -> -0.126873  n=3.000  phase=0.000
     7.1: kPhi -0.154529 -> -0.154529  n=3.000  phase=0.000
     8.1: kPhi -0.182320 -> -0.182320  n=3.000  phase=0.000
     9.1: kPhi -0.120377 -> -0.120377  n=3.000  phase=0.000
  center bond (19, 24): objective 2.089739 -> 2.089691  global RMSE 0.762112 -> 0.762093  (accepted, iterations=1)
     1.1: kPhi 0.801288 -> 0.800615  n=2.000  phase=180.000
     1.2: kPhi 0.205140 -> 0.205408  n=3.000  phase=180.000
     1.3: kPhi 1.027081 -> 1.026686  n=1.000  phase=0.000
     2.1: kPhi 0.612833 -> 0.612202  n=2.000  phase=180.000
     3.1: kPhi 1.392969 -> 1.392414  n=1.000  phase=0.000
     3.2: kPhi 0.341994 -> 0.339184  n=2.000  phase=180.000
     4.1: kPhi -0.298434 -> -0.297590  n=2.000  phase=180.000
     5.1: kPhi 0.729519 -> 0.729379  n=1.000  phase=0.000
     5.2: kPhi 0.594196 -> 0.592828  n=2.000  phase=180.000
     6.1: kPhi -0.230590 -> -0.230912  n=2.000  phase=180.000
  center bond (24, 26): objective 2.089691 -> 2.089691  global RMSE 0.762093 -> 0.762105  (accepted, iterations=1)
     1.1: kPhi 1.823334 -> 1.823672  n=2.000  phase=180.000
     2.1: kPhi 2.475104 -> 2.474770  n=2.000  phase=180.000
     2.2: kPhi -1.131128 -> -1.131086  n=1.000  phase=0.000
  per-scan RMSE:
    (15, 18): 0.511920 -> 0.512002
    (18, 19): 0.935475 -> 0.935483
    (19, 24): 0.482558 -> 0.482374
    (24, 26): 0.976332 -> 0.976347

cycle 63: accepted=2 rejected=2  objective 2.089691 -> 2.089645  global RMSE 0.762105 -> 0.762073
  center bond (15, 18): objective 2.089691 -> 2.089691  global RMSE 0.762105 -> 0.762105  (rejected, iterations=1)
     1.1: kPhi 0.193615 -> 0.193615  n=2.000  phase=180.000
     2.1: kPhi 0.013999 -> 0.013999  n=1.000  phase=0.000
     3.1: kPhi -0.057069 -> -0.057069  n=1.000  phase=0.000
     4.1: kPhi 0.171015 -> 0.171015  n=2.000  phase=180.000
     5.1: kPhi -0.029422 -> -0.029422  n=1.000  phase=0.000
     6.1: kPhi 0.051420 -> 0.051420  n=1.000  phase=0.000
  center bond (18, 19): objective 2.089691 -> 2.089691  global RMSE 0.762105 -> 0.762105  (rejected, iterations=1)
     1.1: kPhi -0.142187 -> -0.142187  n=3.000  phase=0.000
     2.1: kPhi -0.172213 -> -0.172213  n=3.000  phase=0.000
     3.1: kPhi 0.515127 -> 0.515127  n=1.000  phase=0.000
     4.1: kPhi -0.172166 -> -0.172166  n=3.000  phase=0.000
     5.1: kPhi -0.199827 -> -0.199827  n=3.000  phase=0.000
     6.1: kPhi -0.126873 -> -0.126873  n=3.000  phase=0.000
     7.1: kPhi -0.154529 -> -0.154529  n=3.000  phase=0.000
     8.1: kPhi -0.182320 -> -0.182320  n=3.000  phase=0.000
     9.1: kPhi -0.120377 -> -0.120377  n=3.000  phase=0.000
  center bond (19, 24): objective 2.089691 -> 2.089645  global RMSE 0.762105 -> 0.762061  (accepted, iterations=1)
     1.1: kPhi 0.800615 -> 0.799993  n=2.000  phase=180.000
     1.2: kPhi 0.205408 -> 0.205637  n=3.000  phase=180.000
     1.3: kPhi 1.026686 -> 1.026330  n=1.000  phase=0.000
     2.1: kPhi 0.612202 -> 0.611622  n=2.000  phase=180.000
     3.1: kPhi 1.392414 -> 1.391882  n=1.000  phase=0.000
     3.2: kPhi 0.339184 -> 0.336426  n=2.000  phase=180.000
     4.1: kPhi -0.297590 -> -0.296807  n=2.000  phase=180.000
     5.1: kPhi 0.729379 -> 0.729224  n=1.000  phase=0.000
     5.2: kPhi 0.592828 -> 0.591457  n=2.000  phase=180.000
     6.1: kPhi -0.230912 -> -0.231215  n=2.000  phase=180.000
  center bond (24, 26): objective 2.089645 -> 2.089645  global RMSE 0.762061 -> 0.762073  (accepted, iterations=1)
     1.1: kPhi 1.823672 -> 1.823996  n=2.000  phase=180.000
     2.1: kPhi 2.474770 -> 2.474451  n=2.000  phase=180.000
     2.2: kPhi -1.131086 -> -1.131045  n=1.000  phase=0.000
  per-scan RMSE:
    (15, 18): 0.512002 -> 0.512093
    (18, 19): 0.935483 -> 0.935448
    (19, 24): 0.482374 -> 0.482122
    (24, 26): 0.976347 -> 0.976359

cycle 64: accepted=3 rejected=1  objective 2.089645 -> 2.089601  global RMSE 0.762073 -> 0.762083
  center bond (15, 18): objective 2.089645 -> 2.089645  global RMSE 0.762073 -> 0.762073  (rejected, iterations=1)
     1.1: kPhi 0.193615 -> 0.193615  n=2.000  phase=180.000
     2.1: kPhi 0.013999 -> 0.013999  n=1.000  phase=0.000
     3.1: kPhi -0.057069 -> -0.057069  n=1.000  phase=0.000
     4.1: kPhi 0.171015 -> 0.171015  n=2.000  phase=180.000
     5.1: kPhi -0.029422 -> -0.029422  n=1.000  phase=0.000
     6.1: kPhi 0.051420 -> 0.051420  n=1.000  phase=0.000
  center bond (18, 19): objective 2.089645 -> 2.089645  global RMSE 0.762073 -> 0.762118  (accepted, iterations=1)
     1.1: kPhi -0.142187 -> -0.142092  n=3.000  phase=0.000
     2.1: kPhi -0.172213 -> -0.172118  n=3.000  phase=0.000
     3.1: kPhi 0.515127 -> 0.515105  n=1.000  phase=0.000
     4.1: kPhi -0.172166 -> -0.172103  n=3.000  phase=0.000
     5.1: kPhi -0.199827 -> -0.199767  n=3.000  phase=0.000
     6.1: kPhi -0.126873 -> -0.126829  n=3.000  phase=0.000
     7.1: kPhi -0.154529 -> -0.154454  n=3.000  phase=0.000
     8.1: kPhi -0.182320 -> -0.182242  n=3.000  phase=0.000
     9.1: kPhi -0.120377 -> -0.120326  n=3.000  phase=0.000
  center bond (19, 24): objective 2.089645 -> 2.089602  global RMSE 0.762118 -> 0.762071  (accepted, iterations=1)
     1.1: kPhi 0.799993 -> 0.799390  n=2.000  phase=180.000
     1.2: kPhi 0.205637 -> 0.205856  n=3.000  phase=180.000
     1.3: kPhi 1.026330 -> 1.025994  n=1.000  phase=0.000
     2.1: kPhi 0.611622 -> 0.611060  n=2.000  phase=180.000
     3.1: kPhi 1.391882 -> 1.391368  n=1.000  phase=0.000
     3.2: kPhi 0.336426 -> 0.333731  n=2.000  phase=180.000
     4.1: kPhi -0.296807 -> -0.296068  n=2.000  phase=180.000
     5.1: kPhi 0.729224 -> 0.729077  n=1.000  phase=0.000
     5.2: kPhi 0.591457 -> 0.590096  n=2.000  phase=180.000
     6.1: kPhi -0.231215 -> -0.231488  n=2.000  phase=180.000
  center bond (24, 26): objective 2.089602 -> 2.089601  global RMSE 0.762071 -> 0.762083  (accepted, iterations=1)
     1.1: kPhi 1.823996 -> 1.824308  n=2.000  phase=180.000
     2.1: kPhi 2.474451 -> 2.474149  n=2.000  phase=180.000
     2.2: kPhi -1.131045 -> -1.131003  n=1.000  phase=0.000
  per-scan RMSE:
    (15, 18): 0.512093 -> 0.512130
    (18, 19): 0.935448 -> 0.935547
    (19, 24): 0.482122 -> 0.481941
    (24, 26): 0.976359 -> 0.976365

cycle 65: accepted=3 rejected=1  objective 2.089601 -> 2.089560  global RMSE 0.762083 -> 0.762066
  center bond (15, 18): objective 2.089601 -> 2.089601  global RMSE 0.762083 -> 0.762079  (accepted, iterations=1)
     1.1: kPhi 0.193615 -> 0.193571  n=2.000  phase=180.000
     2.1: kPhi 0.013999 -> 0.014094  n=1.000  phase=0.000
     3.1: kPhi -0.057069 -> -0.057106  n=1.000  phase=0.000
     4.1: kPhi 0.171015 -> 0.170972  n=2.000  phase=180.000
     5.1: kPhi -0.029422 -> -0.029532  n=1.000  phase=0.000
     6.1: kPhi 0.051420 -> 0.051447  n=1.000  phase=0.000
  center bond (18, 19): objective 2.089601 -> 2.089601  global RMSE 0.762079 -> 0.762079  (rejected, iterations=1)
     1.1: kPhi -0.142092 -> -0.142092  n=3.000  phase=0.000
     2.1: kPhi -0.172118 -> -0.172118  n=3.000  phase=0.000
     3.1: kPhi 0.515105 -> 0.515105  n=1.000  phase=0.000
     4.1: kPhi -0.172103 -> -0.172103  n=3.000  phase=0.000
     5.1: kPhi -0.199767 -> -0.199767  n=3.000  phase=0.000
     6.1: kPhi -0.126829 -> -0.126829  n=3.000  phase=0.000
     7.1: kPhi -0.154454 -> -0.154454  n=3.000  phase=0.000
     8.1: kPhi -0.182242 -> -0.182242  n=3.000  phase=0.000
     9.1: kPhi -0.120326 -> -0.120326  n=3.000  phase=0.000
  center bond (19, 24): objective 2.089601 -> 2.089560  global RMSE 0.762079 -> 0.762055  (accepted, iterations=1)
     1.1: kPhi 0.799390 -> 0.798767  n=2.000  phase=180.000
     1.2: kPhi 0.205856 -> 0.206093  n=3.000  phase=180.000
     1.3: kPhi 1.025994 -> 1.025645  n=1.000  phase=0.000
     2.1: kPhi 0.611060 -> 0.610474  n=2.000  phase=180.000
     3.1: kPhi 1.391368 -> 1.390873  n=1.000  phase=0.000
     3.2: kPhi 0.333731 -> 0.331140  n=2.000  phase=180.000
     4.1: kPhi -0.296068 -> -0.295330  n=2.000  phase=180.000
     5.1: kPhi 0.729077 -> 0.728968  n=1.000  phase=0.000
     5.2: kPhi 0.590096 -> 0.588735  n=2.000  phase=180.000
     6.1: kPhi -0.231488 -> -0.231739  n=2.000  phase=180.000
  center bond (24, 26): objective 2.089560 -> 2.089560  global RMSE 0.762055 -> 0.762066  (accepted, iterations=1)
     1.1: kPhi 1.824308 -> 1.824606  n=2.000  phase=180.000
     2.1: kPhi 2.474149 -> 2.473859  n=2.000  phase=180.000
     2.2: kPhi -1.131003 -> -1.130964  n=1.000  phase=0.000
  per-scan RMSE:
    (15, 18): 0.512130 -> 0.512149
    (18, 19): 0.935547 -> 0.935562
    (19, 24): 0.481941 -> 0.481755
    (24, 26): 0.976365 -> 0.976379

cycle 66: accepted=2 rejected=2  objective 2.089560 -> 2.089520  global RMSE 0.762066 -> 0.762036
  center bond (15, 18): objective 2.089560 -> 2.089560  global RMSE 0.762066 -> 0.762066  (rejected, iterations=1)
     1.1: kPhi 0.193571 -> 0.193571  n=2.000  phase=180.000
     2.1: kPhi 0.014094 -> 0.014094  n=1.000  phase=0.000
     3.1: kPhi -0.057106 -> -0.057106  n=1.000  phase=0.000
     4.1: kPhi 0.170972 -> 0.170972  n=2.000  phase=180.000
     5.1: kPhi -0.029532 -> -0.029532  n=1.000  phase=0.000
     6.1: kPhi 0.051447 -> 0.051447  n=1.000  phase=0.000
  center bond (18, 19): objective 2.089560 -> 2.089560  global RMSE 0.762066 -> 0.762066  (rejected, iterations=1)
     1.1: kPhi -0.142092 -> -0.142092  n=3.000  phase=0.000
     2.1: kPhi -0.172118 -> -0.172118  n=3.000  phase=0.000
     3.1: kPhi 0.515105 -> 0.515105  n=1.000  phase=0.000
     4.1: kPhi -0.172103 -> -0.172103  n=3.000  phase=0.000
     5.1: kPhi -0.199767 -> -0.199767  n=3.000  phase=0.000
     6.1: kPhi -0.126829 -> -0.126829  n=3.000  phase=0.000
     7.1: kPhi -0.154454 -> -0.154454  n=3.000  phase=0.000
     8.1: kPhi -0.182242 -> -0.182242  n=3.000  phase=0.000
     9.1: kPhi -0.120326 -> -0.120326  n=3.000  phase=0.000
  center bond (19, 24): objective 2.089560 -> 2.089520  global RMSE 0.762066 -> 0.762026  (accepted, iterations=1)
     1.1: kPhi 0.798767 -> 0.798181  n=2.000  phase=180.000
     1.2: kPhi 0.206093 -> 0.206301  n=3.000  phase=180.000
     1.3: kPhi 1.025645 -> 1.025327  n=1.000  phase=0.000
     2.1: kPhi 0.610474 -> 0.609927  n=2.000  phase=180.000
     3.1: kPhi 1.390873 -> 1.390397  n=1.000  phase=0.000
     3.2: kPhi 0.331140 -> 0.328603  n=2.000  phase=180.000
     4.1: kPhi -0.295330 -> -0.294638  n=2.000  phase=180.000
     5.1: kPhi 0.728968 -> 0.728849  n=1.000  phase=0.000
     5.2: kPhi 0.588735 -> 0.587375  n=2.000  phase=180.000
     6.1: kPhi -0.231739 -> -0.231975  n=2.000  phase=180.000
  center bond (24, 26): objective 2.089520 -> 2.089520  global RMSE 0.762026 -> 0.762036  (accepted, iterations=1)
     1.1: kPhi 1.824606 -> 1.824890  n=2.000  phase=180.000
     2.1: kPhi 2.473859 -> 2.473581  n=2.000  phase=180.000
     2.2: kPhi -1.130964 -> -1.130926  n=1.000  phase=0.000
  per-scan RMSE:
    (15, 18): 0.512149 -> 0.512232
    (18, 19): 0.935562 -> 0.935527
    (19, 24): 0.481755 -> 0.481526
    (24, 26): 0.976379 -> 0.976389

cycle 67: accepted=3 rejected=1  objective 2.089520 -> 2.089482  global RMSE 0.762036 -> 0.762045
  center bond (15, 18): objective 2.089520 -> 2.089520  global RMSE 0.762036 -> 0.762036  (rejected, iterations=1)
     1.1: kPhi 0.193571 -> 0.193571  n=2.000  phase=180.000
     2.1: kPhi 0.014094 -> 0.014094  n=1.000  phase=0.000
     3.1: kPhi -0.057106 -> -0.057106  n=1.000  phase=0.000
     4.1: kPhi 0.170972 -> 0.170972  n=2.000  phase=180.000
     5.1: kPhi -0.029532 -> -0.029532  n=1.000  phase=0.000
     6.1: kPhi 0.051447 -> 0.051447  n=1.000  phase=0.000
  center bond (18, 19): objective 2.089520 -> 2.089520  global RMSE 0.762036 -> 0.762082  (accepted, iterations=1)
     1.1: kPhi -0.142092 -> -0.141995  n=3.000  phase=0.000
     2.1: kPhi -0.172118 -> -0.172019  n=3.000  phase=0.000
     3.1: kPhi 0.515105 -> 0.515082  n=1.000  phase=0.000
     4.1: kPhi -0.172103 -> -0.172040  n=3.000  phase=0.000
     5.1: kPhi -0.199767 -> -0.199708  n=3.000  phase=0.000
     6.1: kPhi -0.126829 -> -0.126786  n=3.000  phase=0.000
     7.1: kPhi -0.154454 -> -0.154377  n=3.000  phase=0.000
     8.1: kPhi -0.182242 -> -0.182161  n=3.000  phase=0.000
     9.1: kPhi -0.120326 -> -0.120273  n=3.000  phase=0.000
  center bond (19, 24): objective 2.089520 -> 2.089483  global RMSE 0.762082 -> 0.762034  (accepted, iterations=1)
     1.1: kPhi 0.798181 -> 0.797622  n=2.000  phase=180.000
     1.2: kPhi 0.206301 -> 0.206494  n=3.000  phase=180.000
     1.3: kPhi 1.025327 -> 1.025032  n=1.000  phase=0.000
     2.1: kPhi 0.609927 -> 0.609404  n=2.000  phase=180.000
     3.1: kPhi 1.390397 -> 1.389938  n=1.000  phase=0.000
     3.2: kPhi 0.328603 -> 0.326115  n=2.000  phase=180.000
     4.1: kPhi -0.294638 -> -0.293992  n=2.000  phase=180.000
     5.1: kPhi 0.728849 -> 0.728732  n=1.000  phase=0.000
     5.2: kPhi 0.587375 -> 0.586028  n=2.000  phase=180.000
     6.1: kPhi -0.231975 -> -0.232185  n=2.000  phase=180.000
  center bond (24, 26): objective 2.089483 -> 2.089482  global RMSE 0.762034 -> 0.762045  (accepted, iterations=1)
     1.1: kPhi 1.824890 -> 1.825165  n=2.000  phase=180.000
     2.1: kPhi 2.473581 -> 2.473319  n=2.000  phase=180.000
     2.2: kPhi -1.130926 -> -1.130888  n=1.000  phase=0.000
  per-scan RMSE:
    (15, 18): 0.512232 -> 0.512262
    (18, 19): 0.935527 -> 0.935623
    (19, 24): 0.481526 -> 0.481354
    (24, 26): 0.976389 -> 0.976393

cycle 68: accepted=3 rejected=1  objective 2.089482 -> 2.089446  global RMSE 0.762045 -> 0.762046
  center bond (15, 18): objective 2.089482 -> 2.089482  global RMSE 0.762045 -> 0.762045  (rejected, iterations=1)
     1.1: kPhi 0.193571 -> 0.193571  n=2.000  phase=180.000
     2.1: kPhi 0.014094 -> 0.014094  n=1.000  phase=0.000
     3.1: kPhi -0.057106 -> -0.057106  n=1.000  phase=0.000
     4.1: kPhi 0.170972 -> 0.170972  n=2.000  phase=180.000
     5.1: kPhi -0.029532 -> -0.029532  n=1.000  phase=0.000
     6.1: kPhi 0.051447 -> 0.051447  n=1.000  phase=0.000
  center bond (18, 19): objective 2.089482 -> 2.089482  global RMSE 0.762045 -> 0.762070  (accepted, iterations=1)
     1.1: kPhi -0.141995 -> -0.141912  n=3.000  phase=0.000
     2.1: kPhi -0.172019 -> -0.171931  n=3.000  phase=0.000
     3.1: kPhi 0.515082 -> 0.515076  n=1.000  phase=0.000
     4.1: kPhi -0.172040 -> -0.172017  n=3.000  phase=0.000
     5.1: kPhi -0.199708 -> -0.199688  n=3.000  phase=0.000
     6.1: kPhi -0.126786 -> -0.126797  n=3.000  phase=0.000
     7.1: kPhi -0.154377 -> -0.154331  n=3.000  phase=0.000
     8.1: kPhi -0.182161 -> -0.182105  n=3.000  phase=0.000
     9.1: kPhi -0.120273 -> -0.120270  n=3.000  phase=0.000
  center bond (19, 24): objective 2.089482 -> 2.089446  global RMSE 0.762070 -> 0.762036  (accepted, iterations=1)
     1.1: kPhi 0.797622 -> 0.797052  n=2.000  phase=180.000
     1.2: kPhi 0.206494 -> 0.206697  n=3.000  phase=180.000
     1.3: kPhi 1.025032 -> 1.024735  n=1.000  phase=0.000
     2.1: kPhi 0.609404 -> 0.608869  n=2.000  phase=180.000
     3.1: kPhi 1.389938 -> 1.389495  n=1.000  phase=0.000
     3.2: kPhi 0.326115 -> 0.323708  n=2.000  phase=180.000
     4.1: kPhi -0.293992 -> -0.293356  n=2.000  phase=180.000
     5.1: kPhi 0.728732 -> 0.728639  n=1.000  phase=0.000
     5.2: kPhi 0.586028 -> 0.584689  n=2.000  phase=180.000
     6.1: kPhi -0.232185 -> -0.232375  n=2.000  phase=180.000
  center bond (24, 26): objective 2.089446 -> 2.089446  global RMSE 0.762036 -> 0.762046  (accepted, iterations=1)
     1.1: kPhi 1.825165 -> 1.825428  n=2.000  phase=180.000
     2.1: kPhi 2.473319 -> 2.473068  n=2.000  phase=180.000
     2.2: kPhi -1.130888 -> -1.130850  n=1.000  phase=0.000
  per-scan RMSE:
    (15, 18): 0.512262 -> 0.512307
    (18, 19): 0.935623 -> 0.935678
    (19, 24): 0.481354 -> 0.481194
    (24, 26): 0.976393 -> 0.976400

cycle 69: accepted=3 rejected=1  objective 2.089446 -> 2.089412  global RMSE 0.762046 -> 0.762018
  center bond (15, 18): objective 2.089446 -> 2.089446  global RMSE 0.762046 -> 0.762046  (rejected, iterations=1)
     1.1: kPhi 0.193571 -> 0.193571  n=2.000  phase=180.000
     2.1: kPhi 0.014094 -> 0.014094  n=1.000  phase=0.000
     3.1: kPhi -0.057106 -> -0.057106  n=1.000  phase=0.000
     4.1: kPhi 0.170972 -> 0.170972  n=2.000  phase=180.000
     5.1: kPhi -0.029532 -> -0.029532  n=1.000  phase=0.000
     6.1: kPhi 0.051447 -> 0.051447  n=1.000  phase=0.000
  center bond (18, 19): objective 2.089446 -> 2.089446  global RMSE 0.762046 -> 0.762038  (accepted, iterations=1)
     1.1: kPhi -0.141912 -> -0.141858  n=3.000  phase=0.000
     2.1: kPhi -0.171931 -> -0.171866  n=3.000  phase=0.000
     3.1: kPhi 0.515076 -> 0.515086  n=1.000  phase=0.000
     4.1: kPhi -0.172017 -> -0.172061  n=3.000  phase=0.000
     5.1: kPhi -0.199688 -> -0.199733  n=3.000  phase=0.000
     6.1: kPhi -0.126797 -> -0.126890  n=3.000  phase=0.000
     7.1: kPhi -0.154331 -> -0.154335  n=3.000  phase=0.000
     8.1: kPhi -0.182105 -> -0.182091  n=3.000  phase=0.000
     9.1: kPhi -0.120270 -> -0.120339  n=3.000  phase=0.000
  center bond (19, 24): objective 2.089446 -> 2.089412  global RMSE 0.762038 -> 0.762008  (accepted, iterations=1)
     1.1: kPhi 0.797052 -> 0.796487  n=2.000  phase=180.000
     1.2: kPhi 0.206697 -> 0.206893  n=3.000  phase=180.000
     1.3: kPhi 1.024735 -> 1.024447  n=1.000  phase=0.000
     2.1: kPhi 0.608869 -> 0.608339  n=2.000  phase=180.000
     3.1: kPhi 1.389495 -> 1.389070  n=1.000  phase=0.000
     3.2: kPhi 0.323708 -> 0.321376  n=2.000  phase=180.000
     4.1: kPhi -0.293356 -> -0.292735  n=2.000  phase=180.000
     5.1: kPhi 0.728639 -> 0.728557  n=1.000  phase=0.000
     5.2: kPhi 0.584689 -> 0.583352  n=2.000  phase=180.000
     6.1: kPhi -0.232375 -> -0.232553  n=2.000  phase=180.000
  center bond (24, 26): objective 2.089412 -> 2.089412  global RMSE 0.762008 -> 0.762018  (accepted, iterations=1)
     1.1: kPhi 1.825428 -> 1.825678  n=2.000  phase=180.000
     2.1: kPhi 2.473068 -> 2.472827  n=2.000  phase=180.000
     2.2: kPhi -1.130850 -> -1.130815  n=1.000  phase=0.000
  per-scan RMSE:
    (15, 18): 0.512307 -> 0.512387
    (18, 19): 0.935678 -> 0.935632
    (19, 24): 0.481194 -> 0.480997
    (24, 26): 0.976400 -> 0.976410

cycle 70: accepted=3 rejected=1  objective 2.089412 -> 2.089379  global RMSE 0.762018 -> 0.762003
  center bond (15, 18): objective 2.089412 -> 2.089412  global RMSE 0.762018 -> 0.762018  (rejected, iterations=1)
     1.1: kPhi 0.193571 -> 0.193571  n=2.000  phase=180.000
     2.1: kPhi 0.014094 -> 0.014094  n=1.000  phase=0.000
     3.1: kPhi -0.057106 -> -0.057106  n=1.000  phase=0.000
     4.1: kPhi 0.170972 -> 0.170972  n=2.000  phase=180.000
     5.1: kPhi -0.029532 -> -0.029532  n=1.000  phase=0.000
     6.1: kPhi 0.051447 -> 0.051447  n=1.000  phase=0.000
  center bond (18, 19): objective 2.089412 -> 2.089412  global RMSE 0.762018 -> 0.762036  (accepted, iterations=1)
     1.1: kPhi -0.141858 -> -0.141819  n=3.000  phase=0.000
     2.1: kPhi -0.171866 -> -0.171824  n=3.000  phase=0.000
     3.1: kPhi 0.515086 -> 0.515079  n=1.000  phase=0.000
     4.1: kPhi -0.172061 -> -0.172037  n=3.000  phase=0.000
     5.1: kPhi -0.199733 -> -0.199710  n=3.000  phase=0.000
     6.1: kPhi -0.126890 -> -0.126876  n=3.000  phase=0.000
     7.1: kPhi -0.154335 -> -0.154307  n=3.000  phase=0.000
     8.1: kPhi -0.182091 -> -0.182059  n=3.000  phase=0.000
     9.1: kPhi -0.120339 -> -0.120321  n=3.000  phase=0.000
  center bond (19, 24): objective 2.089412 -> 2.089379  global RMSE 0.762036 -> 0.761993  (accepted, iterations=1)
     1.1: kPhi 0.796487 -> 0.795953  n=2.000  phase=180.000
     1.2: kPhi 0.206893 -> 0.207068  n=3.000  phase=180.000
     1.3: kPhi 1.024447 -> 1.024184  n=1.000  phase=0.000
     2.1: kPhi 0.608339 -> 0.607839  n=2.000  phase=180.000
     3.1: kPhi 1.389070 -> 1.388661  n=1.000  phase=0.000
     3.2: kPhi 0.321376 -> 0.319089  n=2.000  phase=180.000
     4.1: kPhi -0.292735 -> -0.292154  n=2.000  phase=180.000
     5.1: kPhi 0.728557 -> 0.728469  n=1.000  phase=0.000
     5.2: kPhi 0.583352 -> 0.582023  n=2.000  phase=180.000
     6.1: kPhi -0.232553 -> -0.232716  n=2.000  phase=180.000
  center bond (24, 26): objective 2.089379 -> 2.089379  global RMSE 0.761993 -> 0.762003  (accepted, iterations=1)
     1.1: kPhi 1.825678 -> 1.825919  n=2.000  phase=180.000
     2.1: kPhi 2.472827 -> 2.472598  n=2.000  phase=180.000
     2.2: kPhi -1.130815 -> -1.130780  n=1.000  phase=0.000
  per-scan RMSE:
    (15, 18): 0.512387 -> 0.512442
    (18, 19): 0.935632 -> 0.935645
    (19, 24): 0.480997 -> 0.480809
    (24, 26): 0.976410 -> 0.976417

cycle 71: accepted=4 rejected=0  objective 2.089379 -> 2.089348  global RMSE 0.762003 -> 0.761995
  center bond (15, 18): objective 2.089379 -> 2.089379  global RMSE 0.762003 -> 0.762000  (accepted, iterations=1)
     1.1: kPhi 0.193571 -> 0.193530  n=2.000  phase=180.000
     2.1: kPhi 0.014094 -> 0.014178  n=1.000  phase=0.000
     3.1: kPhi -0.057106 -> -0.057138  n=1.000  phase=0.000
     4.1: kPhi 0.170972 -> 0.170931  n=2.000  phase=180.000
     5.1: kPhi -0.029532 -> -0.029630  n=1.000  phase=0.000
     6.1: kPhi 0.051447 -> 0.051473  n=1.000  phase=0.000
  center bond (18, 19): objective 2.089379 -> 2.089379  global RMSE 0.762000 -> 0.762019  (accepted, iterations=1)
     1.1: kPhi -0.141819 -> -0.141777  n=3.000  phase=0.000
     2.1: kPhi -0.171824 -> -0.171781  n=3.000  phase=0.000
     3.1: kPhi 0.515079 -> 0.515071  n=1.000  phase=0.000
     4.1: kPhi -0.172037 -> -0.172012  n=3.000  phase=0.000
     5.1: kPhi -0.199710 -> -0.199685  n=3.000  phase=0.000
     6.1: kPhi -0.126876 -> -0.126859  n=3.000  phase=0.000
     7.1: kPhi -0.154307 -> -0.154275  n=3.000  phase=0.000
     8.1: kPhi -0.182059 -> -0.182024  n=3.000  phase=0.000
     9.1: kPhi -0.120321 -> -0.120300  n=3.000  phase=0.000
  center bond (19, 24): objective 2.089379 -> 2.089348  global RMSE 0.762019 -> 0.761986  (accepted, iterations=1)
     1.1: kPhi 0.795953 -> 0.795419  n=2.000  phase=180.000
     1.2: kPhi 0.207068 -> 0.207250  n=3.000  phase=180.000
     1.3: kPhi 1.024184 -> 1.023919  n=1.000  phase=0.000
     2.1: kPhi 0.607839 -> 0.607337  n=2.000  phase=180.000
     3.1: kPhi 1.388661 -> 1.388267  n=1.000  phase=0.000
     3.2: kPhi 0.319089 -> 0.316869  n=2.000  phase=180.000
     4.1: kPhi -0.292154 -> -0.291589  n=2.000  phase=180.000
     5.1: kPhi 0.728469 -> 0.728401  n=1.000  phase=0.000
     5.2: kPhi 0.582023 -> 0.580705  n=2.000  phase=180.000
     6.1: kPhi -0.232716 -> -0.232860  n=2.000  phase=180.000
  center bond (24, 26): objective 2.089348 -> 2.089348  global RMSE 0.761986 -> 0.761995  (accepted, iterations=1)
     1.1: kPhi 1.825919 -> 1.826150  n=2.000  phase=180.000
     2.1: kPhi 2.472598 -> 2.472379  n=2.000  phase=180.000
     2.2: kPhi -1.130780 -> -1.130746  n=1.000  phase=0.000
  per-scan RMSE:
    (15, 18): 0.512442 -> 0.512435
    (18, 19): 0.935645 -> 0.935694
    (19, 24): 0.480809 -> 0.480653
    (24, 26): 0.976417 -> 0.976424

cycle 72: accepted=2 rejected=2  objective 2.089348 -> 2.089318  global RMSE 0.761995 -> 0.761972
  center bond (15, 18): objective 2.089348 -> 2.089348  global RMSE 0.761995 -> 0.761995  (rejected, iterations=1)
     1.1: kPhi 0.193530 -> 0.193530  n=2.000  phase=180.000
     2.1: kPhi 0.014178 -> 0.014178  n=1.000  phase=0.000
     3.1: kPhi -0.057138 -> -0.057138  n=1.000  phase=0.000
     4.1: kPhi 0.170931 -> 0.170931  n=2.000  phase=180.000
     5.1: kPhi -0.029630 -> -0.029630  n=1.000  phase=0.000
     6.1: kPhi 0.051473 -> 0.051473  n=1.000  phase=0.000
  center bond (18, 19): objective 2.089348 -> 2.089348  global RMSE 0.761995 -> 0.761995  (rejected, iterations=1)
     1.1: kPhi -0.141777 -> -0.141777  n=3.000  phase=0.000
     2.1: kPhi -0.171781 -> -0.171781  n=3.000  phase=0.000
     3.1: kPhi 0.515071 -> 0.515071  n=1.000  phase=0.000
     4.1: kPhi -0.172012 -> -0.172012  n=3.000  phase=0.000
     5.1: kPhi -0.199685 -> -0.199685  n=3.000  phase=0.000
     6.1: kPhi -0.126859 -> -0.126859  n=3.000  phase=0.000
     7.1: kPhi -0.154275 -> -0.154275  n=3.000  phase=0.000
     8.1: kPhi -0.182024 -> -0.182024  n=3.000  phase=0.000
     9.1: kPhi -0.120300 -> -0.120300  n=3.000  phase=0.000
  center bond (19, 24): objective 2.089348 -> 2.089318  global RMSE 0.761995 -> 0.761963  (accepted, iterations=1)
     1.1: kPhi 0.795419 -> 0.794893  n=2.000  phase=180.000
     1.2: kPhi 0.207250 -> 0.207424  n=3.000  phase=180.000
     1.3: kPhi 1.023919 -> 1.023664  n=1.000  phase=0.000
     2.1: kPhi 0.607337 -> 0.606844  n=2.000  phase=180.000
     3.1: kPhi 1.388267 -> 1.387888  n=1.000  phase=0.000
     3.2: kPhi 0.316869 -> 0.314711  n=2.000  phase=180.000
     4.1: kPhi -0.291589 -> -0.291041  n=2.000  phase=180.000
     5.1: kPhi 0.728401 -> 0.728341  n=1.000  phase=0.000
     5.2: kPhi 0.580705 -> 0.579393  n=2.000  phase=180.000
     6.1: kPhi -0.232860 -> -0.232994  n=2.000  phase=180.000
  center bond (24, 26): objective 2.089318 -> 2.089318  global RMSE 0.761963 -> 0.761972  (accepted, iterations=1)
     1.1: kPhi 1.826150 -> 1.826371  n=2.000  phase=180.000
     2.1: kPhi 2.472379 -> 2.472170  n=2.000  phase=180.000
     2.2: kPhi -1.130746 -> -1.130713  n=1.000  phase=0.000
  per-scan RMSE:
    (15, 18): 0.512435 -> 0.512502
    (18, 19): 0.935694 -> 0.935666
    (19, 24): 0.480653 -> 0.480474
    (24, 26): 0.976424 -> 0.976433

cycle 73: accepted=3 rejected=1  objective 2.089318 -> 2.089289  global RMSE 0.761972 -> 0.761960
  center bond (15, 18): objective 2.089318 -> 2.089318  global RMSE 0.761972 -> 0.761972  (rejected, iterations=1)
     1.1: kPhi 0.193530 -> 0.193530  n=2.000  phase=180.000
     2.1: kPhi 0.014178 -> 0.014178  n=1.000  phase=0.000
     3.1: kPhi -0.057138 -> -0.057138  n=1.000  phase=0.000
     4.1: kPhi 0.170931 -> 0.170931  n=2.000  phase=180.000
     5.1: kPhi -0.029630 -> -0.029630  n=1.000  phase=0.000
     6.1: kPhi 0.051473 -> 0.051473  n=1.000  phase=0.000
  center bond (18, 19): objective 2.089318 -> 2.089318  global RMSE 0.761972 -> 0.761992  (accepted, iterations=1)
     1.1: kPhi -0.141777 -> -0.141735  n=3.000  phase=0.000
     2.1: kPhi -0.171781 -> -0.171736  n=3.000  phase=0.000
     3.1: kPhi 0.515071 -> 0.515066  n=1.000  phase=0.000
     4.1: kPhi -0.172012 -> -0.171987  n=3.000  phase=0.000
     5.1: kPhi -0.199685 -> -0.199660  n=3.000  phase=0.000
     6.1: kPhi -0.126859 -> -0.126843  n=3.000  phase=0.000
     7.1: kPhi -0.154275 -> -0.154244  n=3.000  phase=0.000
     8.1: kPhi -0.182024 -> -0.181988  n=3.000  phase=0.000
     9.1: kPhi -0.120300 -> -0.120280  n=3.000  phase=0.000
  center bond (19, 24): objective 2.089318 -> 2.089289  global RMSE 0.761992 -> 0.761951  (accepted, iterations=1)
     1.1: kPhi 0.794893 -> 0.794393  n=2.000  phase=180.000
     1.2: kPhi 0.207424 -> 0.207582  n=3.000  phase=180.000
     1.3: kPhi 1.023664 -> 1.023430  n=1.000  phase=0.000
     2.1: kPhi 0.606844 -> 0.606374  n=2.000  phase=180.000
     3.1: kPhi 1.387888 -> 1.387523  n=1.000  phase=0.000
     3.2: kPhi 0.314711 -> 0.312596  n=2.000  phase=180.000
     4.1: kPhi -0.291041 -> -0.290527  n=2.000  phase=180.000
     5.1: kPhi 0.728341 -> 0.728277  n=1.000  phase=0.000
     5.2: kPhi 0.579393 -> 0.578092  n=2.000  phase=180.000
     6.1: kPhi -0.232994 -> -0.233114  n=2.000  phase=180.000
  center bond (24, 26): objective 2.089289 -> 2.089289  global RMSE 0.761951 -> 0.761960  (accepted, iterations=1)
     1.1: kPhi 1.826371 -> 1.826583  n=2.000  phase=180.000
     2.1: kPhi 2.472170 -> 2.471970  n=2.000  phase=180.000
     2.2: kPhi -1.130713 -> -1.130681  n=1.000  phase=0.000
  per-scan RMSE:
    (15, 18): 0.512502 -> 0.512548
    (18, 19): 0.935666 -> 0.935682
    (19, 24): 0.480474 -> 0.480305
    (24, 26): 0.976433 -> 0.976438

cycle 74: accepted=2 rejected=2  objective 2.089289 -> 2.089262  global RMSE 0.761960 -> 0.761941
  center bond (15, 18): objective 2.089289 -> 2.089289  global RMSE 0.761960 -> 0.761960  (rejected, iterations=1)
     1.1: kPhi 0.193530 -> 0.193530  n=2.000  phase=180.000
     2.1: kPhi 0.014178 -> 0.014178  n=1.000  phase=0.000
     3.1: kPhi -0.057138 -> -0.057138  n=1.000  phase=0.000
     4.1: kPhi 0.170931 -> 0.170931  n=2.000  phase=180.000
     5.1: kPhi -0.029630 -> -0.029630  n=1.000  phase=0.000
     6.1: kPhi 0.051473 -> 0.051473  n=1.000  phase=0.000
  center bond (18, 19): objective 2.089289 -> 2.089289  global RMSE 0.761960 -> 0.761960  (rejected, iterations=1)
     1.1: kPhi -0.141735 -> -0.141735  n=3.000  phase=0.000
     2.1: kPhi -0.171736 -> -0.171736  n=3.000  phase=0.000
     3.1: kPhi 0.515066 -> 0.515066  n=1.000  phase=0.000
     4.1: kPhi -0.171987 -> -0.171987  n=3.000  phase=0.000
     5.1: kPhi -0.199660 -> -0.199660  n=3.000  phase=0.000
     6.1: kPhi -0.126843 -> -0.126843  n=3.000  phase=0.000
     7.1: kPhi -0.154244 -> -0.154244  n=3.000  phase=0.000
     8.1: kPhi -0.181988 -> -0.181988  n=3.000  phase=0.000
     9.1: kPhi -0.120280 -> -0.120280  n=3.000  phase=0.000
  center bond (19, 24): objective 2.089289 -> 2.089262  global RMSE 0.761960 -> 0.761933  (accepted, iterations=1)
     1.1: kPhi 0.794393 -> 0.793880  n=2.000  phase=180.000
     1.2: kPhi 0.207582 -> 0.207748  n=3.000  phase=180.000
     1.3: kPhi 1.023430 -> 1.023192  n=1.000  phase=0.000
     2.1: kPhi 0.606374 -> 0.605892  n=2.000  phase=180.000
     3.1: kPhi 1.387523 -> 1.387172  n=1.000  phase=0.000
     3.2: kPhi 0.312596 -> 0.310555  n=2.000  phase=180.000
     4.1: kPhi -0.290527 -> -0.290013  n=2.000  phase=180.000
     5.1: kPhi 0.728277 -> 0.728234  n=1.000  phase=0.000
     5.2: kPhi 0.578092 -> 0.576800  n=2.000  phase=180.000
     6.1: kPhi -0.233114 -> -0.233222  n=2.000  phase=180.000
  center bond (24, 26): objective 2.089262 -> 2.089262  global RMSE 0.761933 -> 0.761941  (accepted, iterations=1)
     1.1: kPhi 1.826583 -> 1.826786  n=2.000  phase=180.000
     2.1: kPhi 2.471970 -> 2.471779  n=2.000  phase=180.000
     2.2: kPhi -1.130681 -> -1.130649  n=1.000  phase=0.000
  per-scan RMSE:
    (15, 18): 0.512548 -> 0.512608
    (18, 19): 0.935682 -> 0.935660
    (19, 24): 0.480305 -> 0.480151
    (24, 26): 0.976438 -> 0.976446

cycle 75: accepted=2 rejected=2  objective 2.089262 -> 2.089236  global RMSE 0.761941 -> 0.761914
  center bond (15, 18): objective 2.089262 -> 2.089262  global RMSE 0.761941 -> 0.761941  (rejected, iterations=1)
     1.1: kPhi 0.193530 -> 0.193530  n=2.000  phase=180.000
     2.1: kPhi 0.014178 -> 0.014178  n=1.000  phase=0.000
     3.1: kPhi -0.057138 -> -0.057138  n=1.000  phase=0.000
     4.1: kPhi 0.170931 -> 0.170931  n=2.000  phase=180.000
     5.1: kPhi -0.029630 -> -0.029630  n=1.000  phase=0.000
     6.1: kPhi 0.051473 -> 0.051473  n=1.000  phase=0.000
  center bond (18, 19): objective 2.089262 -> 2.089262  global RMSE 0.761941 -> 0.761941  (rejected, iterations=1)
     1.1: kPhi -0.141735 -> -0.141735  n=3.000  phase=0.000
     2.1: kPhi -0.171736 -> -0.171736  n=3.000  phase=0.000
     3.1: kPhi 0.515066 -> 0.515066  n=1.000  phase=0.000
     4.1: kPhi -0.171987 -> -0.171987  n=3.000  phase=0.000
     5.1: kPhi -0.199660 -> -0.199660  n=3.000  phase=0.000
     6.1: kPhi -0.126843 -> -0.126843  n=3.000  phase=0.000
     7.1: kPhi -0.154244 -> -0.154244  n=3.000  phase=0.000
     8.1: kPhi -0.181988 -> -0.181988  n=3.000  phase=0.000
     9.1: kPhi -0.120280 -> -0.120280  n=3.000  phase=0.000
  center bond (19, 24): objective 2.089262 -> 2.089236  global RMSE 0.761941 -> 0.761906  (accepted, iterations=1)
     1.1: kPhi 0.793880 -> 0.793392  n=2.000  phase=180.000
     1.2: kPhi 0.207748 -> 0.207896  n=3.000  phase=180.000
     1.3: kPhi 1.023192 -> 1.022973  n=1.000  phase=0.000
     2.1: kPhi 0.605892 -> 0.605434  n=2.000  phase=180.000
     3.1: kPhi 1.387172 -> 1.386836  n=1.000  phase=0.000
     3.2: kPhi 0.310555 -> 0.308557  n=2.000  phase=180.000
     4.1: kPhi -0.290013 -> -0.289528  n=2.000  phase=180.000
     5.1: kPhi 0.728234 -> 0.728187  n=1.000  phase=0.000
     5.2: kPhi 0.576800 -> 0.575517  n=2.000  phase=180.000
     6.1: kPhi -0.233222 -> -0.233321  n=2.000  phase=180.000
  center bond (24, 26): objective 2.089236 -> 2.089236  global RMSE 0.761906 -> 0.761914  (accepted, iterations=1)
     1.1: kPhi 1.826786 -> 1.826981  n=2.000  phase=180.000
     2.1: kPhi 2.471779 -> 2.471597  n=2.000  phase=180.000
     2.2: kPhi -1.130649 -> -1.130619  n=1.000  phase=0.000
  per-scan RMSE:
    (15, 18): 0.512608 -> 0.512671
    (18, 19): 0.935660 -> 0.935620
    (19, 24): 0.480151 -> 0.479974
    (24, 26): 0.976446 -> 0.976454

cycle 76: accepted=3 rejected=1  objective 2.089236 -> 2.089211  global RMSE 0.761914 -> 0.761911
  center bond (15, 18): objective 2.089236 -> 2.089236  global RMSE 0.761914 -> 0.761914  (rejected, iterations=1)
     1.1: kPhi 0.193530 -> 0.193530  n=2.000  phase=180.000
     2.1: kPhi 0.014178 -> 0.014178  n=1.000  phase=0.000
     3.1: kPhi -0.057138 -> -0.057138  n=1.000  phase=0.000
     4.1: kPhi 0.170931 -> 0.170931  n=2.000  phase=180.000
     5.1: kPhi -0.029630 -> -0.029630  n=1.000  phase=0.000
     6.1: kPhi 0.051473 -> 0.051473  n=1.000  phase=0.000
  center bond (18, 19): objective 2.089236 -> 2.089236  global RMSE 0.761914 -> 0.761944  (accepted, iterations=1)
     1.1: kPhi -0.141735 -> -0.141679  n=3.000  phase=0.000
     2.1: kPhi -0.171736 -> -0.171674  n=3.000  phase=0.000
     3.1: kPhi 0.515066 -> 0.515062  n=1.000  phase=0.000
     4.1: kPhi -0.171987 -> -0.171947  n=3.000  phase=0.000
     5.1: kPhi -0.199660 -> -0.199618  n=3.000  phase=0.000
     6.1: kPhi -0.126843 -> -0.126814  n=3.000  phase=0.000
     7.1: kPhi -0.154244 -> -0.154200  n=3.000  phase=0.000
     8.1: kPhi -0.181988 -> -0.181938  n=3.000  phase=0.000
     9.1: kPhi -0.120280 -> -0.120249  n=3.000  phase=0.000
  center bond (19, 24): objective 2.089236 -> 2.089211  global RMSE 0.761944 -> 0.761903  (accepted, iterations=1)
     1.1: kPhi 0.793392 -> 0.792924  n=2.000  phase=180.000
     1.2: kPhi 0.207896 -> 0.208034  n=3.000  phase=180.000
     1.3: kPhi 1.022973 -> 1.022769  n=1.000  phase=0.000
     2.1: kPhi 0.605434 -> 0.604995  n=2.000  phase=180.000
     3.1: kPhi 1.386836 -> 1.386512  n=1.000  phase=0.000
     3.2: kPhi 0.308557 -> 0.306596  n=2.000  phase=180.000
     4.1: kPhi -0.289528 -> -0.289075  n=2.000  phase=180.000
     5.1: kPhi 0.728187 -> 0.728139  n=1.000  phase=0.000
     5.2: kPhi 0.575517 -> 0.574250  n=2.000  phase=180.000
     6.1: kPhi -0.233321 -> -0.233405  n=2.000  phase=180.000
  center bond (24, 26): objective 2.089211 -> 2.089211  global RMSE 0.761903 -> 0.761911  (accepted, iterations=1)
     1.1: kPhi 1.826981 -> 1.827169  n=2.000  phase=180.000
     2.1: kPhi 2.471597 -> 2.471424  n=2.000  phase=180.000
     2.2: kPhi -1.130619 -> -1.130588  n=1.000  phase=0.000
  per-scan RMSE:
    (15, 18): 0.512671 -> 0.512702
    (18, 19): 0.935620 -> 0.935663
    (19, 24): 0.479974 -> 0.479829
    (24, 26): 0.976454 -> 0.976456

cycle 77: accepted=2 rejected=2  objective 2.089211 -> 2.089187  global RMSE 0.761911 -> 0.761894
  center bond (15, 18): objective 2.089211 -> 2.089211  global RMSE 0.761911 -> 0.761911  (rejected, iterations=1)
     1.1: kPhi 0.193530 -> 0.193530  n=2.000  phase=180.000
     2.1: kPhi 0.014178 -> 0.014178  n=1.000  phase=0.000
     3.1: kPhi -0.057138 -> -0.057138  n=1.000  phase=0.000
     4.1: kPhi 0.170931 -> 0.170931  n=2.000  phase=180.000
     5.1: kPhi -0.029630 -> -0.029630  n=1.000  phase=0.000
     6.1: kPhi 0.051473 -> 0.051473  n=1.000  phase=0.000
  center bond (18, 19): objective 2.089211 -> 2.089211  global RMSE 0.761911 -> 0.761911  (rejected, iterations=1)
     1.1: kPhi -0.141679 -> -0.141679  n=3.000  phase=0.000
     2.1: kPhi -0.171674 -> -0.171674  n=3.000  phase=0.000
     3.1: kPhi 0.515062 -> 0.515062  n=1.000  phase=0.000
     4.1: kPhi -0.171947 -> -0.171947  n=3.000  phase=0.000
     5.1: kPhi -0.199618 -> -0.199618  n=3.000  phase=0.000
     6.1: kPhi -0.126814 -> -0.126814  n=3.000  phase=0.000
     7.1: kPhi -0.154200 -> -0.154200  n=3.000  phase=0.000
     8.1: kPhi -0.181938 -> -0.181938  n=3.000  phase=0.000
     9.1: kPhi -0.120249 -> -0.120249  n=3.000  phase=0.000
  center bond (19, 24): objective 2.089211 -> 2.089187  global RMSE 0.761911 -> 0.761886  (accepted, iterations=1)
     1.1: kPhi 0.792924 -> 0.792439  n=2.000  phase=180.000
     1.2: kPhi 0.208034 -> 0.208184  n=3.000  phase=180.000
     1.3: kPhi 1.022769 -> 1.022557  n=1.000  phase=0.000
     2.1: kPhi 0.604995 -> 0.604538  n=2.000  phase=180.000
     3.1: kPhi 1.386512 -> 1.386199  n=1.000  phase=0.000
     3.2: kPhi 0.306596 -> 0.304707  n=2.000  phase=180.000
     4.1: kPhi -0.289075 -> -0.288615  n=2.000  phase=180.000
     5.1: kPhi 0.728139 -> 0.728114  n=1.000  phase=0.000
     5.2: kPhi 0.574250 -> 0.572992  n=2.000  phase=180.000
     6.1: kPhi -0.233405 -> -0.233479  n=2.000  phase=180.000
  center bond (24, 26): objective 2.089187 -> 2.089187  global RMSE 0.761886 -> 0.761894  (accepted, iterations=1)
     1.1: kPhi 1.827169 -> 1.827348  n=2.000  phase=180.000
     2.1: kPhi 2.471424 -> 2.471258  n=2.000  phase=180.000
     2.2: kPhi -1.130588 -> -1.130559  n=1.000  phase=0.000
  per-scan RMSE:
    (15, 18): 0.512702 -> 0.512757
    (18, 19): 0.935663 -> 0.935641
    (19, 24): 0.479829 -> 0.479691
    (24, 26): 0.976456 -> 0.976464

cycle 78: accepted=2 rejected=2  objective 2.089187 -> 2.089164  global RMSE 0.761894 -> 0.761867
  center bond (15, 18): objective 2.089187 -> 2.089187  global RMSE 0.761894 -> 0.761894  (rejected, iterations=1)
     1.1: kPhi 0.193530 -> 0.193530  n=2.000  phase=180.000
     2.1: kPhi 0.014178 -> 0.014178  n=1.000  phase=0.000
     3.1: kPhi -0.057138 -> -0.057138  n=1.000  phase=0.000
     4.1: kPhi 0.170931 -> 0.170931  n=2.000  phase=180.000
     5.1: kPhi -0.029630 -> -0.029630  n=1.000  phase=0.000
     6.1: kPhi 0.051473 -> 0.051473  n=1.000  phase=0.000
  center bond (18, 19): objective 2.089187 -> 2.089187  global RMSE 0.761894 -> 0.761894  (rejected, iterations=1)
     1.1: kPhi -0.141679 -> -0.141679  n=3.000  phase=0.000
     2.1: kPhi -0.171674 -> -0.171674  n=3.000  phase=0.000
     3.1: kPhi 0.515062 -> 0.515062  n=1.000  phase=0.000
     4.1: kPhi -0.171947 -> -0.171947  n=3.000  phase=0.000
     5.1: kPhi -0.199618 -> -0.199618  n=3.000  phase=0.000
     6.1: kPhi -0.126814 -> -0.126814  n=3.000  phase=0.000
     7.1: kPhi -0.154200 -> -0.154200  n=3.000  phase=0.000
     8.1: kPhi -0.181938 -> -0.181938  n=3.000  phase=0.000
     9.1: kPhi -0.120249 -> -0.120249  n=3.000  phase=0.000
  center bond (19, 24): objective 2.089187 -> 2.089164  global RMSE 0.761894 -> 0.761859  (accepted, iterations=1)
     1.1: kPhi 0.792439 -> 0.791981  n=2.000  phase=180.000
     1.2: kPhi 0.208184 -> 0.208315  n=3.000  phase=180.000
     1.3: kPhi 1.022557 -> 1.022365  n=1.000  phase=0.000
     2.1: kPhi 0.604538 -> 0.604108  n=2.000  phase=180.000
     3.1: kPhi 1.386199 -> 1.385900  n=1.000  phase=0.000
     3.2: kPhi 0.304707 -> 0.302854  n=2.000  phase=180.000
     4.1: kPhi -0.288615 -> -0.288185  n=2.000  phase=180.000
     5.1: kPhi 0.728114 -> 0.728082  n=1.000  phase=0.000
     5.2: kPhi 0.572992 -> 0.571745  n=2.000  phase=180.000
     6.1: kPhi -0.233479 -> -0.233546  n=2.000  phase=180.000
  center bond (24, 26): objective 2.089164 -> 2.089164  global RMSE 0.761859 -> 0.761867  (accepted, iterations=1)
     1.1: kPhi 1.827348 -> 1.827520  n=2.000  phase=180.000
     2.1: kPhi 2.471258 -> 2.471099  n=2.000  phase=180.000
     2.2: kPhi -1.130559 -> -1.130531  n=1.000  phase=0.000
  per-scan RMSE:
    (15, 18): 0.512757 -> 0.512815
    (18, 19): 0.935641 -> 0.935599
    (19, 24): 0.479691 -> 0.479525
    (24, 26): 0.976464 -> 0.976470

cycle 79: accepted=4 rejected=0  objective 2.089164 -> 2.089142  global RMSE 0.761867 -> 0.761864
  center bond (15, 18): objective 2.089164 -> 2.089164  global RMSE 0.761867 -> 0.761864  (accepted, iterations=1)
     1.1: kPhi 0.193530 -> 0.193487  n=2.000  phase=180.000
     2.1: kPhi 0.014178 -> 0.014244  n=1.000  phase=0.000
     3.1: kPhi -0.057138 -> -0.057164  n=1.000  phase=0.000
     4.1: kPhi 0.170931 -> 0.170889  n=2.000  phase=180.000
     5.1: kPhi -0.029630 -> -0.029707  n=1.000  phase=0.000
     6.1: kPhi 0.051473 -> 0.051494  n=1.000  phase=0.000
  center bond (18, 19): objective 2.089164 -> 2.089164  global RMSE 0.761864 -> 0.761896  (accepted, iterations=1)
     1.1: kPhi -0.141679 -> -0.141617  n=3.000  phase=0.000
     2.1: kPhi -0.171674 -> -0.171605  n=3.000  phase=0.000
     3.1: kPhi 0.515062 -> 0.515060  n=1.000  phase=0.000
     4.1: kPhi -0.171947 -> -0.171903  n=3.000  phase=0.000
     5.1: kPhi -0.199618 -> -0.199571  n=3.000  phase=0.000
     6.1: kPhi -0.126814 -> -0.126782  n=3.000  phase=0.000
     7.1: kPhi -0.154200 -> -0.154153  n=3.000  phase=0.000
     8.1: kPhi -0.181938 -> -0.181882  n=3.000  phase=0.000
     9.1: kPhi -0.120249 -> -0.120215  n=3.000  phase=0.000
  center bond (19, 24): objective 2.089164 -> 2.089142  global RMSE 0.761896 -> 0.761857  (accepted, iterations=1)
     1.1: kPhi 0.791981 -> 0.791542  n=2.000  phase=180.000
     1.2: kPhi 0.208315 -> 0.208442  n=3.000  phase=180.000
     1.3: kPhi 1.022365 -> 1.022183  n=1.000  phase=0.000
     2.1: kPhi 0.604108 -> 0.603696  n=2.000  phase=180.000
     3.1: kPhi 1.385900 -> 1.385612  n=1.000  phase=0.000
     3.2: kPhi 0.302854 -> 0.301032  n=2.000  phase=180.000
     4.1: kPhi -0.288185 -> -0.287784  n=2.000  phase=180.000
     5.1: kPhi 0.728082 -> 0.728053  n=1.000  phase=0.000
     5.2: kPhi 0.571745 -> 0.570516  n=2.000  phase=180.000
     6.1: kPhi -0.233546 -> -0.233599  n=2.000  phase=180.000
  center bond (24, 26): objective 2.089142 -> 2.089142  global RMSE 0.761857 -> 0.761864  (accepted, iterations=1)
     1.1: kPhi 1.827520 -> 1.827686  n=2.000  phase=180.000
     2.1: kPhi 2.471099 -> 2.470948  n=2.000  phase=180.000
     2.2: kPhi -1.130531 -> -1.130502  n=1.000  phase=0.000
  per-scan RMSE:
    (15, 18): 0.512815 -> 0.512791
    (18, 19): 0.935599 -> 0.935669
    (19, 24): 0.479525 -> 0.479395
    (24, 26): 0.976470 -> 0.976473

cycle 80: accepted=2 rejected=2  objective 2.089142 -> 2.089121  global RMSE 0.761864 -> 0.761848
  center bond (15, 18): objective 2.089142 -> 2.089142  global RMSE 0.761864 -> 0.761864  (rejected, iterations=1)
     1.1: kPhi 0.193487 -> 0.193487  n=2.000  phase=180.000
     2.1: kPhi 0.014244 -> 0.014244  n=1.000  phase=0.000
     3.1: kPhi -0.057164 -> -0.057164  n=1.000  phase=0.000
     4.1: kPhi 0.170889 -> 0.170889  n=2.000  phase=180.000
     5.1: kPhi -0.029707 -> -0.029707  n=1.000  phase=0.000
     6.1: kPhi 0.051494 -> 0.051494  n=1.000  phase=0.000
  center bond (18, 19): objective 2.089142 -> 2.089142  global RMSE 0.761864 -> 0.761864  (rejected, iterations=1)
     1.1: kPhi -0.141617 -> -0.141617  n=3.000  phase=0.000
     2.1: kPhi -0.171605 -> -0.171605  n=3.000  phase=0.000
     3.1: kPhi 0.515060 -> 0.515060  n=1.000  phase=0.000
     4.1: kPhi -0.171903 -> -0.171903  n=3.000  phase=0.000
     5.1: kPhi -0.199571 -> -0.199571  n=3.000  phase=0.000
     6.1: kPhi -0.126782 -> -0.126782  n=3.000  phase=0.000
     7.1: kPhi -0.154153 -> -0.154153  n=3.000  phase=0.000
     8.1: kPhi -0.181882 -> -0.181882  n=3.000  phase=0.000
     9.1: kPhi -0.120215 -> -0.120215  n=3.000  phase=0.000
  center bond (19, 24): objective 2.089142 -> 2.089121  global RMSE 0.761864 -> 0.761840  (accepted, iterations=1)
     1.1: kPhi 0.791542 -> 0.791088  n=2.000  phase=180.000
     1.2: kPhi 0.208442 -> 0.208579  n=3.000  phase=180.000
     1.3: kPhi 1.022183 -> 1.021993  n=1.000  phase=0.000
     2.1: kPhi 0.603696 -> 0.603267  n=2.000  phase=180.000
     3.1: kPhi 1.385612 -> 1.385334  n=1.000  phase=0.000
     3.2: kPhi 0.301032 -> 0.299278  n=2.000  phase=180.000
     4.1: kPhi -0.287784 -> -0.287375  n=2.000  phase=180.000
     5.1: kPhi 0.728053 -> 0.728044  n=1.000  phase=0.000
     5.2: kPhi 0.570516 -> 0.569298  n=2.000  phase=180.000
     6.1: kPhi -0.233599 -> -0.233645  n=2.000  phase=180.000
  center bond (24, 26): objective 2.089121 -> 2.089121  global RMSE 0.761840 -> 0.761848  (accepted, iterations=1)
     1.1: kPhi 1.827686 -> 1.827845  n=2.000  phase=180.000
     2.1: kPhi 2.470948 -> 2.470804  n=2.000  phase=180.000
     2.2: kPhi -1.130502 -> -1.130475  n=1.000  phase=0.000
  per-scan RMSE:
    (15, 18): 0.512791 -> 0.512842
    (18, 19): 0.935669 -> 0.935646
    (19, 24): 0.479395 -> 0.479265
    (24, 26): 0.976473 -> 0.976479

cycle 81: accepted=2 rejected=2  objective 2.089121 -> 2.089100  global RMSE 0.761848 -> 0.761821
  center bond (15, 18): objective 2.089121 -> 2.089121  global RMSE 0.761848 -> 0.761848  (rejected, iterations=1)
     1.1: kPhi 0.193487 -> 0.193487  n=2.000  phase=180.000
     2.1: kPhi 0.014244 -> 0.014244  n=1.000  phase=0.000
     3.1: kPhi -0.057164 -> -0.057164  n=1.000  phase=0.000
     4.1: kPhi 0.170889 -> 0.170889  n=2.000  phase=180.000
     5.1: kPhi -0.029707 -> -0.029707  n=1.000  phase=0.000
     6.1: kPhi 0.051494 -> 0.051494  n=1.000  phase=0.000
  center bond (18, 19): objective 2.089121 -> 2.089121  global RMSE 0.761848 -> 0.761848  (rejected, iterations=1)
     1.1: kPhi -0.141617 -> -0.141617  n=3.000  phase=0.000
     2.1: kPhi -0.171605 -> -0.171605  n=3.000  phase=0.000
     3.1: kPhi 0.515060 -> 0.515060  n=1.000  phase=0.000
     4.1: kPhi -0.171903 -> -0.171903  n=3.000  phase=0.000
     5.1: kPhi -0.199571 -> -0.199571  n=3.000  phase=0.000
     6.1: kPhi -0.126782 -> -0.126782  n=3.000  phase=0.000
     7.1: kPhi -0.154153 -> -0.154153  n=3.000  phase=0.000
     8.1: kPhi -0.181882 -> -0.181882  n=3.000  phase=0.000
     9.1: kPhi -0.120215 -> -0.120215  n=3.000  phase=0.000
  center bond (19, 24): objective 2.089121 -> 2.089101  global RMSE 0.761848 -> 0.761814  (accepted, iterations=1)
     1.1: kPhi 0.791088 -> 0.790658  n=2.000  phase=180.000
     1.2: kPhi 0.208579 -> 0.208700  n=3.000  phase=180.000
     1.3: kPhi 1.021993 -> 1.021822  n=1.000  phase=0.000
     2.1: kPhi 0.603267 -> 0.602863  n=2.000  phase=180.000
     3.1: kPhi 1.385334 -> 1.385067  n=1.000  phase=0.000
     3.2: kPhi 0.299278 -> 0.297556  n=2.000  phase=180.000
     4.1: kPhi -0.287375 -> -0.286992  n=2.000  phase=180.000
     5.1: kPhi 0.728044 -> 0.728029  n=1.000  phase=0.000
     5.2: kPhi 0.569298 -> 0.568091  n=2.000  phase=180.000
     6.1: kPhi -0.233645 -> -0.233686  n=2.000  phase=180.000
  center bond (24, 26): objective 2.089101 -> 2.089100  global RMSE 0.761814 -> 0.761821  (accepted, iterations=1)
     1.1: kPhi 1.827845 -> 1.827997  n=2.000  phase=180.000
     2.1: kPhi 2.470804 -> 2.470665  n=2.000  phase=180.000
     2.2: kPhi -1.130475 -> -1.130449  n=1.000  phase=0.000
  per-scan RMSE:
    (15, 18): 0.512842 -> 0.512897
    (18, 19): 0.935646 -> 0.935604
    (19, 24): 0.479265 -> 0.479109
    (24, 26): 0.976479 -> 0.976484

cycle 82: accepted=2 rejected=2  objective 2.089100 -> 2.089081  global RMSE 0.761821 -> 0.761801
  center bond (15, 18): objective 2.089100 -> 2.089100  global RMSE 0.761821 -> 0.761821  (rejected, iterations=1)
     1.1: kPhi 0.193487 -> 0.193487  n=2.000  phase=180.000
     2.1: kPhi 0.014244 -> 0.014244  n=1.000  phase=0.000
     3.1: kPhi -0.057164 -> -0.057164  n=1.000  phase=0.000
     4.1: kPhi 0.170889 -> 0.170889  n=2.000  phase=180.000
     5.1: kPhi -0.029707 -> -0.029707  n=1.000  phase=0.000
     6.1: kPhi 0.051494 -> 0.051494  n=1.000  phase=0.000
  center bond (18, 19): objective 2.089100 -> 2.089100  global RMSE 0.761821 -> 0.761821  (rejected, iterations=1)
     1.1: kPhi -0.141617 -> -0.141617  n=3.000  phase=0.000
     2.1: kPhi -0.171605 -> -0.171605  n=3.000  phase=0.000
     3.1: kPhi 0.515060 -> 0.515060  n=1.000  phase=0.000
     4.1: kPhi -0.171903 -> -0.171903  n=3.000  phase=0.000
     5.1: kPhi -0.199571 -> -0.199571  n=3.000  phase=0.000
     6.1: kPhi -0.126782 -> -0.126782  n=3.000  phase=0.000
     7.1: kPhi -0.154153 -> -0.154153  n=3.000  phase=0.000
     8.1: kPhi -0.181882 -> -0.181882  n=3.000  phase=0.000
     9.1: kPhi -0.120215 -> -0.120215  n=3.000  phase=0.000
  center bond (19, 24): objective 2.089100 -> 2.089081  global RMSE 0.761821 -> 0.761794  (accepted, iterations=1)
     1.1: kPhi 0.790658 -> 0.790226  n=2.000  phase=180.000
     1.2: kPhi 0.208700 -> 0.208821  n=3.000  phase=180.000
     1.3: kPhi 1.021822 -> 1.021652  n=1.000  phase=0.000
     2.1: kPhi 0.602863 -> 0.602457  n=2.000  phase=180.000
     3.1: kPhi 1.385067 -> 1.384811  n=1.000  phase=0.000
     3.2: kPhi 0.297556 -> 0.295885  n=2.000  phase=180.000
     4.1: kPhi -0.286992 -> -0.286615  n=2.000  phase=180.000
     5.1: kPhi 0.728029 -> 0.728023  n=1.000  phase=0.000
     5.2: kPhi 0.568091 -> 0.566896  n=2.000  phase=180.000
     6.1: kPhi -0.233686 -> -0.233719  n=2.000  phase=180.000
  center bond (24, 26): objective 2.089081 -> 2.089081  global RMSE 0.761794 -> 0.761801  (accepted, iterations=1)
     1.1: kPhi 1.827997 -> 1.828143  n=2.000  phase=180.000
     2.1: kPhi 2.470665 -> 2.470533  n=2.000  phase=180.000
     2.2: kPhi -1.130449 -> -1.130423  n=1.000  phase=0.000
  per-scan RMSE:
    (15, 18): 0.512897 -> 0.512946
    (18, 19): 0.935604 -> 0.935572
    (19, 24): 0.479109 -> 0.478977
    (24, 26): 0.976484 -> 0.976490

cycle 83: accepted=3 rejected=1  objective 2.089081 -> 2.089063  global RMSE 0.761801 -> 0.761796
  center bond (15, 18): objective 2.089081 -> 2.089081  global RMSE 0.761801 -> 0.761801  (rejected, iterations=1)
     1.1: kPhi 0.193487 -> 0.193487  n=2.000  phase=180.000
     2.1: kPhi 0.014244 -> 0.014244  n=1.000  phase=0.000
     3.1: kPhi -0.057164 -> -0.057164  n=1.000  phase=0.000
     4.1: kPhi 0.170889 -> 0.170889  n=2.000  phase=180.000
     5.1: kPhi -0.029707 -> -0.029707  n=1.000  phase=0.000
     6.1: kPhi 0.051494 -> 0.051494  n=1.000  phase=0.000
  center bond (18, 19): objective 2.089081 -> 2.089081  global RMSE 0.761801 -> 0.761832  (accepted, iterations=1)
     1.1: kPhi -0.141617 -> -0.141559  n=3.000  phase=0.000
     2.1: kPhi -0.171605 -> -0.171538  n=3.000  phase=0.000
     3.1: kPhi 0.515060 -> 0.515065  n=1.000  phase=0.000
     4.1: kPhi -0.171903 -> -0.171862  n=3.000  phase=0.000
     5.1: kPhi -0.199571 -> -0.199525  n=3.000  phase=0.000
     6.1: kPhi -0.126782 -> -0.126753  n=3.000  phase=0.000
     7.1: kPhi -0.154153 -> -0.154110  n=3.000  phase=0.000
     8.1: kPhi -0.181882 -> -0.181829  n=3.000  phase=0.000
     9.1: kPhi -0.120215 -> -0.120186  n=3.000  phase=0.000
  center bond (19, 24): objective 2.089081 -> 2.089063  global RMSE 0.761832 -> 0.761789  (accepted, iterations=1)
     1.1: kPhi 0.790226 -> 0.789830  n=2.000  phase=180.000
     1.2: kPhi 0.208821 -> 0.208923  n=3.000  phase=180.000
     1.3: kPhi 1.021652 -> 1.021506  n=1.000  phase=0.000
     2.1: kPhi 0.602457 -> 0.602085  n=2.000  phase=180.000
     3.1: kPhi 1.384811 -> 1.384565  n=1.000  phase=0.000
     3.2: kPhi 0.295885 -> 0.294228  n=2.000  phase=180.000
     4.1: kPhi -0.286615 -> -0.286276  n=2.000  phase=180.000
     5.1: kPhi 0.728023 -> 0.728004  n=1.000  phase=0.000
     5.2: kPhi 0.566896 -> 0.565720  n=2.000  phase=180.000
     6.1: kPhi -0.233719 -> -0.233743  n=2.000  phase=180.000
  center bond (24, 26): objective 2.089063 -> 2.089063  global RMSE 0.761789 -> 0.761796  (accepted, iterations=1)
     1.1: kPhi 1.828143 -> 1.828284  n=2.000  phase=180.000
     2.1: kPhi 2.470533 -> 2.470408  n=2.000  phase=180.000
     2.2: kPhi -1.130423 -> -1.130397  n=1.000  phase=0.000
  per-scan RMSE:
    (15, 18): 0.512946 -> 0.512969
    (18, 19): 0.935572 -> 0.935612
    (19, 24): 0.478977 -> 0.478844
    (24, 26): 0.976490 -> 0.976491

cycle 84: accepted=2 rejected=2  objective 2.089063 -> 2.089045  global RMSE 0.761796 -> 0.761783
  center bond (15, 18): objective 2.089063 -> 2.089063  global RMSE 0.761796 -> 0.761796  (rejected, iterations=1)
     1.1: kPhi 0.193487 -> 0.193487  n=2.000  phase=180.000
     2.1: kPhi 0.014244 -> 0.014244  n=1.000  phase=0.000
     3.1: kPhi -0.057164 -> -0.057164  n=1.000  phase=0.000
     4.1: kPhi 0.170889 -> 0.170889  n=2.000  phase=180.000
     5.1: kPhi -0.029707 -> -0.029707  n=1.000  phase=0.000
     6.1: kPhi 0.051494 -> 0.051494  n=1.000  phase=0.000
  center bond (18, 19): objective 2.089063 -> 2.089063  global RMSE 0.761796 -> 0.761796  (rejected, iterations=1)
     1.1: kPhi -0.141559 -> -0.141559  n=3.000  phase=0.000
     2.1: kPhi -0.171538 -> -0.171538  n=3.000  phase=0.000
     3.1: kPhi 0.515065 -> 0.515065  n=1.000  phase=0.000
     4.1: kPhi -0.171862 -> -0.171862  n=3.000  phase=0.000
     5.1: kPhi -0.199525 -> -0.199525  n=3.000  phase=0.000
     6.1: kPhi -0.126753 -> -0.126753  n=3.000  phase=0.000
     7.1: kPhi -0.154110 -> -0.154110  n=3.000  phase=0.000
     8.1: kPhi -0.181829 -> -0.181829  n=3.000  phase=0.000
     9.1: kPhi -0.120186 -> -0.120186  n=3.000  phase=0.000
  center bond (19, 24): objective 2.089063 -> 2.089045  global RMSE 0.761796 -> 0.761776  (accepted, iterations=1)
     1.1: kPhi 0.789830 -> 0.789404  n=2.000  phase=180.000
     1.2: kPhi 0.208923 -> 0.209046  n=3.000  phase=180.000
     1.3: kPhi 1.021506 -> 1.021342  n=1.000  phase=0.000
     2.1: kPhi 0.602085 -> 0.601683  n=2.000  phase=180.000
     3.1: kPhi 1.384565 -> 1.384328  n=1.000  phase=0.000
     3.2: kPhi 0.294228 -> 0.292642  n=2.000  phase=180.000
     4.1: kPhi -0.286276 -> -0.285918  n=2.000  phase=180.000
     5.1: kPhi 0.728004 -> 0.728014  n=1.000  phase=0.000
     5.2: kPhi 0.565720 -> 0.564555  n=2.000  phase=180.000
     6.1: kPhi -0.233743 -> -0.233760  n=2.000  phase=180.000
  center bond (24, 26): objective 2.089045 -> 2.089045  global RMSE 0.761776 -> 0.761783  (accepted, iterations=1)
     1.1: kPhi 1.828284 -> 1.828419  n=2.000  phase=180.000
     2.1: kPhi 2.470408 -> 2.470288  n=2.000  phase=180.000
     2.2: kPhi -1.130397 -> -1.130372  n=1.000  phase=0.000
  per-scan RMSE:
    (15, 18): 0.512969 -> 0.513012
    (18, 19): 0.935612 -> 0.935593
    (19, 24): 0.478844 -> 0.478739
    (24, 26): 0.976491 -> 0.976497

cycle 85: accepted=2 rejected=2  objective 2.089045 -> 2.089028  global RMSE 0.761783 -> 0.761755
  center bond (15, 18): objective 2.089045 -> 2.089045  global RMSE 0.761783 -> 0.761783  (rejected, iterations=1)
     1.1: kPhi 0.193487 -> 0.193487  n=2.000  phase=180.000
     2.1: kPhi 0.014244 -> 0.014244  n=1.000  phase=0.000
     3.1: kPhi -0.057164 -> -0.057164  n=1.000  phase=0.000
     4.1: kPhi 0.170889 -> 0.170889  n=2.000  phase=180.000
     5.1: kPhi -0.029707 -> -0.029707  n=1.000  phase=0.000
     6.1: kPhi 0.051494 -> 0.051494  n=1.000  phase=0.000
  center bond (18, 19): objective 2.089045 -> 2.089045  global RMSE 0.761783 -> 0.761783  (rejected, iterations=1)
     1.1: kPhi -0.141559 -> -0.141559  n=3.000  phase=0.000
     2.1: kPhi -0.171538 -> -0.171538  n=3.000  phase=0.000
     3.1: kPhi 0.515065 -> 0.515065  n=1.000  phase=0.000
     4.1: kPhi -0.171862 -> -0.171862  n=3.000  phase=0.000
     5.1: kPhi -0.199525 -> -0.199525  n=3.000  phase=0.000
     6.1: kPhi -0.126753 -> -0.126753  n=3.000  phase=0.000
     7.1: kPhi -0.154110 -> -0.154110  n=3.000  phase=0.000
     8.1: kPhi -0.181829 -> -0.181829  n=3.000  phase=0.000
     9.1: kPhi -0.120186 -> -0.120186  n=3.000  phase=0.000
  center bond (19, 24): objective 2.089045 -> 2.089028  global RMSE 0.761783 -> 0.761749  (accepted, iterations=1)
     1.1: kPhi 0.789404 -> 0.789010  n=2.000  phase=180.000
     1.2: kPhi 0.209046 -> 0.209147  n=3.000  phase=180.000
     1.3: kPhi 1.021342 -> 1.021201  n=1.000  phase=0.000
     2.1: kPhi 0.601683 -> 0.601312  n=2.000  phase=180.000
     3.1: kPhi 1.384328 -> 1.384100  n=1.000  phase=0.000
     3.2: kPhi 0.292642 -> 0.291077  n=2.000  phase=180.000
     4.1: kPhi -0.285918 -> -0.285590  n=2.000  phase=180.000
     5.1: kPhi 0.728014 -> 0.728010  n=1.000  phase=0.000
     5.2: kPhi 0.564555 -> 0.563403  n=2.000  phase=180.000
     6.1: kPhi -0.233760 -> -0.233774  n=2.000  phase=180.000
  center bond (24, 26): objective 2.089028 -> 2.089028  global RMSE 0.761749 -> 0.761755  (accepted, iterations=1)
     1.1: kPhi 1.828419 -> 1.828549  n=2.000  phase=180.000
     2.1: kPhi 2.470288 -> 2.470172  n=2.000  phase=180.000
     2.2: kPhi -1.130372 -> -1.130348  n=1.000  phase=0.000
  per-scan RMSE:
    (15, 18): 0.513012 -> 0.513063
    (18, 19): 0.935593 -> 0.935548
    (19, 24): 0.478739 -> 0.478591
    (24, 26): 0.976497 -> 0.976501

cycle 86: accepted=2 rejected=2  objective 2.089028 -> 2.089011  global RMSE 0.761755 -> 0.761737
  center bond (15, 18): objective 2.089028 -> 2.089028  global RMSE 0.761755 -> 0.761755  (rejected, iterations=1)
     1.1: kPhi 0.193487 -> 0.193487  n=2.000  phase=180.000
     2.1: kPhi 0.014244 -> 0.014244  n=1.000  phase=0.000
     3.1: kPhi -0.057164 -> -0.057164  n=1.000  phase=0.000
     4.1: kPhi 0.170889 -> 0.170889  n=2.000  phase=180.000
     5.1: kPhi -0.029707 -> -0.029707  n=1.000  phase=0.000
     6.1: kPhi 0.051494 -> 0.051494  n=1.000  phase=0.000
  center bond (18, 19): objective 2.089028 -> 2.089028  global RMSE 0.761755 -> 0.761755  (rejected, iterations=1)
     1.1: kPhi -0.141559 -> -0.141559  n=3.000  phase=0.000
     2.1: kPhi -0.171538 -> -0.171538  n=3.000  phase=0.000
     3.1: kPhi 0.515065 -> 0.515065  n=1.000  phase=0.000
     4.1: kPhi -0.171862 -> -0.171862  n=3.000  phase=0.000
     5.1: kPhi -0.199525 -> -0.199525  n=3.000  phase=0.000
     6.1: kPhi -0.126753 -> -0.126753  n=3.000  phase=0.000
     7.1: kPhi -0.154110 -> -0.154110  n=3.000  phase=0.000
     8.1: kPhi -0.181829 -> -0.181829  n=3.000  phase=0.000
     9.1: kPhi -0.120186 -> -0.120186  n=3.000  phase=0.000
  center bond (19, 24): objective 2.089028 -> 2.089011  global RMSE 0.761755 -> 0.761731  (accepted, iterations=1)
     1.1: kPhi 0.789010 -> 0.788610  n=2.000  phase=180.000
     1.2: kPhi 0.209147 -> 0.209253  n=3.000  phase=180.000
     1.3: kPhi 1.021201 -> 1.021056  n=1.000  phase=0.000
     2.1: kPhi 0.601312 -> 0.600935  n=2.000  phase=180.000
     3.1: kPhi 1.384100 -> 1.383881  n=1.000  phase=0.000
     3.2: kPhi 0.291077 -> 0.289561  n=2.000  phase=180.000
     4.1: kPhi -0.285590 -> -0.285261  n=2.000  phase=180.000
     5.1: kPhi 0.728010 -> 0.728020  n=1.000  phase=0.000
     5.2: kPhi 0.563403 -> 0.562265  n=2.000  phase=180.000
     6.1: kPhi -0.233774 -> -0.233782  n=2.000  phase=180.000
  center bond (24, 26): objective 2.089011 -> 2.089011  global RMSE 0.761731 -> 0.761737  (accepted, iterations=1)
     1.1: kPhi 1.828549 -> 1.828673  n=2.000  phase=180.000
     2.1: kPhi 2.470172 -> 2.470062  n=2.000  phase=180.000
     2.2: kPhi -1.130348 -> -1.130325  n=1.000  phase=0.000
  per-scan RMSE:
    (15, 18): 0.513063 -> 0.513106
    (18, 19): 0.935548 -> 0.935517
    (19, 24): 0.478591 -> 0.478475
    (24, 26): 0.976501 -> 0.976506

cycle 87: accepted=2 rejected=2  objective 2.089011 -> 2.088996  global RMSE 0.761737 -> 0.761713
  center bond (15, 18): objective 2.089011 -> 2.089011  global RMSE 0.761737 -> 0.761737  (rejected, iterations=1)
     1.1: kPhi 0.193487 -> 0.193487  n=2.000  phase=180.000
     2.1: kPhi 0.014244 -> 0.014244  n=1.000  phase=0.000
     3.1: kPhi -0.057164 -> -0.057164  n=1.000  phase=0.000
     4.1: kPhi 0.170889 -> 0.170889  n=2.000  phase=180.000
     5.1: kPhi -0.029707 -> -0.029707  n=1.000  phase=0.000
     6.1: kPhi 0.051494 -> 0.051494  n=1.000  phase=0.000
  center bond (18, 19): objective 2.089011 -> 2.089011  global RMSE 0.761737 -> 0.761737  (rejected, iterations=1)
     1.1: kPhi -0.141559 -> -0.141559  n=3.000  phase=0.000
     2.1: kPhi -0.171538 -> -0.171538  n=3.000  phase=0.000
     3.1: kPhi 0.515065 -> 0.515065  n=1.000  phase=0.000
     4.1: kPhi -0.171862 -> -0.171862  n=3.000  phase=0.000
     5.1: kPhi -0.199525 -> -0.199525  n=3.000  phase=0.000
     6.1: kPhi -0.126753 -> -0.126753  n=3.000  phase=0.000
     7.1: kPhi -0.154110 -> -0.154110  n=3.000  phase=0.000
     8.1: kPhi -0.181829 -> -0.181829  n=3.000  phase=0.000
     9.1: kPhi -0.120186 -> -0.120186  n=3.000  phase=0.000
  center bond (19, 24): objective 2.089011 -> 2.088996  global RMSE 0.761737 -> 0.761707  (accepted, iterations=1)
     1.1: kPhi 0.788610 -> 0.788226  n=2.000  phase=180.000
     1.2: kPhi 0.209253 -> 0.209350  n=3.000  phase=180.000
     1.3: kPhi 1.021056 -> 1.020922  n=1.000  phase=0.000
     2.1: kPhi 0.600935 -> 0.600574  n=2.000  phase=180.000
     3.1: kPhi 1.383881 -> 1.383672  n=1.000  phase=0.000
     3.2: kPhi 0.289561 -> 0.288075  n=2.000  phase=180.000
     4.1: kPhi -0.285261 -> -0.284951  n=2.000  phase=180.000
     5.1: kPhi 0.728020 -> 0.728026  n=1.000  phase=0.000
     5.2: kPhi 0.562265 -> 0.561139  n=2.000  phase=180.000
     6.1: kPhi -0.233782 -> -0.233785  n=2.000  phase=180.000
  center bond (24, 26): objective 2.088996 -> 2.088996  global RMSE 0.761707 -> 0.761713  (accepted, iterations=1)
     1.1: kPhi 1.828673 -> 1.828792  n=2.000  phase=180.000
     2.1: kPhi 2.470062 -> 2.469957  n=2.000  phase=180.000
     2.2: kPhi -1.130325 -> -1.130302  n=1.000  phase=0.000
  per-scan RMSE:
    (15, 18): 0.513106 -> 0.513152
    (18, 19): 0.935517 -> 0.935477
    (19, 24): 0.478475 -> 0.478345
    (24, 26): 0.976506 -> 0.976510

cycle 88: accepted=3 rejected=1  objective 2.088996 -> 2.088981  global RMSE 0.761713 -> 0.761715
  center bond (15, 18): objective 2.088996 -> 2.088996  global RMSE 0.761713 -> 0.761713  (rejected, iterations=1)
     1.1: kPhi 0.193487 -> 0.193487  n=2.000  phase=180.000
     2.1: kPhi 0.014244 -> 0.014244  n=1.000  phase=0.000
     3.1: kPhi -0.057164 -> -0.057164  n=1.000  phase=0.000
     4.1: kPhi 0.170889 -> 0.170889  n=2.000  phase=180.000
     5.1: kPhi -0.029707 -> -0.029707  n=1.000  phase=0.000
     6.1: kPhi 0.051494 -> 0.051494  n=1.000  phase=0.000
  center bond (18, 19): objective 2.088996 -> 2.088996  global RMSE 0.761713 -> 0.761749  (accepted, iterations=1)
     1.1: kPhi -0.141559 -> -0.141496  n=3.000  phase=0.000
     2.1: kPhi -0.171538 -> -0.171463  n=3.000  phase=0.000
     3.1: kPhi 0.515065 -> 0.515079  n=1.000  phase=0.000
     4.1: kPhi -0.171862 -> -0.171814  n=3.000  phase=0.000
     5.1: kPhi -0.199525 -> -0.199470  n=3.000  phase=0.000
     6.1: kPhi -0.126753 -> -0.126719  n=3.000  phase=0.000
     7.1: kPhi -0.154110 -> -0.154064  n=3.000  phase=0.000
     8.1: kPhi -0.181829 -> -0.181769  n=3.000  phase=0.000
     9.1: kPhi -0.120186 -> -0.120157  n=3.000  phase=0.000
  center bond (19, 24): objective 2.088996 -> 2.088981  global RMSE 0.761749 -> 0.761709  (accepted, iterations=1)
     1.1: kPhi 0.788226 -> 0.787868  n=2.000  phase=180.000
     1.2: kPhi 0.209350 -> 0.209434  n=3.000  phase=180.000
     1.3: kPhi 1.020922 -> 1.020806  n=1.000  phase=0.000
     2.1: kPhi 0.600574 -> 0.600238  n=2.000  phase=180.000
     3.1: kPhi 1.383672 -> 1.383470  n=1.000  phase=0.000
     3.2: kPhi 0.288075 -> 0.286604  n=2.000  phase=180.000
     4.1: kPhi -0.284951 -> -0.284671  n=2.000  phase=180.000
     5.1: kPhi 0.728026 -> 0.728024  n=1.000  phase=0.000
     5.2: kPhi 0.561139 -> 0.560034  n=2.000  phase=180.000
     6.1: kPhi -0.233785 -> -0.233780  n=2.000  phase=180.000
  center bond (24, 26): objective 2.088981 -> 2.088981  global RMSE 0.761709 -> 0.761715  (accepted, iterations=1)
     1.1: kPhi 1.828792 -> 1.828908  n=2.000  phase=180.000
     2.1: kPhi 2.469957 -> 2.469857  n=2.000  phase=180.000
     2.2: kPhi -1.130302 -> -1.130278  n=1.000  phase=0.000
  per-scan RMSE:
    (15, 18): 0.513152 -> 0.513165
    (18, 19): 0.935477 -> 0.935533
    (19, 24): 0.478345 -> 0.478237
    (24, 26): 0.976510 -> 0.976509

cycle 89: accepted=3 rejected=1  objective 2.088981 -> 2.088966  global RMSE 0.761715 -> 0.761700
  center bond (15, 18): objective 2.088981 -> 2.088981  global RMSE 0.761715 -> 0.761711  (accepted, iterations=1)
     1.1: kPhi 0.193487 -> 0.193432  n=2.000  phase=180.000
     2.1: kPhi 0.014244 -> 0.014336  n=1.000  phase=0.000
     3.1: kPhi -0.057164 -> -0.057211  n=1.000  phase=0.000
     4.1: kPhi 0.170889 -> 0.170832  n=2.000  phase=180.000
     5.1: kPhi -0.029707 -> -0.029809  n=1.000  phase=0.000
     6.1: kPhi 0.051494 -> 0.051539  n=1.000  phase=0.000
  center bond (18, 19): objective 2.088981 -> 2.088981  global RMSE 0.761711 -> 0.761711  (rejected, iterations=1)
     1.1: kPhi -0.141496 -> -0.141496  n=3.000  phase=0.000
     2.1: kPhi -0.171463 -> -0.171463  n=3.000  phase=0.000
     3.1: kPhi 0.515079 -> 0.515079  n=1.000  phase=0.000
     4.1: kPhi -0.171814 -> -0.171814  n=3.000  phase=0.000
     5.1: kPhi -0.199470 -> -0.199470  n=3.000  phase=0.000
     6.1: kPhi -0.126719 -> -0.126719  n=3.000  phase=0.000
     7.1: kPhi -0.154064 -> -0.154064  n=3.000  phase=0.000
     8.1: kPhi -0.181769 -> -0.181769  n=3.000  phase=0.000
     9.1: kPhi -0.120157 -> -0.120157  n=3.000  phase=0.000
  center bond (19, 24): objective 2.088981 -> 2.088966  global RMSE 0.761711 -> 0.761694  (accepted, iterations=1)
     1.1: kPhi 0.787868 -> 0.787482  n=2.000  phase=180.000
     1.2: kPhi 0.209434 -> 0.209544  n=3.000  phase=180.000
     1.3: kPhi 1.020806 -> 1.020666  n=1.000  phase=0.000
     2.1: kPhi 0.600238 -> 0.599872  n=2.000  phase=180.000
     3.1: kPhi 1.383470 -> 1.383275  n=1.000  phase=0.000
     3.2: kPhi 0.286604 -> 0.285195  n=2.000  phase=180.000
     4.1: kPhi -0.284671 -> -0.284371  n=2.000  phase=180.000
     5.1: kPhi 0.728024 -> 0.728055  n=1.000  phase=0.000
     5.2: kPhi 0.560034 -> 0.558942  n=2.000  phase=180.000
     6.1: kPhi -0.233780 -> -0.233768  n=2.000  phase=180.000
  center bond (24, 26): objective 2.088966 -> 2.088966  global RMSE 0.761694 -> 0.761700  (accepted, iterations=1)
     1.1: kPhi 1.828908 -> 1.829019  n=2.000  phase=180.000
     2.1: kPhi 2.469857 -> 2.469762  n=2.000  phase=180.000
     2.2: kPhi -1.130278 -> -1.130256  n=1.000  phase=0.000
  per-scan RMSE:
    (15, 18): 0.513165 -> 0.513137
    (18, 19): 0.935533 -> 0.935538
    (19, 24): 0.478237 -> 0.478147
    (24, 26): 0.976509 -> 0.976515

cycle 90: accepted=2 rejected=2  objective 2.088966 -> 2.088952  global RMSE 0.761700 -> 0.761673
  center bond (15, 18): objective 2.088966 -> 2.088966  global RMSE 0.761700 -> 0.761700  (rejected, iterations=1)
     1.1: kPhi 0.193432 -> 0.193432  n=2.000  phase=180.000
     2.1: kPhi 0.014336 -> 0.014336  n=1.000  phase=0.000
     3.1: kPhi -0.057211 -> -0.057211  n=1.000  phase=0.000
     4.1: kPhi 0.170832 -> 0.170832  n=2.000  phase=180.000
     5.1: kPhi -0.029809 -> -0.029809  n=1.000  phase=0.000
     6.1: kPhi 0.051539 -> 0.051539  n=1.000  phase=0.000
  center bond (18, 19): objective 2.088966 -> 2.088966  global RMSE 0.761700 -> 0.761700  (rejected, iterations=1)
     1.1: kPhi -0.141496 -> -0.141496  n=3.000  phase=0.000
     2.1: kPhi -0.171463 -> -0.171463  n=3.000  phase=0.000
     3.1: kPhi 0.515079 -> 0.515079  n=1.000  phase=0.000
     4.1: kPhi -0.171814 -> -0.171814  n=3.000  phase=0.000
     5.1: kPhi -0.199470 -> -0.199470  n=3.000  phase=0.000
     6.1: kPhi -0.126719 -> -0.126719  n=3.000  phase=0.000
     7.1: kPhi -0.154064 -> -0.154064  n=3.000  phase=0.000
     8.1: kPhi -0.181769 -> -0.181769  n=3.000  phase=0.000
     9.1: kPhi -0.120157 -> -0.120157  n=3.000  phase=0.000
  center bond (19, 24): objective 2.088966 -> 2.088952  global RMSE 0.761700 -> 0.761668  (accepted, iterations=1)
     1.1: kPhi 0.787482 -> 0.787129  n=2.000  phase=180.000
     1.2: kPhi 0.209544 -> 0.209631  n=3.000  phase=180.000
     1.3: kPhi 1.020666 -> 1.020549  n=1.000  phase=0.000
     2.1: kPhi 0.599872 -> 0.599540  n=2.000  phase=180.000
     3.1: kPhi 1.383275 -> 1.383089  n=1.000  phase=0.000
     3.2: kPhi 0.285195 -> 0.283801  n=2.000  phase=180.000
     4.1: kPhi -0.284371 -> -0.284100  n=2.000  phase=180.000
     5.1: kPhi 0.728055 -> 0.728068  n=1.000  phase=0.000
     5.2: kPhi 0.558942 -> 0.557863  n=2.000  phase=180.000
     6.1: kPhi -0.233768 -> -0.233756  n=2.000  phase=180.000
  center bond (24, 26): objective 2.088952 -> 2.088952  global RMSE 0.761668 -> 0.761673  (accepted, iterations=1)
     1.1: kPhi 1.829019 -> 1.829125  n=2.000  phase=180.000
     2.1: kPhi 2.469762 -> 2.469670  n=2.000  phase=180.000
     2.2: kPhi -1.130256 -> -1.130235  n=1.000  phase=0.000
  per-scan RMSE:
    (15, 18): 0.513137 -> 0.513183
    (18, 19): 0.935538 -> 0.935493
    (19, 24): 0.478147 -> 0.478009
    (24, 26): 0.976515 -> 0.976518

cycle 91: accepted=2 rejected=2  objective 2.088952 -> 2.088939  global RMSE 0.761673 -> 0.761656
  center bond (15, 18): objective 2.088952 -> 2.088952  global RMSE 0.761673 -> 0.761673  (rejected, iterations=1)
     1.1: kPhi 0.193432 -> 0.193432  n=2.000  phase=180.000
     2.1: kPhi 0.014336 -> 0.014336  n=1.000  phase=0.000
     3.1: kPhi -0.057211 -> -0.057211  n=1.000  phase=0.000
     4.1: kPhi 0.170832 -> 0.170832  n=2.000  phase=180.000
     5.1: kPhi -0.029809 -> -0.029809  n=1.000  phase=0.000
     6.1: kPhi 0.051539 -> 0.051539  n=1.000  phase=0.000
  center bond (18, 19): objective 2.088952 -> 2.088952  global RMSE 0.761673 -> 0.761673  (rejected, iterations=1)
     1.1: kPhi -0.141496 -> -0.141496  n=3.000  phase=0.000
     2.1: kPhi -0.171463 -> -0.171463  n=3.000  phase=0.000
     3.1: kPhi 0.515079 -> 0.515079  n=1.000  phase=0.000
     4.1: kPhi -0.171814 -> -0.171814  n=3.000  phase=0.000
     5.1: kPhi -0.199470 -> -0.199470  n=3.000  phase=0.000
     6.1: kPhi -0.126719 -> -0.126719  n=3.000  phase=0.000
     7.1: kPhi -0.154064 -> -0.154064  n=3.000  phase=0.000
     8.1: kPhi -0.181769 -> -0.181769  n=3.000  phase=0.000
     9.1: kPhi -0.120157 -> -0.120157  n=3.000  phase=0.000
  center bond (19, 24): objective 2.088952 -> 2.088939  global RMSE 0.761673 -> 0.761651  (accepted, iterations=1)
     1.1: kPhi 0.787129 -> 0.786767  n=2.000  phase=180.000
     1.2: kPhi 0.209631 -> 0.209725  n=3.000  phase=180.000
     1.3: kPhi 1.020549 -> 1.020428  n=1.000  phase=0.000
     2.1: kPhi 0.599540 -> 0.599199  n=2.000  phase=180.000
     3.1: kPhi 1.383089 -> 1.382910  n=1.000  phase=0.000
     3.2: kPhi 0.283801 -> 0.282453  n=2.000  phase=180.000
     4.1: kPhi -0.284100 -> -0.283824  n=2.000  phase=180.000
     5.1: kPhi 0.728068 -> 0.728094  n=1.000  phase=0.000
     5.2: kPhi 0.557863 -> 0.556797  n=2.000  phase=180.000
     6.1: kPhi -0.233756 -> -0.233740  n=2.000  phase=180.000
  center bond (24, 26): objective 2.088939 -> 2.088939  global RMSE 0.761651 -> 0.761656  (accepted, iterations=1)
     1.1: kPhi 1.829125 -> 1.829228  n=2.000  phase=180.000
     2.1: kPhi 2.469670 -> 2.469582  n=2.000  phase=180.000
     2.2: kPhi -1.130235 -> -1.130214  n=1.000  phase=0.000
  per-scan RMSE:
    (15, 18): 0.513183 -> 0.513222
    (18, 19): 0.935493 -> 0.935464
    (19, 24): 0.478009 -> 0.477908
    (24, 26): 0.976518 -> 0.976522

cycle 92: accepted=2 rejected=2  objective 2.088939 -> 2.088926  global RMSE 0.761656 -> 0.761634
  center bond (15, 18): objective 2.088939 -> 2.088939  global RMSE 0.761656 -> 0.761656  (rejected, iterations=1)
     1.1: kPhi 0.193432 -> 0.193432  n=2.000  phase=180.000
     2.1: kPhi 0.014336 -> 0.014336  n=1.000  phase=0.000
     3.1: kPhi -0.057211 -> -0.057211  n=1.000  phase=0.000
     4.1: kPhi 0.170832 -> 0.170832  n=2.000  phase=180.000
     5.1: kPhi -0.029809 -> -0.029809  n=1.000  phase=0.000
     6.1: kPhi 0.051539 -> 0.051539  n=1.000  phase=0.000
  center bond (18, 19): objective 2.088939 -> 2.088939  global RMSE 0.761656 -> 0.761656  (rejected, iterations=1)
     1.1: kPhi -0.141496 -> -0.141496  n=3.000  phase=0.000
     2.1: kPhi -0.171463 -> -0.171463  n=3.000  phase=0.000
     3.1: kPhi 0.515079 -> 0.515079  n=1.000  phase=0.000
     4.1: kPhi -0.171814 -> -0.171814  n=3.000  phase=0.000
     5.1: kPhi -0.199470 -> -0.199470  n=3.000  phase=0.000
     6.1: kPhi -0.126719 -> -0.126719  n=3.000  phase=0.000
     7.1: kPhi -0.154064 -> -0.154064  n=3.000  phase=0.000
     8.1: kPhi -0.181769 -> -0.181769  n=3.000  phase=0.000
     9.1: kPhi -0.120157 -> -0.120157  n=3.000  phase=0.000
  center bond (19, 24): objective 2.088939 -> 2.088926  global RMSE 0.761656 -> 0.761628  (accepted, iterations=1)
     1.1: kPhi 0.786767 -> 0.786422  n=2.000  phase=180.000
     1.2: kPhi 0.209725 -> 0.209808  n=3.000  phase=180.000
     1.3: kPhi 1.020428 -> 1.020319  n=1.000  phase=0.000
     2.1: kPhi 0.599199 -> 0.598874  n=2.000  phase=180.000
     3.1: kPhi 1.382910 -> 1.382738  n=1.000  phase=0.000
     3.2: kPhi 0.282453 -> 0.281129  n=2.000  phase=180.000
     4.1: kPhi -0.283824 -> -0.283565  n=2.000  phase=180.000
     5.1: kPhi 0.728094 -> 0.728115  n=1.000  phase=0.000
     5.2: kPhi 0.556797 -> 0.555745  n=2.000  phase=180.000
     6.1: kPhi -0.233740 -> -0.233722  n=2.000  phase=180.000
  center bond (24, 26): objective 2.088926 -> 2.088926  global RMSE 0.761628 -> 0.761634  (accepted, iterations=1)
     1.1: kPhi 1.829228 -> 1.829326  n=2.000  phase=180.000
     2.1: kPhi 2.469582 -> 2.469498  n=2.000  phase=180.000
     2.2: kPhi -1.130214 -> -1.130193  n=1.000  phase=0.000
  per-scan RMSE:
    (15, 18): 0.513222 -> 0.513264
    (18, 19): 0.935464 -> 0.935425
    (19, 24): 0.477908 -> 0.477790
    (24, 26): 0.976522 -> 0.976525

cycle 93: accepted=3 rejected=1  objective 2.088926 -> 2.088914  global RMSE 0.761634 -> 0.761640
  center bond (15, 18): objective 2.088926 -> 2.088926  global RMSE 0.761634 -> 0.761634  (rejected, iterations=1)
     1.1: kPhi 0.193432 -> 0.193432  n=2.000  phase=180.000
     2.1: kPhi 0.014336 -> 0.014336  n=1.000  phase=0.000
     3.1: kPhi -0.057211 -> -0.057211  n=1.000  phase=0.000
     4.1: kPhi 0.170832 -> 0.170832  n=2.000  phase=180.000
     5.1: kPhi -0.029809 -> -0.029809  n=1.000  phase=0.000
     6.1: kPhi 0.051539 -> 0.051539  n=1.000  phase=0.000
  center bond (18, 19): objective 2.088926 -> 2.088926  global RMSE 0.761634 -> 0.761674  (accepted, iterations=1)
     1.1: kPhi -0.141496 -> -0.141427  n=3.000  phase=0.000
     2.1: kPhi -0.171463 -> -0.171379  n=3.000  phase=0.000
     3.1: kPhi 0.515079 -> 0.515096  n=1.000  phase=0.000
     4.1: kPhi -0.171814 -> -0.171761  n=3.000  phase=0.000
     5.1: kPhi -0.199470 -> -0.199408  n=3.000  phase=0.000
     6.1: kPhi -0.126719 -> -0.126681  n=3.000  phase=0.000
     7.1: kPhi -0.154064 -> -0.154013  n=3.000  phase=0.000
     8.1: kPhi -0.181769 -> -0.181702  n=3.000  phase=0.000
     9.1: kPhi -0.120157 -> -0.120122  n=3.000  phase=0.000
  center bond (19, 24): objective 2.088926 -> 2.088914  global RMSE 0.761674 -> 0.761634  (accepted, iterations=1)
     1.1: kPhi 0.786422 -> 0.786103  n=2.000  phase=180.000
     1.2: kPhi 0.209808 -> 0.209878  n=3.000  phase=180.000
     1.3: kPhi 1.020319 -> 1.020228  n=1.000  phase=0.000
     2.1: kPhi 0.598874 -> 0.598574  n=2.000  phase=180.000
     3.1: kPhi 1.382738 -> 1.382573  n=1.000  phase=0.000
     3.2: kPhi 0.281129 -> 0.279812  n=2.000  phase=180.000
     4.1: kPhi -0.283565 -> -0.283336  n=2.000  phase=180.000
     5.1: kPhi 0.728115 -> 0.728126  n=1.000  phase=0.000
     5.2: kPhi 0.555745 -> 0.554714  n=2.000  phase=180.000
     6.1: kPhi -0.233722 -> -0.233695  n=2.000  phase=180.000
  center bond (24, 26): objective 2.088914 -> 2.088914  global RMSE 0.761634 -> 0.761640  (accepted, iterations=1)
     1.1: kPhi 1.829326 -> 1.829422  n=2.000  phase=180.000
     2.1: kPhi 2.469498 -> 2.469420  n=2.000  phase=180.000
     2.2: kPhi -1.130193 -> -1.130172  n=1.000  phase=0.000
  per-scan RMSE:
    (15, 18): 0.513264 -> 0.513268
    (18, 19): 0.935425 -> 0.935493
    (19, 24): 0.477790 -> 0.477695
    (24, 26): 0.976525 -> 0.976522

cycle 94: accepted=3 rejected=1  objective 2.088914 -> 2.088902  global RMSE 0.761640 -> 0.761653
  center bond (15, 18): objective 2.088914 -> 2.088914  global RMSE 0.761640 -> 0.761640  (rejected, iterations=1)
     1.1: kPhi 0.193432 -> 0.193432  n=2.000  phase=180.000
     2.1: kPhi 0.014336 -> 0.014336  n=1.000  phase=0.000
     3.1: kPhi -0.057211 -> -0.057211  n=1.000  phase=0.000
     4.1: kPhi 0.170832 -> 0.170832  n=2.000  phase=180.000
     5.1: kPhi -0.029809 -> -0.029809  n=1.000  phase=0.000
     6.1: kPhi 0.051539 -> 0.051539  n=1.000  phase=0.000
  center bond (18, 19): objective 2.088914 -> 2.088914  global RMSE 0.761640 -> 0.761679  (accepted, iterations=1)
     1.1: kPhi -0.141427 -> -0.141350  n=3.000  phase=0.000
     2.1: kPhi -0.171379 -> -0.171246  n=3.000  phase=0.000
     3.1: kPhi 0.515096 -> 0.515218  n=1.000  phase=0.000
     4.1: kPhi -0.171761 -> -0.171732  n=3.000  phase=0.000
     5.1: kPhi -0.199408 -> -0.199344  n=3.000  phase=0.000
     6.1: kPhi -0.126681 -> -0.126704  n=3.000  phase=0.000
     7.1: kPhi -0.154013 -> -0.153999  n=3.000  phase=0.000
     8.1: kPhi -0.181702 -> -0.181625  n=3.000  phase=0.000
     9.1: kPhi -0.120122 -> -0.120164  n=3.000  phase=0.000
  center bond (19, 24): objective 2.088914 -> 2.088902  global RMSE 0.761679 -> 0.761647  (accepted, iterations=1)
     1.1: kPhi 0.786103 -> 0.785779  n=2.000  phase=180.000
     1.2: kPhi 0.209878 -> 0.209958  n=3.000  phase=180.000
     1.3: kPhi 1.020228 -> 1.020133  n=1.000  phase=0.000
     2.1: kPhi 0.598574 -> 0.598269  n=2.000  phase=180.000
     3.1: kPhi 1.382573 -> 1.382415  n=1.000  phase=0.000
     3.2: kPhi 0.279812 -> 0.278532  n=2.000  phase=180.000
     4.1: kPhi -0.283336 -> -0.283105  n=2.000  phase=180.000
     5.1: kPhi 0.728126 -> 0.728145  n=1.000  phase=0.000
     5.2: kPhi 0.554714 -> 0.553697  n=2.000  phase=180.000
     6.1: kPhi -0.233695 -> -0.233666  n=2.000  phase=180.000
  center bond (24, 26): objective 2.088902 -> 2.088902  global RMSE 0.761647 -> 0.761653  (accepted, iterations=1)
     1.1: kPhi 1.829422 -> 1.829514  n=2.000  phase=180.000
     2.1: kPhi 2.469420 -> 2.469344  n=2.000  phase=180.000
     2.2: kPhi -1.130172 -> -1.130152  n=1.000  phase=0.000
  per-scan RMSE:
    (15, 18): 0.513268 -> 0.513284
    (18, 19): 0.935493 -> 0.935572
    (19, 24): 0.477695 -> 0.477606
    (24, 26): 0.976522 -> 0.976522

cycle 95: accepted=2 rejected=2  objective 2.088902 -> 2.088890  global RMSE 0.761653 -> 0.761639
  center bond (15, 18): objective 2.088902 -> 2.088902  global RMSE 0.761653 -> 0.761653  (rejected, iterations=1)
     1.1: kPhi 0.193432 -> 0.193432  n=2.000  phase=180.000
     2.1: kPhi 0.014336 -> 0.014336  n=1.000  phase=0.000
     3.1: kPhi -0.057211 -> -0.057211  n=1.000  phase=0.000
     4.1: kPhi 0.170832 -> 0.170832  n=2.000  phase=180.000
     5.1: kPhi -0.029809 -> -0.029809  n=1.000  phase=0.000
     6.1: kPhi 0.051539 -> 0.051539  n=1.000  phase=0.000
  center bond (18, 19): objective 2.088902 -> 2.088902  global RMSE 0.761653 -> 0.761653  (rejected, iterations=1)
     1.1: kPhi -0.141350 -> -0.141350  n=3.000  phase=0.000
     2.1: kPhi -0.171246 -> -0.171246  n=3.000  phase=0.000
     3.1: kPhi 0.515218 -> 0.515218  n=1.000  phase=0.000
     4.1: kPhi -0.171732 -> -0.171732  n=3.000  phase=0.000
     5.1: kPhi -0.199344 -> -0.199344  n=3.000  phase=0.000
     6.1: kPhi -0.126704 -> -0.126704  n=3.000  phase=0.000
     7.1: kPhi -0.153999 -> -0.153999  n=3.000  phase=0.000
     8.1: kPhi -0.181625 -> -0.181625  n=3.000  phase=0.000
     9.1: kPhi -0.120164 -> -0.120164  n=3.000  phase=0.000
  center bond (19, 24): objective 2.088902 -> 2.088890  global RMSE 0.761653 -> 0.761633  (accepted, iterations=1)
     1.1: kPhi 0.785779 -> 0.785442  n=2.000  phase=180.000
     1.2: kPhi 0.209958 -> 0.210048  n=3.000  phase=180.000
     1.3: kPhi 1.020133 -> 1.020029  n=1.000  phase=0.000
     2.1: kPhi 0.598269 -> 0.597949  n=2.000  phase=180.000
     3.1: kPhi 1.382415 -> 1.382262  n=1.000  phase=0.000
     3.2: kPhi 0.278532 -> 0.277299  n=2.000  phase=180.000
     4.1: kPhi -0.283105 -> -0.282864  n=2.000  phase=180.000
     5.1: kPhi 0.728145 -> 0.728179  n=1.000  phase=0.000
     5.2: kPhi 0.553697 -> 0.552692  n=2.000  phase=180.000
     6.1: kPhi -0.233666 -> -0.233635  n=2.000  phase=180.000
  center bond (24, 26): objective 2.088890 -> 2.088890  global RMSE 0.761633 -> 0.761639  (accepted, iterations=1)
     1.1: kPhi 1.829514 -> 1.829602  n=2.000  phase=180.000
     2.1: kPhi 2.469344 -> 2.469271  n=2.000  phase=180.000
     2.2: kPhi -1.130152 -> -1.130132  n=1.000  phase=0.000
  per-scan RMSE:
    (15, 18): 0.513284 -> 0.513319
    (18, 19): 0.935572 -> 0.935548
    (19, 24): 0.477606 -> 0.477519
    (24, 26): 0.976522 -> 0.976526

cycle 96: accepted=2 rejected=2  objective 2.088890 -> 2.088879  global RMSE 0.761639 -> 0.761617
  center bond (15, 18): objective 2.088890 -> 2.088890  global RMSE 0.761639 -> 0.761639  (rejected, iterations=1)
     1.1: kPhi 0.193432 -> 0.193432  n=2.000  phase=180.000
     2.1: kPhi 0.014336 -> 0.014336  n=1.000  phase=0.000
     3.1: kPhi -0.057211 -> -0.057211  n=1.000  phase=0.000
     4.1: kPhi 0.170832 -> 0.170832  n=2.000  phase=180.000
     5.1: kPhi -0.029809 -> -0.029809  n=1.000  phase=0.000
     6.1: kPhi 0.051539 -> 0.051539  n=1.000  phase=0.000
  center bond (18, 19): objective 2.088890 -> 2.088890  global RMSE 0.761639 -> 0.761639  (rejected, iterations=1)
     1.1: kPhi -0.141350 -> -0.141350  n=3.000  phase=0.000
     2.1: kPhi -0.171246 -> -0.171246  n=3.000  phase=0.000
     3.1: kPhi 0.515218 -> 0.515218  n=1.000  phase=0.000
     4.1: kPhi -0.171732 -> -0.171732  n=3.000  phase=0.000
     5.1: kPhi -0.199344 -> -0.199344  n=3.000  phase=0.000
     6.1: kPhi -0.126704 -> -0.126704  n=3.000  phase=0.000
     7.1: kPhi -0.153999 -> -0.153999  n=3.000  phase=0.000
     8.1: kPhi -0.181625 -> -0.181625  n=3.000  phase=0.000
     9.1: kPhi -0.120164 -> -0.120164  n=3.000  phase=0.000
  center bond (19, 24): objective 2.088890 -> 2.088879  global RMSE 0.761639 -> 0.761612  (accepted, iterations=1)
     1.1: kPhi 0.785442 -> 0.785123  n=2.000  phase=180.000
     1.2: kPhi 0.210048 -> 0.210124  n=3.000  phase=180.000
     1.3: kPhi 1.020029 -> 1.019938  n=1.000  phase=0.000
     2.1: kPhi 0.597949 -> 0.597649  n=2.000  phase=180.000
     3.1: kPhi 1.382262 -> 1.382116  n=1.000  phase=0.000
     3.2: kPhi 0.277299 -> 0.276085  n=2.000  phase=180.000
     4.1: kPhi -0.282864 -> -0.282640  n=2.000  phase=180.000
     5.1: kPhi 0.728179 -> 0.728206  n=1.000  phase=0.000
     5.2: kPhi 0.552692 -> 0.551701  n=2.000  phase=180.000
     6.1: kPhi -0.233635 -> -0.233603  n=2.000  phase=180.000
  center bond (24, 26): objective 2.088879 -> 2.088879  global RMSE 0.761612 -> 0.761617  (accepted, iterations=1)
     1.1: kPhi 1.829602 -> 1.829686  n=2.000  phase=180.000
     2.1: kPhi 2.469271 -> 2.469201  n=2.000  phase=180.000
     2.2: kPhi -1.130132 -> -1.130113  n=1.000  phase=0.000
  per-scan RMSE:
    (15, 18): 0.513319 -> 0.513357
    (18, 19): 0.935548 -> 0.935509
    (19, 24): 0.477519 -> 0.477409
    (24, 26): 0.976526 -> 0.976528

cycle 97: accepted=2 rejected=2  objective 2.088879 -> 2.088869  global RMSE 0.761617 -> 0.761600
  center bond (15, 18): objective 2.088879 -> 2.088879  global RMSE 0.761617 -> 0.761617  (rejected, iterations=1)
     1.1: kPhi 0.193432 -> 0.193432  n=2.000  phase=180.000
     2.1: kPhi 0.014336 -> 0.014336  n=1.000  phase=0.000
     3.1: kPhi -0.057211 -> -0.057211  n=1.000  phase=0.000
     4.1: kPhi 0.170832 -> 0.170832  n=2.000  phase=180.000
     5.1: kPhi -0.029809 -> -0.029809  n=1.000  phase=0.000
     6.1: kPhi 0.051539 -> 0.051539  n=1.000  phase=0.000
  center bond (18, 19): objective 2.088879 -> 2.088879  global RMSE 0.761617 -> 0.761617  (rejected, iterations=1)
     1.1: kPhi -0.141350 -> -0.141350  n=3.000  phase=0.000
     2.1: kPhi -0.171246 -> -0.171246  n=3.000  phase=0.000
     3.1: kPhi 0.515218 -> 0.515218  n=1.000  phase=0.000
     4.1: kPhi -0.171732 -> -0.171732  n=3.000  phase=0.000
     5.1: kPhi -0.199344 -> -0.199344  n=3.000  phase=0.000
     6.1: kPhi -0.126704 -> -0.126704  n=3.000  phase=0.000
     7.1: kPhi -0.153999 -> -0.153999  n=3.000  phase=0.000
     8.1: kPhi -0.181625 -> -0.181625  n=3.000  phase=0.000
     9.1: kPhi -0.120164 -> -0.120164  n=3.000  phase=0.000
  center bond (19, 24): objective 2.088879 -> 2.088869  global RMSE 0.761617 -> 0.761595  (accepted, iterations=1)
     1.1: kPhi 0.785123 -> 0.784803  n=2.000  phase=180.000
     1.2: kPhi 0.210124 -> 0.210202  n=3.000  phase=180.000
     1.3: kPhi 1.019938 -> 1.019847  n=1.000  phase=0.000
     2.1: kPhi 0.597649 -> 0.597347  n=2.000  phase=180.000
     3.1: kPhi 1.382116 -> 1.381976  n=1.000  phase=0.000
     3.2: kPhi 0.276085 -> 0.274905  n=2.000  phase=180.000
     4.1: kPhi -0.282640 -> -0.282416  n=2.000  phase=180.000
     5.1: kPhi 0.728206 -> 0.728240  n=1.000  phase=0.000
     5.2: kPhi 0.551701 -> 0.550723  n=2.000  phase=180.000
     6.1: kPhi -0.233603 -> -0.233569  n=2.000  phase=180.000
  center bond (24, 26): objective 2.088869 -> 2.088869  global RMSE 0.761595 -> 0.761600  (accepted, iterations=1)
     1.1: kPhi 1.829686 -> 1.829768  n=2.000  phase=180.000
     2.1: kPhi 2.469201 -> 2.469134  n=2.000  phase=180.000
     2.2: kPhi -1.130113 -> -1.130094  n=1.000  phase=0.000
  per-scan RMSE:
    (15, 18): 0.513357 -> 0.513391
    (18, 19): 0.935509 -> 0.935478
    (19, 24): 0.477409 -> 0.477317
    (24, 26): 0.976528 -> 0.976531

cycle 98: accepted=3 rejected=1  objective 2.088869 -> 2.088859  global RMSE 0.761600 -> 0.761583
  center bond (15, 18): objective 2.088869 -> 2.088869  global RMSE 0.761600 -> 0.761600  (rejected, iterations=1)
     1.1: kPhi 0.193432 -> 0.193432  n=2.000  phase=180.000
     2.1: kPhi 0.014336 -> 0.014336  n=1.000  phase=0.000
     3.1: kPhi -0.057211 -> -0.057211  n=1.000  phase=0.000
     4.1: kPhi 0.170832 -> 0.170832  n=2.000  phase=180.000
     5.1: kPhi -0.029809 -> -0.029809  n=1.000  phase=0.000
     6.1: kPhi 0.051539 -> 0.051539  n=1.000  phase=0.000
  center bond (18, 19): objective 2.088869 -> 2.088869  global RMSE 0.761600 -> 0.761607  (accepted, iterations=1)
     1.1: kPhi -0.141350 -> -0.141332  n=3.000  phase=0.000
     2.1: kPhi -0.171246 -> -0.171184  n=3.000  phase=0.000
     3.1: kPhi 0.515218 -> 0.515294  n=1.000  phase=0.000
     4.1: kPhi -0.171732 -> -0.171742  n=3.000  phase=0.000
     5.1: kPhi -0.199344 -> -0.199323  n=3.000  phase=0.000
     6.1: kPhi -0.126704 -> -0.126743  n=3.000  phase=0.000
     7.1: kPhi -0.153999 -> -0.154023  n=3.000  phase=0.000
     8.1: kPhi -0.181625 -> -0.181600  n=3.000  phase=0.000
     9.1: kPhi -0.120164 -> -0.120219  n=3.000  phase=0.000
  center bond (19, 24): objective 2.088869 -> 2.088859  global RMSE 0.761607 -> 0.761579  (accepted, iterations=1)
     1.1: kPhi 0.784803 -> 0.784501  n=2.000  phase=180.000
     1.2: kPhi 0.210202 -> 0.210269  n=3.000  phase=180.000
     1.3: kPhi 1.019847 -> 1.019766  n=1.000  phase=0.000
     2.1: kPhi 0.597347 -> 0.597063  n=2.000  phase=180.000
     3.1: kPhi 1.381976 -> 1.381843  n=1.000  phase=0.000
     3.2: kPhi 0.274905 -> 0.273744  n=2.000  phase=180.000
     4.1: kPhi -0.282416 -> -0.282206  n=2.000  phase=180.000
     5.1: kPhi 0.728240 -> 0.728266  n=1.000  phase=0.000
     5.2: kPhi 0.550723 -> 0.549756  n=2.000  phase=180.000
     6.1: kPhi -0.233569 -> -0.233537  n=2.000  phase=180.000
  center bond (24, 26): objective 2.088859 -> 2.088859  global RMSE 0.761579 -> 0.761583  (accepted, iterations=1)
     1.1: kPhi 1.829768 -> 1.829845  n=2.000  phase=180.000
     2.1: kPhi 2.469134 -> 2.469069  n=2.000  phase=180.000
     2.2: kPhi -1.130094 -> -1.130077  n=1.000  phase=0.000
  per-scan RMSE:
    (15, 18): 0.513391 -> 0.513431
    (18, 19): 0.935478 -> 0.935459
    (19, 24): 0.477317 -> 0.477206
    (24, 26): 0.976531 -> 0.976533

cycle 99: accepted=2 rejected=2  objective 2.088859 -> 2.088849  global RMSE 0.761583 -> 0.761568
  center bond (15, 18): objective 2.088859 -> 2.088859  global RMSE 0.761583 -> 0.761583  (rejected, iterations=1)
     1.1: kPhi 0.193432 -> 0.193432  n=2.000  phase=180.000
     2.1: kPhi 0.014336 -> 0.014336  n=1.000  phase=0.000
     3.1: kPhi -0.057211 -> -0.057211  n=1.000  phase=0.000
     4.1: kPhi 0.170832 -> 0.170832  n=2.000  phase=180.000
     5.1: kPhi -0.029809 -> -0.029809  n=1.000  phase=0.000
     6.1: kPhi 0.051539 -> 0.051539  n=1.000  phase=0.000
  center bond (18, 19): objective 2.088859 -> 2.088859  global RMSE 0.761583 -> 0.761583  (rejected, iterations=1)
     1.1: kPhi -0.141332 -> -0.141332  n=3.000  phase=0.000
     2.1: kPhi -0.171184 -> -0.171184  n=3.000  phase=0.000
     3.1: kPhi 0.515294 -> 0.515294  n=1.000  phase=0.000
     4.1: kPhi -0.171742 -> -0.171742  n=3.000  phase=0.000
     5.1: kPhi -0.199323 -> -0.199323  n=3.000  phase=0.000
     6.1: kPhi -0.126743 -> -0.126743  n=3.000  phase=0.000
     7.1: kPhi -0.154023 -> -0.154023  n=3.000  phase=0.000
     8.1: kPhi -0.181600 -> -0.181600  n=3.000  phase=0.000
     9.1: kPhi -0.120219 -> -0.120219  n=3.000  phase=0.000
  center bond (19, 24): objective 2.088859 -> 2.088849  global RMSE 0.761583 -> 0.761563  (accepted, iterations=1)
     1.1: kPhi 0.784501 -> 0.784192  n=2.000  phase=180.000
     1.2: kPhi 0.210269 -> 0.210342  n=3.000  phase=180.000
     1.3: kPhi 1.019766 -> 1.019681  n=1.000  phase=0.000
     2.1: kPhi 0.597063 -> 0.596770  n=2.000  phase=180.000
     3.1: kPhi 1.381843 -> 1.381715  n=1.000  phase=0.000
     3.2: kPhi 0.273744 -> 0.272620  n=2.000  phase=180.000
     4.1: kPhi -0.282206 -> -0.281992  n=2.000  phase=180.000
     5.1: kPhi 0.728266 -> 0.728303  n=1.000  phase=0.000
     5.2: kPhi 0.549756 -> 0.548805  n=2.000  phase=180.000
     6.1: kPhi -0.233537 -> -0.233500  n=2.000  phase=180.000
  center bond (24, 26): objective 2.088849 -> 2.088849  global RMSE 0.761563 -> 0.761568  (accepted, iterations=1)
     1.1: kPhi 1.829845 -> 1.829921  n=2.000  phase=180.000
     2.1: kPhi 2.469069 -> 2.469008  n=2.000  phase=180.000
     2.2: kPhi -1.130077 -> -1.130059  n=1.000  phase=0.000
  per-scan RMSE:
    (15, 18): 0.513431 -> 0.513463
    (18, 19): 0.935459 -> 0.935429
    (19, 24): 0.477206 -> 0.477125
    (24, 26): 0.976533 -> 0.976536

cycle 100: accepted=2 rejected=2  objective 2.088849 -> 2.088840  global RMSE 0.761568 -> 0.761548
  center bond (15, 18): objective 2.088849 -> 2.088849  global RMSE 0.761568 -> 0.761568  (rejected, iterations=1)
     1.1: kPhi 0.193432 -> 0.193432  n=2.000  phase=180.000
     2.1: kPhi 0.014336 -> 0.014336  n=1.000  phase=0.000
     3.1: kPhi -0.057211 -> -0.057211  n=1.000  phase=0.000
     4.1: kPhi 0.170832 -> 0.170832  n=2.000  phase=180.000
     5.1: kPhi -0.029809 -> -0.029809  n=1.000  phase=0.000
     6.1: kPhi 0.051539 -> 0.051539  n=1.000  phase=0.000
  center bond (18, 19): objective 2.088849 -> 2.088849  global RMSE 0.761568 -> 0.761568  (rejected, iterations=1)
     1.1: kPhi -0.141332 -> -0.141332  n=3.000  phase=0.000
     2.1: kPhi -0.171184 -> -0.171184  n=3.000  phase=0.000
     3.1: kPhi 0.515294 -> 0.515294  n=1.000  phase=0.000
     4.1: kPhi -0.171742 -> -0.171742  n=3.000  phase=0.000
     5.1: kPhi -0.199323 -> -0.199323  n=3.000  phase=0.000
     6.1: kPhi -0.126743 -> -0.126743  n=3.000  phase=0.000
     7.1: kPhi -0.154023 -> -0.154023  n=3.000  phase=0.000
     8.1: kPhi -0.181600 -> -0.181600  n=3.000  phase=0.000
     9.1: kPhi -0.120219 -> -0.120219  n=3.000  phase=0.000
  center bond (19, 24): objective 2.088849 -> 2.088840  global RMSE 0.761568 -> 0.761543  (accepted, iterations=1)
     1.1: kPhi 0.784192 -> 0.783896  n=2.000  phase=180.000
     1.2: kPhi 0.210342 -> 0.210407  n=3.000  phase=180.000
     1.3: kPhi 1.019681 -> 1.019604  n=1.000  phase=0.000
     2.1: kPhi 0.596770 -> 0.596492  n=2.000  phase=180.000
     3.1: kPhi 1.381715 -> 1.381592  n=1.000  phase=0.000
     3.2: kPhi 0.272620 -> 0.271514  n=2.000  phase=180.000
     4.1: kPhi -0.281992 -> -0.281792  n=2.000  phase=180.000
     5.1: kPhi 0.728303 -> 0.728336  n=1.000  phase=0.000
     5.2: kPhi 0.548805 -> 0.547867  n=2.000  phase=180.000
     6.1: kPhi -0.233500 -> -0.233462  n=2.000  phase=180.000
  center bond (24, 26): objective 2.088840 -> 2.088840  global RMSE 0.761543 -> 0.761548  (accepted, iterations=1)
     1.1: kPhi 1.829921 -> 1.829993  n=2.000  phase=180.000
     2.1: kPhi 2.469008 -> 2.468949  n=2.000  phase=180.000
     2.2: kPhi -1.130059 -> -1.130041  n=1.000  phase=0.000
  per-scan RMSE:
    (15, 18): 0.513463 -> 0.513497
    (18, 19): 0.935429 -> 0.935392
    (19, 24): 0.477125 -> 0.477030
    (24, 26): 0.976536 -> 0.976538

cycle 101: accepted=2 rejected=2  objective 2.088840 -> 2.088831  global RMSE 0.761548 -> 0.761531
  center bond (15, 18): objective 2.088840 -> 2.088840  global RMSE 0.761548 -> 0.761548  (rejected, iterations=1)
     1.1: kPhi 0.193432 -> 0.193432  n=2.000  phase=180.000
     2.1: kPhi 0.014336 -> 0.014336  n=1.000  phase=0.000
     3.1: kPhi -0.057211 -> -0.057211  n=1.000  phase=0.000
     4.1: kPhi 0.170832 -> 0.170832  n=2.000  phase=180.000
     5.1: kPhi -0.029809 -> -0.029809  n=1.000  phase=0.000
     6.1: kPhi 0.051539 -> 0.051539  n=1.000  phase=0.000
  center bond (18, 19): objective 2.088840 -> 2.088840  global RMSE 0.761548 -> 0.761548  (rejected, iterations=1)
     1.1: kPhi -0.141332 -> -0.141332  n=3.000  phase=0.000
     2.1: kPhi -0.171184 -> -0.171184  n=3.000  phase=0.000
     3.1: kPhi 0.515294 -> 0.515294  n=1.000  phase=0.000
     4.1: kPhi -0.171742 -> -0.171742  n=3.000  phase=0.000
     5.1: kPhi -0.199323 -> -0.199323  n=3.000  phase=0.000
     6.1: kPhi -0.126743 -> -0.126743  n=3.000  phase=0.000
     7.1: kPhi -0.154023 -> -0.154023  n=3.000  phase=0.000
     8.1: kPhi -0.181600 -> -0.181600  n=3.000  phase=0.000
     9.1: kPhi -0.120219 -> -0.120219  n=3.000  phase=0.000
  center bond (19, 24): objective 2.088840 -> 2.088831  global RMSE 0.761548 -> 0.761527  (accepted, iterations=1)
     1.1: kPhi 0.783896 -> 0.783601  n=2.000  phase=180.000
     1.2: kPhi 0.210407 -> 0.210472  n=3.000  phase=180.000
     1.3: kPhi 1.019604 -> 1.019527  n=1.000  phase=0.000
     2.1: kPhi 0.596492 -> 0.596213  n=2.000  phase=180.000
     3.1: kPhi 1.381592 -> 1.381474  n=1.000  phase=0.000
     3.2: kPhi 0.271514 -> 0.270437  n=2.000  phase=180.000
     4.1: kPhi -0.281792 -> -0.281594  n=2.000  phase=180.000
     5.1: kPhi 0.728336 -> 0.728374  n=1.000  phase=0.000
     5.2: kPhi 0.547867 -> 0.546944  n=2.000  phase=180.000
     6.1: kPhi -0.233462 -> -0.233422  n=2.000  phase=180.000
  center bond (24, 26): objective 2.088831 -> 2.088831  global RMSE 0.761527 -> 0.761531  (accepted, iterations=1)
     1.1: kPhi 1.829993 -> 1.830063  n=2.000  phase=180.000
     2.1: kPhi 2.468949 -> 2.468893  n=2.000  phase=180.000
     2.2: kPhi -1.130041 -> -1.130024  n=1.000  phase=0.000
  per-scan RMSE:
    (15, 18): 0.513497 -> 0.513528
    (18, 19): 0.935392 -> 0.935360
    (19, 24): 0.477030 -> 0.476946
    (24, 26): 0.976538 -> 0.976541

cycle 102: accepted=3 rejected=1  objective 2.088831 -> 2.088822  global RMSE 0.761531 -> 0.761525
  center bond (15, 18): objective 2.088831 -> 2.088831  global RMSE 0.761531 -> 0.761531  (rejected, iterations=1)
     1.1: kPhi 0.193432 -> 0.193432  n=2.000  phase=180.000
     2.1: kPhi 0.014336 -> 0.014336  n=1.000  phase=0.000
     3.1: kPhi -0.057211 -> -0.057211  n=1.000  phase=0.000
     4.1: kPhi 0.170832 -> 0.170832  n=2.000  phase=180.000
     5.1: kPhi -0.029809 -> -0.029809  n=1.000  phase=0.000
     6.1: kPhi 0.051539 -> 0.051539  n=1.000  phase=0.000
  center bond (18, 19): objective 2.088831 -> 2.088831  global RMSE 0.761531 -> 0.761551  (accepted, iterations=1)
     1.1: kPhi -0.141332 -> -0.141301  n=3.000  phase=0.000
     2.1: kPhi -0.171184 -> -0.171143  n=3.000  phase=0.000
     3.1: kPhi 0.515294 -> 0.515303  n=1.000  phase=0.000
     4.1: kPhi -0.171742 -> -0.171714  n=3.000  phase=0.000
     5.1: kPhi -0.199323 -> -0.199289  n=3.000  phase=0.000
     6.1: kPhi -0.126743 -> -0.126722  n=3.000  phase=0.000
     7.1: kPhi -0.154023 -> -0.154000  n=3.000  phase=0.000
     8.1: kPhi -0.181600 -> -0.181567  n=3.000  phase=0.000
     9.1: kPhi -0.120219 -> -0.120204  n=3.000  phase=0.000
  center bond (19, 24): objective 2.088831 -> 2.088822  global RMSE 0.761551 -> 0.761521  (accepted, iterations=1)
     1.1: kPhi 0.783601 -> 0.783327  n=2.000  phase=180.000
     1.2: kPhi 0.210472 -> 0.210526  n=3.000  phase=180.000
     1.3: kPhi 1.019527 -> 1.019463  n=1.000  phase=0.000
     2.1: kPhi 0.596213 -> 0.595956  n=2.000  phase=180.000
     3.1: kPhi 1.381474 -> 1.381360  n=1.000  phase=0.000
     3.2: kPhi 0.270437 -> 0.269367  n=2.000  phase=180.000
     4.1: kPhi -0.281594 -> -0.281418  n=2.000  phase=180.000
     5.1: kPhi 0.728374 -> 0.728402  n=1.000  phase=0.000
     5.2: kPhi 0.546944 -> 0.546038  n=2.000  phase=180.000
     6.1: kPhi -0.233422 -> -0.233378  n=2.000  phase=180.000
  center bond (24, 26): objective 2.088822 -> 2.088822  global RMSE 0.761521 -> 0.761525  (accepted, iterations=1)
     1.1: kPhi 1.830063 -> 1.830132  n=2.000  phase=180.000
     2.1: kPhi 2.468893 -> 2.468840  n=2.000  phase=180.000
     2.2: kPhi -1.130024 -> -1.130007  n=1.000  phase=0.000
  per-scan RMSE:
    (15, 18): 0.513528 -> 0.513544
    (18, 19): 0.935360 -> 0.935375
    (19, 24): 0.476946 -> 0.476862
    (24, 26): 0.976541 -> 0.976540

cycle 103: accepted=2 rejected=2  objective 2.088822 -> 2.088814  global RMSE 0.761525 -> 0.761513
  center bond (15, 18): objective 2.088822 -> 2.088822  global RMSE 0.761525 -> 0.761525  (rejected, iterations=1)
     1.1: kPhi 0.193432 -> 0.193432  n=2.000  phase=180.000
     2.1: kPhi 0.014336 -> 0.014336  n=1.000  phase=0.000
     3.1: kPhi -0.057211 -> -0.057211  n=1.000  phase=0.000
     4.1: kPhi 0.170832 -> 0.170832  n=2.000  phase=180.000
     5.1: kPhi -0.029809 -> -0.029809  n=1.000  phase=0.000
     6.1: kPhi 0.051539 -> 0.051539  n=1.000  phase=0.000
  center bond (18, 19): objective 2.088822 -> 2.088822  global RMSE 0.761525 -> 0.761525  (rejected, iterations=1)
     1.1: kPhi -0.141301 -> -0.141301  n=3.000  phase=0.000
     2.1: kPhi -0.171143 -> -0.171143  n=3.000  phase=0.000
     3.1: kPhi 0.515303 -> 0.515303  n=1.000  phase=0.000
     4.1: kPhi -0.171714 -> -0.171714  n=3.000  phase=0.000
     5.1: kPhi -0.199289 -> -0.199289  n=3.000  phase=0.000
     6.1: kPhi -0.126722 -> -0.126722  n=3.000  phase=0.000
     7.1: kPhi -0.154000 -> -0.154000  n=3.000  phase=0.000
     8.1: kPhi -0.181567 -> -0.181567  n=3.000  phase=0.000
     9.1: kPhi -0.120204 -> -0.120204  n=3.000  phase=0.000
  center bond (19, 24): objective 2.088822 -> 2.088814  global RMSE 0.761525 -> 0.761509  (accepted, iterations=1)
     1.1: kPhi 0.783327 -> 0.783036  n=2.000  phase=180.000
     1.2: kPhi 0.210526 -> 0.210594  n=3.000  phase=180.000
     1.3: kPhi 1.019463 -> 1.019388  n=1.000  phase=0.000
     2.1: kPhi 0.595956 -> 0.595680  n=2.000  phase=180.000
     3.1: kPhi 1.381360 -> 1.381251  n=1.000  phase=0.000
     3.2: kPhi 0.269367 -> 0.268340  n=2.000  phase=180.000
     4.1: kPhi -0.281418 -> -0.281229  n=2.000  phase=180.000
     5.1: kPhi 0.728402 -> 0.728448  n=1.000  phase=0.000
     5.2: kPhi 0.546038 -> 0.545145  n=2.000  phase=180.000
     6.1: kPhi -0.233378 -> -0.233332  n=2.000  phase=180.000
  center bond (24, 26): objective 2.088814 -> 2.088814  global RMSE 0.761509 -> 0.761513  (accepted, iterations=1)
     1.1: kPhi 1.830132 -> 1.830197  n=2.000  phase=180.000
     2.1: kPhi 2.468840 -> 2.468788  n=2.000  phase=180.000
     2.2: kPhi -1.130007 -> -1.129990  n=1.000  phase=0.000
  per-scan RMSE:
    (15, 18): 0.513544 -> 0.513572
    (18, 19): 0.935375 -> 0.935353
    (19, 24): 0.476862 -> 0.476794
    (24, 26): 0.976540 -> 0.976543

cycle 104: accepted=2 rejected=2  objective 2.088814 -> 2.088806  global RMSE 0.761513 -> 0.761493
  center bond (15, 18): objective 2.088814 -> 2.088814  global RMSE 0.761513 -> 0.761513  (rejected, iterations=1)
     1.1: kPhi 0.193432 -> 0.193432  n=2.000  phase=180.000
     2.1: kPhi 0.014336 -> 0.014336  n=1.000  phase=0.000
     3.1: kPhi -0.057211 -> -0.057211  n=1.000  phase=0.000
     4.1: kPhi 0.170832 -> 0.170832  n=2.000  phase=180.000
     5.1: kPhi -0.029809 -> -0.029809  n=1.000  phase=0.000
     6.1: kPhi 0.051539 -> 0.051539  n=1.000  phase=0.000
  center bond (18, 19): objective 2.088814 -> 2.088814  global RMSE 0.761513 -> 0.761513  (rejected, iterations=1)
     1.1: kPhi -0.141301 -> -0.141301  n=3.000  phase=0.000
     2.1: kPhi -0.171143 -> -0.171143  n=3.000  phase=0.000
     3.1: kPhi 0.515303 -> 0.515303  n=1.000  phase=0.000
     4.1: kPhi -0.171714 -> -0.171714  n=3.000  phase=0.000
     5.1: kPhi -0.199289 -> -0.199289  n=3.000  phase=0.000
     6.1: kPhi -0.126722 -> -0.126722  n=3.000  phase=0.000
     7.1: kPhi -0.154000 -> -0.154000  n=3.000  phase=0.000
     8.1: kPhi -0.181567 -> -0.181567  n=3.000  phase=0.000
     9.1: kPhi -0.120204 -> -0.120204  n=3.000  phase=0.000
  center bond (19, 24): objective 2.088814 -> 2.088806  global RMSE 0.761513 -> 0.761489  (accepted, iterations=1)
     1.1: kPhi 0.783036 -> 0.782764  n=2.000  phase=180.000
     1.2: kPhi 0.210594 -> 0.210649  n=3.000  phase=180.000
     1.3: kPhi 1.019388 -> 1.019325  n=1.000  phase=0.000
     2.1: kPhi 0.595680 -> 0.595425  n=2.000  phase=180.000
     3.1: kPhi 1.381251 -> 1.381145  n=1.000  phase=0.000
     3.2: kPhi 0.268340 -> 0.267324  n=2.000  phase=180.000
     4.1: kPhi -0.281229 -> -0.281056  n=2.000  phase=180.000
     5.1: kPhi 0.728448 -> 0.728485  n=1.000  phase=0.000
     5.2: kPhi 0.545145 -> 0.544265  n=2.000  phase=180.000
     6.1: kPhi -0.233332 -> -0.233286  n=2.000  phase=180.000
  center bond (24, 26): objective 2.088806 -> 2.088806  global RMSE 0.761489 -> 0.761493  (accepted, iterations=1)
     1.1: kPhi 1.830197 -> 1.830260  n=2.000  phase=180.000
     2.1: kPhi 2.468788 -> 2.468739  n=2.000  phase=180.000
     2.2: kPhi -1.129990 -> -1.129974  n=1.000  phase=0.000
  per-scan RMSE:
    (15, 18): 0.513572 -> 0.513604
    (18, 19): 0.935353 -> 0.935316
    (19, 24): 0.476794 -> 0.476700
    (24, 26): 0.976543 -> 0.976545

cycle 105: accepted=2 rejected=2  objective 2.088806 -> 2.088798  global RMSE 0.761493 -> 0.761479
  center bond (15, 18): objective 2.088806 -> 2.088806  global RMSE 0.761493 -> 0.761493  (rejected, iterations=1)
     1.1: kPhi 0.193432 -> 0.193432  n=2.000  phase=180.000
     2.1: kPhi 0.014336 -> 0.014336  n=1.000  phase=0.000
     3.1: kPhi -0.057211 -> -0.057211  n=1.000  phase=0.000
     4.1: kPhi 0.170832 -> 0.170832  n=2.000  phase=180.000
     5.1: kPhi -0.029809 -> -0.029809  n=1.000  phase=0.000
     6.1: kPhi 0.051539 -> 0.051539  n=1.000  phase=0.000
  center bond (18, 19): objective 2.088806 -> 2.088806  global RMSE 0.761493 -> 0.761493  (rejected, iterations=1)
     1.1: kPhi -0.141301 -> -0.141301  n=3.000  phase=0.000
     2.1: kPhi -0.171143 -> -0.171143  n=3.000  phase=0.000
     3.1: kPhi 0.515303 -> 0.515303  n=1.000  phase=0.000
     4.1: kPhi -0.171714 -> -0.171714  n=3.000  phase=0.000
     5.1: kPhi -0.199289 -> -0.199289  n=3.000  phase=0.000
     6.1: kPhi -0.126722 -> -0.126722  n=3.000  phase=0.000
     7.1: kPhi -0.154000 -> -0.154000  n=3.000  phase=0.000
     8.1: kPhi -0.181567 -> -0.181567  n=3.000  phase=0.000
     9.1: kPhi -0.120204 -> -0.120204  n=3.000  phase=0.000
  center bond (19, 24): objective 2.088806 -> 2.088798  global RMSE 0.761493 -> 0.761475  (accepted, iterations=1)
     1.1: kPhi 0.782764 -> 0.782489  n=2.000  phase=180.000
     1.2: kPhi 0.210649 -> 0.210709  n=3.000  phase=180.000
     1.3: kPhi 1.019325 -> 1.019259  n=1.000  phase=0.000
     2.1: kPhi 0.595425 -> 0.595165  n=2.000  phase=180.000
     3.1: kPhi 1.381145 -> 1.381044  n=1.000  phase=0.000
     3.2: kPhi 0.267324 -> 0.266337  n=2.000  phase=180.000
     4.1: kPhi -0.281056 -> -0.280881  n=2.000  phase=180.000
     5.1: kPhi 0.728485 -> 0.728529  n=1.000  phase=0.000
     5.2: kPhi 0.544265 -> 0.543399  n=2.000  phase=180.000
     6.1: kPhi -0.233286 -> -0.233239  n=2.000  phase=180.000
  center bond (24, 26): objective 2.088798 -> 2.088798  global RMSE 0.761475 -> 0.761479  (accepted, iterations=1)
     1.1: kPhi 1.830260 -> 1.830320  n=2.000  phase=180.000
     2.1: kPhi 2.468739 -> 2.468692  n=2.000  phase=180.000
     2.2: kPhi -1.129974 -> -1.129958  n=1.000  phase=0.000
  per-scan RMSE:
    (15, 18): 0.513604 -> 0.513632
    (18, 19): 0.935316 -> 0.935288
    (19, 24): 0.476700 -> 0.476626
    (24, 26): 0.976545 -> 0.976547

cycle 106: accepted=2 rejected=2  objective 2.088798 -> 2.088791  global RMSE 0.761479 -> 0.761461
  center bond (15, 18): objective 2.088798 -> 2.088798  global RMSE 0.761479 -> 0.761479  (rejected, iterations=1)
     1.1: kPhi 0.193432 -> 0.193432  n=2.000  phase=180.000
     2.1: kPhi 0.014336 -> 0.014336  n=1.000  phase=0.000
     3.1: kPhi -0.057211 -> -0.057211  n=1.000  phase=0.000
     4.1: kPhi 0.170832 -> 0.170832  n=2.000  phase=180.000
     5.1: kPhi -0.029809 -> -0.029809  n=1.000  phase=0.000
     6.1: kPhi 0.051539 -> 0.051539  n=1.000  phase=0.000
  center bond (18, 19): objective 2.088798 -> 2.088798  global RMSE 0.761479 -> 0.761479  (rejected, iterations=1)
     1.1: kPhi -0.141301 -> -0.141301  n=3.000  phase=0.000
     2.1: kPhi -0.171143 -> -0.171143  n=3.000  phase=0.000
     3.1: kPhi 0.515303 -> 0.515303  n=1.000  phase=0.000
     4.1: kPhi -0.171714 -> -0.171714  n=3.000  phase=0.000
     5.1: kPhi -0.199289 -> -0.199289  n=3.000  phase=0.000
     6.1: kPhi -0.126722 -> -0.126722  n=3.000  phase=0.000
     7.1: kPhi -0.154000 -> -0.154000  n=3.000  phase=0.000
     8.1: kPhi -0.181567 -> -0.181567  n=3.000  phase=0.000
     9.1: kPhi -0.120204 -> -0.120204  n=3.000  phase=0.000
  center bond (19, 24): objective 2.088798 -> 2.088791  global RMSE 0.761479 -> 0.761457  (accepted, iterations=1)
     1.1: kPhi 0.782489 -> 0.782225  n=2.000  phase=180.000
     1.2: kPhi 0.210709 -> 0.210762  n=3.000  phase=180.000
     1.3: kPhi 1.019259 -> 1.019199  n=1.000  phase=0.000
     2.1: kPhi 0.595165 -> 0.594917  n=2.000  phase=180.000
     3.1: kPhi 1.381044 -> 1.380947  n=1.000  phase=0.000
     3.2: kPhi 0.266337 -> 0.265368  n=2.000  phase=180.000
     4.1: kPhi -0.280881 -> -0.280715  n=2.000  phase=180.000
     5.1: kPhi 0.728529 -> 0.728570  n=1.000  phase=0.000
     5.2: kPhi 0.543399 -> 0.542546  n=2.000  phase=180.000
     6.1: kPhi -0.233239 -> -0.233192  n=2.000  phase=180.000
  center bond (24, 26): objective 2.088791 -> 2.088791  global RMSE 0.761457 -> 0.761461  (accepted, iterations=1)
     1.1: kPhi 1.830320 -> 1.830378  n=2.000  phase=180.000
     2.1: kPhi 2.468692 -> 2.468647  n=2.000  phase=180.000
     2.2: kPhi -1.129958 -> -1.129943  n=1.000  phase=0.000
  per-scan RMSE:
    (15, 18): 0.513632 -> 0.513662
    (18, 19): 0.935288 -> 0.935255
    (19, 24): 0.476626 -> 0.476542
    (24, 26): 0.976547 -> 0.976549

cycle 107: accepted=2 rejected=2  objective 2.088791 -> 2.088784  global RMSE 0.761461 -> 0.761445
  center bond (15, 18): objective 2.088791 -> 2.088791  global RMSE 0.761461 -> 0.761461  (rejected, iterations=1)
     1.1: kPhi 0.193432 -> 0.193432  n=2.000  phase=180.000
     2.1: kPhi 0.014336 -> 0.014336  n=1.000  phase=0.000
     3.1: kPhi -0.057211 -> -0.057211  n=1.000  phase=0.000
     4.1: kPhi 0.170832 -> 0.170832  n=2.000  phase=180.000
     5.1: kPhi -0.029809 -> -0.029809  n=1.000  phase=0.000
     6.1: kPhi 0.051539 -> 0.051539  n=1.000  phase=0.000
  center bond (18, 19): objective 2.088791 -> 2.088791  global RMSE 0.761461 -> 0.761461  (rejected, iterations=1)
     1.1: kPhi -0.141301 -> -0.141301  n=3.000  phase=0.000
     2.1: kPhi -0.171143 -> -0.171143  n=3.000  phase=0.000
     3.1: kPhi 0.515303 -> 0.515303  n=1.000  phase=0.000
     4.1: kPhi -0.171714 -> -0.171714  n=3.000  phase=0.000
     5.1: kPhi -0.199289 -> -0.199289  n=3.000  phase=0.000
     6.1: kPhi -0.126722 -> -0.126722  n=3.000  phase=0.000
     7.1: kPhi -0.154000 -> -0.154000  n=3.000  phase=0.000
     8.1: kPhi -0.181567 -> -0.181567  n=3.000  phase=0.000
     9.1: kPhi -0.120204 -> -0.120204  n=3.000  phase=0.000
  center bond (19, 24): objective 2.088791 -> 2.088784  global RMSE 0.761461 -> 0.761442  (accepted, iterations=1)
     1.1: kPhi 0.782225 -> 0.781963  n=2.000  phase=180.000
     1.2: kPhi 0.210762 -> 0.210816  n=3.000  phase=180.000
     1.3: kPhi 1.019199 -> 1.019140  n=1.000  phase=0.000
     2.1: kPhi 0.594917 -> 0.594669  n=2.000  phase=180.000
     3.1: kPhi 1.380947 -> 1.380854  n=1.000  phase=0.000
     3.2: kPhi 0.265368 -> 0.264423  n=2.000  phase=180.000
     4.1: kPhi -0.280715 -> -0.280552  n=2.000  phase=180.000
     5.1: kPhi 0.728570 -> 0.728614  n=1.000  phase=0.000
     5.2: kPhi 0.542546 -> 0.541706  n=2.000  phase=180.000
     6.1: kPhi -0.233192 -> -0.233143  n=2.000  phase=180.000
  center bond (24, 26): objective 2.088784 -> 2.088784  global RMSE 0.761442 -> 0.761445  (accepted, iterations=1)
     1.1: kPhi 1.830378 -> 1.830435  n=2.000  phase=180.000
     2.1: kPhi 2.468647 -> 2.468604  n=2.000  phase=180.000
     2.2: kPhi -1.129943 -> -1.129928  n=1.000  phase=0.000
  per-scan RMSE:
    (15, 18): 0.513662 -> 0.513689
    (18, 19): 0.935255 -> 0.935225
    (19, 24): 0.476542 -> 0.476467
    (24, 26): 0.976549 -> 0.976551

cycle 108: accepted=2 rejected=2  objective 2.088784 -> 2.088777  global RMSE 0.761445 -> 0.761429
  center bond (15, 18): objective 2.088784 -> 2.088784  global RMSE 0.761445 -> 0.761445  (rejected, iterations=1)
     1.1: kPhi 0.193432 -> 0.193432  n=2.000  phase=180.000
     2.1: kPhi 0.014336 -> 0.014336  n=1.000  phase=0.000
     3.1: kPhi -0.057211 -> -0.057211  n=1.000  phase=0.000
     4.1: kPhi 0.170832 -> 0.170832  n=2.000  phase=180.000
     5.1: kPhi -0.029809 -> -0.029809  n=1.000  phase=0.000
     6.1: kPhi 0.051539 -> 0.051539  n=1.000  phase=0.000
  center bond (18, 19): objective 2.088784 -> 2.088784  global RMSE 0.761445 -> 0.761445  (rejected, iterations=1)
     1.1: kPhi -0.141301 -> -0.141301  n=3.000  phase=0.000
     2.1: kPhi -0.171143 -> -0.171143  n=3.000  phase=0.000
     3.1: kPhi 0.515303 -> 0.515303  n=1.000  phase=0.000
     4.1: kPhi -0.171714 -> -0.171714  n=3.000  phase=0.000
     5.1: kPhi -0.199289 -> -0.199289  n=3.000  phase=0.000
     6.1: kPhi -0.126722 -> -0.126722  n=3.000  phase=0.000
     7.1: kPhi -0.154000 -> -0.154000  n=3.000  phase=0.000
     8.1: kPhi -0.181567 -> -0.181567  n=3.000  phase=0.000
     9.1: kPhi -0.120204 -> -0.120204  n=3.000  phase=0.000
  center bond (19, 24): objective 2.088784 -> 2.088777  global RMSE 0.761445 -> 0.761425  (accepted, iterations=1)
     1.1: kPhi 0.781963 -> 0.781708  n=2.000  phase=180.000
     1.2: kPhi 0.210816 -> 0.210866  n=3.000  phase=180.000
     1.3: kPhi 1.019140 -> 1.019084  n=1.000  phase=0.000
     2.1: kPhi 0.594669 -> 0.594429  n=2.000  phase=180.000
     3.1: kPhi 1.380854 -> 1.380765  n=1.000  phase=0.000
     3.2: kPhi 0.264423 -> 0.263496  n=2.000  phase=180.000
     4.1: kPhi -0.280552 -> -0.280395  n=2.000  phase=180.000
     5.1: kPhi 0.728614 -> 0.728658  n=1.000  phase=0.000
     5.2: kPhi 0.541706 -> 0.540880  n=2.000  phase=180.000
     6.1: kPhi -0.233143 -> -0.233094  n=2.000  phase=180.000
  center bond (24, 26): objective 2.088777 -> 2.088777  global RMSE 0.761425 -> 0.761429  (accepted, iterations=1)
     1.1: kPhi 1.830435 -> 1.830489  n=2.000  phase=180.000
     2.1: kPhi 2.468604 -> 2.468562  n=2.000  phase=180.000
     2.2: kPhi -1.129928 -> -1.129913  n=1.000  phase=0.000
  per-scan RMSE:
    (15, 18): 0.513689 -> 0.513717
    (18, 19): 0.935225 -> 0.935194
    (19, 24): 0.476467 -> 0.476389
    (24, 26): 0.976551 -> 0.976553

cycle 109: accepted=3 rejected=1  objective 2.088777 -> 2.088770  global RMSE 0.761429 -> 0.761429
  center bond (15, 18): objective 2.088777 -> 2.088777  global RMSE 0.761429 -> 0.761425  (accepted, iterations=1)
     1.1: kPhi 0.193432 -> 0.193377  n=2.000  phase=180.000
     2.1: kPhi 0.014336 -> 0.014384  n=1.000  phase=0.000
     3.1: kPhi -0.057211 -> -0.057246  n=1.000  phase=0.000
     4.1: kPhi 0.170832 -> 0.170771  n=2.000  phase=180.000
     5.1: kPhi -0.029809 -> -0.029863  n=1.000  phase=0.000
     6.1: kPhi 0.051539 -> 0.051576  n=1.000  phase=0.000
  center bond (18, 19): objective 2.088777 -> 2.088777  global RMSE 0.761425 -> 0.761459  (accepted, iterations=1)
     1.1: kPhi -0.141301 -> -0.141249  n=3.000  phase=0.000
     2.1: kPhi -0.171143 -> -0.171079  n=3.000  phase=0.000
     3.1: kPhi 0.515303 -> 0.515317  n=1.000  phase=0.000
     4.1: kPhi -0.171714 -> -0.171665  n=3.000  phase=0.000
     5.1: kPhi -0.199289 -> -0.199232  n=3.000  phase=0.000
     6.1: kPhi -0.126722 -> -0.126683  n=3.000  phase=0.000
     7.1: kPhi -0.154000 -> -0.153959  n=3.000  phase=0.000
     8.1: kPhi -0.181567 -> -0.181513  n=3.000  phase=0.000
     9.1: kPhi -0.120204 -> -0.120172  n=3.000  phase=0.000
  center bond (19, 24): objective 2.088777 -> 2.088770  global RMSE 0.761459 -> 0.761429  (accepted, iterations=1)
     1.1: kPhi 0.781708 -> 0.781478  n=2.000  phase=180.000
     1.2: kPhi 0.210866 -> 0.210909  n=3.000  phase=180.000
     1.3: kPhi 1.019084 -> 1.019039  n=1.000  phase=0.000
     2.1: kPhi 0.594429 -> 0.594213  n=2.000  phase=180.000
     3.1: kPhi 1.380765 -> 1.380679  n=1.000  phase=0.000
     3.2: kPhi 0.263496 -> 0.262567  n=2.000  phase=180.000
     4.1: kPhi -0.280395 -> -0.280264  n=2.000  phase=180.000
     5.1: kPhi 0.728658 -> 0.728693  n=1.000  phase=0.000
     5.2: kPhi 0.540880 -> 0.540072  n=2.000  phase=180.000
     6.1: kPhi -0.233094 -> -0.233040  n=2.000  phase=180.000
  center bond (24, 26): objective 2.088770 -> 2.088770  global RMSE 0.761429 -> 0.761429  (rejected, iterations=1)
     1.1: kPhi 1.830489 -> 1.830489  n=2.000  phase=180.000
     2.1: kPhi 2.468562 -> 2.468562  n=2.000  phase=180.000
     2.2: kPhi -1.129913 -> -1.129913  n=1.000  phase=0.000
  per-scan RMSE:
    (15, 18): 0.513717 -> 0.513664
    (18, 19): 0.935194 -> 0.935270
    (19, 24): 0.476389 -> 0.476325
    (24, 26): 0.976553 -> 0.976538

cycle 110: accepted=2 rejected=2  objective 2.088770 -> 2.088764  global RMSE 0.761429 -> 0.761423
  center bond (15, 18): objective 2.088770 -> 2.088770  global RMSE 0.761429 -> 0.761429  (rejected, iterations=1)
     1.1: kPhi 0.193377 -> 0.193377  n=2.000  phase=180.000
     2.1: kPhi 0.014384 -> 0.014384  n=1.000  phase=0.000
     3.1: kPhi -0.057246 -> -0.057246  n=1.000  phase=0.000
     4.1: kPhi 0.170771 -> 0.170771  n=2.000  phase=180.000
     5.1: kPhi -0.029863 -> -0.029863  n=1.000  phase=0.000
     6.1: kPhi 0.051576 -> 0.051576  n=1.000  phase=0.000
  center bond (18, 19): objective 2.088770 -> 2.088770  global RMSE 0.761429 -> 0.761429  (rejected, iterations=1)
     1.1: kPhi -0.141249 -> -0.141249  n=3.000  phase=0.000
     2.1: kPhi -0.171079 -> -0.171079  n=3.000  phase=0.000
     3.1: kPhi 0.515317 -> 0.515317  n=1.000  phase=0.000
     4.1: kPhi -0.171665 -> -0.171665  n=3.000  phase=0.000
     5.1: kPhi -0.199232 -> -0.199232  n=3.000  phase=0.000
     6.1: kPhi -0.126683 -> -0.126683  n=3.000  phase=0.000
     7.1: kPhi -0.153959 -> -0.153959  n=3.000  phase=0.000
     8.1: kPhi -0.181513 -> -0.181513  n=3.000  phase=0.000
     9.1: kPhi -0.120172 -> -0.120172  n=3.000  phase=0.000
  center bond (19, 24): objective 2.088770 -> 2.088764  global RMSE 0.761429 -> 0.761417  (accepted, iterations=1)
     1.1: kPhi 0.781478 -> 0.781221  n=2.000  phase=180.000
     1.2: kPhi 0.210909 -> 0.210971  n=3.000  phase=180.000
     1.3: kPhi 1.019039 -> 1.018977  n=1.000  phase=0.000
     2.1: kPhi 0.594213 -> 0.593969  n=2.000  phase=180.000
     3.1: kPhi 1.380679 -> 1.380596  n=1.000  phase=0.000
     3.2: kPhi 0.262567 -> 0.261683  n=2.000  phase=180.000
     4.1: kPhi -0.280264 -> -0.280109  n=2.000  phase=180.000
     5.1: kPhi 0.728693 -> 0.728750  n=1.000  phase=0.000
     5.2: kPhi 0.540072 -> 0.539276  n=2.000  phase=180.000
     6.1: kPhi -0.233040 -> -0.232984  n=2.000  phase=180.000
  center bond (24, 26): objective 2.088764 -> 2.088764  global RMSE 0.761417 -> 0.761423  (accepted, iterations=1)
     1.1: kPhi 1.830489 -> 1.830552  n=2.000  phase=180.000
     2.1: kPhi 2.468562 -> 2.468531  n=2.000  phase=180.000
     2.2: kPhi -1.129913 -> -1.129889  n=1.000  phase=0.000
  per-scan RMSE:
    (15, 18): 0.513664 -> 0.513687
    (18, 19): 0.935270 -> 0.935256
    (19, 24): 0.476325 -> 0.476273
    (24, 26): 0.976538 -> 0.976548

cycle 111: accepted=1 rejected=3  objective 2.088764 -> 2.088758  global RMSE 0.761423 -> 0.761400
  center bond (15, 18): objective 2.088764 -> 2.088764  global RMSE 0.761423 -> 0.761423  (rejected, iterations=1)
     1.1: kPhi 0.193377 -> 0.193377  n=2.000  phase=180.000
     2.1: kPhi 0.014384 -> 0.014384  n=1.000  phase=0.000
     3.1: kPhi -0.057246 -> -0.057246  n=1.000  phase=0.000
     4.1: kPhi 0.170771 -> 0.170771  n=2.000  phase=180.000
     5.1: kPhi -0.029863 -> -0.029863  n=1.000  phase=0.000
     6.1: kPhi 0.051576 -> 0.051576  n=1.000  phase=0.000
  center bond (18, 19): objective 2.088764 -> 2.088764  global RMSE 0.761423 -> 0.761423  (rejected, iterations=1)
     1.1: kPhi -0.141249 -> -0.141249  n=3.000  phase=0.000
     2.1: kPhi -0.171079 -> -0.171079  n=3.000  phase=0.000
     3.1: kPhi 0.515317 -> 0.515317  n=1.000  phase=0.000
     4.1: kPhi -0.171665 -> -0.171665  n=3.000  phase=0.000
     5.1: kPhi -0.199232 -> -0.199232  n=3.000  phase=0.000
     6.1: kPhi -0.126683 -> -0.126683  n=3.000  phase=0.000
     7.1: kPhi -0.153959 -> -0.153959  n=3.000  phase=0.000
     8.1: kPhi -0.181513 -> -0.181513  n=3.000  phase=0.000
     9.1: kPhi -0.120172 -> -0.120172  n=3.000  phase=0.000
  center bond (19, 24): objective 2.088764 -> 2.088758  global RMSE 0.761423 -> 0.761400  (accepted, iterations=1)
     1.1: kPhi 0.781221 -> 0.780988  n=2.000  phase=180.000
     1.2: kPhi 0.210971 -> 0.211017  n=3.000  phase=180.000
     1.3: kPhi 1.018977 -> 1.018931  n=1.000  phase=0.000
     2.1: kPhi 0.593969 -> 0.593749  n=2.000  phase=180.000
     3.1: kPhi 1.380596 -> 1.380516  n=1.000  phase=0.000
     3.2: kPhi 0.261683 -> 0.260805  n=2.000  phase=180.000
     4.1: kPhi -0.280109 -> -0.279973  n=2.000  phase=180.000
     5.1: kPhi 0.728750 -> 0.728794  n=1.000  phase=0.000
     5.2: kPhi 0.539276 -> 0.538492  n=2.000  phase=180.000
     6.1: kPhi -0.232984 -> -0.232932  n=2.000  phase=180.000
  center bond (24, 26): objective 2.088758 -> 2.088758  global RMSE 0.761400 -> 0.761400  (rejected, iterations=1)
     1.1: kPhi 1.830552 -> 1.830552  n=2.000  phase=180.000
     2.1: kPhi 2.468531 -> 2.468531  n=2.000  phase=180.000
     2.2: kPhi -1.129889 -> -1.129889  n=1.000  phase=0.000
  per-scan RMSE:
    (15, 18): 0.513687 -> 0.513717
    (18, 19): 0.935256 -> 0.935221
    (19, 24): 0.476273 -> 0.476184
    (24, 26): 0.976548 -> 0.976538

cycle 112: accepted=2 rejected=2  objective 2.088758 -> 2.088752  global RMSE 0.761400 -> 0.761390
  center bond (15, 18): objective 2.088758 -> 2.088758  global RMSE 0.761400 -> 0.761400  (rejected, iterations=1)
     1.1: kPhi 0.193377 -> 0.193377  n=2.000  phase=180.000
     2.1: kPhi 0.014384 -> 0.014384  n=1.000  phase=0.000
     3.1: kPhi -0.057246 -> -0.057246  n=1.000  phase=0.000
     4.1: kPhi 0.170771 -> 0.170771  n=2.000  phase=180.000
     5.1: kPhi -0.029863 -> -0.029863  n=1.000  phase=0.000
     6.1: kPhi 0.051576 -> 0.051576  n=1.000  phase=0.000
  center bond (18, 19): objective 2.088758 -> 2.088758  global RMSE 0.761400 -> 0.761400  (rejected, iterations=1)
     1.1: kPhi -0.141249 -> -0.141249  n=3.000  phase=0.000
     2.1: kPhi -0.171079 -> -0.171079  n=3.000  phase=0.000
     3.1: kPhi 0.515317 -> 0.515317  n=1.000  phase=0.000
     4.1: kPhi -0.171665 -> -0.171665  n=3.000  phase=0.000
     5.1: kPhi -0.199232 -> -0.199232  n=3.000  phase=0.000
     6.1: kPhi -0.126683 -> -0.126683  n=3.000  phase=0.000
     7.1: kPhi -0.153959 -> -0.153959  n=3.000  phase=0.000
     8.1: kPhi -0.181513 -> -0.181513  n=3.000  phase=0.000
     9.1: kPhi -0.120172 -> -0.120172  n=3.000  phase=0.000
  center bond (19, 24): objective 2.088758 -> 2.088752  global RMSE 0.761400 -> 0.761384  (accepted, iterations=1)
     1.1: kPhi 0.780988 -> 0.780747  n=2.000  phase=180.000
     1.2: kPhi 0.211017 -> 0.211069  n=3.000  phase=180.000
     1.3: kPhi 1.018931 -> 1.018880  n=1.000  phase=0.000
     2.1: kPhi 0.593749 -> 0.593522  n=2.000  phase=180.000
     3.1: kPhi 1.380516 -> 1.380439  n=1.000  phase=0.000
     3.2: kPhi 0.260805 -> 0.259955  n=2.000  phase=180.000
     4.1: kPhi -0.279973 -> -0.279831  n=2.000  phase=180.000
     5.1: kPhi 0.728794 -> 0.728845  n=1.000  phase=0.000
     5.2: kPhi 0.538492 -> 0.537720  n=2.000  phase=180.000
     6.1: kPhi -0.232932 -> -0.232879  n=2.000  phase=180.000
  center bond (24, 26): objective 2.088752 -> 2.088752  global RMSE 0.761384 -> 0.761390  (accepted, iterations=1)
     1.1: kPhi 1.830552 -> 1.830614  n=2.000  phase=180.000
     2.1: kPhi 2.468531 -> 2.468502  n=2.000  phase=180.000
     2.2: kPhi -1.129889 -> -1.129864  n=1.000  phase=0.000
  per-scan RMSE:
    (15, 18): 0.513717 -> 0.513741
    (18, 19): 0.935221 -> 0.935198
    (19, 24): 0.476184 -> 0.476121
    (24, 26): 0.976538 -> 0.976547

cycle 113: accepted=1 rejected=3  objective 2.088752 -> 2.088746  global RMSE 0.761390 -> 0.761370
  center bond (15, 18): objective 2.088752 -> 2.088752  global RMSE 0.761390 -> 0.761390  (rejected, iterations=1)
     1.1: kPhi 0.193377 -> 0.193377  n=2.000  phase=180.000
     2.1: kPhi 0.014384 -> 0.014384  n=1.000  phase=0.000
     3.1: kPhi -0.057246 -> -0.057246  n=1.000  phase=0.000
     4.1: kPhi 0.170771 -> 0.170771  n=2.000  phase=180.000
     5.1: kPhi -0.029863 -> -0.029863  n=1.000  phase=0.000
     6.1: kPhi 0.051576 -> 0.051576  n=1.000  phase=0.000
  center bond (18, 19): objective 2.088752 -> 2.088752  global RMSE 0.761390 -> 0.761390  (rejected, iterations=1)
     1.1: kPhi -0.141249 -> -0.141249  n=3.000  phase=0.000
     2.1: kPhi -0.171079 -> -0.171079  n=3.000  phase=0.000
     3.1: kPhi 0.515317 -> 0.515317  n=1.000  phase=0.000
     4.1: kPhi -0.171665 -> -0.171665  n=3.000  phase=0.000
     5.1: kPhi -0.199232 -> -0.199232  n=3.000  phase=0.000
     6.1: kPhi -0.126683 -> -0.126683  n=3.000  phase=0.000
     7.1: kPhi -0.153959 -> -0.153959  n=3.000  phase=0.000
     8.1: kPhi -0.181513 -> -0.181513  n=3.000  phase=0.000
     9.1: kPhi -0.120172 -> -0.120172  n=3.000  phase=0.000
  center bond (19, 24): objective 2.088752 -> 2.088746  global RMSE 0.761390 -> 0.761370  (accepted, iterations=1)
     1.1: kPhi 0.780747 -> 0.780519  n=2.000  phase=180.000
     1.2: kPhi 0.211069 -> 0.211114  n=3.000  phase=180.000
     1.3: kPhi 1.018880 -> 1.018836  n=1.000  phase=0.000
     2.1: kPhi 0.593522 -> 0.593307  n=2.000  phase=180.000
     3.1: kPhi 1.380439 -> 1.380366  n=1.000  phase=0.000
     3.2: kPhi 0.259955 -> 0.259118  n=2.000  phase=180.000
     4.1: kPhi -0.279831 -> -0.279698  n=2.000  phase=180.000
     5.1: kPhi 0.728845 -> 0.728892  n=1.000  phase=0.000
     5.2: kPhi 0.537720 -> 0.536959  n=2.000  phase=180.000
     6.1: kPhi -0.232879 -> -0.232827  n=2.000  phase=180.000
  center bond (24, 26): objective 2.088746 -> 2.088746  global RMSE 0.761370 -> 0.761370  (rejected, iterations=1)
     1.1: kPhi 1.830614 -> 1.830614  n=2.000  phase=180.000
     2.1: kPhi 2.468502 -> 2.468502  n=2.000  phase=180.000
     2.2: kPhi -1.129864 -> -1.129864  n=1.000  phase=0.000
  per-scan RMSE:
    (15, 18): 0.513741 -> 0.513767
    (18, 19): 0.935198 -> 0.935167
    (19, 24): 0.476121 -> 0.476046
    (24, 26): 0.976547 -> 0.976538

cycle 114: accepted=2 rejected=2  objective 2.088746 -> 2.088741  global RMSE 0.761370 -> 0.761360
  center bond (15, 18): objective 2.088746 -> 2.088746  global RMSE 0.761370 -> 0.761370  (rejected, iterations=1)
     1.1: kPhi 0.193377 -> 0.193377  n=2.000  phase=180.000
     2.1: kPhi 0.014384 -> 0.014384  n=1.000  phase=0.000
     3.1: kPhi -0.057246 -> -0.057246  n=1.000  phase=0.000
     4.1: kPhi 0.170771 -> 0.170771  n=2.000  phase=180.000
     5.1: kPhi -0.029863 -> -0.029863  n=1.000  phase=0.000
     6.1: kPhi 0.051576 -> 0.051576  n=1.000  phase=0.000
  center bond (18, 19): objective 2.088746 -> 2.088746  global RMSE 0.761370 -> 0.761370  (rejected, iterations=1)
     1.1: kPhi -0.141249 -> -0.141249  n=3.000  phase=0.000
     2.1: kPhi -0.171079 -> -0.171079  n=3.000  phase=0.000
     3.1: kPhi 0.515317 -> 0.515317  n=1.000  phase=0.000
     4.1: kPhi -0.171665 -> -0.171665  n=3.000  phase=0.000
     5.1: kPhi -0.199232 -> -0.199232  n=3.000  phase=0.000
     6.1: kPhi -0.126683 -> -0.126683  n=3.000  phase=0.000
     7.1: kPhi -0.153959 -> -0.153959  n=3.000  phase=0.000
     8.1: kPhi -0.181513 -> -0.181513  n=3.000  phase=0.000
     9.1: kPhi -0.120172 -> -0.120172  n=3.000  phase=0.000
  center bond (19, 24): objective 2.088746 -> 2.088741  global RMSE 0.761370 -> 0.761354  (accepted, iterations=1)
     1.1: kPhi 0.780519 -> 0.780290  n=2.000  phase=180.000
     1.2: kPhi 0.211114 -> 0.211160  n=3.000  phase=180.000
     1.3: kPhi 1.018836 -> 1.018792  n=1.000  phase=0.000
     2.1: kPhi 0.593307 -> 0.593091  n=2.000  phase=180.000
     3.1: kPhi 1.380366 -> 1.380296  n=1.000  phase=0.000
     3.2: kPhi 0.259118 -> 0.258302  n=2.000  phase=180.000
     4.1: kPhi -0.279698 -> -0.279565  n=2.000  phase=180.000
     5.1: kPhi 0.728892 -> 0.728942  n=1.000  phase=0.000
     5.2: kPhi 0.536959 -> 0.536211  n=2.000  phase=180.000
     6.1: kPhi -0.232827 -> -0.232774  n=2.000  phase=180.000
  center bond (24, 26): objective 2.088741 -> 2.088741  global RMSE 0.761354 -> 0.761360  (accepted, iterations=1)
     1.1: kPhi 1.830614 -> 1.830674  n=2.000  phase=180.000
     2.1: kPhi 2.468502 -> 2.468473  n=2.000  phase=180.000
     2.2: kPhi -1.129864 -> -1.129839  n=1.000  phase=0.000
  per-scan RMSE:
    (15, 18): 0.513767 -> 0.513791
    (18, 19): 0.935167 -> 0.935141
    (19, 24): 0.476046 -> 0.475982
    (24, 26): 0.976538 -> 0.976548

cycle 115: accepted=1 rejected=3  objective 2.088741 -> 2.088736  global RMSE 0.761360 -> 0.761341
  center bond (15, 18): objective 2.088741 -> 2.088741  global RMSE 0.761360 -> 0.761360  (rejected, iterations=1)
     1.1: kPhi 0.193377 -> 0.193377  n=2.000  phase=180.000
     2.1: kPhi 0.014384 -> 0.014384  n=1.000  phase=0.000
     3.1: kPhi -0.057246 -> -0.057246  n=1.000  phase=0.000
     4.1: kPhi 0.170771 -> 0.170771  n=2.000  phase=180.000
     5.1: kPhi -0.029863 -> -0.029863  n=1.000  phase=0.000
     6.1: kPhi 0.051576 -> 0.051576  n=1.000  phase=0.000
  center bond (18, 19): objective 2.088741 -> 2.088741  global RMSE 0.761360 -> 0.761360  (rejected, iterations=1)
     1.1: kPhi -0.141249 -> -0.141249  n=3.000  phase=0.000
     2.1: kPhi -0.171079 -> -0.171079  n=3.000  phase=0.000
     3.1: kPhi 0.515317 -> 0.515317  n=1.000  phase=0.000
     4.1: kPhi -0.171665 -> -0.171665  n=3.000  phase=0.000
     5.1: kPhi -0.199232 -> -0.199232  n=3.000  phase=0.000
     6.1: kPhi -0.126683 -> -0.126683  n=3.000  phase=0.000
     7.1: kPhi -0.153959 -> -0.153959  n=3.000  phase=0.000
     8.1: kPhi -0.181513 -> -0.181513  n=3.000  phase=0.000
     9.1: kPhi -0.120172 -> -0.120172  n=3.000  phase=0.000
  center bond (19, 24): objective 2.088741 -> 2.088736  global RMSE 0.761360 -> 0.761341  (accepted, iterations=1)
     1.1: kPhi 0.780290 -> 0.780068  n=2.000  phase=180.000
     1.2: kPhi 0.211160 -> 0.211203  n=3.000  phase=180.000
     1.3: kPhi 1.018792 -> 1.018751  n=1.000  phase=0.000
     2.1: kPhi 0.593091 -> 0.592882  n=2.000  phase=180.000
     3.1: kPhi 1.380296 -> 1.380228  n=1.000  phase=0.000
     3.2: kPhi 0.258302 -> 0.257501  n=2.000  phase=180.000
     4.1: kPhi -0.279565 -> -0.279438  n=2.000  phase=180.000
     5.1: kPhi 0.728942 -> 0.728990  n=1.000  phase=0.000
     5.2: kPhi 0.536211 -> 0.535475  n=2.000  phase=180.000
     6.1: kPhi -0.232774 -> -0.232722  n=2.000  phase=180.000
  center bond (24, 26): objective 2.088736 -> 2.088736  global RMSE 0.761341 -> 0.761341  (rejected, iterations=1)
     1.1: kPhi 1.830674 -> 1.830674  n=2.000  phase=180.000
     2.1: kPhi 2.468473 -> 2.468473  n=2.000  phase=180.000
     2.2: kPhi -1.129839 -> -1.129839  n=1.000  phase=0.000
  per-scan RMSE:
    (15, 18): 0.513791 -> 0.513815
    (18, 19): 0.935141 -> 0.935112
    (19, 24): 0.475982 -> 0.475914
    (24, 26): 0.976548 -> 0.976539

cycle 116: accepted=1 rejected=3  objective 2.088736 -> 2.088731  global RMSE 0.761341 -> 0.761325
  center bond (15, 18): objective 2.088736 -> 2.088736  global RMSE 0.761341 -> 0.761341  (rejected, iterations=1)
     1.1: kPhi 0.193377 -> 0.193377  n=2.000  phase=180.000
     2.1: kPhi 0.014384 -> 0.014384  n=1.000  phase=0.000
     3.1: kPhi -0.057246 -> -0.057246  n=1.000  phase=0.000
     4.1: kPhi 0.170771 -> 0.170771  n=2.000  phase=180.000
     5.1: kPhi -0.029863 -> -0.029863  n=1.000  phase=0.000
     6.1: kPhi 0.051576 -> 0.051576  n=1.000  phase=0.000
  center bond (18, 19): objective 2.088736 -> 2.088736  global RMSE 0.761341 -> 0.761341  (rejected, iterations=1)
     1.1: kPhi -0.141249 -> -0.141249  n=3.000  phase=0.000
     2.1: kPhi -0.171079 -> -0.171079  n=3.000  phase=0.000
     3.1: kPhi 0.515317 -> 0.515317  n=1.000  phase=0.000
     4.1: kPhi -0.171665 -> -0.171665  n=3.000  phase=0.000
     5.1: kPhi -0.199232 -> -0.199232  n=3.000  phase=0.000
     6.1: kPhi -0.126683 -> -0.126683  n=3.000  phase=0.000
     7.1: kPhi -0.153959 -> -0.153959  n=3.000  phase=0.000
     8.1: kPhi -0.181513 -> -0.181513  n=3.000  phase=0.000
     9.1: kPhi -0.120172 -> -0.120172  n=3.000  phase=0.000
  center bond (19, 24): objective 2.088736 -> 2.088731  global RMSE 0.761341 -> 0.761325  (accepted, iterations=1)
     1.1: kPhi 0.780068 -> 0.779849  n=2.000  phase=180.000
     1.2: kPhi 0.211203 -> 0.211245  n=3.000  phase=180.000
     1.3: kPhi 1.018751 -> 1.018711  n=1.000  phase=0.000
     2.1: kPhi 0.592882 -> 0.592676  n=2.000  phase=180.000
     3.1: kPhi 1.380228 -> 1.380163  n=1.000  phase=0.000
     3.2: kPhi 0.257501 -> 0.256719  n=2.000  phase=180.000
     4.1: kPhi -0.279438 -> -0.279313  n=2.000  phase=180.000
     5.1: kPhi 0.728990 -> 0.729040  n=1.000  phase=0.000
     5.2: kPhi 0.535475 -> 0.534752  n=2.000  phase=180.000
     6.1: kPhi -0.232722 -> -0.232670  n=2.000  phase=180.000
  center bond (24, 26): objective 2.088731 -> 2.088731  global RMSE 0.761325 -> 0.761325  (rejected, iterations=1)
     1.1: kPhi 1.830674 -> 1.830674  n=2.000  phase=180.000
     2.1: kPhi 2.468473 -> 2.468473  n=2.000  phase=180.000
     2.2: kPhi -1.129839 -> -1.129839  n=1.000  phase=0.000
  per-scan RMSE:
    (15, 18): 0.513815 -> 0.513838
    (18, 19): 0.935112 -> 0.935086
    (19, 24): 0.475914 -> 0.475850
    (24, 26): 0.976539 -> 0.976531

cycle 117: accepted=2 rejected=2  objective 2.088731 -> 2.088726  global RMSE 0.761325 -> 0.761315
  center bond (15, 18): objective 2.088731 -> 2.088731  global RMSE 0.761325 -> 0.761325  (rejected, iterations=1)
     1.1: kPhi 0.193377 -> 0.193377  n=2.000  phase=180.000
     2.1: kPhi 0.014384 -> 0.014384  n=1.000  phase=0.000
     3.1: kPhi -0.057246 -> -0.057246  n=1.000  phase=0.000
     4.1: kPhi 0.170771 -> 0.170771  n=2.000  phase=180.000
     5.1: kPhi -0.029863 -> -0.029863  n=1.000  phase=0.000
     6.1: kPhi 0.051576 -> 0.051576  n=1.000  phase=0.000
  center bond (18, 19): objective 2.088731 -> 2.088731  global RMSE 0.761325 -> 0.761325  (rejected, iterations=1)
     1.1: kPhi -0.141249 -> -0.141249  n=3.000  phase=0.000
     2.1: kPhi -0.171079 -> -0.171079  n=3.000  phase=0.000
     3.1: kPhi 0.515317 -> 0.515317  n=1.000  phase=0.000
     4.1: kPhi -0.171665 -> -0.171665  n=3.000  phase=0.000
     5.1: kPhi -0.199232 -> -0.199232  n=3.000  phase=0.000
     6.1: kPhi -0.126683 -> -0.126683  n=3.000  phase=0.000
     7.1: kPhi -0.153959 -> -0.153959  n=3.000  phase=0.000
     8.1: kPhi -0.181513 -> -0.181513  n=3.000  phase=0.000
     9.1: kPhi -0.120172 -> -0.120172  n=3.000  phase=0.000
  center bond (19, 24): objective 2.088731 -> 2.088726  global RMSE 0.761325 -> 0.761307  (accepted, iterations=1)
     1.1: kPhi 0.779849 -> 0.779634  n=2.000  phase=180.000
     1.2: kPhi 0.211245 -> 0.211284  n=3.000  phase=180.000
     1.3: kPhi 1.018711 -> 1.018674  n=1.000  phase=0.000
     2.1: kPhi 0.592676 -> 0.592474  n=2.000  phase=180.000
     3.1: kPhi 1.380163 -> 1.380101  n=1.000  phase=0.000
     3.2: kPhi 0.256719 -> 0.255952  n=2.000  phase=180.000
     4.1: kPhi -0.279313 -> -0.279192  n=2.000  phase=180.000
     5.1: kPhi 0.729040 -> 0.729089  n=1.000  phase=0.000
     5.2: kPhi 0.534752 -> 0.534040  n=2.000  phase=180.000
     6.1: kPhi -0.232670 -> -0.232617  n=2.000  phase=180.000
  center bond (24, 26): objective 2.088726 -> 2.088726  global RMSE 0.761307 -> 0.761315  (accepted, iterations=1)
     1.1: kPhi 1.830674 -> 1.830739  n=2.000  phase=180.000
     2.1: kPhi 2.468473 -> 2.468451  n=2.000  phase=180.000
     2.2: kPhi -1.129839 -> -1.129807  n=1.000  phase=0.000
  per-scan RMSE:
    (15, 18): 0.513838 -> 0.513862
    (18, 19): 0.935086 -> 0.935059
    (19, 24): 0.475850 -> 0.475786
    (24, 26): 0.976531 -> 0.976546

cycle 118: accepted=1 rejected=3  objective 2.088726 -> 2.088721  global RMSE 0.761315 -> 0.761298
  center bond (15, 18): objective 2.088726 -> 2.088726  global RMSE 0.761315 -> 0.761315  (rejected, iterations=1)
     1.1: kPhi 0.193377 -> 0.193377  n=2.000  phase=180.000
     2.1: kPhi 0.014384 -> 0.014384  n=1.000  phase=0.000
     3.1: kPhi -0.057246 -> -0.057246  n=1.000  phase=0.000
     4.1: kPhi 0.170771 -> 0.170771  n=2.000  phase=180.000
     5.1: kPhi -0.029863 -> -0.029863  n=1.000  phase=0.000
     6.1: kPhi 0.051576 -> 0.051576  n=1.000  phase=0.000
  center bond (18, 19): objective 2.088726 -> 2.088726  global RMSE 0.761315 -> 0.761315  (rejected, iterations=1)
     1.1: kPhi -0.141249 -> -0.141249  n=3.000  phase=0.000
     2.1: kPhi -0.171079 -> -0.171079  n=3.000  phase=0.000
     3.1: kPhi 0.515317 -> 0.515317  n=1.000  phase=0.000
     4.1: kPhi -0.171665 -> -0.171665  n=3.000  phase=0.000
     5.1: kPhi -0.199232 -> -0.199232  n=3.000  phase=0.000
     6.1: kPhi -0.126683 -> -0.126683  n=3.000  phase=0.000
     7.1: kPhi -0.153959 -> -0.153959  n=3.000  phase=0.000
     8.1: kPhi -0.181513 -> -0.181513  n=3.000  phase=0.000
     9.1: kPhi -0.120172 -> -0.120172  n=3.000  phase=0.000
  center bond (19, 24): objective 2.088726 -> 2.088721  global RMSE 0.761315 -> 0.761298  (accepted, iterations=1)
     1.1: kPhi 0.779634 -> 0.779424  n=2.000  phase=180.000
     1.2: kPhi 0.211284 -> 0.211323  n=3.000  phase=180.000
     1.3: kPhi 1.018674 -> 1.018638  n=1.000  phase=0.000
     2.1: kPhi 0.592474 -> 0.592276  n=2.000  phase=180.000
     3.1: kPhi 1.380101 -> 1.380042  n=1.000  phase=0.000
     3.2: kPhi 0.255952 -> 0.255202  n=2.000  phase=180.000
     4.1: kPhi -0.279192 -> -0.279073  n=2.000  phase=180.000
     5.1: kPhi 0.729089 -> 0.729138  n=1.000  phase=0.000
     5.2: kPhi 0.534040 -> 0.533340  n=2.000  phase=180.000
     6.1: kPhi -0.232617 -> -0.232565  n=2.000  phase=180.000
  center bond (24, 26): objective 2.088721 -> 2.088721  global RMSE 0.761298 -> 0.761298  (rejected, iterations=1)
     1.1: kPhi 1.830739 -> 1.830739  n=2.000  phase=180.000
     2.1: kPhi 2.468451 -> 2.468451  n=2.000  phase=180.000
     2.2: kPhi -1.129807 -> -1.129807  n=1.000  phase=0.000
  per-scan RMSE:
    (15, 18): 0.513862 -> 0.513884
    (18, 19): 0.935059 -> 0.935033
    (19, 24): 0.475786 -> 0.475724
    (24, 26): 0.976546 -> 0.976537

cycle 119: accepted=1 rejected=3  objective 2.088721 -> 2.088717  global RMSE 0.761298 -> 0.761282
  center bond (15, 18): objective 2.088721 -> 2.088721  global RMSE 0.761298 -> 0.761298  (rejected, iterations=1)
     1.1: kPhi 0.193377 -> 0.193377  n=2.000  phase=180.000
     2.1: kPhi 0.014384 -> 0.014384  n=1.000  phase=0.000
     3.1: kPhi -0.057246 -> -0.057246  n=1.000  phase=0.000
     4.1: kPhi 0.170771 -> 0.170771  n=2.000  phase=180.000
     5.1: kPhi -0.029863 -> -0.029863  n=1.000  phase=0.000
     6.1: kPhi 0.051576 -> 0.051576  n=1.000  phase=0.000
  center bond (18, 19): objective 2.088721 -> 2.088721  global RMSE 0.761298 -> 0.761298  (rejected, iterations=1)
     1.1: kPhi -0.141249 -> -0.141249  n=3.000  phase=0.000
     2.1: kPhi -0.171079 -> -0.171079  n=3.000  phase=0.000
     3.1: kPhi 0.515317 -> 0.515317  n=1.000  phase=0.000
     4.1: kPhi -0.171665 -> -0.171665  n=3.000  phase=0.000
     5.1: kPhi -0.199232 -> -0.199232  n=3.000  phase=0.000
     6.1: kPhi -0.126683 -> -0.126683  n=3.000  phase=0.000
     7.1: kPhi -0.153959 -> -0.153959  n=3.000  phase=0.000
     8.1: kPhi -0.181513 -> -0.181513  n=3.000  phase=0.000
     9.1: kPhi -0.120172 -> -0.120172  n=3.000  phase=0.000
  center bond (19, 24): objective 2.088721 -> 2.088717  global RMSE 0.761298 -> 0.761282  (accepted, iterations=1)
     1.1: kPhi 0.779424 -> 0.779217  n=2.000  phase=180.000
     1.2: kPhi 0.211323 -> 0.211361  n=3.000  phase=180.000
     1.3: kPhi 1.018638 -> 1.018603  n=1.000  phase=0.000
     2.1: kPhi 0.592276 -> 0.592082  n=2.000  phase=180.000
     3.1: kPhi 1.380042 -> 1.379984  n=1.000  phase=0.000
     3.2: kPhi 0.255202 -> 0.254467  n=2.000  phase=180.000
     4.1: kPhi -0.279073 -> -0.278959  n=2.000  phase=180.000
     5.1: kPhi 0.729138 -> 0.729187  n=1.000  phase=0.000
     5.2: kPhi 0.533340 -> 0.532652  n=2.000  phase=180.000
     6.1: kPhi -0.232565 -> -0.232512  n=2.000  phase=180.000
  center bond (24, 26): objective 2.088717 -> 2.088717  global RMSE 0.761282 -> 0.761282  (rejected, iterations=1)
     1.1: kPhi 1.830739 -> 1.830739  n=2.000  phase=180.000
     2.1: kPhi 2.468451 -> 2.468451  n=2.000  phase=180.000
     2.2: kPhi -1.129807 -> -1.129807  n=1.000  phase=0.000
  per-scan RMSE:
    (15, 18): 0.513884 -> 0.513906
    (18, 19): 0.935033 -> 0.935006
    (19, 24): 0.475724 -> 0.475663
    (24, 26): 0.976537 -> 0.976529

cycle 120: accepted=2 rejected=2  objective 2.088717 -> 2.088712  global RMSE 0.761282 -> 0.761274
  center bond (15, 18): objective 2.088717 -> 2.088717  global RMSE 0.761282 -> 0.761282  (rejected, iterations=1)
     1.1: kPhi 0.193377 -> 0.193377  n=2.000  phase=180.000
     2.1: kPhi 0.014384 -> 0.014384  n=1.000  phase=0.000
     3.1: kPhi -0.057246 -> -0.057246  n=1.000  phase=0.000
     4.1: kPhi 0.170771 -> 0.170771  n=2.000  phase=180.000
     5.1: kPhi -0.029863 -> -0.029863  n=1.000  phase=0.000
     6.1: kPhi 0.051576 -> 0.051576  n=1.000  phase=0.000
  center bond (18, 19): objective 2.088717 -> 2.088717  global RMSE 0.761282 -> 0.761282  (rejected, iterations=1)
     1.1: kPhi -0.141249 -> -0.141249  n=3.000  phase=0.000
     2.1: kPhi -0.171079 -> -0.171079  n=3.000  phase=0.000
     3.1: kPhi 0.515317 -> 0.515317  n=1.000  phase=0.000
     4.1: kPhi -0.171665 -> -0.171665  n=3.000  phase=0.000
     5.1: kPhi -0.199232 -> -0.199232  n=3.000  phase=0.000
     6.1: kPhi -0.126683 -> -0.126683  n=3.000  phase=0.000
     7.1: kPhi -0.153959 -> -0.153959  n=3.000  phase=0.000
     8.1: kPhi -0.181513 -> -0.181513  n=3.000  phase=0.000
     9.1: kPhi -0.120172 -> -0.120172  n=3.000  phase=0.000
  center bond (19, 24): objective 2.088717 -> 2.088712  global RMSE 0.761282 -> 0.761266  (accepted, iterations=1)
     1.1: kPhi 0.779217 -> 0.779014  n=2.000  phase=180.000
     1.2: kPhi 0.211361 -> 0.211397  n=3.000  phase=180.000
     1.3: kPhi 1.018603 -> 1.018571  n=1.000  phase=0.000
     2.1: kPhi 0.592082 -> 0.591891  n=2.000  phase=180.000
     3.1: kPhi 1.379984 -> 1.379929  n=1.000  phase=0.000
     3.2: kPhi 0.254467 -> 0.253748  n=2.000  phase=180.000
     4.1: kPhi -0.278959 -> -0.278847  n=2.000  phase=180.000
     5.1: kPhi 0.729187 -> 0.729237  n=1.000  phase=0.000
     5.2: kPhi 0.532652 -> 0.531976  n=2.000  phase=180.000
     6.1: kPhi -0.232512 -> -0.232460  n=2.000  phase=180.000
  center bond (24, 26): objective 2.088712 -> 2.088712  global RMSE 0.761266 -> 0.761274  (accepted, iterations=1)
     1.1: kPhi 1.830739 -> 1.830803  n=2.000  phase=180.000
     2.1: kPhi 2.468451 -> 2.468430  n=2.000  phase=180.000
     2.2: kPhi -1.129807 -> -1.129775  n=1.000  phase=0.000
  per-scan RMSE:
    (15, 18): 0.513906 -> 0.513927
    (18, 19): 0.935006 -> 0.934981
    (19, 24): 0.475663 -> 0.475604
    (24, 26): 0.976529 -> 0.976545

cycle 121: accepted=1 rejected=3  objective 2.088712 -> 2.088708  global RMSE 0.761274 -> 0.761258
  center bond (15, 18): objective 2.088712 -> 2.088712  global RMSE 0.761274 -> 0.761274  (rejected, iterations=1)
     1.1: kPhi 0.193377 -> 0.193377  n=2.000  phase=180.000
     2.1: kPhi 0.014384 -> 0.014384  n=1.000  phase=0.000
     3.1: kPhi -0.057246 -> -0.057246  n=1.000  phase=0.000
     4.1: kPhi 0.170771 -> 0.170771  n=2.000  phase=180.000
     5.1: kPhi -0.029863 -> -0.029863  n=1.000  phase=0.000
     6.1: kPhi 0.051576 -> 0.051576  n=1.000  phase=0.000
  center bond (18, 19): objective 2.088712 -> 2.088712  global RMSE 0.761274 -> 0.761274  (rejected, iterations=1)
     1.1: kPhi -0.141249 -> -0.141249  n=3.000  phase=0.000
     2.1: kPhi -0.171079 -> -0.171079  n=3.000  phase=0.000
     3.1: kPhi 0.515317 -> 0.515317  n=1.000  phase=0.000
     4.1: kPhi -0.171665 -> -0.171665  n=3.000  phase=0.000
     5.1: kPhi -0.199232 -> -0.199232  n=3.000  phase=0.000
     6.1: kPhi -0.126683 -> -0.126683  n=3.000  phase=0.000
     7.1: kPhi -0.153959 -> -0.153959  n=3.000  phase=0.000
     8.1: kPhi -0.181513 -> -0.181513  n=3.000  phase=0.000
     9.1: kPhi -0.120172 -> -0.120172  n=3.000  phase=0.000
  center bond (19, 24): objective 2.088712 -> 2.088708  global RMSE 0.761274 -> 0.761258  (accepted, iterations=1)
     1.1: kPhi 0.779014 -> 0.778816  n=2.000  phase=180.000
     1.2: kPhi 0.211397 -> 0.211432  n=3.000  phase=180.000
     1.3: kPhi 1.018571 -> 1.018539  n=1.000  phase=0.000
     2.1: kPhi 0.591891 -> 0.591704  n=2.000  phase=180.000
     3.1: kPhi 1.379929 -> 1.379877  n=1.000  phase=0.000
     3.2: kPhi 0.253748 -> 0.253043  n=2.000  phase=180.000
     4.1: kPhi -0.278847 -> -0.278738  n=2.000  phase=180.000
     5.1: kPhi 0.729237 -> 0.729286  n=1.000  phase=0.000
     5.2: kPhi 0.531976 -> 0.531310  n=2.000  phase=180.000
     6.1: kPhi -0.232460 -> -0.232408  n=2.000  phase=180.000
  center bond (24, 26): objective 2.088708 -> 2.088708  global RMSE 0.761258 -> 0.761258  (rejected, iterations=1)
     1.1: kPhi 1.830803 -> 1.830803  n=2.000  phase=180.000
     2.1: kPhi 2.468430 -> 2.468430  n=2.000  phase=180.000
     2.2: kPhi -1.129775 -> -1.129775  n=1.000  phase=0.000
  per-scan RMSE:
    (15, 18): 0.513927 -> 0.513948
    (18, 19): 0.934981 -> 0.934956
    (19, 24): 0.475604 -> 0.475545
    (24, 26): 0.976545 -> 0.976538

cycle 122: accepted=1 rejected=3  objective 2.088708 -> 2.088704  global RMSE 0.761258 -> 0.761242
  center bond (15, 18): objective 2.088708 -> 2.088708  global RMSE 0.761258 -> 0.761258  (rejected, iterations=1)
     1.1: kPhi 0.193377 -> 0.193377  n=2.000  phase=180.000
     2.1: kPhi 0.014384 -> 0.014384  n=1.000  phase=0.000
     3.1: kPhi -0.057246 -> -0.057246  n=1.000  phase=0.000
     4.1: kPhi 0.170771 -> 0.170771  n=2.000  phase=180.000
     5.1: kPhi -0.029863 -> -0.029863  n=1.000  phase=0.000
     6.1: kPhi 0.051576 -> 0.051576  n=1.000  phase=0.000
  center bond (18, 19): objective 2.088708 -> 2.088708  global RMSE 0.761258 -> 0.761258  (rejected, iterations=1)
     1.1: kPhi -0.141249 -> -0.141249  n=3.000  phase=0.000
     2.1: kPhi -0.171079 -> -0.171079  n=3.000  phase=0.000
     3.1: kPhi 0.515317 -> 0.515317  n=1.000  phase=0.000
     4.1: kPhi -0.171665 -> -0.171665  n=3.000  phase=0.000
     5.1: kPhi -0.199232 -> -0.199232  n=3.000  phase=0.000
     6.1: kPhi -0.126683 -> -0.126683  n=3.000  phase=0.000
     7.1: kPhi -0.153959 -> -0.153959  n=3.000  phase=0.000
     8.1: kPhi -0.181513 -> -0.181513  n=3.000  phase=0.000
     9.1: kPhi -0.120172 -> -0.120172  n=3.000  phase=0.000
  center bond (19, 24): objective 2.088708 -> 2.088704  global RMSE 0.761258 -> 0.761242  (accepted, iterations=1)
     1.1: kPhi 0.778816 -> 0.778621  n=2.000  phase=180.000
     1.2: kPhi 0.211432 -> 0.211467  n=3.000  phase=180.000
     1.3: kPhi 1.018539 -> 1.018509  n=1.000  phase=0.000
     2.1: kPhi 0.591704 -> 0.591521  n=2.000  phase=180.000
     3.1: kPhi 1.379877 -> 1.379827  n=1.000  phase=0.000
     3.2: kPhi 0.253043 -> 0.252353  n=2.000  phase=180.000
     4.1: kPhi -0.278738 -> -0.278633  n=2.000  phase=180.000
     5.1: kPhi 0.729286 -> 0.729336  n=1.000  phase=0.000
     5.2: kPhi 0.531310 -> 0.530657  n=2.000  phase=180.000
     6.1: kPhi -0.232408 -> -0.232355  n=2.000  phase=180.000
  center bond (24, 26): objective 2.088704 -> 2.088704  global RMSE 0.761242 -> 0.761242  (rejected, iterations=1)
     1.1: kPhi 1.830803 -> 1.830803  n=2.000  phase=180.000
     2.1: kPhi 2.468430 -> 2.468430  n=2.000  phase=180.000
     2.2: kPhi -1.129775 -> -1.129775  n=1.000  phase=0.000
  per-scan RMSE:
    (15, 18): 0.513948 -> 0.513969
    (18, 19): 0.934956 -> 0.934931
    (19, 24): 0.475545 -> 0.475489
    (24, 26): 0.976538 -> 0.976530

cycle 123: accepted=2 rejected=2  objective 2.088704 -> 2.088701  global RMSE 0.761242 -> 0.761235
  center bond (15, 18): objective 2.088704 -> 2.088704  global RMSE 0.761242 -> 0.761242  (rejected, iterations=1)
     1.1: kPhi 0.193377 -> 0.193377  n=2.000  phase=180.000
     2.1: kPhi 0.014384 -> 0.014384  n=1.000  phase=0.000
     3.1: kPhi -0.057246 -> -0.057246  n=1.000  phase=0.000
     4.1: kPhi 0.170771 -> 0.170771  n=2.000  phase=180.000
     5.1: kPhi -0.029863 -> -0.029863  n=1.000  phase=0.000
     6.1: kPhi 0.051576 -> 0.051576  n=1.000  phase=0.000
  center bond (18, 19): objective 2.088704 -> 2.088704  global RMSE 0.761242 -> 0.761242  (rejected, iterations=1)
     1.1: kPhi -0.141249 -> -0.141249  n=3.000  phase=0.000
     2.1: kPhi -0.171079 -> -0.171079  n=3.000  phase=0.000
     3.1: kPhi 0.515317 -> 0.515317  n=1.000  phase=0.000
     4.1: kPhi -0.171665 -> -0.171665  n=3.000  phase=0.000
     5.1: kPhi -0.199232 -> -0.199232  n=3.000  phase=0.000
     6.1: kPhi -0.126683 -> -0.126683  n=3.000  phase=0.000
     7.1: kPhi -0.153959 -> -0.153959  n=3.000  phase=0.000
     8.1: kPhi -0.181513 -> -0.181513  n=3.000  phase=0.000
     9.1: kPhi -0.120172 -> -0.120172  n=3.000  phase=0.000
  center bond (19, 24): objective 2.088704 -> 2.088701  global RMSE 0.761242 -> 0.761227  (accepted, iterations=1)
     1.1: kPhi 0.778621 -> 0.778430  n=2.000  phase=180.000
     1.2: kPhi 0.211467 -> 0.211499  n=3.000  phase=180.000
     1.3: kPhi 1.018509 -> 1.018481  n=1.000  phase=0.000
     2.1: kPhi 0.591521 -> 0.591341  n=2.000  phase=180.000
     3.1: kPhi 1.379827 -> 1.379778  n=1.000  phase=0.000
     3.2: kPhi 0.252353 -> 0.251677  n=2.000  phase=180.000
     4.1: kPhi -0.278633 -> -0.278530  n=2.000  phase=180.000
     5.1: kPhi 0.729336 -> 0.729386  n=1.000  phase=0.000
     5.2: kPhi 0.530657 -> 0.530014  n=2.000  phase=180.000
     6.1: kPhi -0.232355 -> -0.232303  n=2.000  phase=180.000
  center bond (24, 26): objective 2.088701 -> 2.088701  global RMSE 0.761227 -> 0.761235  (accepted, iterations=1)
     1.1: kPhi 1.830803 -> 1.830865  n=2.000  phase=180.000
     2.1: kPhi 2.468430 -> 2.468408  n=2.000  phase=180.000
     2.2: kPhi -1.129775 -> -1.129744  n=1.000  phase=0.000
  per-scan RMSE:
    (15, 18): 0.513969 -> 0.513989
    (18, 19): 0.934931 -> 0.934907
    (19, 24): 0.475489 -> 0.475432
    (24, 26): 0.976530 -> 0.976546

cycle 124: accepted=1 rejected=3  objective 2.088701 -> 2.088697  global RMSE 0.761235 -> 0.761220
  center bond (15, 18): objective 2.088701 -> 2.088701  global RMSE 0.761235 -> 0.761235  (rejected, iterations=1)
     1.1: kPhi 0.193377 -> 0.193377  n=2.000  phase=180.000
     2.1: kPhi 0.014384 -> 0.014384  n=1.000  phase=0.000
     3.1: kPhi -0.057246 -> -0.057246  n=1.000  phase=0.000
     4.1: kPhi 0.170771 -> 0.170771  n=2.000  phase=180.000
     5.1: kPhi -0.029863 -> -0.029863  n=1.000  phase=0.000
     6.1: kPhi 0.051576 -> 0.051576  n=1.000  phase=0.000
  center bond (18, 19): objective 2.088701 -> 2.088701  global RMSE 0.761235 -> 0.761235  (rejected, iterations=1)
     1.1: kPhi -0.141249 -> -0.141249  n=3.000  phase=0.000
     2.1: kPhi -0.171079 -> -0.171079  n=3.000  phase=0.000
     3.1: kPhi 0.515317 -> 0.515317  n=1.000  phase=0.000
     4.1: kPhi -0.171665 -> -0.171665  n=3.000  phase=0.000
     5.1: kPhi -0.199232 -> -0.199232  n=3.000  phase=0.000
     6.1: kPhi -0.126683 -> -0.126683  n=3.000  phase=0.000
     7.1: kPhi -0.153959 -> -0.153959  n=3.000  phase=0.000
     8.1: kPhi -0.181513 -> -0.181513  n=3.000  phase=0.000
     9.1: kPhi -0.120172 -> -0.120172  n=3.000  phase=0.000
  center bond (19, 24): objective 2.088701 -> 2.088697  global RMSE 0.761235 -> 0.761220  (accepted, iterations=1)
     1.1: kPhi 0.778430 -> 0.778243  n=2.000  phase=180.000
     1.2: kPhi 0.211499 -> 0.211532  n=3.000  phase=180.000
     1.3: kPhi 1.018481 -> 1.018454  n=1.000  phase=0.000
     2.1: kPhi 0.591341 -> 0.591165  n=2.000  phase=180.000
     3.1: kPhi 1.379778 -> 1.379732  n=1.000  phase=0.000
     3.2: kPhi 0.251677 -> 0.251015  n=2.000  phase=180.000
     4.1: kPhi -0.278530 -> -0.278430  n=2.000  phase=180.000
     5.1: kPhi 0.729386 -> 0.729435  n=1.000  phase=0.000
     5.2: kPhi 0.530014 -> 0.529382  n=2.000  phase=180.000
     6.1: kPhi -0.232303 -> -0.232252  n=2.000  phase=180.000
  center bond (24, 26): objective 2.088697 -> 2.088697  global RMSE 0.761220 -> 0.761220  (rejected, iterations=1)
     1.1: kPhi 1.830865 -> 1.830865  n=2.000  phase=180.000
     2.1: kPhi 2.468408 -> 2.468408  n=2.000  phase=180.000
     2.2: kPhi -1.129744 -> -1.129744  n=1.000  phase=0.000
  per-scan RMSE:
    (15, 18): 0.513989 -> 0.514009
    (18, 19): 0.934907 -> 0.934883
    (19, 24): 0.475432 -> 0.475378
    (24, 26): 0.976546 -> 0.976539

cycle 125: accepted=1 rejected=3  objective 2.088697 -> 2.088693  global RMSE 0.761220 -> 0.761205
  center bond (15, 18): objective 2.088697 -> 2.088697  global RMSE 0.761220 -> 0.761220  (rejected, iterations=1)
     1.1: kPhi 0.193377 -> 0.193377  n=2.000  phase=180.000
     2.1: kPhi 0.014384 -> 0.014384  n=1.000  phase=0.000
     3.1: kPhi -0.057246 -> -0.057246  n=1.000  phase=0.000
     4.1: kPhi 0.170771 -> 0.170771  n=2.000  phase=180.000
     5.1: kPhi -0.029863 -> -0.029863  n=1.000  phase=0.000
     6.1: kPhi 0.051576 -> 0.051576  n=1.000  phase=0.000
  center bond (18, 19): objective 2.088697 -> 2.088697  global RMSE 0.761220 -> 0.761220  (rejected, iterations=1)
     1.1: kPhi -0.141249 -> -0.141249  n=3.000  phase=0.000
     2.1: kPhi -0.171079 -> -0.171079  n=3.000  phase=0.000
     3.1: kPhi 0.515317 -> 0.515317  n=1.000  phase=0.000
     4.1: kPhi -0.171665 -> -0.171665  n=3.000  phase=0.000
     5.1: kPhi -0.199232 -> -0.199232  n=3.000  phase=0.000
     6.1: kPhi -0.126683 -> -0.126683  n=3.000  phase=0.000
     7.1: kPhi -0.153959 -> -0.153959  n=3.000  phase=0.000
     8.1: kPhi -0.181513 -> -0.181513  n=3.000  phase=0.000
     9.1: kPhi -0.120172 -> -0.120172  n=3.000  phase=0.000
  center bond (19, 24): objective 2.088697 -> 2.088693  global RMSE 0.761220 -> 0.761205  (accepted, iterations=1)
     1.1: kPhi 0.778243 -> 0.778059  n=2.000  phase=180.000
     1.2: kPhi 0.211532 -> 0.211564  n=3.000  phase=180.000
     1.3: kPhi 1.018454 -> 1.018428  n=1.000  phase=0.000
     2.1: kPhi 0.591165 -> 0.590992  n=2.000  phase=180.000
     3.1: kPhi 1.379732 -> 1.379688  n=1.000  phase=0.000
     3.2: kPhi 0.251015 -> 0.250366  n=2.000  phase=180.000
     4.1: kPhi -0.278430 -> -0.278332  n=2.000  phase=180.000
     5.1: kPhi 0.729435 -> 0.729485  n=1.000  phase=0.000
     5.2: kPhi 0.529382 -> 0.528762  n=2.000  phase=180.000
     6.1: kPhi -0.232252 -> -0.232200  n=2.000  phase=180.000
  center bond (24, 26): objective 2.088693 -> 2.088693  global RMSE 0.761205 -> 0.761205  (rejected, iterations=1)
     1.1: kPhi 1.830865 -> 1.830865  n=2.000  phase=180.000
     2.1: kPhi 2.468408 -> 2.468408  n=2.000  phase=180.000
     2.2: kPhi -1.129744 -> -1.129744  n=1.000  phase=0.000
  per-scan RMSE:
    (15, 18): 0.514009 -> 0.514028
    (18, 19): 0.934883 -> 0.934859
    (19, 24): 0.475378 -> 0.475324
    (24, 26): 0.976539 -> 0.976531

cycle 126: accepted=1 rejected=3  objective 2.088693 -> 2.088690  global RMSE 0.761205 -> 0.761191
  center bond (15, 18): objective 2.088693 -> 2.088693  global RMSE 0.761205 -> 0.761205  (rejected, iterations=1)
     1.1: kPhi 0.193377 -> 0.193377  n=2.000  phase=180.000
     2.1: kPhi 0.014384 -> 0.014384  n=1.000  phase=0.000
     3.1: kPhi -0.057246 -> -0.057246  n=1.000  phase=0.000
     4.1: kPhi 0.170771 -> 0.170771  n=2.000  phase=180.000
     5.1: kPhi -0.029863 -> -0.029863  n=1.000  phase=0.000
     6.1: kPhi 0.051576 -> 0.051576  n=1.000  phase=0.000
  center bond (18, 19): objective 2.088693 -> 2.088693  global RMSE 0.761205 -> 0.761205  (rejected, iterations=1)
     1.1: kPhi -0.141249 -> -0.141249  n=3.000  phase=0.000
     2.1: kPhi -0.171079 -> -0.171079  n=3.000  phase=0.000
     3.1: kPhi 0.515317 -> 0.515317  n=1.000  phase=0.000
     4.1: kPhi -0.171665 -> -0.171665  n=3.000  phase=0.000
     5.1: kPhi -0.199232 -> -0.199232  n=3.000  phase=0.000
     6.1: kPhi -0.126683 -> -0.126683  n=3.000  phase=0.000
     7.1: kPhi -0.153959 -> -0.153959  n=3.000  phase=0.000
     8.1: kPhi -0.181513 -> -0.181513  n=3.000  phase=0.000
     9.1: kPhi -0.120172 -> -0.120172  n=3.000  phase=0.000
  center bond (19, 24): objective 2.088693 -> 2.088690  global RMSE 0.761205 -> 0.761191  (accepted, iterations=1)
     1.1: kPhi 0.778059 -> 0.777878  n=2.000  phase=180.000
     1.2: kPhi 0.211564 -> 0.211594  n=3.000  phase=180.000
     1.3: kPhi 1.018428 -> 1.018403  n=1.000  phase=0.000
     2.1: kPhi 0.590992 -> 0.590822  n=2.000  phase=180.000
     3.1: kPhi 1.379688 -> 1.379645  n=1.000  phase=0.000
     3.2: kPhi 0.250366 -> 0.249730  n=2.000  phase=180.000
     4.1: kPhi -0.278332 -> -0.278237  n=2.000  phase=180.000
     5.1: kPhi 0.729485 -> 0.729534  n=1.000  phase=0.000
     5.2: kPhi 0.528762 -> 0.528152  n=2.000  phase=180.000
     6.1: kPhi -0.232200 -> -0.232148  n=2.000  phase=180.000
  center bond (24, 26): objective 2.088690 -> 2.088690  global RMSE 0.761191 -> 0.761191  (rejected, iterations=1)
     1.1: kPhi 1.830865 -> 1.830865  n=2.000  phase=180.000
     2.1: kPhi 2.468408 -> 2.468408  n=2.000  phase=180.000
     2.2: kPhi -1.129744 -> -1.129744  n=1.000  phase=0.000
  per-scan RMSE:
    (15, 18): 0.514028 -> 0.514047
    (18, 19): 0.934859 -> 0.934836
    (19, 24): 0.475324 -> 0.475272
    (24, 26): 0.976531 -> 0.976524

cycle 127: accepted=2 rejected=2  objective 2.088690 -> 2.088687  global RMSE 0.761191 -> 0.761185
  center bond (15, 18): objective 2.088690 -> 2.088690  global RMSE 0.761191 -> 0.761191  (rejected, iterations=1)
     1.1: kPhi 0.193377 -> 0.193377  n=2.000  phase=180.000
     2.1: kPhi 0.014384 -> 0.014384  n=1.000  phase=0.000
     3.1: kPhi -0.057246 -> -0.057246  n=1.000  phase=0.000
     4.1: kPhi 0.170771 -> 0.170771  n=2.000  phase=180.000
     5.1: kPhi -0.029863 -> -0.029863  n=1.000  phase=0.000
     6.1: kPhi 0.051576 -> 0.051576  n=1.000  phase=0.000
  center bond (18, 19): objective 2.088690 -> 2.088690  global RMSE 0.761191 -> 0.761191  (rejected, iterations=1)
     1.1: kPhi -0.141249 -> -0.141249  n=3.000  phase=0.000
     2.1: kPhi -0.171079 -> -0.171079  n=3.000  phase=0.000
     3.1: kPhi 0.515317 -> 0.515317  n=1.000  phase=0.000
     4.1: kPhi -0.171665 -> -0.171665  n=3.000  phase=0.000
     5.1: kPhi -0.199232 -> -0.199232  n=3.000  phase=0.000
     6.1: kPhi -0.126683 -> -0.126683  n=3.000  phase=0.000
     7.1: kPhi -0.153959 -> -0.153959  n=3.000  phase=0.000
     8.1: kPhi -0.181513 -> -0.181513  n=3.000  phase=0.000
     9.1: kPhi -0.120172 -> -0.120172  n=3.000  phase=0.000
  center bond (19, 24): objective 2.088690 -> 2.088687  global RMSE 0.761191 -> 0.761177  (accepted, iterations=1)
     1.1: kPhi 0.777878 -> 0.777701  n=2.000  phase=180.000
     1.2: kPhi 0.211594 -> 0.211623  n=3.000  phase=180.000
     1.3: kPhi 1.018403 -> 1.018379  n=1.000  phase=0.000
     2.1: kPhi 0.590822 -> 0.590656  n=2.000  phase=180.000
     3.1: kPhi 1.379645 -> 1.379605  n=1.000  phase=0.000
     3.2: kPhi 0.249730 -> 0.249108  n=2.000  phase=180.000
     4.1: kPhi -0.278237 -> -0.278145  n=2.000  phase=180.000
     5.1: kPhi 0.729534 -> 0.729583  n=1.000  phase=0.000
     5.2: kPhi 0.528152 -> 0.527552  n=2.000  phase=180.000
     6.1: kPhi -0.232148 -> -0.232097  n=2.000  phase=180.000
  center bond (24, 26): objective 2.088687 -> 2.088687  global RMSE 0.761177 -> 0.761185  (accepted, iterations=1)
     1.1: kPhi 1.830865 -> 1.830931  n=2.000  phase=180.000
     2.1: kPhi 2.468408 -> 2.468391  n=2.000  phase=180.000
     2.2: kPhi -1.129744 -> -1.129707  n=1.000  phase=0.000
  per-scan RMSE:
    (15, 18): 0.514047 -> 0.514066
    (18, 19): 0.934836 -> 0.934813
    (19, 24): 0.475272 -> 0.475220
    (24, 26): 0.976524 -> 0.976545

cycle 128: accepted=1 rejected=3  objective 2.088687 -> 2.088683  global RMSE 0.761185 -> 0.761172
  center bond (15, 18): objective 2.088687 -> 2.088687  global RMSE 0.761185 -> 0.761185  (rejected, iterations=1)
     1.1: kPhi 0.193377 -> 0.193377  n=2.000  phase=180.000
     2.1: kPhi 0.014384 -> 0.014384  n=1.000  phase=0.000
     3.1: kPhi -0.057246 -> -0.057246  n=1.000  phase=0.000
     4.1: kPhi 0.170771 -> 0.170771  n=2.000  phase=180.000
     5.1: kPhi -0.029863 -> -0.029863  n=1.000  phase=0.000
     6.1: kPhi 0.051576 -> 0.051576  n=1.000  phase=0.000
  center bond (18, 19): objective 2.088687 -> 2.088687  global RMSE 0.761185 -> 0.761185  (rejected, iterations=1)
     1.1: kPhi -0.141249 -> -0.141249  n=3.000  phase=0.000
     2.1: kPhi -0.171079 -> -0.171079  n=3.000  phase=0.000
     3.1: kPhi 0.515317 -> 0.515317  n=1.000  phase=0.000
     4.1: kPhi -0.171665 -> -0.171665  n=3.000  phase=0.000
     5.1: kPhi -0.199232 -> -0.199232  n=3.000  phase=0.000
     6.1: kPhi -0.126683 -> -0.126683  n=3.000  phase=0.000
     7.1: kPhi -0.153959 -> -0.153959  n=3.000  phase=0.000
     8.1: kPhi -0.181513 -> -0.181513  n=3.000  phase=0.000
     9.1: kPhi -0.120172 -> -0.120172  n=3.000  phase=0.000
  center bond (19, 24): objective 2.088687 -> 2.088683  global RMSE 0.761185 -> 0.761172  (accepted, iterations=1)
     1.1: kPhi 0.777701 -> 0.777528  n=2.000  phase=180.000
     1.2: kPhi 0.211623 -> 0.211653  n=3.000  phase=180.000
     1.3: kPhi 1.018379 -> 1.018357  n=1.000  phase=0.000
     2.1: kPhi 0.590656 -> 0.590493  n=2.000  phase=180.000
     3.1: kPhi 1.379605 -> 1.379566  n=1.000  phase=0.000
     3.2: kPhi 0.249108 -> 0.248498  n=2.000  phase=180.000
     4.1: kPhi -0.278145 -> -0.278055  n=2.000  phase=180.000
     5.1: kPhi 0.729583 -> 0.729632  n=1.000  phase=0.000
     5.2: kPhi 0.527552 -> 0.526963  n=2.000  phase=180.000
     6.1: kPhi -0.232097 -> -0.232047  n=2.000  phase=180.000
  center bond (24, 26): objective 2.088683 -> 2.088683  global RMSE 0.761172 -> 0.761172  (rejected, iterations=1)
     1.1: kPhi 1.830931 -> 1.830931  n=2.000  phase=180.000
     2.1: kPhi 2.468391 -> 2.468391  n=2.000  phase=180.000
     2.2: kPhi -1.129707 -> -1.129707  n=1.000  phase=0.000
  per-scan RMSE:
    (15, 18): 0.514066 -> 0.514084
    (18, 19): 0.934813 -> 0.934791
    (19, 24): 0.475220 -> 0.475170
    (24, 26): 0.976545 -> 0.976538

cycle 129: accepted=1 rejected=3  objective 2.088683 -> 2.088680  global RMSE 0.761172 -> 0.761158
  center bond (15, 18): objective 2.088683 -> 2.088683  global RMSE 0.761172 -> 0.761172  (rejected, iterations=1)
     1.1: kPhi 0.193377 -> 0.193377  n=2.000  phase=180.000
     2.1: kPhi 0.014384 -> 0.014384  n=1.000  phase=0.000
     3.1: kPhi -0.057246 -> -0.057246  n=1.000  phase=0.000
     4.1: kPhi 0.170771 -> 0.170771  n=2.000  phase=180.000
     5.1: kPhi -0.029863 -> -0.029863  n=1.000  phase=0.000
     6.1: kPhi 0.051576 -> 0.051576  n=1.000  phase=0.000
  center bond (18, 19): objective 2.088683 -> 2.088683  global RMSE 0.761172 -> 0.761172  (rejected, iterations=1)
     1.1: kPhi -0.141249 -> -0.141249  n=3.000  phase=0.000
     2.1: kPhi -0.171079 -> -0.171079  n=3.000  phase=0.000
     3.1: kPhi 0.515317 -> 0.515317  n=1.000  phase=0.000
     4.1: kPhi -0.171665 -> -0.171665  n=3.000  phase=0.000
     5.1: kPhi -0.199232 -> -0.199232  n=3.000  phase=0.000
     6.1: kPhi -0.126683 -> -0.126683  n=3.000  phase=0.000
     7.1: kPhi -0.153959 -> -0.153959  n=3.000  phase=0.000
     8.1: kPhi -0.181513 -> -0.181513  n=3.000  phase=0.000
     9.1: kPhi -0.120172 -> -0.120172  n=3.000  phase=0.000
  center bond (19, 24): objective 2.088683 -> 2.088680  global RMSE 0.761172 -> 0.761158  (accepted, iterations=1)
     1.1: kPhi 0.777528 -> 0.777358  n=2.000  phase=180.000
     1.2: kPhi 0.211653 -> 0.211681  n=3.000  phase=180.000
     1.3: kPhi 1.018357 -> 1.018335  n=1.000  phase=0.000
     2.1: kPhi 0.590493 -> 0.590333  n=2.000  phase=180.000
     3.1: kPhi 1.379566 -> 1.379529  n=1.000  phase=0.000
     3.2: kPhi 0.248498 -> 0.247900  n=2.000  phase=180.000
     4.1: kPhi -0.278055 -> -0.277967  n=2.000  phase=180.000
     5.1: kPhi 0.729632 -> 0.729681  n=1.000  phase=0.000
     5.2: kPhi 0.526963 -> 0.526384  n=2.000  phase=180.000
     6.1: kPhi -0.232047 -> -0.231996  n=2.000  phase=180.000
  center bond (24, 26): objective 2.088680 -> 2.088680  global RMSE 0.761158 -> 0.761158  (rejected, iterations=1)
     1.1: kPhi 1.830931 -> 1.830931  n=2.000  phase=180.000
     2.1: kPhi 2.468391 -> 2.468391  n=2.000  phase=180.000
     2.2: kPhi -1.129707 -> -1.129707  n=1.000  phase=0.000
  per-scan RMSE:
    (15, 18): 0.514084 -> 0.514102
    (18, 19): 0.934791 -> 0.934768
    (19, 24): 0.475170 -> 0.475120
    (24, 26): 0.976538 -> 0.976531

cycle 130: accepted=1 rejected=3  objective 2.088680 -> 2.088677  global RMSE 0.761158 -> 0.761145
  center bond (15, 18): objective 2.088680 -> 2.088680  global RMSE 0.761158 -> 0.761158  (rejected, iterations=1)
     1.1: kPhi 0.193377 -> 0.193377  n=2.000  phase=180.000
     2.1: kPhi 0.014384 -> 0.014384  n=1.000  phase=0.000
     3.1: kPhi -0.057246 -> -0.057246  n=1.000  phase=0.000
     4.1: kPhi 0.170771 -> 0.170771  n=2.000  phase=180.000
     5.1: kPhi -0.029863 -> -0.029863  n=1.000  phase=0.000
     6.1: kPhi 0.051576 -> 0.051576  n=1.000  phase=0.000
  center bond (18, 19): objective 2.088680 -> 2.088680  global RMSE 0.761158 -> 0.761158  (rejected, iterations=1)
     1.1: kPhi -0.141249 -> -0.141249  n=3.000  phase=0.000
     2.1: kPhi -0.171079 -> -0.171079  n=3.000  phase=0.000
     3.1: kPhi 0.515317 -> 0.515317  n=1.000  phase=0.000
     4.1: kPhi -0.171665 -> -0.171665  n=3.000  phase=0.000
     5.1: kPhi -0.199232 -> -0.199232  n=3.000  phase=0.000
     6.1: kPhi -0.126683 -> -0.126683  n=3.000  phase=0.000
     7.1: kPhi -0.153959 -> -0.153959  n=3.000  phase=0.000
     8.1: kPhi -0.181513 -> -0.181513  n=3.000  phase=0.000
     9.1: kPhi -0.120172 -> -0.120172  n=3.000  phase=0.000
  center bond (19, 24): objective 2.088680 -> 2.088677  global RMSE 0.761158 -> 0.761145  (accepted, iterations=1)
     1.1: kPhi 0.777358 -> 0.777191  n=2.000  phase=180.000
     1.2: kPhi 0.211681 -> 0.211708  n=3.000  phase=180.000
     1.3: kPhi 1.018335 -> 1.018315  n=1.000  phase=0.000
     2.1: kPhi 0.590333 -> 0.590176  n=2.000  phase=180.000
     3.1: kPhi 1.379529 -> 1.379493  n=1.000  phase=0.000
     3.2: kPhi 0.247900 -> 0.247314  n=2.000  phase=180.000
     4.1: kPhi -0.277967 -> -0.277882  n=2.000  phase=180.000
     5.1: kPhi 0.729681 -> 0.729730  n=1.000  phase=0.000
     5.2: kPhi 0.526384 -> 0.525816  n=2.000  phase=180.000
     6.1: kPhi -0.231996 -> -0.231946  n=2.000  phase=180.000
  center bond (24, 26): objective 2.088677 -> 2.088677  global RMSE 0.761145 -> 0.761145  (rejected, iterations=1)
     1.1: kPhi 1.830931 -> 1.830931  n=2.000  phase=180.000
     2.1: kPhi 2.468391 -> 2.468391  n=2.000  phase=180.000
     2.2: kPhi -1.129707 -> -1.129707  n=1.000  phase=0.000
  per-scan RMSE:
    (15, 18): 0.514102 -> 0.514120
    (18, 19): 0.934768 -> 0.934747
    (19, 24): 0.475120 -> 0.475072
    (24, 26): 0.976531 -> 0.976525

cycle 131: accepted=3 rejected=1  objective 2.088677 -> 2.088674  global RMSE 0.761145 -> 0.761179
  center bond (15, 18): objective 2.088677 -> 2.088677  global RMSE 0.761145 -> 0.761145  (rejected, iterations=1)
     1.1: kPhi 0.193377 -> 0.193377  n=2.000  phase=180.000
     2.1: kPhi 0.014384 -> 0.014384  n=1.000  phase=0.000
     3.1: kPhi -0.057246 -> -0.057246  n=1.000  phase=0.000
     4.1: kPhi 0.170771 -> 0.170771  n=2.000  phase=180.000
     5.1: kPhi -0.029863 -> -0.029863  n=1.000  phase=0.000
     6.1: kPhi 0.051576 -> 0.051576  n=1.000  phase=0.000
  center bond (18, 19): objective 2.088677 -> 2.088677  global RMSE 0.761145 -> 0.761206  (accepted, iterations=1)
     1.1: kPhi -0.141249 -> -0.141163  n=3.000  phase=0.000
     2.1: kPhi -0.171079 -> -0.170968  n=3.000  phase=0.000
     3.1: kPhi 0.515317 -> 0.515359  n=1.000  phase=0.000
     4.1: kPhi -0.171665 -> -0.171575  n=3.000  phase=0.000
     5.1: kPhi -0.199232 -> -0.199124  n=3.000  phase=0.000
     6.1: kPhi -0.126683 -> -0.126607  n=3.000  phase=0.000
     7.1: kPhi -0.153959 -> -0.153889  n=3.000  phase=0.000
     8.1: kPhi -0.181513 -> -0.181417  n=3.000  phase=0.000
     9.1: kPhi -0.120172 -> -0.120117  n=3.000  phase=0.000
  center bond (19, 24): objective 2.088677 -> 2.088674  global RMSE 0.761206 -> 0.761170  (accepted, iterations=1)
     1.1: kPhi 0.777191 -> 0.777066  n=2.000  phase=180.000
     1.2: kPhi 0.211708 -> 0.211715  n=3.000  phase=180.000
     1.3: kPhi 1.018315 -> 1.018321  n=1.000  phase=0.000
     2.1: kPhi 0.590176 -> 0.590061  n=2.000  phase=180.000
     3.1: kPhi 1.379493 -> 1.379458  n=1.000  phase=0.000
     3.2: kPhi 0.247314 -> 0.246697  n=2.000  phase=180.000
     4.1: kPhi -0.277882 -> -0.277839  n=2.000  phase=180.000
     5.1: kPhi 0.729730 -> 0.729752  n=1.000  phase=0.000
     5.2: kPhi 0.525816 -> 0.525266  n=2.000  phase=180.000
     6.1: kPhi -0.231946 -> -0.231891  n=2.000  phase=180.000
  center bond (24, 26): objective 2.088674 -> 2.088674  global RMSE 0.761170 -> 0.761179  (accepted, iterations=1)
     1.1: kPhi 1.830931 -> 1.830997  n=2.000  phase=180.000
     2.1: kPhi 2.468391 -> 2.468376  n=2.000  phase=180.000
     2.2: kPhi -1.129707 -> -1.129669  n=1.000  phase=0.000
  per-scan RMSE:
    (15, 18): 0.514120 -> 0.514088
    (18, 19): 0.934747 -> 0.934882
    (19, 24): 0.475072 -> 0.475034
    (24, 26): 0.976525 -> 0.976537

cycle 132: accepted=2 rejected=2  objective 2.088674 -> 2.088672  global RMSE 0.761179 -> 0.761179
  center bond (15, 18): objective 2.088674 -> 2.088674  global RMSE 0.761179 -> 0.761174  (accepted, iterations=1)
     1.1: kPhi 0.193377 -> 0.193320  n=2.000  phase=180.000
     2.1: kPhi 0.014384 -> 0.014442  n=1.000  phase=0.000
     3.1: kPhi -0.057246 -> -0.057304  n=1.000  phase=0.000
     4.1: kPhi 0.170771 -> 0.170703  n=2.000  phase=180.000
     5.1: kPhi -0.029863 -> -0.029926  n=1.000  phase=0.000
     6.1: kPhi 0.051576 -> 0.051638  n=1.000  phase=0.000
  center bond (18, 19): objective 2.088674 -> 2.088674  global RMSE 0.761174 -> 0.761174  (rejected, iterations=1)
     1.1: kPhi -0.141163 -> -0.141163  n=3.000  phase=0.000
     2.1: kPhi -0.170968 -> -0.170968  n=3.000  phase=0.000
     3.1: kPhi 0.515359 -> 0.515359  n=1.000  phase=0.000
     4.1: kPhi -0.171575 -> -0.171575  n=3.000  phase=0.000
     5.1: kPhi -0.199124 -> -0.199124  n=3.000  phase=0.000
     6.1: kPhi -0.126607 -> -0.126607  n=3.000  phase=0.000
     7.1: kPhi -0.153889 -> -0.153889  n=3.000  phase=0.000
     8.1: kPhi -0.181417 -> -0.181417  n=3.000  phase=0.000
     9.1: kPhi -0.120117 -> -0.120117  n=3.000  phase=0.000
  center bond (19, 24): objective 2.088674 -> 2.088672  global RMSE 0.761174 -> 0.761179  (accepted, iterations=1)
     1.1: kPhi 0.777066 -> 0.776880  n=2.000  phase=180.000
     1.2: kPhi 0.211715 -> 0.211772  n=3.000  phase=180.000
     1.3: kPhi 1.018321 -> 1.018278  n=1.000  phase=0.000
     2.1: kPhi 0.590061 -> 0.589882  n=2.000  phase=180.000
     3.1: kPhi 1.379458 -> 1.379425  n=1.000  phase=0.000
     3.2: kPhi 0.246697 -> 0.246146  n=2.000  phase=180.000
     4.1: kPhi -0.277839 -> -0.277742  n=2.000  phase=180.000
     5.1: kPhi 0.729752 -> 0.729825  n=1.000  phase=0.000
     5.2: kPhi 0.525266 -> 0.524725  n=2.000  phase=180.000
     6.1: kPhi -0.231891 -> -0.231833  n=2.000  phase=180.000
  center bond (24, 26): objective 2.088672 -> 2.088672  global RMSE 0.761179 -> 0.761179  (rejected, iterations=1)
     1.1: kPhi 1.830997 -> 1.830997  n=2.000  phase=180.000
     2.1: kPhi 2.468376 -> 2.468376  n=2.000  phase=180.000
     2.2: kPhi -1.129669 -> -1.129669  n=1.000  phase=0.000
  per-scan RMSE:
    (15, 18): 0.514088 -> 0.514037
    (18, 19): 0.934882 -> 0.934913
    (19, 24): 0.475034 -> 0.475037
    (24, 26): 0.976537 -> 0.976532

cycle 133: accepted=2 rejected=2  objective 2.088672 -> 2.088669  global RMSE 0.761179 -> 0.761193
  center bond (15, 18): objective 2.088672 -> 2.088672  global RMSE 0.761179 -> 0.761179  (rejected, iterations=1)
     1.1: kPhi 0.193320 -> 0.193320  n=2.000  phase=180.000
     2.1: kPhi 0.014442 -> 0.014442  n=1.000  phase=0.000
     3.1: kPhi -0.057304 -> -0.057304  n=1.000  phase=0.000
     4.1: kPhi 0.170703 -> 0.170703  n=2.000  phase=180.000
     5.1: kPhi -0.029926 -> -0.029926  n=1.000  phase=0.000
     6.1: kPhi 0.051638 -> 0.051638  n=1.000  phase=0.000
  center bond (18, 19): objective 2.088672 -> 2.088672  global RMSE 0.761179 -> 0.761239  (accepted, iterations=1)
     1.1: kPhi -0.141163 -> -0.141108  n=3.000  phase=0.000
     2.1: kPhi -0.170968 -> -0.170826  n=3.000  phase=0.000
     3.1: kPhi 0.515359 -> 0.515556  n=1.000  phase=0.000
     4.1: kPhi -0.171575 -> -0.171509  n=3.000  phase=0.000
     5.1: kPhi -0.199124 -> -0.198994  n=3.000  phase=0.000
     6.1: kPhi -0.126607 -> -0.126580  n=3.000  phase=0.000
     7.1: kPhi -0.153889 -> -0.153881  n=3.000  phase=0.000
     8.1: kPhi -0.181417 -> -0.181318  n=3.000  phase=0.000
     9.1: kPhi -0.120117 -> -0.120142  n=3.000  phase=0.000
  center bond (19, 24): objective 2.088672 -> 2.088669  global RMSE 0.761239 -> 0.761193  (accepted, iterations=1)
     1.1: kPhi 0.776880 -> 0.776783  n=2.000  phase=180.000
     1.2: kPhi 0.211772 -> 0.211773  n=3.000  phase=180.000
     1.3: kPhi 1.018278 -> 1.018293  n=1.000  phase=0.000
     2.1: kPhi 0.589882 -> 0.589794  n=2.000  phase=180.000
     3.1: kPhi 1.379425 -> 1.379398  n=1.000  phase=0.000
     3.2: kPhi 0.246146 -> 0.245536  n=2.000  phase=180.000
     4.1: kPhi -0.277742 -> -0.277715  n=2.000  phase=180.000
     5.1: kPhi 0.729825 -> 0.729835  n=1.000  phase=0.000
     5.2: kPhi 0.524725 -> 0.524191  n=2.000  phase=180.000
     6.1: kPhi -0.231833 -> -0.231784  n=2.000  phase=180.000
  center bond (24, 26): objective 2.088669 -> 2.088669  global RMSE 0.761193 -> 0.761193  (rejected, iterations=1)
     1.1: kPhi 1.830997 -> 1.830997  n=2.000  phase=180.000
     2.1: kPhi 2.468376 -> 2.468376  n=2.000  phase=180.000
     2.2: kPhi -1.129669 -> -1.129669  n=1.000  phase=0.000
  per-scan RMSE:
    (15, 18): 0.514037 -> 0.514037
    (18, 19): 0.934913 -> 0.935026
    (19, 24): 0.475037 -> 0.474933
    (24, 26): 0.976532 -> 0.976519

cycle 134: accepted=1 rejected=3  objective 2.088669 -> 2.088667  global RMSE 0.761193 -> 0.761202
  center bond (15, 18): objective 2.088669 -> 2.088669  global RMSE 0.761193 -> 0.761193  (rejected, iterations=1)
     1.1: kPhi 0.193320 -> 0.193320  n=2.000  phase=180.000
     2.1: kPhi 0.014442 -> 0.014442  n=1.000  phase=0.000
     3.1: kPhi -0.057304 -> -0.057304  n=1.000  phase=0.000
     4.1: kPhi 0.170703 -> 0.170703  n=2.000  phase=180.000
     5.1: kPhi -0.029926 -> -0.029926  n=1.000  phase=0.000
     6.1: kPhi 0.051638 -> 0.051638  n=1.000  phase=0.000
  center bond (18, 19): objective 2.088669 -> 2.088669  global RMSE 0.761193 -> 0.761193  (rejected, iterations=1)
     1.1: kPhi -0.141108 -> -0.141108  n=3.000  phase=0.000
     2.1: kPhi -0.170826 -> -0.170826  n=3.000  phase=0.000
     3.1: kPhi 0.515556 -> 0.515556  n=1.000  phase=0.000
     4.1: kPhi -0.171509 -> -0.171509  n=3.000  phase=0.000
     5.1: kPhi -0.198994 -> -0.198994  n=3.000  phase=0.000
     6.1: kPhi -0.126580 -> -0.126580  n=3.000  phase=0.000
     7.1: kPhi -0.153881 -> -0.153881  n=3.000  phase=0.000
     8.1: kPhi -0.181318 -> -0.181318  n=3.000  phase=0.000
     9.1: kPhi -0.120142 -> -0.120142  n=3.000  phase=0.000
  center bond (19, 24): objective 2.088669 -> 2.088667  global RMSE 0.761193 -> 0.761202  (accepted, iterations=1)
     1.1: kPhi 0.776783 -> 0.776594  n=2.000  phase=180.000
     1.2: kPhi 0.211773 -> 0.211837  n=3.000  phase=180.000
     1.3: kPhi 1.018293 -> 1.018249  n=1.000  phase=0.000
     2.1: kPhi 0.589794 -> 0.589612  n=2.000  phase=180.000
     3.1: kPhi 1.379398 -> 1.379368  n=1.000  phase=0.000
     3.2: kPhi 0.245536 -> 0.245012  n=2.000  phase=180.000
     4.1: kPhi -0.277715 -> -0.277613  n=2.000  phase=180.000
     5.1: kPhi 0.729835 -> 0.729909  n=1.000  phase=0.000
     5.2: kPhi 0.524191 -> 0.523667  n=2.000  phase=180.000
     6.1: kPhi -0.231784 -> -0.231730  n=2.000  phase=180.000
  center bond (24, 26): objective 2.088667 -> 2.088667  global RMSE 0.761202 -> 0.761202  (rejected, iterations=1)
     1.1: kPhi 1.830997 -> 1.830997  n=2.000  phase=180.000
     2.1: kPhi 2.468376 -> 2.468376  n=2.000  phase=180.000
     2.2: kPhi -1.129669 -> -1.129669  n=1.000  phase=0.000
  per-scan RMSE:
    (15, 18): 0.514037 -> 0.514042
    (18, 19): 0.935026 -> 0.935045
    (19, 24): 0.474933 -> 0.474958
    (24, 26): 0.976519 -> 0.976515

cycle 135: accepted=2 rejected=2  objective 2.088667 -> 2.088664  global RMSE 0.761202 -> 0.761185
  center bond (15, 18): objective 2.088667 -> 2.088667  global RMSE 0.761202 -> 0.761202  (rejected, iterations=1)
     1.1: kPhi 0.193320 -> 0.193320  n=2.000  phase=180.000
     2.1: kPhi 0.014442 -> 0.014442  n=1.000  phase=0.000
     3.1: kPhi -0.057304 -> -0.057304  n=1.000  phase=0.000
     4.1: kPhi 0.170703 -> 0.170703  n=2.000  phase=180.000
     5.1: kPhi -0.029926 -> -0.029926  n=1.000  phase=0.000
     6.1: kPhi 0.051638 -> 0.051638  n=1.000  phase=0.000
  center bond (18, 19): objective 2.088667 -> 2.088667  global RMSE 0.761202 -> 0.761202  (rejected, iterations=1)
     1.1: kPhi -0.141108 -> -0.141108  n=3.000  phase=0.000
     2.1: kPhi -0.170826 -> -0.170826  n=3.000  phase=0.000
     3.1: kPhi 0.515556 -> 0.515556  n=1.000  phase=0.000
     4.1: kPhi -0.171509 -> -0.171509  n=3.000  phase=0.000
     5.1: kPhi -0.198994 -> -0.198994  n=3.000  phase=0.000
     6.1: kPhi -0.126580 -> -0.126580  n=3.000  phase=0.000
     7.1: kPhi -0.153881 -> -0.153881  n=3.000  phase=0.000
     8.1: kPhi -0.181318 -> -0.181318  n=3.000  phase=0.000
     9.1: kPhi -0.120142 -> -0.120142  n=3.000  phase=0.000
  center bond (19, 24): objective 2.088667 -> 2.088664  global RMSE 0.761202 -> 0.761177  (accepted, iterations=1)
     1.1: kPhi 0.776594 -> 0.776466  n=2.000  phase=180.000
     1.2: kPhi 0.211837 -> 0.211856  n=3.000  phase=180.000
     1.3: kPhi 1.018249 -> 1.018245  n=1.000  phase=0.000
     2.1: kPhi 0.589612 -> 0.589492  n=2.000  phase=180.000
     3.1: kPhi 1.379368 -> 1.379342  n=1.000  phase=0.000
     3.2: kPhi 0.245012 -> 0.244455  n=2.000  phase=180.000
     4.1: kPhi -0.277613 -> -0.277557  n=2.000  phase=180.000
     5.1: kPhi 0.729909 -> 0.729942  n=1.000  phase=0.000
     5.2: kPhi 0.523667 -> 0.523150  n=2.000  phase=180.000
     6.1: kPhi -0.231730 -> -0.231683  n=2.000  phase=180.000
  center bond (24, 26): objective 2.088664 -> 2.088664  global RMSE 0.761177 -> 0.761185  (accepted, iterations=1)
     1.1: kPhi 1.830997 -> 1.831060  n=2.000  phase=180.000
     2.1: kPhi 2.468376 -> 2.468360  n=2.000  phase=180.000
     2.2: kPhi -1.129669 -> -1.129633  n=1.000  phase=0.000
  per-scan RMSE:
    (15, 18): 0.514042 -> 0.514067
    (18, 19): 0.935045 -> 0.935003
    (19, 24): 0.474958 -> 0.474869
    (24, 26): 0.976515 -> 0.976533

cycle 136: accepted=1 rejected=3  objective 2.088664 -> 2.088662  global RMSE 0.761185 -> 0.761182
  center bond (15, 18): objective 2.088664 -> 2.088664  global RMSE 0.761185 -> 0.761185  (rejected, iterations=1)
     1.1: kPhi 0.193320 -> 0.193320  n=2.000  phase=180.000
     2.1: kPhi 0.014442 -> 0.014442  n=1.000  phase=0.000
     3.1: kPhi -0.057304 -> -0.057304  n=1.000  phase=0.000
     4.1: kPhi 0.170703 -> 0.170703  n=2.000  phase=180.000
     5.1: kPhi -0.029926 -> -0.029926  n=1.000  phase=0.000
     6.1: kPhi 0.051638 -> 0.051638  n=1.000  phase=0.000
  center bond (18, 19): objective 2.088664 -> 2.088664  global RMSE 0.761185 -> 0.761185  (rejected, iterations=1)
     1.1: kPhi -0.141108 -> -0.141108  n=3.000  phase=0.000
     2.1: kPhi -0.170826 -> -0.170826  n=3.000  phase=0.000
     3.1: kPhi 0.515556 -> 0.515556  n=1.000  phase=0.000
     4.1: kPhi -0.171509 -> -0.171509  n=3.000  phase=0.000
     5.1: kPhi -0.198994 -> -0.198994  n=3.000  phase=0.000
     6.1: kPhi -0.126580 -> -0.126580  n=3.000  phase=0.000
     7.1: kPhi -0.153881 -> -0.153881  n=3.000  phase=0.000
     8.1: kPhi -0.181318 -> -0.181318  n=3.000  phase=0.000
     9.1: kPhi -0.120142 -> -0.120142  n=3.000  phase=0.000
  center bond (19, 24): objective 2.088664 -> 2.088662  global RMSE 0.761185 -> 0.761182  (accepted, iterations=1)
     1.1: kPhi 0.776466 -> 0.776305  n=2.000  phase=180.000
     1.2: kPhi 0.211856 -> 0.211899  n=3.000  phase=180.000
     1.3: kPhi 1.018245 -> 1.018219  n=1.000  phase=0.000
     2.1: kPhi 0.589492 -> 0.589338  n=2.000  phase=180.000
     3.1: kPhi 1.379342 -> 1.379315  n=1.000  phase=0.000
     3.2: kPhi 0.244455 -> 0.243938  n=2.000  phase=180.000
     4.1: kPhi -0.277557 -> -0.277473  n=2.000  phase=180.000
     5.1: kPhi 0.729942 -> 0.729999  n=1.000  phase=0.000
     5.2: kPhi 0.523150 -> 0.522642  n=2.000  phase=180.000
     6.1: kPhi -0.231683 -> -0.231635  n=2.000  phase=180.000
  center bond (24, 26): objective 2.088662 -> 2.088662  global RMSE 0.761182 -> 0.761182  (rejected, iterations=1)
     1.1: kPhi 1.831060 -> 1.831060  n=2.000  phase=180.000
     2.1: kPhi 2.468360 -> 2.468360  n=2.000  phase=180.000
     2.2: kPhi -1.129633 -> -1.129633  n=1.000  phase=0.000
  per-scan RMSE:
    (15, 18): 0.514067 -> 0.514079
    (18, 19): 0.935003 -> 0.934998
    (19, 24): 0.474869 -> 0.474854
    (24, 26): 0.976533 -> 0.976527

cycle 137: accepted=1 rejected=3  objective 2.088662 -> 2.088659  global RMSE 0.761182 -> 0.761165
  center bond (15, 18): objective 2.088662 -> 2.088662  global RMSE 0.761182 -> 0.761182  (rejected, iterations=1)
     1.1: kPhi 0.193320 -> 0.193320  n=2.000  phase=180.000
     2.1: kPhi 0.014442 -> 0.014442  n=1.000  phase=0.000
     3.1: kPhi -0.057304 -> -0.057304  n=1.000  phase=0.000
     4.1: kPhi 0.170703 -> 0.170703  n=2.000  phase=180.000
     5.1: kPhi -0.029926 -> -0.029926  n=1.000  phase=0.000
     6.1: kPhi 0.051638 -> 0.051638  n=1.000  phase=0.000
  center bond (18, 19): objective 2.088662 -> 2.088662  global RMSE 0.761182 -> 0.761182  (rejected, iterations=1)
     1.1: kPhi -0.141108 -> -0.141108  n=3.000  phase=0.000
     2.1: kPhi -0.170826 -> -0.170826  n=3.000  phase=0.000
     3.1: kPhi 0.515556 -> 0.515556  n=1.000  phase=0.000
     4.1: kPhi -0.171509 -> -0.171509  n=3.000  phase=0.000
     5.1: kPhi -0.198994 -> -0.198994  n=3.000  phase=0.000
     6.1: kPhi -0.126580 -> -0.126580  n=3.000  phase=0.000
     7.1: kPhi -0.153881 -> -0.153881  n=3.000  phase=0.000
     8.1: kPhi -0.181318 -> -0.181318  n=3.000  phase=0.000
     9.1: kPhi -0.120142 -> -0.120142  n=3.000  phase=0.000
  center bond (19, 24): objective 2.088662 -> 2.088659  global RMSE 0.761182 -> 0.761165  (accepted, iterations=1)
     1.1: kPhi 0.776305 -> 0.776168  n=2.000  phase=180.000
     1.2: kPhi 0.211899 -> 0.211924  n=3.000  phase=180.000
     1.3: kPhi 1.018219 -> 1.018209  n=1.000  phase=0.000
     2.1: kPhi 0.589338 -> 0.589210  n=2.000  phase=180.000
     3.1: kPhi 1.379315 -> 1.379290  n=1.000  phase=0.000
     3.2: kPhi 0.243938 -> 0.243415  n=2.000  phase=180.000
     4.1: kPhi -0.277473 -> -0.277408  n=2.000  phase=180.000
     5.1: kPhi 0.729999 -> 0.730040  n=1.000  phase=0.000
     5.2: kPhi 0.522642 -> 0.522142  n=2.000  phase=180.000
     6.1: kPhi -0.231635 -> -0.231590  n=2.000  phase=180.000
  center bond (24, 26): objective 2.088659 -> 2.088659  global RMSE 0.761165 -> 0.761165  (rejected, iterations=1)
     1.1: kPhi 1.831060 -> 1.831060  n=2.000  phase=180.000
     2.1: kPhi 2.468360 -> 2.468360  n=2.000  phase=180.000
     2.2: kPhi -1.129633 -> -1.129633  n=1.000  phase=0.000
  per-scan RMSE:
    (15, 18): 0.514079 -> 0.514098
    (18, 19): 0.934998 -> 0.934970
    (19, 24): 0.474854 -> 0.474796
    (24, 26): 0.976527 -> 0.976521

cycle 138: accepted=1 rejected=3  objective 2.088659 -> 2.088657  global RMSE 0.761165 -> 0.761157
  center bond (15, 18): objective 2.088659 -> 2.088659  global RMSE 0.761165 -> 0.761165  (rejected, iterations=1)
     1.1: kPhi 0.193320 -> 0.193320  n=2.000  phase=180.000
     2.1: kPhi 0.014442 -> 0.014442  n=1.000  phase=0.000
     3.1: kPhi -0.057304 -> -0.057304  n=1.000  phase=0.000
     4.1: kPhi 0.170703 -> 0.170703  n=2.000  phase=180.000
     5.1: kPhi -0.029926 -> -0.029926  n=1.000  phase=0.000
     6.1: kPhi 0.051638 -> 0.051638  n=1.000  phase=0.000
  center bond (18, 19): objective 2.088659 -> 2.088659  global RMSE 0.761165 -> 0.761165  (rejected, iterations=1)
     1.1: kPhi -0.141108 -> -0.141108  n=3.000  phase=0.000
     2.1: kPhi -0.170826 -> -0.170826  n=3.000  phase=0.000
     3.1: kPhi 0.515556 -> 0.515556  n=1.000  phase=0.000
     4.1: kPhi -0.171509 -> -0.171509  n=3.000  phase=0.000
     5.1: kPhi -0.198994 -> -0.198994  n=3.000  phase=0.000
     6.1: kPhi -0.126580 -> -0.126580  n=3.000  phase=0.000
     7.1: kPhi -0.153881 -> -0.153881  n=3.000  phase=0.000
     8.1: kPhi -0.181318 -> -0.181318  n=3.000  phase=0.000
     9.1: kPhi -0.120142 -> -0.120142  n=3.000  phase=0.000
  center bond (19, 24): objective 2.088659 -> 2.088657  global RMSE 0.761165 -> 0.761157  (accepted, iterations=1)
     1.1: kPhi 0.776168 -> 0.776020  n=2.000  phase=180.000
     1.2: kPhi 0.211924 -> 0.211956  n=3.000  phase=180.000
     1.3: kPhi 1.018209 -> 1.018191  n=1.000  phase=0.000
     2.1: kPhi 0.589210 -> 0.589070  n=2.000  phase=180.000
     3.1: kPhi 1.379290 -> 1.379266  n=1.000  phase=0.000
     3.2: kPhi 0.243415 -> 0.242913  n=2.000  phase=180.000
     4.1: kPhi -0.277408 -> -0.277333  n=2.000  phase=180.000
     5.1: kPhi 0.730040 -> 0.730091  n=1.000  phase=0.000
     5.2: kPhi 0.522142 -> 0.521650  n=2.000  phase=180.000
     6.1: kPhi -0.231590 -> -0.231544  n=2.000  phase=180.000
  center bond (24, 26): objective 2.088657 -> 2.088657  global RMSE 0.761157 -> 0.761157  (rejected, iterations=1)
     1.1: kPhi 1.831060 -> 1.831060  n=2.000  phase=180.000
     2.1: kPhi 2.468360 -> 2.468360  n=2.000  phase=180.000
     2.2: kPhi -1.129633 -> -1.129633  n=1.000  phase=0.000
  per-scan RMSE:
    (15, 18): 0.514098 -> 0.514112
    (18, 19): 0.934970 -> 0.934957
    (19, 24): 0.474796 -> 0.474765
    (24, 26): 0.976521 -> 0.976515

cycle 139: accepted=2 rejected=2  objective 2.088657 -> 2.088655  global RMSE 0.761157 -> 0.761130
  center bond (15, 18): objective 2.088657 -> 2.088657  global RMSE 0.761157 -> 0.761157  (rejected, iterations=1)
     1.1: kPhi 0.193320 -> 0.193320  n=2.000  phase=180.000
     2.1: kPhi 0.014442 -> 0.014442  n=1.000  phase=0.000
     3.1: kPhi -0.057304 -> -0.057304  n=1.000  phase=0.000
     4.1: kPhi 0.170703 -> 0.170703  n=2.000  phase=180.000
     5.1: kPhi -0.029926 -> -0.029926  n=1.000  phase=0.000
     6.1: kPhi 0.051638 -> 0.051638  n=1.000  phase=0.000
  center bond (18, 19): objective 2.088657 -> 2.088657  global RMSE 0.761157 -> 0.761136  (accepted, iterations=1)
     1.1: kPhi -0.141108 -> -0.141155  n=3.000  phase=0.000
     2.1: kPhi -0.170826 -> -0.170842  n=3.000  phase=0.000
     3.1: kPhi 0.515556 -> 0.515632  n=1.000  phase=0.000
     4.1: kPhi -0.171509 -> -0.171548  n=3.000  phase=0.000
     5.1: kPhi -0.198994 -> -0.199010  n=3.000  phase=0.000
     6.1: kPhi -0.126580 -> -0.126631  n=3.000  phase=0.000
     7.1: kPhi -0.153881 -> -0.153943  n=3.000  phase=0.000
     8.1: kPhi -0.181318 -> -0.181348  n=3.000  phase=0.000
     9.1: kPhi -0.120142 -> -0.120214  n=3.000  phase=0.000
  center bond (19, 24): objective 2.088657 -> 2.088655  global RMSE 0.761136 -> 0.761130  (accepted, iterations=1)
     1.1: kPhi 0.776020 -> 0.775872  n=2.000  phase=180.000
     1.2: kPhi 0.211956 -> 0.211986  n=3.000  phase=180.000
     1.3: kPhi 1.018191 -> 1.018172  n=1.000  phase=0.000
     2.1: kPhi 0.589070 -> 0.588930  n=2.000  phase=180.000
     3.1: kPhi 1.379266 -> 1.379245  n=1.000  phase=0.000
     3.2: kPhi 0.242913 -> 0.242433  n=2.000  phase=180.000
     4.1: kPhi -0.277333 -> -0.277250  n=2.000  phase=180.000
     5.1: kPhi 0.730091 -> 0.730140  n=1.000  phase=0.000
     5.2: kPhi 0.521650 -> 0.521160  n=2.000  phase=180.000
     6.1: kPhi -0.231544 -> -0.231506  n=2.000  phase=180.000
  center bond (24, 26): objective 2.088655 -> 2.088655  global RMSE 0.761130 -> 0.761130  (rejected, iterations=1)
     1.1: kPhi 1.831060 -> 1.831060  n=2.000  phase=180.000
     2.1: kPhi 2.468360 -> 2.468360  n=2.000  phase=180.000
     2.2: kPhi -1.129633 -> -1.129633  n=1.000  phase=0.000
  per-scan RMSE:
    (15, 18): 0.514112 -> 0.514158
    (18, 19): 0.934957 -> 0.934879
    (19, 24): 0.474765 -> 0.474697
    (24, 26): 0.976515 -> 0.976514

cycle 140: accepted=2 rejected=2  objective 2.088655 -> 2.088653  global RMSE 0.761130 -> 0.761123
  center bond (15, 18): objective 2.088655 -> 2.088655  global RMSE 0.761130 -> 0.761130  (rejected, iterations=1)
     1.1: kPhi 0.193320 -> 0.193320  n=2.000  phase=180.000
     2.1: kPhi 0.014442 -> 0.014442  n=1.000  phase=0.000
     3.1: kPhi -0.057304 -> -0.057304  n=1.000  phase=0.000
     4.1: kPhi 0.170703 -> 0.170703  n=2.000  phase=180.000
     5.1: kPhi -0.029926 -> -0.029926  n=1.000  phase=0.000
     6.1: kPhi 0.051638 -> 0.051638  n=1.000  phase=0.000
  center bond (18, 19): objective 2.088655 -> 2.088655  global RMSE 0.761130 -> 0.761130  (rejected, iterations=1)
     1.1: kPhi -0.141155 -> -0.141155  n=3.000  phase=0.000
     2.1: kPhi -0.170842 -> -0.170842  n=3.000  phase=0.000
     3.1: kPhi 0.515632 -> 0.515632  n=1.000  phase=0.000
     4.1: kPhi -0.171548 -> -0.171548  n=3.000  phase=0.000
     5.1: kPhi -0.199010 -> -0.199010  n=3.000  phase=0.000
     6.1: kPhi -0.126631 -> -0.126631  n=3.000  phase=0.000
     7.1: kPhi -0.153943 -> -0.153943  n=3.000  phase=0.000
     8.1: kPhi -0.181348 -> -0.181348  n=3.000  phase=0.000
     9.1: kPhi -0.120214 -> -0.120214  n=3.000  phase=0.000
  center bond (19, 24): objective 2.088655 -> 2.088653  global RMSE 0.761130 -> 0.761115  (accepted, iterations=1)
     1.1: kPhi 0.775872 -> 0.775740  n=2.000  phase=180.000
     1.2: kPhi 0.211986 -> 0.212004  n=3.000  phase=180.000
     1.3: kPhi 1.018172 -> 1.018163  n=1.000  phase=0.000
     2.1: kPhi 0.588930 -> 0.588807  n=2.000  phase=180.000
     3.1: kPhi 1.379245 -> 1.379225  n=1.000  phase=0.000
     3.2: kPhi 0.242433 -> 0.241948  n=2.000  phase=180.000
     4.1: kPhi -0.277250 -> -0.277184  n=2.000  phase=180.000
     5.1: kPhi 0.730140 -> 0.730180  n=1.000  phase=0.000
     5.2: kPhi 0.521160 -> 0.520681  n=2.000  phase=180.000
     6.1: kPhi -0.231506 -> -0.231467  n=2.000  phase=180.000
  center bond (24, 26): objective 2.088653 -> 2.088653  global RMSE 0.761115 -> 0.761123  (accepted, iterations=1)
     1.1: kPhi 1.831060 -> 1.831123  n=2.000  phase=180.000
     2.1: kPhi 2.468360 -> 2.468345  n=2.000  phase=180.000
     2.2: kPhi -1.129633 -> -1.129596  n=1.000  phase=0.000
  per-scan RMSE:
    (15, 18): 0.514158 -> 0.514175
    (18, 19): 0.934879 -> 0.934851
    (19, 24): 0.474697 -> 0.474650
    (24, 26): 0.976514 -> 0.976535

cycle 141: accepted=1 rejected=3  objective 2.088653 -> 2.088651  global RMSE 0.761123 -> 0.761115
  center bond (15, 18): objective 2.088653 -> 2.088653  global RMSE 0.761123 -> 0.761123  (rejected, iterations=1)
     1.1: kPhi 0.193320 -> 0.193320  n=2.000  phase=180.000
     2.1: kPhi 0.014442 -> 0.014442  n=1.000  phase=0.000
     3.1: kPhi -0.057304 -> -0.057304  n=1.000  phase=0.000
     4.1: kPhi 0.170703 -> 0.170703  n=2.000  phase=180.000
     5.1: kPhi -0.029926 -> -0.029926  n=1.000  phase=0.000
     6.1: kPhi 0.051638 -> 0.051638  n=1.000  phase=0.000
  center bond (18, 19): objective 2.088653 -> 2.088653  global RMSE 0.761123 -> 0.761123  (rejected, iterations=1)
     1.1: kPhi -0.141155 -> -0.141155  n=3.000  phase=0.000
     2.1: kPhi -0.170842 -> -0.170842  n=3.000  phase=0.000
     3.1: kPhi 0.515632 -> 0.515632  n=1.000  phase=0.000
     4.1: kPhi -0.171548 -> -0.171548  n=3.000  phase=0.000
     5.1: kPhi -0.199010 -> -0.199010  n=3.000  phase=0.000
     6.1: kPhi -0.126631 -> -0.126631  n=3.000  phase=0.000
     7.1: kPhi -0.153943 -> -0.153943  n=3.000  phase=0.000
     8.1: kPhi -0.181348 -> -0.181348  n=3.000  phase=0.000
     9.1: kPhi -0.120214 -> -0.120214  n=3.000  phase=0.000
  center bond (19, 24): objective 2.088653 -> 2.088651  global RMSE 0.761123 -> 0.761115  (accepted, iterations=1)
     1.1: kPhi 0.775740 -> 0.775602  n=2.000  phase=180.000
     1.2: kPhi 0.212004 -> 0.212028  n=3.000  phase=180.000
     1.3: kPhi 1.018163 -> 1.018148  n=1.000  phase=0.000
     2.1: kPhi 0.588807 -> 0.588677  n=2.000  phase=180.000
     3.1: kPhi 1.379225 -> 1.379206  n=1.000  phase=0.000
     3.2: kPhi 0.241948 -> 0.241479  n=2.000  phase=180.000
     4.1: kPhi -0.277184 -> -0.277113  n=2.000  phase=180.000
     5.1: kPhi 0.730180 -> 0.730226  n=1.000  phase=0.000
     5.2: kPhi 0.520681 -> 0.520211  n=2.000  phase=180.000
     6.1: kPhi -0.231467 -> -0.231425  n=2.000  phase=180.000
  center bond (24, 26): objective 2.088651 -> 2.088651  global RMSE 0.761115 -> 0.761115  (rejected, iterations=1)
     1.1: kPhi 1.831123 -> 1.831123  n=2.000  phase=180.000
     2.1: kPhi 2.468345 -> 2.468345  n=2.000  phase=180.000
     2.2: kPhi -1.129596 -> -1.129596  n=1.000  phase=0.000
  per-scan RMSE:
    (15, 18): 0.514175 -> 0.514187
    (18, 19): 0.934851 -> 0.934835
    (19, 24): 0.474650 -> 0.474622
    (24, 26): 0.976535 -> 0.976530

cycle 142: accepted=1 rejected=3  objective 2.088651 -> 2.088649  global RMSE 0.761115 -> 0.761102
  center bond (15, 18): objective 2.088651 -> 2.088651  global RMSE 0.761115 -> 0.761115  (rejected, iterations=1)
     1.1: kPhi 0.193320 -> 0.193320  n=2.000  phase=180.000
     2.1: kPhi 0.014442 -> 0.014442  n=1.000  phase=0.000
     3.1: kPhi -0.057304 -> -0.057304  n=1.000  phase=0.000
     4.1: kPhi 0.170703 -> 0.170703  n=2.000  phase=180.000
     5.1: kPhi -0.029926 -> -0.029926  n=1.000  phase=0.000
     6.1: kPhi 0.051638 -> 0.051638  n=1.000  phase=0.000
  center bond (18, 19): objective 2.088651 -> 2.088651  global RMSE 0.761115 -> 0.761115  (rejected, iterations=1)
     1.1: kPhi -0.141155 -> -0.141155  n=3.000  phase=0.000
     2.1: kPhi -0.170842 -> -0.170842  n=3.000  phase=0.000
     3.1: kPhi 0.515632 -> 0.515632  n=1.000  phase=0.000
     4.1: kPhi -0.171548 -> -0.171548  n=3.000  phase=0.000
     5.1: kPhi -0.199010 -> -0.199010  n=3.000  phase=0.000
     6.1: kPhi -0.126631 -> -0.126631  n=3.000  phase=0.000
     7.1: kPhi -0.153943 -> -0.153943  n=3.000  phase=0.000
     8.1: kPhi -0.181348 -> -0.181348  n=3.000  phase=0.000
     9.1: kPhi -0.120214 -> -0.120214  n=3.000  phase=0.000
  center bond (19, 24): objective 2.088651 -> 2.088649  global RMSE 0.761115 -> 0.761102  (accepted, iterations=1)
     1.1: kPhi 0.775602 -> 0.775472  n=2.000  phase=180.000
     1.2: kPhi 0.212028 -> 0.212047  n=3.000  phase=180.000
     1.3: kPhi 1.018148 -> 1.018138  n=1.000  phase=0.000
     2.1: kPhi 0.588677 -> 0.588554  n=2.000  phase=180.000
     3.1: kPhi 1.379206 -> 1.379187  n=1.000  phase=0.000
     3.2: kPhi 0.241479 -> 0.241015  n=2.000  phase=180.000
     4.1: kPhi -0.277113 -> -0.277048  n=2.000  phase=180.000
     5.1: kPhi 0.730226 -> 0.730268  n=1.000  phase=0.000
     5.2: kPhi 0.520211 -> 0.519750  n=2.000  phase=180.000
     6.1: kPhi -0.231425 -> -0.231384  n=2.000  phase=180.000
  center bond (24, 26): objective 2.088649 -> 2.088649  global RMSE 0.761102 -> 0.761102  (rejected, iterations=1)
     1.1: kPhi 1.831123 -> 1.831123  n=2.000  phase=180.000
     2.1: kPhi 2.468345 -> 2.468345  n=2.000  phase=180.000
     2.2: kPhi -1.129596 -> -1.129596  n=1.000  phase=0.000
  per-scan RMSE:
    (15, 18): 0.514187 -> 0.514202
    (18, 19): 0.934835 -> 0.934813
    (19, 24): 0.474622 -> 0.474582
    (24, 26): 0.976530 -> 0.976524

cycle 143: accepted=1 rejected=3  objective 2.088649 -> 2.088648  global RMSE 0.761102 -> 0.761093
  center bond (15, 18): objective 2.088649 -> 2.088649  global RMSE 0.761102 -> 0.761102  (rejected, iterations=1)
     1.1: kPhi 0.193320 -> 0.193320  n=2.000  phase=180.000
     2.1: kPhi 0.014442 -> 0.014442  n=1.000  phase=0.000
     3.1: kPhi -0.057304 -> -0.057304  n=1.000  phase=0.000
     4.1: kPhi 0.170703 -> 0.170703  n=2.000  phase=180.000
     5.1: kPhi -0.029926 -> -0.029926  n=1.000  phase=0.000
     6.1: kPhi 0.051638 -> 0.051638  n=1.000  phase=0.000
  center bond (18, 19): objective 2.088649 -> 2.088649  global RMSE 0.761102 -> 0.761102  (rejected, iterations=1)
     1.1: kPhi -0.141155 -> -0.141155  n=3.000  phase=0.000
     2.1: kPhi -0.170842 -> -0.170842  n=3.000  phase=0.000
     3.1: kPhi 0.515632 -> 0.515632  n=1.000  phase=0.000
     4.1: kPhi -0.171548 -> -0.171548  n=3.000  phase=0.000
     5.1: kPhi -0.199010 -> -0.199010  n=3.000  phase=0.000
     6.1: kPhi -0.126631 -> -0.126631  n=3.000  phase=0.000
     7.1: kPhi -0.153943 -> -0.153943  n=3.000  phase=0.000
     8.1: kPhi -0.181348 -> -0.181348  n=3.000  phase=0.000
     9.1: kPhi -0.120214 -> -0.120214  n=3.000  phase=0.000
  center bond (19, 24): objective 2.088649 -> 2.088648  global RMSE 0.761102 -> 0.761093  (accepted, iterations=1)
     1.1: kPhi 0.775472 -> 0.775340  n=2.000  phase=180.000
     1.2: kPhi 0.212047 -> 0.212069  n=3.000  phase=180.000
     1.3: kPhi 1.018138 -> 1.018126  n=1.000  phase=0.000
     2.1: kPhi 0.588554 -> 0.588431  n=2.000  phase=180.000
     3.1: kPhi 1.379187 -> 1.379169  n=1.000  phase=0.000
     3.2: kPhi 0.241015 -> 0.240562  n=2.000  phase=180.000
     4.1: kPhi -0.277048 -> -0.276983  n=2.000  phase=180.000
     5.1: kPhi 0.730268 -> 0.730313  n=1.000  phase=0.000
     5.2: kPhi 0.519750 -> 0.519298  n=2.000  phase=180.000
     6.1: kPhi -0.231384 -> -0.231342  n=2.000  phase=180.000
  center bond (24, 26): objective 2.088648 -> 2.088648  global RMSE 0.761093 -> 0.761093  (rejected, iterations=1)
     1.1: kPhi 1.831123 -> 1.831123  n=2.000  phase=180.000
     2.1: kPhi 2.468345 -> 2.468345  n=2.000  phase=180.000
     2.2: kPhi -1.129596 -> -1.129596  n=1.000  phase=0.000
  per-scan RMSE:
    (15, 18): 0.514202 -> 0.514215
    (18, 19): 0.934813 -> 0.934797
    (19, 24): 0.474582 -> 0.474549
    (24, 26): 0.976524 -> 0.976519

cycle 144: accepted=1 rejected=3  objective 2.088648 -> 2.088646  global RMSE 0.761093 -> 0.761082
  center bond (15, 18): objective 2.088648 -> 2.088648  global RMSE 0.761093 -> 0.761093  (rejected, iterations=1)
     1.1: kPhi 0.193320 -> 0.193320  n=2.000  phase=180.000
     2.1: kPhi 0.014442 -> 0.014442  n=1.000  phase=0.000
     3.1: kPhi -0.057304 -> -0.057304  n=1.000  phase=0.000
     4.1: kPhi 0.170703 -> 0.170703  n=2.000  phase=180.000
     5.1: kPhi -0.029926 -> -0.029926  n=1.000  phase=0.000
     6.1: kPhi 0.051638 -> 0.051638  n=1.000  phase=0.000
  center bond (18, 19): objective 2.088648 -> 2.088648  global RMSE 0.761093 -> 0.761093  (rejected, iterations=1)
     1.1: kPhi -0.141155 -> -0.141155  n=3.000  phase=0.000
     2.1: kPhi -0.170842 -> -0.170842  n=3.000  phase=0.000
     3.1: kPhi 0.515632 -> 0.515632  n=1.000  phase=0.000
     4.1: kPhi -0.171548 -> -0.171548  n=3.000  phase=0.000
     5.1: kPhi -0.199010 -> -0.199010  n=3.000  phase=0.000
     6.1: kPhi -0.126631 -> -0.126631  n=3.000  phase=0.000
     7.1: kPhi -0.153943 -> -0.153943  n=3.000  phase=0.000
     8.1: kPhi -0.181348 -> -0.181348  n=3.000  phase=0.000
     9.1: kPhi -0.120214 -> -0.120214  n=3.000  phase=0.000
  center bond (19, 24): objective 2.088648 -> 2.088646  global RMSE 0.761093 -> 0.761082  (accepted, iterations=1)
     1.1: kPhi 0.775340 -> 0.775213  n=2.000  phase=180.000
     1.2: kPhi 0.212069 -> 0.212088  n=3.000  phase=180.000
     1.3: kPhi 1.018126 -> 1.018116  n=1.000  phase=0.000
     2.1: kPhi 0.588431 -> 0.588311  n=2.000  phase=180.000
     3.1: kPhi 1.379169 -> 1.379151  n=1.000  phase=0.000
     3.2: kPhi 0.240562 -> 0.240117  n=2.000  phase=180.000
     4.1: kPhi -0.276983 -> -0.276922  n=2.000  phase=180.000
     5.1: kPhi 0.730313 -> 0.730355  n=1.000  phase=0.000
     5.2: kPhi 0.519298 -> 0.518854  n=2.000  phase=180.000
     6.1: kPhi -0.231342 -> -0.231300  n=2.000  phase=180.000
  center bond (24, 26): objective 2.088646 -> 2.088646  global RMSE 0.761082 -> 0.761082  (rejected, iterations=1)
     1.1: kPhi 1.831123 -> 1.831123  n=2.000  phase=180.000
     2.1: kPhi 2.468345 -> 2.468345  n=2.000  phase=180.000
     2.2: kPhi -1.129596 -> -1.129596  n=1.000  phase=0.000
  per-scan RMSE:
    (15, 18): 0.514215 -> 0.514229
    (18, 19): 0.934797 -> 0.934778
    (19, 24): 0.474549 -> 0.474512
    (24, 26): 0.976519 -> 0.976514

cycle 145: accepted=1 rejected=3  objective 2.088646 -> 2.088644  global RMSE 0.761082 -> 0.761072
  center bond (15, 18): objective 2.088646 -> 2.088646  global RMSE 0.761082 -> 0.761082  (rejected, iterations=1)
     1.1: kPhi 0.193320 -> 0.193320  n=2.000  phase=180.000
     2.1: kPhi 0.014442 -> 0.014442  n=1.000  phase=0.000
     3.1: kPhi -0.057304 -> -0.057304  n=1.000  phase=0.000
     4.1: kPhi 0.170703 -> 0.170703  n=2.000  phase=180.000
     5.1: kPhi -0.029926 -> -0.029926  n=1.000  phase=0.000
     6.1: kPhi 0.051638 -> 0.051638  n=1.000  phase=0.000
  center bond (18, 19): objective 2.088646 -> 2.088646  global RMSE 0.761082 -> 0.761082  (rejected, iterations=1)
     1.1: kPhi -0.141155 -> -0.141155  n=3.000  phase=0.000
     2.1: kPhi -0.170842 -> -0.170842  n=3.000  phase=0.000
     3.1: kPhi 0.515632 -> 0.515632  n=1.000  phase=0.000
     4.1: kPhi -0.171548 -> -0.171548  n=3.000  phase=0.000
     5.1: kPhi -0.199010 -> -0.199010  n=3.000  phase=0.000
     6.1: kPhi -0.126631 -> -0.126631  n=3.000  phase=0.000
     7.1: kPhi -0.153943 -> -0.153943  n=3.000  phase=0.000
     8.1: kPhi -0.181348 -> -0.181348  n=3.000  phase=0.000
     9.1: kPhi -0.120214 -> -0.120214  n=3.000  phase=0.000
  center bond (19, 24): objective 2.088646 -> 2.088644  global RMSE 0.761082 -> 0.761072  (accepted, iterations=1)
     1.1: kPhi 0.775213 -> 0.775087  n=2.000  phase=180.000
     1.2: kPhi 0.212088 -> 0.212107  n=3.000  phase=180.000
     1.3: kPhi 1.018116 -> 1.018106  n=1.000  phase=0.000
     2.1: kPhi 0.588311 -> 0.588193  n=2.000  phase=180.000
     3.1: kPhi 1.379151 -> 1.379134  n=1.000  phase=0.000
     3.2: kPhi 0.240117 -> 0.239681  n=2.000  phase=180.000
     4.1: kPhi -0.276922 -> -0.276861  n=2.000  phase=180.000
     5.1: kPhi 0.730355 -> 0.730399  n=1.000  phase=0.000
     5.2: kPhi 0.518854 -> 0.518419  n=2.000  phase=180.000
     6.1: kPhi -0.231300 -> -0.231259  n=2.000  phase=180.000
  center bond (24, 26): objective 2.088644 -> 2.088644  global RMSE 0.761072 -> 0.761072  (rejected, iterations=1)
     1.1: kPhi 1.831123 -> 1.831123  n=2.000  phase=180.000
     2.1: kPhi 2.468345 -> 2.468345  n=2.000  phase=180.000
     2.2: kPhi -1.129596 -> -1.129596  n=1.000  phase=0.000
  per-scan RMSE:
    (15, 18): 0.514229 -> 0.514242
    (18, 19): 0.934778 -> 0.934762
    (19, 24): 0.474512 -> 0.474477
    (24, 26): 0.976514 -> 0.976509

cycle 146: accepted=2 rejected=2  objective 2.088644 -> 2.088642  global RMSE 0.761072 -> 0.761072
  center bond (15, 18): objective 2.088644 -> 2.088644  global RMSE 0.761072 -> 0.761072  (rejected, iterations=1)
     1.1: kPhi 0.193320 -> 0.193320  n=2.000  phase=180.000
     2.1: kPhi 0.014442 -> 0.014442  n=1.000  phase=0.000
     3.1: kPhi -0.057304 -> -0.057304  n=1.000  phase=0.000
     4.1: kPhi 0.170703 -> 0.170703  n=2.000  phase=180.000
     5.1: kPhi -0.029926 -> -0.029926  n=1.000  phase=0.000
     6.1: kPhi 0.051638 -> 0.051638  n=1.000  phase=0.000
  center bond (18, 19): objective 2.088644 -> 2.088644  global RMSE 0.761072 -> 0.761072  (rejected, iterations=1)
     1.1: kPhi -0.141155 -> -0.141155  n=3.000  phase=0.000
     2.1: kPhi -0.170842 -> -0.170842  n=3.000  phase=0.000
     3.1: kPhi 0.515632 -> 0.515632  n=1.000  phase=0.000
     4.1: kPhi -0.171548 -> -0.171548  n=3.000  phase=0.000
     5.1: kPhi -0.199010 -> -0.199010  n=3.000  phase=0.000
     6.1: kPhi -0.126631 -> -0.126631  n=3.000  phase=0.000
     7.1: kPhi -0.153943 -> -0.153943  n=3.000  phase=0.000
     8.1: kPhi -0.181348 -> -0.181348  n=3.000  phase=0.000
     9.1: kPhi -0.120214 -> -0.120214  n=3.000  phase=0.000
  center bond (19, 24): objective 2.088644 -> 2.088642  global RMSE 0.761072 -> 0.761062  (accepted, iterations=1)
     1.1: kPhi 0.775087 -> 0.774963  n=2.000  phase=180.000
     1.2: kPhi 0.212107 -> 0.212125  n=3.000  phase=180.000
     1.3: kPhi 1.018106 -> 1.018097  n=1.000  phase=0.000
     2.1: kPhi 0.588193 -> 0.588077  n=2.000  phase=180.000
     3.1: kPhi 1.379134 -> 1.379118  n=1.000  phase=0.000
     3.2: kPhi 0.239681 -> 0.239252  n=2.000  phase=180.000
     4.1: kPhi -0.276861 -> -0.276802  n=2.000  phase=180.000
     5.1: kPhi 0.730399 -> 0.730442  n=1.000  phase=0.000
     5.2: kPhi 0.518419 -> 0.517992  n=2.000  phase=180.000
     6.1: kPhi -0.231259 -> -0.231217  n=2.000  phase=180.000
  center bond (24, 26): objective 2.088642 -> 2.088642  global RMSE 0.761062 -> 0.761072  (accepted, iterations=1)
     1.1: kPhi 1.831123 -> 1.831190  n=2.000  phase=180.000
     2.1: kPhi 2.468345 -> 2.468334  n=2.000  phase=180.000
     2.2: kPhi -1.129596 -> -1.129556  n=1.000  phase=0.000
  per-scan RMSE:
    (15, 18): 0.514242 -> 0.514255
    (18, 19): 0.934762 -> 0.934745
    (19, 24): 0.474477 -> 0.474442
    (24, 26): 0.976509 -> 0.976534

cycle 147: accepted=1 rejected=3  objective 2.088642 -> 2.088641  global RMSE 0.761072 -> 0.761062
  center bond (15, 18): objective 2.088642 -> 2.088642  global RMSE 0.761072 -> 0.761072  (rejected, iterations=1)
     1.1: kPhi 0.193320 -> 0.193320  n=2.000  phase=180.000
     2.1: kPhi 0.014442 -> 0.014442  n=1.000  phase=0.000
     3.1: kPhi -0.057304 -> -0.057304  n=1.000  phase=0.000
     4.1: kPhi 0.170703 -> 0.170703  n=2.000  phase=180.000
     5.1: kPhi -0.029926 -> -0.029926  n=1.000  phase=0.000
     6.1: kPhi 0.051638 -> 0.051638  n=1.000  phase=0.000
  center bond (18, 19): objective 2.088642 -> 2.088642  global RMSE 0.761072 -> 0.761072  (rejected, iterations=1)
     1.1: kPhi -0.141155 -> -0.141155  n=3.000  phase=0.000
     2.1: kPhi -0.170842 -> -0.170842  n=3.000  phase=0.000
     3.1: kPhi 0.515632 -> 0.515632  n=1.000  phase=0.000
     4.1: kPhi -0.171548 -> -0.171548  n=3.000  phase=0.000
     5.1: kPhi -0.199010 -> -0.199010  n=3.000  phase=0.000
     6.1: kPhi -0.126631 -> -0.126631  n=3.000  phase=0.000
     7.1: kPhi -0.153943 -> -0.153943  n=3.000  phase=0.000
     8.1: kPhi -0.181348 -> -0.181348  n=3.000  phase=0.000
     9.1: kPhi -0.120214 -> -0.120214  n=3.000  phase=0.000
  center bond (19, 24): objective 2.088642 -> 2.088641  global RMSE 0.761072 -> 0.761062  (accepted, iterations=1)
     1.1: kPhi 0.774963 -> 0.774843  n=2.000  phase=180.000
     1.2: kPhi 0.212125 -> 0.212144  n=3.000  phase=180.000
     1.3: kPhi 1.018097 -> 1.018088  n=1.000  phase=0.000
     2.1: kPhi 0.588077 -> 0.587964  n=2.000  phase=180.000
     3.1: kPhi 1.379118 -> 1.379103  n=1.000  phase=0.000
     3.2: kPhi 0.239252 -> 0.238833  n=2.000  phase=180.000
     4.1: kPhi -0.276802 -> -0.276745  n=2.000  phase=180.000
     5.1: kPhi 0.730442 -> 0.730485  n=1.000  phase=0.000
     5.2: kPhi 0.517992 -> 0.517572  n=2.000  phase=180.000
     6.1: kPhi -0.231217 -> -0.231177  n=2.000  phase=180.000
  center bond (24, 26): objective 2.088641 -> 2.088641  global RMSE 0.761062 -> 0.761062  (rejected, iterations=1)
     1.1: kPhi 1.831190 -> 1.831190  n=2.000  phase=180.000
     2.1: kPhi 2.468334 -> 2.468334  n=2.000  phase=180.000
     2.2: kPhi -1.129556 -> -1.129556  n=1.000  phase=0.000
  per-scan RMSE:
    (15, 18): 0.514255 -> 0.514268
    (18, 19): 0.934745 -> 0.934729
    (19, 24): 0.474442 -> 0.474409
    (24, 26): 0.976534 -> 0.976529

cycle 148: accepted=1 rejected=3  objective 2.088641 -> 2.088639  global RMSE 0.761062 -> 0.761052
  center bond (15, 18): objective 2.088641 -> 2.088641  global RMSE 0.761062 -> 0.761062  (rejected, iterations=1)
     1.1: kPhi 0.193320 -> 0.193320  n=2.000  phase=180.000
     2.1: kPhi 0.014442 -> 0.014442  n=1.000  phase=0.000
     3.1: kPhi -0.057304 -> -0.057304  n=1.000  phase=0.000
     4.1: kPhi 0.170703 -> 0.170703  n=2.000  phase=180.000
     5.1: kPhi -0.029926 -> -0.029926  n=1.000  phase=0.000
     6.1: kPhi 0.051638 -> 0.051638  n=1.000  phase=0.000
  center bond (18, 19): objective 2.088641 -> 2.088641  global RMSE 0.761062 -> 0.761062  (rejected, iterations=1)
     1.1: kPhi -0.141155 -> -0.141155  n=3.000  phase=0.000
     2.1: kPhi -0.170842 -> -0.170842  n=3.000  phase=0.000
     3.1: kPhi 0.515632 -> 0.515632  n=1.000  phase=0.000
     4.1: kPhi -0.171548 -> -0.171548  n=3.000  phase=0.000
     5.1: kPhi -0.199010 -> -0.199010  n=3.000  phase=0.000
     6.1: kPhi -0.126631 -> -0.126631  n=3.000  phase=0.000
     7.1: kPhi -0.153943 -> -0.153943  n=3.000  phase=0.000
     8.1: kPhi -0.181348 -> -0.181348  n=3.000  phase=0.000
     9.1: kPhi -0.120214 -> -0.120214  n=3.000  phase=0.000
  center bond (19, 24): objective 2.088641 -> 2.088639  global RMSE 0.761062 -> 0.761052  (accepted, iterations=1)
     1.1: kPhi 0.774843 -> 0.774724  n=2.000  phase=180.000
     1.2: kPhi 0.212144 -> 0.212163  n=3.000  phase=180.000
     1.3: kPhi 1.018088 -> 1.018080  n=1.000  phase=0.000
     2.1: kPhi 0.587964 -> 0.587852  n=2.000  phase=180.000
     3.1: kPhi 1.379103 -> 1.379088  n=1.000  phase=0.000
     3.2: kPhi 0.238833 -> 0.238421  n=2.000  phase=180.000
     4.1: kPhi -0.276745 -> -0.276689  n=2.000  phase=180.000
     5.1: kPhi 0.730485 -> 0.730527  n=1.000  phase=0.000
     5.2: kPhi 0.517572 -> 0.517159  n=2.000  phase=180.000
     6.1: kPhi -0.231177 -> -0.231136  n=2.000  phase=180.000
  center bond (24, 26): objective 2.088639 -> 2.088639  global RMSE 0.761052 -> 0.761052  (rejected, iterations=1)
     1.1: kPhi 1.831190 -> 1.831190  n=2.000  phase=180.000
     2.1: kPhi 2.468334 -> 2.468334  n=2.000  phase=180.000
     2.2: kPhi -1.129556 -> -1.129556  n=1.000  phase=0.000
  per-scan RMSE:
    (15, 18): 0.514268 -> 0.514281
    (18, 19): 0.934729 -> 0.934713
    (19, 24): 0.474409 -> 0.474375
    (24, 26): 0.976529 -> 0.976524

cycle 149: accepted=1 rejected=3  objective 2.088639 -> 2.088638  global RMSE 0.761052 -> 0.761043
  center bond (15, 18): objective 2.088639 -> 2.088639  global RMSE 0.761052 -> 0.761052  (rejected, iterations=1)
     1.1: kPhi 0.193320 -> 0.193320  n=2.000  phase=180.000
     2.1: kPhi 0.014442 -> 0.014442  n=1.000  phase=0.000
     3.1: kPhi -0.057304 -> -0.057304  n=1.000  phase=0.000
     4.1: kPhi 0.170703 -> 0.170703  n=2.000  phase=180.000
     5.1: kPhi -0.029926 -> -0.029926  n=1.000  phase=0.000
     6.1: kPhi 0.051638 -> 0.051638  n=1.000  phase=0.000
  center bond (18, 19): objective 2.088639 -> 2.088639  global RMSE 0.761052 -> 0.761052  (rejected, iterations=1)
     1.1: kPhi -0.141155 -> -0.141155  n=3.000  phase=0.000
     2.1: kPhi -0.170842 -> -0.170842  n=3.000  phase=0.000
     3.1: kPhi 0.515632 -> 0.515632  n=1.000  phase=0.000
     4.1: kPhi -0.171548 -> -0.171548  n=3.000  phase=0.000
     5.1: kPhi -0.199010 -> -0.199010  n=3.000  phase=0.000
     6.1: kPhi -0.126631 -> -0.126631  n=3.000  phase=0.000
     7.1: kPhi -0.153943 -> -0.153943  n=3.000  phase=0.000
     8.1: kPhi -0.181348 -> -0.181348  n=3.000  phase=0.000
     9.1: kPhi -0.120214 -> -0.120214  n=3.000  phase=0.000
  center bond (19, 24): objective 2.088639 -> 2.088638  global RMSE 0.761052 -> 0.761043  (accepted, iterations=1)
     1.1: kPhi 0.774724 -> 0.774608  n=2.000  phase=180.000
     1.2: kPhi 0.212163 -> 0.212180  n=3.000  phase=180.000
     1.3: kPhi 1.018080 -> 1.018073  n=1.000  phase=0.000
     2.1: kPhi 0.587852 -> 0.587743  n=2.000  phase=180.000
     3.1: kPhi 1.379088 -> 1.379074  n=1.000  phase=0.000
     3.2: kPhi 0.238421 -> 0.238018  n=2.000  phase=180.000
     4.1: kPhi -0.276689 -> -0.276634  n=2.000  phase=180.000
     5.1: kPhi 0.730527 -> 0.730569  n=1.000  phase=0.000
     5.2: kPhi 0.517159 -> 0.516755  n=2.000  phase=180.000
     6.1: kPhi -0.231136 -> -0.231097  n=2.000  phase=180.000
  center bond (24, 26): objective 2.088638 -> 2.088638  global RMSE 0.761043 -> 0.761043  (rejected, iterations=1)
     1.1: kPhi 1.831190 -> 1.831190  n=2.000  phase=180.000
     2.1: kPhi 2.468334 -> 2.468334  n=2.000  phase=180.000
     2.2: kPhi -1.129556 -> -1.129556  n=1.000  phase=0.000
  per-scan RMSE:
    (15, 18): 0.514281 -> 0.514293
    (18, 19): 0.934713 -> 0.934697
    (19, 24): 0.474375 -> 0.474343
    (24, 26): 0.976524 -> 0.976519

cycle 150: accepted=1 rejected=3  objective 2.088638 -> 2.088637  global RMSE 0.761043 -> 0.761034
  center bond (15, 18): objective 2.088638 -> 2.088638  global RMSE 0.761043 -> 0.761043  (rejected, iterations=1)
     1.1: kPhi 0.193320 -> 0.193320  n=2.000  phase=180.000
     2.1: kPhi 0.014442 -> 0.014442  n=1.000  phase=0.000
     3.1: kPhi -0.057304 -> -0.057304  n=1.000  phase=0.000
     4.1: kPhi 0.170703 -> 0.170703  n=2.000  phase=180.000
     5.1: kPhi -0.029926 -> -0.029926  n=1.000  phase=0.000
     6.1: kPhi 0.051638 -> 0.051638  n=1.000  phase=0.000
  center bond (18, 19): objective 2.088638 -> 2.088638  global RMSE 0.761043 -> 0.761043  (rejected, iterations=1)
     1.1: kPhi -0.141155 -> -0.141155  n=3.000  phase=0.000
     2.1: kPhi -0.170842 -> -0.170842  n=3.000  phase=0.000
     3.1: kPhi 0.515632 -> 0.515632  n=1.000  phase=0.000
     4.1: kPhi -0.171548 -> -0.171548  n=3.000  phase=0.000
     5.1: kPhi -0.199010 -> -0.199010  n=3.000  phase=0.000
     6.1: kPhi -0.126631 -> -0.126631  n=3.000  phase=0.000
     7.1: kPhi -0.153943 -> -0.153943  n=3.000  phase=0.000
     8.1: kPhi -0.181348 -> -0.181348  n=3.000  phase=0.000
     9.1: kPhi -0.120214 -> -0.120214  n=3.000  phase=0.000
  center bond (19, 24): objective 2.088638 -> 2.088637  global RMSE 0.761043 -> 0.761034  (accepted, iterations=1)
     1.1: kPhi 0.774608 -> 0.774494  n=2.000  phase=180.000
     1.2: kPhi 0.212180 -> 0.212197  n=3.000  phase=180.000
     1.3: kPhi 1.018073 -> 1.018065  n=1.000  phase=0.000
     2.1: kPhi 0.587743 -> 0.587636  n=2.000  phase=180.000
     3.1: kPhi 1.379074 -> 1.379060  n=1.000  phase=0.000
     3.2: kPhi 0.238018 -> 0.237622  n=2.000  phase=180.000
     4.1: kPhi -0.276634 -> -0.276581  n=2.000  phase=180.000
     5.1: kPhi 0.730569 -> 0.730610  n=1.000  phase=0.000
     5.2: kPhi 0.516755 -> 0.516357  n=2.000  phase=180.000
     6.1: kPhi -0.231097 -> -0.231057  n=2.000  phase=180.000
  center bond (24, 26): objective 2.088637 -> 2.088637  global RMSE 0.761034 -> 0.761034  (rejected, iterations=1)
     1.1: kPhi 1.831190 -> 1.831190  n=2.000  phase=180.000
     2.1: kPhi 2.468334 -> 2.468334  n=2.000  phase=180.000
     2.2: kPhi -1.129556 -> -1.129556  n=1.000  phase=0.000
  per-scan RMSE:
    (15, 18): 0.514293 -> 0.514305
    (18, 19): 0.934697 -> 0.934682
    (19, 24): 0.474343 -> 0.474310
    (24, 26): 0.976519 -> 0.976515

cycle 151: accepted=1 rejected=3  objective 2.088637 -> 2.088635  global RMSE 0.761034 -> 0.761025
  center bond (15, 18): objective 2.088637 -> 2.088637  global RMSE 0.761034 -> 0.761034  (rejected, iterations=1)
     1.1: kPhi 0.193320 -> 0.193320  n=2.000  phase=180.000
     2.1: kPhi 0.014442 -> 0.014442  n=1.000  phase=0.000
     3.1: kPhi -0.057304 -> -0.057304  n=1.000  phase=0.000
     4.1: kPhi 0.170703 -> 0.170703  n=2.000  phase=180.000
     5.1: kPhi -0.029926 -> -0.029926  n=1.000  phase=0.000
     6.1: kPhi 0.051638 -> 0.051638  n=1.000  phase=0.000
  center bond (18, 19): objective 2.088637 -> 2.088637  global RMSE 0.761034 -> 0.761034  (rejected, iterations=1)
     1.1: kPhi -0.141155 -> -0.141155  n=3.000  phase=0.000
     2.1: kPhi -0.170842 -> -0.170842  n=3.000  phase=0.000
     3.1: kPhi 0.515632 -> 0.515632  n=1.000  phase=0.000
     4.1: kPhi -0.171548 -> -0.171548  n=3.000  phase=0.000
     5.1: kPhi -0.199010 -> -0.199010  n=3.000  phase=0.000
     6.1: kPhi -0.126631 -> -0.126631  n=3.000  phase=0.000
     7.1: kPhi -0.153943 -> -0.153943  n=3.000  phase=0.000
     8.1: kPhi -0.181348 -> -0.181348  n=3.000  phase=0.000
     9.1: kPhi -0.120214 -> -0.120214  n=3.000  phase=0.000
  center bond (19, 24): objective 2.088637 -> 2.088635  global RMSE 0.761034 -> 0.761025  (accepted, iterations=1)
     1.1: kPhi 0.774494 -> 0.774382  n=2.000  phase=180.000
     1.2: kPhi 0.212197 -> 0.212214  n=3.000  phase=180.000
     1.3: kPhi 1.018065 -> 1.018059  n=1.000  phase=0.000
     2.1: kPhi 0.587636 -> 0.587531  n=2.000  phase=180.000
     3.1: kPhi 1.379060 -> 1.379047  n=1.000  phase=0.000
     3.2: kPhi 0.237622 -> 0.237234  n=2.000  phase=180.000
     4.1: kPhi -0.276581 -> -0.276528  n=2.000  phase=180.000
     5.1: kPhi 0.730610 -> 0.730652  n=1.000  phase=0.000
     5.2: kPhi 0.516357 -> 0.515967  n=2.000  phase=180.000
     6.1: kPhi -0.231057 -> -0.231018  n=2.000  phase=180.000
  center bond (24, 26): objective 2.088635 -> 2.088635  global RMSE 0.761025 -> 0.761025  (rejected, iterations=1)
     1.1: kPhi 1.831190 -> 1.831190  n=2.000  phase=180.000
     2.1: kPhi 2.468334 -> 2.468334  n=2.000  phase=180.000
     2.2: kPhi -1.129556 -> -1.129556  n=1.000  phase=0.000
  per-scan RMSE:
    (15, 18): 0.514305 -> 0.514317
    (18, 19): 0.934682 -> 0.934667
    (19, 24): 0.474310 -> 0.474279
    (24, 26): 0.976515 -> 0.976510

cycle 152: accepted=2 rejected=2  objective 2.088635 -> 2.088634  global RMSE 0.761025 -> 0.761025
  center bond (15, 18): objective 2.088635 -> 2.088635  global RMSE 0.761025 -> 0.761025  (rejected, iterations=1)
     1.1: kPhi 0.193320 -> 0.193320  n=2.000  phase=180.000
     2.1: kPhi 0.014442 -> 0.014442  n=1.000  phase=0.000
     3.1: kPhi -0.057304 -> -0.057304  n=1.000  phase=0.000
     4.1: kPhi 0.170703 -> 0.170703  n=2.000  phase=180.000
     5.1: kPhi -0.029926 -> -0.029926  n=1.000  phase=0.000
     6.1: kPhi 0.051638 -> 0.051638  n=1.000  phase=0.000
  center bond (18, 19): objective 2.088635 -> 2.088635  global RMSE 0.761025 -> 0.761025  (rejected, iterations=1)
     1.1: kPhi -0.141155 -> -0.141155  n=3.000  phase=0.000
     2.1: kPhi -0.170842 -> -0.170842  n=3.000  phase=0.000
     3.1: kPhi 0.515632 -> 0.515632  n=1.000  phase=0.000
     4.1: kPhi -0.171548 -> -0.171548  n=3.000  phase=0.000
     5.1: kPhi -0.199010 -> -0.199010  n=3.000  phase=0.000
     6.1: kPhi -0.126631 -> -0.126631  n=3.000  phase=0.000
     7.1: kPhi -0.153943 -> -0.153943  n=3.000  phase=0.000
     8.1: kPhi -0.181348 -> -0.181348  n=3.000  phase=0.000
     9.1: kPhi -0.120214 -> -0.120214  n=3.000  phase=0.000
  center bond (19, 24): objective 2.088635 -> 2.088634  global RMSE 0.761025 -> 0.761016  (accepted, iterations=1)
     1.1: kPhi 0.774382 -> 0.774272  n=2.000  phase=180.000
     1.2: kPhi 0.212214 -> 0.212230  n=3.000  phase=180.000
     1.3: kPhi 1.018059 -> 1.018052  n=1.000  phase=0.000
     2.1: kPhi 0.587531 -> 0.587428  n=2.000  phase=180.000
     3.1: kPhi 1.379047 -> 1.379034  n=1.000  phase=0.000
     3.2: kPhi 0.237234 -> 0.236854  n=2.000  phase=180.000
     4.1: kPhi -0.276528 -> -0.276477  n=2.000  phase=180.000
     5.1: kPhi 0.730652 -> 0.730693  n=1.000  phase=0.000
     5.2: kPhi 0.515967 -> 0.515584  n=2.000  phase=180.000
     6.1: kPhi -0.231018 -> -0.230980  n=2.000  phase=180.000
  center bond (24, 26): objective 2.088634 -> 2.088634  global RMSE 0.761016 -> 0.761025  (accepted, iterations=1)
     1.1: kPhi 1.831190 -> 1.831252  n=2.000  phase=180.000
     2.1: kPhi 2.468334 -> 2.468320  n=2.000  phase=180.000
     2.2: kPhi -1.129556 -> -1.129518  n=1.000  phase=0.000
  per-scan RMSE:
    (15, 18): 0.514317 -> 0.514328
    (18, 19): 0.934667 -> 0.934653
    (19, 24): 0.474279 -> 0.474247
    (24, 26): 0.976510 -> 0.976534

cycle 153: accepted=1 rejected=3  objective 2.088634 -> 2.088633  global RMSE 0.761025 -> 0.761017
  center bond (15, 18): objective 2.088634 -> 2.088634  global RMSE 0.761025 -> 0.761025  (rejected, iterations=1)
     1.1: kPhi 0.193320 -> 0.193320  n=2.000  phase=180.000
     2.1: kPhi 0.014442 -> 0.014442  n=1.000  phase=0.000
     3.1: kPhi -0.057304 -> -0.057304  n=1.000  phase=0.000
     4.1: kPhi 0.170703 -> 0.170703  n=2.000  phase=180.000
     5.1: kPhi -0.029926 -> -0.029926  n=1.000  phase=0.000
     6.1: kPhi 0.051638 -> 0.051638  n=1.000  phase=0.000
  center bond (18, 19): objective 2.088634 -> 2.088634  global RMSE 0.761025 -> 0.761025  (rejected, iterations=1)
     1.1: kPhi -0.141155 -> -0.141155  n=3.000  phase=0.000
     2.1: kPhi -0.170842 -> -0.170842  n=3.000  phase=0.000
     3.1: kPhi 0.515632 -> 0.515632  n=1.000  phase=0.000
     4.1: kPhi -0.171548 -> -0.171548  n=3.000  phase=0.000
     5.1: kPhi -0.199010 -> -0.199010  n=3.000  phase=0.000
     6.1: kPhi -0.126631 -> -0.126631  n=3.000  phase=0.000
     7.1: kPhi -0.153943 -> -0.153943  n=3.000  phase=0.000
     8.1: kPhi -0.181348 -> -0.181348  n=3.000  phase=0.000
     9.1: kPhi -0.120214 -> -0.120214  n=3.000  phase=0.000
  center bond (19, 24): objective 2.088634 -> 2.088633  global RMSE 0.761025 -> 0.761017  (accepted, iterations=1)
     1.1: kPhi 0.774272 -> 0.774164  n=2.000  phase=180.000
     1.2: kPhi 0.212230 -> 0.212247  n=3.000  phase=180.000
     1.3: kPhi 1.018052 -> 1.018046  n=1.000  phase=0.000
     2.1: kPhi 0.587428 -> 0.587326  n=2.000  phase=180.000
     3.1: kPhi 1.379034 -> 1.379023  n=1.000  phase=0.000
     3.2: kPhi 0.236854 -> 0.236481  n=2.000  phase=180.000
     4.1: kPhi -0.276477 -> -0.276428  n=2.000  phase=180.000
     5.1: kPhi 0.730693 -> 0.730733  n=1.000  phase=0.000
     5.2: kPhi 0.515584 -> 0.515208  n=2.000  phase=180.000
     6.1: kPhi -0.230980 -> -0.230943  n=2.000  phase=180.000
  center bond (24, 26): objective 2.088633 -> 2.088633  global RMSE 0.761017 -> 0.761017  (rejected, iterations=1)
     1.1: kPhi 1.831252 -> 1.831252  n=2.000  phase=180.000
     2.1: kPhi 2.468320 -> 2.468320  n=2.000  phase=180.000
     2.2: kPhi -1.129518 -> -1.129518  n=1.000  phase=0.000
  per-scan RMSE:
    (15, 18): 0.514328 -> 0.514340
    (18, 19): 0.934653 -> 0.934638
    (19, 24): 0.474247 -> 0.474217
    (24, 26): 0.976534 -> 0.976529

cycle 154: accepted=1 rejected=3  objective 2.088633 -> 2.088632  global RMSE 0.761017 -> 0.761008
  center bond (15, 18): objective 2.088633 -> 2.088633  global RMSE 0.761017 -> 0.761017  (rejected, iterations=1)
     1.1: kPhi 0.193320 -> 0.193320  n=2.000  phase=180.000
     2.1: kPhi 0.014442 -> 0.014442  n=1.000  phase=0.000
     3.1: kPhi -0.057304 -> -0.057304  n=1.000  phase=0.000
     4.1: kPhi 0.170703 -> 0.170703  n=2.000  phase=180.000
     5.1: kPhi -0.029926 -> -0.029926  n=1.000  phase=0.000
     6.1: kPhi 0.051638 -> 0.051638  n=1.000  phase=0.000
  center bond (18, 19): objective 2.088633 -> 2.088633  global RMSE 0.761017 -> 0.761017  (rejected, iterations=1)
     1.1: kPhi -0.141155 -> -0.141155  n=3.000  phase=0.000
     2.1: kPhi -0.170842 -> -0.170842  n=3.000  phase=0.000
     3.1: kPhi 0.515632 -> 0.515632  n=1.000  phase=0.000
     4.1: kPhi -0.171548 -> -0.171548  n=3.000  phase=0.000
     5.1: kPhi -0.199010 -> -0.199010  n=3.000  phase=0.000
     6.1: kPhi -0.126631 -> -0.126631  n=3.000  phase=0.000
     7.1: kPhi -0.153943 -> -0.153943  n=3.000  phase=0.000
     8.1: kPhi -0.181348 -> -0.181348  n=3.000  phase=0.000
     9.1: kPhi -0.120214 -> -0.120214  n=3.000  phase=0.000
  center bond (19, 24): objective 2.088633 -> 2.088632  global RMSE 0.761017 -> 0.761008  (accepted, iterations=1)
     1.1: kPhi 0.774164 -> 0.774059  n=2.000  phase=180.000
     1.2: kPhi 0.212247 -> 0.212263  n=3.000  phase=180.000
     1.3: kPhi 1.018046 -> 1.018041  n=1.000  phase=0.000
     2.1: kPhi 0.587326 -> 0.587227  n=2.000  phase=180.000
     3.1: kPhi 1.379023 -> 1.379011  n=1.000  phase=0.000
     3.2: kPhi 0.236481 -> 0.236115  n=2.000  phase=180.000
     4.1: kPhi -0.276428 -> -0.276379  n=2.000  phase=180.000
     5.1: kPhi 0.730733 -> 0.730773  n=1.000  phase=0.000
     5.2: kPhi 0.515208 -> 0.514838  n=2.000  phase=180.000
     6.1: kPhi -0.230943 -> -0.230906  n=2.000  phase=180.000
  center bond (24, 26): objective 2.088632 -> 2.088632  global RMSE 0.761008 -> 0.761008  (rejected, iterations=1)
     1.1: kPhi 1.831252 -> 1.831252  n=2.000  phase=180.000
     2.1: kPhi 2.468320 -> 2.468320  n=2.000  phase=180.000
     2.2: kPhi -1.129518 -> -1.129518  n=1.000  phase=0.000
  per-scan RMSE:
    (15, 18): 0.514340 -> 0.514351
    (18, 19): 0.934638 -> 0.934623
    (19, 24): 0.474217 -> 0.474187
    (24, 26): 0.976529 -> 0.976525

cycle 155: accepted=1 rejected=3  objective 2.088632 -> 2.088630  global RMSE 0.761008 -> 0.761000
  center bond (15, 18): objective 2.088632 -> 2.088632  global RMSE 0.761008 -> 0.761008  (rejected, iterations=1)
     1.1: kPhi 0.193320 -> 0.193320  n=2.000  phase=180.000
     2.1: kPhi 0.014442 -> 0.014442  n=1.000  phase=0.000
     3.1: kPhi -0.057304 -> -0.057304  n=1.000  phase=0.000
     4.1: kPhi 0.170703 -> 0.170703  n=2.000  phase=180.000
     5.1: kPhi -0.029926 -> -0.029926  n=1.000  phase=0.000
     6.1: kPhi 0.051638 -> 0.051638  n=1.000  phase=0.000
  center bond (18, 19): objective 2.088632 -> 2.088632  global RMSE 0.761008 -> 0.761008  (rejected, iterations=1)
     1.1: kPhi -0.141155 -> -0.141155  n=3.000  phase=0.000
     2.1: kPhi -0.170842 -> -0.170842  n=3.000  phase=0.000
     3.1: kPhi 0.515632 -> 0.515632  n=1.000  phase=0.000
     4.1: kPhi -0.171548 -> -0.171548  n=3.000  phase=0.000
     5.1: kPhi -0.199010 -> -0.199010  n=3.000  phase=0.000
     6.1: kPhi -0.126631 -> -0.126631  n=3.000  phase=0.000
     7.1: kPhi -0.153943 -> -0.153943  n=3.000  phase=0.000
     8.1: kPhi -0.181348 -> -0.181348  n=3.000  phase=0.000
     9.1: kPhi -0.120214 -> -0.120214  n=3.000  phase=0.000
  center bond (19, 24): objective 2.088632 -> 2.088630  global RMSE 0.761008 -> 0.761000  (accepted, iterations=1)
     1.1: kPhi 0.774059 -> 0.773955  n=2.000  phase=180.000
     1.2: kPhi 0.212263 -> 0.212279  n=3.000  phase=180.000
     1.3: kPhi 1.018041 -> 1.018036  n=1.000  phase=0.000
     2.1: kPhi 0.587227 -> 0.587130  n=2.000  phase=180.000
     3.1: kPhi 1.379011 -> 1.379001  n=1.000  phase=0.000
     3.2: kPhi 0.236115 -> 0.235756  n=2.000  phase=180.000
     4.1: kPhi -0.276379 -> -0.276331  n=2.000  phase=180.000
     5.1: kPhi 0.730773 -> 0.730813  n=1.000  phase=0.000
     5.2: kPhi 0.514838 -> 0.514476  n=2.000  phase=180.000
     6.1: kPhi -0.230906 -> -0.230869  n=2.000  phase=180.000
  center bond (24, 26): objective 2.088630 -> 2.088630  global RMSE 0.761000 -> 0.761000  (rejected, iterations=1)
     1.1: kPhi 1.831252 -> 1.831252  n=2.000  phase=180.000
     2.1: kPhi 2.468320 -> 2.468320  n=2.000  phase=180.000
     2.2: kPhi -1.129518 -> -1.129518  n=1.000  phase=0.000
  per-scan RMSE:
    (15, 18): 0.514351 -> 0.514362
    (18, 19): 0.934623 -> 0.934610
    (19, 24): 0.474187 -> 0.474158
    (24, 26): 0.976525 -> 0.976521

cycle 156: accepted=1 rejected=3  objective 2.088630 -> 2.088629  global RMSE 0.761000 -> 0.760992
  center bond (15, 18): objective 2.088630 -> 2.088630  global RMSE 0.761000 -> 0.761000  (rejected, iterations=1)
     1.1: kPhi 0.193320 -> 0.193320  n=2.000  phase=180.000
     2.1: kPhi 0.014442 -> 0.014442  n=1.000  phase=0.000
     3.1: kPhi -0.057304 -> -0.057304  n=1.000  phase=0.000
     4.1: kPhi 0.170703 -> 0.170703  n=2.000  phase=180.000
     5.1: kPhi -0.029926 -> -0.029926  n=1.000  phase=0.000
     6.1: kPhi 0.051638 -> 0.051638  n=1.000  phase=0.000
  center bond (18, 19): objective 2.088630 -> 2.088630  global RMSE 0.761000 -> 0.761000  (rejected, iterations=1)
     1.1: kPhi -0.141155 -> -0.141155  n=3.000  phase=0.000
     2.1: kPhi -0.170842 -> -0.170842  n=3.000  phase=0.000
     3.1: kPhi 0.515632 -> 0.515632  n=1.000  phase=0.000
     4.1: kPhi -0.171548 -> -0.171548  n=3.000  phase=0.000
     5.1: kPhi -0.199010 -> -0.199010  n=3.000  phase=0.000
     6.1: kPhi -0.126631 -> -0.126631  n=3.000  phase=0.000
     7.1: kPhi -0.153943 -> -0.153943  n=3.000  phase=0.000
     8.1: kPhi -0.181348 -> -0.181348  n=3.000  phase=0.000
     9.1: kPhi -0.120214 -> -0.120214  n=3.000  phase=0.000
  center bond (19, 24): objective 2.088630 -> 2.088629  global RMSE 0.761000 -> 0.760992  (accepted, iterations=1)
     1.1: kPhi 0.773955 -> 0.773854  n=2.000  phase=180.000
     1.2: kPhi 0.212279 -> 0.212294  n=3.000  phase=180.000
     1.3: kPhi 1.018036 -> 1.018031  n=1.000  phase=0.000
     2.1: kPhi 0.587130 -> 0.587034  n=2.000  phase=180.000
     3.1: kPhi 1.379001 -> 1.378990  n=1.000  phase=0.000
     3.2: kPhi 0.235756 -> 0.235405  n=2.000  phase=180.000
     4.1: kPhi -0.276331 -> -0.276285  n=2.000  phase=180.000
     5.1: kPhi 0.730813 -> 0.730852  n=1.000  phase=0.000
     5.2: kPhi 0.514476 -> 0.514120  n=2.000  phase=180.000
     6.1: kPhi -0.230869 -> -0.230833  n=2.000  phase=180.000
  center bond (24, 26): objective 2.088629 -> 2.088629  global RMSE 0.760992 -> 0.760992  (rejected, iterations=1)
     1.1: kPhi 1.831252 -> 1.831252  n=2.000  phase=180.000
     2.1: kPhi 2.468320 -> 2.468320  n=2.000  phase=180.000
     2.2: kPhi -1.129518 -> -1.129518  n=1.000  phase=0.000
  per-scan RMSE:
    (15, 18): 0.514362 -> 0.514373
    (18, 19): 0.934610 -> 0.934596
    (19, 24): 0.474158 -> 0.474129
    (24, 26): 0.976521 -> 0.976517

cycle 157: accepted=1 rejected=3  objective 2.088629 -> 2.088628  global RMSE 0.760992 -> 0.760983
  center bond (15, 18): objective 2.088629 -> 2.088629  global RMSE 0.760992 -> 0.760992  (rejected, iterations=1)
     1.1: kPhi 0.193320 -> 0.193320  n=2.000  phase=180.000
     2.1: kPhi 0.014442 -> 0.014442  n=1.000  phase=0.000
     3.1: kPhi -0.057304 -> -0.057304  n=1.000  phase=0.000
     4.1: kPhi 0.170703 -> 0.170703  n=2.000  phase=180.000
     5.1: kPhi -0.029926 -> -0.029926  n=1.000  phase=0.000
     6.1: kPhi 0.051638 -> 0.051638  n=1.000  phase=0.000
  center bond (18, 19): objective 2.088629 -> 2.088629  global RMSE 0.760992 -> 0.760992  (rejected, iterations=1)
     1.1: kPhi -0.141155 -> -0.141155  n=3.000  phase=0.000
     2.1: kPhi -0.170842 -> -0.170842  n=3.000  phase=0.000
     3.1: kPhi 0.515632 -> 0.515632  n=1.000  phase=0.000
     4.1: kPhi -0.171548 -> -0.171548  n=3.000  phase=0.000
     5.1: kPhi -0.199010 -> -0.199010  n=3.000  phase=0.000
     6.1: kPhi -0.126631 -> -0.126631  n=3.000  phase=0.000
     7.1: kPhi -0.153943 -> -0.153943  n=3.000  phase=0.000
     8.1: kPhi -0.181348 -> -0.181348  n=3.000  phase=0.000
     9.1: kPhi -0.120214 -> -0.120214  n=3.000  phase=0.000
  center bond (19, 24): objective 2.088629 -> 2.088628  global RMSE 0.760992 -> 0.760983  (accepted, iterations=1)
     1.1: kPhi 0.773854 -> 0.773754  n=2.000  phase=180.000
     1.2: kPhi 0.212294 -> 0.212308  n=3.000  phase=180.000
     1.3: kPhi 1.018031 -> 1.018026  n=1.000  phase=0.000
     2.1: kPhi 0.587034 -> 0.586941  n=2.000  phase=180.000
     3.1: kPhi 1.378990 -> 1.378981  n=1.000  phase=0.000
     3.2: kPhi 0.235405 -> 0.235060  n=2.000  phase=180.000
     4.1: kPhi -0.276285 -> -0.276239  n=2.000  phase=180.000
     5.1: kPhi 0.730852 -> 0.730891  n=1.000  phase=0.000
     5.2: kPhi 0.514120 -> 0.513770  n=2.000  phase=180.000
     6.1: kPhi -0.230833 -> -0.230797  n=2.000  phase=180.000
  center bond (24, 26): objective 2.088628 -> 2.088628  global RMSE 0.760983 -> 0.760983  (rejected, iterations=1)
     1.1: kPhi 1.831252 -> 1.831252  n=2.000  phase=180.000
     2.1: kPhi 2.468320 -> 2.468320  n=2.000  phase=180.000
     2.2: kPhi -1.129518 -> -1.129518  n=1.000  phase=0.000
  per-scan RMSE:
    (15, 18): 0.514373 -> 0.514383
    (18, 19): 0.934596 -> 0.934583
    (19, 24): 0.474129 -> 0.474101
    (24, 26): 0.976517 -> 0.976513

cycle 158: accepted=2 rejected=2  objective 2.088628 -> 2.088627  global RMSE 0.760983 -> 0.761003
  center bond (15, 18): objective 2.088628 -> 2.088628  global RMSE 0.760983 -> 0.760983  (rejected, iterations=1)
     1.1: kPhi 0.193320 -> 0.193320  n=2.000  phase=180.000
     2.1: kPhi 0.014442 -> 0.014442  n=1.000  phase=0.000
     3.1: kPhi -0.057304 -> -0.057304  n=1.000  phase=0.000
     4.1: kPhi 0.170703 -> 0.170703  n=2.000  phase=180.000
     5.1: kPhi -0.029926 -> -0.029926  n=1.000  phase=0.000
     6.1: kPhi 0.051638 -> 0.051638  n=1.000  phase=0.000
  center bond (18, 19): objective 2.088628 -> 2.088628  global RMSE 0.760983 -> 0.761027  (accepted, iterations=1)
     1.1: kPhi -0.141155 -> -0.141096  n=3.000  phase=0.000
     2.1: kPhi -0.170842 -> -0.170764  n=3.000  phase=0.000
     3.1: kPhi 0.515632 -> 0.515659  n=1.000  phase=0.000
     4.1: kPhi -0.171548 -> -0.171483  n=3.000  phase=0.000
     5.1: kPhi -0.199010 -> -0.198931  n=3.000  phase=0.000
     6.1: kPhi -0.126631 -> -0.126577  n=3.000  phase=0.000
     7.1: kPhi -0.153943 -> -0.153895  n=3.000  phase=0.000
     8.1: kPhi -0.181348 -> -0.181279  n=3.000  phase=0.000
     9.1: kPhi -0.120214 -> -0.120176  n=3.000  phase=0.000
  center bond (19, 24): objective 2.088628 -> 2.088627  global RMSE 0.761027 -> 0.761003  (accepted, iterations=1)
     1.1: kPhi 0.773754 -> 0.773684  n=2.000  phase=180.000
     1.2: kPhi 0.212308 -> 0.212308  n=3.000  phase=180.000
     1.3: kPhi 1.018026 -> 1.018040  n=1.000  phase=0.000
     2.1: kPhi 0.586941 -> 0.586877  n=2.000  phase=180.000
     3.1: kPhi 1.378981 -> 1.378971  n=1.000  phase=0.000
     3.2: kPhi 0.235060 -> 0.234691  n=2.000  phase=180.000
     4.1: kPhi -0.276239 -> -0.276223  n=2.000  phase=180.000
     5.1: kPhi 0.730891 -> 0.730911  n=1.000  phase=0.000
     5.2: kPhi 0.513770 -> 0.513433  n=2.000  phase=180.000
     6.1: kPhi -0.230797 -> -0.230758  n=2.000  phase=180.000
  center bond (24, 26): objective 2.088627 -> 2.088627  global RMSE 0.761003 -> 0.761003  (rejected, iterations=1)
     1.1: kPhi 1.831252 -> 1.831252  n=2.000  phase=180.000
     2.1: kPhi 2.468320 -> 2.468320  n=2.000  phase=180.000
     2.2: kPhi -1.129518 -> -1.129518  n=1.000  phase=0.000
  per-scan RMSE:
    (15, 18): 0.514383 -> 0.514359
    (18, 19): 0.934583 -> 0.934680
    (19, 24): 0.474101 -> 0.474080
    (24, 26): 0.976513 -> 0.976502

cycle 159: accepted=3 rejected=1  objective 2.088627 -> 2.088626  global RMSE 0.761003 -> 0.761033
  center bond (15, 18): objective 2.088627 -> 2.088627  global RMSE 0.761003 -> 0.761003  (rejected, iterations=1)
     1.1: kPhi 0.193320 -> 0.193320  n=2.000  phase=180.000
     2.1: kPhi 0.014442 -> 0.014442  n=1.000  phase=0.000
     3.1: kPhi -0.057304 -> -0.057304  n=1.000  phase=0.000
     4.1: kPhi 0.170703 -> 0.170703  n=2.000  phase=180.000
     5.1: kPhi -0.029926 -> -0.029926  n=1.000  phase=0.000
     6.1: kPhi 0.051638 -> 0.051638  n=1.000  phase=0.000
  center bond (18, 19): objective 2.088627 -> 2.088627  global RMSE 0.761003 -> 0.761033  (accepted, iterations=1)
     1.1: kPhi -0.141096 -> -0.141088  n=3.000  phase=0.000
     2.1: kPhi -0.170764 -> -0.170686  n=3.000  phase=0.000
     3.1: kPhi 0.515659 -> 0.515828  n=1.000  phase=0.000
     4.1: kPhi -0.171483 -> -0.171444  n=3.000  phase=0.000
     5.1: kPhi -0.198931 -> -0.198839  n=3.000  phase=0.000
     6.1: kPhi -0.126577 -> -0.126576  n=3.000  phase=0.000
     7.1: kPhi -0.153895 -> -0.153923  n=3.000  phase=0.000
     8.1: kPhi -0.181279 -> -0.181234  n=3.000  phase=0.000
     9.1: kPhi -0.120176 -> -0.120238  n=3.000  phase=0.000
  center bond (19, 24): objective 2.088627 -> 2.088626  global RMSE 0.761033 -> 0.761024  (accepted, iterations=1)
     1.1: kPhi 0.773684 -> 0.773592  n=2.000  phase=180.000
     1.2: kPhi 0.212308 -> 0.212328  n=3.000  phase=180.000
     1.3: kPhi 1.018040 -> 1.018037  n=1.000  phase=0.000
     2.1: kPhi 0.586877 -> 0.586790  n=2.000  phase=180.000
     3.1: kPhi 1.378971 -> 1.378964  n=1.000  phase=0.000
     3.2: kPhi 0.234691 -> 0.234351  n=2.000  phase=180.000
     4.1: kPhi -0.276223 -> -0.276184  n=2.000  phase=180.000
     5.1: kPhi 0.730911 -> 0.730945  n=1.000  phase=0.000
     5.2: kPhi 0.513433 -> 0.513099  n=2.000  phase=180.000
     6.1: kPhi -0.230758 -> -0.230723  n=2.000  phase=180.000
  center bond (24, 26): objective 2.088626 -> 2.088626  global RMSE 0.761024 -> 0.761033  (accepted, iterations=1)
     1.1: kPhi 1.831252 -> 1.831316  n=2.000  phase=180.000
     2.1: kPhi 2.468320 -> 2.468308  n=2.000  phase=180.000
     2.2: kPhi -1.129518 -> -1.129478  n=1.000  phase=0.000
  per-scan RMSE:
    (15, 18): 0.514359 -> 0.514363
    (18, 19): 0.934680 -> 0.934760
    (19, 24): 0.474080 -> 0.474060
    (24, 26): 0.976502 -> 0.976527

cycle 160: accepted=1 rejected=3  objective 2.088626 -> 2.088625  global RMSE 0.761033 -> 0.761027
  center bond (15, 18): objective 2.088626 -> 2.088626  global RMSE 0.761033 -> 0.761033  (rejected, iterations=1)
     1.1: kPhi 0.193320 -> 0.193320  n=2.000  phase=180.000
     2.1: kPhi 0.014442 -> 0.014442  n=1.000  phase=0.000
     3.1: kPhi -0.057304 -> -0.057304  n=1.000  phase=0.000
     4.1: kPhi 0.170703 -> 0.170703  n=2.000  phase=180.000
     5.1: kPhi -0.029926 -> -0.029926  n=1.000  phase=0.000
     6.1: kPhi 0.051638 -> 0.051638  n=1.000  phase=0.000
  center bond (18, 19): objective 2.088626 -> 2.088626  global RMSE 0.761033 -> 0.761033  (rejected, iterations=1)
     1.1: kPhi -0.141088 -> -0.141088  n=3.000  phase=0.000
     2.1: kPhi -0.170686 -> -0.170686  n=3.000  phase=0.000
     3.1: kPhi 0.515828 -> 0.515828  n=1.000  phase=0.000
     4.1: kPhi -0.171444 -> -0.171444  n=3.000  phase=0.000
     5.1: kPhi -0.198839 -> -0.198839  n=3.000  phase=0.000
     6.1: kPhi -0.126576 -> -0.126576  n=3.000  phase=0.000
     7.1: kPhi -0.153923 -> -0.153923  n=3.000  phase=0.000
     8.1: kPhi -0.181234 -> -0.181234  n=3.000  phase=0.000
     9.1: kPhi -0.120238 -> -0.120238  n=3.000  phase=0.000
  center bond (19, 24): objective 2.088626 -> 2.088625  global RMSE 0.761033 -> 0.761027  (accepted, iterations=1)
     1.1: kPhi 0.773592 -> 0.773497  n=2.000  phase=180.000
     1.2: kPhi 0.212328 -> 0.212352  n=3.000  phase=180.000
     1.3: kPhi 1.018037 -> 1.018031  n=1.000  phase=0.000
     2.1: kPhi 0.586790 -> 0.586699  n=2.000  phase=180.000
     3.1: kPhi 1.378964 -> 1.378958  n=1.000  phase=0.000
     3.2: kPhi 0.234351 -> 0.234022  n=2.000  phase=180.000
     4.1: kPhi -0.276184 -> -0.276141  n=2.000  phase=180.000
     5.1: kPhi 0.730945 -> 0.730982  n=1.000  phase=0.000
     5.2: kPhi 0.513099 -> 0.512769  n=2.000  phase=180.000
     6.1: kPhi -0.230723 -> -0.230689  n=2.000  phase=180.000
  center bond (24, 26): objective 2.088625 -> 2.088625  global RMSE 0.761027 -> 0.761027  (rejected, iterations=1)
     1.1: kPhi 1.831316 -> 1.831316  n=2.000  phase=180.000
     2.1: kPhi 2.468308 -> 2.468308  n=2.000  phase=180.000
     2.2: kPhi -1.129478 -> -1.129478  n=1.000  phase=0.000
  per-scan RMSE:
    (15, 18): 0.514363 -> 0.514373
    (18, 19): 0.934760 -> 0.934749
    (19, 24): 0.474060 -> 0.474040
    (24, 26): 0.976527 -> 0.976524

cycle 161: accepted=1 rejected=3  objective 2.088625 -> 2.088624  global RMSE 0.761027 -> 0.761019
  center bond (15, 18): objective 2.088625 -> 2.088625  global RMSE 0.761027 -> 0.761027  (rejected, iterations=1)
     1.1: kPhi 0.193320 -> 0.193320  n=2.000  phase=180.000
     2.1: kPhi 0.014442 -> 0.014442  n=1.000  phase=0.000
     3.1: kPhi -0.057304 -> -0.057304  n=1.000  phase=0.000
     4.1: kPhi 0.170703 -> 0.170703  n=2.000  phase=180.000
     5.1: kPhi -0.029926 -> -0.029926  n=1.000  phase=0.000
     6.1: kPhi 0.051638 -> 0.051638  n=1.000  phase=0.000
  center bond (18, 19): objective 2.088625 -> 2.088625  global RMSE 0.761027 -> 0.761027  (rejected, iterations=1)
     1.1: kPhi -0.141088 -> -0.141088  n=3.000  phase=0.000
     2.1: kPhi -0.170686 -> -0.170686  n=3.000  phase=0.000
     3.1: kPhi 0.515828 -> 0.515828  n=1.000  phase=0.000
     4.1: kPhi -0.171444 -> -0.171444  n=3.000  phase=0.000
     5.1: kPhi -0.198839 -> -0.198839  n=3.000  phase=0.000
     6.1: kPhi -0.126576 -> -0.126576  n=3.000  phase=0.000
     7.1: kPhi -0.153923 -> -0.153923  n=3.000  phase=0.000
     8.1: kPhi -0.181234 -> -0.181234  n=3.000  phase=0.000
     9.1: kPhi -0.120238 -> -0.120238  n=3.000  phase=0.000
  center bond (19, 24): objective 2.088625 -> 2.088624  global RMSE 0.761027 -> 0.761019  (accepted, iterations=1)
     1.1: kPhi 0.773497 -> 0.773406  n=2.000  phase=180.000
     1.2: kPhi 0.212352 -> 0.212371  n=3.000  phase=180.000
     1.3: kPhi 1.018031 -> 1.018028  n=1.000  phase=0.000
     2.1: kPhi 0.586699 -> 0.586613  n=2.000  phase=180.000
     3.1: kPhi 1.378958 -> 1.378952  n=1.000  phase=0.000
     3.2: kPhi 0.234022 -> 0.233697  n=2.000  phase=180.000
     4.1: kPhi -0.276141 -> -0.276100  n=2.000  phase=180.000
     5.1: kPhi 0.730982 -> 0.731017  n=1.000  phase=0.000
     5.2: kPhi 0.512769 -> 0.512445  n=2.000  phase=180.000
     6.1: kPhi -0.230689 -> -0.230655  n=2.000  phase=180.000
  center bond (24, 26): objective 2.088624 -> 2.088624  global RMSE 0.761019 -> 0.761019  (rejected, iterations=1)
     1.1: kPhi 1.831316 -> 1.831316  n=2.000  phase=180.000
     2.1: kPhi 2.468308 -> 2.468308  n=2.000  phase=180.000
     2.2: kPhi -1.129478 -> -1.129478  n=1.000  phase=0.000
  per-scan RMSE:
    (15, 18): 0.514373 -> 0.514384
    (18, 19): 0.934749 -> 0.934735
    (19, 24): 0.474040 -> 0.474013
    (24, 26): 0.976524 -> 0.976519

cycle 162: accepted=1 rejected=3  objective 2.088624 -> 2.088623  global RMSE 0.761019 -> 0.761012
  center bond (15, 18): objective 2.088624 -> 2.088624  global RMSE 0.761019 -> 0.761019  (rejected, iterations=1)
     1.1: kPhi 0.193320 -> 0.193320  n=2.000  phase=180.000
     2.1: kPhi 0.014442 -> 0.014442  n=1.000  phase=0.000
     3.1: kPhi -0.057304 -> -0.057304  n=1.000  phase=0.000
     4.1: kPhi 0.170703 -> 0.170703  n=2.000  phase=180.000
     5.1: kPhi -0.029926 -> -0.029926  n=1.000  phase=0.000
     6.1: kPhi 0.051638 -> 0.051638  n=1.000  phase=0.000
  center bond (18, 19): objective 2.088624 -> 2.088624  global RMSE 0.761019 -> 0.761019  (rejected, iterations=1)
     1.1: kPhi -0.141088 -> -0.141088  n=3.000  phase=0.000
     2.1: kPhi -0.170686 -> -0.170686  n=3.000  phase=0.000
     3.1: kPhi 0.515828 -> 0.515828  n=1.000  phase=0.000
     4.1: kPhi -0.171444 -> -0.171444  n=3.000  phase=0.000
     5.1: kPhi -0.198839 -> -0.198839  n=3.000  phase=0.000
     6.1: kPhi -0.126576 -> -0.126576  n=3.000  phase=0.000
     7.1: kPhi -0.153923 -> -0.153923  n=3.000  phase=0.000
     8.1: kPhi -0.181234 -> -0.181234  n=3.000  phase=0.000
     9.1: kPhi -0.120238 -> -0.120238  n=3.000  phase=0.000
  center bond (19, 24): objective 2.088624 -> 2.088623  global RMSE 0.761019 -> 0.761012  (accepted, iterations=1)
     1.1: kPhi 0.773406 -> 0.773315  n=2.000  phase=180.000
     1.2: kPhi 0.212371 -> 0.212390  n=3.000  phase=180.000
     1.3: kPhi 1.018028 -> 1.018023  n=1.000  phase=0.000
     2.1: kPhi 0.586613 -> 0.586527  n=2.000  phase=180.000
     3.1: kPhi 1.378952 -> 1.378946  n=1.000  phase=0.000
     3.2: kPhi 0.233697 -> 0.233380  n=2.000  phase=180.000
     4.1: kPhi -0.276100 -> -0.276059  n=2.000  phase=180.000
     5.1: kPhi 0.731017 -> 0.731053  n=1.000  phase=0.000
     5.2: kPhi 0.512445 -> 0.512128  n=2.000  phase=180.000
     6.1: kPhi -0.230655 -> -0.230623  n=2.000  phase=180.000
  center bond (24, 26): objective 2.088623 -> 2.088623  global RMSE 0.761012 -> 0.761012  (rejected, iterations=1)
     1.1: kPhi 1.831316 -> 1.831316  n=2.000  phase=180.000
     2.1: kPhi 2.468308 -> 2.468308  n=2.000  phase=180.000
     2.2: kPhi -1.129478 -> -1.129478  n=1.000  phase=0.000
  per-scan RMSE:
    (15, 18): 0.514384 -> 0.514393
    (18, 19): 0.934735 -> 0.934723
    (19, 24): 0.474013 -> 0.473990
    (24, 26): 0.976519 -> 0.976516

cycle 163: accepted=1 rejected=3  objective 2.088623 -> 2.088623  global RMSE 0.761012 -> 0.761005
  center bond (15, 18): objective 2.088623 -> 2.088623  global RMSE 0.761012 -> 0.761012  (rejected, iterations=1)
     1.1: kPhi 0.193320 -> 0.193320  n=2.000  phase=180.000
     2.1: kPhi 0.014442 -> 0.014442  n=1.000  phase=0.000
     3.1: kPhi -0.057304 -> -0.057304  n=1.000  phase=0.000
     4.1: kPhi 0.170703 -> 0.170703  n=2.000  phase=180.000
     5.1: kPhi -0.029926 -> -0.029926  n=1.000  phase=0.000
     6.1: kPhi 0.051638 -> 0.051638  n=1.000  phase=0.000
  center bond (18, 19): objective 2.088623 -> 2.088623  global RMSE 0.761012 -> 0.761012  (rejected, iterations=1)
     1.1: kPhi -0.141088 -> -0.141088  n=3.000  phase=0.000
     2.1: kPhi -0.170686 -> -0.170686  n=3.000  phase=0.000
     3.1: kPhi 0.515828 -> 0.515828  n=1.000  phase=0.000
     4.1: kPhi -0.171444 -> -0.171444  n=3.000  phase=0.000
     5.1: kPhi -0.198839 -> -0.198839  n=3.000  phase=0.000
     6.1: kPhi -0.126576 -> -0.126576  n=3.000  phase=0.000
     7.1: kPhi -0.153923 -> -0.153923  n=3.000  phase=0.000
     8.1: kPhi -0.181234 -> -0.181234  n=3.000  phase=0.000
     9.1: kPhi -0.120238 -> -0.120238  n=3.000  phase=0.000
  center bond (19, 24): objective 2.088623 -> 2.088623  global RMSE 0.761012 -> 0.761005  (accepted, iterations=1)
     1.1: kPhi 0.773315 -> 0.773226  n=2.000  phase=180.000
     1.2: kPhi 0.212390 -> 0.212406  n=3.000  phase=180.000
     1.3: kPhi 1.018023 -> 1.018020  n=1.000  phase=0.000
     2.1: kPhi 0.586527 -> 0.586444  n=2.000  phase=180.000
     3.1: kPhi 1.378946 -> 1.378940  n=1.000  phase=0.000
     3.2: kPhi 0.233380 -> 0.233069  n=2.000  phase=180.000
     4.1: kPhi -0.276059 -> -0.276019  n=2.000  phase=180.000
     5.1: kPhi 0.731053 -> 0.731087  n=1.000  phase=0.000
     5.2: kPhi 0.512128 -> 0.511815  n=2.000  phase=180.000
     6.1: kPhi -0.230623 -> -0.230591  n=2.000  phase=180.000
  center bond (24, 26): objective 2.088623 -> 2.088623  global RMSE 0.761005 -> 0.761005  (rejected, iterations=1)
     1.1: kPhi 1.831316 -> 1.831316  n=2.000  phase=180.000
     2.1: kPhi 2.468308 -> 2.468308  n=2.000  phase=180.000
     2.2: kPhi -1.129478 -> -1.129478  n=1.000  phase=0.000
  per-scan RMSE:
    (15, 18): 0.514393 -> 0.514403
    (18, 19): 0.934723 -> 0.934711
    (19, 24): 0.473990 -> 0.473965
    (24, 26): 0.976516 -> 0.976512

cycle 164: accepted=1 rejected=3  objective 2.088623 -> 2.088622  global RMSE 0.761005 -> 0.760998
  center bond (15, 18): objective 2.088623 -> 2.088623  global RMSE 0.761005 -> 0.761005  (rejected, iterations=1)
     1.1: kPhi 0.193320 -> 0.193320  n=2.000  phase=180.000
     2.1: kPhi 0.014442 -> 0.014442  n=1.000  phase=0.000
     3.1: kPhi -0.057304 -> -0.057304  n=1.000  phase=0.000
     4.1: kPhi 0.170703 -> 0.170703  n=2.000  phase=180.000
     5.1: kPhi -0.029926 -> -0.029926  n=1.000  phase=0.000
     6.1: kPhi 0.051638 -> 0.051638  n=1.000  phase=0.000
  center bond (18, 19): objective 2.088623 -> 2.088623  global RMSE 0.761005 -> 0.761005  (rejected, iterations=1)
     1.1: kPhi -0.141088 -> -0.141088  n=3.000  phase=0.000
     2.1: kPhi -0.170686 -> -0.170686  n=3.000  phase=0.000
     3.1: kPhi 0.515828 -> 0.515828  n=1.000  phase=0.000
     4.1: kPhi -0.171444 -> -0.171444  n=3.000  phase=0.000
     5.1: kPhi -0.198839 -> -0.198839  n=3.000  phase=0.000
     6.1: kPhi -0.126576 -> -0.126576  n=3.000  phase=0.000
     7.1: kPhi -0.153923 -> -0.153923  n=3.000  phase=0.000
     8.1: kPhi -0.181234 -> -0.181234  n=3.000  phase=0.000
     9.1: kPhi -0.120238 -> -0.120238  n=3.000  phase=0.000
  center bond (19, 24): objective 2.088623 -> 2.088622  global RMSE 0.761005 -> 0.760998  (accepted, iterations=1)
     1.1: kPhi 0.773226 -> 0.773138  n=2.000  phase=180.000
     1.2: kPhi 0.212406 -> 0.212422  n=3.000  phase=180.000
     1.3: kPhi 1.018020 -> 1.018017  n=1.000  phase=0.000
     2.1: kPhi 0.586444 -> 0.586361  n=2.000  phase=180.000
     3.1: kPhi 1.378940 -> 1.378934  n=1.000  phase=0.000
     3.2: kPhi 0.233069 -> 0.232765  n=2.000  phase=180.000
     4.1: kPhi -0.276019 -> -0.275979  n=2.000  phase=180.000
     5.1: kPhi 0.731087 -> 0.731122  n=1.000  phase=0.000
     5.2: kPhi 0.511815 -> 0.511509  n=2.000  phase=180.000
     6.1: kPhi -0.230591 -> -0.230560  n=2.000  phase=180.000
  center bond (24, 26): objective 2.088622 -> 2.088622  global RMSE 0.760998 -> 0.760998  (rejected, iterations=1)
     1.1: kPhi 1.831316 -> 1.831316  n=2.000  phase=180.000
     2.1: kPhi 2.468308 -> 2.468308  n=2.000  phase=180.000
     2.2: kPhi -1.129478 -> -1.129478  n=1.000  phase=0.000
  per-scan RMSE:
    (15, 18): 0.514403 -> 0.514412
    (18, 19): 0.934711 -> 0.934699
    (19, 24): 0.473965 -> 0.473942
    (24, 26): 0.976512 -> 0.976508

cycle 165: accepted=1 rejected=3  objective 2.088622 -> 2.088621  global RMSE 0.760998 -> 0.760991
  center bond (15, 18): objective 2.088622 -> 2.088622  global RMSE 0.760998 -> 0.760998  (rejected, iterations=1)
     1.1: kPhi 0.193320 -> 0.193320  n=2.000  phase=180.000
     2.1: kPhi 0.014442 -> 0.014442  n=1.000  phase=0.000
     3.1: kPhi -0.057304 -> -0.057304  n=1.000  phase=0.000
     4.1: kPhi 0.170703 -> 0.170703  n=2.000  phase=180.000
     5.1: kPhi -0.029926 -> -0.029926  n=1.000  phase=0.000
     6.1: kPhi 0.051638 -> 0.051638  n=1.000  phase=0.000
  center bond (18, 19): objective 2.088622 -> 2.088622  global RMSE 0.760998 -> 0.760998  (rejected, iterations=1)
     1.1: kPhi -0.141088 -> -0.141088  n=3.000  phase=0.000
     2.1: kPhi -0.170686 -> -0.170686  n=3.000  phase=0.000
     3.1: kPhi 0.515828 -> 0.515828  n=1.000  phase=0.000
     4.1: kPhi -0.171444 -> -0.171444  n=3.000  phase=0.000
     5.1: kPhi -0.198839 -> -0.198839  n=3.000  phase=0.000
     6.1: kPhi -0.126576 -> -0.126576  n=3.000  phase=0.000
     7.1: kPhi -0.153923 -> -0.153923  n=3.000  phase=0.000
     8.1: kPhi -0.181234 -> -0.181234  n=3.000  phase=0.000
     9.1: kPhi -0.120238 -> -0.120238  n=3.000  phase=0.000
  center bond (19, 24): objective 2.088622 -> 2.088621  global RMSE 0.760998 -> 0.760991  (accepted, iterations=1)
     1.1: kPhi 0.773138 -> 0.773053  n=2.000  phase=180.000
     1.2: kPhi 0.212422 -> 0.212437  n=3.000  phase=180.000
     1.3: kPhi 1.018017 -> 1.018015  n=1.000  phase=0.000
     2.1: kPhi 0.586361 -> 0.586280  n=2.000  phase=180.000
     3.1: kPhi 1.378934 -> 1.378928  n=1.000  phase=0.000
     3.2: kPhi 0.232765 -> 0.232466  n=2.000  phase=180.000
     4.1: kPhi -0.275979 -> -0.275941  n=2.000  phase=180.000
     5.1: kPhi 0.731122 -> 0.731156  n=1.000  phase=0.000
     5.2: kPhi 0.511509 -> 0.511208  n=2.000  phase=180.000
     6.1: kPhi -0.230560 -> -0.230529  n=2.000  phase=180.000
  center bond (24, 26): objective 2.088621 -> 2.088621  global RMSE 0.760991 -> 0.760991  (rejected, iterations=1)
     1.1: kPhi 1.831316 -> 1.831316  n=2.000  phase=180.000
     2.1: kPhi 2.468308 -> 2.468308  n=2.000  phase=180.000
     2.2: kPhi -1.129478 -> -1.129478  n=1.000  phase=0.000
  per-scan RMSE:
    (15, 18): 0.514412 -> 0.514422
    (18, 19): 0.934699 -> 0.934687
    (19, 24): 0.473942 -> 0.473918
    (24, 26): 0.976508 -> 0.976505

cycle 166: accepted=1 rejected=3  objective 2.088621 -> 2.088620  global RMSE 0.760991 -> 0.760984
  center bond (15, 18): objective 2.088621 -> 2.088621  global RMSE 0.760991 -> 0.760991  (rejected, iterations=1)
     1.1: kPhi 0.193320 -> 0.193320  n=2.000  phase=180.000
     2.1: kPhi 0.014442 -> 0.014442  n=1.000  phase=0.000
     3.1: kPhi -0.057304 -> -0.057304  n=1.000  phase=0.000
     4.1: kPhi 0.170703 -> 0.170703  n=2.000  phase=180.000
     5.1: kPhi -0.029926 -> -0.029926  n=1.000  phase=0.000
     6.1: kPhi 0.051638 -> 0.051638  n=1.000  phase=0.000
  center bond (18, 19): objective 2.088621 -> 2.088621  global RMSE 0.760991 -> 0.760991  (rejected, iterations=1)
     1.1: kPhi -0.141088 -> -0.141088  n=3.000  phase=0.000
     2.1: kPhi -0.170686 -> -0.170686  n=3.000  phase=0.000
     3.1: kPhi 0.515828 -> 0.515828  n=1.000  phase=0.000
     4.1: kPhi -0.171444 -> -0.171444  n=3.000  phase=0.000
     5.1: kPhi -0.198839 -> -0.198839  n=3.000  phase=0.000
     6.1: kPhi -0.126576 -> -0.126576  n=3.000  phase=0.000
     7.1: kPhi -0.153923 -> -0.153923  n=3.000  phase=0.000
     8.1: kPhi -0.181234 -> -0.181234  n=3.000  phase=0.000
     9.1: kPhi -0.120238 -> -0.120238  n=3.000  phase=0.000
  center bond (19, 24): objective 2.088621 -> 2.088620  global RMSE 0.760991 -> 0.760984  (accepted, iterations=1)
     1.1: kPhi 0.773053 -> 0.772968  n=2.000  phase=180.000
     1.2: kPhi 0.212437 -> 0.212451  n=3.000  phase=180.000
     1.3: kPhi 1.018015 -> 1.018012  n=1.000  phase=0.000
     2.1: kPhi 0.586280 -> 0.586201  n=2.000  phase=180.000
     3.1: kPhi 1.378928 -> 1.378923  n=1.000  phase=0.000
     3.2: kPhi 0.232466 -> 0.232173  n=2.000  phase=180.000
     4.1: kPhi -0.275941 -> -0.275903  n=2.000  phase=180.000
     5.1: kPhi 0.731156 -> 0.731190  n=1.000  phase=0.000
     5.2: kPhi 0.511208 -> 0.510912  n=2.000  phase=180.000
     6.1: kPhi -0.230529 -> -0.230499  n=2.000  phase=180.000
  center bond (24, 26): objective 2.088620 -> 2.088620  global RMSE 0.760984 -> 0.760984  (rejected, iterations=1)
     1.1: kPhi 1.831316 -> 1.831316  n=2.000  phase=180.000
     2.1: kPhi 2.468308 -> 2.468308  n=2.000  phase=180.000
     2.2: kPhi -1.129478 -> -1.129478  n=1.000  phase=0.000
  per-scan RMSE:
    (15, 18): 0.514422 -> 0.514431
    (18, 19): 0.934687 -> 0.934676
    (19, 24): 0.473918 -> 0.473895
    (24, 26): 0.976505 -> 0.976501

cycle 167: accepted=2 rejected=2  objective 2.088620 -> 2.088619  global RMSE 0.760984 -> 0.760987
  center bond (15, 18): objective 2.088620 -> 2.088620  global RMSE 0.760984 -> 0.760984  (rejected, iterations=1)
     1.1: kPhi 0.193320 -> 0.193320  n=2.000  phase=180.000
     2.1: kPhi 0.014442 -> 0.014442  n=1.000  phase=0.000
     3.1: kPhi -0.057304 -> -0.057304  n=1.000  phase=0.000
     4.1: kPhi 0.170703 -> 0.170703  n=2.000  phase=180.000
     5.1: kPhi -0.029926 -> -0.029926  n=1.000  phase=0.000
     6.1: kPhi 0.051638 -> 0.051638  n=1.000  phase=0.000
  center bond (18, 19): objective 2.088620 -> 2.088620  global RMSE 0.760984 -> 0.760984  (rejected, iterations=1)
     1.1: kPhi -0.141088 -> -0.141088  n=3.000  phase=0.000
     2.1: kPhi -0.170686 -> -0.170686  n=3.000  phase=0.000
     3.1: kPhi 0.515828 -> 0.515828  n=1.000  phase=0.000
     4.1: kPhi -0.171444 -> -0.171444  n=3.000  phase=0.000
     5.1: kPhi -0.198839 -> -0.198839  n=3.000  phase=0.000
     6.1: kPhi -0.126576 -> -0.126576  n=3.000  phase=0.000
     7.1: kPhi -0.153923 -> -0.153923  n=3.000  phase=0.000
     8.1: kPhi -0.181234 -> -0.181234  n=3.000  phase=0.000
     9.1: kPhi -0.120238 -> -0.120238  n=3.000  phase=0.000
  center bond (19, 24): objective 2.088620 -> 2.088619  global RMSE 0.760984 -> 0.760978  (accepted, iterations=1)
     1.1: kPhi 0.772968 -> 0.772885  n=2.000  phase=180.000
     1.2: kPhi 0.212451 -> 0.212464  n=3.000  phase=180.000
     1.3: kPhi 1.018012 -> 1.018010  n=1.000  phase=0.000
     2.1: kPhi 0.586201 -> 0.586123  n=2.000  phase=180.000
     3.1: kPhi 1.378923 -> 1.378918  n=1.000  phase=0.000
     3.2: kPhi 0.232173 -> 0.231886  n=2.000  phase=180.000
     4.1: kPhi -0.275903 -> -0.275865  n=2.000  phase=180.000
     5.1: kPhi 0.731190 -> 0.731224  n=1.000  phase=0.000
     5.2: kPhi 0.510912 -> 0.510622  n=2.000  phase=180.000
     6.1: kPhi -0.230499 -> -0.230469  n=2.000  phase=180.000
  center bond (24, 26): objective 2.088619 -> 2.088619  global RMSE 0.760978 -> 0.760987  (accepted, iterations=1)
     1.1: kPhi 1.831316 -> 1.831379  n=2.000  phase=180.000
     2.1: kPhi 2.468308 -> 2.468297  n=2.000  phase=180.000
     2.2: kPhi -1.129478 -> -1.129438  n=1.000  phase=0.000
  per-scan RMSE:
    (15, 18): 0.514431 -> 0.514440
    (18, 19): 0.934676 -> 0.934665
    (19, 24): 0.473895 -> 0.473872
    (24, 26): 0.976501 -> 0.976526

cycle 168: accepted=2 rejected=2  objective 2.088619 -> 2.088619  global RMSE 0.760987 -> 0.760986
  center bond (15, 18): objective 2.088619 -> 2.088619  global RMSE 0.760987 -> 0.760987  (rejected, iterations=1)
     1.1: kPhi 0.193320 -> 0.193320  n=2.000  phase=180.000
     2.1: kPhi 0.014442 -> 0.014442  n=1.000  phase=0.000
     3.1: kPhi -0.057304 -> -0.057304  n=1.000  phase=0.000
     4.1: kPhi 0.170703 -> 0.170703  n=2.000  phase=180.000
     5.1: kPhi -0.029926 -> -0.029926  n=1.000  phase=0.000
     6.1: kPhi 0.051638 -> 0.051638  n=1.000  phase=0.000
  center bond (18, 19): objective 2.088619 -> 2.088619  global RMSE 0.760987 -> 0.760998  (accepted, iterations=1)
     1.1: kPhi -0.141088 -> -0.141098  n=3.000  phase=0.000
     2.1: kPhi -0.170686 -> -0.170646  n=3.000  phase=0.000
     3.1: kPhi 0.515828 -> 0.515912  n=1.000  phase=0.000
     4.1: kPhi -0.171444 -> -0.171434  n=3.000  phase=0.000
     5.1: kPhi -0.198839 -> -0.198792  n=3.000  phase=0.000
     6.1: kPhi -0.126576 -> -0.126583  n=3.000  phase=0.000
     7.1: kPhi -0.153923 -> -0.153952  n=3.000  phase=0.000
     8.1: kPhi -0.181234 -> -0.181212  n=3.000  phase=0.000
     9.1: kPhi -0.120238 -> -0.120282  n=3.000  phase=0.000
  center bond (19, 24): objective 2.088619 -> 2.088619  global RMSE 0.760998 -> 0.760986  (accepted, iterations=1)
     1.1: kPhi 0.772885 -> 0.772813  n=2.000  phase=180.000
     1.2: kPhi 0.212464 -> 0.212473  n=3.000  phase=180.000
     1.3: kPhi 1.018010 -> 1.018013  n=1.000  phase=0.000
     2.1: kPhi 0.586123 -> 0.586056  n=2.000  phase=180.000
     3.1: kPhi 1.378918 -> 1.378915  n=1.000  phase=0.000
     3.2: kPhi 0.231886 -> 0.231599  n=2.000  phase=180.000
     4.1: kPhi -0.275865 -> -0.275834  n=2.000  phase=180.000
     5.1: kPhi 0.731224 -> 0.731250  n=1.000  phase=0.000
     5.2: kPhi 0.510622 -> 0.510334  n=2.000  phase=180.000
     6.1: kPhi -0.230469 -> -0.230443  n=2.000  phase=180.000
  center bond (24, 26): objective 2.088619 -> 2.088619  global RMSE 0.760986 -> 0.760986  (rejected, iterations=1)
     1.1: kPhi 1.831379 -> 1.831379  n=2.000  phase=180.000
     2.1: kPhi 2.468297 -> 2.468297  n=2.000  phase=180.000
     2.2: kPhi -1.129438 -> -1.129438  n=1.000  phase=0.000
  per-scan RMSE:
    (15, 18): 0.514440 -> 0.514452
    (18, 19): 0.934665 -> 0.934677
    (19, 24): 0.473872 -> 0.473835
    (24, 26): 0.976526 -> 0.976523

cycle 169: accepted=1 rejected=3  objective 2.088619 -> 2.088618  global RMSE 0.760986 -> 0.760983
  center bond (15, 18): objective 2.088619 -> 2.088619  global RMSE 0.760986 -> 0.760986  (rejected, iterations=1)
     1.1: kPhi 0.193320 -> 0.193320  n=2.000  phase=180.000
     2.1: kPhi 0.014442 -> 0.014442  n=1.000  phase=0.000
     3.1: kPhi -0.057304 -> -0.057304  n=1.000  phase=0.000
     4.1: kPhi 0.170703 -> 0.170703  n=2.000  phase=180.000
     5.1: kPhi -0.029926 -> -0.029926  n=1.000  phase=0.000
     6.1: kPhi 0.051638 -> 0.051638  n=1.000  phase=0.000
  center bond (18, 19): objective 2.088619 -> 2.088619  global RMSE 0.760986 -> 0.760986  (rejected, iterations=1)
     1.1: kPhi -0.141098 -> -0.141098  n=3.000  phase=0.000
     2.1: kPhi -0.170646 -> -0.170646  n=3.000  phase=0.000
     3.1: kPhi 0.515912 -> 0.515912  n=1.000  phase=0.000
     4.1: kPhi -0.171434 -> -0.171434  n=3.000  phase=0.000
     5.1: kPhi -0.198792 -> -0.198792  n=3.000  phase=0.000
     6.1: kPhi -0.126583 -> -0.126583  n=3.000  phase=0.000
     7.1: kPhi -0.153952 -> -0.153952  n=3.000  phase=0.000
     8.1: kPhi -0.181212 -> -0.181212  n=3.000  phase=0.000
     9.1: kPhi -0.120282 -> -0.120282  n=3.000  phase=0.000
  center bond (19, 24): objective 2.088619 -> 2.088618  global RMSE 0.760986 -> 0.760983  (accepted, iterations=1)
     1.1: kPhi 0.772813 -> 0.772729  n=2.000  phase=180.000
     1.2: kPhi 0.212473 -> 0.212490  n=3.000  phase=180.000
     1.3: kPhi 1.018013 -> 1.018007  n=1.000  phase=0.000
     2.1: kPhi 0.586056 -> 0.585976  n=2.000  phase=180.000
     3.1: kPhi 1.378915 -> 1.378912  n=1.000  phase=0.000
     3.2: kPhi 0.231599 -> 0.231328  n=2.000  phase=180.000
     4.1: kPhi -0.275834 -> -0.275793  n=2.000  phase=180.000
     5.1: kPhi 0.731250 -> 0.731285  n=1.000  phase=0.000
     5.2: kPhi 0.510334 -> 0.510052  n=2.000  phase=180.000
     6.1: kPhi -0.230443 -> -0.230415  n=2.000  phase=180.000
  center bond (24, 26): objective 2.088618 -> 2.088618  global RMSE 0.760983 -> 0.760983  (rejected, iterations=1)
     1.1: kPhi 1.831379 -> 1.831379  n=2.000  phase=180.000
     2.1: kPhi 2.468297 -> 2.468297  n=2.000  phase=180.000
     2.2: kPhi -1.129438 -> -1.129438  n=1.000  phase=0.000
  per-scan RMSE:
    (15, 18): 0.514452 -> 0.514459
    (18, 19): 0.934677 -> 0.934670
    (19, 24): 0.473835 -> 0.473825
    (24, 26): 0.976523 -> 0.976520

cycle 170: accepted=2 rejected=2  objective 2.088618 -> 2.088617  global RMSE 0.760983 -> 0.760971
  center bond (15, 18): objective 2.088618 -> 2.088618  global RMSE 0.760983 -> 0.760978  (accepted, iterations=1)
     1.1: kPhi 0.193320 -> 0.193245  n=2.000  phase=180.000
     2.1: kPhi 0.014442 -> 0.014421  n=1.000  phase=0.000
     3.1: kPhi -0.057304 -> -0.057370  n=1.000  phase=0.000
     4.1: kPhi 0.170703 -> 0.170599  n=2.000  phase=180.000
     5.1: kPhi -0.029926 -> -0.029912  n=1.000  phase=0.000
     6.1: kPhi 0.051638 -> 0.051718  n=1.000  phase=0.000
  center bond (18, 19): objective 2.088618 -> 2.088618  global RMSE 0.760978 -> 0.760978  (rejected, iterations=1)
     1.1: kPhi -0.141098 -> -0.141098  n=3.000  phase=0.000
     2.1: kPhi -0.170646 -> -0.170646  n=3.000  phase=0.000
     3.1: kPhi 0.515912 -> 0.515912  n=1.000  phase=0.000
     4.1: kPhi -0.171434 -> -0.171434  n=3.000  phase=0.000
     5.1: kPhi -0.198792 -> -0.198792  n=3.000  phase=0.000
     6.1: kPhi -0.126583 -> -0.126583  n=3.000  phase=0.000
     7.1: kPhi -0.153952 -> -0.153952  n=3.000  phase=0.000
     8.1: kPhi -0.181212 -> -0.181212  n=3.000  phase=0.000
     9.1: kPhi -0.120282 -> -0.120282  n=3.000  phase=0.000
  center bond (19, 24): objective 2.088618 -> 2.088617  global RMSE 0.760978 -> 0.760971  (accepted, iterations=1)
     1.1: kPhi 0.772729 -> 0.772653  n=2.000  phase=180.000
     1.2: kPhi 0.212490 -> 0.212504  n=3.000  phase=180.000
     1.3: kPhi 1.018007 -> 1.018000  n=1.000  phase=0.000
     2.1: kPhi 0.585976 -> 0.585904  n=2.000  phase=180.000
     3.1: kPhi 1.378912 -> 1.378911  n=1.000  phase=0.000
     3.2: kPhi 0.231328 -> 0.231056  n=2.000  phase=180.000
     4.1: kPhi -0.275793 -> -0.275759  n=2.000  phase=180.000
     5.1: kPhi 0.731285 -> 0.731319  n=1.000  phase=0.000
     5.2: kPhi 0.510052 -> 0.509777  n=2.000  phase=180.000
     6.1: kPhi -0.230415 -> -0.230387  n=2.000  phase=180.000
  center bond (24, 26): objective 2.088617 -> 2.088617  global RMSE 0.760971 -> 0.760971  (rejected, iterations=1)
     1.1: kPhi 1.831379 -> 1.831379  n=2.000  phase=180.000
     2.1: kPhi 2.468297 -> 2.468297  n=2.000  phase=180.000
     2.2: kPhi -1.129438 -> -1.129438  n=1.000  phase=0.000
  per-scan RMSE:
    (15, 18): 0.514459 -> 0.514414
    (18, 19): 0.934670 -> 0.934675
    (19, 24): 0.473825 -> 0.473801
    (24, 26): 0.976520 -> 0.976516

cycle 171: accepted=1 rejected=3  objective 2.088617 -> 2.088617  global RMSE 0.760971 -> 0.760965
  center bond (15, 18): objective 2.088617 -> 2.088617  global RMSE 0.760971 -> 0.760971  (rejected, iterations=1)
     1.1: kPhi 0.193245 -> 0.193245  n=2.000  phase=180.000
     2.1: kPhi 0.014421 -> 0.014421  n=1.000  phase=0.000
     3.1: kPhi -0.057370 -> -0.057370  n=1.000  phase=0.000
     4.1: kPhi 0.170599 -> 0.170599  n=2.000  phase=180.000
     5.1: kPhi -0.029912 -> -0.029912  n=1.000  phase=0.000
     6.1: kPhi 0.051718 -> 0.051718  n=1.000  phase=0.000
  center bond (18, 19): objective 2.088617 -> 2.088617  global RMSE 0.760971 -> 0.760971  (rejected, iterations=1)
     1.1: kPhi -0.141098 -> -0.141098  n=3.000  phase=0.000
     2.1: kPhi -0.170646 -> -0.170646  n=3.000  phase=0.000
     3.1: kPhi 0.515912 -> 0.515912  n=1.000  phase=0.000
     4.1: kPhi -0.171434 -> -0.171434  n=3.000  phase=0.000
     5.1: kPhi -0.198792 -> -0.198792  n=3.000  phase=0.000
     6.1: kPhi -0.126583 -> -0.126583  n=3.000  phase=0.000
     7.1: kPhi -0.153952 -> -0.153952  n=3.000  phase=0.000
     8.1: kPhi -0.181212 -> -0.181212  n=3.000  phase=0.000
     9.1: kPhi -0.120282 -> -0.120282  n=3.000  phase=0.000
  center bond (19, 24): objective 2.088617 -> 2.088617  global RMSE 0.760971 -> 0.760965  (accepted, iterations=1)
     1.1: kPhi 0.772653 -> 0.772578  n=2.000  phase=180.000
     1.2: kPhi 0.212504 -> 0.212518  n=3.000  phase=180.000
     1.3: kPhi 1.018000 -> 1.017994  n=1.000  phase=0.000
     2.1: kPhi 0.585904 -> 0.585834  n=2.000  phase=180.000
     3.1: kPhi 1.378911 -> 1.378910  n=1.000  phase=0.000
     3.2: kPhi 0.231056 -> 0.230789  n=2.000  phase=180.000
     4.1: kPhi -0.275759 -> -0.275726  n=2.000  phase=180.000
     5.1: kPhi 0.731319 -> 0.731353  n=1.000  phase=0.000
     5.2: kPhi 0.509777 -> 0.509507  n=2.000  phase=180.000
     6.1: kPhi -0.230387 -> -0.230359  n=2.000  phase=180.000
  center bond (24, 26): objective 2.088617 -> 2.088617  global RMSE 0.760965 -> 0.760965  (rejected, iterations=1)
     1.1: kPhi 1.831379 -> 1.831379  n=2.000  phase=180.000
     2.1: kPhi 2.468297 -> 2.468297  n=2.000  phase=180.000
     2.2: kPhi -1.129438 -> -1.129438  n=1.000  phase=0.000
  per-scan RMSE:
    (15, 18): 0.514414 -> 0.514423
    (18, 19): 0.934675 -> 0.934665
    (19, 24): 0.473801 -> 0.473779
    (24, 26): 0.976516 -> 0.976513

cycle 172: accepted=1 rejected=3  objective 2.088617 -> 2.088616  global RMSE 0.760965 -> 0.760959
  center bond (15, 18): objective 2.088617 -> 2.088617  global RMSE 0.760965 -> 0.760965  (rejected, iterations=1)
     1.1: kPhi 0.193245 -> 0.193245  n=2.000  phase=180.000
     2.1: kPhi 0.014421 -> 0.014421  n=1.000  phase=0.000
     3.1: kPhi -0.057370 -> -0.057370  n=1.000  phase=0.000
     4.1: kPhi 0.170599 -> 0.170599  n=2.000  phase=180.000
     5.1: kPhi -0.029912 -> -0.029912  n=1.000  phase=0.000
     6.1: kPhi 0.051718 -> 0.051718  n=1.000  phase=0.000
  center bond (18, 19): objective 2.088617 -> 2.088617  global RMSE 0.760965 -> 0.760965  (rejected, iterations=1)
     1.1: kPhi -0.141098 -> -0.141098  n=3.000  phase=0.000
     2.1: kPhi -0.170646 -> -0.170646  n=3.000  phase=0.000
     3.1: kPhi 0.515912 -> 0.515912  n=1.000  phase=0.000
     4.1: kPhi -0.171434 -> -0.171434  n=3.000  phase=0.000
     5.1: kPhi -0.198792 -> -0.198792  n=3.000  phase=0.000
     6.1: kPhi -0.126583 -> -0.126583  n=3.000  phase=0.000
     7.1: kPhi -0.153952 -> -0.153952  n=3.000  phase=0.000
     8.1: kPhi -0.181212 -> -0.181212  n=3.000  phase=0.000
     9.1: kPhi -0.120282 -> -0.120282  n=3.000  phase=0.000
  center bond (19, 24): objective 2.088617 -> 2.088616  global RMSE 0.760965 -> 0.760959  (accepted, iterations=1)
     1.1: kPhi 0.772578 -> 0.772504  n=2.000  phase=180.000
     1.2: kPhi 0.212518 -> 0.212530  n=3.000  phase=180.000
     1.3: kPhi 1.017994 -> 1.017990  n=1.000  phase=0.000
     2.1: kPhi 0.585834 -> 0.585764  n=2.000  phase=180.000
     3.1: kPhi 1.378910 -> 1.378908  n=1.000  phase=0.000
     3.2: kPhi 0.230789 -> 0.230528  n=2.000  phase=180.000
     4.1: kPhi -0.275726 -> -0.275693  n=2.000  phase=180.000
     5.1: kPhi 0.731353 -> 0.731386  n=1.000  phase=0.000
     5.2: kPhi 0.509507 -> 0.509241  n=2.000  phase=180.000
     6.1: kPhi -0.230359 -> -0.230331  n=2.000  phase=180.000
  center bond (24, 26): objective 2.088616 -> 2.088616  global RMSE 0.760959 -> 0.760959  (rejected, iterations=1)
     1.1: kPhi 1.831379 -> 1.831379  n=2.000  phase=180.000
     2.1: kPhi 2.468297 -> 2.468297  n=2.000  phase=180.000
     2.2: kPhi -1.129438 -> -1.129438  n=1.000  phase=0.000
  per-scan RMSE:
    (15, 18): 0.514423 -> 0.514431
    (18, 19): 0.934665 -> 0.934655
    (19, 24): 0.473779 -> 0.473758
    (24, 26): 0.976513 -> 0.976510

cycle 173: accepted=1 rejected=3  objective 2.088616 -> 2.088616  global RMSE 0.760959 -> 0.760953
  center bond (15, 18): objective 2.088616 -> 2.088616  global RMSE 0.760959 -> 0.760959  (rejected, iterations=1)
     1.1: kPhi 0.193245 -> 0.193245  n=2.000  phase=180.000
     2.1: kPhi 0.014421 -> 0.014421  n=1.000  phase=0.000
     3.1: kPhi -0.057370 -> -0.057370  n=1.000  phase=0.000
     4.1: kPhi 0.170599 -> 0.170599  n=2.000  phase=180.000
     5.1: kPhi -0.029912 -> -0.029912  n=1.000  phase=0.000
     6.1: kPhi 0.051718 -> 0.051718  n=1.000  phase=0.000
  center bond (18, 19): objective 2.088616 -> 2.088616  global RMSE 0.760959 -> 0.760959  (rejected, iterations=1)
     1.1: kPhi -0.141098 -> -0.141098  n=3.000  phase=0.000
     2.1: kPhi -0.170646 -> -0.170646  n=3.000  phase=0.000
     3.1: kPhi 0.515912 -> 0.515912  n=1.000  phase=0.000
     4.1: kPhi -0.171434 -> -0.171434  n=3.000  phase=0.000
     5.1: kPhi -0.198792 -> -0.198792  n=3.000  phase=0.000
     6.1: kPhi -0.126583 -> -0.126583  n=3.000  phase=0.000
     7.1: kPhi -0.153952 -> -0.153952  n=3.000  phase=0.000
     8.1: kPhi -0.181212 -> -0.181212  n=3.000  phase=0.000
     9.1: kPhi -0.120282 -> -0.120282  n=3.000  phase=0.000
  center bond (19, 24): objective 2.088616 -> 2.088616  global RMSE 0.760959 -> 0.760953  (accepted, iterations=1)
     1.1: kPhi 0.772504 -> 0.772431  n=2.000  phase=180.000
     1.2: kPhi 0.212530 -> 0.212542  n=3.000  phase=180.000
     1.3: kPhi 1.017990 -> 1.017987  n=1.000  phase=0.000
     2.1: kPhi 0.585764 -> 0.585695  n=2.000  phase=180.000
     3.1: kPhi 1.378908 -> 1.378906  n=1.000  phase=0.000
     3.2: kPhi 0.230528 -> 0.230272  n=2.000  phase=180.000
     4.1: kPhi -0.275693 -> -0.275660  n=2.000  phase=180.000
     5.1: kPhi 0.731386 -> 0.731419  n=1.000  phase=0.000
     5.2: kPhi 0.509241 -> 0.508981  n=2.000  phase=180.000
     6.1: kPhi -0.230331 -> -0.230304  n=2.000  phase=180.000
  center bond (24, 26): objective 2.088616 -> 2.088616  global RMSE 0.760953 -> 0.760953  (rejected, iterations=1)
     1.1: kPhi 1.831379 -> 1.831379  n=2.000  phase=180.000
     2.1: kPhi 2.468297 -> 2.468297  n=2.000  phase=180.000
     2.2: kPhi -1.129438 -> -1.129438  n=1.000  phase=0.000
  per-scan RMSE:
    (15, 18): 0.514431 -> 0.514440
    (18, 19): 0.934655 -> 0.934645
    (19, 24): 0.473758 -> 0.473737
    (24, 26): 0.976510 -> 0.976506

cycle 174: accepted=1 rejected=3  objective 2.088616 -> 2.088615  global RMSE 0.760953 -> 0.760948
  center bond (15, 18): objective 2.088616 -> 2.088616  global RMSE 0.760953 -> 0.760953  (rejected, iterations=1)
     1.1: kPhi 0.193245 -> 0.193245  n=2.000  phase=180.000
     2.1: kPhi 0.014421 -> 0.014421  n=1.000  phase=0.000
     3.1: kPhi -0.057370 -> -0.057370  n=1.000  phase=0.000
     4.1: kPhi 0.170599 -> 0.170599  n=2.000  phase=180.000
     5.1: kPhi -0.029912 -> -0.029912  n=1.000  phase=0.000
     6.1: kPhi 0.051718 -> 0.051718  n=1.000  phase=0.000
  center bond (18, 19): objective 2.088616 -> 2.088616  global RMSE 0.760953 -> 0.760953  (rejected, iterations=1)
     1.1: kPhi -0.141098 -> -0.141098  n=3.000  phase=0.000
     2.1: kPhi -0.170646 -> -0.170646  n=3.000  phase=0.000
     3.1: kPhi 0.515912 -> 0.515912  n=1.000  phase=0.000
     4.1: kPhi -0.171434 -> -0.171434  n=3.000  phase=0.000
     5.1: kPhi -0.198792 -> -0.198792  n=3.000  phase=0.000
     6.1: kPhi -0.126583 -> -0.126583  n=3.000  phase=0.000
     7.1: kPhi -0.153952 -> -0.153952  n=3.000  phase=0.000
     8.1: kPhi -0.181212 -> -0.181212  n=3.000  phase=0.000
     9.1: kPhi -0.120282 -> -0.120282  n=3.000  phase=0.000
  center bond (19, 24): objective 2.088616 -> 2.088615  global RMSE 0.760953 -> 0.760948  (accepted, iterations=1)
     1.1: kPhi 0.772431 -> 0.772359  n=2.000  phase=180.000
     1.2: kPhi 0.212542 -> 0.212553  n=3.000  phase=180.000
     1.3: kPhi 1.017987 -> 1.017985  n=1.000  phase=0.000
     2.1: kPhi 0.585695 -> 0.585628  n=2.000  phase=180.000
     3.1: kPhi 1.378906 -> 1.378904  n=1.000  phase=0.000
     3.2: kPhi 0.230272 -> 0.230021  n=2.000  phase=180.000
     4.1: kPhi -0.275660 -> -0.275628  n=2.000  phase=180.000
     5.1: kPhi 0.731419 -> 0.731451  n=1.000  phase=0.000
     5.2: kPhi 0.508981 -> 0.508725  n=2.000  phase=180.000
     6.1: kPhi -0.230304 -> -0.230278  n=2.000  phase=180.000
  center bond (24, 26): objective 2.088615 -> 2.088615  global RMSE 0.760948 -> 0.760948  (rejected, iterations=1)
     1.1: kPhi 1.831379 -> 1.831379  n=2.000  phase=180.000
     2.1: kPhi 2.468297 -> 2.468297  n=2.000  phase=180.000
     2.2: kPhi -1.129438 -> -1.129438  n=1.000  phase=0.000
  per-scan RMSE:
    (15, 18): 0.514440 -> 0.514448
    (18, 19): 0.934645 -> 0.934635
    (19, 24): 0.473737 -> 0.473717
    (24, 26): 0.976506 -> 0.976503

cycle 175: accepted=1 rejected=3  objective 2.088615 -> 2.088614  global RMSE 0.760948 -> 0.760942
  center bond (15, 18): objective 2.088615 -> 2.088615  global RMSE 0.760948 -> 0.760948  (rejected, iterations=1)
     1.1: kPhi 0.193245 -> 0.193245  n=2.000  phase=180.000
     2.1: kPhi 0.014421 -> 0.014421  n=1.000  phase=0.000
     3.1: kPhi -0.057370 -> -0.057370  n=1.000  phase=0.000
     4.1: kPhi 0.170599 -> 0.170599  n=2.000  phase=180.000
     5.1: kPhi -0.029912 -> -0.029912  n=1.000  phase=0.000
     6.1: kPhi 0.051718 -> 0.051718  n=1.000  phase=0.000
  center bond (18, 19): objective 2.088615 -> 2.088615  global RMSE 0.760948 -> 0.760948  (rejected, iterations=1)
     1.1: kPhi -0.141098 -> -0.141098  n=3.000  phase=0.000
     2.1: kPhi -0.170646 -> -0.170646  n=3.000  phase=0.000
     3.1: kPhi 0.515912 -> 0.515912  n=1.000  phase=0.000
     4.1: kPhi -0.171434 -> -0.171434  n=3.000  phase=0.000
     5.1: kPhi -0.198792 -> -0.198792  n=3.000  phase=0.000
     6.1: kPhi -0.126583 -> -0.126583  n=3.000  phase=0.000
     7.1: kPhi -0.153952 -> -0.153952  n=3.000  phase=0.000
     8.1: kPhi -0.181212 -> -0.181212  n=3.000  phase=0.000
     9.1: kPhi -0.120282 -> -0.120282  n=3.000  phase=0.000
  center bond (19, 24): objective 2.088615 -> 2.088614  global RMSE 0.760948 -> 0.760942  (accepted, iterations=1)
     1.1: kPhi 0.772359 -> 0.772288  n=2.000  phase=180.000
     1.2: kPhi 0.212553 -> 0.212564  n=3.000  phase=180.000
     1.3: kPhi 1.017985 -> 1.017983  n=1.000  phase=0.000
     2.1: kPhi 0.585628 -> 0.585561  n=2.000  phase=180.000
     3.1: kPhi 1.378904 -> 1.378902  n=1.000  phase=0.000
     3.2: kPhi 0.230021 -> 0.229775  n=2.000  phase=180.000
     4.1: kPhi -0.275628 -> -0.275597  n=2.000  phase=180.000
     5.1: kPhi 0.731451 -> 0.731482  n=1.000  phase=0.000
     5.2: kPhi 0.508725 -> 0.508474  n=2.000  phase=180.000
     6.1: kPhi -0.230278 -> -0.230252  n=2.000  phase=180.000
  center bond (24, 26): objective 2.088614 -> 2.088614  global RMSE 0.760942 -> 0.760942  (rejected, iterations=1)
     1.1: kPhi 1.831379 -> 1.831379  n=2.000  phase=180.000
     2.1: kPhi 2.468297 -> 2.468297  n=2.000  phase=180.000
     2.2: kPhi -1.129438 -> -1.129438  n=1.000  phase=0.000
  per-scan RMSE:
    (15, 18): 0.514448 -> 0.514456
    (18, 19): 0.934635 -> 0.934625
    (19, 24): 0.473717 -> 0.473696
    (24, 26): 0.976503 -> 0.976500

cycle 176: accepted=1 rejected=3  objective 2.088614 -> 2.088614  global RMSE 0.760942 -> 0.760936
  center bond (15, 18): objective 2.088614 -> 2.088614  global RMSE 0.760942 -> 0.760942  (rejected, iterations=1)
     1.1: kPhi 0.193245 -> 0.193245  n=2.000  phase=180.000
     2.1: kPhi 0.014421 -> 0.014421  n=1.000  phase=0.000
     3.1: kPhi -0.057370 -> -0.057370  n=1.000  phase=0.000
     4.1: kPhi 0.170599 -> 0.170599  n=2.000  phase=180.000
     5.1: kPhi -0.029912 -> -0.029912  n=1.000  phase=0.000
     6.1: kPhi 0.051718 -> 0.051718  n=1.000  phase=0.000
  center bond (18, 19): objective 2.088614 -> 2.088614  global RMSE 0.760942 -> 0.760942  (rejected, iterations=1)
     1.1: kPhi -0.141098 -> -0.141098  n=3.000  phase=0.000
     2.1: kPhi -0.170646 -> -0.170646  n=3.000  phase=0.000
     3.1: kPhi 0.515912 -> 0.515912  n=1.000  phase=0.000
     4.1: kPhi -0.171434 -> -0.171434  n=3.000  phase=0.000
     5.1: kPhi -0.198792 -> -0.198792  n=3.000  phase=0.000
     6.1: kPhi -0.126583 -> -0.126583  n=3.000  phase=0.000
     7.1: kPhi -0.153952 -> -0.153952  n=3.000  phase=0.000
     8.1: kPhi -0.181212 -> -0.181212  n=3.000  phase=0.000
     9.1: kPhi -0.120282 -> -0.120282  n=3.000  phase=0.000
  center bond (19, 24): objective 2.088614 -> 2.088614  global RMSE 0.760942 -> 0.760936  (accepted, iterations=1)
     1.1: kPhi 0.772288 -> 0.772219  n=2.000  phase=180.000
     1.2: kPhi 0.212564 -> 0.212574  n=3.000  phase=180.000
     1.3: kPhi 1.017983 -> 1.017982  n=1.000  phase=0.000
     2.1: kPhi 0.585561 -> 0.585496  n=2.000  phase=180.000
     3.1: kPhi 1.378902 -> 1.378900  n=1.000  phase=0.000
     3.2: kPhi 0.229775 -> 0.229533  n=2.000  phase=180.000
     4.1: kPhi -0.275597 -> -0.275566  n=2.000  phase=180.000
     5.1: kPhi 0.731482 -> 0.731513  n=1.000  phase=0.000
     5.2: kPhi 0.508474 -> 0.508228  n=2.000  phase=180.000
     6.1: kPhi -0.230252 -> -0.230226  n=2.000  phase=180.000
  center bond (24, 26): objective 2.088614 -> 2.088614  global RMSE 0.760936 -> 0.760936  (rejected, iterations=1)
     1.1: kPhi 1.831379 -> 1.831379  n=2.000  phase=180.000
     2.1: kPhi 2.468297 -> 2.468297  n=2.000  phase=180.000
     2.2: kPhi -1.129438 -> -1.129438  n=1.000  phase=0.000
  per-scan RMSE:
    (15, 18): 0.514456 -> 0.514463
    (18, 19): 0.934625 -> 0.934616
    (19, 24): 0.473696 -> 0.473677
    (24, 26): 0.976500 -> 0.976497

cycle 177: accepted=2 rejected=2  objective 2.088614 -> 2.088613  global RMSE 0.760936 -> 0.760940
  center bond (15, 18): objective 2.088614 -> 2.088614  global RMSE 0.760936 -> 0.760936  (rejected, iterations=1)
     1.1: kPhi 0.193245 -> 0.193245  n=2.000  phase=180.000
     2.1: kPhi 0.014421 -> 0.014421  n=1.000  phase=0.000
     3.1: kPhi -0.057370 -> -0.057370  n=1.000  phase=0.000
     4.1: kPhi 0.170599 -> 0.170599  n=2.000  phase=180.000
     5.1: kPhi -0.029912 -> -0.029912  n=1.000  phase=0.000
     6.1: kPhi 0.051718 -> 0.051718  n=1.000  phase=0.000
  center bond (18, 19): objective 2.088614 -> 2.088614  global RMSE 0.760936 -> 0.760936  (rejected, iterations=1)
     1.1: kPhi -0.141098 -> -0.141098  n=3.000  phase=0.000
     2.1: kPhi -0.170646 -> -0.170646  n=3.000  phase=0.000
     3.1: kPhi 0.515912 -> 0.515912  n=1.000  phase=0.000
     4.1: kPhi -0.171434 -> -0.171434  n=3.000  phase=0.000
     5.1: kPhi -0.198792 -> -0.198792  n=3.000  phase=0.000
     6.1: kPhi -0.126583 -> -0.126583  n=3.000  phase=0.000
     7.1: kPhi -0.153952 -> -0.153952  n=3.000  phase=0.000
     8.1: kPhi -0.181212 -> -0.181212  n=3.000  phase=0.000
     9.1: kPhi -0.120282 -> -0.120282  n=3.000  phase=0.000
  center bond (19, 24): objective 2.088614 -> 2.088613  global RMSE 0.760936 -> 0.760931  (accepted, iterations=1)
     1.1: kPhi 0.772219 -> 0.772150  n=2.000  phase=180.000
     1.2: kPhi 0.212574 -> 0.212584  n=3.000  phase=180.000
     1.3: kPhi 1.017982 -> 1.017981  n=1.000  phase=0.000
     2.1: kPhi 0.585496 -> 0.585432  n=2.000  phase=180.000
     3.1: kPhi 1.378900 -> 1.378898  n=1.000  phase=0.000
     3.2: kPhi 0.229533 -> 0.229297  n=2.000  phase=180.000
     4.1: kPhi -0.275566 -> -0.275536  n=2.000  phase=180.000
     5.1: kPhi 0.731513 -> 0.731543  n=1.000  phase=0.000
     5.2: kPhi 0.508228 -> 0.507987  n=2.000  phase=180.000
     6.1: kPhi -0.230226 -> -0.230201  n=2.000  phase=180.000
  center bond (24, 26): objective 2.088613 -> 2.088613  global RMSE 0.760931 -> 0.760940  (accepted, iterations=1)
     1.1: kPhi 1.831379 -> 1.831442  n=2.000  phase=180.000
     2.1: kPhi 2.468297 -> 2.468287  n=2.000  phase=180.000
     2.2: kPhi -1.129438 -> -1.129397  n=1.000  phase=0.000
  per-scan RMSE:
    (15, 18): 0.514463 -> 0.514471
    (18, 19): 0.934616 -> 0.934607
    (19, 24): 0.473677 -> 0.473657
    (24, 26): 0.976497 -> 0.976524

cycle 178: accepted=1 rejected=3  objective 2.088613 -> 2.088613  global RMSE 0.760940 -> 0.760935
  center bond (15, 18): objective 2.088613 -> 2.088613  global RMSE 0.760940 -> 0.760940  (rejected, iterations=1)
     1.1: kPhi 0.193245 -> 0.193245  n=2.000  phase=180.000
     2.1: kPhi 0.014421 -> 0.014421  n=1.000  phase=0.000
     3.1: kPhi -0.057370 -> -0.057370  n=1.000  phase=0.000
     4.1: kPhi 0.170599 -> 0.170599  n=2.000  phase=180.000
     5.1: kPhi -0.029912 -> -0.029912  n=1.000  phase=0.000
     6.1: kPhi 0.051718 -> 0.051718  n=1.000  phase=0.000
  center bond (18, 19): objective 2.088613 -> 2.088613  global RMSE 0.760940 -> 0.760940  (rejected, iterations=1)
     1.1: kPhi -0.141098 -> -0.141098  n=3.000  phase=0.000
     2.1: kPhi -0.170646 -> -0.170646  n=3.000  phase=0.000
     3.1: kPhi 0.515912 -> 0.515912  n=1.000  phase=0.000
     4.1: kPhi -0.171434 -> -0.171434  n=3.000  phase=0.000
     5.1: kPhi -0.198792 -> -0.198792  n=3.000  phase=0.000
     6.1: kPhi -0.126583 -> -0.126583  n=3.000  phase=0.000
     7.1: kPhi -0.153952 -> -0.153952  n=3.000  phase=0.000
     8.1: kPhi -0.181212 -> -0.181212  n=3.000  phase=0.000
     9.1: kPhi -0.120282 -> -0.120282  n=3.000  phase=0.000
  center bond (19, 24): objective 2.088613 -> 2.088613  global RMSE 0.760940 -> 0.760935  (accepted, iterations=1)
     1.1: kPhi 0.772150 -> 0.772084  n=2.000  phase=180.000
     1.2: kPhi 0.212584 -> 0.212595  n=3.000  phase=180.000
     1.3: kPhi 1.017981 -> 1.017980  n=1.000  phase=0.000
     2.1: kPhi 0.585432 -> 0.585370  n=2.000  phase=180.000
     3.1: kPhi 1.378898 -> 1.378896  n=1.000  phase=0.000
     3.2: kPhi 0.229297 -> 0.229065  n=2.000  phase=180.000
     4.1: kPhi -0.275536 -> -0.275506  n=2.000  phase=180.000
     5.1: kPhi 0.731543 -> 0.731573  n=1.000  phase=0.000
     5.2: kPhi 0.507987 -> 0.507749  n=2.000  phase=180.000
     6.1: kPhi -0.230201 -> -0.230176  n=2.000  phase=180.000
  center bond (24, 26): objective 2.088613 -> 2.088613  global RMSE 0.760935 -> 0.760935  (rejected, iterations=1)
     1.1: kPhi 1.831442 -> 1.831442  n=2.000  phase=180.000
     2.1: kPhi 2.468287 -> 2.468287  n=2.000  phase=180.000
     2.2: kPhi -1.129397 -> -1.129397  n=1.000  phase=0.000
  per-scan RMSE:
    (15, 18): 0.514471 -> 0.514478
    (18, 19): 0.934607 -> 0.934598
    (19, 24): 0.473657 -> 0.473639
    (24, 26): 0.976524 -> 0.976521

cycle 179: accepted=1 rejected=3  objective 2.088613 -> 2.088612  global RMSE 0.760935 -> 0.760930
  center bond (15, 18): objective 2.088613 -> 2.088613  global RMSE 0.760935 -> 0.760935  (rejected, iterations=1)
     1.1: kPhi 0.193245 -> 0.193245  n=2.000  phase=180.000
     2.1: kPhi 0.014421 -> 0.014421  n=1.000  phase=0.000
     3.1: kPhi -0.057370 -> -0.057370  n=1.000  phase=0.000
     4.1: kPhi 0.170599 -> 0.170599  n=2.000  phase=180.000
     5.1: kPhi -0.029912 -> -0.029912  n=1.000  phase=0.000
     6.1: kPhi 0.051718 -> 0.051718  n=1.000  phase=0.000
  center bond (18, 19): objective 2.088613 -> 2.088613  global RMSE 0.760935 -> 0.760935  (rejected, iterations=1)
     1.1: kPhi -0.141098 -> -0.141098  n=3.000  phase=0.000
     2.1: kPhi -0.170646 -> -0.170646  n=3.000  phase=0.000
     3.1: kPhi 0.515912 -> 0.515912  n=1.000  phase=0.000
     4.1: kPhi -0.171434 -> -0.171434  n=3.000  phase=0.000
     5.1: kPhi -0.198792 -> -0.198792  n=3.000  phase=0.000
     6.1: kPhi -0.126583 -> -0.126583  n=3.000  phase=0.000
     7.1: kPhi -0.153952 -> -0.153952  n=3.000  phase=0.000
     8.1: kPhi -0.181212 -> -0.181212  n=3.000  phase=0.000
     9.1: kPhi -0.120282 -> -0.120282  n=3.000  phase=0.000
  center bond (19, 24): objective 2.088613 -> 2.088612  global RMSE 0.760935 -> 0.760930  (accepted, iterations=1)
     1.1: kPhi 0.772084 -> 0.772018  n=2.000  phase=180.000
     1.2: kPhi 0.212595 -> 0.212605  n=3.000  phase=180.000
     1.3: kPhi 1.017980 -> 1.017980  n=1.000  phase=0.000
     2.1: kPhi 0.585370 -> 0.585308  n=2.000  phase=180.000
     3.1: kPhi 1.378896 -> 1.378895  n=1.000  phase=0.000
     3.2: kPhi 0.229065 -> 0.228837  n=2.000  phase=180.000
     4.1: kPhi -0.275506 -> -0.275477  n=2.000  phase=180.000
     5.1: kPhi 0.731573 -> 0.731603  n=1.000  phase=0.000
     5.2: kPhi 0.507749 -> 0.507516  n=2.000  phase=180.000
     6.1: kPhi -0.230176 -> -0.230152  n=2.000  phase=180.000
  center bond (24, 26): objective 2.088612 -> 2.088612  global RMSE 0.760930 -> 0.760930  (rejected, iterations=1)
     1.1: kPhi 1.831442 -> 1.831442  n=2.000  phase=180.000
     2.1: kPhi 2.468287 -> 2.468287  n=2.000  phase=180.000
     2.2: kPhi -1.129397 -> -1.129397  n=1.000  phase=0.000
  per-scan RMSE:
    (15, 18): 0.514478 -> 0.514485
    (18, 19): 0.934598 -> 0.934588
    (19, 24): 0.473639 -> 0.473620
    (24, 26): 0.976521 -> 0.976519

cycle 180: accepted=1 rejected=3  objective 2.088612 -> 2.088612  global RMSE 0.760930 -> 0.760924
  center bond (15, 18): objective 2.088612 -> 2.088612  global RMSE 0.760930 -> 0.760930  (rejected, iterations=1)
     1.1: kPhi 0.193245 -> 0.193245  n=2.000  phase=180.000
     2.1: kPhi 0.014421 -> 0.014421  n=1.000  phase=0.000
     3.1: kPhi -0.057370 -> -0.057370  n=1.000  phase=0.000
     4.1: kPhi 0.170599 -> 0.170599  n=2.000  phase=180.000
     5.1: kPhi -0.029912 -> -0.029912  n=1.000  phase=0.000
     6.1: kPhi 0.051718 -> 0.051718  n=1.000  phase=0.000
  center bond (18, 19): objective 2.088612 -> 2.088612  global RMSE 0.760930 -> 0.760930  (rejected, iterations=1)
     1.1: kPhi -0.141098 -> -0.141098  n=3.000  phase=0.000
     2.1: kPhi -0.170646 -> -0.170646  n=3.000  phase=0.000
     3.1: kPhi 0.515912 -> 0.515912  n=1.000  phase=0.000
     4.1: kPhi -0.171434 -> -0.171434  n=3.000  phase=0.000
     5.1: kPhi -0.198792 -> -0.198792  n=3.000  phase=0.000
     6.1: kPhi -0.126583 -> -0.126583  n=3.000  phase=0.000
     7.1: kPhi -0.153952 -> -0.153952  n=3.000  phase=0.000
     8.1: kPhi -0.181212 -> -0.181212  n=3.000  phase=0.000
     9.1: kPhi -0.120282 -> -0.120282  n=3.000  phase=0.000
  center bond (19, 24): objective 2.088612 -> 2.088612  global RMSE 0.760930 -> 0.760924  (accepted, iterations=1)
     1.1: kPhi 0.772018 -> 0.771954  n=2.000  phase=180.000
     1.2: kPhi 0.212605 -> 0.212615  n=3.000  phase=180.000
     1.3: kPhi 1.017980 -> 1.017979  n=1.000  phase=0.000
     2.1: kPhi 0.585308 -> 0.585247  n=2.000  phase=180.000
     3.1: kPhi 1.378895 -> 1.378893  n=1.000  phase=0.000
     3.2: kPhi 0.228837 -> 0.228613  n=2.000  phase=180.000
     4.1: kPhi -0.275477 -> -0.275448  n=2.000  phase=180.000
     5.1: kPhi 0.731603 -> 0.731632  n=1.000  phase=0.000
     5.2: kPhi 0.507516 -> 0.507287  n=2.000  phase=180.000
     6.1: kPhi -0.230152 -> -0.230128  n=2.000  phase=180.000
  center bond (24, 26): objective 2.088612 -> 2.088612  global RMSE 0.760924 -> 0.760924  (rejected, iterations=1)
     1.1: kPhi 1.831442 -> 1.831442  n=2.000  phase=180.000
     2.1: kPhi 2.468287 -> 2.468287  n=2.000  phase=180.000
     2.2: kPhi -1.129397 -> -1.129397  n=1.000  phase=0.000
  per-scan RMSE:
    (15, 18): 0.514485 -> 0.514492
    (18, 19): 0.934588 -> 0.934580
    (19, 24): 0.473620 -> 0.473602
    (24, 26): 0.976519 -> 0.976516

cycle 181: accepted=1 rejected=3  objective 2.088612 -> 2.088612  global RMSE 0.760924 -> 0.760919
  center bond (15, 18): objective 2.088612 -> 2.088612  global RMSE 0.760924 -> 0.760924  (rejected, iterations=1)
     1.1: kPhi 0.193245 -> 0.193245  n=2.000  phase=180.000
     2.1: kPhi 0.014421 -> 0.014421  n=1.000  phase=0.000
     3.1: kPhi -0.057370 -> -0.057370  n=1.000  phase=0.000
     4.1: kPhi 0.170599 -> 0.170599  n=2.000  phase=180.000
     5.1: kPhi -0.029912 -> -0.029912  n=1.000  phase=0.000
     6.1: kPhi 0.051718 -> 0.051718  n=1.000  phase=0.000
  center bond (18, 19): objective 2.088612 -> 2.088612  global RMSE 0.760924 -> 0.760924  (rejected, iterations=1)
     1.1: kPhi -0.141098 -> -0.141098  n=3.000  phase=0.000
     2.1: kPhi -0.170646 -> -0.170646  n=3.000  phase=0.000
     3.1: kPhi 0.515912 -> 0.515912  n=1.000  phase=0.000
     4.1: kPhi -0.171434 -> -0.171434  n=3.000  phase=0.000
     5.1: kPhi -0.198792 -> -0.198792  n=3.000  phase=0.000
     6.1: kPhi -0.126583 -> -0.126583  n=3.000  phase=0.000
     7.1: kPhi -0.153952 -> -0.153952  n=3.000  phase=0.000
     8.1: kPhi -0.181212 -> -0.181212  n=3.000  phase=0.000
     9.1: kPhi -0.120282 -> -0.120282  n=3.000  phase=0.000
  center bond (19, 24): objective 2.088612 -> 2.088612  global RMSE 0.760924 -> 0.760919  (accepted, iterations=1)
     1.1: kPhi 0.771954 -> 0.771891  n=2.000  phase=180.000
     1.2: kPhi 0.212615 -> 0.212624  n=3.000  phase=180.000
     1.3: kPhi 1.017979 -> 1.017979  n=1.000  phase=0.000
     2.1: kPhi 0.585247 -> 0.585188  n=2.000  phase=180.000
     3.1: kPhi 1.378893 -> 1.378892  n=1.000  phase=0.000
     3.2: kPhi 0.228613 -> 0.228394  n=2.000  phase=180.000
     4.1: kPhi -0.275448 -> -0.275421  n=2.000  phase=180.000
     5.1: kPhi 0.731632 -> 0.731661  n=1.000  phase=0.000
     5.2: kPhi 0.507287 -> 0.507062  n=2.000  phase=180.000
     6.1: kPhi -0.230128 -> -0.230104  n=2.000  phase=180.000
  center bond (24, 26): objective 2.088612 -> 2.088612  global RMSE 0.760919 -> 0.760919  (rejected, iterations=1)
     1.1: kPhi 1.831442 -> 1.831442  n=2.000  phase=180.000
     2.1: kPhi 2.468287 -> 2.468287  n=2.000  phase=180.000
     2.2: kPhi -1.129397 -> -1.129397  n=1.000  phase=0.000
  per-scan RMSE:
    (15, 18): 0.514492 -> 0.514499
    (18, 19): 0.934580 -> 0.934571
    (19, 24): 0.473602 -> 0.473585
    (24, 26): 0.976516 -> 0.976513

cycle 182: accepted=1 rejected=3  objective 2.088612 -> 2.088611  global RMSE 0.760919 -> 0.760914
  center bond (15, 18): objective 2.088612 -> 2.088612  global RMSE 0.760919 -> 0.760919  (rejected, iterations=1)
     1.1: kPhi 0.193245 -> 0.193245  n=2.000  phase=180.000
     2.1: kPhi 0.014421 -> 0.014421  n=1.000  phase=0.000
     3.1: kPhi -0.057370 -> -0.057370  n=1.000  phase=0.000
     4.1: kPhi 0.170599 -> 0.170599  n=2.000  phase=180.000
     5.1: kPhi -0.029912 -> -0.029912  n=1.000  phase=0.000
     6.1: kPhi 0.051718 -> 0.051718  n=1.000  phase=0.000
  center bond (18, 19): objective 2.088612 -> 2.088612  global RMSE 0.760919 -> 0.760919  (rejected, iterations=1)
     1.1: kPhi -0.141098 -> -0.141098  n=3.000  phase=0.000
     2.1: kPhi -0.170646 -> -0.170646  n=3.000  phase=0.000
     3.1: kPhi 0.515912 -> 0.515912  n=1.000  phase=0.000
     4.1: kPhi -0.171434 -> -0.171434  n=3.000  phase=0.000
     5.1: kPhi -0.198792 -> -0.198792  n=3.000  phase=0.000
     6.1: kPhi -0.126583 -> -0.126583  n=3.000  phase=0.000
     7.1: kPhi -0.153952 -> -0.153952  n=3.000  phase=0.000
     8.1: kPhi -0.181212 -> -0.181212  n=3.000  phase=0.000
     9.1: kPhi -0.120282 -> -0.120282  n=3.000  phase=0.000
  center bond (19, 24): objective 2.088612 -> 2.088611  global RMSE 0.760919 -> 0.760914  (accepted, iterations=1)
     1.1: kPhi 0.771891 -> 0.771828  n=2.000  phase=180.000
     1.2: kPhi 0.212624 -> 0.212633  n=3.000  phase=180.000
     1.3: kPhi 1.017979 -> 1.017979  n=1.000  phase=0.000
     2.1: kPhi 0.585188 -> 0.585129  n=2.000  phase=180.000
     3.1: kPhi 1.378892 -> 1.378890  n=1.000  phase=0.000
     3.2: kPhi 0.228394 -> 0.228179  n=2.000  phase=180.000
     4.1: kPhi -0.275421 -> -0.275393  n=2.000  phase=180.000
     5.1: kPhi 0.731661 -> 0.731689  n=1.000  phase=0.000
     5.2: kPhi 0.507062 -> 0.506842  n=2.000  phase=180.000
     6.1: kPhi -0.230104 -> -0.230081  n=2.000  phase=180.000
  center bond (24, 26): objective 2.088611 -> 2.088611  global RMSE 0.760914 -> 0.760914  (rejected, iterations=1)
     1.1: kPhi 1.831442 -> 1.831442  n=2.000  phase=180.000
     2.1: kPhi 2.468287 -> 2.468287  n=2.000  phase=180.000
     2.2: kPhi -1.129397 -> -1.129397  n=1.000  phase=0.000
  per-scan RMSE:
    (15, 18): 0.514499 -> 0.514506
    (18, 19): 0.934571 -> 0.934563
    (19, 24): 0.473585 -> 0.473567
    (24, 26): 0.976513 -> 0.976511

cycle 183: accepted=1 rejected=3  objective 2.088611 -> 2.088611  global RMSE 0.760914 -> 0.760909
  center bond (15, 18): objective 2.088611 -> 2.088611  global RMSE 0.760914 -> 0.760914  (rejected, iterations=1)
     1.1: kPhi 0.193245 -> 0.193245  n=2.000  phase=180.000
     2.1: kPhi 0.014421 -> 0.014421  n=1.000  phase=0.000
     3.1: kPhi -0.057370 -> -0.057370  n=1.000  phase=0.000
     4.1: kPhi 0.170599 -> 0.170599  n=2.000  phase=180.000
     5.1: kPhi -0.029912 -> -0.029912  n=1.000  phase=0.000
     6.1: kPhi 0.051718 -> 0.051718  n=1.000  phase=0.000
  center bond (18, 19): objective 2.088611 -> 2.088611  global RMSE 0.760914 -> 0.760914  (rejected, iterations=1)
     1.1: kPhi -0.141098 -> -0.141098  n=3.000  phase=0.000
     2.1: kPhi -0.170646 -> -0.170646  n=3.000  phase=0.000
     3.1: kPhi 0.515912 -> 0.515912  n=1.000  phase=0.000
     4.1: kPhi -0.171434 -> -0.171434  n=3.000  phase=0.000
     5.1: kPhi -0.198792 -> -0.198792  n=3.000  phase=0.000
     6.1: kPhi -0.126583 -> -0.126583  n=3.000  phase=0.000
     7.1: kPhi -0.153952 -> -0.153952  n=3.000  phase=0.000
     8.1: kPhi -0.181212 -> -0.181212  n=3.000  phase=0.000
     9.1: kPhi -0.120282 -> -0.120282  n=3.000  phase=0.000
  center bond (19, 24): objective 2.088611 -> 2.088611  global RMSE 0.760914 -> 0.760909  (accepted, iterations=1)
     1.1: kPhi 0.771828 -> 0.771767  n=2.000  phase=180.000
     1.2: kPhi 0.212633 -> 0.212642  n=3.000  phase=180.000
     1.3: kPhi 1.017979 -> 1.017980  n=1.000  phase=0.000
     2.1: kPhi 0.585129 -> 0.585072  n=2.000  phase=180.000
     3.1: kPhi 1.378890 -> 1.378889  n=1.000  phase=0.000
     3.2: kPhi 0.228179 -> 0.227968  n=2.000  phase=180.000
     4.1: kPhi -0.275393 -> -0.275366  n=2.000  phase=180.000
     5.1: kPhi 0.731689 -> 0.731717  n=1.000  phase=0.000
     5.2: kPhi 0.506842 -> 0.506626  n=2.000  phase=180.000
     6.1: kPhi -0.230081 -> -0.230058  n=2.000  phase=180.000
  center bond (24, 26): objective 2.088611 -> 2.088611  global RMSE 0.760909 -> 0.760909  (rejected, iterations=1)
     1.1: kPhi 1.831442 -> 1.831442  n=2.000  phase=180.000
     2.1: kPhi 2.468287 -> 2.468287  n=2.000  phase=180.000
     2.2: kPhi -1.129397 -> -1.129397  n=1.000  phase=0.000
  per-scan RMSE:
    (15, 18): 0.514506 -> 0.514513
    (18, 19): 0.934563 -> 0.934554
    (19, 24): 0.473567 -> 0.473550
    (24, 26): 0.976511 -> 0.976508

cycle 184: accepted=1 rejected=3  objective 2.088611 -> 2.088610  global RMSE 0.760909 -> 0.760905
  center bond (15, 18): objective 2.088611 -> 2.088611  global RMSE 0.760909 -> 0.760909  (rejected, iterations=1)
     1.1: kPhi 0.193245 -> 0.193245  n=2.000  phase=180.000
     2.1: kPhi 0.014421 -> 0.014421  n=1.000  phase=0.000
     3.1: kPhi -0.057370 -> -0.057370  n=1.000  phase=0.000
     4.1: kPhi 0.170599 -> 0.170599  n=2.000  phase=180.000
     5.1: kPhi -0.029912 -> -0.029912  n=1.000  phase=0.000
     6.1: kPhi 0.051718 -> 0.051718  n=1.000  phase=0.000
  center bond (18, 19): objective 2.088611 -> 2.088611  global RMSE 0.760909 -> 0.760909  (rejected, iterations=1)
     1.1: kPhi -0.141098 -> -0.141098  n=3.000  phase=0.000
     2.1: kPhi -0.170646 -> -0.170646  n=3.000  phase=0.000
     3.1: kPhi 0.515912 -> 0.515912  n=1.000  phase=0.000
     4.1: kPhi -0.171434 -> -0.171434  n=3.000  phase=0.000
     5.1: kPhi -0.198792 -> -0.198792  n=3.000  phase=0.000
     6.1: kPhi -0.126583 -> -0.126583  n=3.000  phase=0.000
     7.1: kPhi -0.153952 -> -0.153952  n=3.000  phase=0.000
     8.1: kPhi -0.181212 -> -0.181212  n=3.000  phase=0.000
     9.1: kPhi -0.120282 -> -0.120282  n=3.000  phase=0.000
  center bond (19, 24): objective 2.088611 -> 2.088610  global RMSE 0.760909 -> 0.760905  (accepted, iterations=1)
     1.1: kPhi 0.771767 -> 0.771707  n=2.000  phase=180.000
     1.2: kPhi 0.212642 -> 0.212650  n=3.000  phase=180.000
     1.3: kPhi 1.017980 -> 1.017980  n=1.000  phase=0.000
     2.1: kPhi 0.585072 -> 0.585016  n=2.000  phase=180.000
     3.1: kPhi 1.378889 -> 1.378888  n=1.000  phase=0.000
     3.2: kPhi 0.227968 -> 0.227762  n=2.000  phase=180.000
     4.1: kPhi -0.275366 -> -0.275340  n=2.000  phase=180.000
     5.1: kPhi 0.731717 -> 0.731745  n=1.000  phase=0.000
     5.2: kPhi 0.506626 -> 0.506413  n=2.000  phase=180.000
     6.1: kPhi -0.230058 -> -0.230036  n=2.000  phase=180.000
  center bond (24, 26): objective 2.088610 -> 2.088610  global RMSE 0.760905 -> 0.760905  (rejected, iterations=1)
     1.1: kPhi 1.831442 -> 1.831442  n=2.000  phase=180.000
     2.1: kPhi 2.468287 -> 2.468287  n=2.000  phase=180.000
     2.2: kPhi -1.129397 -> -1.129397  n=1.000  phase=0.000
  per-scan RMSE:
    (15, 18): 0.514513 -> 0.514519
    (18, 19): 0.934554 -> 0.934546
    (19, 24): 0.473550 -> 0.473533
    (24, 26): 0.976508 -> 0.976506

cycle 185: accepted=1 rejected=3  objective 2.088610 -> 2.088610  global RMSE 0.760905 -> 0.760900
  center bond (15, 18): objective 2.088610 -> 2.088610  global RMSE 0.760905 -> 0.760905  (rejected, iterations=1)
     1.1: kPhi 0.193245 -> 0.193245  n=2.000  phase=180.000
     2.1: kPhi 0.014421 -> 0.014421  n=1.000  phase=0.000
     3.1: kPhi -0.057370 -> -0.057370  n=1.000  phase=0.000
     4.1: kPhi 0.170599 -> 0.170599  n=2.000  phase=180.000
     5.1: kPhi -0.029912 -> -0.029912  n=1.000  phase=0.000
     6.1: kPhi 0.051718 -> 0.051718  n=1.000  phase=0.000
  center bond (18, 19): objective 2.088610 -> 2.088610  global RMSE 0.760905 -> 0.760905  (rejected, iterations=1)
     1.1: kPhi -0.141098 -> -0.141098  n=3.000  phase=0.000
     2.1: kPhi -0.170646 -> -0.170646  n=3.000  phase=0.000
     3.1: kPhi 0.515912 -> 0.515912  n=1.000  phase=0.000
     4.1: kPhi -0.171434 -> -0.171434  n=3.000  phase=0.000
     5.1: kPhi -0.198792 -> -0.198792  n=3.000  phase=0.000
     6.1: kPhi -0.126583 -> -0.126583  n=3.000  phase=0.000
     7.1: kPhi -0.153952 -> -0.153952  n=3.000  phase=0.000
     8.1: kPhi -0.181212 -> -0.181212  n=3.000  phase=0.000
     9.1: kPhi -0.120282 -> -0.120282  n=3.000  phase=0.000
  center bond (19, 24): objective 2.088610 -> 2.088610  global RMSE 0.760905 -> 0.760900  (accepted, iterations=1)
     1.1: kPhi 0.771707 -> 0.771648  n=2.000  phase=180.000
     1.2: kPhi 0.212650 -> 0.212658  n=3.000  phase=180.000
     1.3: kPhi 1.017980 -> 1.017980  n=1.000  phase=0.000
     2.1: kPhi 0.585016 -> 0.584961  n=2.000  phase=180.000
     3.1: kPhi 1.378888 -> 1.378887  n=1.000  phase=0.000
     3.2: kPhi 0.227762 -> 0.227559  n=2.000  phase=180.000
     4.1: kPhi -0.275340 -> -0.275315  n=2.000  phase=180.000
     5.1: kPhi 0.731745 -> 0.731772  n=1.000  phase=0.000
     5.2: kPhi 0.506413 -> 0.506205  n=2.000  phase=180.000
     6.1: kPhi -0.230036 -> -0.230014  n=2.000  phase=180.000
  center bond (24, 26): objective 2.088610 -> 2.088610  global RMSE 0.760900 -> 0.760900  (rejected, iterations=1)
     1.1: kPhi 1.831442 -> 1.831442  n=2.000  phase=180.000
     2.1: kPhi 2.468287 -> 2.468287  n=2.000  phase=180.000
     2.2: kPhi -1.129397 -> -1.129397  n=1.000  phase=0.000
  per-scan RMSE:
    (15, 18): 0.514519 -> 0.514525
    (18, 19): 0.934546 -> 0.934538
    (19, 24): 0.473533 -> 0.473516
    (24, 26): 0.976506 -> 0.976503

cycle 186: accepted=1 rejected=3  objective 2.088610 -> 2.088610  global RMSE 0.760900 -> 0.760895
  center bond (15, 18): objective 2.088610 -> 2.088610  global RMSE 0.760900 -> 0.760900  (rejected, iterations=1)
     1.1: kPhi 0.193245 -> 0.193245  n=2.000  phase=180.000
     2.1: kPhi 0.014421 -> 0.014421  n=1.000  phase=0.000
     3.1: kPhi -0.057370 -> -0.057370  n=1.000  phase=0.000
     4.1: kPhi 0.170599 -> 0.170599  n=2.000  phase=180.000
     5.1: kPhi -0.029912 -> -0.029912  n=1.000  phase=0.000
     6.1: kPhi 0.051718 -> 0.051718  n=1.000  phase=0.000
  center bond (18, 19): objective 2.088610 -> 2.088610  global RMSE 0.760900 -> 0.760900  (rejected, iterations=1)
     1.1: kPhi -0.141098 -> -0.141098  n=3.000  phase=0.000
     2.1: kPhi -0.170646 -> -0.170646  n=3.000  phase=0.000
     3.1: kPhi 0.515912 -> 0.515912  n=1.000  phase=0.000
     4.1: kPhi -0.171434 -> -0.171434  n=3.000  phase=0.000
     5.1: kPhi -0.198792 -> -0.198792  n=3.000  phase=0.000
     6.1: kPhi -0.126583 -> -0.126583  n=3.000  phase=0.000
     7.1: kPhi -0.153952 -> -0.153952  n=3.000  phase=0.000
     8.1: kPhi -0.181212 -> -0.181212  n=3.000  phase=0.000
     9.1: kPhi -0.120282 -> -0.120282  n=3.000  phase=0.000
  center bond (19, 24): objective 2.088610 -> 2.088610  global RMSE 0.760900 -> 0.760895  (accepted, iterations=1)
     1.1: kPhi 0.771648 -> 0.771591  n=2.000  phase=180.000
     1.2: kPhi 0.212658 -> 0.212666  n=3.000  phase=180.000
     1.3: kPhi 1.017980 -> 1.017981  n=1.000  phase=0.000
     2.1: kPhi 0.584961 -> 0.584907  n=2.000  phase=180.000
     3.1: kPhi 1.378887 -> 1.378886  n=1.000  phase=0.000
     3.2: kPhi 0.227559 -> 0.227360  n=2.000  phase=180.000
     4.1: kPhi -0.275315 -> -0.275289  n=2.000  phase=180.000
     5.1: kPhi 0.731772 -> 0.731799  n=1.000  phase=0.000
     5.2: kPhi 0.506205 -> 0.506001  n=2.000  phase=180.000
     6.1: kPhi -0.230014 -> -0.229992  n=2.000  phase=180.000
  center bond (24, 26): objective 2.088610 -> 2.088610  global RMSE 0.760895 -> 0.760895  (rejected, iterations=1)
     1.1: kPhi 1.831442 -> 1.831442  n=2.000  phase=180.000
     2.1: kPhi 2.468287 -> 2.468287  n=2.000  phase=180.000
     2.2: kPhi -1.129397 -> -1.129397  n=1.000  phase=0.000
  per-scan RMSE:
    (15, 18): 0.514525 -> 0.514532
    (18, 19): 0.934538 -> 0.934531
    (19, 24): 0.473516 -> 0.473500
    (24, 26): 0.976503 -> 0.976501

cycle 187: accepted=1 rejected=3  objective 2.088610 -> 2.088609  global RMSE 0.760895 -> 0.760891
  center bond (15, 18): objective 2.088610 -> 2.088610  global RMSE 0.760895 -> 0.760895  (rejected, iterations=1)
     1.1: kPhi 0.193245 -> 0.193245  n=2.000  phase=180.000
     2.1: kPhi 0.014421 -> 0.014421  n=1.000  phase=0.000
     3.1: kPhi -0.057370 -> -0.057370  n=1.000  phase=0.000
     4.1: kPhi 0.170599 -> 0.170599  n=2.000  phase=180.000
     5.1: kPhi -0.029912 -> -0.029912  n=1.000  phase=0.000
     6.1: kPhi 0.051718 -> 0.051718  n=1.000  phase=0.000
  center bond (18, 19): objective 2.088610 -> 2.088610  global RMSE 0.760895 -> 0.760895  (rejected, iterations=1)
     1.1: kPhi -0.141098 -> -0.141098  n=3.000  phase=0.000
     2.1: kPhi -0.170646 -> -0.170646  n=3.000  phase=0.000
     3.1: kPhi 0.515912 -> 0.515912  n=1.000  phase=0.000
     4.1: kPhi -0.171434 -> -0.171434  n=3.000  phase=0.000
     5.1: kPhi -0.198792 -> -0.198792  n=3.000  phase=0.000
     6.1: kPhi -0.126583 -> -0.126583  n=3.000  phase=0.000
     7.1: kPhi -0.153952 -> -0.153952  n=3.000  phase=0.000
     8.1: kPhi -0.181212 -> -0.181212  n=3.000  phase=0.000
     9.1: kPhi -0.120282 -> -0.120282  n=3.000  phase=0.000
  center bond (19, 24): objective 2.088610 -> 2.088609  global RMSE 0.760895 -> 0.760891  (accepted, iterations=1)
     1.1: kPhi 0.771591 -> 0.771534  n=2.000  phase=180.000
     1.2: kPhi 0.212666 -> 0.212674  n=3.000  phase=180.000
     1.3: kPhi 1.017981 -> 1.017982  n=1.000  phase=0.000
     2.1: kPhi 0.584907 -> 0.584854  n=2.000  phase=180.000
     3.1: kPhi 1.378886 -> 1.378885  n=1.000  phase=0.000
     3.2: kPhi 0.227360 -> 0.227165  n=2.000  phase=180.000
     4.1: kPhi -0.275289 -> -0.275265  n=2.000  phase=180.000
     5.1: kPhi 0.731799 -> 0.731825  n=1.000  phase=0.000
     5.2: kPhi 0.506001 -> 0.505800  n=2.000  phase=180.000
     6.1: kPhi -0.229992 -> -0.229971  n=2.000  phase=180.000
  center bond (24, 26): objective 2.088609 -> 2.088609  global RMSE 0.760891 -> 0.760891  (rejected, iterations=1)
     1.1: kPhi 1.831442 -> 1.831442  n=2.000  phase=180.000
     2.1: kPhi 2.468287 -> 2.468287  n=2.000  phase=180.000
     2.2: kPhi -1.129397 -> -1.129397  n=1.000  phase=0.000
  per-scan RMSE:
    (15, 18): 0.514532 -> 0.514538
    (18, 19): 0.934531 -> 0.934523
    (19, 24): 0.473500 -> 0.473483
    (24, 26): 0.976501 -> 0.976499

cycle 188: accepted=1 rejected=3  objective 2.088609 -> 2.088609  global RMSE 0.760891 -> 0.760886
  center bond (15, 18): objective 2.088609 -> 2.088609  global RMSE 0.760891 -> 0.760891  (rejected, iterations=1)
     1.1: kPhi 0.193245 -> 0.193245  n=2.000  phase=180.000
     2.1: kPhi 0.014421 -> 0.014421  n=1.000  phase=0.000
     3.1: kPhi -0.057370 -> -0.057370  n=1.000  phase=0.000
     4.1: kPhi 0.170599 -> 0.170599  n=2.000  phase=180.000
     5.1: kPhi -0.029912 -> -0.029912  n=1.000  phase=0.000
     6.1: kPhi 0.051718 -> 0.051718  n=1.000  phase=0.000
  center bond (18, 19): objective 2.088609 -> 2.088609  global RMSE 0.760891 -> 0.760891  (rejected, iterations=1)
     1.1: kPhi -0.141098 -> -0.141098  n=3.000  phase=0.000
     2.1: kPhi -0.170646 -> -0.170646  n=3.000  phase=0.000
     3.1: kPhi 0.515912 -> 0.515912  n=1.000  phase=0.000
     4.1: kPhi -0.171434 -> -0.171434  n=3.000  phase=0.000
     5.1: kPhi -0.198792 -> -0.198792  n=3.000  phase=0.000
     6.1: kPhi -0.126583 -> -0.126583  n=3.000  phase=0.000
     7.1: kPhi -0.153952 -> -0.153952  n=3.000  phase=0.000
     8.1: kPhi -0.181212 -> -0.181212  n=3.000  phase=0.000
     9.1: kPhi -0.120282 -> -0.120282  n=3.000  phase=0.000
  center bond (19, 24): objective 2.088609 -> 2.088609  global RMSE 0.760891 -> 0.760886  (accepted, iterations=1)
     1.1: kPhi 0.771534 -> 0.771478  n=2.000  phase=180.000
     1.2: kPhi 0.212674 -> 0.212681  n=3.000  phase=180.000
     1.3: kPhi 1.017982 -> 1.017982  n=1.000  phase=0.000
     2.1: kPhi 0.584854 -> 0.584802  n=2.000  phase=180.000
     3.1: kPhi 1.378885 -> 1.378884  n=1.000  phase=0.000
     3.2: kPhi 0.227165 -> 0.226974  n=2.000  phase=180.000
     4.1: kPhi -0.275265 -> -0.275241  n=2.000  phase=180.000
     5.1: kPhi 0.731825 -> 0.731851  n=1.000  phase=0.000
     5.2: kPhi 0.505800 -> 0.505603  n=2.000  phase=180.000
     6.1: kPhi -0.229971 -> -0.229950  n=2.000  phase=180.000
  center bond (24, 26): objective 2.088609 -> 2.088609  global RMSE 0.760886 -> 0.760886  (rejected, iterations=1)
     1.1: kPhi 1.831442 -> 1.831442  n=2.000  phase=180.000
     2.1: kPhi 2.468287 -> 2.468287  n=2.000  phase=180.000
     2.2: kPhi -1.129397 -> -1.129397  n=1.000  phase=0.000
  per-scan RMSE:
    (15, 18): 0.514538 -> 0.514544
    (18, 19): 0.934523 -> 0.934516
    (19, 24): 0.473483 -> 0.473468
    (24, 26): 0.976499 -> 0.976496

cycle 189: accepted=1 rejected=3  objective 2.088609 -> 2.088609  global RMSE 0.760886 -> 0.760882
  center bond (15, 18): objective 2.088609 -> 2.088609  global RMSE 0.760886 -> 0.760886  (rejected, iterations=1)
     1.1: kPhi 0.193245 -> 0.193245  n=2.000  phase=180.000
     2.1: kPhi 0.014421 -> 0.014421  n=1.000  phase=0.000
     3.1: kPhi -0.057370 -> -0.057370  n=1.000  phase=0.000
     4.1: kPhi 0.170599 -> 0.170599  n=2.000  phase=180.000
     5.1: kPhi -0.029912 -> -0.029912  n=1.000  phase=0.000
     6.1: kPhi 0.051718 -> 0.051718  n=1.000  phase=0.000
  center bond (18, 19): objective 2.088609 -> 2.088609  global RMSE 0.760886 -> 0.760886  (rejected, iterations=1)
     1.1: kPhi -0.141098 -> -0.141098  n=3.000  phase=0.000
     2.1: kPhi -0.170646 -> -0.170646  n=3.000  phase=0.000
     3.1: kPhi 0.515912 -> 0.515912  n=1.000  phase=0.000
     4.1: kPhi -0.171434 -> -0.171434  n=3.000  phase=0.000
     5.1: kPhi -0.198792 -> -0.198792  n=3.000  phase=0.000
     6.1: kPhi -0.126583 -> -0.126583  n=3.000  phase=0.000
     7.1: kPhi -0.153952 -> -0.153952  n=3.000  phase=0.000
     8.1: kPhi -0.181212 -> -0.181212  n=3.000  phase=0.000
     9.1: kPhi -0.120282 -> -0.120282  n=3.000  phase=0.000
  center bond (19, 24): objective 2.088609 -> 2.088609  global RMSE 0.760886 -> 0.760882  (accepted, iterations=1)
     1.1: kPhi 0.771478 -> 0.771423  n=2.000  phase=180.000
     1.2: kPhi 0.212681 -> 0.212689  n=3.000  phase=180.000
     1.3: kPhi 1.017982 -> 1.017983  n=1.000  phase=0.000
     2.1: kPhi 0.584802 -> 0.584751  n=2.000  phase=180.000
     3.1: kPhi 1.378884 -> 1.378883  n=1.000  phase=0.000
     3.2: kPhi 0.226974 -> 0.226786  n=2.000  phase=180.000
     4.1: kPhi -0.275241 -> -0.275217  n=2.000  phase=180.000
     5.1: kPhi 0.731851 -> 0.731877  n=1.000  phase=0.000
     5.2: kPhi 0.505603 -> 0.505410  n=2.000  phase=180.000
     6.1: kPhi -0.229950 -> -0.229929  n=2.000  phase=180.000
  center bond (24, 26): objective 2.088609 -> 2.088609  global RMSE 0.760882 -> 0.760882  (rejected, iterations=1)
     1.1: kPhi 1.831442 -> 1.831442  n=2.000  phase=180.000
     2.1: kPhi 2.468287 -> 2.468287  n=2.000  phase=180.000
     2.2: kPhi -1.129397 -> -1.129397  n=1.000  phase=0.000
  per-scan RMSE:
    (15, 18): 0.514544 -> 0.514550
    (18, 19): 0.934516 -> 0.934509
    (19, 24): 0.473468 -> 0.473452
    (24, 26): 0.976496 -> 0.976494

cycle 190: accepted=2 rejected=2  objective 2.088609 -> 2.088608  global RMSE 0.760882 -> 0.760887
  center bond (15, 18): objective 2.088609 -> 2.088609  global RMSE 0.760882 -> 0.760882  (rejected, iterations=1)
     1.1: kPhi 0.193245 -> 0.193245  n=2.000  phase=180.000
     2.1: kPhi 0.014421 -> 0.014421  n=1.000  phase=0.000
     3.1: kPhi -0.057370 -> -0.057370  n=1.000  phase=0.000
     4.1: kPhi 0.170599 -> 0.170599  n=2.000  phase=180.000
     5.1: kPhi -0.029912 -> -0.029912  n=1.000  phase=0.000
     6.1: kPhi 0.051718 -> 0.051718  n=1.000  phase=0.000
  center bond (18, 19): objective 2.088609 -> 2.088609  global RMSE 0.760882 -> 0.760882  (rejected, iterations=1)
     1.1: kPhi -0.141098 -> -0.141098  n=3.000  phase=0.000
     2.1: kPhi -0.170646 -> -0.170646  n=3.000  phase=0.000
     3.1: kPhi 0.515912 -> 0.515912  n=1.000  phase=0.000
     4.1: kPhi -0.171434 -> -0.171434  n=3.000  phase=0.000
     5.1: kPhi -0.198792 -> -0.198792  n=3.000  phase=0.000
     6.1: kPhi -0.126583 -> -0.126583  n=3.000  phase=0.000
     7.1: kPhi -0.153952 -> -0.153952  n=3.000  phase=0.000
     8.1: kPhi -0.181212 -> -0.181212  n=3.000  phase=0.000
     9.1: kPhi -0.120282 -> -0.120282  n=3.000  phase=0.000
  center bond (19, 24): objective 2.088609 -> 2.088608  global RMSE 0.760882 -> 0.760878  (accepted, iterations=1)
     1.1: kPhi 0.771423 -> 0.771370  n=2.000  phase=180.000
     1.2: kPhi 0.212689 -> 0.212696  n=3.000  phase=180.000
     1.3: kPhi 1.017983 -> 1.017984  n=1.000  phase=0.000
     2.1: kPhi 0.584751 -> 0.584701  n=2.000  phase=180.000
     3.1: kPhi 1.378883 -> 1.378882  n=1.000  phase=0.000
     3.2: kPhi 0.226786 -> 0.226602  n=2.000  phase=180.000
     4.1: kPhi -0.275217 -> -0.275194  n=2.000  phase=180.000
     5.1: kPhi 0.731877 -> 0.731902  n=1.000  phase=0.000
     5.2: kPhi 0.505410 -> 0.505220  n=2.000  phase=180.000
     6.1: kPhi -0.229929 -> -0.229909  n=2.000  phase=180.000
  center bond (24, 26): objective 2.088608 -> 2.088608  global RMSE 0.760878 -> 0.760887  (accepted, iterations=1)
     1.1: kPhi 1.831442 -> 1.831507  n=2.000  phase=180.000
     2.1: kPhi 2.468287 -> 2.468278  n=2.000  phase=180.000
     2.2: kPhi -1.129397 -> -1.129355  n=1.000  phase=0.000
  per-scan RMSE:
    (15, 18): 0.514550 -> 0.514555
    (18, 19): 0.934509 -> 0.934501
    (19, 24): 0.473452 -> 0.473437
    (24, 26): 0.976494 -> 0.976523

cycle 191: accepted=1 rejected=3  objective 2.088608 -> 2.088608  global RMSE 0.760887 -> 0.760883
  center bond (15, 18): objective 2.088608 -> 2.088608  global RMSE 0.760887 -> 0.760887  (rejected, iterations=1)
     1.1: kPhi 0.193245 -> 0.193245  n=2.000  phase=180.000
     2.1: kPhi 0.014421 -> 0.014421  n=1.000  phase=0.000
     3.1: kPhi -0.057370 -> -0.057370  n=1.000  phase=0.000
     4.1: kPhi 0.170599 -> 0.170599  n=2.000  phase=180.000
     5.1: kPhi -0.029912 -> -0.029912  n=1.000  phase=0.000
     6.1: kPhi 0.051718 -> 0.051718  n=1.000  phase=0.000
  center bond (18, 19): objective 2.088608 -> 2.088608  global RMSE 0.760887 -> 0.760887  (rejected, iterations=1)
     1.1: kPhi -0.141098 -> -0.141098  n=3.000  phase=0.000
     2.1: kPhi -0.170646 -> -0.170646  n=3.000  phase=0.000
     3.1: kPhi 0.515912 -> 0.515912  n=1.000  phase=0.000
     4.1: kPhi -0.171434 -> -0.171434  n=3.000  phase=0.000
     5.1: kPhi -0.198792 -> -0.198792  n=3.000  phase=0.000
     6.1: kPhi -0.126583 -> -0.126583  n=3.000  phase=0.000
     7.1: kPhi -0.153952 -> -0.153952  n=3.000  phase=0.000
     8.1: kPhi -0.181212 -> -0.181212  n=3.000  phase=0.000
     9.1: kPhi -0.120282 -> -0.120282  n=3.000  phase=0.000
  center bond (19, 24): objective 2.088608 -> 2.088608  global RMSE 0.760887 -> 0.760883  (accepted, iterations=1)
     1.1: kPhi 0.771370 -> 0.771318  n=2.000  phase=180.000
     1.2: kPhi 0.212696 -> 0.212704  n=3.000  phase=180.000
     1.3: kPhi 1.017984 -> 1.017985  n=1.000  phase=0.000
     2.1: kPhi 0.584701 -> 0.584651  n=2.000  phase=180.000
     3.1: kPhi 1.378882 -> 1.378882  n=1.000  phase=0.000
     3.2: kPhi 0.226602 -> 0.226421  n=2.000  phase=180.000
     4.1: kPhi -0.275194 -> -0.275171  n=2.000  phase=180.000
     5.1: kPhi 0.731902 -> 0.731927  n=1.000  phase=0.000
     5.2: kPhi 0.505220 -> 0.505034  n=2.000  phase=180.000
     6.1: kPhi -0.229909 -> -0.229889  n=2.000  phase=180.000
  center bond (24, 26): objective 2.088608 -> 2.088608  global RMSE 0.760883 -> 0.760883  (rejected, iterations=1)
     1.1: kPhi 1.831507 -> 1.831507  n=2.000  phase=180.000
     2.1: kPhi 2.468278 -> 2.468278  n=2.000  phase=180.000
     2.2: kPhi -1.129355 -> -1.129355  n=1.000  phase=0.000
  per-scan RMSE:
    (15, 18): 0.514555 -> 0.514561
    (18, 19): 0.934501 -> 0.934494
    (19, 24): 0.473437 -> 0.473422
    (24, 26): 0.976523 -> 0.976520

cycle 192: accepted=1 rejected=3  objective 2.088608 -> 2.088608  global RMSE 0.760883 -> 0.760879
  center bond (15, 18): objective 2.088608 -> 2.088608  global RMSE 0.760883 -> 0.760883  (rejected, iterations=1)
     1.1: kPhi 0.193245 -> 0.193245  n=2.000  phase=180.000
     2.1: kPhi 0.014421 -> 0.014421  n=1.000  phase=0.000
     3.1: kPhi -0.057370 -> -0.057370  n=1.000  phase=0.000
     4.1: kPhi 0.170599 -> 0.170599  n=2.000  phase=180.000
     5.1: kPhi -0.029912 -> -0.029912  n=1.000  phase=0.000
     6.1: kPhi 0.051718 -> 0.051718  n=1.000  phase=0.000
  center bond (18, 19): objective 2.088608 -> 2.088608  global RMSE 0.760883 -> 0.760883  (rejected, iterations=1)
     1.1: kPhi -0.141098 -> -0.141098  n=3.000  phase=0.000
     2.1: kPhi -0.170646 -> -0.170646  n=3.000  phase=0.000
     3.1: kPhi 0.515912 -> 0.515912  n=1.000  phase=0.000
     4.1: kPhi -0.171434 -> -0.171434  n=3.000  phase=0.000
     5.1: kPhi -0.198792 -> -0.198792  n=3.000  phase=0.000
     6.1: kPhi -0.126583 -> -0.126583  n=3.000  phase=0.000
     7.1: kPhi -0.153952 -> -0.153952  n=3.000  phase=0.000
     8.1: kPhi -0.181212 -> -0.181212  n=3.000  phase=0.000
     9.1: kPhi -0.120282 -> -0.120282  n=3.000  phase=0.000
  center bond (19, 24): objective 2.088608 -> 2.088608  global RMSE 0.760883 -> 0.760879  (accepted, iterations=1)
     1.1: kPhi 0.771318 -> 0.771267  n=2.000  phase=180.000
     1.2: kPhi 0.212704 -> 0.212712  n=3.000  phase=180.000
     1.3: kPhi 1.017985 -> 1.017985  n=1.000  phase=0.000
     2.1: kPhi 0.584651 -> 0.584603  n=2.000  phase=180.000
     3.1: kPhi 1.378882 -> 1.378882  n=1.000  phase=0.000
     3.2: kPhi 0.226421 -> 0.226244  n=2.000  phase=180.000
     4.1: kPhi -0.275171 -> -0.275149  n=2.000  phase=180.000
     5.1: kPhi 0.731927 -> 0.731951  n=1.000  phase=0.000
     5.2: kPhi 0.505034 -> 0.504851  n=2.000  phase=180.000
     6.1: kPhi -0.229889 -> -0.229870  n=2.000  phase=180.000
  center bond (24, 26): objective 2.088608 -> 2.088608  global RMSE 0.760879 -> 0.760879  (rejected, iterations=1)
     1.1: kPhi 1.831507 -> 1.831507  n=2.000  phase=180.000
     2.1: kPhi 2.468278 -> 2.468278  n=2.000  phase=180.000
     2.2: kPhi -1.129355 -> -1.129355  n=1.000  phase=0.000
  per-scan RMSE:
    (15, 18): 0.514561 -> 0.514567
    (18, 19): 0.934494 -> 0.934487
    (19, 24): 0.473422 -> 0.473408
    (24, 26): 0.976520 -> 0.976518

cycle 193: accepted=1 rejected=3  objective 2.088608 -> 2.088608  global RMSE 0.760879 -> 0.760875
  center bond (15, 18): objective 2.088608 -> 2.088608  global RMSE 0.760879 -> 0.760879  (rejected, iterations=1)
     1.1: kPhi 0.193245 -> 0.193245  n=2.000  phase=180.000
     2.1: kPhi 0.014421 -> 0.014421  n=1.000  phase=0.000
     3.1: kPhi -0.057370 -> -0.057370  n=1.000  phase=0.000
     4.1: kPhi 0.170599 -> 0.170599  n=2.000  phase=180.000
     5.1: kPhi -0.029912 -> -0.029912  n=1.000  phase=0.000
     6.1: kPhi 0.051718 -> 0.051718  n=1.000  phase=0.000
  center bond (18, 19): objective 2.088608 -> 2.088608  global RMSE 0.760879 -> 0.760879  (rejected, iterations=1)
     1.1: kPhi -0.141098 -> -0.141098  n=3.000  phase=0.000
     2.1: kPhi -0.170646 -> -0.170646  n=3.000  phase=0.000
     3.1: kPhi 0.515912 -> 0.515912  n=1.000  phase=0.000
     4.1: kPhi -0.171434 -> -0.171434  n=3.000  phase=0.000
     5.1: kPhi -0.198792 -> -0.198792  n=3.000  phase=0.000
     6.1: kPhi -0.126583 -> -0.126583  n=3.000  phase=0.000
     7.1: kPhi -0.153952 -> -0.153952  n=3.000  phase=0.000
     8.1: kPhi -0.181212 -> -0.181212  n=3.000  phase=0.000
     9.1: kPhi -0.120282 -> -0.120282  n=3.000  phase=0.000
  center bond (19, 24): objective 2.088608 -> 2.088608  global RMSE 0.760879 -> 0.760875  (accepted, iterations=1)
     1.1: kPhi 0.771267 -> 0.771216  n=2.000  phase=180.000
     1.2: kPhi 0.212712 -> 0.212719  n=3.000  phase=180.000
     1.3: kPhi 1.017985 -> 1.017986  n=1.000  phase=0.000
     2.1: kPhi 0.584603 -> 0.584556  n=2.000  phase=180.000
     3.1: kPhi 1.378882 -> 1.378882  n=1.000  phase=0.000
     3.2: kPhi 0.226244 -> 0.226069  n=2.000  phase=180.000
     4.1: kPhi -0.275149 -> -0.275127  n=2.000  phase=180.000
     5.1: kPhi 0.731951 -> 0.731975  n=1.000  phase=0.000
     5.2: kPhi 0.504851 -> 0.504671  n=2.000  phase=180.000
     6.1: kPhi -0.229870 -> -0.229850  n=2.000  phase=180.000
  center bond (24, 26): objective 2.088608 -> 2.088608  global RMSE 0.760875 -> 0.760875  (rejected, iterations=1)
     1.1: kPhi 1.831507 -> 1.831507  n=2.000  phase=180.000
     2.1: kPhi 2.468278 -> 2.468278  n=2.000  phase=180.000
     2.2: kPhi -1.129355 -> -1.129355  n=1.000  phase=0.000
  per-scan RMSE:
    (15, 18): 0.514567 -> 0.514572
    (18, 19): 0.934487 -> 0.934480
    (19, 24): 0.473408 -> 0.473394
    (24, 26): 0.976518 -> 0.976516

cycle 194: accepted=1 rejected=3  objective 2.088608 -> 2.088607  global RMSE 0.760875 -> 0.760871
  center bond (15, 18): objective 2.088608 -> 2.088608  global RMSE 0.760875 -> 0.760875  (rejected, iterations=1)
     1.1: kPhi 0.193245 -> 0.193245  n=2.000  phase=180.000
     2.1: kPhi 0.014421 -> 0.014421  n=1.000  phase=0.000
     3.1: kPhi -0.057370 -> -0.057370  n=1.000  phase=0.000
     4.1: kPhi 0.170599 -> 0.170599  n=2.000  phase=180.000
     5.1: kPhi -0.029912 -> -0.029912  n=1.000  phase=0.000
     6.1: kPhi 0.051718 -> 0.051718  n=1.000  phase=0.000
  center bond (18, 19): objective 2.088608 -> 2.088608  global RMSE 0.760875 -> 0.760875  (rejected, iterations=1)
     1.1: kPhi -0.141098 -> -0.141098  n=3.000  phase=0.000
     2.1: kPhi -0.170646 -> -0.170646  n=3.000  phase=0.000
     3.1: kPhi 0.515912 -> 0.515912  n=1.000  phase=0.000
     4.1: kPhi -0.171434 -> -0.171434  n=3.000  phase=0.000
     5.1: kPhi -0.198792 -> -0.198792  n=3.000  phase=0.000
     6.1: kPhi -0.126583 -> -0.126583  n=3.000  phase=0.000
     7.1: kPhi -0.153952 -> -0.153952  n=3.000  phase=0.000
     8.1: kPhi -0.181212 -> -0.181212  n=3.000  phase=0.000
     9.1: kPhi -0.120282 -> -0.120282  n=3.000  phase=0.000
  center bond (19, 24): objective 2.088608 -> 2.088607  global RMSE 0.760875 -> 0.760871  (accepted, iterations=1)
     1.1: kPhi 0.771216 -> 0.771167  n=2.000  phase=180.000
     1.2: kPhi 0.212719 -> 0.212726  n=3.000  phase=180.000
     1.3: kPhi 1.017986 -> 1.017987  n=1.000  phase=0.000
     2.1: kPhi 0.584556 -> 0.584509  n=2.000  phase=180.000
     3.1: kPhi 1.378882 -> 1.378882  n=1.000  phase=0.000
     3.2: kPhi 0.226069 -> 0.225899  n=2.000  phase=180.000
     4.1: kPhi -0.275127 -> -0.275106  n=2.000  phase=180.000
     5.1: kPhi 0.731975 -> 0.731999  n=1.000  phase=0.000
     5.2: kPhi 0.504671 -> 0.504495  n=2.000  phase=180.000
     6.1: kPhi -0.229850 -> -0.229832  n=2.000  phase=180.000
  center bond (24, 26): objective 2.088607 -> 2.088607  global RMSE 0.760871 -> 0.760871  (rejected, iterations=1)
     1.1: kPhi 1.831507 -> 1.831507  n=2.000  phase=180.000
     2.1: kPhi 2.468278 -> 2.468278  n=2.000  phase=180.000
     2.2: kPhi -1.129355 -> -1.129355  n=1.000  phase=0.000
  per-scan RMSE:
    (15, 18): 0.514572 -> 0.514578
    (18, 19): 0.934480 -> 0.934473
    (19, 24): 0.473394 -> 0.473380
    (24, 26): 0.976516 -> 0.976514

cycle 195: accepted=1 rejected=3  objective 2.088607 -> 2.088607  global RMSE 0.760871 -> 0.760867
  center bond (15, 18): objective 2.088607 -> 2.088607  global RMSE 0.760871 -> 0.760871  (rejected, iterations=1)
     1.1: kPhi 0.193245 -> 0.193245  n=2.000  phase=180.000
     2.1: kPhi 0.014421 -> 0.014421  n=1.000  phase=0.000
     3.1: kPhi -0.057370 -> -0.057370  n=1.000  phase=0.000
     4.1: kPhi 0.170599 -> 0.170599  n=2.000  phase=180.000
     5.1: kPhi -0.029912 -> -0.029912  n=1.000  phase=0.000
     6.1: kPhi 0.051718 -> 0.051718  n=1.000  phase=0.000
  center bond (18, 19): objective 2.088607 -> 2.088607  global RMSE 0.760871 -> 0.760871  (rejected, iterations=1)
     1.1: kPhi -0.141098 -> -0.141098  n=3.000  phase=0.000
     2.1: kPhi -0.170646 -> -0.170646  n=3.000  phase=0.000
     3.1: kPhi 0.515912 -> 0.515912  n=1.000  phase=0.000
     4.1: kPhi -0.171434 -> -0.171434  n=3.000  phase=0.000
     5.1: kPhi -0.198792 -> -0.198792  n=3.000  phase=0.000
     6.1: kPhi -0.126583 -> -0.126583  n=3.000  phase=0.000
     7.1: kPhi -0.153952 -> -0.153952  n=3.000  phase=0.000
     8.1: kPhi -0.181212 -> -0.181212  n=3.000  phase=0.000
     9.1: kPhi -0.120282 -> -0.120282  n=3.000  phase=0.000
  center bond (19, 24): objective 2.088607 -> 2.088607  global RMSE 0.760871 -> 0.760867  (accepted, iterations=1)
     1.1: kPhi 0.771167 -> 0.771119  n=2.000  phase=180.000
     1.2: kPhi 0.212726 -> 0.212733  n=3.000  phase=180.000
     1.3: kPhi 1.017987 -> 1.017988  n=1.000  phase=0.000
     2.1: kPhi 0.584509 -> 0.584464  n=2.000  phase=180.000
     3.1: kPhi 1.378882 -> 1.378882  n=1.000  phase=0.000
     3.2: kPhi 0.225899 -> 0.225731  n=2.000  phase=180.000
     4.1: kPhi -0.275106 -> -0.275085  n=2.000  phase=180.000
     5.1: kPhi 0.731999 -> 0.732022  n=1.000  phase=0.000
     5.2: kPhi 0.504495 -> 0.504322  n=2.000  phase=180.000
     6.1: kPhi -0.229832 -> -0.229813  n=2.000  phase=180.000
  center bond (24, 26): objective 2.088607 -> 2.088607  global RMSE 0.760867 -> 0.760867  (rejected, iterations=1)
     1.1: kPhi 1.831507 -> 1.831507  n=2.000  phase=180.000
     2.1: kPhi 2.468278 -> 2.468278  n=2.000  phase=180.000
     2.2: kPhi -1.129355 -> -1.129355  n=1.000  phase=0.000
  per-scan RMSE:
    (15, 18): 0.514578 -> 0.514583
    (18, 19): 0.934473 -> 0.934467
    (19, 24): 0.473380 -> 0.473366
    (24, 26): 0.976514 -> 0.976512

cycle 196: accepted=1 rejected=3  objective 2.088607 -> 2.088607  global RMSE 0.760867 -> 0.760863
  center bond (15, 18): objective 2.088607 -> 2.088607  global RMSE 0.760867 -> 0.760867  (rejected, iterations=1)
     1.1: kPhi 0.193245 -> 0.193245  n=2.000  phase=180.000
     2.1: kPhi 0.014421 -> 0.014421  n=1.000  phase=0.000
     3.1: kPhi -0.057370 -> -0.057370  n=1.000  phase=0.000
     4.1: kPhi 0.170599 -> 0.170599  n=2.000  phase=180.000
     5.1: kPhi -0.029912 -> -0.029912  n=1.000  phase=0.000
     6.1: kPhi 0.051718 -> 0.051718  n=1.000  phase=0.000
  center bond (18, 19): objective 2.088607 -> 2.088607  global RMSE 0.760867 -> 0.760867  (rejected, iterations=1)
     1.1: kPhi -0.141098 -> -0.141098  n=3.000  phase=0.000
     2.1: kPhi -0.170646 -> -0.170646  n=3.000  phase=0.000
     3.1: kPhi 0.515912 -> 0.515912  n=1.000  phase=0.000
     4.1: kPhi -0.171434 -> -0.171434  n=3.000  phase=0.000
     5.1: kPhi -0.198792 -> -0.198792  n=3.000  phase=0.000
     6.1: kPhi -0.126583 -> -0.126583  n=3.000  phase=0.000
     7.1: kPhi -0.153952 -> -0.153952  n=3.000  phase=0.000
     8.1: kPhi -0.181212 -> -0.181212  n=3.000  phase=0.000
     9.1: kPhi -0.120282 -> -0.120282  n=3.000  phase=0.000
  center bond (19, 24): objective 2.088607 -> 2.088607  global RMSE 0.760867 -> 0.760863  (accepted, iterations=1)
     1.1: kPhi 0.771119 -> 0.771071  n=2.000  phase=180.000
     1.2: kPhi 0.212733 -> 0.212739  n=3.000  phase=180.000
     1.3: kPhi 1.017988 -> 1.017989  n=1.000  phase=0.000
     2.1: kPhi 0.584464 -> 0.584419  n=2.000  phase=180.000
     3.1: kPhi 1.378882 -> 1.378882  n=1.000  phase=0.000
     3.2: kPhi 0.225731 -> 0.225567  n=2.000  phase=180.000
     4.1: kPhi -0.275085 -> -0.275064  n=2.000  phase=180.000
     5.1: kPhi 0.732022 -> 0.732045  n=1.000  phase=0.000
     5.2: kPhi 0.504322 -> 0.504152  n=2.000  phase=180.000
     6.1: kPhi -0.229813 -> -0.229795  n=2.000  phase=180.000
  center bond (24, 26): objective 2.088607 -> 2.088607  global RMSE 0.760863 -> 0.760863  (rejected, iterations=1)
     1.1: kPhi 1.831507 -> 1.831507  n=2.000  phase=180.000
     2.1: kPhi 2.468278 -> 2.468278  n=2.000  phase=180.000
     2.2: kPhi -1.129355 -> -1.129355  n=1.000  phase=0.000
  per-scan RMSE:
    (15, 18): 0.514583 -> 0.514588
    (18, 19): 0.934467 -> 0.934460
    (19, 24): 0.473366 -> 0.473352
    (24, 26): 0.976512 -> 0.976510

cycle 197: accepted=1 rejected=3  objective 2.088607 -> 2.088607  global RMSE 0.760863 -> 0.760859
  center bond (15, 18): objective 2.088607 -> 2.088607  global RMSE 0.760863 -> 0.760863  (rejected, iterations=1)
     1.1: kPhi 0.193245 -> 0.193245  n=2.000  phase=180.000
     2.1: kPhi 0.014421 -> 0.014421  n=1.000  phase=0.000
     3.1: kPhi -0.057370 -> -0.057370  n=1.000  phase=0.000
     4.1: kPhi 0.170599 -> 0.170599  n=2.000  phase=180.000
     5.1: kPhi -0.029912 -> -0.029912  n=1.000  phase=0.000
     6.1: kPhi 0.051718 -> 0.051718  n=1.000  phase=0.000
  center bond (18, 19): objective 2.088607 -> 2.088607  global RMSE 0.760863 -> 0.760863  (rejected, iterations=1)
     1.1: kPhi -0.141098 -> -0.141098  n=3.000  phase=0.000
     2.1: kPhi -0.170646 -> -0.170646  n=3.000  phase=0.000
     3.1: kPhi 0.515912 -> 0.515912  n=1.000  phase=0.000
     4.1: kPhi -0.171434 -> -0.171434  n=3.000  phase=0.000
     5.1: kPhi -0.198792 -> -0.198792  n=3.000  phase=0.000
     6.1: kPhi -0.126583 -> -0.126583  n=3.000  phase=0.000
     7.1: kPhi -0.153952 -> -0.153952  n=3.000  phase=0.000
     8.1: kPhi -0.181212 -> -0.181212  n=3.000  phase=0.000
     9.1: kPhi -0.120282 -> -0.120282  n=3.000  phase=0.000
  center bond (19, 24): objective 2.088607 -> 2.088607  global RMSE 0.760863 -> 0.760859  (accepted, iterations=1)
     1.1: kPhi 0.771071 -> 0.771024  n=2.000  phase=180.000
     1.2: kPhi 0.212739 -> 0.212746  n=3.000  phase=180.000
     1.3: kPhi 1.017989 -> 1.017990  n=1.000  phase=0.000
     2.1: kPhi 0.584419 -> 0.584375  n=2.000  phase=180.000
     3.1: kPhi 1.378882 -> 1.378882  n=1.000  phase=0.000
     3.2: kPhi 0.225567 -> 0.225406  n=2.000  phase=180.000
     4.1: kPhi -0.275064 -> -0.275044  n=2.000  phase=180.000
     5.1: kPhi 0.732045 -> 0.732068  n=1.000  phase=0.000
     5.2: kPhi 0.504152 -> 0.503986  n=2.000  phase=180.000
     6.1: kPhi -0.229795 -> -0.229777  n=2.000  phase=180.000
  center bond (24, 26): objective 2.088607 -> 2.088607  global RMSE 0.760859 -> 0.760859  (rejected, iterations=1)
     1.1: kPhi 1.831507 -> 1.831507  n=2.000  phase=180.000
     2.1: kPhi 2.468278 -> 2.468278  n=2.000  phase=180.000
     2.2: kPhi -1.129355 -> -1.129355  n=1.000  phase=0.000
  per-scan RMSE:
    (15, 18): 0.514588 -> 0.514593
    (18, 19): 0.934460 -> 0.934454
    (19, 24): 0.473352 -> 0.473339
    (24, 26): 0.976510 -> 0.976508

cycle 198: accepted=1 rejected=3  objective 2.088607 -> 2.088606  global RMSE 0.760859 -> 0.760856
  center bond (15, 18): objective 2.088607 -> 2.088607  global RMSE 0.760859 -> 0.760859  (rejected, iterations=1)
     1.1: kPhi 0.193245 -> 0.193245  n=2.000  phase=180.000
     2.1: kPhi 0.014421 -> 0.014421  n=1.000  phase=0.000
     3.1: kPhi -0.057370 -> -0.057370  n=1.000  phase=0.000
     4.1: kPhi 0.170599 -> 0.170599  n=2.000  phase=180.000
     5.1: kPhi -0.029912 -> -0.029912  n=1.000  phase=0.000
     6.1: kPhi 0.051718 -> 0.051718  n=1.000  phase=0.000
  center bond (18, 19): objective 2.088607 -> 2.088607  global RMSE 0.760859 -> 0.760859  (rejected, iterations=1)
     1.1: kPhi -0.141098 -> -0.141098  n=3.000  phase=0.000
     2.1: kPhi -0.170646 -> -0.170646  n=3.000  phase=0.000
     3.1: kPhi 0.515912 -> 0.515912  n=1.000  phase=0.000
     4.1: kPhi -0.171434 -> -0.171434  n=3.000  phase=0.000
     5.1: kPhi -0.198792 -> -0.198792  n=3.000  phase=0.000
     6.1: kPhi -0.126583 -> -0.126583  n=3.000  phase=0.000
     7.1: kPhi -0.153952 -> -0.153952  n=3.000  phase=0.000
     8.1: kPhi -0.181212 -> -0.181212  n=3.000  phase=0.000
     9.1: kPhi -0.120282 -> -0.120282  n=3.000  phase=0.000
  center bond (19, 24): objective 2.088607 -> 2.088606  global RMSE 0.760859 -> 0.760856  (accepted, iterations=1)
     1.1: kPhi 0.771024 -> 0.770978  n=2.000  phase=180.000
     1.2: kPhi 0.212746 -> 0.212752  n=3.000  phase=180.000
     1.3: kPhi 1.017990 -> 1.017992  n=1.000  phase=0.000
     2.1: kPhi 0.584375 -> 0.584332  n=2.000  phase=180.000
     3.1: kPhi 1.378882 -> 1.378882  n=1.000  phase=0.000
     3.2: kPhi 0.225406 -> 0.225248  n=2.000  phase=180.000
     4.1: kPhi -0.275044 -> -0.275025  n=2.000  phase=180.000
     5.1: kPhi 0.732068 -> 0.732090  n=1.000  phase=0.000
     5.2: kPhi 0.503986 -> 0.503822  n=2.000  phase=180.000
     6.1: kPhi -0.229777 -> -0.229759  n=2.000  phase=180.000
  center bond (24, 26): objective 2.088606 -> 2.088606  global RMSE 0.760856 -> 0.760856  (rejected, iterations=1)
     1.1: kPhi 1.831507 -> 1.831507  n=2.000  phase=180.000
     2.1: kPhi 2.468278 -> 2.468278  n=2.000  phase=180.000
     2.2: kPhi -1.129355 -> -1.129355  n=1.000  phase=0.000
  per-scan RMSE:
    (15, 18): 0.514593 -> 0.514598
    (18, 19): 0.934454 -> 0.934448
    (19, 24): 0.473339 -> 0.473326
    (24, 26): 0.976508 -> 0.976506

cycle 199: accepted=1 rejected=3  objective 2.088606 -> 2.088606  global RMSE 0.760856 -> 0.760852
  center bond (15, 18): objective 2.088606 -> 2.088606  global RMSE 0.760856 -> 0.760856  (rejected, iterations=1)
     1.1: kPhi 0.193245 -> 0.193245  n=2.000  phase=180.000
     2.1: kPhi 0.014421 -> 0.014421  n=1.000  phase=0.000
     3.1: kPhi -0.057370 -> -0.057370  n=1.000  phase=0.000
     4.1: kPhi 0.170599 -> 0.170599  n=2.000  phase=180.000
     5.1: kPhi -0.029912 -> -0.029912  n=1.000  phase=0.000
     6.1: kPhi 0.051718 -> 0.051718  n=1.000  phase=0.000
  center bond (18, 19): objective 2.088606 -> 2.088606  global RMSE 0.760856 -> 0.760856  (rejected, iterations=1)
     1.1: kPhi -0.141098 -> -0.141098  n=3.000  phase=0.000
     2.1: kPhi -0.170646 -> -0.170646  n=3.000  phase=0.000
     3.1: kPhi 0.515912 -> 0.515912  n=1.000  phase=0.000
     4.1: kPhi -0.171434 -> -0.171434  n=3.000  phase=0.000
     5.1: kPhi -0.198792 -> -0.198792  n=3.000  phase=0.000
     6.1: kPhi -0.126583 -> -0.126583  n=3.000  phase=0.000
     7.1: kPhi -0.153952 -> -0.153952  n=3.000  phase=0.000
     8.1: kPhi -0.181212 -> -0.181212  n=3.000  phase=0.000
     9.1: kPhi -0.120282 -> -0.120282  n=3.000  phase=0.000
  center bond (19, 24): objective 2.088606 -> 2.088606  global RMSE 0.760856 -> 0.760852  (accepted, iterations=1)
     1.1: kPhi 0.770978 -> 0.770933  n=2.000  phase=180.000
     1.2: kPhi 0.212752 -> 0.212758  n=3.000  phase=180.000
     1.3: kPhi 1.017992 -> 1.017993  n=1.000  phase=0.000
     2.1: kPhi 0.584332 -> 0.584290  n=2.000  phase=180.000
     3.1: kPhi 1.378882 -> 1.378882  n=1.000  phase=0.000
     3.2: kPhi 0.225248 -> 0.225092  n=2.000  phase=180.000
     4.1: kPhi -0.275025 -> -0.275005  n=2.000  phase=180.000
     5.1: kPhi 0.732090 -> 0.732112  n=1.000  phase=0.000
     5.2: kPhi 0.503822 -> 0.503662  n=2.000  phase=180.000
     6.1: kPhi -0.229759 -> -0.229742  n=2.000  phase=180.000
  center bond (24, 26): objective 2.088606 -> 2.088606  global RMSE 0.760852 -> 0.760852  (rejected, iterations=1)
     1.1: kPhi 1.831507 -> 1.831507  n=2.000  phase=180.000
     2.1: kPhi 2.468278 -> 2.468278  n=2.000  phase=180.000
     2.2: kPhi -1.129355 -> -1.129355  n=1.000  phase=0.000
  per-scan RMSE:
    (15, 18): 0.514598 -> 0.514603
    (18, 19): 0.934448 -> 0.934442
    (19, 24): 0.473326 -> 0.473313
    (24, 26): 0.976506 -> 0.976504

cycle 200: accepted=1 rejected=3  objective 2.088606 -> 2.088606  global RMSE 0.760852 -> 0.760848
  center bond (15, 18): objective 2.088606 -> 2.088606  global RMSE 0.760852 -> 0.760852  (rejected, iterations=1)
     1.1: kPhi 0.193245 -> 0.193245  n=2.000  phase=180.000
     2.1: kPhi 0.014421 -> 0.014421  n=1.000  phase=0.000
     3.1: kPhi -0.057370 -> -0.057370  n=1.000  phase=0.000
     4.1: kPhi 0.170599 -> 0.170599  n=2.000  phase=180.000
     5.1: kPhi -0.029912 -> -0.029912  n=1.000  phase=0.000
     6.1: kPhi 0.051718 -> 0.051718  n=1.000  phase=0.000
  center bond (18, 19): objective 2.088606 -> 2.088606  global RMSE 0.760852 -> 0.760852  (rejected, iterations=1)
     1.1: kPhi -0.141098 -> -0.141098  n=3.000  phase=0.000
     2.1: kPhi -0.170646 -> -0.170646  n=3.000  phase=0.000
     3.1: kPhi 0.515912 -> 0.515912  n=1.000  phase=0.000
     4.1: kPhi -0.171434 -> -0.171434  n=3.000  phase=0.000
     5.1: kPhi -0.198792 -> -0.198792  n=3.000  phase=0.000
     6.1: kPhi -0.126583 -> -0.126583  n=3.000  phase=0.000
     7.1: kPhi -0.153952 -> -0.153952  n=3.000  phase=0.000
     8.1: kPhi -0.181212 -> -0.181212  n=3.000  phase=0.000
     9.1: kPhi -0.120282 -> -0.120282  n=3.000  phase=0.000
  center bond (19, 24): objective 2.088606 -> 2.088606  global RMSE 0.760852 -> 0.760848  (accepted, iterations=1)
     1.1: kPhi 0.770933 -> 0.770889  n=2.000  phase=180.000
     1.2: kPhi 0.212758 -> 0.212764  n=3.000  phase=180.000
     1.3: kPhi 1.017993 -> 1.017994  n=1.000  phase=0.000
     2.1: kPhi 0.584290 -> 0.584248  n=2.000  phase=180.000
     3.1: kPhi 1.378882 -> 1.378882  n=1.000  phase=0.000
     3.2: kPhi 0.225092 -> 0.224940  n=2.000  phase=180.000
     4.1: kPhi -0.275005 -> -0.274987  n=2.000  phase=180.000
     5.1: kPhi 0.732112 -> 0.732133  n=1.000  phase=0.000
     5.2: kPhi 0.503662 -> 0.503505  n=2.000  phase=180.000
     6.1: kPhi -0.229742 -> -0.229725  n=2.000  phase=180.000
  center bond (24, 26): objective 2.088606 -> 2.088606  global RMSE 0.760848 -> 0.760848  (rejected, iterations=1)
     1.1: kPhi 1.831507 -> 1.831507  n=2.000  phase=180.000
     2.1: kPhi 2.468278 -> 2.468278  n=2.000  phase=180.000
     2.2: kPhi -1.129355 -> -1.129355  n=1.000  phase=0.000
  per-scan RMSE:
    (15, 18): 0.514603 -> 0.514608
    (18, 19): 0.934442 -> 0.934436
    (19, 24): 0.473313 -> 0.473300
    (24, 26): 0.976504 -> 0.976503
============================================================================================

============================================================================================================
                                    Parmfit Correction Parameter Report                                     
============================================================================================================
mol2:   /home/hungn/Desktop/MyRepo/MLP/MAPLE/maple/function/dispatcher/parmfit/example/demo2_ff.mol2
frcmod: /home/hungn/Desktop/MyRepo/MLP/MAPLE/maple/function/dispatcher/parmfit/example/demo2_ff.frcmod
Display convention: left = original assigned parameter | right = corrected system parameter
Only changed force-field items are shown below.


------------------------------------------------------------------------------------------------------------
                                                   BONDS                                                    
------------------------------------------------------------------------------------------------------------
(1,2)            ca-ca             k=354.250000  r=1.399000           | 	 k=480.897059  r=1.369059          
(1,6)            ca-ca             k=354.250000  r=1.399000           | 	 k=352.818385  r=1.418013          
(1,8)            ca-ha             k=360.690000  r=1.086000           | 	 k=392.891814  r=1.086866          
(2,3)            ca-ca             k=354.250000  r=1.399000           | 	 k=346.070989  r=1.419242          
(2,9)            ca-ha             k=360.690000  r=1.086000           | 	 k=389.261814  r=1.088202          
(3,4)            ca-ca             k=354.250000  r=1.399000           | 	 k=342.710412  r=1.416353          
(3,10)           ca-ca             k=354.250000  r=1.399000           | 	 k=332.497040  r=1.420776          
(4,5)            ca-ca             k=354.250000  r=1.399000           | 	 k=338.694166  r=1.422876          
(4,11)           ca-ca             k=354.250000  r=1.399000           | 	 k=336.774995  r=1.421648          
(5,6)            ca-ca             k=354.250000  r=1.399000           | 	 k=478.904564  r=1.370218          
(5,12)           ca-ha             k=360.690000  r=1.086000           | 	 k=389.498219  r=1.088221          
(6,13)           ca-ha             k=360.690000  r=1.086000           | 	 k=392.168818  r=1.087079          
(7,10)           ha-ca             k=360.690000  r=1.086000           | 	 k=388.177720  r=1.088522          
(10,15)          ca-ca             k=354.250000  r=1.399000           | 	 k=453.879936  r=1.374728          
(11,14)          ca-ca             k=354.250000  r=1.399000           | 	 k=473.512659  r=1.369270          
(11,16)          ca-ha             k=360.690000  r=1.086000           | 	 k=389.007883  r=1.087865          
(14,15)          ca-ca             k=354.250000  r=1.399000           | 	 k=335.453539  r=1.422223          
(14,17)          ca-ha             k=360.690000  r=1.086000           | 	 k=383.151465  r=1.089179          
(15,18)          ca-c3             k=243.910000  r=1.515000           | 	 k=249.963703  r=1.515301          
(18,19)          c3-c3             k=228.890000  r=1.535000           | 	 k=206.259132  r=1.547962          
(18,20)          c3-hc             k=345.250000  r=1.096000           | 	 k=360.660357  r=1.097031          
(18,21)          c3-hc             k=345.250000  r=1.096000           | 	 k=363.763972  r=1.095790          
(19,22)          c3-hc             k=345.250000  r=1.096000           | 	 k=368.432166  r=1.095368          
(19,23)          c3-hc             k=345.250000  r=1.096000           | 	 k=371.763530  r=1.093416          
(19,24)          c3-c              k=234.850000  r=1.527000           | 	 k=255.339307  r=1.508343          
(24,25)          c-o               k=590.600000  r=1.219000           | 	 k=897.790937  r=1.207409          
(24,26)          c-oh              k=359.270000  r=1.356000           | 	 k=345.733161  r=1.351563          
(26,27)          oh-ho             k=535.510000  r=0.973000           | 	 k=556.515429  r=0.971671          

------------------------------------------------------------------------------------------------------------
                                                   ANGLES                                                   
------------------------------------------------------------------------------------------------------------
(2,1,6)          ca-ca-ca                k=63.670000  theta=120.0200          | 	 k=114.526268  theta=120.2058        
(2,1,8)          ca-ca-ha                k=44.900000  theta=119.8800          | 	 k=34.628648  theta=120.3300         
(6,1,8)          ca-ca-ha                k=44.900000  theta=119.8800          | 	 k=35.294328  theta=119.4639         
(1,2,3)          ca-ca-ca                k=63.670000  theta=120.0200          | 	 k=90.413365  theta=120.6899         
(1,2,9)          ca-ca-ha                k=44.900000  theta=119.8800          | 	 k=35.798710  theta=120.7908         
(3,2,9)          ca-ca-ha                k=44.900000  theta=119.8800          | 	 k=33.602892  theta=118.5169         
(2,3,4)          ca-ca-ca                k=63.670000  theta=120.0200          | 	 k=95.112399  theta=119.2029         
(2,3,10)         ca-ca-ca                k=63.670000  theta=120.0200          | 	 k=103.451253  theta=121.4807        
(4,3,10)         ca-ca-ca                k=63.670000  theta=120.0200          | 	 k=96.997208  theta=119.3123         
(3,4,5)          ca-ca-ca                k=63.670000  theta=120.0200          | 	 k=93.584434  theta=119.0086         
(3,4,11)         ca-ca-ca                k=63.670000  theta=120.0200          | 	 k=92.121646  theta=118.3132         
(5,4,11)         ca-ca-ca                k=63.670000  theta=120.0200          | 	 k=103.255948  theta=122.6781        
(4,5,6)          ca-ca-ca                k=63.670000  theta=120.0200          | 	 k=86.817619  theta=120.5499         
(4,5,12)         ca-ca-ha                k=44.900000  theta=119.8800          | 	 k=33.597138  theta=118.9741         
(6,5,12)         ca-ca-ha                k=44.900000  theta=119.8800          | 	 k=36.353604  theta=120.4750         
(1,6,5)          ca-ca-ca                k=63.670000  theta=120.0200          | 	 k=114.438657  theta=120.3368        
(1,6,13)         ca-ca-ha                k=44.900000  theta=119.8800          | 	 k=35.237391  theta=119.2659         
(5,6,13)         ca-ca-ha                k=44.900000  theta=119.8800          | 	 k=34.571065  theta=120.3972         
(3,10,7)         ca-ca-ha                k=44.900000  theta=119.8800          | 	 k=33.359002  theta=117.7714         
(3,10,15)        ca-ca-ca                k=63.670000  theta=120.0200          | 	 k=84.846200  theta=121.7704         
(7,10,15)        ha-ca-ca                k=44.900000  theta=119.8800          | 	 k=34.697292  theta=120.4572         
(4,11,14)        ca-ca-ca                k=63.670000  theta=120.0200          | 	 k=84.118926  theta=120.8993         
(4,11,16)        ca-ca-ha                k=44.900000  theta=119.8800          | 	 k=33.163628  theta=118.8753         
(14,11,16)       ca-ca-ha                k=44.900000  theta=119.8800          | 	 k=35.168376  theta=120.2248         
(11,14,15)       ca-ca-ca                k=63.670000  theta=120.0200          | 	 k=106.674895  theta=121.3535        
(11,14,17)       ca-ca-ha                k=44.900000  theta=119.8800          | 	 k=35.834735  theta=119.3135         
(15,14,17)       ca-ca-ha                k=44.900000  theta=119.8800          | 	 k=36.188932  theta=119.3293         
(10,15,14)       ca-ca-ca                k=63.670000  theta=120.0200          | 	 k=113.098601  theta=118.2476        
(10,15,18)       ca-ca-c3                k=60.740000  theta=120.8300          | 	 k=82.985565  theta=121.3225         
(14,15,18)       ca-ca-c3                k=60.740000  theta=120.8300          | 	 k=86.407884  theta=120.4204         
(15,18,19)       ca-c3-c3                k=60.330000  theta=112.4200          | 	 k=76.107497  theta=114.5485         
(15,18,20)       ca-c3-hc                k=43.610000  theta=110.6300          | 	 k=56.531483  theta=109.6217         
(15,18,21)       ca-c3-hc                k=43.610000  theta=110.6300          | 	 k=61.399288  theta=109.6380         
(19,18,20)       c3-c3-hc                k=43.270000  theta=109.6800          | 	 k=55.674426  theta=108.3410         
(19,18,21)       c3-c3-hc                k=43.270000  theta=109.6800          | 	 k=49.569911  theta=107.7401         
(20,18,21)       hc-c3-hc                k=35.800000  theta=107.7300          | 	 k=36.246960  theta=106.6418         
(18,19,22)       c3-c3-hc                k=43.270000  theta=109.6800          | 	 k=50.140445  theta=109.3477         
(18,19,23)       c3-c3-hc                k=43.270000  theta=109.6800          | 	 k=47.960733  theta=110.5161         
(18,19,24)       c3-c3-c                 k=60.360000  theta=111.4300          | 	 k=118.156835  theta=112.5538        
(22,19,23)       hc-c3-hc                k=35.800000  theta=107.7300          | 	 k=37.373951  theta=108.9558         
(22,19,24)       hc-c3-c                 k=43.630000  theta=108.9500          | 	 k=63.669456  theta=108.2967         
(23,19,24)       hc-c3-c                 k=43.630000  theta=108.9500          | 	 k=59.227221  theta=107.0746         
(19,24,25)       c3-c-o                  k=76.450000  theta=122.9000          | 	 k=69.302856  theta=125.9237         
(19,24,26)       c3-c-oh                 k=77.420000  theta=112.7400          | 	 k=93.478161  theta=112.0840         
(25,24,26)       o-c-oh                  k=102.030000  theta=122.0900         | 	 k=74.832768  theta=121.9851         
(24,26,27)       c-oh-ho                 k=68.460000  theta=106.5400          | 	 k=75.761120  theta=105.4206         

------------------------------------------------------------------------------------------------------------
                                                 DIHEDRALS                                                  
------------------------------------------------------------------------------------------------------------
(10,15,18,19)      ca-ca-c3-c3                term=1 k=0.240000  n=2.000  phase=180.0000 |  k=0.193245  n=2.000  phase=180.0000
(10,15,18,20)      ca-ca-c3-hc                term=1 k=0.000000  n=1.000  phase=0.0000  |  k=0.014421  n=1.000  phase=0.0000 
(10,15,18,21)      ca-ca-c3-hc                term=1 k=0.000000  n=1.000  phase=0.0000  |  k=-0.057370  n=1.000  phase=0.0000
(14,15,18,19)      ca-ca-c3-c3                term=1 k=0.240000  n=2.000  phase=180.0000 |  k=0.170599  n=2.000  phase=180.0000
(14,15,18,20)      ca-ca-c3-hc                term=1 k=0.000000  n=1.000  phase=0.0000  |  k=-0.029912  n=1.000  phase=0.0000
(14,15,18,21)      ca-ca-c3-hc                term=1 k=0.000000  n=1.000  phase=0.0000  |  k=0.051718  n=1.000  phase=0.0000 
(15,18,19,22)      ca-c3-c3-hc                term=1 k=0.155556  n=3.000  phase=0.0000  |  k=-0.141098  n=3.000  phase=0.0000
(15,18,19,23)      ca-c3-c3-hc                term=1 k=0.155556  n=3.000  phase=0.0000  |  k=-0.170646  n=3.000  phase=0.0000
(15,18,19,24)      ca-c3-c3-c                 term=1 k=0.820000  n=1.000  phase=0.0000  |  k=0.515912  n=1.000  phase=0.0000 
(20,18,19,22)      hc-c3-c3-hc                term=1 k=0.120000  n=3.000  phase=0.0000  |  k=-0.171434  n=3.000  phase=0.0000
(20,18,19,23)      hc-c3-c3-hc                term=1 k=0.120000  n=3.000  phase=0.0000  |  k=-0.198792  n=3.000  phase=0.0000
(20,18,19,24)      hc-c3-c3-c                 term=1 k=0.155556  n=3.000  phase=0.0000  |  k=-0.126583  n=3.000  phase=0.0000
(21,18,19,22)      hc-c3-c3-hc                term=1 k=0.120000  n=3.000  phase=0.0000  |  k=-0.153952  n=3.000  phase=0.0000
(21,18,19,23)      hc-c3-c3-hc                term=1 k=0.120000  n=3.000  phase=0.0000  |  k=-0.181212  n=3.000  phase=0.0000
(21,18,19,24)      hc-c3-c3-c                 term=1 k=0.155556  n=3.000  phase=0.0000  |  k=-0.120282  n=3.000  phase=0.0000
(18,19,24,25)      c3-c3-c-o                  term=1 k=0.200000  n=2.000  phase=180.0000 |  k=0.770889  n=2.000  phase=180.0000
(18,19,24,25)      c3-c3-c-o                  term=2 k=0.440000  n=3.000  phase=180.0000 |  k=0.212764  n=3.000  phase=180.0000
(18,19,24,25)      c3-c3-c-o                  term=3 k=0.680000  n=1.000  phase=0.0000  |  k=1.017994  n=1.000  phase=0.0000 
(18,19,24,26)      c3-c3-c-oh                 term=1 k=0.000000  n=2.000  phase=180.0000 |  k=0.584248  n=2.000  phase=180.0000
(22,19,24,25)      hc-c3-c-o                  term=1 k=4.030000  n=1.000  phase=0.0000  |  k=1.378882  n=1.000  phase=0.0000 
(22,19,24,25)      hc-c3-c-o                  term=2 k=3.660000  n=2.000  phase=180.0000 |  k=0.224940  n=2.000  phase=180.0000
(22,19,24,26)      hc-c3-c-oh                 term=1 k=0.000000  n=2.000  phase=180.0000 |  k=-0.274987  n=2.000  phase=180.0000
(23,19,24,25)      hc-c3-c-o                  term=1 k=4.030000  n=1.000  phase=0.0000  |  k=0.732133  n=1.000  phase=0.0000 
(23,19,24,25)      hc-c3-c-o                  term=2 k=3.660000  n=2.000  phase=180.0000 |  k=0.503505  n=2.000  phase=180.0000
(23,19,24,26)      hc-c3-c-oh                 term=1 k=0.000000  n=2.000  phase=180.0000 |  k=-0.229725  n=2.000  phase=180.0000
(19,24,26,27)      c3-c-oh-ho                 term=1 k=1.800000  n=2.000  phase=180.0000 |  k=1.831507  n=2.000  phase=180.0000
(25,24,26,27)      o-c-oh-ho                  term=1 k=2.300000  n=2.000  phase=180.0000 |  k=2.468278  n=2.000  phase=180.0000
(25,24,26,27)      o-c-oh-ho                  term=2 k=1.900000  n=1.000  phase=0.0000  |  k=-1.129355  n=1.000  phase=0.0000

======================================================================
                        GROMACS Export Summary                        
======================================================================
top:               /home/hungn/Desktop/MyRepo/MLP/MAPLE/maple/function/dispatcher/parmfit/example/corr2.top
gro:               /home/hungn/Desktop/MyRepo/MLP/MAPLE/maple/function/dispatcher/parmfit/example/corr2.gro
written sections:  defaults, atomtypes, moleculetype, atoms, bonds, pairs, angles, dihedrals, system, molecules
omitted atomtypes: 0
omitted bonds:     0
omitted angles:    0
omitted dihedrals: 0
omitted impropers: 8
warning count:     8
======================================================================



Program started: 2026-03-24 01:52:35

======================================================================
                      TIMING SUMMARY
======================================================================
Input Reading.......................................   0.002 s  (   0.0 %)
  Settings Parsing....................................   0.000 s  (  18.2 %)
  Coordinate Section Parsing..........................   0.001 s  (  25.4 %)
  Post-Processing Expansion...........................   0.000 s  (   0.4 %)
MLP Initialization..................................   0.128 s  (   0.2 %)
Job Dispatching.....................................  74.157 s  (  99.8 %)
  Parmfit optimization................................  74.153 s  ( 100.0 %)
    Parmfit correction..................................  74.128 s  ( 100.0 %)
      Scan (×4)...........................................  67.425 s  (  91.0 %)
======================================================================
Total wall time: 74.287 s
Total CPU time: 546.800 s
======================================================================

Program ended: 2026-03-24 01:53:49
TOTAL RUN TIME: 0 days 0 hours 1 minutes 14 seconds 286 msec
