
----------------------------------------------------------------------
            Scanning combination 1/73: [177.86]

======================================================================
LBFGS Parameters
======================================================================
memory:     5
curvature:  70.0
max_step:   0.2
max_iter:   256
write_traj: False
traj_every: 1
verbose:    0
======================================================================


                             Coordinates                              
----------------------------------------------------------------------
0    C               -3.4012              -1.5689               0.0547
1    C               -2.1133              -1.5196               0.5163
2    C               -1.3574              -0.3217               0.4278
3    C               -1.9493               0.8278              -0.1503
4    C               -3.2935               0.7541              -0.6111
5    C               -4.0002              -0.4157              -0.5129
6    H                0.4008              -1.1407               1.3675
7    H               -3.9716              -2.4919               0.1168
8    H               -1.6431              -2.3998               0.9505
9    C               -0.0162              -0.2547               0.8919
10   C               -1.1683               2.0117              -0.2478
11   H               -3.7501               1.6398              -1.0484
12   H               -5.0252              -0.4708              -0.8708
13   C                0.1294               2.0359               0.1884
14   C                0.7445               0.8810               0.7456
15   H               -1.6172               2.9030              -0.6808
16   H                0.6986               2.9618               0.1175
17   C                2.2073               0.9055               1.1402
18   C                3.1893               0.5767              -0.0104
19   H                2.3808               0.1932               1.9563
20   H                2.4675               1.8967               1.5281
21   H                4.2176               0.6336               0.3628
22   H                3.0695               1.2884              -0.8317
23   C                2.9690              -0.8013              -0.5829
24   O                2.2994              -1.0671              -1.5518
25   O                3.6032              -1.7563               0.1331
26   H                3.3702              -2.5972              -0.2946


Energy:                 -652.920316 Convergence criteria  Is converged 
Maximum Force:             0.001927     0.002850  Yes
RMS Force:                 0.001149     0.001900  Yes
Maximum Displacement:      0.000027     0.003150  Yes
RMS Displacement:          0.000016     0.002100  Yes

LBFGS converged at iteration 1.
Final frame written to /home/hungn/Desktop/MyRepo/MLP/MAPLE/maple/function/dispatcher/parmfit/example/corr2_torsionfit_24-26_opt.xyz
Complete trajectory written to /home/hungn/Desktop/MyRepo/MLP/MAPLE/maple/function/dispatcher/parmfit/example/corr2_torsionfit_24-26_traj.xyz

----------------------------------------------------------------------
            Scanning combination 2/73: [182.86]

======================================================================
LBFGS Parameters
======================================================================
memory:     5
curvature:  70.0
max_step:   0.2
max_iter:   256
write_traj: False
traj_every: 1
verbose:    0
======================================================================


                             Coordinates                              
----------------------------------------------------------------------
0    C               -3.4012              -1.5688               0.0555
1    C               -2.1129              -1.5209               0.5171
2    C               -1.3545              -0.3233               0.4247
3    C               -1.9475               0.8283              -0.1488
4    C               -3.2911               0.7542              -0.6113
5    C               -3.9994              -0.4150              -0.5127
6    H                0.4079              -1.1421               1.3580
7    H               -3.9744              -2.4907               0.1196
8    H               -1.6460              -2.4025               0.9538
9    C               -0.0129              -0.2561               0.8872
10   C               -1.1666               2.0125              -0.2473
11   H               -3.7465               1.6409              -1.0476
12   H               -5.0245              -0.4688              -0.8711
13   C                0.1322               2.0348               0.1864
14   C                0.7452               0.8817               0.7491
15   H               -1.6197               2.9029              -0.6796
16   H                0.7020               2.9596               0.1123
17   C                2.2073               0.9044               1.1414
18   C                3.1847               0.5778              -0.0098
19   H                2.3802               0.1924               1.9564
20   H                2.4637               1.8946               1.5313
21   H                4.2148               0.6431               0.3580
22   H                3.0643               1.2941              -0.8269
23   C                2.9646              -0.8019              -0.5825
24   O                2.3023              -1.0684              -1.5555
25   O                3.5935              -1.7561               0.1405
26   H                3.4354              -2.5934              -0.3239


Energy:                 -652.920260 Convergence criteria  Is converged 
Maximum Force:             0.002707     0.002850  Yes
RMS Force:                 0.001585     0.001900  Yes
Maximum Displacement:      0.001534     0.003150  Yes
RMS Displacement:          0.000770     0.002100  Yes

LBFGS converged at iteration 8.
Final frame written to /home/hungn/Desktop/MyRepo/MLP/MAPLE/maple/function/dispatcher/parmfit/example/corr2_torsionfit_24-26_opt.xyz
Complete trajectory written to /home/hungn/Desktop/MyRepo/MLP/MAPLE/maple/function/dispatcher/parmfit/example/corr2_torsionfit_24-26_traj.xyz

----------------------------------------------------------------------
            Scanning combination 3/73: [187.86]

======================================================================
LBFGS Parameters
======================================================================
memory:     5
curvature:  70.0
max_step:   0.2
max_iter:   256
write_traj: False
traj_every: 1
verbose:    0
======================================================================


                             Coordinates                              
----------------------------------------------------------------------
0    C               -3.4028              -1.5656               0.0598
1    C               -2.1134              -1.5228               0.5185
2    C               -1.3504              -0.3290               0.4223
3    C               -1.9417               0.8241              -0.1499
4    C               -3.2851               0.7551              -0.6104
5    C               -3.9967              -0.4113              -0.5112
6    H                0.4251              -1.1553               1.3289
7    H               -3.9803              -2.4839               0.1293
8    H               -1.6516              -2.4044               0.9595
9    C               -0.0067              -0.2636               0.8781
10   C               -1.1629               2.0091              -0.2482
11   H               -3.7365               1.6441              -1.0459
12   H               -5.0214              -0.4620              -0.8703
13   C                0.1357               2.0329               0.1837
14   C                0.7449               0.8796               0.7497
15   H               -1.6179               2.9004              -0.6751
16   H                0.7115               2.9535               0.0993
17   C                2.2032               0.9062               1.1524
18   C                3.1708               0.5785              -0.0082
19   H                2.3767               0.1903               1.9647
20   H                2.4605               1.8964               1.5458
21   H                4.2043               0.6464               0.3439
22   H                3.0312               1.2873              -0.8277
23   C                2.9582              -0.8027              -0.5793
24   O                2.3320              -1.0647              -1.5776
25   O                3.5760              -1.7593               0.1500
26   H                3.4858              -2.5787              -0.3648


Energy:                 -652.919978 Convergence criteria  Is converged 
Maximum Force:             0.001654     0.002850  Yes
RMS Force:                 0.000811     0.001900  Yes
Maximum Displacement:      0.001553     0.003150  Yes
RMS Displacement:          0.000948     0.002100  Yes

LBFGS converged at iteration 12.
Final frame written to /home/hungn/Desktop/MyRepo/MLP/MAPLE/maple/function/dispatcher/parmfit/example/corr2_torsionfit_24-26_opt.xyz
Complete trajectory written to /home/hungn/Desktop/MyRepo/MLP/MAPLE/maple/function/dispatcher/parmfit/example/corr2_torsionfit_24-26_traj.xyz

----------------------------------------------------------------------
            Scanning combination 4/73: [192.86]

======================================================================
LBFGS Parameters
======================================================================
memory:     5
curvature:  70.0
max_step:   0.2
max_iter:   256
write_traj: False
traj_every: 1
verbose:    0
======================================================================


                             Coordinates                              
----------------------------------------------------------------------
0    C               -3.4031              -1.5655               0.0602
1    C               -2.1135              -1.5229               0.5184
2    C               -1.3503              -0.3291               0.4220
3    C               -1.9417               0.8242              -0.1499
4    C               -3.2852               0.7551              -0.6104
5    C               -3.9969              -0.4113              -0.5110
6    H                0.4250              -1.1558               1.3280
7    H               -3.9807              -2.4837               0.1298
8    H               -1.6517              -2.4045               0.9595
9    C               -0.0067              -0.2639               0.8780
10   C               -1.1626               2.0092              -0.2481
11   H               -3.7364               1.6442              -1.0461
12   H               -5.0216              -0.4617              -0.8700
13   C                0.1358               2.0326               0.1844
14   C                0.7454               0.8789               0.7493
15   H               -1.6176               2.9003              -0.6757
16   H                0.7117               2.9532               0.0996
17   C                2.2043               0.9046               1.1515
18   C                3.1718               0.5793              -0.0089
19   H                2.3770               0.1900               1.9651
20   H                2.4603               1.8947               1.5447
21   H                4.2065               0.6486               0.3438
22   H                3.0311               1.2891              -0.8283
23   C                2.9537              -0.8023              -0.5771
24   O                2.3324              -1.0645              -1.5793
25   O                3.5704              -1.7598               0.1528
26   H                3.5492              -2.5629              -0.3937


Energy:                 -652.919252 Convergence criteria  Is converged 
Maximum Force:             0.002586     0.002850  Yes
RMS Force:                 0.000920     0.001900  Yes
Maximum Displacement:      0.002185     0.003150  Yes
RMS Displacement:          0.001112     0.002100  Yes

LBFGS converged at iteration 7.
Final frame written to /home/hungn/Desktop/MyRepo/MLP/MAPLE/maple/function/dispatcher/parmfit/example/corr2_torsionfit_24-26_opt.xyz
Complete trajectory written to /home/hungn/Desktop/MyRepo/MLP/MAPLE/maple/function/dispatcher/parmfit/example/corr2_torsionfit_24-26_traj.xyz

----------------------------------------------------------------------
            Scanning combination 5/73: [197.86]

======================================================================
LBFGS Parameters
======================================================================
memory:     5
curvature:  70.0
max_step:   0.2
max_iter:   256
write_traj: False
traj_every: 1
verbose:    0
======================================================================


                             Coordinates                              
----------------------------------------------------------------------
0    C               -3.4045              -1.5648               0.0616
1    C               -2.1144              -1.5232               0.5183
2    C               -1.3506              -0.3300               0.4210
3    C               -1.9413               0.8240              -0.1501
4    C               -3.2851               0.7555              -0.6103
5    C               -3.9976              -0.4103              -0.5097
6    H                0.4251              -1.1597               1.3235
7    H               -3.9828              -2.4825               0.1324
8    H               -1.6525              -2.4048               0.9591
9    C               -0.0064              -0.2667               0.8755
10   C               -1.1612               2.0084              -0.2478
11   H               -3.7357               1.6444              -1.0470
12   H               -5.0226              -0.4602              -0.8681
13   C                0.1370               2.0307               0.1854
14   C                0.7460               0.8759               0.7489
15   H               -1.6147               2.8992              -0.6778
16   H                0.7135               2.9511               0.1022
17   C                2.2046               0.9024               1.1517
18   C                3.1697               0.5859              -0.0112
19   H                2.3797               0.1869               1.9643
20   H                2.4601               1.8922               1.5437
21   H                4.2053               0.6550               0.3383
22   H                3.0287               1.2965              -0.8285
23   C                2.9483              -0.7954              -0.5769
24   O                2.3421              -1.0604              -1.5852
25   O                3.5580              -1.7443               0.1731
26   H                3.6210              -2.5382              -0.3837


Energy:                 -652.918288 Convergence criteria  Is converged 
Maximum Force:             0.002711     0.002850  Yes
RMS Force:                 0.001144     0.001900  Yes
Maximum Displacement:      0.003062     0.003150  Yes
RMS Displacement:          0.001010     0.002100  Yes

LBFGS converged at iteration 8.
Final frame written to /home/hungn/Desktop/MyRepo/MLP/MAPLE/maple/function/dispatcher/parmfit/example/corr2_torsionfit_24-26_opt.xyz
Complete trajectory written to /home/hungn/Desktop/MyRepo/MLP/MAPLE/maple/function/dispatcher/parmfit/example/corr2_torsionfit_24-26_traj.xyz

----------------------------------------------------------------------
            Scanning combination 6/73: [202.86]

======================================================================
LBFGS Parameters
======================================================================
memory:     5
curvature:  70.0
max_step:   0.2
max_iter:   256
write_traj: False
traj_every: 1
verbose:    0
======================================================================


                             Coordinates                              
----------------------------------------------------------------------
0    C               -3.4346              -1.5510               0.0937
1    C               -2.1365              -1.5238               0.5274
2    C               -1.3606              -0.3396               0.4197
3    C               -1.9527               0.8202              -0.1387
4    C               -3.3001               0.7641              -0.5884
5    C               -4.0241              -0.3930              -0.4742
6    H                0.4387              -1.1984               1.2555
7    H               -4.0237              -2.4598               0.1854
8    H               -1.6777              -2.4091               0.9636
9    C               -0.0064              -0.2903               0.8541
10   C               -1.1736               2.0038              -0.2354
11   H               -3.7456               1.6563              -1.0244
12   H               -5.0562              -0.4317              -0.8122
13   C                0.1236               2.0210               0.1949
14   C                0.7296               0.8648               0.7556
15   H               -1.6246               2.8945              -0.6653
16   H                0.7112               2.9336               0.1066
17   C                2.1830               0.9376               1.1608
18   C                3.1222               0.6859              -0.0239
19   H                2.4023               0.2204               1.9570
20   H                2.3902               1.9363               1.5601
21   H                4.1563               0.9168               0.2608
22   H                2.8706               1.3282              -0.8731
23   C                3.1469              -0.7398              -0.5219
24   O                3.2873              -1.0735              -1.6710
25   O                3.1278              -1.6377               0.4985
26   H                3.5050              -2.4625               0.1512


Energy:                 -652.919512 Convergence criteria  Is converged 
Maximum Force:             0.002236     0.002850  Yes
RMS Force:                 0.001108     0.001900  Yes
Maximum Displacement:      0.002505     0.003150  Yes
RMS Displacement:          0.000995     0.002100  Yes

LBFGS converged at iteration 37.
Final frame written to /home/hungn/Desktop/MyRepo/MLP/MAPLE/maple/function/dispatcher/parmfit/example/corr2_torsionfit_24-26_opt.xyz
Complete trajectory written to /home/hungn/Desktop/MyRepo/MLP/MAPLE/maple/function/dispatcher/parmfit/example/corr2_torsionfit_24-26_traj.xyz

----------------------------------------------------------------------
            Scanning combination 7/73: [207.86]

======================================================================
LBFGS Parameters
======================================================================
memory:     5
curvature:  70.0
max_step:   0.2
max_iter:   256
write_traj: False
traj_every: 1
verbose:    0
======================================================================


                             Coordinates                              
----------------------------------------------------------------------
0    C               -3.4347              -1.5512               0.0948
1    C               -2.1362              -1.5242               0.5277
2    C               -1.3607              -0.3394               0.4193
3    C               -1.9532               0.8203              -0.1394
4    C               -3.3008               0.7635              -0.5877
5    C               -4.0248              -0.3935              -0.4731
6    H                0.4377              -1.1974               1.2558
7    H               -4.0240              -2.4601               0.1844
8    H               -1.6780              -2.4101               0.9638
9    C               -0.0068              -0.2893               0.8540
10   C               -1.1745               2.0042              -0.2375
11   H               -3.7452               1.6560              -1.0236
12   H               -5.0564              -0.4318              -0.8129
13   C                0.1222               2.0215               0.1948
14   C                0.7294               0.8657               0.7559
15   H               -1.6259               2.8961              -0.6658
16   H                0.7107               2.9333               0.1072
17   C                2.1839               0.9373               1.1609
18   C                3.1254               0.6863              -0.0223
19   H                2.4027               0.2196               1.9569
20   H                2.3907               1.9363               1.5591
21   H                4.1604               0.9182               0.2622
22   H                2.8745               1.3264              -0.8720
23   C                3.1427              -0.7393              -0.5226
24   O                3.2872              -1.0756              -1.6707
25   O                3.1229              -1.6395               0.4968
26   H                3.5684              -2.4378               0.1707


Energy:                 -652.918215 Convergence criteria  Is converged 
Maximum Force:             0.001888     0.002850  Yes
RMS Force:                 0.000683     0.001900  Yes
Maximum Displacement:      0.001287     0.003150  Yes
RMS Displacement:          0.000566     0.002100  Yes

LBFGS converged at iteration 7.
Final frame written to /home/hungn/Desktop/MyRepo/MLP/MAPLE/maple/function/dispatcher/parmfit/example/corr2_torsionfit_24-26_opt.xyz
Complete trajectory written to /home/hungn/Desktop/MyRepo/MLP/MAPLE/maple/function/dispatcher/parmfit/example/corr2_torsionfit_24-26_traj.xyz

----------------------------------------------------------------------
            Scanning combination 8/73: [212.86]

======================================================================
LBFGS Parameters
======================================================================
memory:     5
curvature:  70.0
max_step:   0.2
max_iter:   256
write_traj: False
traj_every: 1
verbose:    0
======================================================================


                             Coordinates                              
----------------------------------------------------------------------
0    C               -3.4379              -1.5544               0.0979
1    C               -2.1393              -1.5237               0.5306
2    C               -1.3647              -0.3376               0.4195
3    C               -1.9590               0.8205              -0.1408
4    C               -3.3088               0.7614              -0.5823
5    C               -4.0307              -0.3968              -0.4676
6    H                0.4316              -1.1881               1.2638
7    H               -4.0238              -2.4667               0.1790
8    H               -1.6803              -2.4106               0.9645
9    C               -0.0100              -0.2831               0.8524
10   C               -1.1809               2.0050              -0.2429
11   H               -3.7561               1.6540              -1.0150
12   H               -5.0607              -0.4387              -0.8122
13   C                0.1164               2.0260               0.1893
14   C                0.7287               0.8706               0.7481
15   H               -1.6370               2.8966              -0.6686
16   H                0.6981               2.9433               0.1111
17   C                2.1860               0.9383               1.1529
18   C                3.1415               0.6831              -0.0200
19   H                2.4009               0.2183               1.9483
20   H                2.3994               1.9346               1.5545
21   H                4.1758               0.8836               0.2860
22   H                2.9281               1.3339              -0.8713
23   C                3.1447              -0.7371              -0.5299
24   O                3.2981              -1.0648              -1.6788
25   O                3.1196              -1.6418               0.4878
26   H                3.6249              -2.4164               0.1940


Energy:                 -652.916800 Convergence criteria  Is converged 
Maximum Force:             0.001597     0.002850  Yes
RMS Force:                 0.000840     0.001900  Yes
Maximum Displacement:      0.002525     0.003150  Yes
RMS Displacement:          0.000968     0.002100  Yes

LBFGS converged at iteration 12.
Final frame written to /home/hungn/Desktop/MyRepo/MLP/MAPLE/maple/function/dispatcher/parmfit/example/corr2_torsionfit_24-26_opt.xyz
Complete trajectory written to /home/hungn/Desktop/MyRepo/MLP/MAPLE/maple/function/dispatcher/parmfit/example/corr2_torsionfit_24-26_traj.xyz

----------------------------------------------------------------------
            Scanning combination 9/73: [217.86]

======================================================================
LBFGS Parameters
======================================================================
memory:     5
curvature:  70.0
max_step:   0.2
max_iter:   256
write_traj: False
traj_every: 1
verbose:    0
======================================================================


                             Coordinates                              
----------------------------------------------------------------------
0    C               -3.4370              -1.5543               0.0969
1    C               -2.1386              -1.5237               0.5302
2    C               -1.3644              -0.3372               0.4198
3    C               -1.9593               0.8205              -0.1401
4    C               -3.3090               0.7617              -0.5826
5    C               -4.0306              -0.3972              -0.4684
6    H                0.4327              -1.1882               1.2632
7    H               -4.0231              -2.4662               0.1802
8    H               -1.6795              -2.4099               0.9650
9    C               -0.0093              -0.2831               0.8523
10   C               -1.1816               2.0051              -0.2414
11   H               -3.7570               1.6540              -1.0149
12   H               -5.0612              -0.4387              -0.8110
13   C                0.1164               2.0257               0.1896
14   C                0.7299               0.8701               0.7462
15   H               -1.6368               2.8961              -0.6685
16   H                0.6973               2.9431               0.1098
17   C                2.1867               0.9382               1.1517
18   C                3.1429               0.6827              -0.0199
19   H                2.3996               0.2185               1.9477
20   H                2.3978               1.9351               1.5538
21   H                4.1776               0.8832               0.2897
22   H                2.9301               1.3359              -0.8702
23   C                3.1417              -0.7389              -0.5316
24   O                3.2980              -1.0643              -1.6804
25   O                3.1147              -1.6474               0.4861
26   H                3.6831              -2.3864               0.2209


Energy:                 -652.915096 Convergence criteria  Is converged 
Maximum Force:             0.001219     0.002850  Yes
RMS Force:                 0.000634     0.001900  Yes
Maximum Displacement:      0.001899     0.003150  Yes
RMS Displacement:          0.000979     0.002100  Yes

LBFGS converged at iteration 7.
Final frame written to /home/hungn/Desktop/MyRepo/MLP/MAPLE/maple/function/dispatcher/parmfit/example/corr2_torsionfit_24-26_opt.xyz
Complete trajectory written to /home/hungn/Desktop/MyRepo/MLP/MAPLE/maple/function/dispatcher/parmfit/example/corr2_torsionfit_24-26_traj.xyz

----------------------------------------------------------------------
            Scanning combination 10/73: [222.86]

======================================================================
LBFGS Parameters
======================================================================
memory:     5
curvature:  70.0
max_step:   0.2
max_iter:   256
write_traj: False
traj_every: 1
verbose:    0
======================================================================


                             Coordinates                              
----------------------------------------------------------------------
0    C               -3.4350              -1.5547               0.0966
1    C               -2.1365              -1.5234               0.5295
2    C               -1.3638              -0.3368               0.4192
3    C               -1.9604               0.8211              -0.1387
4    C               -3.3099               0.7614              -0.5820
5    C               -4.0299              -0.3979              -0.4684
6    H                0.4360              -1.1880               1.2592
7    H               -4.0206              -2.4661               0.1836
8    H               -1.6764              -2.4081               0.9661
9    C               -0.0085              -0.2836               0.8493
10   C               -1.1831               2.0057              -0.2398
11   H               -3.7593               1.6537              -1.0135
12   H               -5.0619              -0.4395              -0.8074
13   C                0.1156               2.0257               0.1875
14   C                0.7296               0.8697               0.7423
15   H               -1.6383               2.8969              -0.6662
16   H                0.6960               2.9432               0.1052
17   C                2.1851               0.9370               1.1490
18   C                3.1450               0.6830              -0.0197
19   H                2.3965               0.2181               1.9461
20   H                2.3942               1.9347               1.5498
21   H                4.1777               0.8710               0.2999
22   H                2.9431               1.3434              -0.8665
23   C                3.1380              -0.7350              -0.5373
24   O                3.3010              -1.0585              -1.6853
25   O                3.1004              -1.6437               0.4840
26   H                3.7240              -2.3537               0.2694


Energy:                 -652.913291 Convergence criteria  Is converged 
Maximum Force:             0.001985     0.002850  Yes
RMS Force:                 0.000675     0.001900  Yes
Maximum Displacement:      0.002256     0.003150  Yes
RMS Displacement:          0.001094     0.002100  Yes

LBFGS converged at iteration 10.
Final frame written to /home/hungn/Desktop/MyRepo/MLP/MAPLE/maple/function/dispatcher/parmfit/example/corr2_torsionfit_24-26_opt.xyz
Complete trajectory written to /home/hungn/Desktop/MyRepo/MLP/MAPLE/maple/function/dispatcher/parmfit/example/corr2_torsionfit_24-26_traj.xyz

----------------------------------------------------------------------
            Scanning combination 11/73: [227.86]

======================================================================
LBFGS Parameters
======================================================================
memory:     5
curvature:  70.0
max_step:   0.2
max_iter:   256
write_traj: False
traj_every: 1
verbose:    0
======================================================================


                             Coordinates                              
----------------------------------------------------------------------
0    C               -3.4355              -1.5550               0.0976
1    C               -2.1368              -1.5236               0.5299
2    C               -1.3640              -0.3368               0.4187
3    C               -1.9604               0.8210              -0.1395
4    C               -3.3102               0.7613              -0.5814
5    C               -4.0303              -0.3981              -0.4672
6    H                0.4354              -1.1880               1.2581
7    H               -4.0209              -2.4669               0.1834
8    H               -1.6763              -2.4085               0.9658
9    C               -0.0088              -0.2831               0.8491
10   C               -1.1833               2.0059              -0.2408
11   H               -3.7594               1.6535              -1.0130
12   H               -5.0618              -0.4400              -0.8074
13   C                0.1155               2.0260               0.1869
14   C                0.7299               0.8700               0.7417
15   H               -1.6393               2.8975              -0.6659
16   H                0.6963               2.9433               0.1050
17   C                2.1862               0.9378               1.1481
18   C                3.1463               0.6841              -0.0195
19   H                2.3963               0.2184               1.9454
20   H                2.3945               1.9351               1.5505
21   H                4.1810               0.8698               0.3016
22   H                2.9459               1.3452              -0.8664
23   C                3.1347              -0.7349              -0.5381
24   O                3.3012              -1.0576              -1.6846
25   O                3.0952              -1.6496               0.4825
26   H                3.7724              -2.3174               0.3035


Energy:                 -652.911399 Convergence criteria  Is converged 
Maximum Force:             0.002009     0.002850  Yes
RMS Force:                 0.000766     0.001900  Yes
Maximum Displacement:      0.001641     0.003150  Yes
RMS Displacement:          0.000714     0.002100  Yes

LBFGS converged at iteration 6.
Final frame written to /home/hungn/Desktop/MyRepo/MLP/MAPLE/maple/function/dispatcher/parmfit/example/corr2_torsionfit_24-26_opt.xyz
Complete trajectory written to /home/hungn/Desktop/MyRepo/MLP/MAPLE/maple/function/dispatcher/parmfit/example/corr2_torsionfit_24-26_traj.xyz

----------------------------------------------------------------------
            Scanning combination 12/73: [232.86]

======================================================================
LBFGS Parameters
======================================================================
memory:     5
curvature:  70.0
max_step:   0.2
max_iter:   256
write_traj: False
traj_every: 1
verbose:    0
======================================================================


                             Coordinates                              
----------------------------------------------------------------------
0    C               -3.4358              -1.5555               0.0990
1    C               -2.1367              -1.5235               0.5302
2    C               -1.3642              -0.3366               0.4181
3    C               -1.9610               0.8212              -0.1397
4    C               -3.3113               0.7607              -0.5804
5    C               -4.0311              -0.3987              -0.4656
6    H                0.4354              -1.1877               1.2553
7    H               -4.0207              -2.4677               0.1842
8    H               -1.6758              -2.4087               0.9653
9    C               -0.0086              -0.2825               0.8469
10   C               -1.1839               2.0061              -0.2417
11   H               -3.7611               1.6528              -1.0117
12   H               -5.0626              -0.4413              -0.8059
13   C                0.1153               2.0266               0.1846
14   C                0.7301               0.8707               0.7392
15   H               -1.6410               2.8979              -0.6653
16   H                0.6957               2.9443               0.1035
17   C                2.1860               0.9386               1.1473
18   C                3.1487               0.6844              -0.0190
19   H                2.3960               0.2187               1.9438
20   H                2.3949               1.9354               1.5509
21   H                4.1825               0.8615               0.3050
22   H                2.9565               1.3490              -0.8645
23   C                3.1325              -0.7317              -0.5406
24   O                3.3015              -1.0509              -1.6870
25   O                3.0806              -1.6491               0.4819
26   H                3.8034              -2.2803               0.3579


Energy:                 -652.909521 Convergence criteria  Is converged 
Maximum Force:             0.000792     0.002850  Yes
RMS Force:                 0.000514     0.001900  Yes
Maximum Displacement:      0.002732     0.003150  Yes
RMS Displacement:          0.001091     0.002100  Yes

LBFGS converged at iteration 10.
Final frame written to /home/hungn/Desktop/MyRepo/MLP/MAPLE/maple/function/dispatcher/parmfit/example/corr2_torsionfit_24-26_opt.xyz
Complete trajectory written to /home/hungn/Desktop/MyRepo/MLP/MAPLE/maple/function/dispatcher/parmfit/example/corr2_torsionfit_24-26_traj.xyz

----------------------------------------------------------------------
            Scanning combination 13/73: [237.86]

======================================================================
LBFGS Parameters
======================================================================
memory:     5
curvature:  70.0
max_step:   0.2
max_iter:   256
write_traj: False
traj_every: 1
verbose:    0
======================================================================


                             Coordinates                              
----------------------------------------------------------------------
0    C               -3.4356              -1.5556               0.0991
1    C               -2.1367              -1.5236               0.5299
2    C               -1.3644              -0.3364               0.4177
3    C               -1.9615               0.8212              -0.1398
4    C               -3.3118               0.7610              -0.5800
5    C               -4.0314              -0.3990              -0.4652
6    H                0.4363              -1.1874               1.2541
7    H               -4.0205              -2.4679               0.1850
8    H               -1.6754              -2.4085               0.9653
9    C               -0.0087              -0.2822               0.8466
10   C               -1.1847               2.0063              -0.2419
11   H               -3.7620               1.6528              -1.0113
12   H               -5.0629              -0.4415              -0.8049
13   C                0.1148               2.0268               0.1844
14   C                0.7300               0.8709               0.7384
15   H               -1.6416               2.8981              -0.6654
16   H                0.6949               2.9444               0.1024
17   C                2.1865               0.9390               1.1459
18   C                3.1510               0.6851              -0.0187
19   H                2.3950               0.2189               1.9433
20   H                2.3943               1.9358               1.5506
21   H                4.1854               0.8594               0.3090
22   H                2.9599               1.3519              -0.8643
23   C                3.1308              -0.7321              -0.5408
24   O                3.3010              -1.0504              -1.6868
25   O                3.0761              -1.6558               0.4795
26   H                3.8431              -2.2389               0.3962


Energy:                 -652.907690 Convergence criteria  Is converged 
Maximum Force:             0.001137     0.002850  Yes
RMS Force:                 0.000604     0.001900  Yes
Maximum Displacement:      0.002133     0.003150  Yes
RMS Displacement:          0.000691     0.002100  Yes

LBFGS converged at iteration 6.
Final frame written to /home/hungn/Desktop/MyRepo/MLP/MAPLE/maple/function/dispatcher/parmfit/example/corr2_torsionfit_24-26_opt.xyz
Complete trajectory written to /home/hungn/Desktop/MyRepo/MLP/MAPLE/maple/function/dispatcher/parmfit/example/corr2_torsionfit_24-26_traj.xyz

----------------------------------------------------------------------
            Scanning combination 14/73: [242.86]

======================================================================
LBFGS Parameters
======================================================================
memory:     5
curvature:  70.0
max_step:   0.2
max_iter:   256
write_traj: False
traj_every: 1
verbose:    0
======================================================================


                             Coordinates                              
----------------------------------------------------------------------
0    C               -3.4356              -1.5556               0.0992
1    C               -2.1366              -1.5235               0.5300
2    C               -1.3643              -0.3363               0.4177
3    C               -1.9616               0.8213              -0.1398
4    C               -3.3120               0.7609              -0.5800
5    C               -4.0315              -0.3990              -0.4651
6    H                0.4364              -1.1873               1.2538
7    H               -4.0205              -2.4679               0.1851
8    H               -1.6753              -2.4084               0.9653
9    C               -0.0086              -0.2822               0.8463
10   C               -1.1848               2.0063              -0.2419
11   H               -3.7622               1.6527              -1.0111
12   H               -5.0631              -0.4416              -0.8047
13   C                0.1147               2.0269               0.1841
14   C                0.7302               0.8710               0.7379
15   H               -1.6418               2.8981              -0.6655
16   H                0.6947               2.9446               0.1022
17   C                2.1867               0.9391               1.1457
18   C                3.1532               0.6846              -0.0187
19   H                2.3949               0.2190               1.9431
20   H                2.3943               1.9359               1.5506
21   H                4.1861               0.8587               0.3095
22   H                2.9617               1.3515              -0.8634
23   C                3.1273              -0.7308              -0.5420
24   O                3.2999              -1.0490              -1.6871
25   O                3.0728              -1.6599               0.4767
26   H                3.8774              -2.1947               0.4376


Energy:                 -652.905954 Convergence criteria  Is converged 
Maximum Force:             0.002556     0.002850  Yes
RMS Force:                 0.001008     0.001900  Yes
Maximum Displacement:      0.001175     0.003150  Yes
RMS Displacement:          0.000443     0.002100  Yes

LBFGS converged at iteration 8.
Final frame written to /home/hungn/Desktop/MyRepo/MLP/MAPLE/maple/function/dispatcher/parmfit/example/corr2_torsionfit_24-26_opt.xyz
Complete trajectory written to /home/hungn/Desktop/MyRepo/MLP/MAPLE/maple/function/dispatcher/parmfit/example/corr2_torsionfit_24-26_traj.xyz

----------------------------------------------------------------------
            Scanning combination 15/73: [247.86]

======================================================================
LBFGS Parameters
======================================================================
memory:     5
curvature:  70.0
max_step:   0.2
max_iter:   256
write_traj: False
traj_every: 1
verbose:    0
======================================================================


                             Coordinates                              
----------------------------------------------------------------------
0    C               -3.4356              -1.5557               0.0993
1    C               -2.1366              -1.5235               0.5300
2    C               -1.3644              -0.3362               0.4177
3    C               -1.9617               0.8213              -0.1398
4    C               -3.3121               0.7608              -0.5799
5    C               -4.0316              -0.3991              -0.4649
6    H                0.4368              -1.1873               1.2533
7    H               -4.0205              -2.4680               0.1852
8    H               -1.6753              -2.4084               0.9652
9    C               -0.0085              -0.2820               0.8462
10   C               -1.1849               2.0063              -0.2420
11   H               -3.7624               1.6527              -1.0110
12   H               -5.0632              -0.4417              -0.8045
13   C                0.1146               2.0270               0.1838
14   C                0.7304               0.8711               0.7374
15   H               -1.6420               2.8981              -0.6655
16   H                0.6946               2.9448               0.1020
17   C                2.1868               0.9396               1.1454
18   C                3.1525               0.6841              -0.0179
19   H                2.3948               0.2192               1.9427
20   H                2.3943               1.9361               1.5506
21   H                4.1874               0.8575               0.3101
22   H                2.9637               1.3518              -0.8631
23   C                3.1288              -0.7310              -0.5434
24   O                3.2963              -1.0456              -1.6892
25   O                3.0680              -1.6678               0.4740
26   H                3.9079              -2.1478               0.4839


Energy:                 -652.904397 Convergence criteria  Is converged 
Maximum Force:             0.001877     0.002850  Yes
RMS Force:                 0.000932     0.001900  Yes
Maximum Displacement:      0.003084     0.003150  Yes
RMS Displacement:          0.001082     0.002100  Yes

LBFGS converged at iteration 9.
Final frame written to /home/hungn/Desktop/MyRepo/MLP/MAPLE/maple/function/dispatcher/parmfit/example/corr2_torsionfit_24-26_opt.xyz
Complete trajectory written to /home/hungn/Desktop/MyRepo/MLP/MAPLE/maple/function/dispatcher/parmfit/example/corr2_torsionfit_24-26_traj.xyz

----------------------------------------------------------------------
            Scanning combination 16/73: [252.86]

======================================================================
LBFGS Parameters
======================================================================
memory:     5
curvature:  70.0
max_step:   0.2
max_iter:   256
write_traj: False
traj_every: 1
verbose:    0
======================================================================


                             Coordinates                              
----------------------------------------------------------------------
0    C               -3.4356              -1.5557               0.0998
1    C               -2.1364              -1.5233               0.5301
2    C               -1.3643              -0.3361               0.4176
3    C               -1.9621               0.8214              -0.1396
4    C               -3.3127               0.7607              -0.5794
5    C               -4.0319              -0.3992              -0.4643
6    H                0.4395              -1.1868               1.2505
7    H               -4.0202              -2.4682               0.1858
8    H               -1.6750              -2.4082               0.9651
9    C               -0.0078              -0.2818               0.8445
10   C               -1.1857               2.0067              -0.2425
11   H               -3.7633               1.6525              -1.0103
12   H               -5.0637              -0.4420              -0.8035
13   C                0.1139               2.0279               0.1827
14   C                0.7297               0.8721               0.7364
15   H               -1.6430               2.8984              -0.6656
16   H                0.6938               2.9457               0.1010
17   C                2.1856               0.9406               1.1451
18   C                3.1528               0.6809              -0.0166
19   H                2.3929               0.2200               1.9427
20   H                2.3946               1.9372               1.5500
21   H                4.1862               0.8542               0.3136
22   H                2.9701               1.3500              -0.8610
23   C                3.1354              -0.7315              -0.5461
24   O                3.2857              -1.0356              -1.6972
25   O                3.0707              -1.6758               0.4673
26   H                3.9323              -2.1056               0.5413


Energy:                 -652.903092 Convergence criteria  Is converged 
Maximum Force:             0.001989     0.002850  Yes
RMS Force:                 0.000824     0.001900  Yes
Maximum Displacement:      0.001472     0.003150  Yes
RMS Displacement:          0.000660     0.002100  Yes

LBFGS converged at iteration 11.
Final frame written to /home/hungn/Desktop/MyRepo/MLP/MAPLE/maple/function/dispatcher/parmfit/example/corr2_torsionfit_24-26_opt.xyz
Complete trajectory written to /home/hungn/Desktop/MyRepo/MLP/MAPLE/maple/function/dispatcher/parmfit/example/corr2_torsionfit_24-26_traj.xyz

----------------------------------------------------------------------
            Scanning combination 17/73: [257.86]

======================================================================
LBFGS Parameters
======================================================================
memory:     5
curvature:  70.0
max_step:   0.2
max_iter:   256
write_traj: False
traj_every: 1
verbose:    0
======================================================================


                             Coordinates                              
----------------------------------------------------------------------
0    C               -3.4354              -1.5557               0.1008
1    C               -2.1362              -1.5235               0.5299
2    C               -1.3639              -0.3357               0.4163
3    C               -1.9629               0.8216              -0.1399
4    C               -3.3137               0.7609              -0.5785
5    C               -4.0329              -0.4000              -0.4627
6    H                0.4439              -1.1861               1.2437
7    H               -4.0199              -2.4686               0.1871
8    H               -1.6743              -2.4081               0.9650
9    C               -0.0071              -0.2812               0.8413
10   C               -1.1869               2.0073              -0.2428
11   H               -3.7648               1.6522              -1.0090
12   H               -5.0645              -0.4426              -0.8015
13   C                0.1124               2.0292               0.1816
14   C                0.7303               0.8731               0.7328
15   H               -1.6457               2.8987              -0.6662
16   H                0.6916               2.9477               0.0994
17   C                2.1857               0.9412               1.1434
18   C                3.1590               0.6815              -0.0141
19   H                2.3883               0.2215               1.9440
20   H                2.3944               1.9374               1.5475
21   H                4.1909               0.8538               0.3248
22   H                2.9771               1.3515              -0.8606
23   C                3.1368              -0.7306              -0.5465
24   O                3.2734              -1.0326              -1.6988
25   O                3.0607              -1.6821               0.4610
26   H                3.9368              -2.0639               0.5944


Energy:                 -652.902010 Convergence criteria  Is converged 
Maximum Force:             0.001749     0.002850  Yes
RMS Force:                 0.001216     0.001900  Yes
Maximum Displacement:      0.002562     0.003150  Yes
RMS Displacement:          0.001089     0.002100  Yes

LBFGS converged at iteration 7.
Final frame written to /home/hungn/Desktop/MyRepo/MLP/MAPLE/maple/function/dispatcher/parmfit/example/corr2_torsionfit_24-26_opt.xyz
Complete trajectory written to /home/hungn/Desktop/MyRepo/MLP/MAPLE/maple/function/dispatcher/parmfit/example/corr2_torsionfit_24-26_traj.xyz

----------------------------------------------------------------------
            Scanning combination 18/73: [262.86]

======================================================================
LBFGS Parameters
======================================================================
memory:     5
curvature:  70.0
max_step:   0.2
max_iter:   256
write_traj: False
traj_every: 1
verbose:    0
======================================================================


                             Coordinates                              
----------------------------------------------------------------------
0    C               -3.4354              -1.5559               0.1012
1    C               -2.1359              -1.5232               0.5299
2    C               -1.3636              -0.3358               0.4159
3    C               -1.9632               0.8215              -0.1397
4    C               -3.3141               0.7606              -0.5781
5    C               -4.0330              -0.4000              -0.4623
6    H                0.4461              -1.1861               1.2403
7    H               -4.0197              -2.4687               0.1879
8    H               -1.6739              -2.4078               0.9647
9    C               -0.0059              -0.2811               0.8390
10   C               -1.1878               2.0073              -0.2434
11   H               -3.7656               1.6521              -1.0084
12   H               -5.0649              -0.4430              -0.8005
13   C                0.1123               2.0298               0.1797
14   C                0.7299               0.8743               0.7315
15   H               -1.6464               2.8988              -0.6657
16   H                0.6907               2.9487               0.0992
17   C                2.1844               0.9443               1.1438
18   C                3.1592               0.6784              -0.0116
19   H                2.3878               0.2234               1.9423
20   H                2.3942               1.9405               1.5486
21   H                4.1897               0.8532               0.3253
22   H                2.9842               1.3501              -0.8561
23   C                3.1359              -0.7321              -0.5467
24   O                3.2676              -1.0285              -1.7010
25   O                3.0550              -1.6902               0.4558
26   H                3.9430              -2.0186               0.6453


Energy:                 -652.901183 Convergence criteria  Is converged 
Maximum Force:             0.001566     0.002850  Yes
RMS Force:                 0.000821     0.001900  Yes
Maximum Displacement:      0.003105     0.003150  Yes
RMS Displacement:          0.001705     0.002100  Yes

LBFGS converged at iteration 9.
Final frame written to /home/hungn/Desktop/MyRepo/MLP/MAPLE/maple/function/dispatcher/parmfit/example/corr2_torsionfit_24-26_opt.xyz
Complete trajectory written to /home/hungn/Desktop/MyRepo/MLP/MAPLE/maple/function/dispatcher/parmfit/example/corr2_torsionfit_24-26_traj.xyz

----------------------------------------------------------------------
            Scanning combination 19/73: [267.86]

======================================================================
LBFGS Parameters
======================================================================
memory:     5
curvature:  70.0
max_step:   0.2
max_iter:   256
write_traj: False
traj_every: 1
verbose:    0
======================================================================


                             Coordinates                              
----------------------------------------------------------------------
0    C               -3.4352              -1.5561               0.1019
1    C               -2.1350              -1.5232               0.5294
2    C               -1.3631              -0.3357               0.4145
3    C               -1.9634               0.8218              -0.1406
4    C               -3.3149               0.7603              -0.5774
5    C               -4.0333              -0.4001              -0.4612
6    H                0.4506              -1.1854               1.2341
7    H               -4.0192              -2.4688               0.1889
8    H               -1.6731              -2.4079               0.9644
9    C               -0.0050              -0.2802               0.8371
10   C               -1.1889               2.0081              -0.2444
11   H               -3.7665               1.6519              -1.0075
12   H               -5.0655              -0.4434              -0.7991
13   C                0.1111               2.0313               0.1797
14   C                0.7299               0.8757               0.7304
15   H               -1.6487               2.8995              -0.6662
16   H                0.6890               2.9502               0.0979
17   C                2.1843               0.9459               1.1442
18   C                3.1621               0.6786              -0.0101
19   H                2.3844               0.2260               1.9455
20   H                2.3937               1.9423               1.5477
21   H                4.1927               0.8512               0.3328
22   H                2.9869               1.3494              -0.8575
23   C                3.1400              -0.7335              -0.5457
24   O                3.2575              -1.0258              -1.7022
25   O                3.0536              -1.7011               0.4484
26   H                3.9457              -1.9744               0.6947


Energy:                 -652.900625 Convergence criteria  Is converged 
Maximum Force:             0.002202     0.002850  Yes
RMS Force:                 0.000960     0.001900  Yes
Maximum Displacement:      0.001259     0.003150  Yes
RMS Displacement:          0.000656     0.002100  Yes

LBFGS converged at iteration 7.
Final frame written to /home/hungn/Desktop/MyRepo/MLP/MAPLE/maple/function/dispatcher/parmfit/example/corr2_torsionfit_24-26_opt.xyz
Complete trajectory written to /home/hungn/Desktop/MyRepo/MLP/MAPLE/maple/function/dispatcher/parmfit/example/corr2_torsionfit_24-26_traj.xyz

----------------------------------------------------------------------
            Scanning combination 20/73: [272.86]

======================================================================
LBFGS Parameters
======================================================================
memory:     5
curvature:  70.0
max_step:   0.2
max_iter:   256
write_traj: False
traj_every: 1
verbose:    0
======================================================================


                             Coordinates                              
----------------------------------------------------------------------
0    C               -3.4345              -1.5561               0.1024
1    C               -2.1341              -1.5229               0.5289
2    C               -1.3621              -0.3356               0.4136
3    C               -1.9636               0.8217              -0.1403
4    C               -3.3152               0.7601              -0.5771
5    C               -4.0335              -0.4004              -0.4603
6    H                0.4550              -1.1853               1.2275
7    H               -4.0185              -2.4689               0.1903
8    H               -1.6719              -2.4075               0.9636
9    C               -0.0028              -0.2800               0.8329
10   C               -1.1900               2.0084              -0.2444
11   H               -3.7678               1.6517              -1.0064
12   H               -5.0659              -0.4440              -0.7972
13   C                0.1105               2.0328               0.1779
14   C                0.7300               0.8776               0.7279
15   H               -1.6500               2.8992              -0.6661
16   H                0.6872               2.9526               0.0977
17   C                2.1835               0.9489               1.1440
18   C                3.1630               0.6740              -0.0052
19   H                2.3821               0.2295               1.9454
20   H                2.3941               1.9452               1.5470
21   H                4.1925               0.8539               0.3364
22   H                2.9944               1.3442              -0.8512
23   C                3.1398              -0.7360              -0.5464
24   O                3.2473              -1.0214              -1.7055
25   O                3.0475              -1.7092               0.4406
26   H                3.9361              -1.9309               0.7461


Energy:                 -652.900338 Convergence criteria  Is converged 
Maximum Force:             0.002064     0.002850  Yes
RMS Force:                 0.001026     0.001900  Yes
Maximum Displacement:      0.002011     0.003150  Yes
RMS Displacement:          0.000767     0.002100  Yes

LBFGS converged at iteration 8.
Final frame written to /home/hungn/Desktop/MyRepo/MLP/MAPLE/maple/function/dispatcher/parmfit/example/corr2_torsionfit_24-26_opt.xyz
Complete trajectory written to /home/hungn/Desktop/MyRepo/MLP/MAPLE/maple/function/dispatcher/parmfit/example/corr2_torsionfit_24-26_traj.xyz

----------------------------------------------------------------------
            Scanning combination 21/73: [277.86]

======================================================================
LBFGS Parameters
======================================================================
memory:     5
curvature:  70.0
max_step:   0.2
max_iter:   256
write_traj: False
traj_every: 1
verbose:    0
======================================================================


                             Coordinates                              
----------------------------------------------------------------------
0    C               -3.4338              -1.5563               0.1032
1    C               -2.1329              -1.5231               0.5282
2    C               -1.3613              -0.3355               0.4116
3    C               -1.9636               0.8219              -0.1414
4    C               -3.3157               0.7600              -0.5761
5    C               -4.0335              -0.4008              -0.4591
6    H                0.4588              -1.1849               1.2208
7    H               -4.0176              -2.4691               0.1914
8    H               -1.6704              -2.4078               0.9630
9    C               -0.0019              -0.2793               0.8305
10   C               -1.1907               2.0092              -0.2455
11   H               -3.7684               1.6514              -1.0054
12   H               -5.0661              -0.4445              -0.7955
13   C                0.1096               2.0341               0.1779
14   C                0.7304               0.8786               0.7268
15   H               -1.6523               2.9002              -0.6663
16   H                0.6854               2.9544               0.0972
17   C                2.1843               0.9494               1.1443
18   C                3.1675               0.6756              -0.0051
19   H                2.3786               0.2312               1.9496
20   H                2.3940               1.9464               1.5455
21   H                4.1961               0.8525               0.3437
22   H                2.9955               1.3450              -0.8545
23   C                3.1418              -0.7369              -0.5454
24   O                3.2370              -1.0193              -1.7054
25   O                3.0428              -1.7182               0.4324
26   H                3.9196              -1.8901               0.7968


Energy:                 -652.900305 Convergence criteria  Is converged 
Maximum Force:             0.002125     0.002850  Yes
RMS Force:                 0.001088     0.001900  Yes
Maximum Displacement:      0.001473     0.003150  Yes
RMS Displacement:          0.000666     0.002100  Yes

LBFGS converged at iteration 8.
Final frame written to /home/hungn/Desktop/MyRepo/MLP/MAPLE/maple/function/dispatcher/parmfit/example/corr2_torsionfit_24-26_opt.xyz
Complete trajectory written to /home/hungn/Desktop/MyRepo/MLP/MAPLE/maple/function/dispatcher/parmfit/example/corr2_torsionfit_24-26_traj.xyz

----------------------------------------------------------------------
            Scanning combination 22/73: [282.86]

======================================================================
LBFGS Parameters
======================================================================
memory:     5
curvature:  70.0
max_step:   0.2
max_iter:   256
write_traj: False
traj_every: 1
verbose:    0
======================================================================


                             Coordinates                              
----------------------------------------------------------------------
0    C               -3.4333              -1.5563               0.1034
1    C               -2.1324              -1.5230               0.5277
2    C               -1.3605              -0.3355               0.4111
3    C               -1.9636               0.8218              -0.1412
4    C               -3.3157               0.7599              -0.5761
5    C               -4.0336              -0.4010              -0.4586
6    H                0.4603              -1.1852               1.2177
7    H               -4.0171              -2.4693               0.1921
8    H               -1.6696              -2.4074               0.9623
9    C               -0.0006              -0.2793               0.8282
10   C               -1.1911               2.0092              -0.2453
11   H               -3.7690               1.6513              -1.0048
12   H               -5.0662              -0.4448              -0.7944
13   C                0.1095               2.0347               0.1771
14   C                0.7304               0.8794               0.7254
15   H               -1.6526               2.8999              -0.6660
16   H                0.6847               2.9554               0.0974
17   C                2.1831               0.9510               1.1444
18   C                3.1677               0.6725              -0.0020
19   H                2.3777               0.2333               1.9488
20   H                2.3945               1.9476               1.5458
21   H                4.1945               0.8551               0.3439
22   H                2.9992               1.3417              -0.8503
23   C                3.1477              -0.7398              -0.5459
24   O                3.2295              -1.0156              -1.7082
25   O                3.0375              -1.7244               0.4238
26   H                3.8950              -1.8414               0.8508


Energy:                 -652.900517 Convergence criteria  Is converged 
Maximum Force:             0.001727     0.002850  Yes
RMS Force:                 0.000937     0.001900  Yes
Maximum Displacement:      0.002639     0.003150  Yes
RMS Displacement:          0.001016     0.002100  Yes

LBFGS converged at iteration 10.
Final frame written to /home/hungn/Desktop/MyRepo/MLP/MAPLE/maple/function/dispatcher/parmfit/example/corr2_torsionfit_24-26_opt.xyz
Complete trajectory written to /home/hungn/Desktop/MyRepo/MLP/MAPLE/maple/function/dispatcher/parmfit/example/corr2_torsionfit_24-26_traj.xyz

----------------------------------------------------------------------
            Scanning combination 23/73: [287.86]

======================================================================
LBFGS Parameters
======================================================================
memory:     5
curvature:  70.0
max_step:   0.2
max_iter:   256
write_traj: False
traj_every: 1
verbose:    0
======================================================================


                             Coordinates                              
----------------------------------------------------------------------
0    C               -3.4311              -1.5573               0.1048
1    C               -2.1285              -1.5233               0.5249
2    C               -1.3579              -0.3354               0.4057
3    C               -1.9633               0.8222              -0.1433
4    C               -3.3167               0.7593              -0.5746
5    C               -4.0332              -0.4019              -0.4554
6    H                0.4664              -1.1855               1.2012
7    H               -4.0142              -2.4703               0.1957
8    H               -1.6644              -2.4073               0.9587
9    C                0.0028              -0.2786               0.8187
10   C               -1.1923               2.0106              -0.2463
11   H               -3.7716               1.6508              -1.0016
12   H               -5.0669              -0.4464              -0.7886
13   C                0.1087               2.0374               0.1749
14   C                0.7324               0.8814               0.7188
15   H               -1.6562               2.9012              -0.6648
16   H                0.6809               2.9603               0.0981
17   C                2.1841               0.9525               1.1427
18   C                3.1759               0.6707               0.0025
19   H                2.3703               0.2392               1.9537
20   H                2.3955               1.9498               1.5418
21   H                4.2005               0.8597               0.3552
22   H                3.0087               1.3385              -0.8476
23   C                3.1466              -0.7417              -0.5462
24   O                3.2010              -1.0083              -1.7127
25   O                3.0134              -1.7358               0.4082
26   H                3.8351              -1.8250               0.9078


Energy:                 -652.901026 Convergence criteria  Is converged 
Maximum Force:             0.000945     0.002850  Yes
RMS Force:                 0.000479     0.001900  Yes
Maximum Displacement:      0.001613     0.003150  Yes
RMS Displacement:          0.000420     0.002100  Yes

LBFGS converged at iteration 11.
Final frame written to /home/hungn/Desktop/MyRepo/MLP/MAPLE/maple/function/dispatcher/parmfit/example/corr2_torsionfit_24-26_opt.xyz
Complete trajectory written to /home/hungn/Desktop/MyRepo/MLP/MAPLE/maple/function/dispatcher/parmfit/example/corr2_torsionfit_24-26_traj.xyz

----------------------------------------------------------------------
            Scanning combination 24/73: [292.86]

======================================================================
LBFGS Parameters
======================================================================
memory:     5
curvature:  70.0
max_step:   0.2
max_iter:   256
write_traj: False
traj_every: 1
verbose:    0
======================================================================


                             Coordinates                              
----------------------------------------------------------------------
0    C               -3.4310              -1.5573               0.1048
1    C               -2.1280              -1.5233               0.5246
2    C               -1.3576              -0.3355               0.4051
3    C               -1.9633               0.8222              -0.1434
4    C               -3.3169               0.7591              -0.5744
5    C               -4.0331              -0.4019              -0.4553
6    H                0.4660              -1.1856               1.2006
7    H               -4.0138              -2.4703               0.1959
8    H               -1.6638              -2.4074               0.9582
9    C                0.0033              -0.2787               0.8176
10   C               -1.1922               2.0107              -0.2466
11   H               -3.7719               1.6507              -1.0013
12   H               -5.0670              -0.4466              -0.7880
13   C                0.1087               2.0375               0.1745
14   C                0.7326               0.8816               0.7186
15   H               -1.6563               2.9016              -0.6646
16   H                0.6808               2.9606               0.0981
17   C                2.1842               0.9526               1.1431
18   C                3.1771               0.6688               0.0035
19   H                2.3701               0.2396               1.9543
20   H                2.3953               1.9505               1.5422
21   H                4.2009               0.8583               0.3561
22   H                3.0102               1.3371              -0.8460
23   C                3.1511              -0.7440              -0.5472
24   O                3.1931              -1.0070              -1.7146
25   O                3.0180              -1.7399               0.4018
26   H                3.8104              -1.7757               0.9536


Energy:                 -652.901694 Convergence criteria  Is converged 
Maximum Force:             0.001643     0.002850  Yes
RMS Force:                 0.000722     0.001900  Yes
Maximum Displacement:      0.001978     0.003150  Yes
RMS Displacement:          0.000801     0.002100  Yes

LBFGS converged at iteration 11.
Final frame written to /home/hungn/Desktop/MyRepo/MLP/MAPLE/maple/function/dispatcher/parmfit/example/corr2_torsionfit_24-26_opt.xyz
Complete trajectory written to /home/hungn/Desktop/MyRepo/MLP/MAPLE/maple/function/dispatcher/parmfit/example/corr2_torsionfit_24-26_traj.xyz

----------------------------------------------------------------------
            Scanning combination 25/73: [297.86]

======================================================================
LBFGS Parameters
======================================================================
memory:     5
curvature:  70.0
max_step:   0.2
max_iter:   256
write_traj: False
traj_every: 1
verbose:    0
======================================================================


                             Coordinates                              
----------------------------------------------------------------------
0    C               -3.4310              -1.5573               0.1048
1    C               -2.1281              -1.5232               0.5247
2    C               -1.3576              -0.3355               0.4052
3    C               -1.9633               0.8222              -0.1433
4    C               -3.3168               0.7592              -0.5744
5    C               -4.0331              -0.4019              -0.4553
6    H                0.4658              -1.1856               1.2009
7    H               -4.0139              -2.4703               0.1958
8    H               -1.6639              -2.4073               0.9583
9    C                0.0034              -0.2786               0.8177
10   C               -1.1922               2.0106              -0.2466
11   H               -3.7718               1.6507              -1.0014
12   H               -5.0670              -0.4465              -0.7881
13   C                0.1087               2.0375               0.1745
14   C                0.7326               0.8816               0.7187
15   H               -1.6563               2.9015              -0.6646
16   H                0.6808               2.9605               0.0981
17   C                2.1847               0.9526               1.1429
18   C                3.1770               0.6690               0.0039
19   H                2.3701               0.2396               1.9544
20   H                2.3953               1.9504               1.5424
21   H                4.2016               0.8586               0.3561
22   H                3.0101               1.3368              -0.8458
23   C                3.1505              -0.7445              -0.5462
24   O                3.1920              -1.0068              -1.7140
25   O                3.0236              -1.7432               0.3977
26   H                3.7841              -1.7275               0.9946


Energy:                 -652.902529 Convergence criteria  Is converged 
Maximum Force:             0.002094     0.002850  Yes
RMS Force:                 0.000792     0.001900  Yes
Maximum Displacement:      0.001224     0.003150  Yes
RMS Displacement:          0.000401     0.002100  Yes

LBFGS converged at iteration 8.
Final frame written to /home/hungn/Desktop/MyRepo/MLP/MAPLE/maple/function/dispatcher/parmfit/example/corr2_torsionfit_24-26_opt.xyz
Complete trajectory written to /home/hungn/Desktop/MyRepo/MLP/MAPLE/maple/function/dispatcher/parmfit/example/corr2_torsionfit_24-26_traj.xyz

----------------------------------------------------------------------
            Scanning combination 26/73: [302.86]

======================================================================
LBFGS Parameters
======================================================================
memory:     5
curvature:  70.0
max_step:   0.2
max_iter:   256
write_traj: False
traj_every: 1
verbose:    0
======================================================================


                             Coordinates                              
----------------------------------------------------------------------
0    C               -3.4302              -1.5574               0.1050
1    C               -2.1273              -1.5233               0.5238
2    C               -1.3570              -0.3355               0.4037
3    C               -1.9631               0.8222              -0.1440
4    C               -3.3168               0.7593              -0.5741
5    C               -4.0331              -0.4022              -0.4546
6    H                0.4646              -1.1861               1.2001
7    H               -4.0132              -2.4705               0.1964
8    H               -1.6624              -2.4073               0.9570
9    C                0.0041              -0.2789               0.8155
10   C               -1.1922               2.0108              -0.2469
11   H               -3.7725               1.6506              -1.0006
12   H               -5.0671              -0.4468              -0.7867
13   C                0.1092               2.0375               0.1741
14   C                0.7330               0.8811               0.7174
15   H               -1.6565               2.9018              -0.6641
16   H                0.6805               2.9609               0.0982
17   C                2.1850               0.9507               1.1423
18   C                3.1801               0.6685               0.0040
19   H                2.3688               0.2409               1.9572
20   H                2.3952               1.9489               1.5416
21   H                4.2027               0.8602               0.3599
22   H                3.0116               1.3358              -0.8448
23   C                3.1619              -0.7454              -0.5450
24   O                3.1770              -1.0109              -1.7136
25   O                3.0415              -1.7383               0.3995
26   H                3.7596              -1.6687               1.0434


Energy:                 -652.903559 Convergence criteria  Is converged 
Maximum Force:             0.001536     0.002850  Yes
RMS Force:                 0.000742     0.001900  Yes
Maximum Displacement:      0.002638     0.003150  Yes
RMS Displacement:          0.000910     0.002100  Yes

LBFGS converged at iteration 11.
Final frame written to /home/hungn/Desktop/MyRepo/MLP/MAPLE/maple/function/dispatcher/parmfit/example/corr2_torsionfit_24-26_opt.xyz
Complete trajectory written to /home/hungn/Desktop/MyRepo/MLP/MAPLE/maple/function/dispatcher/parmfit/example/corr2_torsionfit_24-26_traj.xyz

----------------------------------------------------------------------
            Scanning combination 27/73: [307.86]

======================================================================
LBFGS Parameters
======================================================================
memory:     5
curvature:  70.0
max_step:   0.2
max_iter:   256
write_traj: False
traj_every: 1
verbose:    0
======================================================================


                             Coordinates                              
----------------------------------------------------------------------
0    C               -3.4291              -1.5579               0.1051
1    C               -2.1257              -1.5239               0.5215
2    C               -1.3559              -0.3359               0.4007
3    C               -1.9626               0.8221              -0.1454
4    C               -3.3170               0.7593              -0.5736
5    C               -4.0330              -0.4026              -0.4532
6    H                0.4630              -1.1873               1.1984
7    H               -4.0119              -2.4712               0.1976
8    H               -1.6592              -2.4075               0.9539
9    C                0.0053              -0.2798               0.8117
10   C               -1.1915               2.0106              -0.2473
11   H               -3.7737               1.6505              -0.9989
12   H               -5.0674              -0.4472              -0.7835
13   C                0.1104               2.0366               0.1723
14   C                0.7352               0.8794               0.7127
15   H               -1.6561               2.9024              -0.6626
16   H                0.6806               2.9609               0.0987
17   C                2.1866               0.9502               1.1400
18   C                3.1868               0.6705               0.0055
19   H                2.3677               0.2422               1.9572
20   H                2.3949               1.9481               1.5399
21   H                4.2074               0.8685               0.3656
22   H                3.0175               1.3381              -0.8439
23   C                3.1608              -0.7461              -0.5444
24   O                3.1561              -1.0113              -1.7131
25   O                3.0375              -1.7434               0.3914
26   H                3.7072              -1.6406               1.0818


Energy:                 -652.904700 Convergence criteria  Is converged 
Maximum Force:             0.001092     0.002850  Yes
RMS Force:                 0.000635     0.001900  Yes
Maximum Displacement:      0.003137     0.003150  Yes
RMS Displacement:          0.001123     0.002100  Yes

LBFGS converged at iteration 11.
Final frame written to /home/hungn/Desktop/MyRepo/MLP/MAPLE/maple/function/dispatcher/parmfit/example/corr2_torsionfit_24-26_opt.xyz
Complete trajectory written to /home/hungn/Desktop/MyRepo/MLP/MAPLE/maple/function/dispatcher/parmfit/example/corr2_torsionfit_24-26_traj.xyz

----------------------------------------------------------------------
            Scanning combination 28/73: [312.86]

======================================================================
LBFGS Parameters
======================================================================
memory:     5
curvature:  70.0
max_step:   0.2
max_iter:   256
write_traj: False
traj_every: 1
verbose:    0
======================================================================


                             Coordinates                              
----------------------------------------------------------------------
0    C               -3.4293              -1.5580               0.1051
1    C               -2.1254              -1.5239               0.5214
2    C               -1.3558              -0.3360               0.4005
3    C               -1.9626               0.8221              -0.1455
4    C               -3.3171               0.7590              -0.5735
5    C               -4.0328              -0.4024              -0.4531
6    H                0.4630              -1.1873               1.1982
7    H               -4.0118              -2.4711               0.1976
8    H               -1.6590              -2.4075               0.9536
9    C                0.0054              -0.2798               0.8114
10   C               -1.1913               2.0106              -0.2475
11   H               -3.7738               1.6505              -0.9987
12   H               -5.0675              -0.4472              -0.7832
13   C                0.1104               2.0366               0.1721
14   C                0.7355               0.8794               0.7125
15   H               -1.6561               2.9025              -0.6625
16   H                0.6808               2.9609               0.0986
17   C                2.1872               0.9504               1.1397
18   C                3.1876               0.6703               0.0063
19   H                2.3677               0.2426               1.9574
20   H                2.3948               1.9481               1.5398
21   H                4.2088               0.8679               0.3660
22   H                3.0183               1.3374              -0.8432
23   C                3.1558              -0.7463              -0.5441
24   O                3.1541              -1.0106              -1.7137
25   O                3.0423              -1.7460               0.3878
26   H                3.6662              -1.6050               1.1148


Energy:                 -652.905798 Convergence criteria  Is converged 
Maximum Force:             0.002104     0.002850  Yes
RMS Force:                 0.000885     0.001900  Yes
Maximum Displacement:      0.001652     0.003150  Yes
RMS Displacement:          0.000656     0.002100  Yes

LBFGS converged at iteration 8.
Final frame written to /home/hungn/Desktop/MyRepo/MLP/MAPLE/maple/function/dispatcher/parmfit/example/corr2_torsionfit_24-26_opt.xyz
Complete trajectory written to /home/hungn/Desktop/MyRepo/MLP/MAPLE/maple/function/dispatcher/parmfit/example/corr2_torsionfit_24-26_traj.xyz

----------------------------------------------------------------------
            Scanning combination 29/73: [317.86]

======================================================================
LBFGS Parameters
======================================================================
memory:     5
curvature:  70.0
max_step:   0.2
max_iter:   256
write_traj: False
traj_every: 1
verbose:    0
======================================================================


                             Coordinates                              
----------------------------------------------------------------------
0    C               -3.4289              -1.5582               0.1051
1    C               -2.1248              -1.5241               0.5208
2    C               -1.3553              -0.3362               0.3997
3    C               -1.9623               0.8220              -0.1460
4    C               -3.3171               0.7590              -0.5732
5    C               -4.0328              -0.4026              -0.4526
6    H                0.4626              -1.1876               1.1976
7    H               -4.0114              -2.4713               0.1978
8    H               -1.6581              -2.4078               0.9525
9    C                0.0060              -0.2798               0.8103
10   C               -1.1911               2.0104              -0.2480
11   H               -3.7741               1.6505              -0.9981
12   H               -5.0677              -0.4473              -0.7822
13   C                0.1107               2.0365               0.1711
14   C                0.7356               0.8795               0.7118
15   H               -1.6561               2.9027              -0.6622
16   H                0.6811               2.9608               0.0982
17   C                2.1866               0.9507               1.1403
18   C                3.1882               0.6689               0.0079
19   H                2.3668               0.2449               1.9597
20   H                2.3947               1.9484               1.5401
21   H                4.2092               0.8646               0.3663
22   H                3.0204               1.3363              -0.8410
23   C                3.1601              -0.7476              -0.5430
24   O                3.1439              -1.0109              -1.7126
25   O                3.0559              -1.7450               0.3888
26   H                3.6254              -1.5612               1.1497


Energy:                 -652.906861 Convergence criteria  Is converged 
Maximum Force:             0.000868     0.002850  Yes
RMS Force:                 0.000472     0.001900  Yes
Maximum Displacement:      0.000598     0.003150  Yes
RMS Displacement:          0.000377     0.002100  Yes

LBFGS converged at iteration 11.
Final frame written to /home/hungn/Desktop/MyRepo/MLP/MAPLE/maple/function/dispatcher/parmfit/example/corr2_torsionfit_24-26_opt.xyz
Complete trajectory written to /home/hungn/Desktop/MyRepo/MLP/MAPLE/maple/function/dispatcher/parmfit/example/corr2_torsionfit_24-26_traj.xyz

----------------------------------------------------------------------
            Scanning combination 30/73: [322.86]

======================================================================
LBFGS Parameters
======================================================================
memory:     5
curvature:  70.0
max_step:   0.2
max_iter:   256
write_traj: False
traj_every: 1
verbose:    0
======================================================================


                             Coordinates                              
----------------------------------------------------------------------
0    C               -3.4278              -1.5588               0.1050
1    C               -2.1233              -1.5248               0.5185
2    C               -1.3543              -0.3366               0.3970
3    C               -1.9618               0.8218              -0.1474
4    C               -3.3171               0.7589              -0.5726
5    C               -4.0326              -0.4029              -0.4512
6    H                0.4619              -1.1884               1.1958
7    H               -4.0103              -2.4719               0.1984
8    H               -1.6553              -2.4085               0.9491
9    C                0.0070              -0.2802               0.8076
10   C               -1.1906               2.0103              -0.2493
11   H               -3.7748               1.6505              -0.9963
12   H               -5.0679              -0.4474              -0.7790
13   C                0.1116               2.0362               0.1694
14   C                0.7368               0.8790               0.7097
15   H               -1.6561               2.9030              -0.6620
16   H                0.6817               2.9607               0.0965
17   C                2.1873               0.9511               1.1411
18   C                3.1930               0.6689               0.0111
19   H                2.3632               0.2512               1.9670
20   H                2.3943               1.9495               1.5384
21   H                4.2137               0.8631               0.3729
22   H                3.0244               1.3369              -0.8376
23   C                3.1552              -0.7475              -0.5426
24   O                3.1276              -1.0164              -1.7109
25   O                3.0615              -1.7450               0.3860
26   H                3.5796              -1.5261               1.1722


Energy:                 -652.907839 Convergence criteria  Is converged 
Maximum Force:             0.001674     0.002850  Yes
RMS Force:                 0.000723     0.001900  Yes
Maximum Displacement:      0.001783     0.003150  Yes
RMS Displacement:          0.000645     0.002100  Yes

LBFGS converged at iteration 7.
Final frame written to /home/hungn/Desktop/MyRepo/MLP/MAPLE/maple/function/dispatcher/parmfit/example/corr2_torsionfit_24-26_opt.xyz
Complete trajectory written to /home/hungn/Desktop/MyRepo/MLP/MAPLE/maple/function/dispatcher/parmfit/example/corr2_torsionfit_24-26_traj.xyz

----------------------------------------------------------------------
            Scanning combination 31/73: [327.86]

======================================================================
LBFGS Parameters
======================================================================
memory:     5
curvature:  70.0
max_step:   0.2
max_iter:   256
write_traj: False
traj_every: 1
verbose:    0
======================================================================


                             Coordinates                              
----------------------------------------------------------------------
0    C               -3.4277              -1.5590               0.1048
1    C               -2.1227              -1.5249               0.5180
2    C               -1.3541              -0.3367               0.3966
3    C               -1.9616               0.8217              -0.1476
4    C               -3.3172               0.7587              -0.5725
5    C               -4.0325              -0.4028              -0.4509
6    H                0.4621              -1.1885               1.1953
7    H               -4.0100              -2.4720               0.1984
8    H               -1.6548              -2.4087               0.9482
9    C                0.0073              -0.2801               0.8073
10   C               -1.1904               2.0102              -0.2495
11   H               -3.7751               1.6505              -0.9959
12   H               -5.0681              -0.4474              -0.7783
13   C                0.1117               2.0361               0.1687
14   C                0.7372               0.8792               0.7093
15   H               -1.6559               2.9029              -0.6621
16   H                0.6818               2.9606               0.0962
17   C                2.1878               0.9520               1.1406
18   C                3.1922               0.6671               0.0120
19   H                2.3635               0.2523               1.9670
20   H                2.3941               1.9509               1.5379
21   H                4.2139               0.8607               0.3727
22   H                3.0270               1.3372              -0.8355
23   C                3.1495              -0.7490              -0.5420
24   O                3.1235              -1.0125              -1.7125
25   O                3.0677              -1.7484               0.3844
26   H                3.5296              -1.4998               1.1974


Energy:                 -652.908700 Convergence criteria  Is converged 
Maximum Force:             0.001778     0.002850  Yes
RMS Force:                 0.000764     0.001900  Yes
Maximum Displacement:      0.001620     0.003150  Yes
RMS Displacement:          0.000646     0.002100  Yes

LBFGS converged at iteration 8.
Final frame written to /home/hungn/Desktop/MyRepo/MLP/MAPLE/maple/function/dispatcher/parmfit/example/corr2_torsionfit_24-26_opt.xyz
Complete trajectory written to /home/hungn/Desktop/MyRepo/MLP/MAPLE/maple/function/dispatcher/parmfit/example/corr2_torsionfit_24-26_traj.xyz

----------------------------------------------------------------------
            Scanning combination 32/73: [332.86]

======================================================================
LBFGS Parameters
======================================================================
memory:     5
curvature:  70.0
max_step:   0.2
max_iter:   256
write_traj: False
traj_every: 1
verbose:    0
======================================================================


                             Coordinates                              
----------------------------------------------------------------------
0    C               -3.4275              -1.5590               0.1048
1    C               -2.1226              -1.5250               0.5178
2    C               -1.3539              -0.3367               0.3964
3    C               -1.9616               0.8217              -0.1477
4    C               -3.3172               0.7588              -0.5724
5    C               -4.0325              -0.4029              -0.4508
6    H                0.4620              -1.1886               1.1952
7    H               -4.0099              -2.4721               0.1984
8    H               -1.6544              -2.4088               0.9478
9    C                0.0074              -0.2800               0.8071
10   C               -1.1903               2.0102              -0.2497
11   H               -3.7752               1.6505              -0.9957
12   H               -5.0682              -0.4474              -0.7779
13   C                0.1118               2.0361               0.1685
14   C                0.7371               0.8793               0.7092
15   H               -1.6559               2.9029              -0.6622
16   H                0.6819               2.9606               0.0959
17   C                2.1878               0.9522               1.1407
18   C                3.1939               0.6672               0.0126
19   H                2.3633               0.2532               1.9680
20   H                2.3941               1.9511               1.5376
21   H                4.2147               0.8590               0.3732
22   H                3.0276               1.3368              -0.8348
23   C                3.1452              -0.7484              -0.5416
24   O                3.1211              -1.0128              -1.7120
25   O                3.0732              -1.7509               0.3796
26   H                3.4751              -1.4776               1.2161


Energy:                 -652.909446 Convergence criteria  Is converged 
Maximum Force:             0.002218     0.002850  Yes
RMS Force:                 0.000922     0.001900  Yes
Maximum Displacement:      0.000830     0.003150  Yes
RMS Displacement:          0.000352     0.002100  Yes

LBFGS converged at iteration 8.
Final frame written to /home/hungn/Desktop/MyRepo/MLP/MAPLE/maple/function/dispatcher/parmfit/example/corr2_torsionfit_24-26_opt.xyz
Complete trajectory written to /home/hungn/Desktop/MyRepo/MLP/MAPLE/maple/function/dispatcher/parmfit/example/corr2_torsionfit_24-26_traj.xyz

----------------------------------------------------------------------
            Scanning combination 33/73: [337.86]

======================================================================
LBFGS Parameters
======================================================================
memory:     5
curvature:  70.0
max_step:   0.2
max_iter:   256
write_traj: False
traj_every: 1
verbose:    0
======================================================================


                             Coordinates                              
----------------------------------------------------------------------
0    C               -3.4274              -1.5590               0.1048
1    C               -2.1226              -1.5250               0.5177
2    C               -1.3538              -0.3367               0.3964
3    C               -1.9616               0.8217              -0.1477
4    C               -3.3171               0.7588              -0.5724
5    C               -4.0325              -0.4029              -0.4508
6    H                0.4619              -1.1888               1.1952
7    H               -4.0098              -2.4721               0.1984
8    H               -1.6543              -2.4088               0.9477
9    C                0.0076              -0.2799               0.8071
10   C               -1.1904               2.0101              -0.2498
11   H               -3.7752               1.6505              -0.9956
12   H               -5.0682              -0.4474              -0.7778
13   C                0.1119               2.0361               0.1684
14   C                0.7373               0.8793               0.7090
15   H               -1.6559               2.9029              -0.6622
16   H                0.6819               2.9606               0.0959
17   C                2.1884               0.9524               1.1404
18   C                3.1935               0.6670               0.0133
19   H                2.3632               0.2538               1.9688
20   H                2.3942               1.9511               1.5376
21   H                4.2162               0.8582               0.3735
22   H                3.0282               1.3367              -0.8342
23   C                3.1410              -0.7490              -0.5417
24   O                3.1196              -1.0125              -1.7119
25   O                3.0805              -1.7525               0.3773
26   H                3.4197              -1.4559               1.2344


Energy:                 -652.910086 Convergence criteria  Is converged 
Maximum Force:             0.002671     0.002850  Yes
RMS Force:                 0.001111     0.001900  Yes
Maximum Displacement:      0.002009     0.003150  Yes
RMS Displacement:          0.000682     0.002100  Yes

LBFGS converged at iteration 8.
Final frame written to /home/hungn/Desktop/MyRepo/MLP/MAPLE/maple/function/dispatcher/parmfit/example/corr2_torsionfit_24-26_opt.xyz
Complete trajectory written to /home/hungn/Desktop/MyRepo/MLP/MAPLE/maple/function/dispatcher/parmfit/example/corr2_torsionfit_24-26_traj.xyz

----------------------------------------------------------------------
            Scanning combination 34/73: [342.86]

======================================================================
LBFGS Parameters
======================================================================
memory:     5
curvature:  70.0
max_step:   0.2
max_iter:   256
write_traj: False
traj_every: 1
verbose:    0
======================================================================


                             Coordinates                              
----------------------------------------------------------------------
0    C               -3.4270              -1.5591               0.1047
1    C               -2.1219              -1.5251               0.5172
2    C               -1.3532              -0.3368               0.3960
3    C               -1.9613               0.8215              -0.1479
4    C               -3.3170               0.7587              -0.5721
5    C               -4.0324              -0.4030              -0.4504
6    H                0.4617              -1.1894               1.1951
7    H               -4.0094              -2.4723               0.1984
8    H               -1.6532              -2.4089               0.9467
9    C                0.0084              -0.2800               0.8066
10   C               -1.1901               2.0100              -0.2503
11   H               -3.7754               1.6504              -0.9951
12   H               -5.0682              -0.4474              -0.7770
13   C                0.1122               2.0360               0.1676
14   C                0.7373               0.8796               0.7091
15   H               -1.6558               2.9028              -0.6624
16   H                0.6821               2.9607               0.0951
17   C                2.1876               0.9532               1.1421
18   C                3.1924               0.6653               0.0148
19   H                2.3619               0.2594               1.9749
20   H                2.3944               1.9526               1.5371
21   H                4.2153               0.8519               0.3738
22   H                3.0293               1.3365              -0.8310
23   C                3.1438              -0.7500              -0.5409
24   O                3.1141              -1.0150              -1.7112
25   O                3.0928              -1.7490               0.3798
26   H                3.3616              -1.4228               1.2489


Energy:                 -652.910662 Convergence criteria  Is converged 
Maximum Force:             0.001722     0.002850  Yes
RMS Force:                 0.000714     0.001900  Yes
Maximum Displacement:      0.000607     0.003150  Yes
RMS Displacement:          0.000304     0.002100  Yes

LBFGS converged at iteration 11.
Final frame written to /home/hungn/Desktop/MyRepo/MLP/MAPLE/maple/function/dispatcher/parmfit/example/corr2_torsionfit_24-26_opt.xyz
Complete trajectory written to /home/hungn/Desktop/MyRepo/MLP/MAPLE/maple/function/dispatcher/parmfit/example/corr2_torsionfit_24-26_traj.xyz

----------------------------------------------------------------------
            Scanning combination 35/73: [347.86]

======================================================================
LBFGS Parameters
======================================================================
memory:     5
curvature:  70.0
max_step:   0.2
max_iter:   256
write_traj: False
traj_every: 1
verbose:    0
======================================================================


                             Coordinates                              
----------------------------------------------------------------------
0    C               -3.4244              -1.5603               0.1043
1    C               -2.1186              -1.5263               0.5138
2    C               -1.3511              -0.3372               0.3934
3    C               -1.9598               0.8211              -0.1495
4    C               -3.3164               0.7584              -0.5707
5    C               -4.0314              -0.4036              -0.4479
6    H                0.4613              -1.1906               1.1942
7    H               -4.0065              -2.4736               0.1985
8    H               -1.6478              -2.4101               0.9410
9    C                0.0094              -0.2800               0.8065
10   C               -1.1888               2.0094              -0.2526
11   H               -3.7759               1.6504              -0.9918
12   H               -5.0681              -0.4477              -0.7717
13   C                0.1132               2.0357               0.1662
14   C                0.7372               0.8806               0.7117
15   H               -1.6547               2.9020              -0.6649
16   H                0.6836               2.9598               0.0912
17   C                2.1865               0.9571               1.1474
18   C                3.1910               0.6576               0.0209
19   H                2.3581               0.2815               1.9967
20   H                2.3940               1.9631               1.5255
21   H                4.2146               0.8306               0.3822
22   H                3.0339               1.3384              -0.8188
23   C                3.1319              -0.7530              -0.5482
24   O                3.1089              -1.0117              -1.7201
25   O                3.0911              -1.7577               0.3656
26   H                3.2973              -1.4156               1.2459


Energy:                 -652.911132 Convergence criteria  Is converged 
Maximum Force:             0.001257     0.002850  Yes
RMS Force:                 0.000511     0.001900  Yes
Maximum Displacement:      0.001204     0.003150  Yes
RMS Displacement:          0.000426     0.002100  Yes

LBFGS converged at iteration 9.
Final frame written to /home/hungn/Desktop/MyRepo/MLP/MAPLE/maple/function/dispatcher/parmfit/example/corr2_torsionfit_24-26_opt.xyz
Complete trajectory written to /home/hungn/Desktop/MyRepo/MLP/MAPLE/maple/function/dispatcher/parmfit/example/corr2_torsionfit_24-26_traj.xyz

----------------------------------------------------------------------
            Scanning combination 36/73: [352.86]

======================================================================
LBFGS Parameters
======================================================================
memory:     5
curvature:  70.0
max_step:   0.2
max_iter:   256
write_traj: False
traj_every: 1
verbose:    0
======================================================================


                             Coordinates                              
----------------------------------------------------------------------
0    C               -3.4245              -1.5603               0.1043
1    C               -2.1185              -1.5263               0.5138
2    C               -1.3512              -0.3373               0.3934
3    C               -1.9599               0.8210              -0.1495
4    C               -3.3164               0.7583              -0.5707
5    C               -4.0314              -0.4036              -0.4479
6    H                0.4613              -1.1906               1.1942
7    H               -4.0064              -2.4736               0.1985
8    H               -1.6478              -2.4101               0.9410
9    C                0.0093              -0.2799               0.8066
10   C               -1.1888               2.0094              -0.2527
11   H               -3.7759               1.6504              -0.9918
12   H               -5.0681              -0.4477              -0.7716
13   C                0.1132               2.0357               0.1663
14   C                0.7373               0.8806               0.7117
15   H               -1.6547               2.9020              -0.6650
16   H                0.6836               2.9598               0.0912
17   C                2.1870               0.9572               1.1470
18   C                3.1924               0.6577               0.0209
19   H                2.3582               0.2815               1.9966
20   H                2.3939               1.9631               1.5254
21   H                4.2157               0.8304               0.3825
22   H                3.0342               1.3382              -0.8187
23   C                3.1259              -0.7529              -0.5480
24   O                3.1086              -1.0113              -1.7200
25   O                3.0975              -1.7585               0.3645
26   H                3.2379              -1.4064               1.2542


Energy:                 -652.911389 Convergence criteria  Is converged 
Maximum Force:             0.002452     0.002850  Yes
RMS Force:                 0.000802     0.001900  Yes
Maximum Displacement:      0.002367     0.003150  Yes
RMS Displacement:          0.000637     0.002100  Yes

LBFGS converged at iteration 7.
Final frame written to /home/hungn/Desktop/MyRepo/MLP/MAPLE/maple/function/dispatcher/parmfit/example/corr2_torsionfit_24-26_opt.xyz
Complete trajectory written to /home/hungn/Desktop/MyRepo/MLP/MAPLE/maple/function/dispatcher/parmfit/example/corr2_torsionfit_24-26_traj.xyz

----------------------------------------------------------------------
            Scanning combination 37/73: [357.86]

======================================================================
LBFGS Parameters
======================================================================
memory:     5
curvature:  70.0
max_step:   0.2
max_iter:   256
write_traj: False
traj_every: 1
verbose:    0
======================================================================


                             Coordinates                              
----------------------------------------------------------------------
0    C               -3.4244              -1.5603               0.1043
1    C               -2.1185              -1.5264               0.5137
2    C               -1.3513              -0.3373               0.3935
3    C               -1.9599               0.8210              -0.1494
4    C               -3.3165               0.7583              -0.5707
5    C               -4.0314              -0.4036              -0.4479
6    H                0.4608              -1.1907               1.1943
7    H               -4.0064              -2.4737               0.1984
8    H               -1.6477              -2.4101               0.9409
9    C                0.0091              -0.2796               0.8067
10   C               -1.1888               2.0094              -0.2527
11   H               -3.7759               1.6503              -0.9917
12   H               -5.0681              -0.4477              -0.7715
13   C                0.1132               2.0356               0.1663
14   C                0.7377               0.8807               0.7115
15   H               -1.6547               2.9020              -0.6651
16   H                0.6836               2.9598               0.0912
17   C                2.1876               0.9576               1.1466
18   C                3.1913               0.6579               0.0214
19   H                2.3585               0.2820               1.9966
20   H                2.3939               1.9633               1.5251
21   H                4.2171               0.8291               0.3827
22   H                3.0350               1.3381              -0.8185
23   C                3.1219              -0.7527              -0.5471
24   O                3.1072              -1.0110              -1.7198
25   O                3.1060              -1.7582               0.3651
26   H                3.1767              -1.3990               1.2595


Energy:                 -652.911471 Convergence criteria  Is converged 
Maximum Force:             0.001743     0.002850  Yes
RMS Force:                 0.000811     0.001900  Yes
Maximum Displacement:      0.001131     0.003150  Yes
RMS Displacement:          0.000432     0.002100  Yes

LBFGS converged at iteration 8.
Final frame written to /home/hungn/Desktop/MyRepo/MLP/MAPLE/maple/function/dispatcher/parmfit/example/corr2_torsionfit_24-26_opt.xyz
Complete trajectory written to /home/hungn/Desktop/MyRepo/MLP/MAPLE/maple/function/dispatcher/parmfit/example/corr2_torsionfit_24-26_traj.xyz

----------------------------------------------------------------------
            Scanning combination 38/73: [362.86]

======================================================================
LBFGS Parameters
======================================================================
memory:     5
curvature:  70.0
max_step:   0.2
max_iter:   256
write_traj: False
traj_every: 1
verbose:    0
======================================================================


                             Coordinates                              
----------------------------------------------------------------------
0    C               -3.4244              -1.5604               0.1042
1    C               -2.1185              -1.5264               0.5137
2    C               -1.3513              -0.3372               0.3935
3    C               -1.9600               0.8210              -0.1494
4    C               -3.3165               0.7583              -0.5707
5    C               -4.0314              -0.4036              -0.4479
6    H                0.4605              -1.1908               1.1944
7    H               -4.0063              -2.4737               0.1984
8    H               -1.6476              -2.4102               0.9408
9    C                0.0090              -0.2794               0.8068
10   C               -1.1888               2.0094              -0.2527
11   H               -3.7759               1.6503              -0.9917
12   H               -5.0681              -0.4477              -0.7714
13   C                0.1133               2.0356               0.1663
14   C                0.7378               0.8807               0.7114
15   H               -1.6546               2.9020              -0.6652
16   H                0.6836               2.9598               0.0912
17   C                2.1879               0.9580               1.1464
18   C                3.1921               0.6579               0.0215
19   H                2.3587               0.2824               1.9966
20   H                2.3939               1.9636               1.5249
21   H                4.2176               0.8280               0.3828
22   H                3.0357               1.3381              -0.8184
23   C                3.1173              -0.7525              -0.5468
24   O                3.1062              -1.0104              -1.7196
25   O                3.1135              -1.7585               0.3646
26   H                3.1156              -1.3968               1.2613


Energy:                 -652.911375 Convergence criteria  Is converged 
Maximum Force:             0.001873     0.002850  Yes
RMS Force:                 0.000924     0.001900  Yes
Maximum Displacement:      0.001166     0.003150  Yes
RMS Displacement:          0.000383     0.002100  Yes

LBFGS converged at iteration 8.
Final frame written to /home/hungn/Desktop/MyRepo/MLP/MAPLE/maple/function/dispatcher/parmfit/example/corr2_torsionfit_24-26_opt.xyz
Complete trajectory written to /home/hungn/Desktop/MyRepo/MLP/MAPLE/maple/function/dispatcher/parmfit/example/corr2_torsionfit_24-26_traj.xyz

----------------------------------------------------------------------
            Scanning combination 39/73: [367.86]

======================================================================
LBFGS Parameters
======================================================================
memory:     5
curvature:  70.0
max_step:   0.2
max_iter:   256
write_traj: False
traj_every: 1
verbose:    0
======================================================================


                             Coordinates                              
----------------------------------------------------------------------
0    C               -3.4244              -1.5604               0.1042
1    C               -2.1185              -1.5265               0.5136
2    C               -1.3514              -0.3372               0.3936
3    C               -1.9600               0.8211              -0.1494
4    C               -3.3165               0.7583              -0.5707
5    C               -4.0314              -0.4037              -0.4479
6    H                0.4599              -1.1909               1.1946
7    H               -4.0063              -2.4738               0.1984
8    H               -1.6476              -2.4103               0.9407
9    C                0.0089              -0.2791               0.8069
10   C               -1.1887               2.0094              -0.2527
11   H               -3.7760               1.6503              -0.9916
12   H               -5.0681              -0.4477              -0.7713
13   C                0.1133               2.0356               0.1662
14   C                0.7380               0.8807               0.7114
15   H               -1.6545               2.9020              -0.6653
16   H                0.6836               2.9598               0.0912
17   C                2.1883               0.9585               1.1462
18   C                3.1918               0.6581               0.0215
19   H                2.3590               0.2830               1.9968
20   H                2.3939               1.9640               1.5248
21   H                4.2182               0.8262               0.3828
22   H                3.0365               1.3381              -0.8183
23   C                3.1135              -0.7522              -0.5464
24   O                3.1050              -1.0100              -1.7192
25   O                3.1217              -1.7580               0.3653
26   H                3.0538              -1.3976               1.2599


Energy:                 -652.911118 Convergence criteria  Is converged 
Maximum Force:             0.002201     0.002850  Yes
RMS Force:                 0.001001     0.001900  Yes
Maximum Displacement:      0.001514     0.003150  Yes
RMS Displacement:          0.000515     0.002100  Yes

LBFGS converged at iteration 8.
Final frame written to /home/hungn/Desktop/MyRepo/MLP/MAPLE/maple/function/dispatcher/parmfit/example/corr2_torsionfit_24-26_opt.xyz
Complete trajectory written to /home/hungn/Desktop/MyRepo/MLP/MAPLE/maple/function/dispatcher/parmfit/example/corr2_torsionfit_24-26_traj.xyz

----------------------------------------------------------------------
            Scanning combination 40/73: [372.86]

======================================================================
LBFGS Parameters
======================================================================
memory:     5
curvature:  70.0
max_step:   0.2
max_iter:   256
write_traj: False
traj_every: 1
verbose:    0
======================================================================


                             Coordinates                              
----------------------------------------------------------------------
0    C               -3.4240              -1.5609               0.1037
1    C               -2.1184              -1.5266               0.5131
2    C               -1.3524              -0.3365               0.3941
3    C               -1.9607               0.8216              -0.1494
4    C               -3.3172               0.7583              -0.5704
5    C               -4.0316              -0.4040              -0.4475
6    H                0.4541              -1.1914               1.1980
7    H               -4.0055              -2.4746               0.1977
8    H               -1.6469              -2.4108               0.9389
9    C                0.0073              -0.2779               0.8085
10   C               -1.1890               2.0094              -0.2535
11   H               -3.7770               1.6502              -0.9911
12   H               -5.0686              -0.4482              -0.7701
13   C                0.1127               2.0358               0.1662
14   C                0.7365               0.8816               0.7141
15   H               -1.6539               2.9020              -0.6670
16   H                0.6838               2.9596               0.0906
17   C                2.1869               0.9610               1.1473
18   C                3.1892               0.6547               0.0220
19   H                2.3621               0.2902               2.0005
20   H                2.3935               1.9690               1.5208
21   H                4.2145               0.8108               0.3849
22   H                3.0414               1.3387              -0.8171
23   C                3.1139              -0.7534              -0.5517
24   O                3.1046              -1.0005              -1.7264
25   O                3.1376              -1.7685               0.3503
26   H                2.9988              -1.4303               1.2450


Energy:                 -652.910760 Convergence criteria  Is converged 
Maximum Force:             0.000906     0.002850  Yes
RMS Force:                 0.000602     0.001900  Yes
Maximum Displacement:      0.002543     0.003150  Yes
RMS Displacement:          0.001061     0.002100  Yes

LBFGS converged at iteration 13.
Final frame written to /home/hungn/Desktop/MyRepo/MLP/MAPLE/maple/function/dispatcher/parmfit/example/corr2_torsionfit_24-26_opt.xyz
Complete trajectory written to /home/hungn/Desktop/MyRepo/MLP/MAPLE/maple/function/dispatcher/parmfit/example/corr2_torsionfit_24-26_traj.xyz

----------------------------------------------------------------------
            Scanning combination 41/73: [377.86]

======================================================================
LBFGS Parameters
======================================================================
memory:     5
curvature:  70.0
max_step:   0.2
max_iter:   256
write_traj: False
traj_every: 1
verbose:    0
======================================================================


                             Coordinates                              
----------------------------------------------------------------------
0    C               -3.4243              -1.5611               0.1033
1    C               -2.1186              -1.5266               0.5127
2    C               -1.3530              -0.3361               0.3945
3    C               -1.9612               0.8218              -0.1495
4    C               -3.3178               0.7583              -0.5704
5    C               -4.0321              -0.4041              -0.4473
6    H                0.4527              -1.1906               1.2011
7    H               -4.0055              -2.4751               0.1970
8    H               -1.6467              -2.4107               0.9381
9    C                0.0065              -0.2775               0.8102
10   C               -1.1891               2.0095              -0.2534
11   H               -3.7779               1.6502              -0.9909
12   H               -5.0691              -0.4484              -0.7697
13   C                0.1126               2.0354               0.1666
14   C                0.7368               0.8812               0.7141
15   H               -1.6538               2.9018              -0.6681
16   H                0.6833               2.9593               0.0904
17   C                2.1870               0.9603               1.1476
18   C                3.1896               0.6533               0.0233
19   H                2.3620               0.2922               2.0027
20   H                2.3941               1.9692               1.5171
21   H                4.2151               0.8047               0.3870
22   H                3.0445               1.3378              -0.8153
23   C                3.1107              -0.7527              -0.5528
24   O                3.1033              -0.9992              -1.7280
25   O                3.1471              -1.7666               0.3497
26   H                2.9398              -1.4352               1.2341


Energy:                 -652.910220 Convergence criteria  Is converged 
Maximum Force:             0.002351     0.002850  Yes
RMS Force:                 0.000733     0.001900  Yes
Maximum Displacement:      0.001723     0.003150  Yes
RMS Displacement:          0.000660     0.002100  Yes

LBFGS converged at iteration 7.
Final frame written to /home/hungn/Desktop/MyRepo/MLP/MAPLE/maple/function/dispatcher/parmfit/example/corr2_torsionfit_24-26_opt.xyz
Complete trajectory written to /home/hungn/Desktop/MyRepo/MLP/MAPLE/maple/function/dispatcher/parmfit/example/corr2_torsionfit_24-26_traj.xyz

----------------------------------------------------------------------
            Scanning combination 42/73: [382.86]

======================================================================
LBFGS Parameters
======================================================================
memory:     5
curvature:  70.0
max_step:   0.2
max_iter:   256
write_traj: False
traj_every: 1
verbose:    0
======================================================================


                             Coordinates                              
----------------------------------------------------------------------
0    C               -3.4246              -1.5613               0.1030
1    C               -2.1190              -1.5268               0.5127
2    C               -1.3538              -0.3360               0.3950
3    C               -1.9619               0.8218              -0.1492
4    C               -3.3184               0.7583              -0.5701
5    C               -4.0324              -0.4042              -0.4473
6    H                0.4505              -1.1900               1.2046
7    H               -4.0054              -2.4753               0.1962
8    H               -1.6469              -2.4110               0.9374
9    C                0.0054              -0.2770               0.8112
10   C               -1.1894               2.0091              -0.2539
11   H               -3.7786               1.6501              -0.9906
12   H               -5.0696              -0.4485              -0.7694
13   C                0.1123               2.0352               0.1663
14   C                0.7364               0.8815               0.7150
15   H               -1.6535               2.9016              -0.6686
16   H                0.6834               2.9591               0.0902
17   C                2.1874               0.9609               1.1471
18   C                3.1898               0.6527               0.0227
19   H                2.3623               0.2944               2.0036
20   H                2.3943               1.9704               1.5157
21   H                4.2161               0.8000               0.3896
22   H                3.0476               1.3398              -0.8148
23   C                3.1068              -0.7535              -0.5560
24   O                3.1037              -0.9970              -1.7311
25   O                3.1581              -1.7701               0.3444
26   H                2.8859              -1.4584               1.2182


Energy:                 -652.909532 Convergence criteria  Is converged 
Maximum Force:             0.001887     0.002850  Yes
RMS Force:                 0.000607     0.001900  Yes
Maximum Displacement:      0.001503     0.003150  Yes
RMS Displacement:          0.000638     0.002100  Yes

LBFGS converged at iteration 7.
Final frame written to /home/hungn/Desktop/MyRepo/MLP/MAPLE/maple/function/dispatcher/parmfit/example/corr2_torsionfit_24-26_opt.xyz
Complete trajectory written to /home/hungn/Desktop/MyRepo/MLP/MAPLE/maple/function/dispatcher/parmfit/example/corr2_torsionfit_24-26_traj.xyz

----------------------------------------------------------------------
            Scanning combination 43/73: [387.86]

======================================================================
LBFGS Parameters
======================================================================
memory:     5
curvature:  70.0
max_step:   0.2
max_iter:   256
write_traj: False
traj_every: 1
verbose:    0
======================================================================


                             Coordinates                              
----------------------------------------------------------------------
0    C               -3.4249              -1.5615               0.1027
1    C               -2.1194              -1.5268               0.5126
2    C               -1.3545              -0.3356               0.3957
3    C               -1.9622               0.8220              -0.1493
4    C               -3.3189               0.7583              -0.5700
5    C               -4.0329              -0.4042              -0.4472
6    H                0.4486              -1.1890               1.2084
7    H               -4.0057              -2.4758               0.1954
8    H               -1.6474              -2.4113               0.9370
9    C                0.0042              -0.2763               0.8132
10   C               -1.1897               2.0092              -0.2537
11   H               -3.7793               1.6502              -0.9903
12   H               -5.0701              -0.4487              -0.7693
13   C                0.1121               2.0350               0.1663
14   C                0.7364               0.8812               0.7148
15   H               -1.6536               2.9014              -0.6695
16   H                0.6830               2.9587               0.0896
17   C                2.1876               0.9603               1.1467
18   C                3.1894               0.6508               0.0228
19   H                2.3632               0.2950               2.0041
20   H                2.3946               1.9704               1.5135
21   H                4.2158               0.7946               0.3908
22   H                3.0511               1.3389              -0.8134
23   C                3.1050              -0.7532              -0.5579
24   O                3.1034              -0.9931              -1.7339
25   O                3.1689              -1.7682               0.3465
26   H                2.8292              -1.4721               1.2026


Energy:                 -652.908712 Convergence criteria  Is converged 
Maximum Force:             0.002032     0.002850  Yes
RMS Force:                 0.000679     0.001900  Yes
Maximum Displacement:      0.000834     0.003150  Yes
RMS Displacement:          0.000417     0.002100  Yes

LBFGS converged at iteration 8.
Final frame written to /home/hungn/Desktop/MyRepo/MLP/MAPLE/maple/function/dispatcher/parmfit/example/corr2_torsionfit_24-26_opt.xyz
Complete trajectory written to /home/hungn/Desktop/MyRepo/MLP/MAPLE/maple/function/dispatcher/parmfit/example/corr2_torsionfit_24-26_traj.xyz

----------------------------------------------------------------------
            Scanning combination 44/73: [392.86]

======================================================================
LBFGS Parameters
======================================================================
memory:     5
curvature:  70.0
max_step:   0.2
max_iter:   256
write_traj: False
traj_every: 1
verbose:    0
======================================================================


                             Coordinates                              
----------------------------------------------------------------------
0    C               -3.4248              -1.5615               0.1027
1    C               -2.1196              -1.5268               0.5126
2    C               -1.3548              -0.3356               0.3957
3    C               -1.9624               0.8219              -0.1492
4    C               -3.3188               0.7584              -0.5700
5    C               -4.0330              -0.4042              -0.4472
6    H                0.4485              -1.1889               1.2087
7    H               -4.0057              -2.4758               0.1953
8    H               -1.6474              -2.4113               0.9370
9    C                0.0041              -0.2763               0.8131
10   C               -1.1897               2.0092              -0.2539
11   H               -3.7793               1.6501              -0.9903
12   H               -5.0700              -0.4486              -0.7693
13   C                0.1122               2.0350               0.1662
14   C                0.7364               0.8812               0.7150
15   H               -1.6535               2.9013              -0.6694
16   H                0.6831               2.9588               0.0896
17   C                2.1878               0.9603               1.1468
18   C                3.1910               0.6513               0.0225
19   H                2.3633               0.2950               2.0040
20   H                2.3947               1.9703               1.5134
21   H                4.2162               0.7937               0.3909
22   H                3.0512               1.3393              -0.8139
23   C                3.1006              -0.7528              -0.5587
24   O                3.1029              -0.9929              -1.7339
25   O                3.1765              -1.7682               0.3465
26   H                2.7754              -1.4959               1.1827


Energy:                 -652.907758 Convergence criteria  Is converged 
Maximum Force:             0.002114     0.002850  Yes
RMS Force:                 0.000886     0.001900  Yes
Maximum Displacement:      0.001277     0.003150  Yes
RMS Displacement:          0.000540     0.002100  Yes

LBFGS converged at iteration 8.
Final frame written to /home/hungn/Desktop/MyRepo/MLP/MAPLE/maple/function/dispatcher/parmfit/example/corr2_torsionfit_24-26_opt.xyz
Complete trajectory written to /home/hungn/Desktop/MyRepo/MLP/MAPLE/maple/function/dispatcher/parmfit/example/corr2_torsionfit_24-26_traj.xyz

----------------------------------------------------------------------
            Scanning combination 45/73: [397.86]

======================================================================
LBFGS Parameters
======================================================================
memory:     5
curvature:  70.0
max_step:   0.2
max_iter:   256
write_traj: False
traj_every: 1
verbose:    0
======================================================================


                             Coordinates                              
----------------------------------------------------------------------
0    C               -3.4252              -1.5615               0.1024
1    C               -2.1201              -1.5270               0.5128
2    C               -1.3556              -0.3355               0.3965
3    C               -1.9628               0.8220              -0.1489
4    C               -3.3193               0.7585              -0.5699
5    C               -4.0333              -0.4042              -0.4473
6    H                0.4467              -1.1878               1.2126
7    H               -4.0059              -2.4759               0.1947
8    H               -1.6481              -2.4116               0.9368
9    C                0.0030              -0.2756               0.8144
10   C               -1.1898               2.0089              -0.2541
11   H               -3.7798               1.6502              -0.9902
12   H               -5.0704              -0.4486              -0.7693
13   C                0.1121               2.0348               0.1660
14   C                0.7360               0.8813               0.7156
15   H               -1.6534               2.9011              -0.6697
16   H                0.6831               2.9585               0.0891
17   C                2.1874               0.9603               1.1468
18   C                3.1890               0.6514               0.0209
19   H                2.3648               0.2946               2.0031
20   H                2.3953               1.9706               1.5135
21   H                4.2147               0.7881               0.3913
22   H                3.0529               1.3413              -0.8151
23   C                3.1046              -0.7527              -0.5612
24   O                3.1026              -0.9893              -1.7376
25   O                3.1928              -1.7707               0.3425
26   H                2.7268              -1.5333               1.1551


Energy:                 -652.906718 Convergence criteria  Is converged 
Maximum Force:             0.000984     0.002850  Yes
RMS Force:                 0.000419     0.001900  Yes
Maximum Displacement:      0.000885     0.003150  Yes
RMS Displacement:          0.000521     0.002100  Yes

LBFGS converged at iteration 11.
Final frame written to /home/hungn/Desktop/MyRepo/MLP/MAPLE/maple/function/dispatcher/parmfit/example/corr2_torsionfit_24-26_opt.xyz
Complete trajectory written to /home/hungn/Desktop/MyRepo/MLP/MAPLE/maple/function/dispatcher/parmfit/example/corr2_torsionfit_24-26_traj.xyz

----------------------------------------------------------------------
            Scanning combination 46/73: [402.86]

======================================================================
LBFGS Parameters
======================================================================
memory:     5
curvature:  70.0
max_step:   0.2
max_iter:   256
write_traj: False
traj_every: 1
verbose:    0
======================================================================


                             Coordinates                              
----------------------------------------------------------------------
0    C               -3.4267              -1.5617               0.1018
1    C               -2.1219              -1.5269               0.5134
2    C               -1.3578              -0.3350               0.3987
3    C               -1.9641               0.8222              -0.1484
4    C               -3.3204               0.7586              -0.5697
5    C               -4.0345              -0.4040              -0.4475
6    H                0.4419              -1.1847               1.2239
7    H               -4.0070              -2.4763               0.1930
8    H               -1.6499              -2.4119               0.9366
9    C               -0.0001              -0.2744               0.8194
10   C               -1.1904               2.0088              -0.2542
11   H               -3.7808               1.6504              -0.9900
12   H               -5.0715              -0.4485              -0.7699
13   C                0.1113               2.0344               0.1660
14   C                0.7348               0.8811               0.7172
15   H               -1.6534               2.9008              -0.6712
16   H                0.6831               2.9576               0.0874
17   C                2.1871               0.9585               1.1453
18   C                3.1888               0.6517               0.0193
19   H                2.3684               0.2910               1.9992
20   H                2.3963               1.9679               1.5124
21   H                4.2130               0.7817               0.3931
22   H                3.0558               1.3420              -0.8160
23   C                3.1050              -0.7512              -0.5617
24   O                3.1127              -0.9881              -1.7372
25   O                3.2000              -1.7623               0.3497
26   H                2.6695              -1.5467               1.1288


Energy:                 -652.905583 Convergence criteria  Is converged 
Maximum Force:             0.001863     0.002850  Yes
RMS Force:                 0.000801     0.001900  Yes
Maximum Displacement:      0.002003     0.003150  Yes
RMS Displacement:          0.000690     0.002100  Yes

LBFGS converged at iteration 7.
Final frame written to /home/hungn/Desktop/MyRepo/MLP/MAPLE/maple/function/dispatcher/parmfit/example/corr2_torsionfit_24-26_opt.xyz
Complete trajectory written to /home/hungn/Desktop/MyRepo/MLP/MAPLE/maple/function/dispatcher/parmfit/example/corr2_torsionfit_24-26_traj.xyz

----------------------------------------------------------------------
            Scanning combination 47/73: [407.86]

======================================================================
LBFGS Parameters
======================================================================
memory:     5
curvature:  70.0
max_step:   0.2
max_iter:   256
write_traj: False
traj_every: 1
verbose:    0
======================================================================


                             Coordinates                              
----------------------------------------------------------------------
0    C               -3.4266              -1.5617               0.1018
1    C               -2.1219              -1.5269               0.5133
2    C               -1.3577              -0.3350               0.3987
3    C               -1.9640               0.8223              -0.1484
4    C               -3.3204               0.7586              -0.5697
5    C               -4.0345              -0.4040              -0.4475
6    H                0.4420              -1.1848               1.2238
7    H               -4.0070              -2.4764               0.1930
8    H               -1.6499              -2.4119               0.9366
9    C               -0.0003              -0.2743               0.8192
10   C               -1.1904               2.0087              -0.2542
11   H               -3.7808               1.6504              -0.9900
12   H               -5.0715              -0.4485              -0.7698
13   C                0.1113               2.0345               0.1660
14   C                0.7349               0.8810               0.7172
15   H               -1.6534               2.9008              -0.6712
16   H                0.6831               2.9576               0.0875
17   C                2.1874               0.9585               1.1451
18   C                3.1903               0.6514               0.0187
19   H                2.3685               0.2910               1.9991
20   H                2.3963               1.9679               1.5123
21   H                4.2137               0.7813               0.3933
22   H                3.0559               1.3419              -0.8162
23   C                3.0999              -0.7507              -0.5616
24   O                3.1119              -0.9881              -1.7371
25   O                3.2061              -1.7602               0.3519
26   H                2.6234              -1.5785               1.1003


Energy:                 -652.904347 Convergence criteria  Is converged 
Maximum Force:             0.002741     0.002850  Yes
RMS Force:                 0.001171     0.001900  Yes
Maximum Displacement:      0.002205     0.003150  Yes
RMS Displacement:          0.000942     0.002100  Yes

LBFGS converged at iteration 7.
Final frame written to /home/hungn/Desktop/MyRepo/MLP/MAPLE/maple/function/dispatcher/parmfit/example/corr2_torsionfit_24-26_opt.xyz
Complete trajectory written to /home/hungn/Desktop/MyRepo/MLP/MAPLE/maple/function/dispatcher/parmfit/example/corr2_torsionfit_24-26_traj.xyz

----------------------------------------------------------------------
            Scanning combination 48/73: [412.86]

======================================================================
LBFGS Parameters
======================================================================
memory:     5
curvature:  70.0
max_step:   0.2
max_iter:   256
write_traj: False
traj_every: 1
verbose:    0
======================================================================


                             Coordinates                              
----------------------------------------------------------------------
0    C               -3.4272              -1.5616               0.1017
1    C               -2.1227              -1.5267               0.5139
2    C               -1.3585              -0.3348               0.4000
3    C               -1.9645               0.8224              -0.1479
4    C               -3.3208               0.7587              -0.5696
5    C               -4.0349              -0.4039              -0.4478
6    H                0.4403              -1.1837               1.2280
7    H               -4.0075              -2.4764               0.1924
8    H               -1.6505              -2.4117               0.9370
9    C               -0.0011              -0.2739               0.8206
10   C               -1.1904               2.0083              -0.2542
11   H               -3.7811               1.6505              -0.9901
12   H               -5.0719              -0.4483              -0.7703
13   C                0.1113               2.0340               0.1655
14   C                0.7347               0.8810               0.7175
15   H               -1.6532               2.9004              -0.6715
16   H                0.6831               2.9570               0.0869
17   C                2.1873               0.9588               1.1451
18   C                3.1887               0.6525               0.0163
19   H                2.3693               0.2886               1.9967
20   H                2.3963               1.9685               1.5143
21   H                4.2127               0.7818               0.3920
22   H                3.0567               1.3452              -0.8185
23   C                3.1096              -0.7501              -0.5652
24   O                3.1111              -0.9845              -1.7416
25   O                3.2279              -1.7652               0.3465
26   H                2.5912              -1.6373               1.0618


Energy:                 -652.903131 Convergence criteria  Is converged 
Maximum Force:             0.001004     0.002850  Yes
RMS Force:                 0.000463     0.001900  Yes
Maximum Displacement:      0.001011     0.003150  Yes
RMS Displacement:          0.000323     0.002100  Yes

LBFGS converged at iteration 12.
Final frame written to /home/hungn/Desktop/MyRepo/MLP/MAPLE/maple/function/dispatcher/parmfit/example/corr2_torsionfit_24-26_opt.xyz
Complete trajectory written to /home/hungn/Desktop/MyRepo/MLP/MAPLE/maple/function/dispatcher/parmfit/example/corr2_torsionfit_24-26_traj.xyz

----------------------------------------------------------------------
            Scanning combination 49/73: [417.86]

======================================================================
LBFGS Parameters
======================================================================
memory:     5
curvature:  70.0
max_step:   0.2
max_iter:   256
write_traj: False
traj_every: 1
verbose:    0
======================================================================


                             Coordinates                              
----------------------------------------------------------------------
0    C               -3.4273              -1.5615               0.1017
1    C               -2.1230              -1.5267               0.5141
2    C               -1.3588              -0.3347               0.4002
3    C               -1.9646               0.8224              -0.1478
4    C               -3.3209               0.7587              -0.5695
5    C               -4.0350              -0.4038              -0.4478
6    H                0.4401              -1.1833               1.2292
7    H               -4.0076              -2.4763               0.1922
8    H               -1.6507              -2.4116               0.9371
9    C               -0.0014              -0.2737               0.8211
10   C               -1.1905               2.0083              -0.2543
11   H               -3.7812               1.6505              -0.9901
12   H               -5.0720              -0.4482              -0.7704
13   C                0.1113               2.0340               0.1655
14   C                0.7350               0.8808               0.7173
15   H               -1.6532               2.9003              -0.6716
16   H                0.6831               2.9570               0.0866
17   C                2.1878               0.9585               1.1448
18   C                3.1887               0.6529               0.0161
19   H                2.3698               0.2877               1.9956
20   H                2.3964               1.9679               1.5143
21   H                4.2139               0.7819               0.3921
22   H                3.0568               1.3449              -0.8190
23   C                3.1071              -0.7491              -0.5658
24   O                3.1108              -0.9844              -1.7411
25   O                3.2339              -1.7620               0.3507
26   H                2.5496              -1.6736               1.0272


Energy:                 -652.901879 Convergence criteria  Is converged 
Maximum Force:             0.002385     0.002850  Yes
RMS Force:                 0.000777     0.001900  Yes
Maximum Displacement:      0.001487     0.003150  Yes
RMS Displacement:          0.000460     0.002100  Yes

LBFGS converged at iteration 8.
Final frame written to /home/hungn/Desktop/MyRepo/MLP/MAPLE/maple/function/dispatcher/parmfit/example/corr2_torsionfit_24-26_opt.xyz
Complete trajectory written to /home/hungn/Desktop/MyRepo/MLP/MAPLE/maple/function/dispatcher/parmfit/example/corr2_torsionfit_24-26_traj.xyz

----------------------------------------------------------------------
            Scanning combination 50/73: [422.86]

======================================================================
LBFGS Parameters
======================================================================
memory:     5
curvature:  70.0
max_step:   0.2
max_iter:   256
write_traj: False
traj_every: 1
verbose:    0
======================================================================


                             Coordinates                              
----------------------------------------------------------------------
0    C               -3.4274              -1.5614               0.1017
1    C               -2.1239              -1.5264               0.5144
2    C               -1.3588              -0.3347               0.4012
3    C               -1.9651               0.8227              -0.1477
4    C               -3.3209               0.7589              -0.5695
5    C               -4.0355              -0.4038              -0.4479
6    H                0.4395              -1.1820               1.2328
7    H               -4.0080              -2.4764               0.1919
8    H               -1.6510              -2.4113               0.9376
9    C               -0.0022              -0.2734               0.8219
10   C               -1.1905               2.0081              -0.2542
11   H               -3.7813               1.6506              -0.9902
12   H               -5.0722              -0.4481              -0.7708
13   C                0.1111               2.0340               0.1650
14   C                0.7345               0.8806               0.7175
15   H               -1.6531               2.9002              -0.6719
16   H                0.6831               2.9566               0.0860
17   C                2.1874               0.9587               1.1448
18   C                3.1877               0.6536               0.0134
19   H                2.3713               0.2840               1.9919
20   H                2.3967               1.9673               1.5152
21   H                4.2126               0.7824               0.3910
22   H                3.0564               1.3459              -0.8209
23   C                3.1169              -0.7473              -0.5662
24   O                3.1081              -0.9805              -1.7417
25   O                3.2530              -1.7624               0.3504
26   H                2.5237              -1.7286               0.9836


Energy:                 -652.900708 Convergence criteria  Is converged 
Maximum Force:             0.002737     0.002850  Yes
RMS Force:                 0.001310     0.001900  Yes
Maximum Displacement:      0.002416     0.003150  Yes
RMS Displacement:          0.001170     0.002100  Yes

LBFGS converged at iteration 10.
Final frame written to /home/hungn/Desktop/MyRepo/MLP/MAPLE/maple/function/dispatcher/parmfit/example/corr2_torsionfit_24-26_opt.xyz
Complete trajectory written to /home/hungn/Desktop/MyRepo/MLP/MAPLE/maple/function/dispatcher/parmfit/example/corr2_torsionfit_24-26_traj.xyz

----------------------------------------------------------------------
            Scanning combination 51/73: [427.86]

======================================================================
LBFGS Parameters
======================================================================
memory:     5
curvature:  70.0
max_step:   0.2
max_iter:   256
write_traj: False
traj_every: 1
verbose:    0
======================================================================


                             Coordinates                              
----------------------------------------------------------------------
0    C               -3.4282              -1.5612               0.1017
1    C               -2.1242              -1.5262               0.5152
2    C               -1.3597              -0.3343               0.4020
3    C               -1.9652               0.8226              -0.1473
4    C               -3.3213               0.7590              -0.5694
5    C               -4.0357              -0.4035              -0.4480
6    H                0.4387              -1.1803               1.2369
7    H               -4.0084              -2.4763               0.1915
8    H               -1.6515              -2.4109               0.9382
9    C               -0.0026              -0.2731               0.8234
10   C               -1.1906               2.0081              -0.2544
11   H               -3.7814               1.6507              -0.9902
12   H               -5.0725              -0.4479              -0.7713
13   C                0.1111               2.0337               0.1648
14   C                0.7345               0.8809               0.7173
15   H               -1.6531               2.8999              -0.6723
16   H                0.6832               2.9564               0.0852
17   C                2.1870               0.9581               1.1441
18   C                3.1885               0.6554               0.0133
19   H                2.3725               0.2798               1.9875
20   H                2.3969               1.9664               1.5167
21   H                4.2118               0.7862               0.3903
22   H                3.0554               1.3458              -0.8232
23   C                3.1239              -0.7455              -0.5652
24   O                3.1066              -0.9804              -1.7400
25   O                3.2614              -1.7594               0.3554
26   H                2.4913              -1.7761               0.9382


Energy:                 -652.899674 Convergence criteria  Is converged 
Maximum Force:             0.001214     0.002850  Yes
RMS Force:                 0.000578     0.001900  Yes
Maximum Displacement:      0.000540     0.003150  Yes
RMS Displacement:          0.000217     0.002100  Yes

LBFGS converged at iteration 12.
Final frame written to /home/hungn/Desktop/MyRepo/MLP/MAPLE/maple/function/dispatcher/parmfit/example/corr2_torsionfit_24-26_opt.xyz
Complete trajectory written to /home/hungn/Desktop/MyRepo/MLP/MAPLE/maple/function/dispatcher/parmfit/example/corr2_torsionfit_24-26_traj.xyz

----------------------------------------------------------------------
            Scanning combination 52/73: [432.86]

======================================================================
LBFGS Parameters
======================================================================
memory:     5
curvature:  70.0
max_step:   0.2
max_iter:   256
write_traj: False
traj_every: 1
verbose:    0
======================================================================


                             Coordinates                              
----------------------------------------------------------------------
0    C               -3.4289              -1.5607               0.1021
1    C               -2.1255              -1.5254               0.5170
2    C               -1.3604              -0.3338               0.4042
3    C               -1.9658               0.8229              -0.1466
4    C               -3.3217               0.7593              -0.5693
5    C               -4.0363              -0.4032              -0.4483
6    H                0.4371              -1.1767               1.2462
7    H               -4.0093              -2.4759               0.1908
8    H               -1.6529              -2.4100               0.9404
9    C               -0.0036              -0.2720               0.8265
10   C               -1.1907               2.0079              -0.2549
11   H               -3.7815               1.6511              -0.9905
12   H               -5.0728              -0.4475              -0.7724
13   C                0.1109               2.0335               0.1635
14   C                0.7341               0.8810               0.7170
15   H               -1.6533               2.8995              -0.6737
16   H                0.6833               2.9560               0.0826
17   C                2.1863               0.9564               1.1433
18   C                3.1896               0.6572               0.0122
19   H                2.3735               0.2712               1.9803
20   H                2.3965               1.9628               1.5218
21   H                4.2101               0.8004               0.3903
22   H                3.0517               1.3444              -0.8267
23   C                3.1382              -0.7451              -0.5654
24   O                3.1107              -0.9780              -1.7412
25   O                3.2810              -1.7607               0.3543
26   H                2.4770              -1.8360               0.8839


Energy:                 -652.898847 Convergence criteria  Is converged 
Maximum Force:             0.001821     0.002850  Yes
RMS Force:                 0.000856     0.001900  Yes
Maximum Displacement:      0.002502     0.003150  Yes
RMS Displacement:          0.001164     0.002100  Yes

LBFGS converged at iteration 12.
Final frame written to /home/hungn/Desktop/MyRepo/MLP/MAPLE/maple/function/dispatcher/parmfit/example/corr2_torsionfit_24-26_opt.xyz
Complete trajectory written to /home/hungn/Desktop/MyRepo/MLP/MAPLE/maple/function/dispatcher/parmfit/example/corr2_torsionfit_24-26_traj.xyz

----------------------------------------------------------------------
            Scanning combination 53/73: [437.86]

======================================================================
LBFGS Parameters
======================================================================
memory:     5
curvature:  70.0
max_step:   0.2
max_iter:   256
write_traj: False
traj_every: 1
verbose:    0
======================================================================


                             Coordinates                              
----------------------------------------------------------------------
0    C               -3.4290              -1.5606               0.1022
1    C               -2.1256              -1.5253               0.5173
2    C               -1.3607              -0.3338               0.4044
3    C               -1.9657               0.8227              -0.1465
4    C               -3.3216               0.7593              -0.5693
5    C               -4.0363              -0.4031              -0.4483
6    H                0.4374              -1.1764               1.2469
7    H               -4.0092              -2.4758               0.1909
8    H               -1.6531              -2.4098               0.9409
9    C               -0.0034              -0.2721               0.8266
10   C               -1.1907               2.0078              -0.2551
11   H               -3.7814               1.6510              -0.9906
12   H               -5.0727              -0.4475              -0.7725
13   C                0.1113               2.0333               0.1633
14   C                0.7346               0.8808               0.7168
15   H               -1.6531               2.8993              -0.6739
16   H                0.6835               2.9559               0.0821
17   C                2.1869               0.9559               1.1434
18   C                3.1883               0.6582               0.0115
19   H                2.3730               0.2697               1.9796
20   H                2.3968               1.9617               1.5218
21   H                4.2114               0.7998               0.3895
22   H                3.0511               1.3447              -0.8276
23   C                3.1407              -0.7418              -0.5644
24   O                3.1078              -0.9790              -1.7393
25   O                3.2835              -1.7548               0.3619
26   H                2.4519              -1.8810               0.8355


Energy:                 -652.898248 Convergence criteria  Is converged 
Maximum Force:             0.002176     0.002850  Yes
RMS Force:                 0.000950     0.001900  Yes
Maximum Displacement:      0.002558     0.003150  Yes
RMS Displacement:          0.001026     0.002100  Yes

LBFGS converged at iteration 10.
Final frame written to /home/hungn/Desktop/MyRepo/MLP/MAPLE/maple/function/dispatcher/parmfit/example/corr2_torsionfit_24-26_opt.xyz
Complete trajectory written to /home/hungn/Desktop/MyRepo/MLP/MAPLE/maple/function/dispatcher/parmfit/example/corr2_torsionfit_24-26_traj.xyz

----------------------------------------------------------------------
            Scanning combination 54/73: [442.86]

======================================================================
LBFGS Parameters
======================================================================
memory:     5
curvature:  70.0
max_step:   0.2
max_iter:   256
write_traj: False
traj_every: 1
verbose:    0
======================================================================


                             Coordinates                              
----------------------------------------------------------------------
0    C               -3.4292              -1.5605               0.1023
1    C               -2.1256              -1.5253               0.5178
2    C               -1.3606              -0.3337               0.4046
3    C               -1.9655               0.8226              -0.1465
4    C               -3.3215               0.7593              -0.5692
5    C               -4.0362              -0.4030              -0.4483
6    H                0.4377              -1.1760               1.2478
7    H               -4.0093              -2.4756               0.1910
8    H               -1.6532              -2.4096               0.9416
9    C               -0.0033              -0.2722               0.8268
10   C               -1.1905               2.0076              -0.2552
11   H               -3.7812               1.6511              -0.9906
12   H               -5.0727              -0.4474              -0.7727
13   C                0.1116               2.0332               0.1629
14   C                0.7347               0.8807               0.7166
15   H               -1.6528               2.8991              -0.6740
16   H                0.6838               2.9556               0.0816
17   C                2.1866               0.9560               1.1435
18   C                3.1891               0.6596               0.0110
19   H                2.3731               0.2674               1.9776
20   H                2.3970               1.9618               1.5227
21   H                4.2110               0.8008               0.3886
22   H                3.0506               1.3459              -0.8284
23   C                3.1451              -0.7410              -0.5614
24   O                3.1024              -0.9819              -1.7347
25   O                3.2771              -1.7496               0.3733
26   H                2.4199              -1.9231               0.7817


Energy:                 -652.897930 Convergence criteria  Is converged 
Maximum Force:             0.001082     0.002850  Yes
RMS Force:                 0.000453     0.001900  Yes
Maximum Displacement:      0.000608     0.003150  Yes
RMS Displacement:          0.000225     0.002100  Yes

LBFGS converged at iteration 12.
Final frame written to /home/hungn/Desktop/MyRepo/MLP/MAPLE/maple/function/dispatcher/parmfit/example/corr2_torsionfit_24-26_opt.xyz
Complete trajectory written to /home/hungn/Desktop/MyRepo/MLP/MAPLE/maple/function/dispatcher/parmfit/example/corr2_torsionfit_24-26_traj.xyz

----------------------------------------------------------------------
            Scanning combination 55/73: [447.86]

======================================================================
LBFGS Parameters
======================================================================
memory:     5
curvature:  70.0
max_step:   0.2
max_iter:   256
write_traj: False
traj_every: 1
verbose:    0
======================================================================


                             Coordinates                              
----------------------------------------------------------------------
0    C               -3.4291              -1.5605               0.1022
1    C               -2.1257              -1.5253               0.5176
2    C               -1.3608              -0.3337               0.4046
3    C               -1.9657               0.8227              -0.1465
4    C               -3.3216               0.7594              -0.5693
5    C               -4.0363              -0.4031              -0.4483
6    H                0.4375              -1.1760               1.2477
7    H               -4.0093              -2.4757               0.1909
8    H               -1.6529              -2.4096               0.9413
9    C               -0.0034              -0.2720               0.8268
10   C               -1.1905               2.0076              -0.2551
11   H               -3.7813               1.6511              -0.9906
12   H               -5.0727              -0.4474              -0.7726
13   C                0.1117               2.0332               0.1631
14   C                0.7352               0.8807               0.7164
15   H               -1.6529               2.8992              -0.6739
16   H                0.6836               2.9558               0.0819
17   C                2.1871               0.9566               1.1435
18   C                3.1894               0.6599               0.0113
19   H                2.3732               0.2678               1.9771
20   H                2.3973               1.9624               1.5219
21   H                4.2123               0.7981               0.3883
22   H                3.0520               1.3458              -0.8286
23   C                3.1407              -0.7404              -0.5587
24   O                3.0997              -0.9858              -1.7310
25   O                3.2581              -1.7441               0.3852
26   H                2.3824              -1.9617               0.7291


Energy:                 -652.897883 Convergence criteria  Is converged 
Maximum Force:             0.002219     0.002850  Yes
RMS Force:                 0.000745     0.001900  Yes
Maximum Displacement:      0.001585     0.003150  Yes
RMS Displacement:          0.000514     0.002100  Yes

LBFGS converged at iteration 9.
Final frame written to /home/hungn/Desktop/MyRepo/MLP/MAPLE/maple/function/dispatcher/parmfit/example/corr2_torsionfit_24-26_opt.xyz
Complete trajectory written to /home/hungn/Desktop/MyRepo/MLP/MAPLE/maple/function/dispatcher/parmfit/example/corr2_torsionfit_24-26_traj.xyz

----------------------------------------------------------------------
            Scanning combination 56/73: [452.86]

======================================================================
LBFGS Parameters
======================================================================
memory:     5
curvature:  70.0
max_step:   0.2
max_iter:   256
write_traj: False
traj_every: 1
verbose:    0
======================================================================


                             Coordinates                              
----------------------------------------------------------------------
0    C               -3.4292              -1.5605               0.1021
1    C               -2.1255              -1.5254               0.5176
2    C               -1.3608              -0.3335               0.4046
3    C               -1.9655               0.8226              -0.1465
4    C               -3.3216               0.7594              -0.5693
5    C               -4.0362              -0.4031              -0.4483
6    H                0.4373              -1.1759               1.2477
7    H               -4.0093              -2.4757               0.1908
8    H               -1.6528              -2.4096               0.9411
9    C               -0.0035              -0.2721               0.8269
10   C               -1.1904               2.0076              -0.2550
11   H               -3.7814               1.6511              -0.9906
12   H               -5.0728              -0.4474              -0.7726
13   C                0.1118               2.0331               0.1631
14   C                0.7355               0.8807               0.7161
15   H               -1.6528               2.8991              -0.6736
16   H                0.6835               2.9558               0.0821
17   C                2.1876               0.9572               1.1436
18   C                3.1897               0.6594               0.0112
19   H                2.3733               0.2675               1.9767
20   H                2.3977               1.9633               1.5214
21   H                4.2135               0.7954               0.3879
22   H                3.0534               1.3454              -0.8285
23   C                3.1372              -0.7401              -0.5551
24   O                3.0962              -0.9900              -1.7269
25   O                3.2312              -1.7381               0.3969
26   H                2.3444              -2.0014               0.6717


Energy:                 -652.898121 Convergence criteria  Is converged 
Maximum Force:             0.002462     0.002850  Yes
RMS Force:                 0.000901     0.001900  Yes
Maximum Displacement:      0.002411     0.003150  Yes
RMS Displacement:          0.000848     0.002100  Yes

LBFGS converged at iteration 9.
Final frame written to /home/hungn/Desktop/MyRepo/MLP/MAPLE/maple/function/dispatcher/parmfit/example/corr2_torsionfit_24-26_opt.xyz
Complete trajectory written to /home/hungn/Desktop/MyRepo/MLP/MAPLE/maple/function/dispatcher/parmfit/example/corr2_torsionfit_24-26_traj.xyz

----------------------------------------------------------------------
            Scanning combination 57/73: [457.86]

======================================================================
LBFGS Parameters
======================================================================
memory:     5
curvature:  70.0
max_step:   0.2
max_iter:   256
write_traj: False
traj_every: 1
verbose:    0
======================================================================


                             Coordinates                              
----------------------------------------------------------------------
0    C               -3.4291              -1.5604               0.1025
1    C               -2.1253              -1.5251               0.5184
2    C               -1.3605              -0.3334               0.4050
3    C               -1.9653               0.8225              -0.1465
4    C               -3.3214               0.7594              -0.5692
5    C               -4.0359              -0.4029              -0.4482
6    H                0.4372              -1.1744               1.2505
7    H               -4.0093              -2.4754               0.1910
8    H               -1.6522              -2.4090               0.9421
9    C               -0.0032              -0.2715               0.8276
10   C               -1.1901               2.0075              -0.2556
11   H               -3.7810               1.6512              -0.9906
12   H               -5.0725              -0.4473              -0.7728
13   C                0.1118               2.0335               0.1623
14   C                0.7352               0.8820               0.7167
15   H               -1.6525               2.8991              -0.6740
16   H                0.6841               2.9559               0.0812
17   C                2.1862               0.9593               1.1446
18   C                3.1876               0.6616               0.0121
19   H                2.3732               0.2635               1.9716
20   H                2.3968               1.9651               1.5243
21   H                4.2106               0.7988               0.3905
22   H                3.0549               1.3455              -0.8303
23   C                3.1435              -0.7411              -0.5497
24   O                3.0870              -0.9996              -1.7191
25   O                3.2143              -1.7374               0.4072
26   H                2.3199              -2.0452               0.5989


Energy:                 -652.898715 Convergence criteria  Is converged 
Maximum Force:             0.001766     0.002850  Yes
RMS Force:                 0.000865     0.001900  Yes
Maximum Displacement:      0.002087     0.003150  Yes
RMS Displacement:          0.000792     0.002100  Yes

LBFGS converged at iteration 12.
Final frame written to /home/hungn/Desktop/MyRepo/MLP/MAPLE/maple/function/dispatcher/parmfit/example/corr2_torsionfit_24-26_opt.xyz
Complete trajectory written to /home/hungn/Desktop/MyRepo/MLP/MAPLE/maple/function/dispatcher/parmfit/example/corr2_torsionfit_24-26_traj.xyz

----------------------------------------------------------------------
            Scanning combination 58/73: [462.86]

======================================================================
LBFGS Parameters
======================================================================
memory:     5
curvature:  70.0
max_step:   0.2
max_iter:   256
write_traj: False
traj_every: 1
verbose:    0
======================================================================


                             Coordinates                              
----------------------------------------------------------------------
0    C               -3.4290              -1.5603               0.1026
1    C               -2.1253              -1.5250               0.5184
2    C               -1.3605              -0.3334               0.4050
3    C               -1.9653               0.8226              -0.1465
4    C               -3.3213               0.7594              -0.5693
5    C               -4.0359              -0.4030              -0.4482
6    H                0.4374              -1.1741               1.2508
7    H               -4.0092              -2.4754               0.1911
8    H               -1.6523              -2.4090               0.9423
9    C               -0.0029              -0.2715               0.8279
10   C               -1.1902               2.0076              -0.2557
11   H               -3.7809               1.6512              -0.9907
12   H               -5.0724              -0.4473              -0.7728
13   C                0.1119               2.0336               0.1623
14   C                0.7353               0.8820               0.7165
15   H               -1.6526               2.8992              -0.6742
16   H                0.6841               2.9560               0.0810
17   C                2.1868               0.9588               1.1441
18   C                3.1890               0.6611               0.0119
19   H                2.3730               0.2632               1.9711
20   H                2.3967               1.9645               1.5245
21   H                4.2116               0.7997               0.3912
22   H                3.0550               1.3451              -0.8303
23   C                3.1415              -0.7412              -0.5497
24   O                3.0852              -0.9999              -1.7194
25   O                3.2130              -1.7324               0.4121
26   H                2.3273              -2.0922               0.5492


Energy:                 -652.899544 Convergence criteria  Is converged 
Maximum Force:             0.002458     0.002850  Yes
RMS Force:                 0.000918     0.001900  Yes
Maximum Displacement:      0.002016     0.003150  Yes
RMS Displacement:          0.000766     0.002100  Yes

LBFGS converged at iteration 8.
Final frame written to /home/hungn/Desktop/MyRepo/MLP/MAPLE/maple/function/dispatcher/parmfit/example/corr2_torsionfit_24-26_opt.xyz
Complete trajectory written to /home/hungn/Desktop/MyRepo/MLP/MAPLE/maple/function/dispatcher/parmfit/example/corr2_torsionfit_24-26_traj.xyz

----------------------------------------------------------------------
            Scanning combination 59/73: [467.86]

======================================================================
LBFGS Parameters
======================================================================
memory:     5
curvature:  70.0
max_step:   0.2
max_iter:   256
write_traj: False
traj_every: 1
verbose:    0
======================================================================


                             Coordinates                              
----------------------------------------------------------------------
0    C               -3.4290              -1.5604               0.1024
1    C               -2.1253              -1.5251               0.5181
2    C               -1.3601              -0.3334               0.4048
3    C               -1.9652               0.8224              -0.1465
4    C               -3.3214               0.7594              -0.5692
5    C               -4.0361              -0.4030              -0.4482
6    H                0.4375              -1.1744               1.2504
7    H               -4.0094              -2.4755               0.1908
8    H               -1.6523              -2.4091               0.9418
9    C               -0.0024              -0.2716               0.8279
10   C               -1.1901               2.0075              -0.2555
11   H               -3.7811               1.6512              -0.9906
12   H               -5.0726              -0.4473              -0.7728
13   C                0.1121               2.0335               0.1626
14   C                0.7361               0.8820               0.7165
15   H               -1.6525               2.8992              -0.6737
16   H                0.6841               2.9559               0.0814
17   C                2.1872               0.9596               1.1446
18   C                3.1893               0.6584               0.0135
19   H                2.3733               0.2641               1.9709
20   H                2.3973               1.9658               1.5235
21   H                4.2122               0.7953               0.3901
22   H                3.0572               1.3429              -0.8290
23   C                3.1357              -0.7447              -0.5459
24   O                3.0830              -1.0039              -1.7169
25   O                3.1584              -1.7336               0.4176
26   H                2.2820              -2.1363               0.4751


Energy:                 -652.900678 Convergence criteria  Is converged 
Maximum Force:             0.001938     0.002850  Yes
RMS Force:                 0.000856     0.001900  Yes
Maximum Displacement:      0.001358     0.003150  Yes
RMS Displacement:          0.000411     0.002100  Yes

LBFGS converged at iteration 9.
Final frame written to /home/hungn/Desktop/MyRepo/MLP/MAPLE/maple/function/dispatcher/parmfit/example/corr2_torsionfit_24-26_opt.xyz
Complete trajectory written to /home/hungn/Desktop/MyRepo/MLP/MAPLE/maple/function/dispatcher/parmfit/example/corr2_torsionfit_24-26_traj.xyz

----------------------------------------------------------------------
            Scanning combination 60/73: [472.86]

======================================================================
LBFGS Parameters
======================================================================
memory:     5
curvature:  70.0
max_step:   0.2
max_iter:   256
write_traj: False
traj_every: 1
verbose:    0
======================================================================


                             Coordinates                              
----------------------------------------------------------------------
0    C               -3.4280              -1.5598               0.1030
1    C               -2.1244              -1.5248               0.5189
2    C               -1.3587              -0.3337               0.4049
3    C               -1.9641               0.8222              -0.1466
4    C               -3.3203               0.7594              -0.5692
5    C               -4.0352              -0.4028              -0.4480
6    H                0.4415              -1.1705               1.2551
7    H               -4.0083              -2.4748               0.1917
8    H               -1.6528              -2.4089               0.9438
9    C               -0.0015              -0.2712               0.8286
10   C               -1.1900               2.0082              -0.2561
11   H               -3.7801               1.6510              -0.9905
12   H               -5.0716              -0.4474              -0.7727
13   C                0.1122               2.0348               0.1618
14   C                0.7357               0.8829               0.7154
15   H               -1.6532               2.8992              -0.6753
16   H                0.6841               2.9573               0.0797
17   C                2.1860               0.9570               1.1442
18   C                3.1892               0.6560               0.0157
19   H                2.3700               0.2581               1.9677
20   H                2.3972               1.9618               1.5247
21   H                4.2101               0.8026               0.3971
22   H                3.0571               1.3369              -0.8301
23   C                3.1332              -0.7489              -0.5416
24   O                3.0759              -1.0095              -1.7126
25   O                3.1233              -1.7366               0.4211
26   H                2.2620              -2.1732               0.3928


Energy:                 -652.902125 Convergence criteria  Is converged 
Maximum Force:             0.001223     0.002850  Yes
RMS Force:                 0.000502     0.001900  Yes
Maximum Displacement:      0.002146     0.003150  Yes
RMS Displacement:          0.000733     0.002100  Yes

LBFGS converged at iteration 11.
Final frame written to /home/hungn/Desktop/MyRepo/MLP/MAPLE/maple/function/dispatcher/parmfit/example/corr2_torsionfit_24-26_opt.xyz
Complete trajectory written to /home/hungn/Desktop/MyRepo/MLP/MAPLE/maple/function/dispatcher/parmfit/example/corr2_torsionfit_24-26_traj.xyz

----------------------------------------------------------------------
            Scanning combination 61/73: [477.86]

======================================================================
LBFGS Parameters
======================================================================
memory:     5
curvature:  70.0
max_step:   0.2
max_iter:   256
write_traj: False
traj_every: 1
verbose:    0
======================================================================


                             Coordinates                              
----------------------------------------------------------------------
0    C               -3.4277              -1.5600               0.1033
1    C               -2.1242              -1.5246               0.5192
2    C               -1.3583              -0.3337               0.4050
3    C               -1.9639               0.8220              -0.1467
4    C               -3.3200               0.7593              -0.5693
5    C               -4.0349              -0.4028              -0.4480
6    H                0.4421              -1.1694               1.2560
7    H               -4.0081              -2.4748               0.1920
8    H               -1.6529              -2.4089               0.9444
9    C               -0.0008              -0.2713               0.8287
10   C               -1.1898               2.0081              -0.2564
11   H               -3.7797               1.6511              -0.9906
12   H               -5.0713              -0.4474              -0.7726
13   C                0.1123               2.0350               0.1612
14   C                0.7356               0.8837               0.7153
15   H               -1.6532               2.8989              -0.6755
16   H                0.6842               2.9576               0.0793
17   C                2.1857               0.9568               1.1446
18   C                3.1890               0.6560               0.0163
19   H                2.3687               0.2568               1.9673
20   H                2.3977               1.9615               1.5257
21   H                4.2098               0.8022               0.3974
22   H                3.0576               1.3355              -0.8293
23   C                3.1342              -0.7481              -0.5424
24   O                3.0738              -1.0115              -1.7125
25   O                3.1181              -1.7292               0.4241
26   H                2.2892              -2.2190               0.3446


Energy:                 -652.903772 Convergence criteria  Is converged 
Maximum Force:             0.001289     0.002850  Yes
RMS Force:                 0.000696     0.001900  Yes
Maximum Displacement:      0.001690     0.003150  Yes
RMS Displacement:          0.000562     0.002100  Yes

LBFGS converged at iteration 10.
Final frame written to /home/hungn/Desktop/MyRepo/MLP/MAPLE/maple/function/dispatcher/parmfit/example/corr2_torsionfit_24-26_opt.xyz
Complete trajectory written to /home/hungn/Desktop/MyRepo/MLP/MAPLE/maple/function/dispatcher/parmfit/example/corr2_torsionfit_24-26_traj.xyz

----------------------------------------------------------------------
            Scanning combination 62/73: [482.86]

======================================================================
LBFGS Parameters
======================================================================
memory:     5
curvature:  70.0
max_step:   0.2
max_iter:   256
write_traj: False
traj_every: 1
verbose:    0
======================================================================


                             Coordinates                              
----------------------------------------------------------------------
0    C               -3.4276              -1.5599               0.1034
1    C               -2.1239              -1.5246               0.5195
2    C               -1.3580              -0.3337               0.4050
3    C               -1.9636               0.8220              -0.1467
4    C               -3.3199               0.7592              -0.5693
5    C               -4.0347              -0.4030              -0.4480
6    H                0.4427              -1.1688               1.2566
7    H               -4.0080              -2.4748               0.1923
8    H               -1.6530              -2.4089               0.9448
9    C               -0.0003              -0.2711               0.8287
10   C               -1.1899               2.0081              -0.2567
11   H               -3.7794               1.6511              -0.9907
12   H               -5.0712              -0.4474              -0.7726
13   C                0.1125               2.0353               0.1610
14   C                0.7358               0.8836               0.7153
15   H               -1.6533               2.8989              -0.6758
16   H                0.6842               2.9578               0.0790
17   C                2.1860               0.9565               1.1446
18   C                3.1892               0.6559               0.0170
19   H                2.3680               0.2563               1.9670
20   H                2.3979               1.9610               1.5262
21   H                4.2105               0.8022               0.3979
22   H                3.0579               1.3355              -0.8292
23   C                3.1334              -0.7481              -0.5418
24   O                3.0720              -1.0132              -1.7126
25   O                3.1140              -1.7232               0.4273
26   H                2.3212              -2.2633               0.2986


Energy:                 -652.905611 Convergence criteria  Is converged 
Maximum Force:             0.001459     0.002850  Yes
RMS Force:                 0.000737     0.001900  Yes
Maximum Displacement:      0.002289     0.003150  Yes
RMS Displacement:          0.000821     0.002100  Yes

LBFGS converged at iteration 9.
Final frame written to /home/hungn/Desktop/MyRepo/MLP/MAPLE/maple/function/dispatcher/parmfit/example/corr2_torsionfit_24-26_opt.xyz
Complete trajectory written to /home/hungn/Desktop/MyRepo/MLP/MAPLE/maple/function/dispatcher/parmfit/example/corr2_torsionfit_24-26_traj.xyz

----------------------------------------------------------------------
            Scanning combination 63/73: [487.86]

======================================================================
LBFGS Parameters
======================================================================
memory:     5
curvature:  70.0
max_step:   0.2
max_iter:   256
write_traj: False
traj_every: 1
verbose:    0
======================================================================


                             Coordinates                              
----------------------------------------------------------------------
0    C               -3.4276              -1.5599               0.1033
1    C               -2.1240              -1.5244               0.5193
2    C               -1.3580              -0.3336               0.4050
3    C               -1.9638               0.8220              -0.1466
4    C               -3.3200               0.7593              -0.5693
5    C               -4.0349              -0.4029              -0.4480
6    H                0.4425              -1.1691               1.2562
7    H               -4.0081              -2.4749               0.1921
8    H               -1.6531              -2.4089               0.9445
9    C               -0.0002              -0.2715               0.8287
10   C               -1.1899               2.0081              -0.2565
11   H               -3.7796               1.6511              -0.9906
12   H               -5.0713              -0.4473              -0.7726
13   C                0.1126               2.0351               0.1612
14   C                0.7360               0.8834               0.7151
15   H               -1.6533               2.8990              -0.6756
16   H                0.6842               2.9578               0.0792
17   C                2.1862               0.9565               1.1446
18   C                3.1904               0.6559               0.0173
19   H                2.3685               0.2568               1.9670
20   H                2.3979               1.9612               1.5257
21   H                4.2111               0.8015               0.3974
22   H                3.0586               1.3351              -0.8288
23   C                3.1323              -0.7487              -0.5421
24   O                3.0704              -1.0142              -1.7121
25   O                3.1079              -1.7190               0.4295
26   H                2.3578              -2.3074               0.2558


Energy:                 -652.907578 Convergence criteria  Is converged 
Maximum Force:             0.002671     0.002850  Yes
RMS Force:                 0.001085     0.001900  Yes
Maximum Displacement:      0.001276     0.003150  Yes
RMS Displacement:          0.000405     0.002100  Yes

LBFGS converged at iteration 8.
Final frame written to /home/hungn/Desktop/MyRepo/MLP/MAPLE/maple/function/dispatcher/parmfit/example/corr2_torsionfit_24-26_opt.xyz
Complete trajectory written to /home/hungn/Desktop/MyRepo/MLP/MAPLE/maple/function/dispatcher/parmfit/example/corr2_torsionfit_24-26_traj.xyz

----------------------------------------------------------------------
            Scanning combination 64/73: [492.86]

======================================================================
LBFGS Parameters
======================================================================
memory:     5
curvature:  70.0
max_step:   0.2
max_iter:   256
write_traj: False
traj_every: 1
verbose:    0
======================================================================


                             Coordinates                              
----------------------------------------------------------------------
0    C               -3.4272              -1.5595               0.1037
1    C               -2.1236              -1.5242               0.5198
2    C               -1.3569              -0.3340               0.4047
3    C               -1.9628               0.8220              -0.1466
4    C               -3.3194               0.7592              -0.5692
5    C               -4.0343              -0.4029              -0.4479
6    H                0.4462              -1.1679               1.2566
7    H               -4.0074              -2.4747               0.1927
8    H               -1.6541              -2.4088               0.9456
9    C                0.0008              -0.2718               0.8280
10   C               -1.1896               2.0083              -0.2568
11   H               -3.7790               1.6509              -0.9907
12   H               -5.0709              -0.4475              -0.7726
13   C                0.1130               2.0357               0.1606
14   C                0.7354               0.8833               0.7152
15   H               -1.6533               2.8989              -0.6760
16   H                0.6844               2.9585               0.0786
17   C                2.1850               0.9542               1.1453
18   C                3.1881               0.6529               0.0187
19   H                2.3669               0.2545               1.9680
20   H                2.3985               1.9590               1.5256
21   H                4.2078               0.8018               0.3986
22   H                3.0597               1.3336              -0.8266
23   C                3.1336              -0.7521              -0.5408
24   O                3.0660              -1.0236              -1.7105
25   O                3.0897              -1.7164               0.4300
26   H                2.3880              -2.3407               0.1922


Energy:                 -652.909678 Convergence criteria  Is converged 
Maximum Force:             0.001475     0.002850  Yes
RMS Force:                 0.000714     0.001900  Yes
Maximum Displacement:      0.002633     0.003150  Yes
RMS Displacement:          0.000961     0.002100  Yes

LBFGS converged at iteration 11.
Final frame written to /home/hungn/Desktop/MyRepo/MLP/MAPLE/maple/function/dispatcher/parmfit/example/corr2_torsionfit_24-26_opt.xyz
Complete trajectory written to /home/hungn/Desktop/MyRepo/MLP/MAPLE/maple/function/dispatcher/parmfit/example/corr2_torsionfit_24-26_traj.xyz

----------------------------------------------------------------------
            Scanning combination 65/73: [497.86]

======================================================================
LBFGS Parameters
======================================================================
memory:     5
curvature:  70.0
max_step:   0.2
max_iter:   256
write_traj: False
traj_every: 1
verbose:    0
======================================================================


                             Coordinates                              
----------------------------------------------------------------------
0    C               -3.4270              -1.5597               0.1040
1    C               -2.1235              -1.5243               0.5201
2    C               -1.3567              -0.3341               0.4048
3    C               -1.9626               0.8217              -0.1468
4    C               -3.3190               0.7591              -0.5693
5    C               -4.0341              -0.4029              -0.4479
6    H                0.4472              -1.1676               1.2556
7    H               -4.0074              -2.4747               0.1932
8    H               -1.6541              -2.4089               0.9465
9    C                0.0007              -0.2717               0.8285
10   C               -1.1893               2.0082              -0.2571
11   H               -3.7784               1.6509              -0.9907
12   H               -5.0705              -0.4474              -0.7726
13   C                0.1132               2.0357               0.1606
14   C                0.7357               0.8833               0.7148
15   H               -1.6532               2.8986              -0.6764
16   H                0.6846               2.9585               0.0783
17   C                2.1854               0.9531               1.1450
18   C                3.1892               0.6532               0.0188
19   H                2.3659               0.2533               1.9675
20   H                2.3987               1.9575               1.5261
21   H                4.2090               0.8015               0.3998
22   H                3.0592               1.3334              -0.8267
23   C                3.1307              -0.7516              -0.5405
24   O                3.0654              -1.0256              -1.7102
25   O                3.0836              -1.7109               0.4323
26   H                2.4350              -2.3758               0.1548


Energy:                 -652.911737 Convergence criteria  Is converged 
Maximum Force:             0.001188     0.002850  Yes
RMS Force:                 0.000428     0.001900  Yes
Maximum Displacement:      0.001434     0.003150  Yes
RMS Displacement:          0.000565     0.002100  Yes

LBFGS converged at iteration 7.
Final frame written to /home/hungn/Desktop/MyRepo/MLP/MAPLE/maple/function/dispatcher/parmfit/example/corr2_torsionfit_24-26_opt.xyz
Complete trajectory written to /home/hungn/Desktop/MyRepo/MLP/MAPLE/maple/function/dispatcher/parmfit/example/corr2_torsionfit_24-26_traj.xyz

----------------------------------------------------------------------
            Scanning combination 66/73: [502.86]

======================================================================
LBFGS Parameters
======================================================================
memory:     5
curvature:  70.0
max_step:   0.2
max_iter:   256
write_traj: False
traj_every: 1
verbose:    0
======================================================================


                             Coordinates                              
----------------------------------------------------------------------
0    C               -3.4269              -1.5597               0.1043
1    C               -2.1234              -1.5242               0.5205
2    C               -1.3565              -0.3341               0.4050
3    C               -1.9623               0.8217              -0.1468
4    C               -3.3186               0.7589              -0.5694
5    C               -4.0338              -0.4030              -0.4478
6    H                0.4483              -1.1676               1.2542
7    H               -4.0073              -2.4746               0.1938
8    H               -1.6542              -2.4088               0.9473
9    C                0.0007              -0.2717               0.8287
10   C               -1.1890               2.0081              -0.2573
11   H               -3.7779               1.6508              -0.9909
12   H               -5.0702              -0.4474              -0.7725
13   C                0.1136               2.0357               0.1604
14   C                0.7358               0.8832               0.7145
15   H               -1.6531               2.8984              -0.6767
16   H                0.6848               2.9586               0.0780
17   C                2.1855               0.9521               1.1449
18   C                3.1894               0.6530               0.0191
19   H                2.3653               0.2519               1.9670
20   H                2.3989               1.9562               1.5268
21   H                4.2094               0.8011               0.4002
22   H                3.0596               1.3337              -0.8261
23   C                3.1280              -0.7517              -0.5402
24   O                3.0647              -1.0286              -1.7095
25   O                3.0768              -1.7054               0.4343
26   H                2.4864              -2.4077               0.1191


Energy:                 -652.913729 Convergence criteria  Is converged 
Maximum Force:             0.001557     0.002850  Yes
RMS Force:                 0.000557     0.001900  Yes
Maximum Displacement:      0.001281     0.003150  Yes
RMS Displacement:          0.000589     0.002100  Yes

LBFGS converged at iteration 7.
Final frame written to /home/hungn/Desktop/MyRepo/MLP/MAPLE/maple/function/dispatcher/parmfit/example/corr2_torsionfit_24-26_opt.xyz
Complete trajectory written to /home/hungn/Desktop/MyRepo/MLP/MAPLE/maple/function/dispatcher/parmfit/example/corr2_torsionfit_24-26_traj.xyz

----------------------------------------------------------------------
            Scanning combination 67/73: [507.86]

======================================================================
LBFGS Parameters
======================================================================
memory:     5
curvature:  70.0
max_step:   0.2
max_iter:   256
write_traj: False
traj_every: 1
verbose:    0
======================================================================


                             Coordinates                              
----------------------------------------------------------------------
0    C               -3.4268              -1.5597               0.1045
1    C               -2.1234              -1.5242               0.5208
2    C               -1.3564              -0.3340               0.4051
3    C               -1.9621               0.8217              -0.1468
4    C               -3.3184               0.7589              -0.5695
5    C               -4.0336              -0.4030              -0.4478
6    H                0.4486              -1.1677               1.2533
7    H               -4.0073              -2.4746               0.1941
8    H               -1.6542              -2.4087               0.9478
9    C                0.0005              -0.2717               0.8288
10   C               -1.1888               2.0080              -0.2574
11   H               -3.7777               1.6508              -0.9910
12   H               -5.0700              -0.4474              -0.7725
13   C                0.1138               2.0357               0.1603
14   C                0.7358               0.8832               0.7145
15   H               -1.6529               2.8983              -0.6769
16   H                0.6850               2.9586               0.0778
17   C                2.1861               0.9515               1.1447
18   C                3.1894               0.6527               0.0189
19   H                2.3650               0.2510               1.9668
20   H                2.3990               1.9555               1.5273
21   H                4.2105               0.8008               0.4007
22   H                3.0601               1.3340              -0.8257
23   C                3.1242              -0.7522              -0.5393
24   O                3.0645              -1.0309              -1.7096
25   O                3.0712              -1.7012               0.4359
26   H                2.5437              -2.4371               0.0888


Energy:                 -652.915619 Convergence criteria  Is converged 
Maximum Force:             0.001820     0.002850  Yes
RMS Force:                 0.000741     0.001900  Yes
Maximum Displacement:      0.000446     0.003150  Yes
RMS Displacement:          0.000191     0.002100  Yes

LBFGS converged at iteration 8.
Final frame written to /home/hungn/Desktop/MyRepo/MLP/MAPLE/maple/function/dispatcher/parmfit/example/corr2_torsionfit_24-26_opt.xyz
Complete trajectory written to /home/hungn/Desktop/MyRepo/MLP/MAPLE/maple/function/dispatcher/parmfit/example/corr2_torsionfit_24-26_traj.xyz

----------------------------------------------------------------------
            Scanning combination 68/73: [512.86]

======================================================================
LBFGS Parameters
======================================================================
memory:     5
curvature:  70.0
max_step:   0.2
max_iter:   256
write_traj: False
traj_every: 1
verbose:    0
======================================================================


                             Coordinates                              
----------------------------------------------------------------------
0    C               -3.4268              -1.5597               0.1048
1    C               -2.1234              -1.5241               0.5212
2    C               -1.3563              -0.3339               0.4053
3    C               -1.9620               0.8217              -0.1468
4    C               -3.3183               0.7588              -0.5696
5    C               -4.0335              -0.4030              -0.4478
6    H                0.4487              -1.1678               1.2519
7    H               -4.0073              -2.4745               0.1944
8    H               -1.6543              -2.4086               0.9484
9    C                0.0003              -0.2714               0.8293
10   C               -1.1885               2.0080              -0.2575
11   H               -3.7774               1.6507              -0.9912
12   H               -5.0698              -0.4474              -0.7726
13   C                0.1141               2.0355               0.1602
14   C                0.7360               0.8831               0.7144
15   H               -1.6527               2.8982              -0.6771
16   H                0.6852               2.9586               0.0776
17   C                2.1856               0.9510               1.1453
18   C                3.1893               0.6530               0.0195
19   H                2.3649               0.2502               1.9665
20   H                2.3993               1.9545               1.5278
21   H                4.2096               0.7991               0.4001
22   H                3.0610               1.3339              -0.8247
23   C                3.1218              -0.7508              -0.5396
24   O                3.0643              -1.0351              -1.7083
25   O                3.0674              -1.6942               0.4382
26   H                2.6061              -2.4625               0.0626


Energy:                 -652.917358 Convergence criteria  Is converged 
Maximum Force:             0.002194     0.002850  Yes
RMS Force:                 0.000828     0.001900  Yes
Maximum Displacement:      0.001501     0.003150  Yes
RMS Displacement:          0.000739     0.002100  Yes

LBFGS converged at iteration 8.
Final frame written to /home/hungn/Desktop/MyRepo/MLP/MAPLE/maple/function/dispatcher/parmfit/example/corr2_torsionfit_24-26_opt.xyz
Complete trajectory written to /home/hungn/Desktop/MyRepo/MLP/MAPLE/maple/function/dispatcher/parmfit/example/corr2_torsionfit_24-26_traj.xyz

----------------------------------------------------------------------
            Scanning combination 69/73: [517.86]

======================================================================
LBFGS Parameters
======================================================================
memory:     5
curvature:  70.0
max_step:   0.2
max_iter:   256
write_traj: False
traj_every: 1
verbose:    0
======================================================================


                             Coordinates                              
----------------------------------------------------------------------
0    C               -3.4267              -1.5597               0.1051
1    C               -2.1234              -1.5240               0.5216
2    C               -1.3565              -0.3338               0.4055
3    C               -1.9619               0.8218              -0.1468
4    C               -3.3181               0.7588              -0.5696
5    C               -4.0333              -0.4030              -0.4477
6    H                0.4487              -1.1682               1.2510
7    H               -4.0072              -2.4745               0.1947
8    H               -1.6543              -2.4085               0.9489
9    C               -0.0000              -0.2715               0.8292
10   C               -1.1884               2.0080              -0.2576
11   H               -3.7773               1.6507              -0.9914
12   H               -5.0697              -0.4474              -0.7726
13   C                0.1142               2.0356               0.1600
14   C                0.7356               0.8831               0.7149
15   H               -1.6524               2.8981              -0.6773
16   H                0.6855               2.9585               0.0774
17   C                2.1861               0.9506               1.1449
18   C                3.1902               0.6527               0.0188
19   H                2.3647               0.2493               1.9666
20   H                2.3992               1.9542               1.5286
21   H                4.2104               0.7983               0.4005
22   H                3.0612               1.3359              -0.8252
23   C                3.1160              -0.7514              -0.5385
24   O                3.0654              -1.0374              -1.7083
25   O                3.0634              -1.6924               0.4403
26   H                2.6703              -2.4848               0.0397


Energy:                 -652.918856 Convergence criteria  Is converged 
Maximum Force:             0.001565     0.002850  Yes
RMS Force:                 0.000702     0.001900  Yes
Maximum Displacement:      0.001492     0.003150  Yes
RMS Displacement:          0.000681     0.002100  Yes

LBFGS converged at iteration 8.
Final frame written to /home/hungn/Desktop/MyRepo/MLP/MAPLE/maple/function/dispatcher/parmfit/example/corr2_torsionfit_24-26_opt.xyz
Complete trajectory written to /home/hungn/Desktop/MyRepo/MLP/MAPLE/maple/function/dispatcher/parmfit/example/corr2_torsionfit_24-26_traj.xyz

----------------------------------------------------------------------
            Scanning combination 70/73: [522.86]

======================================================================
LBFGS Parameters
======================================================================
memory:     5
curvature:  70.0
max_step:   0.2
max_iter:   256
write_traj: False
traj_every: 1
verbose:    0
======================================================================


                             Coordinates                              
----------------------------------------------------------------------
0    C               -3.4268              -1.5597               0.1050
1    C               -2.1234              -1.5240               0.5216
2    C               -1.3563              -0.3338               0.4056
3    C               -1.9620               0.8218              -0.1468
4    C               -3.3182               0.7589              -0.5696
5    C               -4.0333              -0.4030              -0.4477
6    H                0.4484              -1.1681               1.2508
7    H               -4.0072              -2.4744               0.1947
8    H               -1.6543              -2.4085               0.9489
9    C               -0.0001              -0.2714               0.8294
10   C               -1.1883               2.0080              -0.2576
11   H               -3.7773               1.6506              -0.9914
12   H               -5.0697              -0.4474              -0.7726
13   C                0.1143               2.0355               0.1601
14   C                0.7361               0.8830               0.7147
15   H               -1.6524               2.8981              -0.6773
16   H                0.6855               2.9585               0.0774
17   C                2.1864               0.9506               1.1450
18   C                3.1910               0.6524               0.0191
19   H                2.3648               0.2495               1.9664
20   H                2.3993               1.9540               1.5285
21   H                4.2114               0.7976               0.4005
22   H                3.0620               1.3352              -0.8245
23   C                3.1115              -0.7514              -0.5382
24   O                3.0655              -1.0386              -1.7082
25   O                3.0576              -1.6918               0.4392
26   H                2.7362              -2.5070               0.0186


Energy:                 -652.920078 Convergence criteria  Is converged 
Maximum Force:             0.001837     0.002850  Yes
RMS Force:                 0.000743     0.001900  Yes
Maximum Displacement:      0.001085     0.003150  Yes
RMS Displacement:          0.000389     0.002100  Yes

LBFGS converged at iteration 8.
Final frame written to /home/hungn/Desktop/MyRepo/MLP/MAPLE/maple/function/dispatcher/parmfit/example/corr2_torsionfit_24-26_opt.xyz
Complete trajectory written to /home/hungn/Desktop/MyRepo/MLP/MAPLE/maple/function/dispatcher/parmfit/example/corr2_torsionfit_24-26_traj.xyz

----------------------------------------------------------------------
            Scanning combination 71/73: [527.86]

======================================================================
LBFGS Parameters
======================================================================
memory:     5
curvature:  70.0
max_step:   0.2
max_iter:   256
write_traj: False
traj_every: 1
verbose:    0
======================================================================


                             Coordinates                              
----------------------------------------------------------------------
0    C               -3.4268              -1.5597               0.1051
1    C               -2.1233              -1.5240               0.5217
2    C               -1.3563              -0.3337               0.4056
3    C               -1.9620               0.8218              -0.1468
4    C               -3.3182               0.7589              -0.5697
5    C               -4.0333              -0.4030              -0.4477
6    H                0.4480              -1.1679               1.2507
7    H               -4.0072              -2.4744               0.1947
8    H               -1.6542              -2.4086               0.9490
9    C               -0.0002              -0.2712               0.8296
10   C               -1.1883               2.0080              -0.2576
11   H               -3.7773               1.6507              -0.9914
12   H               -5.0697              -0.4474              -0.7726
13   C                0.1144               2.0354               0.1601
14   C                0.7363               0.8830               0.7145
15   H               -1.6524               2.8981              -0.6773
16   H                0.6855               2.9585               0.0774
17   C                2.1867               0.9505               1.1449
18   C                3.1919               0.6519               0.0196
19   H                2.3649               0.2495               1.9664
20   H                2.3994               1.9539               1.5285
21   H                4.2122               0.7969               0.4003
22   H                3.0626               1.3347              -0.8241
23   C                3.1066              -0.7517              -0.5382
24   O                3.0658              -1.0394              -1.7081
25   O                3.0527              -1.6914               0.4387
26   H                2.8051              -2.5244               0.0020


Energy:                 -652.921032 Convergence criteria  Is converged 
Maximum Force:             0.002402     0.002850  Yes
RMS Force:                 0.000928     0.001900  Yes
Maximum Displacement:      0.001103     0.003150  Yes
RMS Displacement:          0.000421     0.002100  Yes

LBFGS converged at iteration 8.
Final frame written to /home/hungn/Desktop/MyRepo/MLP/MAPLE/maple/function/dispatcher/parmfit/example/corr2_torsionfit_24-26_opt.xyz
Complete trajectory written to /home/hungn/Desktop/MyRepo/MLP/MAPLE/maple/function/dispatcher/parmfit/example/corr2_torsionfit_24-26_traj.xyz

----------------------------------------------------------------------
            Scanning combination 72/73: [532.86]

======================================================================
LBFGS Parameters
======================================================================
memory:     5
curvature:  70.0
max_step:   0.2
max_iter:   256
write_traj: False
traj_every: 1
verbose:    0
======================================================================


                             Coordinates                              
----------------------------------------------------------------------
0    C               -3.4266              -1.5595               0.1059
1    C               -2.1234              -1.5234               0.5229
2    C               -1.3577              -0.3325               0.4066
3    C               -1.9623               0.8228              -0.1468
4    C               -3.3182               0.7591              -0.5700
5    C               -4.0329              -0.4029              -0.4476
6    H                0.4437              -1.1686               1.2496
7    H               -4.0070              -2.4742               0.1957
8    H               -1.6537              -2.4078               0.9503
9    C               -0.0026              -0.2701               0.8315
10   C               -1.1878               2.0083              -0.2582
11   H               -3.7772               1.6507              -0.9923
12   H               -5.0691              -0.4476              -0.7727
13   C                0.1147               2.0355               0.1600
14   C                0.7345               0.8836               0.7173
15   H               -1.6513               2.8985              -0.6781
16   H                0.6866               2.9581               0.0767
17   C                2.1846               0.9500               1.1470
18   C                3.1837               0.6514               0.0180
19   H                2.3651               0.2474               1.9669
20   H                2.4002               1.9529               1.5309
21   H                4.2065               0.7823               0.3962
22   H                3.0642               1.3375              -0.8236
23   C                3.1001              -0.7497              -0.5391
24   O                3.0765              -1.0487              -1.7071
25   O                3.0525              -1.6854               0.4400
26   H                2.8849              -2.5273              -0.0150


Energy:                 -652.921790 Convergence criteria  Is converged 
Maximum Force:             0.001046     0.002850  Yes
RMS Force:                 0.000447     0.001900  Yes
Maximum Displacement:      0.001094     0.003150  Yes
RMS Displacement:          0.000617     0.002100  Yes

LBFGS converged at iteration 12.
Final frame written to /home/hungn/Desktop/MyRepo/MLP/MAPLE/maple/function/dispatcher/parmfit/example/corr2_torsionfit_24-26_opt.xyz
Complete trajectory written to /home/hungn/Desktop/MyRepo/MLP/MAPLE/maple/function/dispatcher/parmfit/example/corr2_torsionfit_24-26_traj.xyz

----------------------------------------------------------------------
            Scanning combination 73/73: [537.86]

======================================================================
LBFGS Parameters
======================================================================
memory:     5
curvature:  70.0
max_step:   0.2
max_iter:   256
write_traj: False
traj_every: 1
verbose:    0
======================================================================


                             Coordinates                              
----------------------------------------------------------------------
0    C               -3.4266              -1.5595               0.1059
1    C               -2.1234              -1.5235               0.5229
2    C               -1.3577              -0.3324               0.4066
3    C               -1.9623               0.8228              -0.1468
4    C               -3.3182               0.7592              -0.5700
5    C               -4.0329              -0.4029              -0.4476
6    H                0.4436              -1.1686               1.2495
7    H               -4.0070              -2.4742               0.1957
8    H               -1.6537              -2.4078               0.9503
9    C               -0.0027              -0.2701               0.8316
10   C               -1.1878               2.0084              -0.2582
11   H               -3.7772               1.6507              -0.9923
12   H               -5.0691              -0.4476              -0.7727
13   C                0.1148               2.0354               0.1601
14   C                0.7346               0.8837               0.7172
15   H               -1.6513               2.8985              -0.6782
16   H                0.6866               2.9581               0.0767
17   C                2.1851               0.9500               1.1469
18   C                3.1854               0.6510               0.0179
19   H                2.3651               0.2475               1.9668
20   H                2.4002               1.9528               1.5310
21   H                4.2077               0.7819               0.3964
22   H                3.0644               1.3374              -0.8234
23   C                3.0949              -0.7501              -0.5388
24   O                3.0770              -1.0486              -1.7076
25   O                3.0479              -1.6863               0.4391
26   H                2.9566              -2.5372              -0.0225


Energy:                 -652.922203 Convergence criteria  Is converged 
Maximum Force:             0.001848     0.002850  Yes
RMS Force:                 0.000645     0.001900  Yes
Maximum Displacement:      0.001878     0.003150  Yes
RMS Displacement:          0.000680     0.002100  Yes

LBFGS converged at iteration 7.
Final frame written to /home/hungn/Desktop/MyRepo/MLP/MAPLE/maple/function/dispatcher/parmfit/example/corr2_torsionfit_24-26_opt.xyz
Complete trajectory written to /home/hungn/Desktop/MyRepo/MLP/MAPLE/maple/function/dispatcher/parmfit/example/corr2_torsionfit_24-26_traj.xyz

======================================================================
Scan completed! Total points: 73Results saved to: /home/hungn/Desktop/MyRepo/MLP/MAPLE/maple/function/dispatcher/parmfit/example/corr2_torsionfit_24-26_scan_final.xyz
Energy range: -652.922203 to -652.897883 eV
