
----------------------------------------------------------------------
            Scanning combination 1/73: [95.09]

======================================================================
LBFGS Parameters
======================================================================
memory:     5
curvature:  70.0
max_step:   0.2
max_iter:   256
write_traj: False
traj_every: 1
verbose:    0
======================================================================


                             Coordinates                              
----------------------------------------------------------------------
0    C               -3.4012              -1.5689               0.0547
1    C               -2.1133              -1.5196               0.5163
2    C               -1.3574              -0.3217               0.4278
3    C               -1.9493               0.8278              -0.1503
4    C               -3.2935               0.7541              -0.6111
5    C               -4.0002              -0.4157              -0.5129
6    H                0.4008              -1.1407               1.3675
7    H               -3.9716              -2.4919               0.1168
8    H               -1.6431              -2.3998               0.9505
9    C               -0.0162              -0.2547               0.8919
10   C               -1.1683               2.0117              -0.2478
11   H               -3.7501               1.6398              -1.0484
12   H               -5.0252              -0.4708              -0.8708
13   C                0.1294               2.0359               0.1884
14   C                0.7445               0.8810               0.7456
15   H               -1.6172               2.9030              -0.6808
16   H                0.6986               2.9618               0.1175
17   C                2.2073               0.9055               1.1402
18   C                3.1893               0.5767              -0.0104
19   H                2.3808               0.1932               1.9563
20   H                2.4675               1.8967               1.5281
21   H                4.2176               0.6336               0.3628
22   H                3.0695               1.2884              -0.8317
23   C                2.9690              -0.8013              -0.5829
24   O                2.2994              -1.0671              -1.5518
25   O                3.6032              -1.7563               0.1331
26   H                3.3702              -2.5972              -0.2946


Energy:                 -652.920316 Convergence criteria  Is converged 
Maximum Force:             0.002135     0.002850  Yes
RMS Force:                 0.001158     0.001900  Yes
Maximum Displacement:      0.000030     0.003150  Yes
RMS Displacement:          0.000016     0.002100  Yes

LBFGS converged at iteration 1.
Final frame written to /home/hungn/Desktop/MyRepo/MLP/MAPLE/maple/function/dispatcher/parmfit/example/corr2_torsionfit_19-24_opt.xyz
Complete trajectory written to /home/hungn/Desktop/MyRepo/MLP/MAPLE/maple/function/dispatcher/parmfit/example/corr2_torsionfit_19-24_traj.xyz

----------------------------------------------------------------------
            Scanning combination 2/73: [100.09]

======================================================================
LBFGS Parameters
======================================================================
memory:     5
curvature:  70.0
max_step:   0.2
max_iter:   256
write_traj: False
traj_every: 1
verbose:    0
======================================================================


                             Coordinates                              
----------------------------------------------------------------------
0    C               -3.4010              -1.5663               0.0580
1    C               -2.1124              -1.5231               0.5176
2    C               -1.3514              -0.3284               0.4249
3    C               -1.9418               0.8242              -0.1494
4    C               -3.2850               0.7547              -0.6102
5    C               -3.9955              -0.4120              -0.5114
6    H                0.4233              -1.1530               1.3382
7    H               -3.9763              -2.4855               0.1258
8    H               -1.6487              -2.4039               0.9578
9    C               -0.0087              -0.2623               0.8853
10   C               -1.1632               2.0101              -0.2455
11   H               -3.7379               1.6430              -1.0457
12   H               -5.0199              -0.4637              -0.8701
13   C                0.1335               2.0348               0.1923
14   C                0.7436               0.8798               0.7547
15   H               -1.6148               2.9010              -0.6771
16   H                0.7119               2.9543               0.1063
17   C                2.2053               0.9011               1.1459
18   C                3.1714               0.5840              -0.0181
19   H                2.3839               0.1874               1.9574
20   H                2.4644               1.8875               1.5442
21   H                4.2058               0.6550               0.3368
22   H                3.0201               1.3000              -0.8295
23   C                2.9645              -0.7972              -0.5922
24   O                2.3564              -1.0659              -1.5998
25   O                3.5341              -1.7508               0.1784
26   H                3.3663              -2.5946              -0.2721


Energy:                 -652.920643 Convergence criteria  Is converged 
Maximum Force:             0.002553     0.002850  Yes
RMS Force:                 0.001361     0.001900  Yes
Maximum Displacement:      0.002522     0.003150  Yes
RMS Displacement:          0.001263     0.002100  Yes

LBFGS converged at iteration 12.
Final frame written to /home/hungn/Desktop/MyRepo/MLP/MAPLE/maple/function/dispatcher/parmfit/example/corr2_torsionfit_19-24_opt.xyz
Complete trajectory written to /home/hungn/Desktop/MyRepo/MLP/MAPLE/maple/function/dispatcher/parmfit/example/corr2_torsionfit_19-24_traj.xyz

----------------------------------------------------------------------
            Scanning combination 3/73: [105.09]

======================================================================
LBFGS Parameters
======================================================================
memory:     5
curvature:  70.0
max_step:   0.2
max_iter:   256
write_traj: False
traj_every: 1
verbose:    0
======================================================================


                             Coordinates                              
----------------------------------------------------------------------
0    C               -3.4023              -1.5648               0.0613
1    C               -2.1133              -1.5245               0.5191
2    C               -1.3490              -0.3318               0.4244
3    C               -1.9381               0.8224              -0.1478
4    C               -3.2816               0.7556              -0.6086
5    C               -3.9949              -0.4099              -0.5093
6    H                0.4303              -1.1647               1.3213
7    H               -3.9800              -2.4827               0.1305
8    H               -1.6511              -2.4062               0.9594
9    C               -0.0050              -0.2692               0.8816
10   C               -1.1578               2.0067              -0.2442
11   H               -3.7322               1.6441              -1.0456
12   H               -5.0192              -0.4599              -0.8686
13   C                0.1382               2.0304               0.1952
14   C                0.7447               0.8752               0.7610
15   H               -1.6090               2.8981              -0.6748
16   H                0.7182               2.9485               0.1091
17   C                2.2060               0.8983               1.1508
18   C                3.1572               0.5938              -0.0266
19   H                2.3935               0.1764               1.9531
20   H                2.4650               1.8823               1.5559
21   H                4.1957               0.6735               0.3110
22   H                2.9932               1.3071              -0.8386
23   C                2.9675              -0.7903              -0.5982
24   O                2.4233              -1.0646              -1.6397
25   O                3.4794              -1.7421               0.2148
26   H                3.3380              -2.5856              -0.2462


Energy:                 -652.920848 Convergence criteria  Is converged 
Maximum Force:             0.002603     0.002850  Yes
RMS Force:                 0.001225     0.001900  Yes
Maximum Displacement:      0.001914     0.003150  Yes
RMS Displacement:          0.000864     0.002100  Yes

LBFGS converged at iteration 12.
Final frame written to /home/hungn/Desktop/MyRepo/MLP/MAPLE/maple/function/dispatcher/parmfit/example/corr2_torsionfit_19-24_opt.xyz
Complete trajectory written to /home/hungn/Desktop/MyRepo/MLP/MAPLE/maple/function/dispatcher/parmfit/example/corr2_torsionfit_19-24_traj.xyz

----------------------------------------------------------------------
            Scanning combination 4/73: [110.09]

======================================================================
LBFGS Parameters
======================================================================
memory:     5
curvature:  70.0
max_step:   0.2
max_iter:   256
write_traj: False
traj_every: 1
verbose:    0
======================================================================


                             Coordinates                              
----------------------------------------------------------------------
0    C               -3.4042              -1.5639               0.0641
1    C               -2.1145              -1.5270               0.5204
2    C               -1.3477              -0.3358               0.4251
3    C               -1.9351               0.8202              -0.1456
4    C               -3.2784               0.7558              -0.6069
5    C               -3.9942              -0.4079              -0.5070
6    H                0.4371              -1.1759               1.3066
7    H               -3.9846              -2.4799               0.1351
8    H               -1.6544              -2.4097               0.9610
9    C               -0.0024              -0.2765               0.8791
10   C               -1.1544               2.0044              -0.2402
11   H               -3.7264               1.6455              -1.0446
12   H               -5.0188              -0.4553              -0.8656
13   C                0.1406               2.0263               0.2015
14   C                0.7457               0.8689               0.7638
15   H               -1.6037               2.8960              -0.6726
16   H                0.7246               2.9415               0.1145
17   C                2.2072               0.8928               1.1492
18   C                3.1504               0.6048              -0.0364
19   H                2.4020               0.1645               1.9425
20   H                2.4637               1.8737               1.5611
21   H                4.1931               0.7006               0.2883
22   H                2.9662               1.3165              -0.8449
23   C                2.9767              -0.7824              -0.6083
24   O                2.5023              -1.0601              -1.6830
25   O                3.4148              -1.7324               0.2493
26   H                3.2985              -2.5807              -0.2102


Energy:                 -652.921075 Convergence criteria  Is converged 
Maximum Force:             0.002601     0.002850  Yes
RMS Force:                 0.001443     0.001900  Yes
Maximum Displacement:      0.002582     0.003150  Yes
RMS Displacement:          0.001138     0.002100  Yes

LBFGS converged at iteration 12.
Final frame written to /home/hungn/Desktop/MyRepo/MLP/MAPLE/maple/function/dispatcher/parmfit/example/corr2_torsionfit_19-24_opt.xyz
Complete trajectory written to /home/hungn/Desktop/MyRepo/MLP/MAPLE/maple/function/dispatcher/parmfit/example/corr2_torsionfit_19-24_traj.xyz

----------------------------------------------------------------------
            Scanning combination 5/73: [115.09]

======================================================================
LBFGS Parameters
======================================================================
memory:     5
curvature:  70.0
max_step:   0.2
max_iter:   256
write_traj: False
traj_every: 1
verbose:    0
======================================================================


                             Coordinates                              
----------------------------------------------------------------------
0    C               -3.4062              -1.5634               0.0666
1    C               -2.1160              -1.5289               0.5214
2    C               -1.3471              -0.3387               0.4255
3    C               -1.9334               0.8184              -0.1438
4    C               -3.2769               0.7561              -0.6050
5    C               -3.9948              -0.4064              -0.5045
6    H                0.4386              -1.1846               1.2987
7    H               -3.9888              -2.4781               0.1385
8    H               -1.6574              -2.4126               0.9618
9    C               -0.0007              -0.2824               0.8775
10   C               -1.1522               2.0024              -0.2360
11   H               -3.7230               1.6467              -1.0427
12   H               -5.0195              -0.4518              -0.8629
13   C                0.1424               2.0221               0.2056
14   C                0.7467               0.8634               0.7656
15   H               -1.6008               2.8946              -0.6683
16   H                0.7285               2.9358               0.1193
17   C                2.2087               0.8901               1.1488
18   C                3.1436               0.6130              -0.0449
19   H                2.4108               0.1546               1.9334
20   H                2.4631               1.8694               1.5658
21   H                4.1888               0.7218               0.2687
22   H                2.9480               1.3226              -0.8538
23   C                2.9876              -0.7763              -0.6169
24   O                2.5873              -1.0584              -1.7195
25   O                3.3550              -1.7250               0.2775
26   H                3.2613              -2.5746              -0.1839


Energy:                 -652.921267 Convergence criteria  Is converged 
Maximum Force:             0.002300     0.002850  Yes
RMS Force:                 0.001256     0.001900  Yes
Maximum Displacement:      0.002096     0.003150  Yes
RMS Displacement:          0.001034     0.002100  Yes

LBFGS converged at iteration 13.
Final frame written to /home/hungn/Desktop/MyRepo/MLP/MAPLE/maple/function/dispatcher/parmfit/example/corr2_torsionfit_19-24_opt.xyz
Complete trajectory written to /home/hungn/Desktop/MyRepo/MLP/MAPLE/maple/function/dispatcher/parmfit/example/corr2_torsionfit_19-24_traj.xyz

----------------------------------------------------------------------
            Scanning combination 6/73: [120.09]

======================================================================
LBFGS Parameters
======================================================================
memory:     5
curvature:  70.0
max_step:   0.2
max_iter:   256
write_traj: False
traj_every: 1
verbose:    0
======================================================================


                             Coordinates                              
----------------------------------------------------------------------
0    C               -3.4086              -1.5629               0.0687
1    C               -2.1181              -1.5303               0.5226
2    C               -1.3481              -0.3409               0.4271
3    C               -1.9333               0.8173              -0.1412
4    C               -3.2766               0.7566              -0.6027
5    C               -3.9959              -0.4050              -0.5020
6    H                0.4363              -1.1908               1.2978
7    H               -3.9926              -2.4767               0.1410
8    H               -1.6603              -2.4148               0.9623
9    C               -0.0010              -0.2871               0.8780
10   C               -1.1515               2.0009              -0.2320
11   H               -3.7213               1.6479              -1.0401
12   H               -5.0208              -0.4490              -0.8601
13   C                0.1433               2.0185               0.2091
14   C                0.7467               0.8585               0.7670
15   H               -1.5991               2.8939              -0.6636
16   H                0.7314               2.9309               0.1233
17   C                2.2096               0.8869               1.1462
18   C                3.1382               0.6198              -0.0527
19   H                2.4173               0.1475               1.9251
20   H                2.4621               1.8653               1.5662
21   H                4.1850               0.7400               0.2526
22   H                2.9335               1.3274              -0.8611
23   C                3.0013              -0.7716              -0.6253
24   O                2.6791              -1.0559              -1.7523
25   O                3.2966              -1.7190               0.2977
26   H                3.2286              -2.5707              -0.1645


Energy:                 -652.921445 Convergence criteria  Is converged 
Maximum Force:             0.002114     0.002850  Yes
RMS Force:                 0.001221     0.001900  Yes
Maximum Displacement:      0.002362     0.003150  Yes
RMS Displacement:          0.001077     0.002100  Yes

LBFGS converged at iteration 13.
Final frame written to /home/hungn/Desktop/MyRepo/MLP/MAPLE/maple/function/dispatcher/parmfit/example/corr2_torsionfit_19-24_opt.xyz
Complete trajectory written to /home/hungn/Desktop/MyRepo/MLP/MAPLE/maple/function/dispatcher/parmfit/example/corr2_torsionfit_19-24_traj.xyz

----------------------------------------------------------------------
            Scanning combination 7/73: [125.09]

======================================================================
LBFGS Parameters
======================================================================
memory:     5
curvature:  70.0
max_step:   0.2
max_iter:   256
write_traj: False
traj_every: 1
verbose:    0
======================================================================


                             Coordinates                              
----------------------------------------------------------------------
0    C               -3.4117              -1.5623               0.0708
1    C               -2.1213              -1.5311               0.5248
2    C               -1.3504              -0.3422               0.4304
3    C               -1.9344               0.8165              -0.1378
4    C               -3.2775               0.7572              -0.5997
5    C               -3.9979              -0.4037              -0.4994
6    H                0.4327              -1.1953               1.3002
7    H               -3.9965              -2.4757               0.1427
8    H               -1.6638              -2.4162               0.9636
9    C               -0.0026              -0.2908               0.8802
10   C               -1.1518               1.9997              -0.2282
11   H               -3.7211               1.6491              -1.0372
12   H               -5.0227              -0.4466              -0.8577
13   C                0.1433               2.0152               0.2119
14   C                0.7459               0.8542               0.7681
15   H               -1.5984               2.8934              -0.6592
16   H                0.7333               2.9263               0.1257
17   C                2.2098               0.8840               1.1425
18   C                3.1341               0.6250              -0.0596
19   H                2.4227               0.1422               1.9171
20   H                2.4608               1.8616               1.5651
21   H                4.1820               0.7570               0.2393
22   H                2.9217               1.3300              -0.8683
23   C                3.0183              -0.7679              -0.6333
24   O                2.7789              -1.0531              -1.7805
25   O                3.2385              -1.7149               0.3113
26   H                3.1992              -2.5674              -0.1527


Energy:                 -652.921633 Convergence criteria  Is converged 
Maximum Force:             0.002336     0.002850  Yes
RMS Force:                 0.001303     0.001900  Yes
Maximum Displacement:      0.001662     0.003150  Yes
RMS Displacement:          0.000977     0.002100  Yes

LBFGS converged at iteration 13.
Final frame written to /home/hungn/Desktop/MyRepo/MLP/MAPLE/maple/function/dispatcher/parmfit/example/corr2_torsionfit_19-24_opt.xyz
Complete trajectory written to /home/hungn/Desktop/MyRepo/MLP/MAPLE/maple/function/dispatcher/parmfit/example/corr2_torsionfit_19-24_traj.xyz

----------------------------------------------------------------------
            Scanning combination 8/73: [130.09]

======================================================================
LBFGS Parameters
======================================================================
memory:     5
curvature:  70.0
max_step:   0.2
max_iter:   256
write_traj: False
traj_every: 1
verbose:    0
======================================================================


                             Coordinates                              
----------------------------------------------------------------------
0    C               -3.4154              -1.5617               0.0734
1    C               -2.1251              -1.5315               0.5279
2    C               -1.3529              -0.3434               0.4340
3    C               -1.9362               0.8160              -0.1340
4    C               -3.2793               0.7579              -0.5962
5    C               -4.0006              -0.4025              -0.4965
6    H                0.4297              -1.1991               1.3019
7    H               -4.0007              -2.4748               0.1444
8    H               -1.6684              -2.4173               0.9662
9    C               -0.0043              -0.2940               0.8822
10   C               -1.1530               1.9985              -0.2246
11   H               -3.7218               1.6503              -1.0337
12   H               -5.0252              -0.4444              -0.8555
13   C                0.1427               2.0122               0.2137
14   C                0.7451               0.8502               0.7680
15   H               -1.5989               2.8928              -0.6550
16   H                0.7343               2.9221               0.1269
17   C                2.2096               0.8814               1.1386
18   C                3.1312               0.6292              -0.0653
19   H                2.4268               0.1376               1.9098
20   H                2.4592               1.8586               1.5627
21   H                4.1795               0.7731               0.2286
22   H                2.9128               1.3313              -0.8750
23   C                3.0372              -0.7646              -0.6404
24   O                2.8835              -1.0499              -1.8023
25   O                3.1800              -1.7119               0.3188
26   H                3.1708              -2.5646              -0.1463


Energy:                 -652.921849 Convergence criteria  Is converged 
Maximum Force:             0.002465     0.002850  Yes
RMS Force:                 0.001382     0.001900  Yes
Maximum Displacement:      0.001536     0.003150  Yes
RMS Displacement:          0.000972     0.002100  Yes

LBFGS converged at iteration 13.
Final frame written to /home/hungn/Desktop/MyRepo/MLP/MAPLE/maple/function/dispatcher/parmfit/example/corr2_torsionfit_19-24_opt.xyz
Complete trajectory written to /home/hungn/Desktop/MyRepo/MLP/MAPLE/maple/function/dispatcher/parmfit/example/corr2_torsionfit_19-24_traj.xyz

----------------------------------------------------------------------
            Scanning combination 9/73: [135.09]

======================================================================
LBFGS Parameters
======================================================================
memory:     5
curvature:  70.0
max_step:   0.2
max_iter:   256
write_traj: False
traj_every: 1
verbose:    0
======================================================================


                             Coordinates                              
----------------------------------------------------------------------
0    C               -3.4169              -1.5614               0.0748
1    C               -2.1264              -1.5304               0.5297
2    C               -1.3525              -0.3436               0.4344
3    C               -1.9367               0.8163              -0.1306
4    C               -3.2800               0.7581              -0.5942
5    C               -4.0018              -0.4023              -0.4963
6    H                0.4288              -1.2004               1.3023
7    H               -4.0028              -2.4745               0.1455
8    H               -1.6709              -2.4170               0.9671
9    C               -0.0026              -0.2961               0.8794
10   C               -1.1511               1.9970              -0.2225
11   H               -3.7229               1.6504              -1.0323
12   H               -5.0275              -0.4440              -0.8543
13   C                0.1464               2.0092               0.2107
14   C                0.7472               0.8486               0.7710
15   H               -1.5990               2.8904              -0.6517
16   H                0.7338               2.9225               0.1277
17   C                2.2124               0.8796               1.1460
18   C                3.1163               0.6324              -0.0741
19   H                2.4331               0.1301               1.9141
20   H                2.4619               1.8613               1.5650
21   H                4.1644               0.7715               0.2165
22   H                2.9120               1.3401              -0.8821
23   C                3.0345              -0.7638              -0.6448
24   O                2.9502              -1.0552              -1.8121
25   O                3.1429              -1.7058               0.3231
26   H                3.1591              -2.5554              -0.1470


Energy:                 -652.921840 Convergence criteria  Is converged 
Maximum Force:             0.002752     0.002850  Yes
RMS Force:                 0.001538     0.001900  Yes
Maximum Displacement:      0.001203     0.003150  Yes
RMS Displacement:          0.000756     0.002100  Yes

LBFGS converged at iteration 9.
Final frame written to /home/hungn/Desktop/MyRepo/MLP/MAPLE/maple/function/dispatcher/parmfit/example/corr2_torsionfit_19-24_opt.xyz
Complete trajectory written to /home/hungn/Desktop/MyRepo/MLP/MAPLE/maple/function/dispatcher/parmfit/example/corr2_torsionfit_19-24_traj.xyz

----------------------------------------------------------------------
            Scanning combination 10/73: [140.09]

======================================================================
LBFGS Parameters
======================================================================
memory:     5
curvature:  70.0
max_step:   0.2
max_iter:   256
write_traj: False
traj_every: 1
verbose:    0
======================================================================


                             Coordinates                              
----------------------------------------------------------------------
0    C               -3.4213              -1.5615               0.0783
1    C               -2.1310              -1.5324               0.5337
2    C               -1.3561              -0.3460               0.4390
3    C               -1.9393               0.8154              -0.1254
4    C               -3.2816               0.7583              -0.5894
5    C               -4.0043              -0.4013              -0.4923
6    H                0.4252              -1.2043               1.3039
7    H               -4.0085              -2.4736               0.1495
8    H               -1.6761              -2.4196               0.9711
9    C               -0.0058              -0.2998               0.8816
10   C               -1.1548               1.9968              -0.2167
11   H               -3.7220               1.6523              -1.0265
12   H               -5.0300              -0.4405              -0.8494
13   C                0.1431               2.0067               0.2153
14   C                0.7462               0.8426               0.7650
15   H               -1.6005               2.8907              -0.6480
16   H                0.7351               2.9167               0.1319
17   C                2.2119               0.8760               1.1334
18   C                3.1269               0.6371              -0.0752
19   H                2.4326               0.1265               1.8994
20   H                2.4553               1.8567               1.5547
21   H                4.1740               0.8178               0.2043
22   H                2.8944               1.3266              -0.8912
23   C                3.0731              -0.7605              -0.6477
24   O                3.0908              -1.0378              -1.8208
25   O                3.0640              -1.7108               0.3186
26   H                3.1013              -2.5647              -0.1443


Energy:                 -652.922107 Convergence criteria  Is converged 
Maximum Force:             0.001880     0.002850  Yes
RMS Force:                 0.000998     0.001900  Yes
Maximum Displacement:      0.001628     0.003150  Yes
RMS Displacement:          0.000693     0.002100  Yes

LBFGS converged at iteration 15.
Final frame written to /home/hungn/Desktop/MyRepo/MLP/MAPLE/maple/function/dispatcher/parmfit/example/corr2_torsionfit_19-24_opt.xyz
Complete trajectory written to /home/hungn/Desktop/MyRepo/MLP/MAPLE/maple/function/dispatcher/parmfit/example/corr2_torsionfit_19-24_traj.xyz

----------------------------------------------------------------------
            Scanning combination 11/73: [145.09]

======================================================================
LBFGS Parameters
======================================================================
memory:     5
curvature:  70.0
max_step:   0.2
max_iter:   256
write_traj: False
traj_every: 1
verbose:    0
======================================================================


                             Coordinates                              
----------------------------------------------------------------------
0    C               -3.4242              -1.5609               0.0810
1    C               -2.1329              -1.5333               0.5343
2    C               -1.3565              -0.3477               0.4382
3    C               -1.9397               0.8137              -0.1265
4    C               -3.2833               0.7585              -0.5875
5    C               -4.0070              -0.4002              -0.4886
6    H                0.4248              -1.2077               1.3006
7    H               -4.0119              -2.4724               0.1529
8    H               -1.6794              -2.4205               0.9734
9    C               -0.0069              -0.3016               0.8831
10   C               -1.1553               1.9954              -0.2160
11   H               -3.7243               1.6532              -1.0224
12   H               -5.0325              -0.4391              -0.8460
13   C                0.1421               2.0046               0.2168
14   C                0.7449               0.8415               0.7685
15   H               -1.6012               2.8910              -0.6438
16   H                0.7356               2.9133               0.1296
17   C                2.2119               0.8765               1.1327
18   C                3.1189               0.6406              -0.0814
19   H                2.4397               0.1273               1.8954
20   H                2.4566               1.8558               1.5564
21   H                4.1685               0.8158               0.1931
22   H                2.8850               1.3330              -0.8948
23   C                3.0835              -0.7578              -0.6507
24   O                3.1831              -1.0414              -1.8192
25   O                3.0133              -1.7062               0.3143
26   H                3.0820              -2.5580              -0.1490


Energy:                 -652.922008 Convergence criteria  Is converged 
Maximum Force:             0.001798     0.002850  Yes
RMS Force:                 0.001018     0.001900  Yes
Maximum Displacement:      0.000869     0.003150  Yes
RMS Displacement:          0.000630     0.002100  Yes

LBFGS converged at iteration 14.
Final frame written to /home/hungn/Desktop/MyRepo/MLP/MAPLE/maple/function/dispatcher/parmfit/example/corr2_torsionfit_19-24_opt.xyz
Complete trajectory written to /home/hungn/Desktop/MyRepo/MLP/MAPLE/maple/function/dispatcher/parmfit/example/corr2_torsionfit_19-24_traj.xyz

----------------------------------------------------------------------
            Scanning combination 12/73: [150.09]

======================================================================
LBFGS Parameters
======================================================================
memory:     5
curvature:  70.0
max_step:   0.2
max_iter:   256
write_traj: False
traj_every: 1
verbose:    0
======================================================================


                             Coordinates                              
----------------------------------------------------------------------
0    C               -3.4252              -1.5601               0.0826
1    C               -2.1338              -1.5324               0.5353
2    C               -1.3564              -0.3477               0.4384
3    C               -1.9398               0.8138              -0.1244
4    C               -3.2840               0.7592              -0.5851
5    C               -4.0084              -0.3996              -0.4871
6    H                0.4237              -1.2090               1.3010
7    H               -4.0130              -2.4718               0.1541
8    H               -1.6807              -2.4199               0.9736
9    C               -0.0064              -0.3029               0.8825
10   C               -1.1531               1.9937              -0.2153
11   H               -3.7257               1.6529              -1.0215
12   H               -5.0344              -0.4390              -0.8446
13   C                0.1452               2.0027               0.2152
14   C                0.7457               0.8406               0.7732
15   H               -1.6005               2.8888              -0.6410
16   H                0.7354               2.9141               0.1299
17   C                2.2144               0.8741               1.1378
18   C                3.1039               0.6429              -0.0923
19   H                2.4455               0.1238               1.9008
20   H                2.4598               1.8550               1.5604
21   H                4.1531               0.8119               0.1819
22   H                2.8782               1.3435              -0.9016
23   C                3.0825              -0.7571              -0.6583
24   O                3.2520              -1.0511              -1.8159
25   O                2.9773              -1.6992               0.3092
26   H                3.0731              -2.5480              -0.1528


Energy:                 -652.921607 Convergence criteria  Is converged 
Maximum Force:             0.002515     0.002850  Yes
RMS Force:                 0.001436     0.001900  Yes
Maximum Displacement:      0.001282     0.003150  Yes
RMS Displacement:          0.000680     0.002100  Yes

LBFGS converged at iteration 9.
Final frame written to /home/hungn/Desktop/MyRepo/MLP/MAPLE/maple/function/dispatcher/parmfit/example/corr2_torsionfit_19-24_opt.xyz
Complete trajectory written to /home/hungn/Desktop/MyRepo/MLP/MAPLE/maple/function/dispatcher/parmfit/example/corr2_torsionfit_19-24_traj.xyz

----------------------------------------------------------------------
            Scanning combination 13/73: [155.09]

======================================================================
LBFGS Parameters
======================================================================
memory:     5
curvature:  70.0
max_step:   0.2
max_iter:   256
write_traj: False
traj_every: 1
verbose:    0
======================================================================


                             Coordinates                              
----------------------------------------------------------------------
0    C               -3.4310              -1.5598               0.0869
1    C               -2.1401              -1.5328               0.5406
2    C               -1.3632              -0.3473               0.4462
3    C               -1.9451               0.8151              -0.1177
4    C               -3.2882               0.7604              -0.5796
5    C               -4.0128              -0.3980              -0.4820
6    H                0.4142              -1.2097               1.3096
7    H               -4.0196              -2.4711               0.1580
8    H               -1.6855              -2.4211               0.9766
9    C               -0.0130              -0.3041               0.8874
10   C               -1.1582               1.9949              -0.2093
11   H               -3.7271               1.6552              -1.0165
12   H               -5.0388              -0.4355              -0.8388
13   C                0.1410               2.0006               0.2185
14   C                0.7439               0.8346               0.7650
15   H               -1.6023               2.8902              -0.6390
16   H                0.7356               2.9087               0.1338
17   C                2.2125               0.8695               1.1245
18   C                3.1172               0.6458              -0.0914
19   H                2.4424               0.1171               1.8849
20   H                2.4529               1.8493               1.5498
21   H                4.1622               0.8734               0.1628
22   H                2.8526               1.3168              -0.9149
23   C                3.1380              -0.7570              -0.6536
24   O                3.4156              -1.0333              -1.7940
25   O                2.9047              -1.7087               0.2810
26   H                3.0156              -2.5617              -0.1722


Energy:                 -652.921589 Convergence criteria  Is converged 
Maximum Force:             0.002461     0.002850  Yes
RMS Force:                 0.001321     0.001900  Yes
Maximum Displacement:      0.002558     0.003150  Yes
RMS Displacement:          0.001284     0.002100  Yes

LBFGS converged at iteration 15.
Final frame written to /home/hungn/Desktop/MyRepo/MLP/MAPLE/maple/function/dispatcher/parmfit/example/corr2_torsionfit_19-24_opt.xyz
Complete trajectory written to /home/hungn/Desktop/MyRepo/MLP/MAPLE/maple/function/dispatcher/parmfit/example/corr2_torsionfit_19-24_traj.xyz

----------------------------------------------------------------------
            Scanning combination 14/73: [160.09]

======================================================================
LBFGS Parameters
======================================================================
memory:     5
curvature:  70.0
max_step:   0.2
max_iter:   256
write_traj: False
traj_every: 1
verbose:    0
======================================================================


                             Coordinates                              
----------------------------------------------------------------------
0    C               -3.4346              -1.5583               0.0892
1    C               -2.1429              -1.5331               0.5416
2    C               -1.3651              -0.3483               0.4457
3    C               -1.9463               0.8138              -0.1190
4    C               -3.2905               0.7612              -0.5781
5    C               -4.0157              -0.3965              -0.4789
6    H                0.4129              -1.2117               1.3083
7    H               -4.0227              -2.4693               0.1612
8    H               -1.6893              -2.4205               0.9799
9    C               -0.0157              -0.3052               0.8905
10   C               -1.1587               1.9937              -0.2093
11   H               -3.7305               1.6563              -1.0125
12   H               -5.0413              -0.4341              -0.8357
13   C                0.1397               1.9988               0.2199
14   C                0.7413               0.8343               0.7703
15   H               -1.6027               2.8910              -0.6354
16   H                0.7366               2.9054               0.1291
17   C                2.2126               0.8676               1.1225
18   C                3.1068               0.6492              -0.1006
19   H                2.4489               0.1167               1.8800
20   H                2.4556               1.8448               1.5505
21   H                4.1538               0.8686               0.1515
22   H                2.8408               1.3272              -0.9176
23   C                3.1478              -0.7548              -0.6565
24   O                3.5018              -1.0377              -1.7737
25   O                2.8662              -1.7056               0.2657
26   H                3.0098              -2.5562              -0.1821


Energy:                 -652.921196 Convergence criteria  Is converged 
Maximum Force:             0.002217     0.002850  Yes
RMS Force:                 0.001335     0.001900  Yes
Maximum Displacement:      0.002010     0.003150  Yes
RMS Displacement:          0.000826     0.002100  Yes

LBFGS converged at iteration 12.
Final frame written to /home/hungn/Desktop/MyRepo/MLP/MAPLE/maple/function/dispatcher/parmfit/example/corr2_torsionfit_19-24_opt.xyz
Complete trajectory written to /home/hungn/Desktop/MyRepo/MLP/MAPLE/maple/function/dispatcher/parmfit/example/corr2_torsionfit_19-24_traj.xyz

----------------------------------------------------------------------
            Scanning combination 15/73: [165.09]

======================================================================
LBFGS Parameters
======================================================================
memory:     5
curvature:  70.0
max_step:   0.2
max_iter:   256
write_traj: False
traj_every: 1
verbose:    0
======================================================================


                             Coordinates                              
----------------------------------------------------------------------
0    C               -3.4417              -1.5570               0.0949
1    C               -2.1499              -1.5317               0.5479
2    C               -1.3717              -0.3472               0.4514
3    C               -1.9528               0.8160              -0.1123
4    C               -3.2962               0.7629              -0.5727
5    C               -4.0219              -0.3945              -0.4737
6    H                0.4055              -1.2119               1.3123
7    H               -4.0310              -2.4675               0.1660
8    H               -1.6960              -2.4204               0.9838
9    C               -0.0204              -0.3068               0.8894
10   C               -1.1631               1.9941              -0.2061
11   H               -3.7346               1.6588              -1.0075
12   H               -5.0482              -0.4304              -0.8298
13   C                0.1379               1.9952               0.2157
14   C                0.7407               0.8294               0.7641
15   H               -1.6064               2.8916              -0.6331
16   H                0.7354               2.9013               0.1284
17   C                2.2138               0.8611               1.1183
18   C                3.1141               0.6488              -0.1040
19   H                2.4453               0.1039               1.8728
20   H                2.4493               1.8425               1.5458
21   H                4.1514               0.9164               0.1396
22   H                2.8263               1.3062              -0.9292
23   C                3.1972              -0.7559              -0.6546
24   O                3.6432              -1.0356              -1.7404
25   O                2.8136              -1.7048               0.2292
26   H                2.9777              -2.5560              -0.2095


Energy:                 -652.920959 Convergence criteria  Is converged 
Maximum Force:             0.001977     0.002850  Yes
RMS Force:                 0.001026     0.001900  Yes
Maximum Displacement:      0.001756     0.003150  Yes
RMS Displacement:          0.000781     0.002100  Yes

LBFGS converged at iteration 17.
Final frame written to /home/hungn/Desktop/MyRepo/MLP/MAPLE/maple/function/dispatcher/parmfit/example/corr2_torsionfit_19-24_opt.xyz
Complete trajectory written to /home/hungn/Desktop/MyRepo/MLP/MAPLE/maple/function/dispatcher/parmfit/example/corr2_torsionfit_19-24_traj.xyz

----------------------------------------------------------------------
            Scanning combination 16/73: [170.09]

======================================================================
LBFGS Parameters
======================================================================
memory:     5
curvature:  70.0
max_step:   0.2
max_iter:   256
write_traj: False
traj_every: 1
verbose:    0
======================================================================


                             Coordinates                              
----------------------------------------------------------------------
0    C               -3.4435              -1.5551               0.0968
1    C               -2.1513              -1.5305               0.5481
2    C               -1.3712              -0.3479               0.4498
3    C               -1.9520               0.8152              -0.1132
4    C               -3.2974               0.7641              -0.5702
5    C               -4.0242              -0.3928              -0.4711
6    H                0.4053              -1.2138               1.3115
7    H               -4.0321              -2.4659               0.1678
8    H               -1.6985              -2.4186               0.9852
9    C               -0.0205              -0.3083               0.8894
10   C               -1.1603               1.9916              -0.2068
11   H               -3.7376               1.6587              -1.0061
12   H               -5.0504              -0.4304              -0.8286
13   C                0.1403               1.9941               0.2155
14   C                0.7399               0.8285               0.7687
15   H               -1.6054               2.8893              -0.6295
16   H                0.7357               2.9020               0.1250
17   C                2.2144               0.8576               1.1198
18   C                3.0967               0.6529              -0.1180
19   H                2.4520               0.1054               1.8769
20   H                2.4540               1.8351               1.5512
21   H                4.1359               0.9059               0.1312
22   H                2.8164               1.3237              -0.9365
23   C                3.1952              -0.7537              -0.6625
24   O                3.7042              -1.0453              -1.7172
25   O                2.7918              -1.6993               0.2163
26   H                2.9772              -2.5480              -0.2177


Energy:                 -652.920292 Convergence criteria  Is converged 
Maximum Force:             0.002766     0.002850  Yes
RMS Force:                 0.001404     0.001900  Yes
Maximum Displacement:      0.001471     0.003150  Yes
RMS Displacement:          0.000856     0.002100  Yes

LBFGS converged at iteration 9.
Final frame written to /home/hungn/Desktop/MyRepo/MLP/MAPLE/maple/function/dispatcher/parmfit/example/corr2_torsionfit_19-24_opt.xyz
Complete trajectory written to /home/hungn/Desktop/MyRepo/MLP/MAPLE/maple/function/dispatcher/parmfit/example/corr2_torsionfit_19-24_traj.xyz

----------------------------------------------------------------------
            Scanning combination 17/73: [175.09]

======================================================================
LBFGS Parameters
======================================================================
memory:     5
curvature:  70.0
max_step:   0.2
max_iter:   256
write_traj: False
traj_every: 1
verbose:    0
======================================================================


                             Coordinates                              
----------------------------------------------------------------------
0    C               -3.4468              -1.5549               0.0994
1    C               -2.1544              -1.5313               0.5507
2    C               -1.3747              -0.3478               0.4541
3    C               -1.9546               0.8159              -0.1099
4    C               -3.2990               0.7648              -0.5685
5    C               -4.0263              -0.3919              -0.4687
6    H                0.4026              -1.2161               1.3103
7    H               -4.0377              -2.4643               0.1727
8    H               -1.7014              -2.4200               0.9878
9    C               -0.0244              -0.3093               0.8938
10   C               -1.1631               1.9929              -0.2034
11   H               -3.7377               1.6612              -1.0017
12   H               -5.0533              -0.4263              -0.8225
13   C                0.1377               1.9923               0.2194
14   C                0.7377               0.8263               0.7700
15   H               -1.6047               2.8907              -0.6308
16   H                0.7383               2.8955               0.1241
17   C                2.2137               0.8535               1.1134
18   C                3.0983               0.6559              -0.1227
19   H                2.4553               0.0922               1.8603
20   H                2.4542               1.8309               1.5464
21   H                4.1347               0.9345               0.1101
22   H                2.7910               1.3169              -0.9400
23   C                3.2258              -0.7512              -0.6600
24   O                3.8166              -1.0416              -1.6714
25   O                2.7237              -1.6935               0.1680
26   H                2.9682              -2.5473              -0.2271


Energy:                 -652.919861 Convergence criteria  Is converged 
Maximum Force:             0.002833     0.002850  Yes
RMS Force:                 0.001364     0.001900  Yes
Maximum Displacement:      0.001686     0.003150  Yes
RMS Displacement:          0.001035     0.002100  Yes

LBFGS converged at iteration 10.
Final frame written to /home/hungn/Desktop/MyRepo/MLP/MAPLE/maple/function/dispatcher/parmfit/example/corr2_torsionfit_19-24_opt.xyz
Complete trajectory written to /home/hungn/Desktop/MyRepo/MLP/MAPLE/maple/function/dispatcher/parmfit/example/corr2_torsionfit_19-24_traj.xyz

----------------------------------------------------------------------
            Scanning combination 18/73: [180.09]

======================================================================
LBFGS Parameters
======================================================================
memory:     5
curvature:  70.0
max_step:   0.2
max_iter:   256
write_traj: False
traj_every: 1
verbose:    0
======================================================================


                             Coordinates                              
----------------------------------------------------------------------
0    C               -3.4546              -1.5513               0.1079
1    C               -2.1606              -1.5306               0.5562
2    C               -1.3783              -0.3497               0.4550
3    C               -1.9580               0.8157              -0.1076
4    C               -3.3044               0.7676              -0.5605
5    C               -4.0329              -0.3876              -0.4589
6    H                0.4006              -1.2190               1.3088
7    H               -4.0449              -2.4607               0.1789
8    H               -1.7083              -2.4198               0.9924
9    C               -0.0267              -0.3130               0.8894
10   C               -1.1653               1.9908              -0.2037
11   H               -3.7421               1.6641              -0.9946
12   H               -5.0591              -0.4219              -0.8153
13   C                0.1368               1.9885               0.2139
14   C                0.7368               0.8200               0.7598
15   H               -1.6074               2.8918              -0.6243
16   H                0.7388               2.8904               0.1207
17   C                2.2112               0.8498               1.1039
18   C                3.1082               0.6609              -0.1242
19   H                2.4520               0.0859               1.8474
20   H                2.4474               1.8214               1.5493
21   H                4.1303               0.9972               0.0905
22   H                2.7650               1.2814              -0.9597
23   C                3.2834              -0.7512              -0.6372
24   O                3.9621              -1.0378              -1.5924
25   O                2.6807              -1.6939               0.1188
26   H                2.9184              -2.5462              -0.2843


Energy:                 -652.919723 Convergence criteria  Is converged 
Maximum Force:             0.001751     0.002850  Yes
RMS Force:                 0.001332     0.001900  Yes
Maximum Displacement:      0.002601     0.003150  Yes
RMS Displacement:          0.000944     0.002100  Yes

LBFGS converged at iteration 15.
Final frame written to /home/hungn/Desktop/MyRepo/MLP/MAPLE/maple/function/dispatcher/parmfit/example/corr2_torsionfit_19-24_opt.xyz
Complete trajectory written to /home/hungn/Desktop/MyRepo/MLP/MAPLE/maple/function/dispatcher/parmfit/example/corr2_torsionfit_19-24_traj.xyz

----------------------------------------------------------------------
            Scanning combination 19/73: [185.09]

======================================================================
LBFGS Parameters
======================================================================
memory:     5
curvature:  70.0
max_step:   0.2
max_iter:   256
write_traj: False
traj_every: 1
verbose:    0
======================================================================


                             Coordinates                              
----------------------------------------------------------------------
0    C               -3.4621              -1.5490               0.1149
1    C               -2.1669              -1.5293               0.5593
2    C               -1.3822              -0.3498               0.4557
3    C               -1.9626               0.8167              -0.1017
4    C               -3.3096               0.7697              -0.5526
5    C               -4.0404              -0.3849              -0.4511
6    H                0.4003              -1.2229               1.2973
7    H               -4.0553              -2.4567               0.1914
8    H               -1.7138              -2.4191               0.9927
9    C               -0.0263              -0.3171               0.8783
10   C               -1.1657               1.9892              -0.2036
11   H               -3.7473               1.6665              -0.9859
12   H               -5.0696              -0.4163              -0.7993
13   C                0.1399               1.9838               0.2041
14   C                0.7397               0.8137               0.7465
15   H               -1.6105               2.8881              -0.6247
16   H                0.7401               2.8886               0.1126
17   C                2.2120               0.8423               1.1023
18   C                3.1188               0.6628              -0.1214
19   H                2.4428               0.0801               1.8529
20   H                2.4368               1.8158               1.5497
21   H                4.1236               1.0517               0.0808
22   H                2.7494               1.2449              -0.9740
23   C                3.3295              -0.7495              -0.6204
24   O                4.0848              -1.0424              -1.5146
25   O                2.6341              -1.6867               0.0573
26   H                2.8915              -2.5403              -0.3285


Energy:                 -652.919404 Convergence criteria  Is converged 
Maximum Force:             0.002053     0.002850  Yes
RMS Force:                 0.001019     0.001900  Yes
Maximum Displacement:      0.002098     0.003150  Yes
RMS Displacement:          0.001100     0.002100  Yes

LBFGS converged at iteration 20.
Final frame written to /home/hungn/Desktop/MyRepo/MLP/MAPLE/maple/function/dispatcher/parmfit/example/corr2_torsionfit_19-24_opt.xyz
Complete trajectory written to /home/hungn/Desktop/MyRepo/MLP/MAPLE/maple/function/dispatcher/parmfit/example/corr2_torsionfit_19-24_traj.xyz

----------------------------------------------------------------------
            Scanning combination 20/73: [190.09]

======================================================================
LBFGS Parameters
======================================================================
memory:     5
curvature:  70.0
max_step:   0.2
max_iter:   256
write_traj: False
traj_every: 1
verbose:    0
======================================================================


                             Coordinates                              
----------------------------------------------------------------------
0    C               -3.4614              -1.5483               0.1158
1    C               -2.1655              -1.5294               0.5588
2    C               -1.3807              -0.3504               0.4554
3    C               -1.9604               0.8159              -0.1038
4    C               -3.3088               0.7703              -0.5523
5    C               -4.0402              -0.3836              -0.4486
6    H                0.4011              -1.2246               1.2971
7    H               -4.0544              -2.4560               0.1915
8    H               -1.7136              -2.4193               0.9933
9    C               -0.0266              -0.3174               0.8826
10   C               -1.1640               1.9883              -0.2032
11   H               -3.7475               1.6670              -0.9855
12   H               -5.0688              -0.4160              -0.7996
13   C                0.1403               1.9835               0.2078
14   C                0.7387               0.8145               0.7546
15   H               -1.6075               2.8878              -0.6235
16   H                0.7412               2.8869               0.1121
17   C                2.2131               0.8421               1.1031
18   C                3.0995               0.6649              -0.1366
19   H                2.4524               0.0786               1.8498
20   H                2.4452               1.8132               1.5529
21   H                4.1096               1.0382               0.0655
22   H                2.7317               1.2640              -0.9796
23   C                3.3227              -0.7490              -0.6266
24   O                4.1293              -1.0482              -1.4736
25   O                2.6063              -1.6834               0.0329
26   H                2.8943              -2.5385              -0.3274


Energy:                 -652.918798 Convergence criteria  Is converged 
Maximum Force:             0.002233     0.002850  Yes
RMS Force:                 0.001117     0.001900  Yes
Maximum Displacement:      0.001332     0.003150  Yes
RMS Displacement:          0.000636     0.002100  Yes

LBFGS converged at iteration 12.
Final frame written to /home/hungn/Desktop/MyRepo/MLP/MAPLE/maple/function/dispatcher/parmfit/example/corr2_torsionfit_19-24_opt.xyz
Complete trajectory written to /home/hungn/Desktop/MyRepo/MLP/MAPLE/maple/function/dispatcher/parmfit/example/corr2_torsionfit_19-24_traj.xyz

----------------------------------------------------------------------
            Scanning combination 21/73: [195.09]

======================================================================
LBFGS Parameters
======================================================================
memory:     5
curvature:  70.0
max_step:   0.2
max_iter:   256
write_traj: False
traj_every: 1
verbose:    0
======================================================================


                             Coordinates                              
----------------------------------------------------------------------
0    C               -3.4676              -1.5457               0.1233
1    C               -2.1711              -1.5287               0.5639
2    C               -1.3851              -0.3505               0.4591
3    C               -1.9647               0.8168              -0.0984
4    C               -3.3135               0.7729              -0.5441
5    C               -4.0461              -0.3805              -0.4396
6    H                0.3988              -1.2247               1.2974
7    H               -4.0608              -2.4533               0.1985
8    H               -1.7174              -2.4196               0.9950
9    C               -0.0295              -0.3193               0.8802
10   C               -1.1666               1.9880              -0.2022
11   H               -3.7509               1.6696              -0.9780
12   H               -5.0748              -0.4113              -0.7884
13   C                0.1395               1.9813               0.2035
14   C                0.7383               0.8100               0.7435
15   H               -1.6103               2.8882              -0.6214
16   H                0.7415               2.8843               0.1114
17   C                2.2110               0.8367               1.0940
18   C                3.1169               0.6649              -0.1350
19   H                2.4425               0.0716               1.8416
20   H                2.4367               1.8046               1.5534
21   H                4.1015               1.1129               0.0362
22   H                2.7006               1.1972              -0.9999
23   C                3.3841              -0.7525              -0.5909
24   O                4.2636              -1.0626              -1.3576
25   O                2.5614              -1.6693              -0.0412
26   H                2.8434              -2.5282              -0.3974


Energy:                 -652.918674 Convergence criteria  Is converged 
Maximum Force:             0.001052     0.002850  Yes
RMS Force:                 0.000736     0.001900  Yes
Maximum Displacement:      0.002785     0.003150  Yes
RMS Displacement:          0.001382     0.002100  Yes

LBFGS converged at iteration 24.
Final frame written to /home/hungn/Desktop/MyRepo/MLP/MAPLE/maple/function/dispatcher/parmfit/example/corr2_torsionfit_19-24_opt.xyz
Complete trajectory written to /home/hungn/Desktop/MyRepo/MLP/MAPLE/maple/function/dispatcher/parmfit/example/corr2_torsionfit_19-24_traj.xyz

----------------------------------------------------------------------
            Scanning combination 22/73: [200.09]

======================================================================
LBFGS Parameters
======================================================================
memory:     5
curvature:  70.0
max_step:   0.2
max_iter:   256
write_traj: False
traj_every: 1
verbose:    0
======================================================================


                             Coordinates                              
----------------------------------------------------------------------
0    C               -3.4682              -1.5451               0.1244
1    C               -2.1707              -1.5294               0.5633
2    C               -1.3849              -0.3517               0.4582
3    C               -1.9637               0.8162              -0.1003
4    C               -3.3133               0.7730              -0.5443
5    C               -4.0459              -0.3793              -0.4378
6    H                0.3999              -1.2275               1.2943
7    H               -4.0617              -2.4518               0.2016
8    H               -1.7181              -2.4197               0.9964
9    C               -0.0307              -0.3196               0.8838
10   C               -1.1665               1.9875              -0.2017
11   H               -3.7517               1.6708              -0.9749
12   H               -5.0755              -0.4097              -0.7849
13   C                0.1387               1.9814               0.2069
14   C                0.7363               0.8106               0.7511
15   H               -1.6077               2.8887              -0.6211
16   H                0.7438               2.8808               0.1073
17   C                2.2117               0.8376               1.0915
18   C                3.1025               0.6675              -0.1453
19   H                2.4536               0.0699               1.8318
20   H                2.4454               1.8027               1.5505
21   H                4.0930               1.1048               0.0207
22   H                2.6799               1.2117              -0.9991
23   C                3.3801              -0.7509              -0.5902
24   O                4.3075              -1.0640              -1.2965
25   O                2.5328              -1.6701              -0.0814
26   H                2.8505              -2.5304              -0.4030


Energy:                 -652.918232 Convergence criteria  Is converged 
Maximum Force:             0.001978     0.002850  Yes
RMS Force:                 0.001271     0.001900  Yes
Maximum Displacement:      0.002290     0.003150  Yes
RMS Displacement:          0.000869     0.002100  Yes

LBFGS converged at iteration 15.
Final frame written to /home/hungn/Desktop/MyRepo/MLP/MAPLE/maple/function/dispatcher/parmfit/example/corr2_torsionfit_19-24_opt.xyz
Complete trajectory written to /home/hungn/Desktop/MyRepo/MLP/MAPLE/maple/function/dispatcher/parmfit/example/corr2_torsionfit_19-24_traj.xyz

----------------------------------------------------------------------
            Scanning combination 23/73: [205.09]

======================================================================
LBFGS Parameters
======================================================================
memory:     5
curvature:  70.0
max_step:   0.2
max_iter:   256
write_traj: False
traj_every: 1
verbose:    0
======================================================================


                             Coordinates                              
----------------------------------------------------------------------
0    C               -3.4725              -1.5442               0.1309
1    C               -2.1746              -1.5281               0.5693
2    C               -1.3887              -0.3496               0.4635
3    C               -1.9679               0.8188              -0.0934
4    C               -3.3171               0.7748              -0.5377
5    C               -4.0506              -0.3776              -0.4310
6    H                0.3962              -1.2267               1.2964
7    H               -4.0685              -2.4505               0.2077
8    H               -1.7216              -2.4206               0.9982
9    C               -0.0317              -0.3199               0.8810
10   C               -1.1692               1.9888              -0.1995
11   H               -3.7534               1.6736              -0.9692
12   H               -5.0814              -0.4053              -0.7763
13   C                0.1383               1.9785               0.2018
14   C                0.7374               0.8077               0.7434
15   H               -1.6112               2.8888              -0.6213
16   H                0.7433               2.8785               0.1073
17   C                2.2124               0.8346               1.0895
18   C                3.1136               0.6666              -0.1465
19   H                2.4446               0.0620               1.8304
20   H                2.4360               1.8033               1.5496
21   H                4.0815               1.1568              -0.0033
22   H                2.6575               1.1527              -1.0204
23   C                3.4276              -0.7547              -0.5602
24   O                4.4074              -1.0817              -1.1844
25   O                2.5023              -1.6531              -0.1641
26   H                2.8265              -2.5172              -0.4671


Energy:                 -652.918111 Convergence criteria  Is converged 
Maximum Force:             0.001968     0.002850  Yes
RMS Force:                 0.001262     0.001900  Yes
Maximum Displacement:      0.002215     0.003150  Yes
RMS Displacement:          0.001124     0.002100  Yes

LBFGS converged at iteration 21.
Final frame written to /home/hungn/Desktop/MyRepo/MLP/MAPLE/maple/function/dispatcher/parmfit/example/corr2_torsionfit_19-24_opt.xyz
Complete trajectory written to /home/hungn/Desktop/MyRepo/MLP/MAPLE/maple/function/dispatcher/parmfit/example/corr2_torsionfit_19-24_traj.xyz

----------------------------------------------------------------------
            Scanning combination 24/73: [210.09]

======================================================================
LBFGS Parameters
======================================================================
memory:     5
curvature:  70.0
max_step:   0.2
max_iter:   256
write_traj: False
traj_every: 1
verbose:    0
======================================================================


                             Coordinates                              
----------------------------------------------------------------------
0    C               -3.4731              -1.5426               0.1319
1    C               -2.1749              -1.5277               0.5684
2    C               -1.3875              -0.3507               0.4621
3    C               -1.9665               0.8172              -0.0953
4    C               -3.3171               0.7756              -0.5366
5    C               -4.0514              -0.3763              -0.4290
6    H                0.3972              -1.2283               1.2951
7    H               -4.0679              -2.4490               0.2093
8    H               -1.7224              -2.4193               0.9992
9    C               -0.0316              -0.3202               0.8841
10   C               -1.1668               1.9871              -0.1998
11   H               -3.7553               1.6734              -0.9678
12   H               -5.0817              -0.4054              -0.7748
13   C                0.1395               1.9786               0.2049
14   C                0.7368               0.8084               0.7490
15   H               -1.6093               2.8876              -0.6194
16   H                0.7444               2.8788               0.1040
17   C                2.2134               0.8321               1.0878
18   C                3.0982               0.6676              -0.1610
19   H                2.4533               0.0644               1.8313
20   H                2.4451               1.7975               1.5492
21   H                4.0701               1.1464              -0.0125
22   H                2.6408               1.1727              -1.0235
23   C                3.4242              -0.7532              -0.5677
24   O                4.4401              -1.0863              -1.1288
25   O                2.4882              -1.6517              -0.1993
26   H                2.8303              -2.5189              -0.4728


Energy:                 -652.917709 Convergence criteria  Is converged 
Maximum Force:             0.002607     0.002850  Yes
RMS Force:                 0.001135     0.001900  Yes
Maximum Displacement:      0.001452     0.003150  Yes
RMS Displacement:          0.000749     0.002100  Yes

LBFGS converged at iteration 12.
Final frame written to /home/hungn/Desktop/MyRepo/MLP/MAPLE/maple/function/dispatcher/parmfit/example/corr2_torsionfit_19-24_opt.xyz
Complete trajectory written to /home/hungn/Desktop/MyRepo/MLP/MAPLE/maple/function/dispatcher/parmfit/example/corr2_torsionfit_19-24_traj.xyz

----------------------------------------------------------------------
            Scanning combination 25/73: [215.09]

======================================================================
LBFGS Parameters
======================================================================
memory:     5
curvature:  70.0
max_step:   0.2
max_iter:   256
write_traj: False
traj_every: 1
verbose:    0
======================================================================


                             Coordinates                              
----------------------------------------------------------------------
0    C               -3.4772              -1.5418               0.1380
1    C               -2.1785              -1.5272               0.5743
2    C               -1.3911              -0.3500               0.4672
3    C               -1.9703               0.8188              -0.0892
4    C               -3.3204               0.7768              -0.5306
5    C               -4.0547              -0.3747              -0.4228
6    H                0.3931              -1.2273               1.3001
7    H               -4.0737              -2.4474               0.2162
8    H               -1.7258              -2.4201               1.0030
9    C               -0.0334              -0.3207               0.8832
10   C               -1.1709               1.9885              -0.1977
11   H               -3.7561               1.6761              -0.9614
12   H               -5.0860              -0.4013              -0.7660
13   C                0.1373               1.9774               0.2010
14   C                0.7368               0.8065               0.7408
15   H               -1.6128               2.8890              -0.6185
16   H                0.7442               2.8758               0.1042
17   C                2.2122               0.8339               1.0814
18   C                3.1106               0.6667              -0.1596
19   H                2.4472               0.0604               1.8208
20   H                2.4363               1.8001               1.5468
21   H                4.0624               1.1904              -0.0393
22   H                2.6254               1.1086              -1.0414
23   C                3.4646              -0.7568              -0.5254
24   O                4.5231              -1.1052              -0.9918
25   O                2.4666              -1.6338              -0.2949
26   H                2.8133              -2.5022              -0.5575


Energy:                 -652.917759 Convergence criteria  Is converged 
Maximum Force:             0.001884     0.002850  Yes
RMS Force:                 0.001291     0.001900  Yes
Maximum Displacement:      0.002064     0.003150  Yes
RMS Displacement:          0.001027     0.002100  Yes

LBFGS converged at iteration 19.
Final frame written to /home/hungn/Desktop/MyRepo/MLP/MAPLE/maple/function/dispatcher/parmfit/example/corr2_torsionfit_19-24_opt.xyz
Complete trajectory written to /home/hungn/Desktop/MyRepo/MLP/MAPLE/maple/function/dispatcher/parmfit/example/corr2_torsionfit_19-24_traj.xyz

----------------------------------------------------------------------
            Scanning combination 26/73: [220.09]

======================================================================
LBFGS Parameters
======================================================================
memory:     5
curvature:  70.0
max_step:   0.2
max_iter:   256
write_traj: False
traj_every: 1
verbose:    0
======================================================================


                             Coordinates                              
----------------------------------------------------------------------
0    C               -3.4775              -1.5402               0.1393
1    C               -2.1785              -1.5268               0.5736
2    C               -1.3901              -0.3506               0.4657
3    C               -1.9690               0.8176              -0.0912
4    C               -3.3204               0.7775              -0.5298
5    C               -4.0557              -0.3735              -0.4207
6    H                0.3947              -1.2285               1.2990
7    H               -4.0732              -2.4461               0.2178
8    H               -1.7266              -2.4188               1.0040
9    C               -0.0334              -0.3204               0.8861
10   C               -1.1688               1.9870              -0.1978
11   H               -3.7584               1.6759              -0.9600
12   H               -5.0866              -0.4016              -0.7645
13   C                0.1384               1.9776               0.2039
14   C                0.7361               0.8070               0.7469
15   H               -1.6115               2.8876              -0.6169
16   H                0.7447               2.8765               0.1005
17   C                2.2136               0.8297               1.0791
18   C                3.0989               0.6675              -0.1738
19   H                2.4555               0.0623               1.8236
20   H                2.4463               1.7938               1.5432
21   H                4.0529               1.1849              -0.0463
22   H                2.6078               1.1283              -1.0430
23   C                3.4630              -0.7561              -0.5340
24   O                4.5477              -1.1093              -0.9304
25   O                2.4570              -1.6326              -0.3373
26   H                2.8175              -2.5063              -0.5626


Energy:                 -652.917459 Convergence criteria  Is converged 
Maximum Force:             0.002597     0.002850  Yes
RMS Force:                 0.001080     0.001900  Yes
Maximum Displacement:      0.000944     0.003150  Yes
RMS Displacement:          0.000533     0.002100  Yes

LBFGS converged at iteration 12.
Final frame written to /home/hungn/Desktop/MyRepo/MLP/MAPLE/maple/function/dispatcher/parmfit/example/corr2_torsionfit_19-24_opt.xyz
Complete trajectory written to /home/hungn/Desktop/MyRepo/MLP/MAPLE/maple/function/dispatcher/parmfit/example/corr2_torsionfit_19-24_traj.xyz

----------------------------------------------------------------------
            Scanning combination 27/73: [225.09]

======================================================================
LBFGS Parameters
======================================================================
memory:     5
curvature:  70.0
max_step:   0.2
max_iter:   256
write_traj: False
traj_every: 1
verbose:    0
======================================================================


                             Coordinates                              
----------------------------------------------------------------------
0    C               -3.4810              -1.5391               0.1461
1    C               -2.1816              -1.5266               0.5794
2    C               -1.3922              -0.3505               0.4692
3    C               -1.9723               0.8181              -0.0858
4    C               -3.3235               0.7784              -0.5231
5    C               -4.0590              -0.3724              -0.4137
6    H                0.3926              -1.2273               1.3036
7    H               -4.0775              -2.4446               0.2254
8    H               -1.7296              -2.4190               1.0083
9    C               -0.0338              -0.3203               0.8836
10   C               -1.1724               1.9876              -0.1975
11   H               -3.7598               1.6775              -0.9536
12   H               -5.0904              -0.3988              -0.7556
13   C                0.1363               1.9770               0.1983
14   C                0.7349               0.8063               0.7378
15   H               -1.6158               2.8884              -0.6149
16   H                0.7441               2.8753               0.0988
17   C                2.2109               0.8343               1.0710
18   C                3.1097               0.6666              -0.1739
19   H                2.4486               0.0656               1.8144
20   H                2.4372               1.7979               1.5407
21   H                4.0478               1.2140              -0.0694
22   H                2.6027               1.0728              -1.0602
23   C                3.4952              -0.7593              -0.4925
24   O                4.6064              -1.1280              -0.7882
25   O                2.4546              -1.6140              -0.4288
26   H                2.8167              -2.4882              -0.6493


Energy:                 -652.917500 Convergence criteria  Is converged 
Maximum Force:             0.002131     0.002850  Yes
RMS Force:                 0.001109     0.001900  Yes
Maximum Displacement:      0.002693     0.003150  Yes
RMS Displacement:          0.001066     0.002100  Yes

LBFGS converged at iteration 19.
Final frame written to /home/hungn/Desktop/MyRepo/MLP/MAPLE/maple/function/dispatcher/parmfit/example/corr2_torsionfit_19-24_opt.xyz
Complete trajectory written to /home/hungn/Desktop/MyRepo/MLP/MAPLE/maple/function/dispatcher/parmfit/example/corr2_torsionfit_19-24_traj.xyz

----------------------------------------------------------------------
            Scanning combination 28/73: [230.09]

======================================================================
LBFGS Parameters
======================================================================
memory:     5
curvature:  70.0
max_step:   0.2
max_iter:   256
write_traj: False
traj_every: 1
verbose:    0
======================================================================


                             Coordinates                              
----------------------------------------------------------------------
0    C               -3.4803              -1.5384               0.1472
1    C               -2.1811              -1.5259               0.5787
2    C               -1.3914              -0.3508               0.4688
3    C               -1.9710               0.8178              -0.0873
4    C               -3.3232               0.7790              -0.5231
5    C               -4.0596              -0.3719              -0.4122
6    H                0.3946              -1.2279               1.3020
7    H               -4.0771              -2.4437               0.2273
8    H               -1.7298              -2.4185               1.0093
9    C               -0.0339              -0.3205               0.8870
10   C               -1.1715               1.9868              -0.1966
11   H               -3.7613               1.6774              -0.9522
12   H               -5.0909              -0.3988              -0.7538
13   C                0.1373               1.9780               0.2017
14   C                0.7354               0.8071               0.7440
15   H               -1.6145               2.8875              -0.6147
16   H                0.7443               2.8752               0.0959
17   C                2.2138               0.8303               1.0686
18   C                3.1002               0.6668              -0.1875
19   H                2.4587               0.0647               1.8144
20   H                2.4481               1.7935               1.5336
21   H                4.0353               1.2184              -0.0762
22   H                2.5824               1.0866              -1.0618
23   C                3.4977              -0.7584              -0.4990
24   O                4.6236              -1.1359              -0.7220
25   O                2.4526              -1.6097              -0.4741
26   H                2.8224              -2.4903              -0.6506


Energy:                 -652.917224 Convergence criteria  Is converged 
Maximum Force:             0.002435     0.002850  Yes
RMS Force:                 0.001609     0.001900  Yes
Maximum Displacement:      0.001970     0.003150  Yes
RMS Displacement:          0.000858     0.002100  Yes

LBFGS converged at iteration 9.
Final frame written to /home/hungn/Desktop/MyRepo/MLP/MAPLE/maple/function/dispatcher/parmfit/example/corr2_torsionfit_19-24_opt.xyz
Complete trajectory written to /home/hungn/Desktop/MyRepo/MLP/MAPLE/maple/function/dispatcher/parmfit/example/corr2_torsionfit_19-24_traj.xyz

----------------------------------------------------------------------
            Scanning combination 29/73: [235.09]

======================================================================
LBFGS Parameters
======================================================================
memory:     5
curvature:  70.0
max_step:   0.2
max_iter:   256
write_traj: False
traj_every: 1
verbose:    0
======================================================================


                             Coordinates                              
----------------------------------------------------------------------
0    C               -3.4804              -1.5385               0.1494
1    C               -2.1805              -1.5264               0.5809
2    C               -1.3910              -0.3506               0.4716
3    C               -1.9712               0.8179              -0.0847
4    C               -3.3230               0.7790              -0.5212
5    C               -4.0592              -0.3715              -0.4096
6    H                0.3961              -1.2287               1.3024
7    H               -4.0778              -2.4432               0.2311
8    H               -1.7297              -2.4193               1.0110
9    C               -0.0326              -0.3203               0.8884
10   C               -1.1719               1.9877              -0.1939
11   H               -3.7607               1.6784              -0.9495
12   H               -5.0912              -0.3974              -0.7493
13   C                0.1366               1.9772               0.2030
14   C                0.7364               0.8068               0.7425
15   H               -1.6136               2.8880              -0.6152
16   H                0.7450               2.8736               0.0964
17   C                2.2156               0.8337               1.0659
18   C                3.0977               0.6708              -0.1927
19   H                2.4640               0.0623               1.8049
20   H                2.4526               1.7970               1.5274
21   H                4.0314               1.2312              -0.0972
22   H                2.5700               1.0706              -1.0677
23   C                3.4990              -0.7565              -0.4818
24   O                4.6363              -1.1389              -0.6161
25   O                2.4507              -1.6048              -0.5502
26   H                2.8323              -2.4893              -0.6776


Energy:                 -652.917016 Convergence criteria  Is converged 
Maximum Force:             0.002680     0.002850  Yes
RMS Force:                 0.001169     0.001900  Yes
Maximum Displacement:      0.002629     0.003150  Yes
RMS Displacement:          0.001022     0.002100  Yes

LBFGS converged at iteration 14.
Final frame written to /home/hungn/Desktop/MyRepo/MLP/MAPLE/maple/function/dispatcher/parmfit/example/corr2_torsionfit_19-24_opt.xyz
Complete trajectory written to /home/hungn/Desktop/MyRepo/MLP/MAPLE/maple/function/dispatcher/parmfit/example/corr2_torsionfit_19-24_traj.xyz

----------------------------------------------------------------------
            Scanning combination 30/73: [240.09]

======================================================================
LBFGS Parameters
======================================================================
memory:     5
curvature:  70.0
max_step:   0.2
max_iter:   256
write_traj: False
traj_every: 1
verbose:    0
======================================================================


                             Coordinates                              
----------------------------------------------------------------------
0    C               -3.4811              -1.5386               0.1557
1    C               -2.1804              -1.5262               0.5855
2    C               -1.3909              -0.3504               0.4735
3    C               -1.9731               0.8183              -0.0808
4    C               -3.3251               0.7789              -0.5158
5    C               -4.0606              -0.3716              -0.4032
6    H                0.4000              -1.2262               1.3010
7    H               -4.0789              -2.4432               0.2380
8    H               -1.7296              -2.4200               1.0143
9    C               -0.0304              -0.3193               0.8841
10   C               -1.1760               1.9890              -0.1938
11   H               -3.7618               1.6791              -0.9439
12   H               -5.0933              -0.3968              -0.7413
13   C                0.1337               1.9788               0.1979
14   C                0.7357               0.8097               0.7362
15   H               -1.6196               2.8891              -0.6137
16   H                0.7418               2.8755               0.0955
17   C                2.2133               0.8422               1.0623
18   C                3.1005               0.6664              -0.1946
19   H                2.4593               0.0699               1.8013
20   H                2.4449               1.8095               1.5234
21   H                4.0294               1.2336              -0.1071
22   H                2.5742               1.0414              -1.0804
23   C                3.5109              -0.7630              -0.4532
24   O                4.6513              -1.1594              -0.4928
25   O                2.4606              -1.5925              -0.6259
26   H                2.8416              -2.4773              -0.7524


Energy:                 -652.916959 Convergence criteria  Is converged 
Maximum Force:             0.002368     0.002850  Yes
RMS Force:                 0.001217     0.001900  Yes
Maximum Displacement:      0.001664     0.003150  Yes
RMS Displacement:          0.000760     0.002100  Yes

LBFGS converged at iteration 18.
Final frame written to /home/hungn/Desktop/MyRepo/MLP/MAPLE/maple/function/dispatcher/parmfit/example/corr2_torsionfit_19-24_opt.xyz
Complete trajectory written to /home/hungn/Desktop/MyRepo/MLP/MAPLE/maple/function/dispatcher/parmfit/example/corr2_torsionfit_19-24_traj.xyz

----------------------------------------------------------------------
            Scanning combination 31/73: [245.09]

======================================================================
LBFGS Parameters
======================================================================
memory:     5
curvature:  70.0
max_step:   0.2
max_iter:   256
write_traj: False
traj_every: 1
verbose:    0
======================================================================


                             Coordinates                              
----------------------------------------------------------------------
0    C               -3.4908              -1.5421               0.1916
1    C               -2.1797              -1.5247               0.5872
2    C               -1.3948              -0.3492               0.4473
3    C               -1.9956               0.8161              -0.0934
4    C               -3.3592               0.7718              -0.4932
5    C               -4.0884              -0.3799              -0.3581
6    H                0.4181              -1.2180               1.2360
7    H               -4.0842              -2.4467               0.2966
8    H               -1.7183              -2.4128               1.0159
9    C               -0.0253              -0.3117               0.8301
10   C               -1.2044               1.9889              -0.2212
11   H               -3.8120               1.6691              -0.9105
12   H               -5.1289              -0.4108              -0.6708
13   C                0.1120               1.9883               0.1514
14   C                0.7325               0.8233               0.6813
15   H               -1.6631               2.8901              -0.6231
16   H                0.7021               2.8972               0.0477
17   C                2.2008               0.8683               1.0501
18   C                3.1718               0.6378              -0.1333
19   H                2.4118               0.1523               1.8546
20   H                2.4185               1.8619               1.4574
21   H                4.1193               1.1439               0.0621
22   H                2.7398               1.0624              -1.0470
23   C                3.5386              -0.8030              -0.4035
24   O                4.6493              -1.2642              -0.2842
25   O                2.4996              -1.5510              -0.8268
26   H                2.8589              -2.4444              -0.9622


Energy:                 -652.917491 Convergence criteria  Is converged 
Maximum Force:             0.001900     0.002850  Yes
RMS Force:                 0.000972     0.001900  Yes
Maximum Displacement:      0.001695     0.003150  Yes
RMS Displacement:          0.000873     0.002100  Yes

LBFGS converged at iteration 33.
Final frame written to /home/hungn/Desktop/MyRepo/MLP/MAPLE/maple/function/dispatcher/parmfit/example/corr2_torsionfit_19-24_opt.xyz
Complete trajectory written to /home/hungn/Desktop/MyRepo/MLP/MAPLE/maple/function/dispatcher/parmfit/example/corr2_torsionfit_19-24_traj.xyz

----------------------------------------------------------------------
            Scanning combination 32/73: [250.09]

======================================================================
LBFGS Parameters
======================================================================
memory:     5
curvature:  70.0
max_step:   0.2
max_iter:   256
write_traj: False
traj_every: 1
verbose:    0
======================================================================


                             Coordinates                              
----------------------------------------------------------------------
0    C               -3.4892              -1.5421               0.1934
1    C               -2.1777              -1.5262               0.5863
2    C               -1.3920              -0.3510               0.4473
3    C               -1.9912               0.8145              -0.0943
4    C               -3.3554               0.7717              -0.4922
5    C               -4.0862              -0.3792              -0.3552
6    H                0.4214              -1.2207               1.2347
7    H               -4.0827              -2.4469               0.2983
8    H               -1.7160              -2.4154               1.0124
9    C               -0.0233              -0.3138               0.8322
10   C               -1.1995               1.9875              -0.2216
11   H               -3.8087               1.6688              -0.9093
12   H               -5.1270              -0.4096              -0.6659
13   C                0.1156               1.9876               0.1548
14   C                0.7338               0.8213               0.6846
15   H               -1.6585               2.8870              -0.6271
16   H                0.7075               2.8954               0.0480
17   C                2.2040               0.8654               1.0476
18   C                3.1657               0.6460              -0.1464
19   H                2.4270               0.1454               1.8449
20   H                2.4210               1.8556               1.4606
21   H                4.1113               1.1608               0.0431
22   H                2.7269               1.0721              -1.0537
23   C                3.5303              -0.7983              -0.4002
24   O                4.6225              -1.2729              -0.2012
25   O                2.5063              -1.5403              -0.8706
26   H                2.8554              -2.4438              -0.9636


Energy:                 -652.917487 Convergence criteria  Is converged 
Maximum Force:             0.002049     0.002850  Yes
RMS Force:                 0.001055     0.001900  Yes
Maximum Displacement:      0.000987     0.003150  Yes
RMS Displacement:          0.000576     0.002100  Yes

LBFGS converged at iteration 12.
Final frame written to /home/hungn/Desktop/MyRepo/MLP/MAPLE/maple/function/dispatcher/parmfit/example/corr2_torsionfit_19-24_opt.xyz
Complete trajectory written to /home/hungn/Desktop/MyRepo/MLP/MAPLE/maple/function/dispatcher/parmfit/example/corr2_torsionfit_19-24_traj.xyz

----------------------------------------------------------------------
            Scanning combination 33/73: [255.09]

======================================================================
LBFGS Parameters
======================================================================
memory:     5
curvature:  70.0
max_step:   0.2
max_iter:   256
write_traj: False
traj_every: 1
verbose:    0
======================================================================


                             Coordinates                              
----------------------------------------------------------------------
0    C               -3.4872              -1.5423               0.1945
1    C               -2.1746              -1.5275               0.5860
2    C               -1.3889              -0.3530               0.4476
3    C               -1.9876               0.8131              -0.0934
4    C               -3.3523               0.7711              -0.4906
5    C               -4.0836              -0.3786              -0.3530
6    H                0.4249              -1.2235               1.2349
7    H               -4.0810              -2.4464               0.3000
8    H               -1.7136              -2.4177               1.0104
9    C               -0.0199              -0.3164               0.8330
10   C               -1.1957               1.9856              -0.2214
11   H               -3.8049               1.6686              -0.9079
12   H               -5.1254              -0.4081              -0.6620
13   C                0.1188               1.9861               0.1563
14   C                0.7375               0.8202               0.6876
15   H               -1.6533               2.8847              -0.6289
16   H                0.7118               2.8930               0.0488
17   C                2.2084               0.8659               1.0450
18   C                3.1595               0.6538              -0.1589
19   H                2.4390               0.1400               1.8346
20   H                2.4260               1.8532               1.4642
21   H                4.1039               1.1725               0.0234
22   H                2.7081               1.0707              -1.0642
23   C                3.5214              -0.7944              -0.3891
24   O                4.5896              -1.2835              -0.1101
25   O                2.5193              -1.5244              -0.9202
26   H                2.8557              -2.4364              -0.9717


Energy:                 -652.917464 Convergence criteria  Is converged 
Maximum Force:             0.002493     0.002850  Yes
RMS Force:                 0.001115     0.001900  Yes
Maximum Displacement:      0.002062     0.003150  Yes
RMS Displacement:          0.000927     0.002100  Yes

LBFGS converged at iteration 12.
Final frame written to /home/hungn/Desktop/MyRepo/MLP/MAPLE/maple/function/dispatcher/parmfit/example/corr2_torsionfit_19-24_opt.xyz
Complete trajectory written to /home/hungn/Desktop/MyRepo/MLP/MAPLE/maple/function/dispatcher/parmfit/example/corr2_torsionfit_19-24_traj.xyz

----------------------------------------------------------------------
            Scanning combination 34/73: [260.09]

======================================================================
LBFGS Parameters
======================================================================
memory:     5
curvature:  70.0
max_step:   0.2
max_iter:   256
write_traj: False
traj_every: 1
verbose:    0
======================================================================


                             Coordinates                              
----------------------------------------------------------------------
0    C               -3.4844              -1.5426               0.1959
1    C               -2.1718              -1.5290               0.5860
2    C               -1.3852              -0.3546               0.4479
3    C               -1.9840               0.8116              -0.0925
4    C               -3.3487               0.7709              -0.4890
5    C               -4.0811              -0.3786              -0.3507
6    H                0.4290              -1.2255               1.2352
7    H               -4.0791              -2.4464               0.3015
8    H               -1.7110              -2.4200               1.0089
9    C               -0.0156              -0.3180               0.8334
10   C               -1.1921               1.9842              -0.2208
11   H               -3.8008               1.6685              -0.9060
12   H               -5.1232              -0.4069              -0.6584
13   C                0.1222               1.9848               0.1578
14   C                0.7402               0.8194               0.6899
15   H               -1.6493               2.8828              -0.6297
16   H                0.7157               2.8912               0.0494
17   C                2.2120               0.8680               1.0430
18   C                3.1534               0.6594              -0.1702
19   H                2.4502               0.1372               1.8261
20   H                2.4300               1.8531               1.4671
21   H                4.0963               1.1838               0.0030
22   H                2.6916               1.0656              -1.0746
23   C                3.5123              -0.7918              -0.3753
24   O                4.5501              -1.2959              -0.0177
25   O                2.5363              -1.5097              -0.9685
26   H                2.8579              -2.4279              -0.9870


Energy:                 -652.917449 Convergence criteria  Is converged 
Maximum Force:             0.001830     0.002850  Yes
RMS Force:                 0.000939     0.001900  Yes
Maximum Displacement:      0.001176     0.003150  Yes
RMS Displacement:          0.000538     0.002100  Yes

LBFGS converged at iteration 13.
Final frame written to /home/hungn/Desktop/MyRepo/MLP/MAPLE/maple/function/dispatcher/parmfit/example/corr2_torsionfit_19-24_opt.xyz
Complete trajectory written to /home/hungn/Desktop/MyRepo/MLP/MAPLE/maple/function/dispatcher/parmfit/example/corr2_torsionfit_19-24_traj.xyz

----------------------------------------------------------------------
            Scanning combination 35/73: [265.09]

======================================================================
LBFGS Parameters
======================================================================
memory:     5
curvature:  70.0
max_step:   0.2
max_iter:   256
write_traj: False
traj_every: 1
verbose:    0
======================================================================


                             Coordinates                              
----------------------------------------------------------------------
0    C               -3.4817              -1.5430               0.1972
1    C               -2.1683              -1.5303               0.5861
2    C               -1.3814              -0.3561               0.4484
3    C               -1.9804               0.8103              -0.0914
4    C               -3.3453               0.7701              -0.4872
5    C               -4.0781              -0.3784              -0.3484
6    H                0.4339              -1.2269               1.2350
7    H               -4.0765              -2.4463               0.3031
8    H               -1.7079              -2.4219               1.0078
9    C               -0.0115              -0.3195               0.8337
10   C               -1.1888               1.9832              -0.2199
11   H               -3.7970               1.6683              -0.9039
12   H               -5.1207              -0.4063              -0.6550
13   C                0.1248               1.9843               0.1595
14   C                0.7431               0.8194               0.6922
15   H               -1.6460               2.8813              -0.6299
16   H                0.7191               2.8902               0.0498
17   C                2.2155               0.8713               1.0412
18   C                3.1476               0.6637              -0.1795
19   H                2.4614               0.1374               1.8190
20   H                2.4340               1.8546               1.4683
21   H                4.0894               1.1944              -0.0164
22   H                2.6764               1.0573              -1.0839
23   C                3.5013              -0.7907              -0.3604
24   O                4.5022              -1.3086               0.0751
25   O                2.5579              -1.4959              -1.0179
26   H                2.8624              -2.4202              -1.0064


Energy:                 -652.917408 Convergence criteria  Is converged 
Maximum Force:             0.002170     0.002850  Yes
RMS Force:                 0.001211     0.001900  Yes
Maximum Displacement:      0.001841     0.003150  Yes
RMS Displacement:          0.001018     0.002100  Yes

LBFGS converged at iteration 12.
Final frame written to /home/hungn/Desktop/MyRepo/MLP/MAPLE/maple/function/dispatcher/parmfit/example/corr2_torsionfit_19-24_opt.xyz
Complete trajectory written to /home/hungn/Desktop/MyRepo/MLP/MAPLE/maple/function/dispatcher/parmfit/example/corr2_torsionfit_19-24_traj.xyz

----------------------------------------------------------------------
            Scanning combination 36/73: [270.09]

======================================================================
LBFGS Parameters
======================================================================
memory:     5
curvature:  70.0
max_step:   0.2
max_iter:   256
write_traj: False
traj_every: 1
verbose:    0
======================================================================


                             Coordinates                              
----------------------------------------------------------------------
0    C               -3.4785              -1.5434               0.1985
1    C               -2.1648              -1.5313               0.5864
2    C               -1.3775              -0.3572               0.4487
3    C               -1.9770               0.8093              -0.0902
4    C               -3.3422               0.7696              -0.4854
5    C               -4.0752              -0.3786              -0.3464
6    H                0.4390              -1.2277               1.2345
7    H               -4.0736              -2.4465               0.3047
8    H               -1.7046              -2.4234               1.0070
9    C               -0.0070              -0.3202               0.8337
10   C               -1.1860               1.9824              -0.2188
11   H               -3.7938               1.6680              -0.9018
12   H               -5.1182              -0.4061              -0.6520
13   C                0.1272               1.9844               0.1614
14   C                0.7460               0.8202               0.6951
15   H               -1.6433               2.8800              -0.6295
16   H                0.7218               2.8900               0.0504
17   C                2.2188               0.8751               1.0402
18   C                3.1416               0.6666              -0.1883
19   H                2.4725               0.1401               1.8139
20   H                2.4384               1.8580               1.4683
21   H                4.0815               1.2023              -0.0345
22   H                2.6626               1.0481              -1.0929
23   C                3.4910              -0.7913              -0.3465
24   O                4.4489              -1.3225               0.1626
25   O                2.5830              -1.4835              -1.0643
26   H                2.8689              -2.4127              -1.0267


Energy:                 -652.917345 Convergence criteria  Is converged 
Maximum Force:             0.002550     0.002850  Yes
RMS Force:                 0.001246     0.001900  Yes
Maximum Displacement:      0.001122     0.003150  Yes
RMS Displacement:          0.000462     0.002100  Yes

LBFGS converged at iteration 12.
Final frame written to /home/hungn/Desktop/MyRepo/MLP/MAPLE/maple/function/dispatcher/parmfit/example/corr2_torsionfit_19-24_opt.xyz
Complete trajectory written to /home/hungn/Desktop/MyRepo/MLP/MAPLE/maple/function/dispatcher/parmfit/example/corr2_torsionfit_19-24_traj.xyz

----------------------------------------------------------------------
            Scanning combination 37/73: [275.09]

======================================================================
LBFGS Parameters
======================================================================
memory:     5
curvature:  70.0
max_step:   0.2
max_iter:   256
write_traj: False
traj_every: 1
verbose:    0
======================================================================


                             Coordinates                              
----------------------------------------------------------------------
0    C               -3.4745              -1.5440               0.1999
1    C               -2.1605              -1.5324               0.5866
2    C               -1.3730              -0.3583               0.4491
3    C               -1.9734               0.8083              -0.0888
4    C               -3.3387               0.7689              -0.4834
5    C               -4.0719              -0.3792              -0.3441
6    H                0.4452              -1.2280               1.2337
7    H               -4.0699              -2.4470               0.3064
8    H               -1.7003              -2.4249               1.0064
9    C               -0.0018              -0.3206               0.8331
10   C               -1.1834               1.9822              -0.2172
11   H               -3.7902               1.6676              -0.8994
12   H               -5.1150              -0.4062              -0.6488
13   C                0.1295               1.9850               0.1634
14   C                0.7492               0.8215               0.6973
15   H               -1.6409               2.8792              -0.6288
16   H                0.7241               2.8904               0.0517
17   C                2.2221               0.8810               1.0398
18   C                3.1351               0.6687              -0.1951
19   H                2.4833               0.1450               1.8100
20   H                2.4419               1.8642               1.4673
21   H                4.0753               1.2075              -0.0529
22   H                2.6504               1.0369              -1.1014
23   C                3.4756              -0.7927              -0.3305
24   O                4.3838              -1.3365               0.2508
25   O                2.6124              -1.4725              -1.1117
26   H                2.8786              -2.4064              -1.0521


Energy:                 -652.917273 Convergence criteria  Is converged 
Maximum Force:             0.002563     0.002850  Yes
RMS Force:                 0.001354     0.001900  Yes
Maximum Displacement:      0.001283     0.003150  Yes
RMS Displacement:          0.000533     0.002100  Yes

LBFGS converged at iteration 12.
Final frame written to /home/hungn/Desktop/MyRepo/MLP/MAPLE/maple/function/dispatcher/parmfit/example/corr2_torsionfit_19-24_opt.xyz
Complete trajectory written to /home/hungn/Desktop/MyRepo/MLP/MAPLE/maple/function/dispatcher/parmfit/example/corr2_torsionfit_19-24_traj.xyz

----------------------------------------------------------------------
            Scanning combination 38/73: [280.09]

======================================================================
LBFGS Parameters
======================================================================
memory:     5
curvature:  70.0
max_step:   0.2
max_iter:   256
write_traj: False
traj_every: 1
verbose:    0
======================================================================


                             Coordinates                              
----------------------------------------------------------------------
0    C               -3.4697              -1.5449               0.2015
1    C               -2.1550              -1.5336               0.5868
2    C               -1.3677              -0.3591               0.4492
3    C               -1.9694               0.8073              -0.0875
4    C               -3.3349               0.7680              -0.4812
5    C               -4.0678              -0.3800              -0.3415
6    H                0.4526              -1.2274               1.2324
7    H               -4.0650              -2.4478               0.3084
8    H               -1.6947              -2.4263               1.0055
9    C                0.0042              -0.3203               0.8323
10   C               -1.1811               1.9825              -0.2155
11   H               -3.7865               1.6669              -0.8965
12   H               -5.1113              -0.4070              -0.6452
13   C                0.1312               1.9868               0.1659
14   C                0.7521               0.8243               0.7000
15   H               -1.6394               2.8788              -0.6277
16   H                0.7257               2.8923               0.0535
17   C                2.2245               0.8890               1.0395
18   C                3.1290               0.6692              -0.1999
19   H                2.4938               0.1542               1.8083
20   H                2.4452               1.8735               1.4641
21   H                4.0700               1.2087              -0.0701
22   H                2.6396               1.0248              -1.1083
23   C                3.4555              -0.7962              -0.3132
24   O                4.3060              -1.3527               0.3383
25   O                2.6470              -1.4634              -1.1612
26   H                2.8920              -2.4012              -1.0819


Energy:                 -652.917195 Convergence criteria  Is converged 
Maximum Force:             0.002707     0.002850  Yes
RMS Force:                 0.001790     0.001900  Yes
Maximum Displacement:      0.002299     0.003150  Yes
RMS Displacement:          0.001253     0.002100  Yes

LBFGS converged at iteration 11.
Final frame written to /home/hungn/Desktop/MyRepo/MLP/MAPLE/maple/function/dispatcher/parmfit/example/corr2_torsionfit_19-24_opt.xyz
Complete trajectory written to /home/hungn/Desktop/MyRepo/MLP/MAPLE/maple/function/dispatcher/parmfit/example/corr2_torsionfit_19-24_traj.xyz

----------------------------------------------------------------------
            Scanning combination 39/73: [285.09]

======================================================================
LBFGS Parameters
======================================================================
memory:     5
curvature:  70.0
max_step:   0.2
max_iter:   256
write_traj: False
traj_every: 1
verbose:    0
======================================================================


                             Coordinates                              
----------------------------------------------------------------------
0    C               -3.3832              -1.5942               0.2204
1    C               -2.0619              -1.5376               0.5727
2    C               -1.3202              -0.3369               0.4152
3    C               -1.9739               0.8099              -0.0998
4    C               -3.3485               0.7253              -0.4564
5    C               -4.0364              -0.4491              -0.3003
6    H                0.5298              -1.1401               1.1842
7    H               -3.9415              -2.5186               0.3402
8    H               -1.5572              -2.4141               0.9747
9    C                0.0554              -0.2531               0.7711
10   C               -1.2285               2.0116              -0.2327
11   H               -3.8469               1.6080              -0.8518
12   H               -5.0861              -0.5129              -0.5739
13   C                0.0921               2.0603               0.1252
14   C                0.7669               0.9138               0.6302
15   H               -1.7297               2.8997              -0.6136
16   H                0.6363               2.9990               0.0409
17   C                2.2291               1.0159               1.0077
18   C                3.2338               0.5699              -0.0750
19   H                2.4347               0.4316               1.9112
20   H                2.4537               2.0559               1.2625
21   H                4.2354               0.8602               0.2578
22   H                3.0213               1.0605              -1.0288
23   C                3.2578              -0.9305              -0.2482
24   O                3.7760              -1.7057               0.5211
25   O                2.6311              -1.3391              -1.3690
26   H                2.7162              -2.3063              -1.3868


Energy:                 -652.920044 Convergence criteria  Is converged 
Maximum Force:             0.002778     0.002850  Yes
RMS Force:                 0.001638     0.001900  Yes
Maximum Displacement:      0.002751     0.003150  Yes
RMS Displacement:          0.001317     0.002100  Yes

LBFGS converged at iteration 41.
Final frame written to /home/hungn/Desktop/MyRepo/MLP/MAPLE/maple/function/dispatcher/parmfit/example/corr2_torsionfit_19-24_opt.xyz
Complete trajectory written to /home/hungn/Desktop/MyRepo/MLP/MAPLE/maple/function/dispatcher/parmfit/example/corr2_torsionfit_19-24_traj.xyz

----------------------------------------------------------------------
            Scanning combination 40/73: [290.09]

======================================================================
LBFGS Parameters
======================================================================
memory:     5
curvature:  70.0
max_step:   0.2
max_iter:   256
write_traj: False
traj_every: 1
verbose:    0
======================================================================


                             Coordinates                              
----------------------------------------------------------------------
0    C               -3.3809              -1.5952               0.2210
1    C               -2.0580              -1.5390               0.5693
2    C               -1.3160              -0.3371               0.4158
3    C               -1.9699               0.8097              -0.0984
4    C               -3.3449               0.7250              -0.4550
5    C               -4.0340              -0.4498              -0.3002
6    H                0.5363              -1.1440               1.1809
7    H               -3.9420              -2.5191               0.3407
8    H               -1.5565              -2.4155               0.9748
9    C                0.0591              -0.2536               0.7765
10   C               -1.2234               2.0107              -0.2316
11   H               -3.8416               1.6082              -0.8512
12   H               -5.0847              -0.5118              -0.5736
13   C                0.0966               2.0596               0.1290
14   C                0.7697               0.9144               0.6406
15   H               -1.7246               2.8973              -0.6153
16   H                0.6412               2.9975               0.0363
17   C                2.2329               1.0142               1.0175
18   C                3.2251               0.5748              -0.0831
19   H                2.4408               0.4197               1.9179
20   H                2.4607               2.0554               1.2683
21   H                4.2283               0.8768               0.2319
22   H                2.9989               1.0541              -1.0404
23   C                3.2492              -0.9258              -0.2447
24   O                3.7062              -1.6996               0.5634
25   O                2.6817              -1.3346              -1.3963
26   H                2.7126              -2.3048              -1.3816


Energy:                 -652.920347 Convergence criteria  Is converged 
Maximum Force:             0.002371     0.002850  Yes
RMS Force:                 0.001658     0.001900  Yes
Maximum Displacement:      0.001660     0.003150  Yes
RMS Displacement:          0.000829     0.002100  Yes

LBFGS converged at iteration 9.
Final frame written to /home/hungn/Desktop/MyRepo/MLP/MAPLE/maple/function/dispatcher/parmfit/example/corr2_torsionfit_19-24_opt.xyz
Complete trajectory written to /home/hungn/Desktop/MyRepo/MLP/MAPLE/maple/function/dispatcher/parmfit/example/corr2_torsionfit_19-24_traj.xyz

----------------------------------------------------------------------
            Scanning combination 41/73: [295.09]

======================================================================
LBFGS Parameters
======================================================================
memory:     5
curvature:  70.0
max_step:   0.2
max_iter:   256
write_traj: False
traj_every: 1
verbose:    0
======================================================================


                             Coordinates                              
----------------------------------------------------------------------
0    C               -3.3732              -1.5970               0.2215
1    C               -2.0504              -1.5427               0.5728
2    C               -1.3085              -0.3400               0.4231
3    C               -1.9606               0.8077              -0.0927
4    C               -3.3340               0.7239              -0.4519
5    C               -4.0240              -0.4494              -0.2986
6    H                0.5492              -1.1472               1.1787
7    H               -3.9357              -2.5198               0.3394
8    H               -1.5493              -2.4219               0.9736
9    C                0.0664              -0.2556               0.7824
10   C               -1.2155               2.0090              -0.2307
11   H               -3.8262               1.6094              -0.8491
12   H               -5.0744              -0.5088              -0.5723
13   C                0.1032               2.0577               0.1298
14   C                0.7741               0.9149               0.6459
15   H               -1.7141               2.8940              -0.6211
16   H                0.6526               2.9923               0.0350
17   C                2.2366               1.0242               1.0222
18   C                3.2103               0.5848              -0.0911
19   H                2.4451               0.4139               1.9091
20   H                2.4537               2.0634               1.2917
21   H                4.2315               0.8651               0.1917
22   H                2.9696               1.0586              -1.0467
23   C                3.2007              -0.9165              -0.2348
24   O                3.5778              -1.6823               0.6210
25   O                2.7136              -1.3365              -1.4176
26   H                2.7525              -2.3071              -1.3970


Energy:                 -652.920919 Convergence criteria  Is converged 
Maximum Force:             0.001052     0.002850  Yes
RMS Force:                 0.000713     0.001900  Yes
Maximum Displacement:      0.002061     0.003150  Yes
RMS Displacement:          0.001024     0.002100  Yes

LBFGS converged at iteration 17.
Final frame written to /home/hungn/Desktop/MyRepo/MLP/MAPLE/maple/function/dispatcher/parmfit/example/corr2_torsionfit_19-24_opt.xyz
Complete trajectory written to /home/hungn/Desktop/MyRepo/MLP/MAPLE/maple/function/dispatcher/parmfit/example/corr2_torsionfit_19-24_traj.xyz

----------------------------------------------------------------------
            Scanning combination 42/73: [300.09]

======================================================================
LBFGS Parameters
======================================================================
memory:     5
curvature:  70.0
max_step:   0.2
max_iter:   256
write_traj: False
traj_every: 1
verbose:    0
======================================================================


                             Coordinates                              
----------------------------------------------------------------------
0    C               -3.3700              -1.5966               0.2218
1    C               -2.0481              -1.5425               0.5725
2    C               -1.3062              -0.3401               0.4240
3    C               -1.9578               0.8073              -0.0930
4    C               -3.3311               0.7239              -0.4517
5    C               -4.0219              -0.4494              -0.2979
6    H                0.5525              -1.1476               1.1788
7    H               -3.9323              -2.5197               0.3394
8    H               -1.5467              -2.4215               0.9741
9    C                0.0677              -0.2544               0.7878
10   C               -1.2124               2.0082              -0.2299
11   H               -3.8246               1.6086              -0.8484
12   H               -5.0719              -0.5095              -0.5719
13   C                0.1056               2.0592               0.1349
14   C                0.7747               0.9166               0.6560
15   H               -1.7108               2.8920              -0.6223
16   H                0.6538               2.9940               0.0339
17   C                2.2400               1.0231               1.0272
18   C                3.2004               0.5856              -0.0952
19   H                2.4587               0.4115               1.9102
20   H                2.4646               2.0601               1.2935
21   H                4.2206               0.8828               0.1780
22   H                2.9489               1.0511              -1.0505
23   C                3.1930              -0.9160              -0.2345
24   O                3.5005              -1.6820               0.6486
25   O                2.7740              -1.3382              -1.4425
26   H                2.7559              -2.3090              -1.3973


Energy:                 -652.921148 Convergence criteria  Is converged 
Maximum Force:             0.002445     0.002850  Yes
RMS Force:                 0.001166     0.001900  Yes
Maximum Displacement:      0.000914     0.003150  Yes
RMS Displacement:          0.000461     0.002100  Yes

LBFGS converged at iteration 12.
Final frame written to /home/hungn/Desktop/MyRepo/MLP/MAPLE/maple/function/dispatcher/parmfit/example/corr2_torsionfit_19-24_opt.xyz
Complete trajectory written to /home/hungn/Desktop/MyRepo/MLP/MAPLE/maple/function/dispatcher/parmfit/example/corr2_torsionfit_19-24_traj.xyz

----------------------------------------------------------------------
            Scanning combination 43/73: [305.09]

======================================================================
LBFGS Parameters
======================================================================
memory:     5
curvature:  70.0
max_step:   0.2
max_iter:   256
write_traj: False
traj_every: 1
verbose:    0
======================================================================


                             Coordinates                              
----------------------------------------------------------------------
0    C               -3.3633              -1.5984               0.2229
1    C               -2.0422              -1.5419               0.5783
2    C               -1.3041              -0.3363               0.4348
3    C               -1.9546               0.8097              -0.0861
4    C               -3.3260               0.7233              -0.4497
5    C               -4.0146              -0.4508              -0.2974
6    H                0.5564              -1.1442               1.1854
7    H               -3.9247              -2.5223               0.3381
8    H               -1.5382              -2.4206               0.9770
9    C                0.0693              -0.2502               0.7992
10   C               -1.2107               2.0114              -0.2261
11   H               -3.8176               1.6085              -0.8485
12   H               -5.0645              -0.5110              -0.5723
13   C                0.1060               2.0621               0.1405
14   C                0.7742               0.9222               0.6640
15   H               -1.7056               2.8934              -0.6269
16   H                0.6580               2.9946               0.0417
17   C                2.2401               1.0339               1.0295
18   C                3.1846               0.5839              -0.1011
19   H                2.4578               0.4150               1.9062
20   H                2.4623               2.0722               1.3006
21   H                4.2188               0.8556               0.1469
22   H                2.9268               1.0524              -1.0538
23   C                3.1543              -0.9191              -0.2324
24   O                3.3766              -1.6822               0.6792
25   O                2.8360              -1.3448              -1.4684
26   H                2.8279              -2.3152              -1.4238


Energy:                 -652.921515 Convergence criteria  Is converged 
Maximum Force:             0.001468     0.002850  Yes
RMS Force:                 0.000865     0.001900  Yes
Maximum Displacement:      0.000779     0.003150  Yes
RMS Displacement:          0.000382     0.002100  Yes

LBFGS converged at iteration 17.
Final frame written to /home/hungn/Desktop/MyRepo/MLP/MAPLE/maple/function/dispatcher/parmfit/example/corr2_torsionfit_19-24_opt.xyz
Complete trajectory written to /home/hungn/Desktop/MyRepo/MLP/MAPLE/maple/function/dispatcher/parmfit/example/corr2_torsionfit_19-24_traj.xyz

----------------------------------------------------------------------
            Scanning combination 44/73: [310.09]

======================================================================
LBFGS Parameters
======================================================================
memory:     5
curvature:  70.0
max_step:   0.2
max_iter:   256
write_traj: False
traj_every: 1
verbose:    0
======================================================================


                             Coordinates                              
----------------------------------------------------------------------
0    C               -3.3570              -1.5988               0.2256
1    C               -2.0378              -1.5369               0.5872
2    C               -1.3035              -0.3288               0.4467
3    C               -1.9562               0.8145              -0.0778
4    C               -3.3259               0.7229              -0.4474
5    C               -4.0104              -0.4538              -0.2980
6    H                0.5629              -1.1331               1.1920
7    H               -3.9151              -2.5250               0.3372
8    H               -1.5310              -2.4136               0.9871
9    C                0.0691              -0.2405               0.8125
10   C               -1.2148               2.0174              -0.2200
11   H               -3.8188               1.6062              -0.8487
12   H               -5.0591              -0.5174              -0.5767
13   C                0.1012               2.0715               0.1494
14   C                0.7706               0.9340               0.6769
15   H               -1.7099               2.8972              -0.6261
16   H                0.6527               3.0038               0.0469
17   C                2.2390               1.0408               1.0301
18   C                3.1692               0.5701              -0.1017
19   H                2.4583               0.4300               1.9133
20   H                2.4722               2.0803               1.2863
21   H                4.2092               0.8314               0.1345
22   H                2.9068               1.0393              -1.0544
23   C                3.1121              -0.9323              -0.2350
24   O                3.2375              -1.7029               0.6887
25   O                2.9365              -1.3510              -1.5012
26   H                2.9287              -2.3214              -1.4609


Energy:                 -652.921964 Convergence criteria  Is converged 
Maximum Force:             0.002442     0.002850  Yes
RMS Force:                 0.001187     0.001900  Yes
Maximum Displacement:      0.002565     0.003150  Yes
RMS Displacement:          0.001276     0.002100  Yes

LBFGS converged at iteration 19.
Final frame written to /home/hungn/Desktop/MyRepo/MLP/MAPLE/maple/function/dispatcher/parmfit/example/corr2_torsionfit_19-24_opt.xyz
Complete trajectory written to /home/hungn/Desktop/MyRepo/MLP/MAPLE/maple/function/dispatcher/parmfit/example/corr2_torsionfit_19-24_traj.xyz

----------------------------------------------------------------------
            Scanning combination 45/73: [315.09]

======================================================================
LBFGS Parameters
======================================================================
memory:     5
curvature:  70.0
max_step:   0.2
max_iter:   256
write_traj: False
traj_every: 1
verbose:    0
======================================================================


                             Coordinates                              
----------------------------------------------------------------------
0    C               -3.3565              -1.5980               0.2261
1    C               -2.0375              -1.5362               0.5869
2    C               -1.3031              -0.3282               0.4462
3    C               -1.9547               0.8148              -0.0785
4    C               -3.3250               0.7233              -0.4463
5    C               -4.0102              -0.4532              -0.2967
6    H                0.5621              -1.1323               1.1927
7    H               -3.9137              -2.5247               0.3372
8    H               -1.5311              -2.4125               0.9879
9    C                0.0679              -0.2392               0.8162
10   C               -1.2120               2.0173              -0.2188
11   H               -3.8190               1.6053              -0.8485
12   H               -5.0584              -0.5186              -0.5774
13   C                0.1036               2.0728               0.1530
14   C                0.7704               0.9349               0.6843
15   H               -1.7091               2.8957              -0.6247
16   H                0.6532               3.0066               0.0465
17   C                2.2405               1.0365               1.0357
18   C                3.1574               0.5704              -0.1070
19   H                2.4680               0.4273               1.9176
20   H                2.4789               2.0750               1.2868
21   H                4.1951               0.8465               0.1215
22   H                2.8941               1.0325              -1.0617
23   C                3.1216              -0.9323              -0.2365
24   O                3.1863              -1.7013               0.6956
25   O                2.9901              -1.3543              -1.5072
26   H                2.9307              -2.3229              -1.4613


Energy:                 -652.922168 Convergence criteria  Is converged 
Maximum Force:             0.002353     0.002850  Yes
RMS Force:                 0.000833     0.001900  Yes
Maximum Displacement:      0.000870     0.003150  Yes
RMS Displacement:          0.000350     0.002100  Yes

LBFGS converged at iteration 13.
Final frame written to /home/hungn/Desktop/MyRepo/MLP/MAPLE/maple/function/dispatcher/parmfit/example/corr2_torsionfit_19-24_opt.xyz
Complete trajectory written to /home/hungn/Desktop/MyRepo/MLP/MAPLE/maple/function/dispatcher/parmfit/example/corr2_torsionfit_19-24_traj.xyz

----------------------------------------------------------------------
            Scanning combination 46/73: [320.09]

======================================================================
LBFGS Parameters
======================================================================
memory:     5
curvature:  70.0
max_step:   0.2
max_iter:   256
write_traj: False
traj_every: 1
verbose:    0
======================================================================


                             Coordinates                              
----------------------------------------------------------------------
0    C               -3.3548              -1.5980               0.2279
1    C               -2.0380              -1.5318               0.5958
2    C               -1.3072              -0.3207               0.4598
3    C               -1.9585               0.8208              -0.0697
4    C               -3.3261               0.7246              -0.4450
5    C               -4.0083              -0.4543              -0.2981
6    H                0.5557              -1.1218               1.2128
7    H               -3.9102              -2.5263               0.3374
8    H               -1.5284              -2.4066               0.9967
9    C                0.0613              -0.2309               0.8324
10   C               -1.2174               2.0245              -0.2102
11   H               -3.8198               1.6058              -0.8493
12   H               -5.0554              -0.5210              -0.5814
13   C                0.0985               2.0785               0.1603
14   C                0.7662               0.9410               0.6886
15   H               -1.7105               2.9031              -0.6204
16   H                0.6516               3.0101               0.0584
17   C                2.2388               1.0422               1.0315
18   C                3.1461               0.5599              -0.1115
19   H                2.4590               0.4307               1.9126
20   H                2.4775               2.0820               1.2829
21   H                4.1959               0.8201               0.0852
22   H                2.8675               1.0194              -1.0634
23   C                3.0960              -0.9429              -0.2414
24   O                3.0688              -1.7132               0.6915
25   O                3.0923              -1.3592              -1.5206
26   H                3.0517              -2.3287              -1.4856


Energy:                 -652.922510 Convergence criteria  Is converged 
Maximum Force:             0.002047     0.002850  Yes
RMS Force:                 0.001261     0.001900  Yes
Maximum Displacement:      0.002210     0.003150  Yes
RMS Displacement:          0.001012     0.002100  Yes

LBFGS converged at iteration 18.
Final frame written to /home/hungn/Desktop/MyRepo/MLP/MAPLE/maple/function/dispatcher/parmfit/example/corr2_torsionfit_19-24_opt.xyz
Complete trajectory written to /home/hungn/Desktop/MyRepo/MLP/MAPLE/maple/function/dispatcher/parmfit/example/corr2_torsionfit_19-24_traj.xyz

----------------------------------------------------------------------
            Scanning combination 47/73: [325.09]

======================================================================
LBFGS Parameters
======================================================================
memory:     5
curvature:  70.0
max_step:   0.2
max_iter:   256
write_traj: False
traj_every: 1
verbose:    0
======================================================================


                             Coordinates                              
----------------------------------------------------------------------
0    C               -3.3594              -1.5946               0.2321
1    C               -2.0451              -1.5228               0.6084
2    C               -1.3164              -0.3110               0.4713
3    C               -1.9686               0.8289              -0.0603
4    C               -3.3350               0.7268              -0.4413
5    C               -4.0138              -0.4544              -0.3008
6    H                0.5434              -1.1067               1.2343
7    H               -3.9122              -2.5242               0.3391
8    H               -1.5358              -2.3956               1.0145
9    C                0.0506              -0.2194               0.8456
10   C               -1.2261               2.0321              -0.2014
11   H               -3.8295               1.6051              -0.8510
12   H               -5.0600              -0.5253              -0.5895
13   C                0.0906               2.0875               0.1684
14   C                0.7590               0.9486               0.6969
15   H               -1.7237               2.9092              -0.6108
16   H                0.6406               3.0207               0.0606
17   C                2.2348               1.0340               1.0291
18   C                3.1342               0.5439              -0.1154
19   H                2.4592               0.4308               1.9184
20   H                2.4886               2.0732               1.2608
21   H                4.1815               0.8169               0.0767
22   H                2.8621               0.9964              -1.0741
23   C                3.0960              -0.9582              -0.2543
24   O                2.9928              -1.7405               0.6630
25   O                3.2276              -1.3632              -1.5314
26   H                3.1609              -2.3323              -1.5136


Energy:                 -652.922914 Convergence criteria  Is converged 
Maximum Force:             0.002715     0.002850  Yes
RMS Force:                 0.001456     0.001900  Yes
Maximum Displacement:      0.001506     0.003150  Yes
RMS Displacement:          0.000914     0.002100  Yes

LBFGS converged at iteration 17.
Final frame written to /home/hungn/Desktop/MyRepo/MLP/MAPLE/maple/function/dispatcher/parmfit/example/corr2_torsionfit_19-24_opt.xyz
Complete trajectory written to /home/hungn/Desktop/MyRepo/MLP/MAPLE/maple/function/dispatcher/parmfit/example/corr2_torsionfit_19-24_traj.xyz

----------------------------------------------------------------------
            Scanning combination 48/73: [330.09]

======================================================================
LBFGS Parameters
======================================================================
memory:     5
curvature:  70.0
max_step:   0.2
max_iter:   256
write_traj: False
traj_every: 1
verbose:    0
======================================================================


                             Coordinates                              
----------------------------------------------------------------------
0    C               -3.3648              -1.5907               0.2373
1    C               -2.0519              -1.5188               0.6164
2    C               -1.3227              -0.3071               0.4801
3    C               -1.9720               0.8324              -0.0561
4    C               -3.3369               0.7313              -0.4405
5    C               -4.0161              -0.4497              -0.2973
6    H                0.5379              -1.1029               1.2438
7    H               -3.9171              -2.5211               0.3427
8    H               -1.5434              -2.3890               1.0286
9    C                0.0425              -0.2153               0.8595
10   C               -1.2305               2.0365              -0.1940
11   H               -3.8316               1.6099              -0.8496
12   H               -5.0590              -0.5226              -0.5935
13   C                0.0864               2.0910               0.1748
14   C                0.7516               0.9519               0.7049
15   H               -1.7263               2.9147              -0.6016
16   H                0.6400               3.0217               0.0642
17   C                2.2297               1.0316               1.0228
18   C                3.1144               0.5369              -0.1287
19   H                2.4596               0.4281               1.9073
20   H                2.4902               2.0679               1.2600
21   H                4.1649               0.8016               0.0559
22   H                2.8334               0.9948              -1.0818
23   C                3.0828              -0.9666              -0.2707
24   O                2.9089              -1.7513               0.6335
25   O                3.3211              -1.3690              -1.5329
26   H                3.3090              -2.3400              -1.5084


Energy:                 -652.923191 Convergence criteria  Is converged 
Maximum Force:             0.001690     0.002850  Yes
RMS Force:                 0.000827     0.001900  Yes
Maximum Displacement:      0.002377     0.003150  Yes
RMS Displacement:          0.000745     0.002100  Yes

LBFGS converged at iteration 21.
Final frame written to /home/hungn/Desktop/MyRepo/MLP/MAPLE/maple/function/dispatcher/parmfit/example/corr2_torsionfit_19-24_opt.xyz
Complete trajectory written to /home/hungn/Desktop/MyRepo/MLP/MAPLE/maple/function/dispatcher/parmfit/example/corr2_torsionfit_19-24_traj.xyz

----------------------------------------------------------------------
            Scanning combination 49/73: [335.09]

======================================================================
LBFGS Parameters
======================================================================
memory:     5
curvature:  70.0
max_step:   0.2
max_iter:   256
write_traj: False
traj_every: 1
verbose:    0
======================================================================


                             Coordinates                              
----------------------------------------------------------------------
0    C               -3.3741              -1.5861               0.2416
1    C               -2.0617              -1.5135               0.6261
2    C               -1.3324              -0.3018               0.4879
3    C               -1.9809               0.8376              -0.0492
4    C               -3.3455               0.7354              -0.4371
5    C               -4.0238              -0.4464              -0.2970
6    H                0.5262              -1.0996               1.2518
7    H               -3.9268              -2.5160               0.3477
8    H               -1.5533              -2.3840               1.0372
9    C                0.0349              -0.2128               0.8613
10   C               -1.2372               2.0401              -0.1886
11   H               -3.8384               1.6128              -0.8501
12   H               -5.0673              -0.5188              -0.5937
13   C                0.0809               2.0917               0.1782
14   C                0.7482               0.9508               0.7037
15   H               -1.7314               2.9197              -0.5972
16   H                0.6352               3.0220               0.0704
17   C                2.2293               1.0245               1.0203
18   C                3.1154               0.5304              -0.1334
19   H                2.4534               0.4174               1.9050
20   H                2.4901               2.0619               1.2540
21   H                4.1643               0.8199               0.0283
22   H                2.8110               0.9705              -1.0878
23   C                3.1033              -0.9748              -0.2734
24   O                2.8599              -1.7645               0.6102
25   O                3.4306              -1.3688              -1.5190
26   H                3.3916              -2.3399              -1.5146


Energy:                 -652.923335 Convergence criteria  Is converged 
Maximum Force:             0.002141     0.002850  Yes
RMS Force:                 0.001283     0.001900  Yes
Maximum Displacement:      0.002212     0.003150  Yes
RMS Displacement:          0.000960     0.002100  Yes

LBFGS converged at iteration 16.
Final frame written to /home/hungn/Desktop/MyRepo/MLP/MAPLE/maple/function/dispatcher/parmfit/example/corr2_torsionfit_19-24_opt.xyz
Complete trajectory written to /home/hungn/Desktop/MyRepo/MLP/MAPLE/maple/function/dispatcher/parmfit/example/corr2_torsionfit_19-24_traj.xyz

----------------------------------------------------------------------
            Scanning combination 50/73: [340.09]

======================================================================
LBFGS Parameters
======================================================================
memory:     5
curvature:  70.0
max_step:   0.2
max_iter:   256
write_traj: False
traj_every: 1
verbose:    0
======================================================================


                             Coordinates                              
----------------------------------------------------------------------
0    C               -3.3841              -1.5790               0.2486
1    C               -2.0718              -1.5095               0.6305
2    C               -1.3397              -0.3000               0.4927
3    C               -1.9859               0.8404              -0.0446
4    C               -3.3502               0.7409              -0.4332
5    C               -4.0320              -0.4387              -0.2906
6    H                0.5176              -1.1015               1.2552
7    H               -3.9374              -2.5087               0.3532
8    H               -1.5652              -2.3792               1.0453
9    C                0.0268              -0.2132               0.8680
10   C               -1.2397               2.0415              -0.1825
11   H               -3.8423               1.6183              -0.8477
12   H               -5.0735              -0.5117              -0.5921
13   C                0.0788               2.0917               0.1818
14   C                0.7421               0.9489               0.7069
15   H               -1.7334               2.9206              -0.5908
16   H                0.6335               3.0222               0.0718
17   C                2.2233               1.0164               1.0145
18   C                3.0975               0.5249              -0.1453
19   H                2.4539               0.4100               1.8967
20   H                2.4925               2.0498               1.2538
21   H                4.1428               0.8273               0.0016
22   H                2.7866               0.9608              -1.0998
23   C                3.1074              -0.9798              -0.2841
24   O                2.8069              -1.7759               0.5751
25   O                3.5367              -1.3676              -1.4998
26   H                3.5105              -2.3394              -1.4954


Energy:                 -652.923443 Convergence criteria  Is converged 
Maximum Force:             0.001922     0.002850  Yes
RMS Force:                 0.000986     0.001900  Yes
Maximum Displacement:      0.002743     0.003150  Yes
RMS Displacement:          0.001032     0.002100  Yes

LBFGS converged at iteration 19.
Final frame written to /home/hungn/Desktop/MyRepo/MLP/MAPLE/maple/function/dispatcher/parmfit/example/corr2_torsionfit_19-24_opt.xyz
Complete trajectory written to /home/hungn/Desktop/MyRepo/MLP/MAPLE/maple/function/dispatcher/parmfit/example/corr2_torsionfit_19-24_traj.xyz

----------------------------------------------------------------------
            Scanning combination 51/73: [345.09]

======================================================================
LBFGS Parameters
======================================================================
memory:     5
curvature:  70.0
max_step:   0.2
max_iter:   256
write_traj: False
traj_every: 1
verbose:    0
======================================================================


                             Coordinates                              
----------------------------------------------------------------------
0    C               -3.4350              -1.5567               0.2709
1    C               -2.1207              -1.4984               0.6475
2    C               -1.3756              -0.2986               0.4958
3    C               -2.0165               0.8480              -0.0360
4    C               -3.3840               0.7611              -0.4162
5    C               -4.0750              -0.4127              -0.2708
6    H                0.4811              -1.1189               1.2420
7    H               -3.9975              -2.4802               0.3817
8    H               -1.6230              -2.3716               1.0668
9    C               -0.0017              -0.2269               0.8525
10   C               -1.2610               2.0425              -0.1778
11   H               -3.8697               1.6430              -0.8289
12   H               -5.1183              -0.4766              -0.5691
13   C                0.0616               2.0782               0.1731
14   C                0.7238               0.9268               0.6830
15   H               -1.7521               2.9292              -0.5740
16   H                0.6235               3.0032               0.0581
17   C                2.2074               0.9853               0.9884
18   C                3.1050               0.5146              -0.1641
19   H                2.4357               0.3705               1.8655
20   H                2.4748               2.0171               1.2385
21   H                4.1358               0.8595               0.0009
22   H                2.7868               0.9294              -1.1261
23   C                3.1934              -0.9880              -0.2969
24   O                2.8544              -1.7999               0.5323
25   O                3.7518              -1.3486              -1.4700
26   H                3.7943              -2.3191              -1.4645


Energy:                 -652.923764 Convergence criteria  Is converged 
Maximum Force:             0.001326     0.002850  Yes
RMS Force:                 0.000707     0.001900  Yes
Maximum Displacement:      0.000822     0.003150  Yes
RMS Displacement:          0.000531     0.002100  Yes

LBFGS converged at iteration 35.
Final frame written to /home/hungn/Desktop/MyRepo/MLP/MAPLE/maple/function/dispatcher/parmfit/example/corr2_torsionfit_19-24_opt.xyz
Complete trajectory written to /home/hungn/Desktop/MyRepo/MLP/MAPLE/maple/function/dispatcher/parmfit/example/corr2_torsionfit_19-24_traj.xyz

----------------------------------------------------------------------
            Scanning combination 52/73: [350.09]

======================================================================
LBFGS Parameters
======================================================================
memory:     5
curvature:  70.0
max_step:   0.2
max_iter:   256
write_traj: False
traj_every: 1
verbose:    0
======================================================================


                             Coordinates                              
----------------------------------------------------------------------
0    C               -3.4382              -1.5539               0.2768
1    C               -2.1204              -1.5023               0.6423
2    C               -1.3702              -0.3059               0.4848
3    C               -2.0098               0.8431              -0.0440
4    C               -3.3808               0.7626              -0.4127
5    C               -4.0766              -0.4076              -0.2612
6    H                0.4881              -1.1315               1.2207
7    H               -4.0040              -2.4748               0.3913
8    H               -1.6255              -2.3778               1.0600
9    C                0.0037              -0.2365               0.8409
10   C               -1.2522               2.0363              -0.1868
11   H               -3.8662               1.6461              -0.8220
12   H               -5.1214              -0.4679              -0.5547
13   C                0.0696               2.0711               0.1667
14   C                0.7271               0.9209               0.6842
15   H               -1.7432               2.9260              -0.5757
16   H                0.6333               2.9955               0.0537
17   C                2.2088               0.9864               0.9971
18   C                3.0951               0.5216              -0.1652
19   H                2.4417               0.3711               1.8725
20   H                2.4694               2.0190               1.2511
21   H                4.1229               0.8836              -0.0222
22   H                2.7582               0.9227              -1.1271
23   C                3.1949              -0.9815              -0.2870
24   O                2.7992              -1.7957               0.5147
25   O                3.7982              -1.3416              -1.4367
26   H                3.7955              -2.3133              -1.4500


Energy:                 -652.923614 Convergence criteria  Is converged 
Maximum Force:             0.001985     0.002850  Yes
RMS Force:                 0.000814     0.001900  Yes
Maximum Displacement:      0.001439     0.003150  Yes
RMS Displacement:          0.000684     0.002100  Yes

LBFGS converged at iteration 12.
Final frame written to /home/hungn/Desktop/MyRepo/MLP/MAPLE/maple/function/dispatcher/parmfit/example/corr2_torsionfit_19-24_opt.xyz
Complete trajectory written to /home/hungn/Desktop/MyRepo/MLP/MAPLE/maple/function/dispatcher/parmfit/example/corr2_torsionfit_19-24_traj.xyz

----------------------------------------------------------------------
            Scanning combination 53/73: [355.09]

======================================================================
LBFGS Parameters
======================================================================
memory:     5
curvature:  70.0
max_step:   0.2
max_iter:   256
write_traj: False
traj_every: 1
verbose:    0
======================================================================


                             Coordinates                              
----------------------------------------------------------------------
0    C               -3.4392              -1.5526               0.2763
1    C               -2.1202              -1.5013               0.6398
2    C               -1.3719              -0.3030               0.4914
3    C               -2.0120               0.8461              -0.0360
4    C               -3.3816               0.7645              -0.4103
5    C               -4.0786              -0.4048              -0.2585
6    H                0.4879              -1.1313               1.2195
7    H               -4.0075              -2.4714               0.3973
8    H               -1.6206              -2.3787               1.0481
9    C                0.0022              -0.2346               0.8461
10   C               -1.2530               2.0371              -0.1821
11   H               -3.8643               1.6491              -0.8212
12   H               -5.1281              -0.4598              -0.5381
13   C                0.0682               2.0728               0.1740
14   C                0.7258               0.9229               0.6928
15   H               -1.7403               2.9195              -0.5921
16   H                0.6317               2.9962               0.0551
17   C                2.2090               0.9814               0.9998
18   C                3.0862               0.5205              -0.1737
19   H                2.4407               0.3571               1.8714
20   H                2.4744               2.0134               1.2539
21   H                4.1101               0.8966              -0.0523
22   H                2.7304               0.9206              -1.1315
23   C                3.1888              -0.9832              -0.2969
24   O                2.7287              -1.8000               0.4685
25   O                3.8690              -1.3441              -1.4030
26   H                3.8614              -2.3156              -1.4208


Energy:                 -652.923353 Convergence criteria  Is converged 
Maximum Force:             0.002686     0.002850  Yes
RMS Force:                 0.001564     0.001900  Yes
Maximum Displacement:      0.002466     0.003150  Yes
RMS Displacement:          0.001143     0.002100  Yes

LBFGS converged at iteration 12.
Final frame written to /home/hungn/Desktop/MyRepo/MLP/MAPLE/maple/function/dispatcher/parmfit/example/corr2_torsionfit_19-24_opt.xyz
Complete trajectory written to /home/hungn/Desktop/MyRepo/MLP/MAPLE/maple/function/dispatcher/parmfit/example/corr2_torsionfit_19-24_traj.xyz

----------------------------------------------------------------------
            Scanning combination 54/73: [360.09]

======================================================================
LBFGS Parameters
======================================================================
memory:     5
curvature:  70.0
max_step:   0.2
max_iter:   256
write_traj: False
traj_every: 1
verbose:    0
======================================================================


                             Coordinates                              
----------------------------------------------------------------------
0    C               -3.4427              -1.5498               0.2838
1    C               -2.1231              -1.5002               0.6443
2    C               -1.3727              -0.3034               0.4862
3    C               -2.0107               0.8467              -0.0429
4    C               -3.3838               0.7679              -0.4052
5    C               -4.0811              -0.4012              -0.2492
6    H                0.4818              -1.1287               1.2285
7    H               -4.0087              -2.4716               0.3942
8    H               -1.6274              -2.3797               1.0532
9    C                0.0001              -0.2349               0.8446
10   C               -1.2506               2.0384              -0.1889
11   H               -3.8702               1.6519              -0.8125
12   H               -5.1271              -0.4596              -0.5389
13   C                0.0710               2.0711               0.1671
14   C                0.7250               0.9216               0.6897
15   H               -1.7394               2.9297              -0.5773
16   H                0.6366               2.9947               0.0591
17   C                2.2084               0.9798               0.9980
18   C                3.0726               0.5180              -0.1826
19   H                2.4437               0.3524               1.8651
20   H                2.4739               2.0102               1.2578
21   H                4.0992               0.8946              -0.0720
22   H                2.7062               0.9021              -1.1406
23   C                3.1894              -0.9842              -0.2993
24   O                2.6816              -1.8092               0.4246
25   O                3.9335              -1.3339              -1.3669
26   H                3.9130              -2.3043              -1.3988


Energy:                 -652.922953 Convergence criteria  Is converged 
Maximum Force:             0.002608     0.002850  Yes
RMS Force:                 0.001324     0.001900  Yes
Maximum Displacement:      0.002156     0.003150  Yes
RMS Displacement:          0.000987     0.002100  Yes

LBFGS converged at iteration 13.
Final frame written to /home/hungn/Desktop/MyRepo/MLP/MAPLE/maple/function/dispatcher/parmfit/example/corr2_torsionfit_19-24_opt.xyz
Complete trajectory written to /home/hungn/Desktop/MyRepo/MLP/MAPLE/maple/function/dispatcher/parmfit/example/corr2_torsionfit_19-24_traj.xyz

----------------------------------------------------------------------
            Scanning combination 55/73: [365.09]

======================================================================
LBFGS Parameters
======================================================================
memory:     5
curvature:  70.0
max_step:   0.2
max_iter:   256
write_traj: False
traj_every: 1
verbose:    0
======================================================================


                             Coordinates                              
----------------------------------------------------------------------
0    C               -3.4431              -1.5492               0.2765
1    C               -2.1246              -1.4983               0.6420
2    C               -1.3777              -0.2984               0.4988
3    C               -2.0175               0.8514              -0.0270
4    C               -3.3857               0.7703              -0.4050
5    C               -4.0827              -0.4003              -0.2563
6    H                0.4816              -1.1309               1.2220
7    H               -4.0138              -2.4664               0.4016
8    H               -1.6232              -2.3739               1.0521
9    C               -0.0037              -0.2321               0.8546
10   C               -1.2569               2.0412              -0.1734
11   H               -3.8673               1.6568              -0.8131
12   H               -5.1333              -0.4518              -0.5312
13   C                0.0655               2.0731               0.1808
14   C                0.7221               0.9237               0.7018
15   H               -1.7420               2.9223              -0.5888
16   H                0.6331               2.9921               0.0513
17   C                2.2099               0.9738               0.9987
18   C                3.0684               0.5143              -0.1906
19   H                2.4391               0.3468               1.8700
20   H                2.4795               2.0057               1.2496
21   H                4.0876               0.9104              -0.0976
22   H                2.6825               0.8954              -1.1444
23   C                3.1950              -0.9896              -0.3051
24   O                2.6316              -1.8163               0.3747
25   O                3.9959              -1.3388              -1.3314
26   H                3.9733              -2.3097              -1.3783


Energy:                 -652.922421 Convergence criteria  Is converged 
Maximum Force:             0.002690     0.002850  Yes
RMS Force:                 0.001870     0.001900  Yes
Maximum Displacement:      0.002345     0.003150  Yes
RMS Displacement:          0.001517     0.002100  Yes

LBFGS converged at iteration 10.
Final frame written to /home/hungn/Desktop/MyRepo/MLP/MAPLE/maple/function/dispatcher/parmfit/example/corr2_torsionfit_19-24_opt.xyz
Complete trajectory written to /home/hungn/Desktop/MyRepo/MLP/MAPLE/maple/function/dispatcher/parmfit/example/corr2_torsionfit_19-24_traj.xyz

----------------------------------------------------------------------
            Scanning combination 56/73: [370.09]

======================================================================
LBFGS Parameters
======================================================================
memory:     5
curvature:  70.0
max_step:   0.2
max_iter:   256
write_traj: False
traj_every: 1
verbose:    0
======================================================================


                             Coordinates                              
----------------------------------------------------------------------
0    C               -3.4493              -1.5444               0.2832
1    C               -2.1308              -1.4962               0.6472
2    C               -1.3815              -0.2988               0.4979
3    C               -2.0170               0.8524              -0.0308
4    C               -3.3879               0.7745              -0.3992
5    C               -4.0861              -0.3944              -0.2473
6    H                0.4758              -1.1285               1.2312
7    H               -4.0168              -2.4638               0.4002
8    H               -1.6330              -2.3733               1.0582
9    C               -0.0094              -0.2330               0.8571
10   C               -1.2551               2.0428              -0.1745
11   H               -3.8730               1.6599              -0.8041
12   H               -5.1338              -0.4497              -0.5306
13   C                0.0669               2.0737               0.1789
14   C                0.7184               0.9214               0.6977
15   H               -1.7385               2.9313              -0.5744
16   H                0.6378               2.9933               0.0617
17   C                2.2046               0.9683               0.9881
18   C                3.0562               0.5082              -0.2023
19   H                2.4420               0.3422               1.8551
20   H                2.4793               1.9949               1.2513
21   H                4.0725               0.9126              -0.1344
22   H                2.6469               0.8760              -1.1507
23   C                3.1893              -0.9924              -0.3178
24   O                2.5749              -1.8270               0.3042
25   O                4.0794              -1.3280              -1.2737
26   H                4.0588              -2.2976              -1.3320


Energy:                 -652.922041 Convergence criteria  Is converged 
Maximum Force:             0.001947     0.002850  Yes
RMS Force:                 0.001036     0.001900  Yes
Maximum Displacement:      0.002440     0.003150  Yes
RMS Displacement:          0.000904     0.002100  Yes

LBFGS converged at iteration 15.
Final frame written to /home/hungn/Desktop/MyRepo/MLP/MAPLE/maple/function/dispatcher/parmfit/example/corr2_torsionfit_19-24_opt.xyz
Complete trajectory written to /home/hungn/Desktop/MyRepo/MLP/MAPLE/maple/function/dispatcher/parmfit/example/corr2_torsionfit_19-24_traj.xyz

----------------------------------------------------------------------
            Scanning combination 57/73: [375.09]

======================================================================
LBFGS Parameters
======================================================================
memory:     5
curvature:  70.0
max_step:   0.2
max_iter:   256
write_traj: False
traj_every: 1
verbose:    0
======================================================================


                             Coordinates                              
----------------------------------------------------------------------
0    C               -3.4577              -1.5382               0.2903
1    C               -2.1385              -1.4921               0.6540
2    C               -1.3888              -0.2945               0.5072
3    C               -2.0232               0.8570              -0.0207
4    C               -3.3937               0.7808              -0.3912
5    C               -4.0934              -0.3873              -0.2401
6    H                0.4702              -1.1312               1.2238
7    H               -4.0250              -2.4588               0.4002
8    H               -1.6395              -2.3722               1.0566
9    C               -0.0155              -0.2313               0.8612
10   C               -1.2601               2.0459              -0.1675
11   H               -3.8746               1.6652              -0.8034
12   H               -5.1394              -0.4430              -0.5304
13   C                0.0622               2.0753               0.1842
14   C                0.7132               0.9215               0.7006
15   H               -1.7452               2.9319              -0.5706
16   H                0.6333               2.9938               0.0612
17   C                2.2014               0.9615               0.9823
18   C                3.0439               0.5014              -0.2160
19   H                2.4443               0.3374               1.8492
20   H                2.4852               1.9857               1.2437
21   H                4.0577               0.9143              -0.1588
22   H                2.6197               0.8625              -1.1601
23   C                3.1947              -0.9986              -0.3326
24   O                2.5427              -1.8446               0.2337
25   O                4.1562              -1.3214              -1.2223
26   H                4.1501              -2.2913              -1.2783


Energy:                 -652.921507 Convergence criteria  Is converged 
Maximum Force:             0.001856     0.002850  Yes
RMS Force:                 0.000819     0.001900  Yes
Maximum Displacement:      0.002757     0.003150  Yes
RMS Displacement:          0.000792     0.002100  Yes

LBFGS converged at iteration 14.
Final frame written to /home/hungn/Desktop/MyRepo/MLP/MAPLE/maple/function/dispatcher/parmfit/example/corr2_torsionfit_19-24_opt.xyz
Complete trajectory written to /home/hungn/Desktop/MyRepo/MLP/MAPLE/maple/function/dispatcher/parmfit/example/corr2_torsionfit_19-24_traj.xyz

----------------------------------------------------------------------
            Scanning combination 58/73: [380.09]

======================================================================
LBFGS Parameters
======================================================================
memory:     5
curvature:  70.0
max_step:   0.2
max_iter:   256
write_traj: False
traj_every: 1
verbose:    0
======================================================================


                             Coordinates                              
----------------------------------------------------------------------
0    C               -3.4606              -1.5380               0.2887
1    C               -2.1415              -1.4913               0.6537
2    C               -1.3893              -0.2950               0.5036
3    C               -2.0246               0.8583              -0.0215
4    C               -3.3961               0.7822              -0.3908
5    C               -4.0957              -0.3867              -0.2422
6    H                0.4682              -1.1304               1.2277
7    H               -4.0307              -2.4565               0.4048
8    H               -1.6463              -2.3705               1.0634
9    C               -0.0153              -0.2327               0.8571
10   C               -1.2601               2.0473              -0.1650
11   H               -3.8804               1.6691              -0.7944
12   H               -5.1443              -0.4392              -0.5245
13   C                0.0633               2.0734               0.1840
14   C                0.7142               0.9200               0.6989
15   H               -1.7422               2.9380              -0.5619
16   H                0.6357               2.9915               0.0672
17   C                2.2024               0.9618               0.9815
18   C                3.0368               0.4994              -0.2241
19   H                2.4418               0.3281               1.8438
20   H                2.4839               1.9890               1.2409
21   H                4.0464               0.9238              -0.1815
22   H                2.6045               0.8434              -1.1708
23   C                3.2007              -1.0008              -0.3277
24   O                2.5129              -1.8509               0.1875
25   O                4.2052              -1.3164              -1.1721
26   H                4.1854              -2.2839              -1.2599


Energy:                 -652.920749 Convergence criteria  Is converged 
Maximum Force:             0.002501     0.002850  Yes
RMS Force:                 0.001160     0.001900  Yes
Maximum Displacement:      0.001557     0.003150  Yes
RMS Displacement:          0.000818     0.002100  Yes

LBFGS converged at iteration 10.
Final frame written to /home/hungn/Desktop/MyRepo/MLP/MAPLE/maple/function/dispatcher/parmfit/example/corr2_torsionfit_19-24_opt.xyz
Complete trajectory written to /home/hungn/Desktop/MyRepo/MLP/MAPLE/maple/function/dispatcher/parmfit/example/corr2_torsionfit_19-24_traj.xyz

----------------------------------------------------------------------
            Scanning combination 59/73: [385.09]

======================================================================
LBFGS Parameters
======================================================================
memory:     5
curvature:  70.0
max_step:   0.2
max_iter:   256
write_traj: False
traj_every: 1
verbose:    0
======================================================================


                             Coordinates                              
----------------------------------------------------------------------
0    C               -3.4662              -1.5314               0.2984
1    C               -2.1461              -1.4877               0.6593
2    C               -1.3955              -0.2913               0.5110
3    C               -2.0284               0.8617              -0.0150
4    C               -3.3992               0.7887              -0.3830
5    C               -4.1002              -0.3784              -0.2302
6    H                0.4606              -1.1352               1.2174
7    H               -4.0342              -2.4523               0.4032
8    H               -1.6459              -2.3694               1.0574
9    C               -0.0219              -0.2310               0.8621
10   C               -1.2643               2.0495              -0.1611
11   H               -3.8773               1.6750              -0.7952
12   H               -5.1450              -0.4329              -0.5245
13   C                0.0591               2.0758               0.1888
14   C                0.7095               0.9204               0.7053
15   H               -1.7532               2.9356              -0.5605
16   H                0.6308               2.9938               0.0662
17   C                2.2008               0.9517               0.9782
18   C                3.0269               0.4926              -0.2369
19   H                2.4490               0.3307               1.8485
20   H                2.4900               1.9765               1.2347
21   H                4.0316               0.9275              -0.2076
22   H                2.5638               0.8312              -1.1721
23   C                3.2058              -1.0044              -0.3503
24   O                2.4805              -1.8598               0.1014
25   O                4.2705              -1.3148              -1.1183
26   H                4.2607              -2.2840              -1.1962


Energy:                 -652.920102 Convergence criteria  Is converged 
Maximum Force:             0.002592     0.002850  Yes
RMS Force:                 0.001354     0.001900  Yes
Maximum Displacement:      0.001982     0.003150  Yes
RMS Displacement:          0.001242     0.002100  Yes

LBFGS converged at iteration 10.
Final frame written to /home/hungn/Desktop/MyRepo/MLP/MAPLE/maple/function/dispatcher/parmfit/example/corr2_torsionfit_19-24_opt.xyz
Complete trajectory written to /home/hungn/Desktop/MyRepo/MLP/MAPLE/maple/function/dispatcher/parmfit/example/corr2_torsionfit_19-24_traj.xyz

----------------------------------------------------------------------
            Scanning combination 60/73: [390.09]

======================================================================
LBFGS Parameters
======================================================================
memory:     5
curvature:  70.0
max_step:   0.2
max_iter:   256
write_traj: False
traj_every: 1
verbose:    0
======================================================================


                             Coordinates                              
----------------------------------------------------------------------
0    C               -3.4681              -1.5323               0.2918
1    C               -2.1487              -1.4882               0.6561
2    C               -1.3952              -0.2926               0.5106
3    C               -2.0293               0.8629              -0.0123
4    C               -3.4008               0.7883              -0.3830
5    C               -4.1024              -0.3794              -0.2360
6    H                0.4670              -1.1319               1.2236
7    H               -4.0397              -2.4493               0.4098
8    H               -1.6553              -2.3689               1.0640
9    C               -0.0205              -0.2321               0.8619
10   C               -1.2632               2.0511              -0.1539
11   H               -3.8849               1.6755              -0.7862
12   H               -5.1519              -0.4302              -0.5166
13   C                0.0606               2.0753               0.1924
14   C                0.7097               0.9193               0.7032
15   H               -1.7399               2.9430              -0.5534
16   H                0.6364               2.9910               0.0727
17   C                2.2005               0.9544               0.9715
18   C                3.0175               0.4899              -0.2468
19   H                2.4432               0.3216               1.8330
20   H                2.4898               1.9790               1.2319
21   H                4.0195               0.9331              -0.2321
22   H                2.5547               0.8137              -1.1847
23   C                3.2023              -1.0078              -0.3444
24   O                2.4487              -1.8673               0.0482
25   O                4.3100              -1.3068              -1.0560
26   H                4.2972              -2.2706              -1.1765


Energy:                 -652.919294 Convergence criteria  Is converged 
Maximum Force:             0.002720     0.002850  Yes
RMS Force:                 0.001510     0.001900  Yes
Maximum Displacement:      0.002301     0.003150  Yes
RMS Displacement:          0.001397     0.002100  Yes

LBFGS converged at iteration 10.
Final frame written to /home/hungn/Desktop/MyRepo/MLP/MAPLE/maple/function/dispatcher/parmfit/example/corr2_torsionfit_19-24_opt.xyz
Complete trajectory written to /home/hungn/Desktop/MyRepo/MLP/MAPLE/maple/function/dispatcher/parmfit/example/corr2_torsionfit_19-24_traj.xyz

----------------------------------------------------------------------
            Scanning combination 61/73: [395.09]

======================================================================
LBFGS Parameters
======================================================================
memory:     5
curvature:  70.0
max_step:   0.2
max_iter:   256
write_traj: False
traj_every: 1
verbose:    0
======================================================================


                             Coordinates                              
----------------------------------------------------------------------
0    C               -3.4737              -1.5264               0.2979
1    C               -2.1539              -1.4847               0.6612
2    C               -1.4007              -0.2895               0.5168
3    C               -2.0342               0.8661              -0.0037
4    C               -3.4050               0.7947              -0.3745
5    C               -4.1075              -0.3728              -0.2286
6    H                0.4582              -1.1360               1.2203
7    H               -4.0442              -2.4444               0.4107
8    H               -1.6562              -2.3658               1.0629
9    C               -0.0254              -0.2322               0.8643
10   C               -1.2675               2.0533              -0.1469
11   H               -3.8843               1.6828              -0.7807
12   H               -5.1556              -0.4229              -0.5129
13   C                0.0570               2.0759               0.1979
14   C                0.7069               0.9172               0.7037
15   H               -1.7499               2.9429              -0.5456
16   H                0.6305               2.9931               0.0767
17   C                2.1982               0.9441               0.9629
18   C                3.0126               0.4835              -0.2605
19   H                2.4448               0.3221               1.8322
20   H                2.4918               1.9686               1.2169
21   H                4.0072               0.9394              -0.2634
22   H                2.5185               0.8077              -1.1848
23   C                3.2003              -1.0132              -0.3803
24   O                2.4100              -1.8741              -0.0729
25   O                4.3747              -1.3084              -0.9786
26   H                4.3857              -2.2741              -1.0851


Energy:                 -652.918857 Convergence criteria  Is converged 
Maximum Force:             0.001671     0.002850  Yes
RMS Force:                 0.000876     0.001900  Yes
Maximum Displacement:      0.001257     0.003150  Yes
RMS Displacement:          0.000588     0.002100  Yes

LBFGS converged at iteration 15.
Final frame written to /home/hungn/Desktop/MyRepo/MLP/MAPLE/maple/function/dispatcher/parmfit/example/corr2_torsionfit_19-24_opt.xyz
Complete trajectory written to /home/hungn/Desktop/MyRepo/MLP/MAPLE/maple/function/dispatcher/parmfit/example/corr2_torsionfit_19-24_traj.xyz

----------------------------------------------------------------------
            Scanning combination 62/73: [400.09]

======================================================================
LBFGS Parameters
======================================================================
memory:     5
curvature:  70.0
max_step:   0.2
max_iter:   256
write_traj: False
traj_every: 1
verbose:    0
======================================================================


                             Coordinates                              
----------------------------------------------------------------------
0    C               -3.4798              -1.5234               0.3004
1    C               -2.1601              -1.4848               0.6626
2    C               -1.4049              -0.2910               0.5176
3    C               -2.0375               0.8668               0.0005
4    C               -3.4089               0.7974              -0.3674
5    C               -4.1131              -0.3694              -0.2241
6    H                0.4558              -1.1389               1.2170
7    H               -4.0516              -2.4399               0.4142
8    H               -1.6650              -2.3668               1.0658
9    C               -0.0287              -0.2350               0.8621
10   C               -1.2704               2.0546              -0.1408
11   H               -3.8893               1.6861              -0.7694
12   H               -5.1618              -0.4176              -0.5058
13   C                0.0552               2.0757               0.2008
14   C                0.7048               0.9131               0.6987
15   H               -1.7523               2.9474              -0.5328
16   H                0.6317               2.9920               0.0821
17   C                2.1982               0.9373               0.9471
18   C                3.0115               0.4826              -0.2781
19   H                2.4487               0.3167               1.8158
20   H                2.4895               1.9598               1.2063
21   H                4.0035               0.9447              -0.2808
22   H                2.5094               0.8022              -1.1981
23   C                3.2004              -1.0115              -0.3977
24   O                2.3796              -1.8671              -0.1667
25   O                4.4217              -1.3085              -0.8922
26   H                4.4391              -2.2712              -1.0193


Energy:                 -652.918307 Convergence criteria  Is converged 
Maximum Force:             0.002654     0.002850  Yes
RMS Force:                 0.001351     0.001900  Yes
Maximum Displacement:      0.002771     0.003150  Yes
RMS Displacement:          0.001097     0.002100  Yes

LBFGS converged at iteration 14.
Final frame written to /home/hungn/Desktop/MyRepo/MLP/MAPLE/maple/function/dispatcher/parmfit/example/corr2_torsionfit_19-24_opt.xyz
Complete trajectory written to /home/hungn/Desktop/MyRepo/MLP/MAPLE/maple/function/dispatcher/parmfit/example/corr2_torsionfit_19-24_traj.xyz

----------------------------------------------------------------------
            Scanning combination 63/73: [405.09]

======================================================================
LBFGS Parameters
======================================================================
memory:     5
curvature:  70.0
max_step:   0.2
max_iter:   256
write_traj: False
traj_every: 1
verbose:    0
======================================================================


                             Coordinates                              
----------------------------------------------------------------------
0    C               -3.4844              -1.5211               0.3057
1    C               -2.1630              -1.4846               0.6644
2    C               -1.4065              -0.2918               0.5178
3    C               -2.0392               0.8671               0.0026
4    C               -3.4123               0.7997              -0.3604
5    C               -4.1175              -0.3654              -0.2159
6    H                0.4542              -1.1433               1.2091
7    H               -4.0566              -2.4376               0.4162
8    H               -1.6693              -2.3690               1.0642
9    C               -0.0297              -0.2369               0.8597
10   C               -1.2720               2.0551              -0.1372
11   H               -3.8915               1.6895              -0.7620
12   H               -5.1660              -0.4135              -0.5007
13   C                0.0533               2.0751               0.2029
14   C                0.7038               0.9114               0.6971
15   H               -1.7561               2.9492              -0.5246
16   H                0.6304               2.9908               0.0823
17   C                2.1971               0.9346               0.9405
18   C                3.0078               0.4829              -0.2897
19   H                2.4549               0.3195               1.8109
20   H                2.4923               1.9557               1.1994
21   H                3.9995               0.9443              -0.2936
22   H                2.4980               0.7991              -1.2081
23   C                3.2017              -1.0107              -0.4135
24   O                2.3622              -1.8667              -0.2624
25   O                4.4546              -1.3086              -0.8188
26   H                4.4673              -2.2699              -0.9569


Energy:                 -652.917788 Convergence criteria  Is converged 
Maximum Force:             0.002391     0.002850  Yes
RMS Force:                 0.001349     0.001900  Yes
Maximum Displacement:      0.001631     0.003150  Yes
RMS Displacement:          0.000833     0.002100  Yes

LBFGS converged at iteration 14.
Final frame written to /home/hungn/Desktop/MyRepo/MLP/MAPLE/maple/function/dispatcher/parmfit/example/corr2_torsionfit_19-24_opt.xyz
Complete trajectory written to /home/hungn/Desktop/MyRepo/MLP/MAPLE/maple/function/dispatcher/parmfit/example/corr2_torsionfit_19-24_traj.xyz

----------------------------------------------------------------------
            Scanning combination 64/73: [410.09]

======================================================================
LBFGS Parameters
======================================================================
memory:     5
curvature:  70.0
max_step:   0.2
max_iter:   256
write_traj: False
traj_every: 1
verbose:    0
======================================================================


                             Coordinates                              
----------------------------------------------------------------------
0    C               -3.4872              -1.5205               0.3092
1    C               -2.1653              -1.4849               0.6655
2    C               -1.4068              -0.2932               0.5168
3    C               -2.0409               0.8676               0.0066
4    C               -3.4144               0.8028              -0.3550
5    C               -4.1195              -0.3633              -0.2113
6    H                0.4539              -1.1475               1.2061
7    H               -4.0605              -2.4374               0.4192
8    H               -1.6715              -2.3701               1.0631
9    C               -0.0280              -0.2406               0.8538
10   C               -1.2733               2.0546              -0.1340
11   H               -3.8941               1.6938              -0.7551
12   H               -5.1683              -0.4097              -0.4934
13   C                0.0529               2.0726               0.2023
14   C                0.7041               0.9097               0.6958
15   H               -1.7560               2.9505              -0.5173
16   H                0.6298               2.9881               0.0862
17   C                2.1985               0.9381               0.9369
18   C                3.0010               0.4821              -0.2998
19   H                2.4584               0.3165               1.8030
20   H                2.4961               1.9620               1.1927
21   H                3.9914               0.9430              -0.3083
22   H                2.4909               0.7983              -1.2161
23   C                3.1977              -1.0105              -0.4291
24   O                2.3467              -1.8646              -0.3566
25   O                4.4770              -1.3106              -0.7411
26   H                4.4880              -2.2684              -0.9017


Energy:                 -652.917276 Convergence criteria  Is converged 
Maximum Force:             0.002721     0.002850  Yes
RMS Force:                 0.001368     0.001900  Yes
Maximum Displacement:      0.002096     0.003150  Yes
RMS Displacement:          0.000983     0.002100  Yes

LBFGS converged at iteration 11.
Final frame written to /home/hungn/Desktop/MyRepo/MLP/MAPLE/maple/function/dispatcher/parmfit/example/corr2_torsionfit_19-24_opt.xyz
Complete trajectory written to /home/hungn/Desktop/MyRepo/MLP/MAPLE/maple/function/dispatcher/parmfit/example/corr2_torsionfit_19-24_traj.xyz

----------------------------------------------------------------------
            Scanning combination 65/73: [415.09]

======================================================================
LBFGS Parameters
======================================================================
memory:     5
curvature:  70.0
max_step:   0.2
max_iter:   256
write_traj: False
traj_every: 1
verbose:    0
======================================================================


                             Coordinates                              
----------------------------------------------------------------------
0    C               -3.4900              -1.5203               0.3122
1    C               -2.1669              -1.4857               0.6645
2    C               -1.4085              -0.2936               0.5181
3    C               -2.0419               0.8686               0.0109
4    C               -3.4156               0.8042              -0.3499
5    C               -4.1214              -0.3610              -0.2041
6    H                0.4537              -1.1497               1.2017
7    H               -4.0643              -2.4366               0.4242
8    H               -1.6743              -2.3723               1.0599
9    C               -0.0288              -0.2425               0.8518
10   C               -1.2750               2.0568              -0.1261
11   H               -3.8956               1.6976              -0.7442
12   H               -5.1712              -0.4059              -0.4821
13   C                0.0526               2.0727               0.2049
14   C                0.7048               0.9061               0.6914
15   H               -1.7615               2.9508              -0.5107
16   H                0.6283               2.9897               0.0885
17   C                2.1995               0.9296               0.9283
18   C                3.0013               0.4831              -0.3142
19   H                2.4659               0.3147               1.7993
20   H                2.4922               1.9566               1.1733
21   H                3.9910               0.9455              -0.3227
22   H                2.4769               0.8097              -1.2192
23   C                3.1916              -1.0086              -0.4614
24   O                2.3226              -1.8462              -0.4821
25   O                4.4921              -1.3214              -0.6476
26   H                4.5199              -2.2778              -0.8129


Energy:                 -652.917014 Convergence criteria  Is converged 
Maximum Force:             0.002391     0.002850  Yes
RMS Force:                 0.001289     0.001900  Yes
Maximum Displacement:      0.001480     0.003150  Yes
RMS Displacement:          0.000714     0.002100  Yes

LBFGS converged at iteration 11.
Final frame written to /home/hungn/Desktop/MyRepo/MLP/MAPLE/maple/function/dispatcher/parmfit/example/corr2_torsionfit_19-24_opt.xyz
Complete trajectory written to /home/hungn/Desktop/MyRepo/MLP/MAPLE/maple/function/dispatcher/parmfit/example/corr2_torsionfit_19-24_traj.xyz

----------------------------------------------------------------------
            Scanning combination 66/73: [420.09]

======================================================================
LBFGS Parameters
======================================================================
memory:     5
curvature:  70.0
max_step:   0.2
max_iter:   256
write_traj: False
traj_every: 1
verbose:    0
======================================================================


                             Coordinates                              
----------------------------------------------------------------------
0    C               -3.4937              -1.5203               0.3167
1    C               -2.1697              -1.4882               0.6642
2    C               -1.4104              -0.2967               0.5170
3    C               -2.0437               0.8674               0.0139
4    C               -3.4184               0.8053              -0.3417
5    C               -4.1250              -0.3596              -0.1956
6    H                0.4501              -1.1531               1.2055
7    H               -4.0680              -2.4366               0.4276
8    H               -1.6771              -2.3759               1.0572
9    C               -0.0300              -0.2467               0.8497
10   C               -1.2768               2.0564              -0.1215
11   H               -3.8989               1.6999              -0.7319
12   H               -5.1749              -0.4030              -0.4713
13   C                0.0520               2.0697               0.2063
14   C                0.7055               0.8995               0.6838
15   H               -1.7641               2.9530              -0.5004
16   H                0.6282               2.9866               0.0915
17   C                2.2017               0.9221               0.9113
18   C                3.0088               0.4930              -0.3355
19   H                2.4732               0.3088               1.7817
20   H                2.4892               1.9468               1.1635
21   H                3.9985               0.9563              -0.3337
22   H                2.4792               0.8279              -1.2347
23   C                3.1910              -0.9985              -0.4906
24   O                2.3123              -1.8184              -0.6038
25   O                4.4978              -1.3366              -0.5455
26   H                4.5239              -2.2912              -0.7224


Energy:                 -652.916914 Convergence criteria  Is converged 
Maximum Force:             0.002651     0.002850  Yes
RMS Force:                 0.001420     0.001900  Yes
Maximum Displacement:      0.002391     0.003150  Yes
RMS Displacement:          0.001067     0.002100  Yes

LBFGS converged at iteration 14.
Final frame written to /home/hungn/Desktop/MyRepo/MLP/MAPLE/maple/function/dispatcher/parmfit/example/corr2_torsionfit_19-24_opt.xyz
Complete trajectory written to /home/hungn/Desktop/MyRepo/MLP/MAPLE/maple/function/dispatcher/parmfit/example/corr2_torsionfit_19-24_traj.xyz

----------------------------------------------------------------------
            Scanning combination 67/73: [425.09]

======================================================================
LBFGS Parameters
======================================================================
memory:     5
curvature:  70.0
max_step:   0.2
max_iter:   256
write_traj: False
traj_every: 1
verbose:    0
======================================================================


                             Coordinates                              
----------------------------------------------------------------------
0    C               -3.5059              -1.5231               0.3313
1    C               -2.1781              -1.4978               0.6666
2    C               -1.4139              -0.3102               0.5123
3    C               -2.0515               0.8582               0.0233
4    C               -3.4311               0.8051              -0.3140
5    C               -4.1399              -0.3580              -0.1680
6    H                0.4434              -1.1739               1.1937
7    H               -4.0816              -2.4385               0.4408
8    H               -1.6849              -2.3894               1.0505
9    C               -0.0271              -0.2667               0.8231
10   C               -1.2822               2.0440              -0.1181
11   H               -3.9114               1.7037              -0.6958
12   H               -5.1921              -0.3967              -0.4366
13   C                0.0521               2.0492               0.1831
14   C                0.7129               0.8756               0.6397
15   H               -1.7713               2.9489              -0.4735
16   H                0.6272               2.9672               0.0763
17   C                2.2095               0.9157               0.8653
18   C                3.0507               0.5356              -0.3766
19   H                2.4873               0.2679               1.7068
20   H                2.4840               1.9338               1.1609
21   H                4.0509               0.9693              -0.3052
22   H                2.5724               0.9375              -1.2754
23   C                3.1905              -0.9566              -0.5628
24   O                2.3029              -1.7377              -0.8085
25   O                4.4657              -1.3620              -0.3830
26   H                4.4559              -2.3278              -0.4850


Energy:                 -652.917532 Convergence criteria  Is converged 
Maximum Force:             0.001524     0.002850  Yes
RMS Force:                 0.000809     0.001900  Yes
Maximum Displacement:      0.001044     0.003150  Yes
RMS Displacement:          0.000464     0.002100  Yes

LBFGS converged at iteration 28.
Final frame written to /home/hungn/Desktop/MyRepo/MLP/MAPLE/maple/function/dispatcher/parmfit/example/corr2_torsionfit_19-24_opt.xyz
Complete trajectory written to /home/hungn/Desktop/MyRepo/MLP/MAPLE/maple/function/dispatcher/parmfit/example/corr2_torsionfit_19-24_traj.xyz

----------------------------------------------------------------------
            Scanning combination 68/73: [430.09]

======================================================================
LBFGS Parameters
======================================================================
memory:     5
curvature:  70.0
max_step:   0.2
max_iter:   256
write_traj: False
traj_every: 1
verbose:    0
======================================================================


                             Coordinates                              
----------------------------------------------------------------------
0    C               -3.5043              -1.5230               0.3320
1    C               -2.1752              -1.4982               0.6640
2    C               -1.4107              -0.3108               0.5092
3    C               -2.0497               0.8572               0.0224
4    C               -3.4305               0.8045              -0.3124
5    C               -4.1397              -0.3580              -0.1657
6    H                0.4509              -1.1748               1.1824
7    H               -4.0809              -2.4371               0.4460
8    H               -1.6843              -2.3900               1.0488
9    C               -0.0234              -0.2662               0.8203
10   C               -1.2809               2.0431              -0.1203
11   H               -3.9124               1.7033              -0.6917
12   H               -5.1937              -0.3962              -0.4293
13   C                0.0529               2.0509               0.1815
14   C                0.7139               0.8803               0.6459
15   H               -1.7711               2.9465              -0.4765
16   H                0.6279               2.9684               0.0666
17   C                2.2119               0.9219               0.8732
18   C                3.0399               0.5327              -0.3755
19   H                2.4955               0.2754               1.7131
20   H                2.4883               1.9411               1.1657
21   H                4.0430               0.9604              -0.3062
22   H                2.5601               0.9274              -1.2743
23   C                3.1820              -0.9592              -0.5544
24   O                2.3077              -1.7306              -0.8678
25   O                4.4476              -1.3692              -0.3222
26   H                4.4591              -2.3243              -0.4982


Energy:                 -652.917710 Convergence criteria  Is converged 
Maximum Force:             0.002562     0.002850  Yes
RMS Force:                 0.001308     0.001900  Yes
Maximum Displacement:      0.002833     0.003150  Yes
RMS Displacement:          0.001263     0.002100  Yes

LBFGS converged at iteration 10.
Final frame written to /home/hungn/Desktop/MyRepo/MLP/MAPLE/maple/function/dispatcher/parmfit/example/corr2_torsionfit_19-24_opt.xyz
Complete trajectory written to /home/hungn/Desktop/MyRepo/MLP/MAPLE/maple/function/dispatcher/parmfit/example/corr2_torsionfit_19-24_traj.xyz

----------------------------------------------------------------------
            Scanning combination 69/73: [435.09]

======================================================================
LBFGS Parameters
======================================================================
memory:     5
curvature:  70.0
max_step:   0.2
max_iter:   256
write_traj: False
traj_every: 1
verbose:    0
======================================================================


                             Coordinates                              
----------------------------------------------------------------------
0    C               -3.4996              -1.5262               0.3397
1    C               -2.1692              -1.5018               0.6623
2    C               -1.4066              -0.3139               0.5069
3    C               -2.0472               0.8556               0.0247
4    C               -3.4287               0.8031              -0.3037
5    C               -4.1376              -0.3591              -0.1520
6    H                0.4612              -1.1787               1.1681
7    H               -4.0765              -2.4400               0.4571
8    H               -1.6735              -2.3952               1.0393
9    C               -0.0174              -0.2709               0.8089
10   C               -1.2791               2.0417              -0.1215
11   H               -3.9110               1.7036              -0.6796
12   H               -5.1936              -0.3949              -0.4056
13   C                0.0555               2.0487               0.1773
14   C                0.7173               0.8758               0.6349
15   H               -1.7692               2.9423              -0.4858
16   H                0.6286               2.9679               0.0684
17   C                2.2121               0.9169               0.8687
18   C                3.0477               0.5424              -0.3797
19   H                2.4897               0.2714               1.7131
20   H                2.4823               1.9403               1.1504
21   H                4.0469               0.9774              -0.3086
22   H                2.5590               0.9591              -1.2638
23   C                3.1811              -0.9469              -0.5952
24   O                2.3213              -1.6831              -1.0174
25   O                4.4021              -1.3980              -0.2339
26   H                4.4068              -2.3573              -0.3907


Energy:                 -652.918104 Convergence criteria  Is converged 
Maximum Force:             0.002169     0.002850  Yes
RMS Force:                 0.001332     0.001900  Yes
Maximum Displacement:      0.001692     0.003150  Yes
RMS Displacement:          0.000786     0.002100  Yes

LBFGS converged at iteration 19.
Final frame written to /home/hungn/Desktop/MyRepo/MLP/MAPLE/maple/function/dispatcher/parmfit/example/corr2_torsionfit_19-24_opt.xyz
Complete trajectory written to /home/hungn/Desktop/MyRepo/MLP/MAPLE/maple/function/dispatcher/parmfit/example/corr2_torsionfit_19-24_traj.xyz

----------------------------------------------------------------------
            Scanning combination 70/73: [440.09]

======================================================================
LBFGS Parameters
======================================================================
memory:     5
curvature:  70.0
max_step:   0.2
max_iter:   256
write_traj: False
traj_every: 1
verbose:    0
======================================================================


                             Coordinates                              
----------------------------------------------------------------------
0    C               -3.4993              -1.5256               0.3413
1    C               -2.1674              -1.5023               0.6607
2    C               -1.4028              -0.3151               0.5031
3    C               -2.0449               0.8534               0.0215
4    C               -3.4291               0.8026              -0.3013
5    C               -4.1390              -0.3591              -0.1488
6    H                0.4621              -1.1818               1.1645
7    H               -4.0765              -2.4395               0.4580
8    H               -1.6749              -2.3963               1.0392
9    C               -0.0134              -0.2710               0.8082
10   C               -1.2767               2.0390              -0.1244
11   H               -3.9130               1.7020              -0.6771
12   H               -5.1953              -0.3958              -0.4040
13   C                0.0572               2.0483               0.1776
14   C                0.7197               0.8789               0.6415
15   H               -1.7683               2.9412              -0.4816
16   H                0.6293               2.9672               0.0637
17   C                2.2146               0.9264               0.8724
18   C                3.0336               0.5451              -0.3852
19   H                2.5043               0.2774               1.7092
20   H                2.4925               1.9450               1.1659
21   H                4.0424               0.9581              -0.3106
22   H                2.5565               0.9561              -1.2809
23   C                3.1691              -0.9471              -0.5843
24   O                2.3413              -1.6862              -1.0619
25   O                4.3789              -1.3957              -0.1845
26   H                4.3920              -2.3436              -0.3960


Energy:                 -652.918185 Convergence criteria  Is converged 
Maximum Force:             0.002564     0.002850  Yes
RMS Force:                 0.001345     0.001900  Yes
Maximum Displacement:      0.002562     0.003150  Yes
RMS Displacement:          0.001168     0.002100  Yes

LBFGS converged at iteration 8.
Final frame written to /home/hungn/Desktop/MyRepo/MLP/MAPLE/maple/function/dispatcher/parmfit/example/corr2_torsionfit_19-24_opt.xyz
Complete trajectory written to /home/hungn/Desktop/MyRepo/MLP/MAPLE/maple/function/dispatcher/parmfit/example/corr2_torsionfit_19-24_traj.xyz

----------------------------------------------------------------------
            Scanning combination 71/73: [445.09]

======================================================================
LBFGS Parameters
======================================================================
memory:     5
curvature:  70.0
max_step:   0.2
max_iter:   256
write_traj: False
traj_every: 1
verbose:    0
======================================================================


                             Coordinates                              
----------------------------------------------------------------------
0    C               -3.4933              -1.5302               0.3468
1    C               -2.1600              -1.5073               0.6597
2    C               -1.3979              -0.3187               0.5032
3    C               -2.0410               0.8514               0.0260
4    C               -3.4252               0.8003              -0.2938
5    C               -4.1342              -0.3615              -0.1385
6    H                0.4730              -1.1843               1.1561
7    H               -4.0708              -2.4442               0.4645
8    H               -1.6641              -2.4024               1.0322
9    C               -0.0071              -0.2756               0.8004
10   C               -1.2755               2.0388              -0.1189
11   H               -3.9083               1.7019              -0.6665
12   H               -5.1916              -0.3964              -0.3888
13   C                0.0591               2.0466               0.1784
14   C                0.7242               0.8733               0.6292
15   H               -1.7684               2.9393              -0.4801
16   H                0.6301               2.9664               0.0696
17   C                2.2180               0.9198               0.8606
18   C                3.0435               0.5573              -0.3987
19   H                2.5036               0.2708               1.6994
20   H                2.4882               1.9411               1.1468
21   H                4.0488               0.9829              -0.3215
22   H                2.5547               0.9857              -1.2779
23   C                3.1685              -0.9317              -0.6255
24   O                2.3696              -1.6338              -1.1998
25   O                4.3119              -1.4235              -0.0985
26   H                4.3146              -2.3790              -0.2755


Energy:                 -652.918687 Convergence criteria  Is converged 
Maximum Force:             0.002664     0.002850  Yes
RMS Force:                 0.001586     0.001900  Yes
Maximum Displacement:      0.002818     0.003150  Yes
RMS Displacement:          0.001170     0.002100  Yes

LBFGS converged at iteration 17.
Final frame written to /home/hungn/Desktop/MyRepo/MLP/MAPLE/maple/function/dispatcher/parmfit/example/corr2_torsionfit_19-24_opt.xyz
Complete trajectory written to /home/hungn/Desktop/MyRepo/MLP/MAPLE/maple/function/dispatcher/parmfit/example/corr2_torsionfit_19-24_traj.xyz

----------------------------------------------------------------------
            Scanning combination 72/73: [450.09]

======================================================================
LBFGS Parameters
======================================================================
memory:     5
curvature:  70.0
max_step:   0.2
max_iter:   256
write_traj: False
traj_every: 1
verbose:    0
======================================================================


                             Coordinates                              
----------------------------------------------------------------------
0    C               -3.4923              -1.5296               0.3467
1    C               -2.1588              -1.5075               0.6585
2    C               -1.3942              -0.3206               0.4992
3    C               -2.0396               0.8492               0.0253
4    C               -3.4250               0.7992              -0.2919
5    C               -4.1346              -0.3623              -0.1383
6    H                0.4753              -1.1872               1.1516
7    H               -4.0694              -2.4432               0.4660
8    H               -1.6648              -2.4029               1.0316
9    C               -0.0020              -0.2765               0.7966
10   C               -1.2733               2.0360              -0.1209
11   H               -3.9105               1.6996              -0.6633
12   H               -5.1928              -0.3977              -0.3857
13   C                0.0612               2.0468               0.1783
14   C                0.7266               0.8775               0.6386
15   H               -1.7669               2.9379              -0.4756
16   H                0.6314               2.9671               0.0655
17   C                2.2223               0.9297               0.8652
18   C                3.0276               0.5585              -0.4043
19   H                2.5213               0.2745               1.6934
20   H                2.4980               1.9483               1.1612
21   H                4.0409               0.9609              -0.3275
22   H                2.5522               0.9847              -1.2915
23   C                3.1544              -0.9312              -0.6184
24   O                2.3960              -1.6336              -1.2427
25   O                4.2761              -1.4231              -0.0457
26   H                4.3014              -2.3657              -0.2800


Energy:                 -652.918689 Convergence criteria  Is converged 
Maximum Force:             0.002538     0.002850  Yes
RMS Force:                 0.001267     0.001900  Yes
Maximum Displacement:      0.001017     0.003150  Yes
RMS Displacement:          0.000494     0.002100  Yes

LBFGS converged at iteration 9.
Final frame written to /home/hungn/Desktop/MyRepo/MLP/MAPLE/maple/function/dispatcher/parmfit/example/corr2_torsionfit_19-24_opt.xyz
Complete trajectory written to /home/hungn/Desktop/MyRepo/MLP/MAPLE/maple/function/dispatcher/parmfit/example/corr2_torsionfit_19-24_traj.xyz

----------------------------------------------------------------------
            Scanning combination 73/73: [455.09]

======================================================================
LBFGS Parameters
======================================================================
memory:     5
curvature:  70.0
max_step:   0.2
max_iter:   256
write_traj: False
traj_every: 1
verbose:    0
======================================================================


                             Coordinates                              
----------------------------------------------------------------------
0    C               -3.4757              -1.5411               0.3543
1    C               -2.1385              -1.5204               0.6491
2    C               -1.3766              -0.3331               0.4834
3    C               -2.0297               0.8404               0.0292
4    C               -3.4179               0.7908              -0.2726
5    C               -4.1238              -0.3723              -0.1189
6    H                0.5022              -1.2010               1.1063
7    H               -4.0496              -2.4558               0.4747
8    H               -1.6371              -2.4167               1.0100
9    C                0.0197              -0.2890               0.7603
10   C               -1.2696               2.0313              -0.1149
11   H               -3.9067               1.6926              -0.6358
12   H               -5.1840              -0.4077              -0.3557
13   C                0.0668               2.0442               0.1738
14   C                0.7410               0.8700               0.6078
15   H               -1.7700               2.9370              -0.4504
16   H                0.6324               2.9698               0.0794
17   C                2.2348               0.9328               0.8309
18   C                3.0588               0.5961              -0.4367
19   H                2.5385               0.2610               1.6427
20   H                2.4980               1.9451               1.1558
21   H                4.0723               0.9952              -0.3383
22   H                2.5923               1.0418              -1.3197
23   C                3.1483              -0.8931              -0.6616
24   O                2.4290              -1.5525              -1.3735
25   O                4.1231              -1.4572               0.0865
26   H                4.0559              -2.4129              -0.0757


Energy:                 -652.919629 Convergence criteria  Is converged 
Maximum Force:             0.002544     0.002850  Yes
RMS Force:                 0.001378     0.001900  Yes
Maximum Displacement:      0.001419     0.003150  Yes
RMS Displacement:          0.000746     0.002100  Yes

LBFGS converged at iteration 23.
Final frame written to /home/hungn/Desktop/MyRepo/MLP/MAPLE/maple/function/dispatcher/parmfit/example/corr2_torsionfit_19-24_opt.xyz
Complete trajectory written to /home/hungn/Desktop/MyRepo/MLP/MAPLE/maple/function/dispatcher/parmfit/example/corr2_torsionfit_19-24_traj.xyz

======================================================================
Scan completed! Total points: 73Results saved to: /home/hungn/Desktop/MyRepo/MLP/MAPLE/maple/function/dispatcher/parmfit/example/corr2_torsionfit_19-24_scan_final.xyz
Energy range: -652.923764 to -652.916914 eV
