
----------------------------------------------------------------------
            Scanning combination 1/73: [179.12]

======================================================================
LBFGS Parameters
======================================================================
memory:     5
curvature:  70.0
max_step:   0.2
max_iter:   256
write_traj: False
traj_every: 1
verbose:    0
======================================================================


                             Coordinates                              
----------------------------------------------------------------------
0    C               -3.4012              -1.5689               0.0547
1    C               -2.1133              -1.5196               0.5163
2    C               -1.3574              -0.3217               0.4278
3    C               -1.9493               0.8278              -0.1503
4    C               -3.2935               0.7541              -0.6111
5    C               -4.0002              -0.4157              -0.5129
6    H                0.4008              -1.1407               1.3675
7    H               -3.9716              -2.4919               0.1168
8    H               -1.6431              -2.3998               0.9505
9    C               -0.0162              -0.2547               0.8919
10   C               -1.1683               2.0117              -0.2478
11   H               -3.7501               1.6398              -1.0484
12   H               -5.0252              -0.4708              -0.8708
13   C                0.1294               2.0359               0.1884
14   C                0.7445               0.8810               0.7456
15   H               -1.6172               2.9030              -0.6808
16   H                0.6986               2.9618               0.1175
17   C                2.2073               0.9055               1.1402
18   C                3.1893               0.5766              -0.0104
19   H                2.3808               0.1932               1.9563
20   H                2.4675               1.8967               1.5281
21   H                4.2176               0.6337               0.3628
22   H                3.0695               1.2884              -0.8317
23   C                2.9690              -0.8013              -0.5829
24   O                2.2994              -1.0671              -1.5518
25   O                3.6032              -1.7563               0.1331
26   H                3.3702              -2.5972              -0.2946


Energy:                 -652.920316 Convergence criteria  Is converged 
Maximum Force:             0.002135     0.002850  Yes
RMS Force:                 0.001127     0.001900  Yes
Maximum Displacement:      0.000030     0.003150  Yes
RMS Displacement:          0.000016     0.002100  Yes

LBFGS converged at iteration 1.
Final frame written to /home/hungn/Desktop/MyRepo/MLP/MAPLE/maple/function/dispatcher/parmfit/example/corr2_torsionfit_18-19_opt.xyz
Complete trajectory written to /home/hungn/Desktop/MyRepo/MLP/MAPLE/maple/function/dispatcher/parmfit/example/corr2_torsionfit_18-19_traj.xyz

----------------------------------------------------------------------
            Scanning combination 2/73: [184.12]

======================================================================
LBFGS Parameters
======================================================================
memory:     5
curvature:  70.0
max_step:   0.2
max_iter:   256
write_traj: False
traj_every: 1
verbose:    0
======================================================================


                             Coordinates                              
----------------------------------------------------------------------
0    C               -3.4028              -1.5692               0.0566
1    C               -2.1141              -1.5237               0.5176
2    C               -1.3530              -0.3288               0.4247
3    C               -1.9459               0.8240              -0.1479
4    C               -3.2892               0.7528              -0.6104
5    C               -3.9992              -0.4149              -0.5124
6    H                0.4124              -1.1535               1.3514
7    H               -3.9778              -2.4895               0.1219
8    H               -1.6495              -2.4055               0.9561
9    C               -0.0103              -0.2649               0.8865
10   C               -1.1660               2.0082              -0.2467
11   H               -3.7425               1.6411              -1.0464
12   H               -5.0243              -0.4668              -0.8714
13   C                0.1319               2.0275               0.1864
14   C                0.7448               0.8744               0.7496
15   H               -1.6181               2.9000              -0.6766
16   H                0.7057               2.9493               0.1107
17   C                2.2067               0.9197               1.1383
18   C                3.1907               0.5781              -0.0072
19   H                2.3831               0.2095               1.9555
20   H                2.4583               1.9115               1.5279
21   H                4.2100               0.5661               0.3896
22   H                3.1181               1.3088              -0.8152
23   C                2.9501              -0.7981              -0.5911
24   O                2.2897              -1.0672              -1.5650
25   O                3.5725              -1.7527               0.1396
26   H                3.3704              -2.6002              -0.2898


Energy:                 -652.919937 Convergence criteria  Is converged 
Maximum Force:             0.002374     0.002850  Yes
RMS Force:                 0.001181     0.001900  Yes
Maximum Displacement:      0.001742     0.003150  Yes
RMS Displacement:          0.000934     0.002100  Yes

LBFGS converged at iteration 11.
Final frame written to /home/hungn/Desktop/MyRepo/MLP/MAPLE/maple/function/dispatcher/parmfit/example/corr2_torsionfit_18-19_opt.xyz
Complete trajectory written to /home/hungn/Desktop/MyRepo/MLP/MAPLE/maple/function/dispatcher/parmfit/example/corr2_torsionfit_18-19_traj.xyz

----------------------------------------------------------------------
            Scanning combination 3/73: [189.12]

======================================================================
LBFGS Parameters
======================================================================
memory:     5
curvature:  70.0
max_step:   0.2
max_iter:   256
write_traj: False
traj_every: 1
verbose:    0
======================================================================


                             Coordinates                              
----------------------------------------------------------------------
0    C               -3.4104              -1.5744               0.0693
1    C               -2.1181              -1.5387               0.5233
2    C               -1.3442              -0.3508               0.4223
3    C               -1.9367               0.8041              -0.1472
4    C               -3.2812               0.7432              -0.6043
5    C               -3.9993              -0.4182              -0.5031
6    H                0.4463              -1.1827               1.3014
7    H               -3.9949              -2.4889               0.1423
8    H               -1.6661              -2.4251               0.9648
9    C                0.0076              -0.2876               0.8641
10   C               -1.1607               1.9896              -0.2508
11   H               -3.7259               1.6355              -1.0413
12   H               -5.0237              -0.4638              -0.8627
13   C                0.1403               2.0108               0.1709
14   C                0.7585               0.8570               0.7245
15   H               -1.6197               2.8811              -0.6727
16   H                0.7157               2.9319               0.0906
17   C                2.2148               0.9386               1.1342
18   C                3.2374               0.5748               0.0326
19   H                2.3922               0.2708               1.9851
20   H                2.4407               1.9528               1.4788
21   H                4.2353               0.5095               0.4797
22   H                3.2313               1.3222              -0.7626
23   C                2.9472              -0.7710              -0.5897
24   O                2.3054              -0.9766              -1.5908
25   O                3.4782              -1.7758               0.1443
26   H                3.2412              -2.6001              -0.3115


Energy:                 -652.919454 Convergence criteria  Is converged 
Maximum Force:             0.002149     0.002850  Yes
RMS Force:                 0.001303     0.001900  Yes
Maximum Displacement:      0.002478     0.003150  Yes
RMS Displacement:          0.001040     0.002100  Yes

LBFGS converged at iteration 22.
Final frame written to /home/hungn/Desktop/MyRepo/MLP/MAPLE/maple/function/dispatcher/parmfit/example/corr2_torsionfit_18-19_opt.xyz
Complete trajectory written to /home/hungn/Desktop/MyRepo/MLP/MAPLE/maple/function/dispatcher/parmfit/example/corr2_torsionfit_18-19_traj.xyz

----------------------------------------------------------------------
            Scanning combination 4/73: [194.12]

======================================================================
LBFGS Parameters
======================================================================
memory:     5
curvature:  70.0
max_step:   0.2
max_iter:   256
write_traj: False
traj_every: 1
verbose:    0
======================================================================


                             Coordinates                              
----------------------------------------------------------------------
0    C               -3.4136              -1.5836               0.1460
1    C               -2.1274              -1.5486               0.6152
2    C               -1.3332              -0.3780               0.4747
3    C               -1.8930               0.7538              -0.1691
4    C               -3.2350               0.6956              -0.6343
5    C               -3.9788              -0.4437              -0.4807
6    H                0.4117              -1.1855               1.4573
7    H               -4.0136              -2.4839               0.2515
8    H               -1.6909              -2.4232               1.0951
9    C                0.0048              -0.3120               0.9538
10   C               -1.0900               1.9140              -0.3288
11   H               -3.6565               1.5727              -1.1208
12   H               -5.0038              -0.4840              -0.8411
13   C                0.2001               1.9366               0.1233
14   C                0.7754               0.8119               0.7745
15   H               -1.5209               2.7844              -0.8199
16   H                0.8012               2.8347              -0.0072
17   C                2.2207               0.8942               1.2224
18   C                3.2574               0.6394               0.1104
19   H                2.3899               0.1578               2.0152
20   H                2.4194               1.8799               1.6557
21   H                4.2375               0.4708               0.5742
22   H                3.3342               1.4664              -0.5989
23   C                3.0103              -0.6212              -0.6869
24   O                2.9997              -0.7164              -1.8891
25   O                2.8565              -1.6973               0.1222
26   H                2.7255              -2.4567              -0.4699


Energy:                 -652.920648 Convergence criteria  Is converged 
Maximum Force:             0.001119     0.002850  Yes
RMS Force:                 0.000794     0.001900  Yes
Maximum Displacement:      0.002012     0.003150  Yes
RMS Displacement:          0.001253     0.002100  Yes

LBFGS converged at iteration 67.
Final frame written to /home/hungn/Desktop/MyRepo/MLP/MAPLE/maple/function/dispatcher/parmfit/example/corr2_torsionfit_18-19_opt.xyz
Complete trajectory written to /home/hungn/Desktop/MyRepo/MLP/MAPLE/maple/function/dispatcher/parmfit/example/corr2_torsionfit_18-19_traj.xyz

----------------------------------------------------------------------
            Scanning combination 5/73: [199.12]

======================================================================
LBFGS Parameters
======================================================================
memory:     5
curvature:  70.0
max_step:   0.2
max_iter:   256
write_traj: False
traj_every: 1
verbose:    0
======================================================================


                             Coordinates                              
----------------------------------------------------------------------
0    C               -3.4143              -1.5842               0.1515
1    C               -2.1280              -1.5485               0.6201
2    C               -1.3336              -0.3793               0.4736
3    C               -1.8950               0.7517              -0.1707
4    C               -3.2367               0.6930              -0.6373
5    C               -3.9787              -0.4476              -0.4820
6    H                0.4108              -1.1925               1.4492
7    H               -4.0146              -2.4837               0.2628
8    H               -1.6923              -2.4184               1.1089
9    C                0.0050              -0.3158               0.9505
10   C               -1.0917               1.9109              -0.3323
11   H               -3.6609               1.5705              -1.1217
12   H               -5.0030              -0.4896              -0.8433
13   C                0.1982               1.9322               0.1199
14   C                0.7746               0.8082               0.7706
15   H               -1.5193               2.7838              -0.8214
16   H                0.8021               2.8283              -0.0092
17   C                2.2190               0.9024               1.2190
18   C                3.2772               0.6274               0.1273
19   H                2.3815               0.1727               2.0193
20   H                2.4110               1.8900               1.6508
21   H                4.2258               0.3867               0.6228
22   H                3.4186               1.4631              -0.5607
23   C                3.0023              -0.6151              -0.6947
24   O                2.9774              -0.7002              -1.8972
25   O                2.8397              -1.6960               0.1079
26   H                2.7240              -2.4569              -0.4849


Energy:                 -652.919423 Convergence criteria  Is converged 
Maximum Force:             0.001905     0.002850  Yes
RMS Force:                 0.001045     0.001900  Yes
Maximum Displacement:      0.001977     0.003150  Yes
RMS Displacement:          0.000674     0.002100  Yes

LBFGS converged at iteration 16.
Final frame written to /home/hungn/Desktop/MyRepo/MLP/MAPLE/maple/function/dispatcher/parmfit/example/corr2_torsionfit_18-19_opt.xyz
Complete trajectory written to /home/hungn/Desktop/MyRepo/MLP/MAPLE/maple/function/dispatcher/parmfit/example/corr2_torsionfit_18-19_traj.xyz

----------------------------------------------------------------------
            Scanning combination 6/73: [204.12]

======================================================================
LBFGS Parameters
======================================================================
memory:     5
curvature:  70.0
max_step:   0.2
max_iter:   256
write_traj: False
traj_every: 1
verbose:    0
======================================================================


                             Coordinates                              
----------------------------------------------------------------------
0    C               -3.4173              -1.5869               0.1618
1    C               -2.1309              -1.5509               0.6286
2    C               -1.3344              -0.3829               0.4731
3    C               -1.8954               0.7459              -0.1745
4    C               -3.2376               0.6853              -0.6387
5    C               -3.9813              -0.4541              -0.4783
6    H                0.4152              -1.1925               1.4437
7    H               -4.0187              -2.4851               0.2763
8    H               -1.6978              -2.4193               1.1235
9    C                0.0068              -0.3179               0.9443
10   C               -1.0910               1.9043              -0.3409
11   H               -3.6605               1.5601              -1.1270
12   H               -5.0047              -0.4974              -0.8420
13   C                0.2001               1.9282               0.1090
14   C                0.7795               0.8043               0.7590
15   H               -1.5241               2.7758              -0.8280
16   H                0.8004               2.8269              -0.0208
17   C                2.2230               0.9104               1.2198
18   C                3.3129               0.6022               0.1620
19   H                2.3663               0.2111               2.0524
20   H                2.4051               1.9116               1.6205
21   H                4.2268               0.2917               0.6861
22   H                3.5269               1.4456              -0.5004
23   C                2.9947              -0.6049              -0.6965
24   O                2.9439              -0.6491              -1.8994
25   O                2.8304              -1.7082               0.0759
26   H                2.6791              -2.4479              -0.5355


Energy:                 -652.918072 Convergence criteria  Is converged 
Maximum Force:             0.002837     0.002850  Yes
RMS Force:                 0.001682     0.001900  Yes
Maximum Displacement:      0.002485     0.003150  Yes
RMS Displacement:          0.000880     0.002100  Yes

LBFGS converged at iteration 18.
Final frame written to /home/hungn/Desktop/MyRepo/MLP/MAPLE/maple/function/dispatcher/parmfit/example/corr2_torsionfit_18-19_opt.xyz
Complete trajectory written to /home/hungn/Desktop/MyRepo/MLP/MAPLE/maple/function/dispatcher/parmfit/example/corr2_torsionfit_18-19_traj.xyz

----------------------------------------------------------------------
            Scanning combination 7/73: [209.12]

======================================================================
LBFGS Parameters
======================================================================
memory:     5
curvature:  70.0
max_step:   0.2
max_iter:   256
write_traj: False
traj_every: 1
verbose:    0
======================================================================


                             Coordinates                              
----------------------------------------------------------------------
0    C               -3.4182              -1.5873               0.1623
1    C               -2.1311              -1.5503               0.6292
2    C               -1.3326              -0.3849               0.4740
3    C               -1.8948               0.7443              -0.1738
4    C               -3.2370               0.6847              -0.6394
5    C               -3.9803              -0.4539              -0.4783
6    H                0.4157              -1.1990               1.4468
7    H               -4.0189              -2.4859               0.2784
8    H               -1.6976              -2.4173               1.1241
9    C                0.0100              -0.3234               0.9445
10   C               -1.0916               1.9019              -0.3411
11   H               -3.6612               1.5599              -1.1282
12   H               -5.0041              -0.4982              -0.8407
13   C                0.1991               1.9228               0.1067
14   C                0.7796               0.8001               0.7582
15   H               -1.5214               2.7746              -0.8285
16   H                0.7999               2.8209              -0.0206
17   C                2.2211               0.9254               1.2161
18   C                3.3127               0.5953               0.1688
19   H                2.3658               0.2246               2.0453
20   H                2.4044               1.9257               1.6221
21   H                4.2030               0.2167               0.6847
22   H                3.5539               1.4346              -0.4822
23   C                2.9853              -0.6008              -0.7012
24   O                2.9395              -0.6428              -1.9039
25   O                2.8275              -1.7058               0.0706
26   H                2.6744              -2.4437              -0.5411


Energy:                 -652.916080 Convergence criteria  Is converged 
Maximum Force:             0.002754     0.002850  Yes
RMS Force:                 0.001457     0.001900  Yes
Maximum Displacement:      0.001716     0.003150  Yes
RMS Displacement:          0.000905     0.002100  Yes

LBFGS converged at iteration 12.
Final frame written to /home/hungn/Desktop/MyRepo/MLP/MAPLE/maple/function/dispatcher/parmfit/example/corr2_torsionfit_18-19_opt.xyz
Complete trajectory written to /home/hungn/Desktop/MyRepo/MLP/MAPLE/maple/function/dispatcher/parmfit/example/corr2_torsionfit_18-19_traj.xyz

----------------------------------------------------------------------
            Scanning combination 8/73: [214.12]

======================================================================
LBFGS Parameters
======================================================================
memory:     5
curvature:  70.0
max_step:   0.2
max_iter:   256
write_traj: False
traj_every: 1
verbose:    0
======================================================================


                             Coordinates                              
----------------------------------------------------------------------
0    C               -3.3825              -1.5990               0.2201
1    C               -2.0917              -1.5450               0.6711
2    C               -1.3060              -0.3778               0.4762
3    C               -1.8670               0.7277              -0.2113
4    C               -3.2133               0.6454              -0.6603
5    C               -3.9540              -0.4868              -0.4489
6    H                0.4389              -1.1485               1.4810
7    H               -3.9825              -2.4917               0.3743
8    H               -1.6489              -2.3941               1.1910
9    C                0.0247              -0.2892               0.9597
10   C               -1.0610               1.8789              -0.4238
11   H               -3.6452               1.5012              -1.1741
12   H               -4.9831              -0.5425              -0.7958
13   C                0.2261               1.9245               0.0425
14   C                0.7892               0.8327               0.7573
15   H               -1.4862               2.7285              -0.9561
16   H                0.8332               2.8126              -0.1226
17   C                2.2085               0.9218               1.2800
18   C                3.3395               0.4897               0.3067
19   H                2.2747               0.2883               2.1728
20   H                2.4182               1.9436               1.6109
21   H                4.1442               0.0220               0.8870
22   H                3.7252               1.3423              -0.2546
23   C                2.9398              -0.5601              -0.7088
24   O                2.8656              -0.3987              -1.9020
25   O                2.7013              -1.7606              -0.1299
26   H                2.4694              -2.3622              -0.8564


Energy:                 -652.915767 Convergence criteria  Is converged 
Maximum Force:             0.002570     0.002850  Yes
RMS Force:                 0.001595     0.001900  Yes
Maximum Displacement:      0.001463     0.003150  Yes
RMS Displacement:          0.000769     0.002100  Yes

LBFGS converged at iteration 37.
Final frame written to /home/hungn/Desktop/MyRepo/MLP/MAPLE/maple/function/dispatcher/parmfit/example/corr2_torsionfit_18-19_opt.xyz
Complete trajectory written to /home/hungn/Desktop/MyRepo/MLP/MAPLE/maple/function/dispatcher/parmfit/example/corr2_torsionfit_18-19_traj.xyz

----------------------------------------------------------------------
            Scanning combination 9/73: [219.12]

======================================================================
LBFGS Parameters
======================================================================
memory:     5
curvature:  70.0
max_step:   0.2
max_iter:   256
write_traj: False
traj_every: 1
verbose:    0
======================================================================


                             Coordinates                              
----------------------------------------------------------------------
0    C               -3.3893              -1.5998               0.2210
1    C               -2.0997              -1.5462               0.6767
2    C               -1.3097              -0.3822               0.4819
3    C               -1.8685               0.7215              -0.2090
4    C               -3.2136               0.6435              -0.6640
5    C               -3.9560              -0.4882              -0.4533
6    H                0.4304              -1.1529               1.4989
7    H               -3.9890              -2.4933               0.3744
8    H               -1.6569              -2.3937               1.1971
9    C                0.0217              -0.2960               0.9691
10   C               -1.0601               1.8700              -0.4226
11   H               -3.6423               1.5001              -1.1806
12   H               -4.9845              -0.5428              -0.8011
13   C                0.2255               1.9147               0.0440
14   C                0.7877               0.8246               0.7615
15   H               -1.4812               2.7198              -0.9559
16   H                0.8353               2.8014              -0.1211
17   C                2.2104               0.9329               1.2722
18   C                3.3473               0.4876               0.3049
19   H                2.2811               0.3029               2.1694
20   H                2.4112               1.9552               1.6051
21   H                4.1144              -0.0403               0.8824
22   H                3.7898               1.3285              -0.2298
23   C                2.9359              -0.5448              -0.7275
24   O                2.8530              -0.3846              -1.9194
25   O                2.6939              -1.7425              -0.1414
26   H                2.4567              -2.3529              -0.8586


Energy:                 -652.914372 Convergence criteria  Is converged 
Maximum Force:             0.002300     0.002850  Yes
RMS Force:                 0.001373     0.001900  Yes
Maximum Displacement:      0.001629     0.003150  Yes
RMS Displacement:          0.000932     0.002100  Yes

LBFGS converged at iteration 12.
Final frame written to /home/hungn/Desktop/MyRepo/MLP/MAPLE/maple/function/dispatcher/parmfit/example/corr2_torsionfit_18-19_opt.xyz
Complete trajectory written to /home/hungn/Desktop/MyRepo/MLP/MAPLE/maple/function/dispatcher/parmfit/example/corr2_torsionfit_18-19_traj.xyz

----------------------------------------------------------------------
            Scanning combination 10/73: [224.12]

======================================================================
LBFGS Parameters
======================================================================
memory:     5
curvature:  70.0
max_step:   0.2
max_iter:   256
write_traj: False
traj_every: 1
verbose:    0
======================================================================


                             Coordinates                              
----------------------------------------------------------------------
0    C               -3.3971              -1.6025               0.2351
1    C               -2.1120              -1.5491               0.7062
2    C               -1.3103              -0.3927               0.5013
3    C               -1.8629               0.7034              -0.2078
4    C               -3.2039               0.6259              -0.6737
5    C               -3.9538              -0.4996              -0.4602
6    H                0.4246              -1.1443               1.5495
7    H               -4.0025              -2.4914               0.3906
8    H               -1.6861              -2.3948               1.2440
9    C                0.0234              -0.3022               0.9899
10   C               -1.0522               1.8471              -0.4334
11   H               -3.6222               1.4779              -1.2050
12   H               -4.9778              -0.5551              -0.8214
13   C                0.2347               1.8920               0.0294
14   C                0.7989               0.8109               0.7591
15   H               -1.4748               2.6925              -0.9730
16   H                0.8403               2.7797              -0.1461
17   C                2.2222               0.9363               1.2757
18   C                3.3800               0.4257               0.3624
19   H                2.2834               0.3859               2.2221
20   H                2.4235               1.9832               1.5216
21   H                4.0931              -0.1467               0.9637
22   H                3.8959               1.2569              -0.1224
23   C                2.9366              -0.5228              -0.7282
24   O                2.8366              -0.2604              -1.9008
25   O                2.6663              -1.7539              -0.2352
26   H                2.3541              -2.2798              -0.9900


Energy:                 -652.913295 Convergence criteria  Is converged 
Maximum Force:             0.001778     0.002850  Yes
RMS Force:                 0.001015     0.001900  Yes
Maximum Displacement:      0.002239     0.003150  Yes
RMS Displacement:          0.000946     0.002100  Yes

LBFGS converged at iteration 27.
Final frame written to /home/hungn/Desktop/MyRepo/MLP/MAPLE/maple/function/dispatcher/parmfit/example/corr2_torsionfit_18-19_opt.xyz
Complete trajectory written to /home/hungn/Desktop/MyRepo/MLP/MAPLE/maple/function/dispatcher/parmfit/example/corr2_torsionfit_18-19_traj.xyz

----------------------------------------------------------------------
            Scanning combination 11/73: [229.12]

======================================================================
LBFGS Parameters
======================================================================
memory:     5
curvature:  70.0
max_step:   0.2
max_iter:   256
write_traj: False
traj_every: 1
verbose:    0
======================================================================


                             Coordinates                              
----------------------------------------------------------------------
0    C               -3.3824              -1.6079               0.2666
1    C               -2.0993              -1.5411               0.7400
2    C               -1.3020              -0.3862               0.5155
3    C               -1.8487               0.6947              -0.2207
4    C               -3.1866               0.6019              -0.6939
5    C               -3.9355              -0.5203              -0.4559
6    H                0.4263              -1.1222               1.5814
7    H               -3.9878              -2.4938               0.4416
8    H               -1.6707              -2.3732               1.2960
9    C                0.0251              -0.2852               1.0134
10   C               -1.0366               1.8346              -0.4622
11   H               -3.6050               1.4393              -1.2487
12   H               -4.9580              -0.5859              -0.8193
13   C                0.2440               1.8936               0.0179
14   C                0.7977               0.8272               0.7747
15   H               -1.4500               2.6634              -1.0328
16   H                0.8529               2.7768              -0.1687
17   C                2.2142               0.9381               1.3037
18   C                3.3611               0.3427               0.4259
19   H                2.2577               0.4586               2.2882
20   H                2.4427               1.9941               1.4798
21   H                4.0060              -0.2953               1.0377
22   H                3.9708               1.1512               0.0173
23   C                2.9048              -0.4978              -0.7449
24   O                2.8296              -0.1304              -1.8915
25   O                2.5883              -1.7556              -0.3635
26   H                2.2930              -2.2144              -1.1672


Energy:                 -652.912698 Convergence criteria  Is converged 
Maximum Force:             0.001947     0.002850  Yes
RMS Force:                 0.000894     0.001900  Yes
Maximum Displacement:      0.001053     0.003150  Yes
RMS Displacement:          0.000523     0.002100  Yes

LBFGS converged at iteration 26.
Final frame written to /home/hungn/Desktop/MyRepo/MLP/MAPLE/maple/function/dispatcher/parmfit/example/corr2_torsionfit_18-19_opt.xyz
Complete trajectory written to /home/hungn/Desktop/MyRepo/MLP/MAPLE/maple/function/dispatcher/parmfit/example/corr2_torsionfit_18-19_traj.xyz

----------------------------------------------------------------------
            Scanning combination 12/73: [234.12]

======================================================================
LBFGS Parameters
======================================================================
memory:     5
curvature:  70.0
max_step:   0.2
max_iter:   256
write_traj: False
traj_every: 1
verbose:    0
======================================================================


                             Coordinates                              
----------------------------------------------------------------------
0    C               -3.3835              -1.6080               0.2668
1    C               -2.1007              -1.5416               0.7412
2    C               -1.3022              -0.3884               0.5166
3    C               -1.8486               0.6922              -0.2213
4    C               -3.1861               0.6008              -0.6954
5    C               -3.9354              -0.5208              -0.4567
6    H                0.4241              -1.1262               1.5879
7    H               -3.9885              -2.4938               0.4429
8    H               -1.6715              -2.3717               1.2995
9    C                0.0245              -0.2892               1.0183
10   C               -1.0366               1.8317              -0.4623
11   H               -3.6035               1.4385              -1.2505
12   H               -4.9574              -0.5864              -0.8207
13   C                0.2430               1.8878               0.0199
14   C                0.7966               0.8227               0.7790
15   H               -1.4485               2.6625              -1.0321
16   H                0.8548               2.7690              -0.1674
17   C                2.2152               0.9504               1.2974
18   C                3.3599               0.3400               0.4266
19   H                2.2571               0.4687               2.2807
20   H                2.4395               2.0064               1.4805
21   H                3.9575              -0.3514               1.0290
22   H                4.0011               1.1298               0.0339
23   C                2.8994              -0.4889              -0.7532
24   O                2.8258              -0.1256              -1.9007
25   O                2.5887              -1.7489              -0.3697
26   H                2.2889              -2.2083              -1.1713


Energy:                 -652.911950 Convergence criteria  Is converged 
Maximum Force:             0.002214     0.002850  Yes
RMS Force:                 0.001140     0.001900  Yes
Maximum Displacement:      0.001145     0.003150  Yes
RMS Displacement:          0.000633     0.002100  Yes

LBFGS converged at iteration 8.
Final frame written to /home/hungn/Desktop/MyRepo/MLP/MAPLE/maple/function/dispatcher/parmfit/example/corr2_torsionfit_18-19_opt.xyz
Complete trajectory written to /home/hungn/Desktop/MyRepo/MLP/MAPLE/maple/function/dispatcher/parmfit/example/corr2_torsionfit_18-19_traj.xyz

----------------------------------------------------------------------
            Scanning combination 13/73: [239.12]

======================================================================
LBFGS Parameters
======================================================================
memory:     5
curvature:  70.0
max_step:   0.2
max_iter:   256
write_traj: False
traj_every: 1
verbose:    0
======================================================================


                             Coordinates                              
----------------------------------------------------------------------
0    C               -3.3867              -1.6142               0.2790
1    C               -2.1076              -1.5445               0.7640
2    C               -1.3024              -0.3951               0.5331
3    C               -1.8442               0.6787              -0.2179
4    C               -3.1784               0.5847              -0.7017
5    C               -3.9314              -0.5338              -0.4600
6    H                0.4181              -1.1122               1.6295
7    H               -3.9953              -2.4980               0.4573
8    H               -1.6898              -2.3726               1.3337
9    C                0.0250              -0.2885               1.0360
10   C               -1.0322               1.8160              -0.4666
11   H               -3.5899               1.4172              -1.2690
12   H               -4.9501              -0.6025              -0.8329
13   C                0.2489               1.8767               0.0116
14   C                0.8022               0.8177               0.7805
15   H               -1.4482               2.6413              -1.0403
16   H                0.8626               2.7546              -0.1864
17   C                2.2221               0.9518               1.2996
18   C                3.3642               0.2503               0.4937
19   H                2.2689               0.5955               2.3350
20   H                2.4601               2.0191               1.3447
21   H                3.8896              -0.4717               1.1244
22   H                4.0902               1.0010               0.1718
23   C                2.9023              -0.4782              -0.7467
24   O                2.8271              -0.0070              -1.8546
25   O                2.5626              -1.7577              -0.4752
26   H                2.2251              -2.1295              -1.3067


Energy:                 -652.912070 Convergence criteria  Is converged 
Maximum Force:             0.001670     0.002850  Yes
RMS Force:                 0.000995     0.001900  Yes
Maximum Displacement:      0.003031     0.003150  Yes
RMS Displacement:          0.001479     0.002100  Yes

LBFGS converged at iteration 18.
Final frame written to /home/hungn/Desktop/MyRepo/MLP/MAPLE/maple/function/dispatcher/parmfit/example/corr2_torsionfit_18-19_opt.xyz
Complete trajectory written to /home/hungn/Desktop/MyRepo/MLP/MAPLE/maple/function/dispatcher/parmfit/example/corr2_torsionfit_18-19_traj.xyz

----------------------------------------------------------------------
            Scanning combination 14/73: [244.12]

======================================================================
LBFGS Parameters
======================================================================
memory:     5
curvature:  70.0
max_step:   0.2
max_iter:   256
write_traj: False
traj_every: 1
verbose:    0
======================================================================


                             Coordinates                              
----------------------------------------------------------------------
0    C               -3.3857              -1.6141               0.2799
1    C               -2.1065              -1.5450               0.7653
2    C               -1.3015              -0.3962               0.5349
3    C               -1.8443               0.6764              -0.2181
4    C               -3.1780               0.5828              -0.7023
5    C               -3.9312              -0.5349              -0.4600
6    H                0.4159              -1.1201               1.6324
7    H               -3.9940              -2.4969               0.4592
8    H               -1.6874              -2.3714               1.3365
9    C                0.0253              -0.2923               1.0424
10   C               -1.0332               1.8140              -0.4667
11   H               -3.5882               1.4161              -1.2694
12   H               -4.9498              -0.6028              -0.8335
13   C                0.2453               1.8714               0.0159
14   C                0.8005               0.8152               0.7857
15   H               -1.4445               2.6408              -1.0421
16   H                0.8636               2.7450              -0.1834
17   C                2.2228               0.9670               1.2899
18   C                3.3602               0.2459               0.4954
19   H                2.2670               0.6119               2.3257
20   H                2.4577               2.0354               1.3394
21   H                3.8325              -0.5188               1.1171
22   H                4.1180               0.9727               0.1973
23   C                2.8978              -0.4681              -0.7554
24   O                2.8256              -0.0008              -1.8650
25   O                2.5566              -1.7476              -0.4802
26   H                2.2285              -2.1260              -1.3119


Energy:                 -652.911791 Convergence criteria  Is converged 
Maximum Force:             0.002223     0.002850  Yes
RMS Force:                 0.001176     0.001900  Yes
Maximum Displacement:      0.001405     0.003150  Yes
RMS Displacement:          0.000600     0.002100  Yes

LBFGS converged at iteration 13.
Final frame written to /home/hungn/Desktop/MyRepo/MLP/MAPLE/maple/function/dispatcher/parmfit/example/corr2_torsionfit_18-19_opt.xyz
Complete trajectory written to /home/hungn/Desktop/MyRepo/MLP/MAPLE/maple/function/dispatcher/parmfit/example/corr2_torsionfit_18-19_traj.xyz

----------------------------------------------------------------------
            Scanning combination 15/73: [249.12]

======================================================================
LBFGS Parameters
======================================================================
memory:     5
curvature:  70.0
max_step:   0.2
max_iter:   256
write_traj: False
traj_every: 1
verbose:    0
======================================================================


                             Coordinates                              
----------------------------------------------------------------------
0    C               -3.3708              -1.6228               0.3023
1    C               -2.0935              -1.5448               0.7912
2    C               -1.2935              -0.3942               0.5503
3    C               -1.8375               0.6679              -0.2163
4    C               -3.1686               0.5628              -0.7041
5    C               -3.9190              -0.5548              -0.4518
6    H                0.4324              -1.1001               1.6485
7    H               -3.9781              -2.5047               0.4896
8    H               -1.6751              -2.3648               1.3732
9    C                0.0315              -0.2782               1.0570
10   C               -1.0322               1.8074              -0.4754
11   H               -3.5777               1.3892              -1.2809
12   H               -4.9362              -0.6292              -0.8291
13   C                0.2447               1.8772               0.0104
14   C                0.8014               0.8307               0.7906
15   H               -1.4459               2.6220              -1.0666
16   H                0.8624               2.7476              -0.2028
17   C                2.2241               0.9744               1.2928
18   C                3.3245               0.1323               0.5709
19   H                2.2694               0.7722               2.3685
20   H                2.4962               2.0301               1.1848
21   H                3.7073              -0.6539               1.2264
22   H                4.1707               0.7902               0.3463
23   C                2.8915              -0.4669              -0.7471
24   O                2.8805               0.1140              -1.8054
25   O                2.4959              -1.7525              -0.6233
26   H                2.2045              -2.0296              -1.5077


Energy:                 -652.912850 Convergence criteria  Is converged 
Maximum Force:             0.002254     0.002850  Yes
RMS Force:                 0.001101     0.001900  Yes
Maximum Displacement:      0.001411     0.003150  Yes
RMS Displacement:          0.000727     0.002100  Yes

LBFGS converged at iteration 25.
Final frame written to /home/hungn/Desktop/MyRepo/MLP/MAPLE/maple/function/dispatcher/parmfit/example/corr2_torsionfit_18-19_opt.xyz
Complete trajectory written to /home/hungn/Desktop/MyRepo/MLP/MAPLE/maple/function/dispatcher/parmfit/example/corr2_torsionfit_18-19_traj.xyz

----------------------------------------------------------------------
            Scanning combination 16/73: [254.12]

======================================================================
LBFGS Parameters
======================================================================
memory:     5
curvature:  70.0
max_step:   0.2
max_iter:   256
write_traj: False
traj_every: 1
verbose:    0
======================================================================


                             Coordinates                              
----------------------------------------------------------------------
0    C               -3.3561              -1.6300               0.3270
1    C               -2.0807              -1.5328               0.8169
2    C               -1.2894              -0.3810               0.5597
3    C               -1.8374               0.6686              -0.2202
4    C               -3.1672               0.5454              -0.7100
5    C               -3.9080              -0.5758              -0.4439
6    H                0.4325              -1.0579               1.6781
7    H               -3.9559              -2.5145               0.5275
8    H               -1.6538              -2.3389               1.4109
9    C                0.0331              -0.2516               1.0647
10   C               -1.0342               1.8081              -0.4902
11   H               -3.5849               1.3588              -1.3002
12   H               -4.9243              -0.6650              -0.8194
13   C                0.2455               1.8899              -0.0097
14   C                0.8030               0.8526               0.7832
15   H               -1.4539               2.6148              -1.0874
16   H                0.8578               2.7620              -0.2353
17   C                2.2229               0.9732               1.2938
18   C                3.2874               0.0651               0.6062
19   H                2.2536               0.7945               2.3749
20   H                2.5318               2.0145               1.1495
21   H                3.5745              -0.7619               1.2588
22   H                4.1937               0.6602               0.4548
23   C                2.8948              -0.4520              -0.7582
24   O                2.9546               0.1821              -1.7839
25   O                2.4557              -1.7277              -0.7207
26   H                2.2008              -1.9501              -1.6320


Energy:                 -652.913899 Convergence criteria  Is converged 
Maximum Force:             0.001045     0.002850  Yes
RMS Force:                 0.000560     0.001900  Yes
Maximum Displacement:      0.001085     0.003150  Yes
RMS Displacement:          0.000575     0.002100  Yes

LBFGS converged at iteration 26.
Final frame written to /home/hungn/Desktop/MyRepo/MLP/MAPLE/maple/function/dispatcher/parmfit/example/corr2_torsionfit_18-19_opt.xyz
Complete trajectory written to /home/hungn/Desktop/MyRepo/MLP/MAPLE/maple/function/dispatcher/parmfit/example/corr2_torsionfit_18-19_traj.xyz

----------------------------------------------------------------------
            Scanning combination 17/73: [259.12]

======================================================================
LBFGS Parameters
======================================================================
memory:     5
curvature:  70.0
max_step:   0.2
max_iter:   256
write_traj: False
traj_every: 1
verbose:    0
======================================================================


                             Coordinates                              
----------------------------------------------------------------------
0    C               -3.3575              -1.6295               0.3299
1    C               -2.0824              -1.5339               0.8197
2    C               -1.2913              -0.3829               0.5617
3    C               -1.8372               0.6670              -0.2211
4    C               -3.1668               0.5446              -0.7096
5    C               -3.9080              -0.5752              -0.4416
6    H                0.4264              -1.0663               1.6817
7    H               -3.9563              -2.5141               0.5289
8    H               -1.6542              -2.3388               1.4151
9    C                0.0301              -0.2556               1.0707
10   C               -1.0336               1.8051              -0.4935
11   H               -3.5825               1.3568              -1.3024
12   H               -4.9222              -0.6658              -0.8214
13   C                0.2433               1.8838              -0.0072
14   C                0.7995               0.8478               0.7888
15   H               -1.4486               2.6142              -1.0918
16   H                0.8601               2.7522              -0.2303
17   C                2.2246               0.9814               1.2813
18   C                3.2853               0.0627               0.6041
19   H                2.2596               0.8018               2.3616
20   H                2.5318               2.0236               1.1445
21   H                3.5145              -0.7971               1.2372
22   H                4.2119               0.6305               0.4827
23   C                2.8942              -0.4377              -0.7669
24   O                2.9559               0.1932              -1.7946
25   O                2.4501              -1.7122              -0.7221
26   H                2.2019              -1.9451              -1.6316


Energy:                 -652.914582 Convergence criteria  Is converged 
Maximum Force:             0.002358     0.002850  Yes
RMS Force:                 0.001330     0.001900  Yes
Maximum Displacement:      0.002318     0.003150  Yes
RMS Displacement:          0.000791     0.002100  Yes

LBFGS converged at iteration 11.
Final frame written to /home/hungn/Desktop/MyRepo/MLP/MAPLE/maple/function/dispatcher/parmfit/example/corr2_torsionfit_18-19_opt.xyz
Complete trajectory written to /home/hungn/Desktop/MyRepo/MLP/MAPLE/maple/function/dispatcher/parmfit/example/corr2_torsionfit_18-19_traj.xyz

----------------------------------------------------------------------
            Scanning combination 18/73: [264.12]

======================================================================
LBFGS Parameters
======================================================================
memory:     5
curvature:  70.0
max_step:   0.2
max_iter:   256
write_traj: False
traj_every: 1
verbose:    0
======================================================================


                             Coordinates                              
----------------------------------------------------------------------
0    C               -3.3593              -1.6342               0.3431
1    C               -2.0849              -1.5362               0.8375
2    C               -1.2887              -0.3879               0.5756
3    C               -1.8350               0.6552              -0.2158
4    C               -3.1630               0.5311              -0.7090
5    C               -3.9073              -0.5853              -0.4378
6    H                0.4351              -1.0582               1.6959
7    H               -3.9618              -2.5165               0.5439
8    H               -1.6664              -2.3415               1.4385
9    C                0.0348              -0.2532               1.0810
10   C               -1.0345               1.7937              -0.4951
11   H               -3.5742               1.3415              -1.3082
12   H               -4.9205              -0.6765              -0.8215
13   C                0.2422               1.8811              -0.0108
14   C                0.8016               0.8523               0.7914
15   H               -1.4531               2.5937              -1.1024
16   H                0.8552               2.7505              -0.2441
17   C                2.2303               0.9899               1.2716
18   C                3.2448              -0.0094               0.6531
19   H                2.2934               0.9241               2.3630
20   H                2.5610               2.0004               1.0073
21   H                3.3949              -0.8787               1.2974
22   H                4.2157               0.4938               0.5913
23   C                2.8988              -0.4276              -0.7545
24   O                3.0078               0.2750              -1.7309
25   O                2.4274              -1.6898              -0.8179
26   H                2.1972              -1.8498              -1.7484


Energy:                 -652.915927 Convergence criteria  Is converged 
Maximum Force:             0.001947     0.002850  Yes
RMS Force:                 0.000978     0.001900  Yes
Maximum Displacement:      0.001434     0.003150  Yes
RMS Displacement:          0.000753     0.002100  Yes

LBFGS converged at iteration 25.
Final frame written to /home/hungn/Desktop/MyRepo/MLP/MAPLE/maple/function/dispatcher/parmfit/example/corr2_torsionfit_18-19_opt.xyz
Complete trajectory written to /home/hungn/Desktop/MyRepo/MLP/MAPLE/maple/function/dispatcher/parmfit/example/corr2_torsionfit_18-19_traj.xyz

----------------------------------------------------------------------
            Scanning combination 19/73: [269.12]

======================================================================
LBFGS Parameters
======================================================================
memory:     5
curvature:  70.0
max_step:   0.2
max_iter:   256
write_traj: False
traj_every: 1
verbose:    0
======================================================================


                             Coordinates                              
----------------------------------------------------------------------
0    C               -3.3581              -1.6347               0.3443
1    C               -2.0846              -1.5358               0.8394
2    C               -1.2894              -0.3870               0.5777
3    C               -1.8367               0.6548              -0.2143
4    C               -3.1632               0.5302              -0.7097
5    C               -3.9069              -0.5875              -0.4380
6    H                0.4299              -1.0620               1.6996
7    H               -3.9598              -2.5172               0.5482
8    H               -1.6620              -2.3384               1.4415
9    C                0.0343              -0.2544               1.0845
10   C               -1.0369               1.7931              -0.4943
11   H               -3.5747               1.3394              -1.3096
12   H               -4.9202              -0.6787              -0.8199
13   C                0.2390               1.8784              -0.0085
14   C                0.8011               0.8499               0.7921
15   H               -1.4514               2.5930              -1.1040
16   H                0.8554               2.7448              -0.2416
17   C                2.2335               0.9968               1.2592
18   C                3.2423              -0.0141               0.6536
19   H                2.2902               0.9280               2.3518
20   H                2.5651               2.0068               0.9951
21   H                3.3234              -0.9060               1.2775
22   H                4.2321               0.4514               0.6301
23   C                2.9012              -0.4165              -0.7627
24   O                3.0108               0.2849              -1.7395
25   O                2.4244              -1.6781              -0.8223
26   H                2.2008              -1.8437              -1.7525


Energy:                 -652.916776 Convergence criteria  Is converged 
Maximum Force:             0.002214     0.002850  Yes
RMS Force:                 0.001195     0.001900  Yes
Maximum Displacement:      0.001316     0.003150  Yes
RMS Displacement:          0.000731     0.002100  Yes

LBFGS converged at iteration 13.
Final frame written to /home/hungn/Desktop/MyRepo/MLP/MAPLE/maple/function/dispatcher/parmfit/example/corr2_torsionfit_18-19_opt.xyz
Complete trajectory written to /home/hungn/Desktop/MyRepo/MLP/MAPLE/maple/function/dispatcher/parmfit/example/corr2_torsionfit_18-19_traj.xyz

----------------------------------------------------------------------
            Scanning combination 20/73: [274.12]

======================================================================
LBFGS Parameters
======================================================================
memory:     5
curvature:  70.0
max_step:   0.2
max_iter:   256
write_traj: False
traj_every: 1
verbose:    0
======================================================================


                             Coordinates                              
----------------------------------------------------------------------
0    C               -3.3508              -1.6408               0.3634
1    C               -2.0771              -1.5321               0.8569
2    C               -1.2865              -0.3819               0.5845
3    C               -1.8386               0.6527              -0.2131
4    C               -3.1656               0.5179              -0.7059
5    C               -3.9035              -0.6013              -0.4266
6    H                0.4380              -1.0366               1.7056
7    H               -3.9489              -2.5248               0.5718
8    H               -1.6547              -2.3301               1.4648
9    C                0.0378              -0.2381               1.0833
10   C               -1.0438               1.7937              -0.5003
11   H               -3.5807               1.3199              -1.3134
12   H               -4.9154              -0.7019              -0.8110
13   C                0.2349               1.8897              -0.0218
14   C                0.8012               0.8667               0.7839
15   H               -1.4682               2.5887              -1.1100
16   H                0.8445               2.7598              -0.2635
17   C                2.2351               0.9990               1.2495
18   C                3.1857              -0.0922               0.7026
19   H                2.3079               1.0189               2.3436
20   H                2.6035               1.9677               0.8962
21   H                3.1720              -0.9896               1.3252
22   H                4.2095               0.2966               0.7399
23   C                2.9092              -0.4179              -0.7461
24   O                3.0843               0.3449              -1.6649
25   O                2.4114              -1.6595              -0.9176
26   H                2.2267              -1.7533              -1.8676


Energy:                 -652.918115 Convergence criteria  Is converged 
Maximum Force:             0.001961     0.002850  Yes
RMS Force:                 0.001183     0.001900  Yes
Maximum Displacement:      0.001948     0.003150  Yes
RMS Displacement:          0.000818     0.002100  Yes

LBFGS converged at iteration 24.
Final frame written to /home/hungn/Desktop/MyRepo/MLP/MAPLE/maple/function/dispatcher/parmfit/example/corr2_torsionfit_18-19_opt.xyz
Complete trajectory written to /home/hungn/Desktop/MyRepo/MLP/MAPLE/maple/function/dispatcher/parmfit/example/corr2_torsionfit_18-19_traj.xyz

----------------------------------------------------------------------
            Scanning combination 21/73: [279.12]

======================================================================
LBFGS Parameters
======================================================================
memory:     5
curvature:  70.0
max_step:   0.2
max_iter:   256
write_traj: False
traj_every: 1
verbose:    0
======================================================================


                             Coordinates                              
----------------------------------------------------------------------
0    C               -3.3502              -1.6408               0.3639
1    C               -2.0770              -1.5317               0.8578
2    C               -1.2879              -0.3813               0.5860
3    C               -1.8401               0.6530              -0.2127
4    C               -3.1658               0.5169              -0.7071
5    C               -3.9033              -0.6024              -0.4270
6    H                0.4337              -1.0416               1.7094
7    H               -3.9471              -2.5245               0.5746
8    H               -1.6510              -2.3274               1.4667
9    C                0.0356              -0.2398               1.0886
10   C               -1.0458               1.7936              -0.4993
11   H               -3.5816               1.3189              -1.3137
12   H               -4.9157              -0.7028              -0.8094
13   C                0.2312               1.8870              -0.0171
14   C                0.7987               0.8647               0.7885
15   H               -1.4662               2.5885              -1.1121
16   H                0.8440               2.7532              -0.2610
17   C                2.2384               1.0048               1.2350
18   C                3.1844              -0.0953               0.7003
19   H                2.3036               1.0184               2.3291
20   H                2.6092               1.9756               0.8868
21   H                3.1108              -1.0108               1.2919
22   H                4.2164               0.2656               0.7706
23   C                2.9126              -0.4080              -0.7521
24   O                3.0885               0.3519              -1.6738
25   O                2.4097              -1.6494              -0.9166
26   H                2.2322              -1.7485              -1.8667


Energy:                 -652.918788 Convergence criteria  Is converged 
Maximum Force:             0.001546     0.002850  Yes
RMS Force:                 0.000832     0.001900  Yes
Maximum Displacement:      0.000733     0.003150  Yes
RMS Displacement:          0.000373     0.002100  Yes

LBFGS converged at iteration 13.
Final frame written to /home/hungn/Desktop/MyRepo/MLP/MAPLE/maple/function/dispatcher/parmfit/example/corr2_torsionfit_18-19_opt.xyz
Complete trajectory written to /home/hungn/Desktop/MyRepo/MLP/MAPLE/maple/function/dispatcher/parmfit/example/corr2_torsionfit_18-19_traj.xyz

----------------------------------------------------------------------
            Scanning combination 22/73: [284.12]

======================================================================
LBFGS Parameters
======================================================================
memory:     5
curvature:  70.0
max_step:   0.2
max_iter:   256
write_traj: False
traj_every: 1
verbose:    0
======================================================================


                             Coordinates                              
----------------------------------------------------------------------
0    C               -3.3480              -1.6447               0.3785
1    C               -2.0753              -1.5291               0.8720
2    C               -1.2884              -0.3779               0.5921
3    C               -1.8436               0.6524              -0.2086
4    C               -3.1695               0.5098              -0.7012
5    C               -3.9033              -0.6111              -0.4176
6    H                0.4383              -1.0237               1.7143
7    H               -3.9418              -2.5309               0.5900
8    H               -1.6491              -2.3230               1.4834
9    C                0.0377              -0.2303               1.0859
10   C               -1.0507               1.7930              -0.5029
11   H               -3.5874               1.3055              -1.3145
12   H               -4.9140              -0.7187              -0.8025
13   C                0.2291               1.8931              -0.0276
14   C                0.7988               0.8744               0.7827
15   H               -1.4779               2.5851              -1.1143
16   H                0.8366               2.7638              -0.2731
17   C                2.2408               1.0073               1.2263
18   C                3.1420              -0.1428               0.7266
19   H                2.3226               1.0748               2.3201
20   H                2.6287               1.9493               0.8243
21   H                2.9760              -1.0586               1.3008
22   H                4.1895               0.1551               0.8482
23   C                2.9278              -0.4054              -0.7478
24   O                3.1626               0.3823              -1.6328
25   O                2.4074              -1.6280              -0.9807
26   H                2.2629              -1.6885              -1.9396


Energy:                 -652.919555 Convergence criteria  Is converged 
Maximum Force:             0.001913     0.002850  Yes
RMS Force:                 0.001236     0.001900  Yes
Maximum Displacement:      0.001509     0.003150  Yes
RMS Displacement:          0.000667     0.002100  Yes

LBFGS converged at iteration 21.
Final frame written to /home/hungn/Desktop/MyRepo/MLP/MAPLE/maple/function/dispatcher/parmfit/example/corr2_torsionfit_18-19_opt.xyz
Complete trajectory written to /home/hungn/Desktop/MyRepo/MLP/MAPLE/maple/function/dispatcher/parmfit/example/corr2_torsionfit_18-19_traj.xyz

----------------------------------------------------------------------
            Scanning combination 23/73: [289.12]

======================================================================
LBFGS Parameters
======================================================================
memory:     5
curvature:  70.0
max_step:   0.2
max_iter:   256
write_traj: False
traj_every: 1
verbose:    0
======================================================================


                             Coordinates                              
----------------------------------------------------------------------
0    C               -3.3437              -1.6458               0.3968
1    C               -2.0706              -1.5234               0.8864
2    C               -1.2888              -0.3717               0.5965
3    C               -1.8488               0.6521              -0.2095
4    C               -3.1754               0.5020              -0.6980
5    C               -3.9043              -0.6198              -0.4054
6    H                0.4459              -1.0120               1.7101
7    H               -3.9336              -2.5328               0.6143
8    H               -1.6396              -2.3103               1.5034
9    C                0.0379              -0.2204               1.0839
10   C               -1.0603               1.7946              -0.5091
11   H               -3.5988               1.2928              -1.3138
12   H               -4.9148              -0.7341              -0.7893
13   C                0.2205               1.8986              -0.0380
14   C                0.7953               0.8843               0.7721
15   H               -1.4890               2.5851              -1.1217
16   H                0.8277               2.7661              -0.2916
17   C                2.2395               1.0076               1.2071
18   C                3.1051              -0.1799               0.7424
19   H                2.3197               1.0996               2.2977
20   H                2.6560               1.9268               0.7805
21   H                2.8608              -1.0950               1.2877
22   H                4.1595               0.0544               0.9245
23   C                2.9494              -0.3990              -0.7445
24   O                3.2492               0.4082              -1.5914
25   O                2.4026              -1.5953              -1.0396
26   H                2.3039              -1.6204              -2.0063


Energy:                 -652.920091 Convergence criteria  Is converged 
Maximum Force:             0.001344     0.002850  Yes
RMS Force:                 0.000726     0.001900  Yes
Maximum Displacement:      0.000816     0.003150  Yes
RMS Displacement:          0.000495     0.002100  Yes

LBFGS converged at iteration 24.
Final frame written to /home/hungn/Desktop/MyRepo/MLP/MAPLE/maple/function/dispatcher/parmfit/example/corr2_torsionfit_18-19_opt.xyz
Complete trajectory written to /home/hungn/Desktop/MyRepo/MLP/MAPLE/maple/function/dispatcher/parmfit/example/corr2_torsionfit_18-19_traj.xyz

----------------------------------------------------------------------
            Scanning combination 24/73: [294.12]

======================================================================
LBFGS Parameters
======================================================================
memory:     5
curvature:  70.0
max_step:   0.2
max_iter:   256
write_traj: False
traj_every: 1
verbose:    0
======================================================================


                             Coordinates                              
----------------------------------------------------------------------
0    C               -3.3432              -1.6474               0.3955
1    C               -2.0706              -1.5237               0.8863
2    C               -1.2907              -0.3707               0.5997
3    C               -1.8506               0.6523              -0.2073
4    C               -3.1757               0.5007              -0.6990
5    C               -3.9042              -0.6214              -0.4063
6    H                0.4428              -1.0165               1.7113
7    H               -3.9340              -2.5322               0.6183
8    H               -1.6370              -2.3080               1.5046
9    C                0.0358              -0.2210               1.0889
10   C               -1.0624               1.7948              -0.5056
11   H               -3.5985               1.2929              -1.3138
12   H               -4.9162              -0.7336              -0.7865
13   C                0.2176               1.8977              -0.0328
14   C                0.7940               0.8820               0.7750
15   H               -1.4882               2.5817              -1.1245
16   H                0.8279               2.7617              -0.2905
17   C                2.2423               1.0101               1.1932
18   C                3.1031              -0.1841               0.7433
19   H                2.3160               1.1025               2.2844
20   H                2.6589               1.9284               0.7670
21   H                2.8009              -1.1041               1.2468
22   H                4.1567               0.0159               0.9623
23   C                2.9563              -0.3898              -0.7486
24   O                3.2542               0.4145              -1.5982
25   O                2.3987              -1.5838              -1.0387
26   H                2.3107              -1.6162              -2.0057


Energy:                 -652.920016 Convergence criteria  Is converged 
Maximum Force:             0.001929     0.002850  Yes
RMS Force:                 0.000934     0.001900  Yes
Maximum Displacement:      0.001236     0.003150  Yes
RMS Displacement:          0.000608     0.002100  Yes

LBFGS converged at iteration 12.
Final frame written to /home/hungn/Desktop/MyRepo/MLP/MAPLE/maple/function/dispatcher/parmfit/example/corr2_torsionfit_18-19_opt.xyz
Complete trajectory written to /home/hungn/Desktop/MyRepo/MLP/MAPLE/maple/function/dispatcher/parmfit/example/corr2_torsionfit_18-19_traj.xyz

----------------------------------------------------------------------
            Scanning combination 25/73: [299.12]

======================================================================
LBFGS Parameters
======================================================================
memory:     5
curvature:  70.0
max_step:   0.2
max_iter:   256
write_traj: False
traj_every: 1
verbose:    0
======================================================================


                             Coordinates                              
----------------------------------------------------------------------
0    C               -3.3454              -1.6495               0.4110
1    C               -2.0721              -1.5219               0.8999
2    C               -1.2936              -0.3689               0.6073
3    C               -1.8561               0.6500              -0.2023
4    C               -3.1823               0.4954              -0.6902
5    C               -3.9085              -0.6268              -0.3937
6    H                0.4482              -1.0048               1.7121
7    H               -3.9341              -2.5361               0.6335
8    H               -1.6383              -2.3052               1.5186
9    C                0.0356              -0.2156               1.0867
10   C               -1.0700               1.7927              -0.5076
11   H               -3.6059               1.2833              -1.3102
12   H               -4.9192              -0.7440              -0.7765
13   C                0.2119               1.9010              -0.0419
14   C                0.7913               0.8887               0.7673
15   H               -1.5018               2.5776              -1.1247
16   H                0.8180               2.7679              -0.3026
17   C                2.2418               1.0102               1.1762
18   C                3.0567              -0.2248               0.7656
19   H                2.3360               1.1617               2.2592
20   H                2.6792               1.8896               0.6943
21   H                2.6784              -1.1326               1.2384
22   H                4.1083              -0.0885               1.0347
23   C                2.9788              -0.3906              -0.7360
24   O                3.3455               0.4331              -1.5393
25   O                2.4065              -1.5557              -1.1020
26   H                2.3627              -1.5435              -2.0734


Energy:                 -652.919936 Convergence criteria  Is converged 
Maximum Force:             0.001489     0.002850  Yes
RMS Force:                 0.000966     0.001900  Yes
Maximum Displacement:      0.001753     0.003150  Yes
RMS Displacement:          0.000878     0.002100  Yes

LBFGS converged at iteration 24.
Final frame written to /home/hungn/Desktop/MyRepo/MLP/MAPLE/maple/function/dispatcher/parmfit/example/corr2_torsionfit_18-19_opt.xyz
Complete trajectory written to /home/hungn/Desktop/MyRepo/MLP/MAPLE/maple/function/dispatcher/parmfit/example/corr2_torsionfit_18-19_traj.xyz

----------------------------------------------------------------------
            Scanning combination 26/73: [304.12]

======================================================================
LBFGS Parameters
======================================================================
memory:     5
curvature:  70.0
max_step:   0.2
max_iter:   256
write_traj: False
traj_every: 1
verbose:    0
======================================================================


                             Coordinates                              
----------------------------------------------------------------------
0    C               -3.3454              -1.6497               0.4121
1    C               -2.0726              -1.5213               0.9012
2    C               -1.2962              -0.3673               0.6097
3    C               -1.8591               0.6509              -0.2009
4    C               -3.1836               0.4942              -0.6912
5    C               -3.9091              -0.6282              -0.3939
6    H                0.4433              -1.0085               1.7140
7    H               -3.9336              -2.5357               0.6370
8    H               -1.6349              -2.3026               1.5204
9    C                0.0326              -0.2157               1.0910
10   C               -1.0736               1.7938              -0.5059
11   H               -3.6078               1.2828              -1.3096
12   H               -4.9209              -0.7443              -0.7738
13   C                0.2072               1.8998              -0.0373
14   C                0.7886               0.8874               0.7711
15   H               -1.5016               2.5777              -1.1276
16   H                0.8168               2.7623              -0.3015
17   C                2.2445               1.0125               1.1617
18   C                3.0550              -0.2299               0.7661
19   H                2.3318               1.1613               2.2457
20   H                2.6828               1.8920               0.6804
21   H                2.6279              -1.1391               1.1898
22   H                4.0998              -0.1256               1.0713
23   C                2.9901              -0.3819              -0.7400
24   O                3.3569               0.4406              -1.5444
25   O                2.4067              -1.5437              -1.1024
26   H                2.3693              -1.5411              -2.0733


Energy:                 -652.919195 Convergence criteria  Is converged 
Maximum Force:             0.001689     0.002850  Yes
RMS Force:                 0.000837     0.001900  Yes
Maximum Displacement:      0.000666     0.003150  Yes
RMS Displacement:          0.000430     0.002100  Yes

LBFGS converged at iteration 13.
Final frame written to /home/hungn/Desktop/MyRepo/MLP/MAPLE/maple/function/dispatcher/parmfit/example/corr2_torsionfit_18-19_opt.xyz
Complete trajectory written to /home/hungn/Desktop/MyRepo/MLP/MAPLE/maple/function/dispatcher/parmfit/example/corr2_torsionfit_18-19_traj.xyz

----------------------------------------------------------------------
            Scanning combination 27/73: [309.12]

======================================================================
LBFGS Parameters
======================================================================
memory:     5
curvature:  70.0
max_step:   0.2
max_iter:   256
write_traj: False
traj_every: 1
verbose:    0
======================================================================


                             Coordinates                              
----------------------------------------------------------------------
0    C               -3.3476              -1.6506               0.4149
1    C               -2.0753              -1.5209               0.9042
2    C               -1.2995              -0.3663               0.6145
3    C               -1.8622               0.6505              -0.1978
4    C               -3.1863               0.4933              -0.6888
5    C               -3.9117              -0.6294              -0.3913
6    H                0.4368              -1.0106               1.7194
7    H               -3.9351              -2.5375               0.6397
8    H               -1.6353              -2.3013               1.5225
9    C                0.0298              -0.2160               1.0959
10   C               -1.0763               1.7925              -0.5032
11   H               -3.6105               1.2803              -1.3095
12   H               -4.9228              -0.7468              -0.7722
13   C                0.2042               1.8983              -0.0339
14   C                0.7868               0.8855               0.7734
15   H               -1.5019               2.5759              -1.1266
16   H                0.8152               2.7596              -0.2990
17   C                2.2472               1.0157               1.1460
18   C                3.0454              -0.2377               0.7680
19   H                2.3411               1.1805               2.2271
20   H                2.6846               1.8878               0.6524
21   H                2.5703              -1.1434               1.1423
22   H                4.0797              -0.1757               1.1137
23   C                3.0074              -0.3727              -0.7432
24   O                3.3842               0.4511              -1.5420
25   O                2.4175              -1.5304              -1.1130
26   H                2.3788              -1.5285              -2.0832


Energy:                 -652.917939 Convergence criteria  Is converged 
Maximum Force:             0.002662     0.002850  Yes
RMS Force:                 0.001432     0.001900  Yes
Maximum Displacement:      0.002406     0.003150  Yes
RMS Displacement:          0.001282     0.002100  Yes

LBFGS converged at iteration 14.
Final frame written to /home/hungn/Desktop/MyRepo/MLP/MAPLE/maple/function/dispatcher/parmfit/example/corr2_torsionfit_18-19_opt.xyz
Complete trajectory written to /home/hungn/Desktop/MyRepo/MLP/MAPLE/maple/function/dispatcher/parmfit/example/corr2_torsionfit_18-19_traj.xyz

----------------------------------------------------------------------
            Scanning combination 28/73: [314.12]

======================================================================
LBFGS Parameters
======================================================================
memory:     5
curvature:  70.0
max_step:   0.2
max_iter:   256
write_traj: False
traj_every: 1
verbose:    0
======================================================================


                             Coordinates                              
----------------------------------------------------------------------
0    C               -3.3586              -1.6511               0.4375
1    C               -2.0886              -1.5118               0.9289
2    C               -1.3188              -0.3550               0.6316
3    C               -1.8834               0.6548              -0.1871
4    C               -3.2077               0.4902              -0.6749
5    C               -3.9264              -0.6361              -0.3737
6    H                0.4239              -0.9856               1.7342
7    H               -3.9398              -2.5424               0.6602
8    H               -1.6438              -2.2867               1.5500
9    C                0.0121              -0.2009               1.1020
10   C               -1.0991               1.7967              -0.4996
11   H               -3.6349               1.2707              -1.3014
12   H               -4.9337              -0.7634              -0.7608
13   C                0.1857               1.9058              -0.0442
14   C                0.7725               0.8929               0.7597
15   H               -1.5326               2.5793              -1.1185
16   H                0.7911               2.7691              -0.3162
17   C                2.2383               0.9999               1.1155
18   C                2.9887              -0.2953               0.7850
19   H                2.3569               1.2295               2.1814
20   H                2.7058               1.8192               0.5617
21   H                2.4535              -1.1821               1.1223
22   H                4.0065              -0.2783               1.1806
23   C                3.0594              -0.3911              -0.7241
24   O                3.5579               0.4405              -1.4449
25   O                2.4521              -1.4929              -1.2083
26   H                2.5184              -1.4275              -2.1760


Energy:                 -652.917251 Convergence criteria  Is converged 
Maximum Force:             0.002800     0.002850  Yes
RMS Force:                 0.001354     0.001900  Yes
Maximum Displacement:      0.002937     0.003150  Yes
RMS Displacement:          0.001056     0.002100  Yes

LBFGS converged at iteration 25.
Final frame written to /home/hungn/Desktop/MyRepo/MLP/MAPLE/maple/function/dispatcher/parmfit/example/corr2_torsionfit_18-19_opt.xyz
Complete trajectory written to /home/hungn/Desktop/MyRepo/MLP/MAPLE/maple/function/dispatcher/parmfit/example/corr2_torsionfit_18-19_traj.xyz

----------------------------------------------------------------------
            Scanning combination 29/73: [319.12]

======================================================================
LBFGS Parameters
======================================================================
memory:     5
curvature:  70.0
max_step:   0.2
max_iter:   256
write_traj: False
traj_every: 1
verbose:    0
======================================================================


                             Coordinates                              
----------------------------------------------------------------------
0    C               -3.3616              -1.6517               0.4386
1    C               -2.0923              -1.5108               0.9316
2    C               -1.3242              -0.3526               0.6361
3    C               -1.8890               0.6568              -0.1826
4    C               -3.2108               0.4889              -0.6755
5    C               -3.9290              -0.6380              -0.3749
6    H                0.4160              -0.9890               1.7368
7    H               -3.9433              -2.5417               0.6651
8    H               -1.6443              -2.2842               1.5527
9    C                0.0075              -0.2019               1.1064
10   C               -1.1033               1.7980              -0.4956
11   H               -3.6386               1.2703              -1.3004
12   H               -4.9387              -0.7632              -0.7572
13   C                0.1814               1.9032              -0.0396
14   C                0.7706               0.8897               0.7631
15   H               -1.5333               2.5784              -1.1206
16   H                0.7899               2.7635              -0.3146
17   C                2.2413               1.0005               1.1022
18   C                2.9909              -0.2976               0.7815
19   H                2.3550               1.2321               2.1695
20   H                2.7005               1.8231               0.5476
21   H                2.4155              -1.1790               1.0596
22   H                3.9875              -0.3191               1.2251
23   C                3.0862              -0.3795              -0.7326
24   O                3.5862               0.4471              -1.4573
25   O                2.4623              -1.4780              -1.2092
26   H                2.5228              -1.4314              -2.1772


Energy:                 -652.915646 Convergence criteria  Is converged 
Maximum Force:             0.002570     0.002850  Yes
RMS Force:                 0.001200     0.001900  Yes
Maximum Displacement:      0.002137     0.003150  Yes
RMS Displacement:          0.001063     0.002100  Yes

LBFGS converged at iteration 13.
Final frame written to /home/hungn/Desktop/MyRepo/MLP/MAPLE/maple/function/dispatcher/parmfit/example/corr2_torsionfit_18-19_opt.xyz
Complete trajectory written to /home/hungn/Desktop/MyRepo/MLP/MAPLE/maple/function/dispatcher/parmfit/example/corr2_torsionfit_18-19_traj.xyz

----------------------------------------------------------------------
            Scanning combination 30/73: [324.12]

======================================================================
LBFGS Parameters
======================================================================
memory:     5
curvature:  70.0
max_step:   0.2
max_iter:   256
write_traj: False
traj_every: 1
verbose:    0
======================================================================


                             Coordinates                              
----------------------------------------------------------------------
0    C               -3.4383              -1.6270               0.5170
1    C               -2.1596              -1.4873               0.9837
2    C               -1.3824              -0.3487               0.6394
3    C               -1.9585               0.6594              -0.1730
4    C               -3.2935               0.4952              -0.6346
5    C               -4.0111              -0.6253              -0.3072
6    H                0.3791              -0.9911               1.6993
7    H               -4.0186              -2.5125               0.7640
8    H               -1.7087              -2.2465               1.6193
9    C               -0.0342              -0.2134               1.0605
10   C               -1.1669               1.7910              -0.5095
11   H               -3.7309               1.2663              -1.2657
12   H               -5.0210              -0.7611              -0.6854
13   C                0.1369               1.8799              -0.1013
14   C                0.7380               0.8572               0.6825
15   H               -1.6120               2.5875              -1.1038
16   H                0.7359               2.7436              -0.3849
17   C                2.2048               0.9517               1.0522
18   C                2.9735              -0.3495               0.7651
19   H                2.2852               1.1759               2.1248
20   H                2.6821               1.7809               0.5193
21   H                2.3643              -1.2331               0.9543
22   H                3.9008              -0.3836               1.3394
23   C                3.3183              -0.3970              -0.7067
24   O                4.1027               0.3292              -1.2704
25   O                2.6033              -1.3390              -1.3553
26   H                2.8527              -1.2831              -2.2923


Energy:                 -652.915642 Convergence criteria  Is converged 
Maximum Force:             0.002495     0.002850  Yes
RMS Force:                 0.001562     0.001900  Yes
Maximum Displacement:      0.001860     0.003150  Yes
RMS Displacement:          0.001018     0.002100  Yes

LBFGS converged at iteration 38.
Final frame written to /home/hungn/Desktop/MyRepo/MLP/MAPLE/maple/function/dispatcher/parmfit/example/corr2_torsionfit_18-19_opt.xyz
Complete trajectory written to /home/hungn/Desktop/MyRepo/MLP/MAPLE/maple/function/dispatcher/parmfit/example/corr2_torsionfit_18-19_traj.xyz

----------------------------------------------------------------------
            Scanning combination 31/73: [329.12]

======================================================================
LBFGS Parameters
======================================================================
memory:     5
curvature:  70.0
max_step:   0.2
max_iter:   256
write_traj: False
traj_every: 1
verbose:    0
======================================================================


                             Coordinates                              
----------------------------------------------------------------------
0    C               -3.4439              -1.6272               0.5187
1    C               -2.1629              -1.4949               0.9818
2    C               -1.3832              -0.3558               0.6427
3    C               -1.9573               0.6535              -0.1701
4    C               -3.2912               0.4930              -0.6330
5    C               -4.0154              -0.6218              -0.3025
6    H                0.3810              -1.0065               1.6930
7    H               -4.0332              -2.5038               0.7752
8    H               -1.7147              -2.2612               1.6118
9    C               -0.0332              -0.2241               1.0607
10   C               -1.1654               1.7835              -0.5086
11   H               -3.7241               1.2704              -1.2593
12   H               -5.0336              -0.7423              -0.6640
13   C                0.1360               1.8726              -0.0977
14   C                0.7372               0.8506               0.6871
15   H               -1.6069               2.5674              -1.1217
16   H                0.7385               2.7324              -0.3852
17   C                2.2087               0.9559               1.0361
18   C                2.9688              -0.3561               0.7722
19   H                2.3074               1.2167               2.0989
20   H                2.6789               1.7667               0.4713
21   H                2.3263              -1.2248               0.9105
22   H                3.8760              -0.4225               1.3781
23   C                3.3296              -0.3836              -0.7005
24   O                4.1140               0.3500              -1.2510
25   O                2.6137              -1.3114              -1.3708
26   H                2.8837              -1.2500              -2.3020


Energy:                 -652.914111 Convergence criteria  Is converged 
Maximum Force:             0.002444     0.002850  Yes
RMS Force:                 0.001202     0.001900  Yes
Maximum Displacement:      0.001418     0.003150  Yes
RMS Displacement:          0.000612     0.002100  Yes

LBFGS converged at iteration 16.
Final frame written to /home/hungn/Desktop/MyRepo/MLP/MAPLE/maple/function/dispatcher/parmfit/example/corr2_torsionfit_18-19_opt.xyz
Complete trajectory written to /home/hungn/Desktop/MyRepo/MLP/MAPLE/maple/function/dispatcher/parmfit/example/corr2_torsionfit_18-19_traj.xyz

----------------------------------------------------------------------
            Scanning combination 32/73: [334.12]

======================================================================
LBFGS Parameters
======================================================================
memory:     5
curvature:  70.0
max_step:   0.2
max_iter:   256
write_traj: False
traj_every: 1
verbose:    0
======================================================================


                             Coordinates                              
----------------------------------------------------------------------
0    C               -3.4538              -1.6239               0.5307
1    C               -2.1700              -1.4971               0.9864
2    C               -1.3887              -0.3595               0.6462
3    C               -1.9620               0.6498              -0.1679
4    C               -3.2982               0.4942              -0.6237
5    C               -4.0261              -0.6161              -0.2867
6    H                0.3774              -1.0110               1.6953
7    H               -4.0437              -2.5004               0.7863
8    H               -1.7184              -2.2685               1.6079
9    C               -0.0381              -0.2290               1.0632
10   C               -1.1689               1.7770              -0.5123
11   H               -3.7296               1.2709              -1.2517
12   H               -5.0458              -0.7332              -0.6442
13   C                0.1314               1.8660              -0.0996
14   C                0.7315               0.8443               0.6868
15   H               -1.6077               2.5605              -1.1275
16   H                0.7363               2.7245              -0.3864
17   C                2.2079               0.9535               1.0106
18   C                2.9564              -0.3688               0.7707
19   H                2.3286               1.2576               2.0594
20   H                2.6681               1.7428               0.4099
21   H                2.2948              -1.2287               0.8556
22   H                3.8363              -0.4636               1.4096
23   C                3.3680              -0.3780              -0.6886
24   O                4.1713               0.3646              -1.2009
25   O                2.6639              -1.2880              -1.3961
26   H                2.9331              -1.1949              -2.3247


Energy:                 -652.912289 Convergence criteria  Is converged 
Maximum Force:             0.002721     0.002850  Yes
RMS Force:                 0.001381     0.001900  Yes
Maximum Displacement:      0.002166     0.003150  Yes
RMS Displacement:          0.000983     0.002100  Yes

LBFGS converged at iteration 17.
Final frame written to /home/hungn/Desktop/MyRepo/MLP/MAPLE/maple/function/dispatcher/parmfit/example/corr2_torsionfit_18-19_opt.xyz
Complete trajectory written to /home/hungn/Desktop/MyRepo/MLP/MAPLE/maple/function/dispatcher/parmfit/example/corr2_torsionfit_18-19_traj.xyz

----------------------------------------------------------------------
            Scanning combination 33/73: [339.12]

======================================================================
LBFGS Parameters
======================================================================
memory:     5
curvature:  70.0
max_step:   0.2
max_iter:   256
write_traj: False
traj_every: 1
verbose:    0
======================================================================


                             Coordinates                              
----------------------------------------------------------------------
0    C               -3.5444              -1.5905               0.6377
1    C               -2.2446              -1.4674               1.0449
2    C               -1.4639              -0.3480               0.6514
3    C               -2.0584               0.6613              -0.1473
4    C               -3.4169               0.5179              -0.5408
5    C               -4.1369              -0.5875              -0.1711
6    H                0.3338              -0.9990               1.6494
7    H               -4.1282              -2.4623               0.9230
8    H               -1.7772              -2.2309               1.6636
9    C               -0.0958              -0.2323               1.0078
10   C               -1.2610               1.7712              -0.5365
11   H               -3.8710               1.2917              -1.1571
12   H               -5.1693              -0.7042              -0.4907
13   C                0.0631               1.8392              -0.1945
14   C                0.6813               0.8125               0.5715
15   H               -1.7208               2.5677              -1.1180
16   H                0.6587               2.6924              -0.5146
17   C                2.1597               0.8964               0.9081
18   C                2.9445              -0.4130               0.6639
19   H                2.2608               1.1628               1.9680
20   H                2.6337               1.7106               0.3512
21   H                2.2874              -1.2825               0.6396
22   H                3.6932              -0.5481               1.4460
23   C                3.6869              -0.3658              -0.6529
24   O                4.6878               0.2770              -0.8623
25   O                3.0952              -1.1169              -1.6040
26   H                3.6356              -1.0211              -2.4053


Energy:                 -652.912425 Convergence criteria  Is converged 
Maximum Force:             0.002245     0.002850  Yes
RMS Force:                 0.001432     0.001900  Yes
Maximum Displacement:      0.001883     0.003150  Yes
RMS Displacement:          0.001306     0.002100  Yes

LBFGS converged at iteration 39.
Final frame written to /home/hungn/Desktop/MyRepo/MLP/MAPLE/maple/function/dispatcher/parmfit/example/corr2_torsionfit_18-19_opt.xyz
Complete trajectory written to /home/hungn/Desktop/MyRepo/MLP/MAPLE/maple/function/dispatcher/parmfit/example/corr2_torsionfit_18-19_traj.xyz

----------------------------------------------------------------------
            Scanning combination 34/73: [344.12]

======================================================================
LBFGS Parameters
======================================================================
memory:     5
curvature:  70.0
max_step:   0.2
max_iter:   256
write_traj: False
traj_every: 1
verbose:    0
======================================================================


                             Coordinates                              
----------------------------------------------------------------------
0    C               -3.5529              -1.5852               0.6462
1    C               -2.2486              -1.4761               1.0453
2    C               -1.4608              -0.3596               0.6536
3    C               -2.0507               0.6521              -0.1461
4    C               -3.4092               0.5183              -0.5384
5    C               -4.1412              -0.5753              -0.1562
6    H                0.3426              -1.0212               1.6380
7    H               -4.1462              -2.4477               0.9402
8    H               -1.7861              -2.2476               1.6580
9    C               -0.0925              -0.2454               1.0117
10   C               -1.2510               1.7566              -0.5446
11   H               -3.8557               1.2958              -1.1543
12   H               -5.1773              -0.6779              -0.4660
13   C                0.0695               1.8272              -0.1927
14   C                0.6821               0.8067               0.5849
15   H               -1.7053               2.5419              -1.1454
16   H                0.6715               2.6745              -0.5162
17   C                2.1628               0.8995               0.9017
18   C                2.9207              -0.4265               0.6590
19   H                2.2877               1.2024               1.9510
20   H                2.6178               1.6974               0.3063
21   H                2.2331              -1.2688               0.5711
22   H                3.6374              -0.6078               1.4617
23   C                3.6879              -0.3482              -0.6437
24   O                4.6566               0.3449              -0.8409
25   O                3.1405              -1.1223              -1.6037
26   H                3.6711              -0.9808              -2.4048


Energy:                 -652.911875 Convergence criteria  Is converged 
Maximum Force:             0.002012     0.002850  Yes
RMS Force:                 0.001368     0.001900  Yes
Maximum Displacement:      0.003142     0.003150  Yes
RMS Displacement:          0.001695     0.002100  Yes

LBFGS converged at iteration 19.
Final frame written to /home/hungn/Desktop/MyRepo/MLP/MAPLE/maple/function/dispatcher/parmfit/example/corr2_torsionfit_18-19_opt.xyz
Complete trajectory written to /home/hungn/Desktop/MyRepo/MLP/MAPLE/maple/function/dispatcher/parmfit/example/corr2_torsionfit_18-19_traj.xyz

----------------------------------------------------------------------
            Scanning combination 35/73: [349.12]

======================================================================
LBFGS Parameters
======================================================================
memory:     5
curvature:  70.0
max_step:   0.2
max_iter:   256
write_traj: False
traj_every: 1
verbose:    0
======================================================================


                             Coordinates                              
----------------------------------------------------------------------
0    C               -3.8006              -1.3966               0.8928
1    C               -2.4639              -1.4045               1.1834
2    C               -1.6048              -0.3950               0.6716
3    C               -2.1475               0.6146              -0.1633
4    C               -3.5395               0.5944              -0.4550
5    C               -4.3469              -0.3828               0.0647
6    H                0.1766              -1.1426               1.6317
7    H               -4.4541              -2.1658               1.2964
8    H               -2.0370              -2.1829               1.8135
9    C               -0.2212              -0.3629               0.9848
10   C               -1.2749               1.6174              -0.6664
11   H               -3.9548               1.3717              -1.0939
12   H               -5.4128              -0.3874              -0.1485
13   C                0.0547               1.6217              -0.3383
14   C                0.6073               0.6249               0.5097
15   H               -1.6848               2.3933              -1.3105
16   H                0.7117               2.3983              -0.7265
17   C                2.0739               0.6482               0.8906
18   C                2.8912              -0.5039               0.2757
19   H                2.1511               0.5984               1.9834
20   H                2.5236               1.5984               0.5900
21   H                2.2477              -1.2632              -0.1832
22   H                3.4767              -1.0318               1.0354
23   C                3.8622              -0.0455              -0.7894
24   O                3.9963               1.0822              -1.1998
25   O                4.6052              -1.0712              -1.2533
26   H                5.2072              -0.6878              -1.9140


Energy:                 -652.917719 Convergence criteria  Is converged 
Maximum Force:             0.001775     0.002850  Yes
RMS Force:                 0.000845     0.001900  Yes
Maximum Displacement:      0.001092     0.003150  Yes
RMS Displacement:          0.000655     0.002100  Yes

LBFGS converged at iteration 75.
Final frame written to /home/hungn/Desktop/MyRepo/MLP/MAPLE/maple/function/dispatcher/parmfit/example/corr2_torsionfit_18-19_opt.xyz
Complete trajectory written to /home/hungn/Desktop/MyRepo/MLP/MAPLE/maple/function/dispatcher/parmfit/example/corr2_torsionfit_18-19_traj.xyz

----------------------------------------------------------------------
            Scanning combination 36/73: [354.12]

======================================================================
LBFGS Parameters
======================================================================
memory:     5
curvature:  70.0
max_step:   0.2
max_iter:   256
write_traj: False
traj_every: 1
verbose:    0
======================================================================


                             Coordinates                              
----------------------------------------------------------------------
0    C               -3.8030              -1.3981               0.8899
1    C               -2.4669              -1.4070               1.1847
2    C               -1.6057              -0.3950               0.6811
3    C               -2.1455               0.6147              -0.1560
4    C               -3.5356               0.5954              -0.4526
5    C               -4.3454              -0.3820               0.0633
6    H                0.1787              -1.1507               1.6348
7    H               -4.4577              -2.1675               1.2916
8    H               -2.0435              -2.1826               1.8198
9    C               -0.2231              -0.3626               0.9997
10   C               -1.2730               1.6158              -0.6615
11   H               -3.9477               1.3728              -1.0926
12   H               -5.4092              -0.3887              -0.1581
13   C                0.0553               1.6178              -0.3345
14   C                0.6048               0.6220               0.5169
15   H               -1.6802               2.3885              -1.3106
16   H                0.7166               2.3904              -0.7251
17   C                2.0753               0.6540               0.8766
18   C                2.8900              -0.5017               0.2724
19   H                2.1605               0.6115               1.9672
20   H                2.5176               1.6032               0.5657
21   H                2.2475              -1.2239              -0.2410
22   H                3.4532              -1.0625               1.0254
23   C                3.8711              -0.0338              -0.7779
24   O                4.0003               1.0918              -1.1946
25   O                4.6052              -1.0651              -1.2405
26   H                5.1942              -0.6918              -1.9170


Energy:                 -652.917434 Convergence criteria  Is converged 
Maximum Force:             0.002682     0.002850  Yes
RMS Force:                 0.001498     0.001900  Yes
Maximum Displacement:      0.001934     0.003150  Yes
RMS Displacement:          0.001126     0.002100  Yes

LBFGS converged at iteration 12.
Final frame written to /home/hungn/Desktop/MyRepo/MLP/MAPLE/maple/function/dispatcher/parmfit/example/corr2_torsionfit_18-19_opt.xyz
Complete trajectory written to /home/hungn/Desktop/MyRepo/MLP/MAPLE/maple/function/dispatcher/parmfit/example/corr2_torsionfit_18-19_traj.xyz

----------------------------------------------------------------------
            Scanning combination 37/73: [359.12]

======================================================================
LBFGS Parameters
======================================================================
memory:     5
curvature:  70.0
max_step:   0.2
max_iter:   256
write_traj: False
traj_every: 1
verbose:    0
======================================================================


                             Coordinates                              
----------------------------------------------------------------------
0    C               -3.8060              -1.3985               0.8903
1    C               -2.4718              -1.4064               1.1950
2    C               -1.6069              -0.3966               0.6932
3    C               -2.1462               0.6116              -0.1469
4    C               -3.5345               0.5930              -0.4507
5    C               -4.3464              -0.3850               0.0590
6    H                0.1770              -1.1538               1.6486
7    H               -4.4619              -2.1711               1.2828
8    H               -2.0528              -2.1862               1.8285
9    C               -0.2228              -0.3657               1.0124
10   C               -1.2750               1.6127              -0.6531
11   H               -3.9414               1.3736              -1.0907
12   H               -5.4091              -0.3916              -0.1689
13   C                0.0520               1.6149              -0.3224
14   C                0.6019               0.6227               0.5329
15   H               -1.6807               2.3816              -1.3080
16   H                0.7176               2.3799              -0.7192
17   C                2.0780               0.6652               0.8663
18   C                2.8694              -0.5028               0.2488
19   H                2.2038               0.6612               1.9564
20   H                2.5026               1.6070               0.5126
21   H                2.2190              -1.1782              -0.3181
22   H                3.3709              -1.1189               1.0002
23   C                3.8907              -0.0359              -0.7656
24   O                4.0353               1.0953              -1.1656
25   O                4.6294              -1.0614              -1.2337
26   H                5.2065              -0.6845              -1.9193


Energy:                 -652.917134 Convergence criteria  Is converged 
Maximum Force:             0.002486     0.002850  Yes
RMS Force:                 0.001315     0.001900  Yes
Maximum Displacement:      0.002082     0.003150  Yes
RMS Displacement:          0.000948     0.002100  Yes

LBFGS converged at iteration 16.
Final frame written to /home/hungn/Desktop/MyRepo/MLP/MAPLE/maple/function/dispatcher/parmfit/example/corr2_torsionfit_18-19_opt.xyz
Complete trajectory written to /home/hungn/Desktop/MyRepo/MLP/MAPLE/maple/function/dispatcher/parmfit/example/corr2_torsionfit_18-19_traj.xyz

----------------------------------------------------------------------
            Scanning combination 38/73: [364.12]

======================================================================
LBFGS Parameters
======================================================================
memory:     5
curvature:  70.0
max_step:   0.2
max_iter:   256
write_traj: False
traj_every: 1
verbose:    0
======================================================================


                             Coordinates                              
----------------------------------------------------------------------
0    C               -3.8104              -1.4069               0.8913
1    C               -2.4793              -1.4064               1.2119
2    C               -1.6148              -0.3904               0.7194
3    C               -2.1527               0.6142              -0.1265
4    C               -3.5368               0.5866              -0.4438
5    C               -4.3487              -0.3959               0.0554
6    H                0.1750              -1.1367               1.6781
7    H               -4.4676              -2.1822               1.2761
8    H               -2.0660              -2.1873               1.8486
9    C               -0.2298              -0.3529               1.0394
10   C               -1.2864               1.6170              -0.6365
11   H               -3.9379               1.3653              -1.0889
12   H               -5.4091              -0.4058              -0.1834
13   C                0.0404               1.6230              -0.3082
14   C                0.5912               0.6340               0.5493
15   H               -1.6943               2.3768              -1.3000
16   H                0.7043               2.3881              -0.7077
17   C                2.0762               0.6685               0.8321
18   C                2.8306              -0.5071               0.1842
19   H                2.2673               0.6982               1.9130
20   H                2.4843               1.5950               0.4204
21   H                2.1627              -1.1240              -0.4310
22   H                3.2757              -1.1826               0.9220
23   C                3.9222              -0.0358              -0.7509
24   O                4.1393               1.1043              -1.0864
25   O                4.6391              -1.0706              -1.2292
26   H                5.2733              -0.6852              -1.8561


Energy:                 -652.917199 Convergence criteria  Is converged 
Maximum Force:             0.002063     0.002850  Yes
RMS Force:                 0.001296     0.001900  Yes
Maximum Displacement:      0.001559     0.003150  Yes
RMS Displacement:          0.000905     0.002100  Yes

LBFGS converged at iteration 19.
Final frame written to /home/hungn/Desktop/MyRepo/MLP/MAPLE/maple/function/dispatcher/parmfit/example/corr2_torsionfit_18-19_opt.xyz
Complete trajectory written to /home/hungn/Desktop/MyRepo/MLP/MAPLE/maple/function/dispatcher/parmfit/example/corr2_torsionfit_18-19_traj.xyz

----------------------------------------------------------------------
            Scanning combination 39/73: [369.12]

======================================================================
LBFGS Parameters
======================================================================
memory:     5
curvature:  70.0
max_step:   0.2
max_iter:   256
write_traj: False
traj_every: 1
verbose:    0
======================================================================


                             Coordinates                              
----------------------------------------------------------------------
0    C               -3.8123              -1.4191               0.9135
1    C               -2.4838              -1.3867               1.2436
2    C               -1.6347              -0.3631               0.7407
3    C               -2.1870               0.6279              -0.1115
4    C               -3.5711               0.5742              -0.4318
5    C               -4.3639              -0.4253               0.0657
6    H                0.1569              -1.0736               1.7160
7    H               -4.4548              -2.2085               1.2961
8    H               -2.0595              -2.1474               1.8962
9    C               -0.2486              -0.3101               1.0535
10   C               -1.3327               1.6414              -0.6212
11   H               -3.9866               1.3399              -1.0841
12   H               -5.4194              -0.4679              -0.1909
13   C                0.0010               1.6505              -0.3161
14   C                0.5720               0.6583               0.5240
15   H               -1.7561               2.4110              -1.2639
16   H                0.6509               2.4237              -0.7224
17   C                2.0653               0.6603               0.7685
18   C                2.7934              -0.4953               0.0536
19   H                2.2828               0.6318               1.8426
20   H                2.4793               1.6016               0.3929
21   H                2.1259              -1.0230              -0.6367
22   H                3.1184              -1.2692               0.7578
23   C                4.0088              -0.0540              -0.7282
24   O                4.3724               1.0834              -0.9131
25   O                4.6771              -1.1098              -1.2335
26   H                5.4171              -0.7387              -1.7428


Energy:                 -652.918038 Convergence criteria  Is converged 
Maximum Force:             0.001929     0.002850  Yes
RMS Force:                 0.001088     0.001900  Yes
Maximum Displacement:      0.001628     0.003150  Yes
RMS Displacement:          0.000744     0.002100  Yes

LBFGS converged at iteration 25.
Final frame written to /home/hungn/Desktop/MyRepo/MLP/MAPLE/maple/function/dispatcher/parmfit/example/corr2_torsionfit_18-19_opt.xyz
Complete trajectory written to /home/hungn/Desktop/MyRepo/MLP/MAPLE/maple/function/dispatcher/parmfit/example/corr2_torsionfit_18-19_traj.xyz

----------------------------------------------------------------------
            Scanning combination 40/73: [374.12]

======================================================================
LBFGS Parameters
======================================================================
memory:     5
curvature:  70.0
max_step:   0.2
max_iter:   256
write_traj: False
traj_every: 1
verbose:    0
======================================================================


                             Coordinates                              
----------------------------------------------------------------------
0    C               -3.8118              -1.4173               0.9216
1    C               -2.4830              -1.3860               1.2491
2    C               -1.6351              -0.3643               0.7427
3    C               -2.1884               0.6280              -0.1076
4    C               -3.5718               0.5732              -0.4269
5    C               -4.3645              -0.4248               0.0729
6    H                0.1627              -1.0837               1.7024
7    H               -4.4531              -2.2050               1.3077
8    H               -2.0565              -2.1470               1.9008
9    C               -0.2475              -0.3153               1.0486
10   C               -1.3347               1.6387              -0.6230
11   H               -3.9867               1.3372              -1.0813
12   H               -5.4205              -0.4671              -0.1810
13   C               -0.0006               1.6477              -0.3202
14   C                0.5685               0.6593               0.5265
15   H               -1.7588               2.4030              -1.2707
16   H                0.6495               2.4203              -0.7281
17   C                2.0628               0.6644               0.7564
18   C                2.7746              -0.4912               0.0277
19   H                2.2948               0.6429               1.8295
20   H                2.4728               1.6022               0.3719
21   H                2.1186              -0.9568              -0.7188
22   H                3.0527              -1.2964               0.7140
23   C                4.0193              -0.0534              -0.7092
24   O                4.3996               1.0825              -0.8634
25   O                4.6778              -1.1083              -1.2290
26   H                5.4346              -0.7390              -1.7146


Energy:                 -652.918445 Convergence criteria  Is converged 
Maximum Force:             0.001729     0.002850  Yes
RMS Force:                 0.001060     0.001900  Yes
Maximum Displacement:      0.001559     0.003150  Yes
RMS Displacement:          0.000900     0.002100  Yes

LBFGS converged at iteration 18.
Final frame written to /home/hungn/Desktop/MyRepo/MLP/MAPLE/maple/function/dispatcher/parmfit/example/corr2_torsionfit_18-19_opt.xyz
Complete trajectory written to /home/hungn/Desktop/MyRepo/MLP/MAPLE/maple/function/dispatcher/parmfit/example/corr2_torsionfit_18-19_traj.xyz

----------------------------------------------------------------------
            Scanning combination 41/73: [379.12]

======================================================================
LBFGS Parameters
======================================================================
memory:     5
curvature:  70.0
max_step:   0.2
max_iter:   256
write_traj: False
traj_every: 1
verbose:    0
======================================================================


                             Coordinates                              
----------------------------------------------------------------------
0    C               -3.8125              -1.4188               0.9478
1    C               -2.4812              -1.3827               1.2651
2    C               -1.6378              -0.3626               0.7465
3    C               -2.2023               0.6222              -0.1053
4    C               -3.5884               0.5654              -0.4106
5    C               -4.3761              -0.4312               0.1000
6    H                0.1710              -1.0719               1.6931
7    H               -4.4521              -2.2021               1.3463
8    H               -2.0499              -2.1423               1.9157
9    C               -0.2462              -0.3073               1.0392
10   C               -1.3582               1.6361              -0.6301
11   H               -4.0094               1.3255              -1.0659
12   H               -5.4348              -0.4733              -0.1423
13   C               -0.0211               1.6535              -0.3353
14   C                0.5621               0.6660               0.5021
15   H               -1.7898               2.3974              -1.2756
16   H                0.6204               2.4277              -0.7520
17   C                2.0599               0.6687               0.7085
18   C                2.7555              -0.4658              -0.0633
19   H                2.3127               0.6173               1.7749
20   H                2.4593               1.6208               0.3464
21   H                2.1128              -0.8473              -0.8671
22   H                2.9413              -1.3346               0.5773
23   C                4.0784              -0.0563              -0.6668
24   O                4.5518               1.0549              -0.6804
25   O                4.7057              -1.1117              -1.2227
26   H                5.5408              -0.7657              -1.5782


Energy:                 -652.919202 Convergence criteria  Is converged 
Maximum Force:             0.002241     0.002850  Yes
RMS Force:                 0.001342     0.001900  Yes
Maximum Displacement:      0.002493     0.003150  Yes
RMS Displacement:          0.001122     0.002100  Yes

LBFGS converged at iteration 27.
Final frame written to /home/hungn/Desktop/MyRepo/MLP/MAPLE/maple/function/dispatcher/parmfit/example/corr2_torsionfit_18-19_opt.xyz
Complete trajectory written to /home/hungn/Desktop/MyRepo/MLP/MAPLE/maple/function/dispatcher/parmfit/example/corr2_torsionfit_18-19_traj.xyz

----------------------------------------------------------------------
            Scanning combination 42/73: [384.12]

======================================================================
LBFGS Parameters
======================================================================
memory:     5
curvature:  70.0
max_step:   0.2
max_iter:   256
write_traj: False
traj_every: 1
verbose:    0
======================================================================


                             Coordinates                              
----------------------------------------------------------------------
0    C               -3.8122              -1.4177               0.9530
1    C               -2.4802              -1.3810               1.2676
2    C               -1.6384              -0.3615               0.7459
3    C               -2.2045               0.6236              -0.1042
4    C               -3.5918               0.5649              -0.4089
5    C               -4.3774              -0.4327               0.1046
6    H                0.1683              -1.0741               1.6913
7    H               -4.4494              -2.2032               1.3517
8    H               -2.0454              -2.1389               1.9169
9    C               -0.2462              -0.3100               1.0355
10   C               -1.3601               1.6365              -0.6296
11   H               -4.0147               1.3246              -1.0630
12   H               -5.4365              -0.4760              -0.1366
13   C               -0.0233               1.6505              -0.3383
14   C                0.5624               0.6628               0.4982
15   H               -1.7926               2.3978              -1.2763
16   H                0.6181               2.4255              -0.7543
17   C                2.0607               0.6736               0.6996
18   C                2.7575              -0.4623              -0.0665
19   H                2.3123               0.6214               1.7664
20   H                2.4626               1.6236               0.3354
21   H                2.1494              -0.7896              -0.9187
22   H                2.8953              -1.3552               0.5529
23   C                4.0950              -0.0579              -0.6428
24   O                4.5661               1.0542              -0.6577
25   O                4.7239              -1.1122              -1.1997
26   H                5.5439              -0.7653              -1.5880


Energy:                 -652.919618 Convergence criteria  Is converged 
Maximum Force:             0.001581     0.002850  Yes
RMS Force:                 0.001007     0.001900  Yes
Maximum Displacement:      0.002131     0.003150  Yes
RMS Displacement:          0.000946     0.002100  Yes

LBFGS converged at iteration 16.
Final frame written to /home/hungn/Desktop/MyRepo/MLP/MAPLE/maple/function/dispatcher/parmfit/example/corr2_torsionfit_18-19_opt.xyz
Complete trajectory written to /home/hungn/Desktop/MyRepo/MLP/MAPLE/maple/function/dispatcher/parmfit/example/corr2_torsionfit_18-19_traj.xyz

----------------------------------------------------------------------
            Scanning combination 43/73: [389.12]

======================================================================
LBFGS Parameters
======================================================================
memory:     5
curvature:  70.0
max_step:   0.2
max_iter:   256
write_traj: False
traj_every: 1
verbose:    0
======================================================================


                             Coordinates                              
----------------------------------------------------------------------
0    C               -3.8083              -1.4211               0.9840
1    C               -2.4729              -1.3745               1.2811
2    C               -1.6454              -0.3521               0.7455
3    C               -2.2275               0.6285              -0.0988
4    C               -3.6176               0.5584              -0.3881
5    C               -4.3885              -0.4437               0.1361
6    H                0.1789              -1.0504               1.6688
7    H               -4.4339              -2.2107               1.3923
8    H               -2.0242              -2.1244               1.9303
9    C               -0.2496              -0.2923               1.0140
10   C               -1.3967               1.6463              -0.6350
11   H               -4.0544               1.3124              -1.0404
12   H               -5.4500              -0.4972              -0.0920
13   C               -0.0555               1.6692              -0.3644
14   C                0.5464               0.6817               0.4590
15   H               -1.8430               2.4049              -1.2739
16   H                0.5724               2.4523              -0.7852
17   C                2.0460               0.6750               0.6382
18   C                2.7219              -0.4193              -0.2003
19   H                2.3084               0.5501               1.6948
20   H                2.4583               1.6420               0.3343
21   H                2.1476              -0.6382              -1.1081
22   H                2.7575              -1.3687               0.3439
23   C                4.1295              -0.0760              -0.6143
24   O                4.6774               0.9899              -0.4675
25   O                4.7380              -1.1289              -1.1964
26   H                5.6342              -0.8314              -1.4217


Energy:                 -652.920554 Convergence criteria  Is converged 
Maximum Force:             0.001612     0.002850  Yes
RMS Force:                 0.001125     0.001900  Yes
Maximum Displacement:      0.002900     0.003150  Yes
RMS Displacement:          0.001647     0.002100  Yes

LBFGS converged at iteration 30.
Final frame written to /home/hungn/Desktop/MyRepo/MLP/MAPLE/maple/function/dispatcher/parmfit/example/corr2_torsionfit_18-19_opt.xyz
Complete trajectory written to /home/hungn/Desktop/MyRepo/MLP/MAPLE/maple/function/dispatcher/parmfit/example/corr2_torsionfit_18-19_traj.xyz

----------------------------------------------------------------------
            Scanning combination 44/73: [394.12]

======================================================================
LBFGS Parameters
======================================================================
memory:     5
curvature:  70.0
max_step:   0.2
max_iter:   256
write_traj: False
traj_every: 1
verbose:    0
======================================================================


                             Coordinates                              
----------------------------------------------------------------------
0    C               -3.8097              -1.4199               0.9899
1    C               -2.4728              -1.3748               1.2817
2    C               -1.6460              -0.3542               0.7407
3    C               -2.2299               0.6276              -0.1010
4    C               -3.6216               0.5585              -0.3843
5    C               -4.3924              -0.4420               0.1447
6    H                0.1785              -1.0613               1.6564
7    H               -4.4347              -2.2071               1.4029
8    H               -2.0220              -2.1242               1.9299
9    C               -0.2490              -0.2993               1.0057
10   C               -1.3970               1.6437              -0.6388
11   H               -4.0622               1.3130              -1.0331
12   H               -5.4552              -0.4945              -0.0791
13   C               -0.0549               1.6615              -0.3705
14   C                0.5479               0.6760               0.4563
15   H               -1.8420               2.4048              -1.2760
16   H                0.5729               2.4424              -0.7949
17   C                2.0494               0.6791               0.6338
18   C                2.7254              -0.4179              -0.2015
19   H                2.3147               0.5697               1.6933
20   H                2.4545               1.6440               0.3139
21   H                2.1850              -0.5698              -1.1448
22   H                2.7129              -1.3885               0.3067
23   C                4.1483              -0.0830              -0.5809
24   O                4.6949               0.9839              -0.4324
25   O                4.7599              -1.1310              -1.1688
26   H                5.6405              -0.8156              -1.4318


Energy:                 -652.920969 Convergence criteria  Is converged 
Maximum Force:             0.001844     0.002850  Yes
RMS Force:                 0.000847     0.001900  Yes
Maximum Displacement:      0.001849     0.003150  Yes
RMS Displacement:          0.000742     0.002100  Yes

LBFGS converged at iteration 17.
Final frame written to /home/hungn/Desktop/MyRepo/MLP/MAPLE/maple/function/dispatcher/parmfit/example/corr2_torsionfit_18-19_opt.xyz
Complete trajectory written to /home/hungn/Desktop/MyRepo/MLP/MAPLE/maple/function/dispatcher/parmfit/example/corr2_torsionfit_18-19_traj.xyz

----------------------------------------------------------------------
            Scanning combination 45/73: [399.12]

======================================================================
LBFGS Parameters
======================================================================
memory:     5
curvature:  70.0
max_step:   0.2
max_iter:   256
write_traj: False
traj_every: 1
verbose:    0
======================================================================


                             Coordinates                              
----------------------------------------------------------------------
0    C               -3.8106              -1.4196               1.0069
1    C               -2.4713              -1.3811               1.2891
2    C               -1.6437              -0.3619               0.7445
3    C               -2.2321               0.6205              -0.0937
4    C               -3.6242               0.5572              -0.3683
5    C               -4.3958              -0.4396               0.1658
6    H                0.1936              -1.0684               1.6397
7    H               -4.4371              -2.2042               1.4236
8    H               -2.0213              -2.1361               1.9318
9    C               -0.2442              -0.3036               0.9987
10   C               -1.4068               1.6363              -0.6420
11   H               -4.0617               1.3132              -1.0171
12   H               -5.4602              -0.4850              -0.0494
13   C               -0.0649               1.6611              -0.3793
14   C                0.5435               0.6763               0.4434
15   H               -1.8579               2.3912              -1.2813
16   H                0.5605               2.4422              -0.8075
17   C                2.0460               0.6900               0.5933
18   C                2.7097              -0.3865              -0.2722
19   H                2.3468               0.5765               1.6427
20   H                2.4301               1.6620               0.2720
21   H                2.2048              -0.4650              -1.2441
22   H                2.6274              -1.3772               0.1879
23   C                4.1637              -0.0927              -0.5497
24   O                4.7383               0.9387              -0.2957
25   O                4.7755              -1.1287              -1.1581
26   H                5.6891              -0.8408              -1.3214


Energy:                 -652.921460 Convergence criteria  Is converged 
Maximum Force:             0.002558     0.002850  Yes
RMS Force:                 0.001120     0.001900  Yes
Maximum Displacement:      0.001712     0.003150  Yes
RMS Displacement:          0.000753     0.002100  Yes

LBFGS converged at iteration 19.
Final frame written to /home/hungn/Desktop/MyRepo/MLP/MAPLE/maple/function/dispatcher/parmfit/example/corr2_torsionfit_18-19_opt.xyz
Complete trajectory written to /home/hungn/Desktop/MyRepo/MLP/MAPLE/maple/function/dispatcher/parmfit/example/corr2_torsionfit_18-19_traj.xyz

----------------------------------------------------------------------
            Scanning combination 46/73: [404.12]

======================================================================
LBFGS Parameters
======================================================================
memory:     5
curvature:  70.0
max_step:   0.2
max_iter:   256
write_traj: False
traj_every: 1
verbose:    0
======================================================================


                             Coordinates                              
----------------------------------------------------------------------
0    C               -3.8082              -1.4205               1.0129
1    C               -2.4683              -1.3776               1.2895
2    C               -1.6453              -0.3584               0.7398
3    C               -2.2400               0.6225              -0.0960
4    C               -3.6340               0.5559              -0.3639
5    C               -4.4002              -0.4436               0.1733
6    H                0.1934              -1.0643               1.6323
7    H               -4.4298              -2.2062               1.4338
8    H               -2.0119              -2.1283               1.9319
9    C               -0.2450              -0.2999               0.9907
10   C               -1.4166               1.6399              -0.6446
11   H               -4.0792               1.3103              -1.0097
12   H               -5.4654              -0.4929              -0.0365
13   C               -0.0732               1.6636              -0.3865
14   C                0.5412               0.6790               0.4333
15   H               -1.8694               2.3991              -1.2785
16   H                0.5490               2.4449              -0.8182
17   C                2.0456               0.6952               0.5803
18   C                2.7178              -0.3799              -0.2799
19   H                2.3321               0.5653               1.6310
20   H                2.4414               1.6677               0.2757
21   H                2.2723              -0.4021              -1.2827
22   H                2.5927              -1.3867               0.1332
23   C                4.1810              -0.1005              -0.5222
24   O                4.7616               0.9264              -0.2632
25   O                4.7821              -1.1341              -1.1448
26   H                5.6965              -0.8515              -1.3103


Energy:                 -652.921557 Convergence criteria  Is converged 
Maximum Force:             0.002556     0.002850  Yes
RMS Force:                 0.001298     0.001900  Yes
Maximum Displacement:      0.002898     0.003150  Yes
RMS Displacement:          0.001158     0.002100  Yes

LBFGS converged at iteration 13.
Final frame written to /home/hungn/Desktop/MyRepo/MLP/MAPLE/maple/function/dispatcher/parmfit/example/corr2_torsionfit_18-19_opt.xyz
Complete trajectory written to /home/hungn/Desktop/MyRepo/MLP/MAPLE/maple/function/dispatcher/parmfit/example/corr2_torsionfit_18-19_traj.xyz

----------------------------------------------------------------------
            Scanning combination 47/73: [409.12]

======================================================================
LBFGS Parameters
======================================================================
memory:     5
curvature:  70.0
max_step:   0.2
max_iter:   256
write_traj: False
traj_every: 1
verbose:    0
======================================================================


                             Coordinates                              
----------------------------------------------------------------------
0    C               -3.7949              -1.4289               1.0485
1    C               -2.4505              -1.3787               1.3031
2    C               -1.6418              -0.3553               0.7361
3    C               -2.2559               0.6219              -0.0894
4    C               -3.6542               0.5485              -0.3311
5    C               -4.4067              -0.4540               0.2204
6    H                0.2225              -1.0437               1.5889
7    H               -4.4072              -2.2169               1.4802
8    H               -1.9828              -2.1277               1.9402
9    C               -0.2370              -0.2872               0.9535
10   C               -1.4504               1.6453              -0.6536
11   H               -4.1123               1.3015              -0.9689
12   H               -5.4747              -0.5102               0.0247
13   C               -0.1012               1.6769              -0.4286
14   C                0.5340               0.6929               0.3752
15   H               -1.9256               2.4021              -1.2737
16   H                0.5045               2.4665              -0.8689
17   C                2.0386               0.7110               0.5092
18   C                2.7119              -0.3061              -0.4173
19   H                2.3439               0.5209               1.5449
20   H                2.4165               1.7070               0.2574
21   H                2.3231              -0.2157              -1.4384
22   H                2.4911              -1.3363              -0.1131
23   C                4.2102              -0.1316              -0.4665
24   O                4.8316               0.7845               0.0174
25   O                4.8124              -1.1410              -1.1272
26   H                5.7654              -0.9588              -1.0773


Energy:                 -652.922425 Convergence criteria  Is converged 
Maximum Force:             0.001926     0.002850  Yes
RMS Force:                 0.001027     0.001900  Yes
Maximum Displacement:      0.002802     0.003150  Yes
RMS Displacement:          0.001278     0.002100  Yes

LBFGS converged at iteration 25.
Final frame written to /home/hungn/Desktop/MyRepo/MLP/MAPLE/maple/function/dispatcher/parmfit/example/corr2_torsionfit_18-19_opt.xyz
Complete trajectory written to /home/hungn/Desktop/MyRepo/MLP/MAPLE/maple/function/dispatcher/parmfit/example/corr2_torsionfit_18-19_traj.xyz

----------------------------------------------------------------------
            Scanning combination 48/73: [414.12]

======================================================================
LBFGS Parameters
======================================================================
memory:     5
curvature:  70.0
max_step:   0.2
max_iter:   256
write_traj: False
traj_every: 1
verbose:    0
======================================================================


                             Coordinates                              
----------------------------------------------------------------------
0    C               -3.7937              -1.4285               1.0512
1    C               -2.4487              -1.3783               1.3027
2    C               -1.6409              -0.3549               0.7360
3    C               -2.2581               0.6218              -0.0883
4    C               -3.6557               0.5471              -0.3308
5    C               -4.4070              -0.4551               0.2221
6    H                0.2198              -1.0487               1.5897
7    H               -4.4047              -2.2174               1.4826
8    H               -1.9792              -2.1268               1.9389
9    C               -0.2358              -0.2890               0.9553
10   C               -1.4532               1.6458              -0.6524
11   H               -4.1157               1.3008              -0.9672
12   H               -5.4751              -0.5110               0.0290
13   C               -0.1046               1.6742              -0.4263
14   C                0.5341               0.6916               0.3768
15   H               -1.9248               2.4024              -1.2756
16   H                0.5025               2.4615              -0.8682
17   C                2.0399               0.7197               0.5004
18   C                2.7116              -0.3006              -0.4233
19   H                2.3417               0.5289               1.5383
20   H                2.4212               1.7132               0.2474
21   H                2.3812              -0.1627              -1.4602
22   H                2.4600              -1.3310              -0.1515
23   C                4.2136              -0.1398              -0.4459
24   O                4.8339               0.7798               0.0329
25   O                4.8136              -1.1518              -1.1042
26   H                5.7652              -0.9551              -1.0917


Energy:                 -652.922469 Convergence criteria  Is converged 
Maximum Force:             0.001941     0.002850  Yes
RMS Force:                 0.000999     0.001900  Yes
Maximum Displacement:      0.002543     0.003150  Yes
RMS Displacement:          0.001173     0.002100  Yes

LBFGS converged at iteration 13.
Final frame written to /home/hungn/Desktop/MyRepo/MLP/MAPLE/maple/function/dispatcher/parmfit/example/corr2_torsionfit_18-19_opt.xyz
Complete trajectory written to /home/hungn/Desktop/MyRepo/MLP/MAPLE/maple/function/dispatcher/parmfit/example/corr2_torsionfit_18-19_traj.xyz

----------------------------------------------------------------------
            Scanning combination 49/73: [419.12]

======================================================================
LBFGS Parameters
======================================================================
memory:     5
curvature:  70.0
max_step:   0.2
max_iter:   256
write_traj: False
traj_every: 1
verbose:    0
======================================================================


                             Coordinates                              
----------------------------------------------------------------------
0    C               -3.7951              -1.4286               1.0501
1    C               -2.4499              -1.3790               1.3033
2    C               -1.6412              -0.3564               0.7377
3    C               -2.2576               0.6213              -0.0867
4    C               -3.6549               0.5467              -0.3310
5    C               -4.4067              -0.4548               0.2206
6    H                0.2193              -1.0535               1.5944
7    H               -4.4054              -2.2171               1.4814
8    H               -1.9804              -2.1274               1.9394
9    C               -0.2356              -0.2920               0.9609
10   C               -1.4520               1.6444              -0.6507
11   H               -4.1142               1.3007              -0.9677
12   H               -5.4749              -0.5107               0.0273
13   C               -0.1051               1.6717              -0.4206
14   C                0.5335               0.6914               0.3851
15   H               -1.9227               2.4012              -1.2743
16   H                0.5023               2.4576              -0.8640
17   C                2.0410               0.7297               0.4890
18   C                2.7097              -0.2981              -0.4275
19   H                2.3446               0.5364               1.5244
20   H                2.4239               1.7230               0.2369
21   H                2.4284              -0.1116              -1.4724
22   H                2.4423              -1.3296              -0.1778
23   C                4.2121              -0.1458              -0.4366
24   O                4.8290               0.7816               0.0313
25   O                4.8116              -1.1535              -1.1021
26   H                5.7625              -0.9535              -1.0922


Energy:                 -652.921769 Convergence criteria  Is converged 
Maximum Force:             0.002223     0.002850  Yes
RMS Force:                 0.001446     0.001900  Yes
Maximum Displacement:      0.002114     0.003150  Yes
RMS Displacement:          0.000844     0.002100  Yes

LBFGS converged at iteration 9.
Final frame written to /home/hungn/Desktop/MyRepo/MLP/MAPLE/maple/function/dispatcher/parmfit/example/corr2_torsionfit_18-19_opt.xyz
Complete trajectory written to /home/hungn/Desktop/MyRepo/MLP/MAPLE/maple/function/dispatcher/parmfit/example/corr2_torsionfit_18-19_traj.xyz

----------------------------------------------------------------------
            Scanning combination 50/73: [424.12]

======================================================================
LBFGS Parameters
======================================================================
memory:     5
curvature:  70.0
max_step:   0.2
max_iter:   256
write_traj: False
traj_every: 1
verbose:    0
======================================================================


                             Coordinates                              
----------------------------------------------------------------------
0    C               -3.7544              -1.4421               1.0973
1    C               -2.4040              -1.3773               1.3062
2    C               -1.6275              -0.3465               0.7107
3    C               -2.2758               0.6248              -0.0944
4    C               -3.6799               0.5332              -0.2929
5    C               -4.4018              -0.4773               0.2850
6    H                0.2620              -1.0141               1.5141
7    H               -4.3412              -2.2364               1.5513
8    H               -1.9030              -2.1163               1.9293
9    C               -0.2201              -0.2627               0.8896
10   C               -1.4938               1.6541              -0.6831
11   H               -4.1708               1.2780              -0.9152
12   H               -5.4745              -0.5466               0.1276
13   C               -0.1387               1.7010              -0.4952
14   C                0.5264               0.7271               0.2981
15   H               -1.9916               2.4079              -1.2893
16   H                0.4455               2.4976              -0.9525
17   C                2.0314               0.7606               0.4325
18   C                2.7335              -0.1856              -0.5460
19   H                2.3202               0.4747               1.4503
20   H                2.4111               1.7762               0.2825
21   H                2.5632               0.1137              -1.5878
22   H                2.3591              -1.2114              -0.4564
23   C                4.2272              -0.2113              -0.3274
24   O                4.8476               0.5153               0.4119
25   O                4.8190              -1.1607              -1.0797
26   H                5.7685              -1.1176              -0.8805


Energy:                 -652.922762 Convergence criteria  Is converged 
Maximum Force:             0.001785     0.002850  Yes
RMS Force:                 0.001037     0.001900  Yes
Maximum Displacement:      0.002600     0.003150  Yes
RMS Displacement:          0.001339     0.002100  Yes

LBFGS converged at iteration 35.
Final frame written to /home/hungn/Desktop/MyRepo/MLP/MAPLE/maple/function/dispatcher/parmfit/example/corr2_torsionfit_18-19_opt.xyz
Complete trajectory written to /home/hungn/Desktop/MyRepo/MLP/MAPLE/maple/function/dispatcher/parmfit/example/corr2_torsionfit_18-19_traj.xyz

----------------------------------------------------------------------
            Scanning combination 51/73: [429.12]

======================================================================
LBFGS Parameters
======================================================================
memory:     5
curvature:  70.0
max_step:   0.2
max_iter:   256
write_traj: False
traj_every: 1
verbose:    0
======================================================================


                             Coordinates                              
----------------------------------------------------------------------
0    C               -3.7550              -1.4420               1.0982
1    C               -2.4034              -1.3782               1.3058
2    C               -1.6258              -0.3481               0.7121
3    C               -2.2756               0.6218              -0.0943
4    C               -3.6805               0.5325              -0.2919
5    C               -4.4027              -0.4760               0.2874
6    H                0.2620              -1.0207               1.5173
7    H               -4.3419              -2.2361               1.5522
8    H               -1.9028              -2.1176               1.9280
9    C               -0.2175              -0.2659               0.8948
10   C               -1.4938               1.6504              -0.6828
11   H               -4.1712               1.2785              -0.9140
12   H               -5.4759              -0.5447               0.1302
13   C               -0.1400               1.6961              -0.4909
14   C                0.5283               0.7238               0.3029
15   H               -1.9882               2.4044              -1.2920
16   H                0.4450               2.4907              -0.9497
17   C                2.0342               0.7712               0.4247
18   C                2.7331              -0.1814              -0.5494
19   H                2.3263               0.4966               1.4453
20   H                2.4081               1.7866               0.2640
21   H                2.6158               0.1669              -1.5818
22   H                2.3315              -1.1985              -0.5060
23   C                4.2261              -0.2255              -0.3147
24   O                4.8481               0.4997               0.4255
25   O                4.8222              -1.1703              -1.0697
26   H                5.7727              -1.1073              -0.8792


Energy:                 -652.922320 Convergence criteria  Is converged 
Maximum Force:             0.002373     0.002850  Yes
RMS Force:                 0.001153     0.001900  Yes
Maximum Displacement:      0.001387     0.003150  Yes
RMS Displacement:          0.000633     0.002100  Yes

LBFGS converged at iteration 14.
Final frame written to /home/hungn/Desktop/MyRepo/MLP/MAPLE/maple/function/dispatcher/parmfit/example/corr2_torsionfit_18-19_opt.xyz
Complete trajectory written to /home/hungn/Desktop/MyRepo/MLP/MAPLE/maple/function/dispatcher/parmfit/example/corr2_torsionfit_18-19_traj.xyz

----------------------------------------------------------------------
            Scanning combination 52/73: [434.12]

======================================================================
LBFGS Parameters
======================================================================
memory:     5
curvature:  70.0
max_step:   0.2
max_iter:   256
write_traj: False
traj_every: 1
verbose:    0
======================================================================


                             Coordinates                              
----------------------------------------------------------------------
0    C               -3.7554              -1.4456               1.1006
1    C               -2.4032              -1.3820               1.3084
2    C               -1.6238              -0.3505               0.7159
3    C               -2.2742               0.6184              -0.0916
4    C               -3.6794               0.5308              -0.2884
5    C               -4.4028              -0.4774               0.2911
6    H                0.2616              -1.0245               1.5217
7    H               -4.3452              -2.2385               1.5555
8    H               -1.9057              -2.1248               1.9299
9    C               -0.2145              -0.2674               0.8995
10   C               -1.4929               1.6465              -0.6811
11   H               -4.1677               1.2780              -0.9115
12   H               -5.4766              -0.5429               0.1346
13   C               -0.1401               1.6935              -0.4868
14   C                0.5305               0.7221               0.3054
15   H               -1.9879               2.3971              -1.2934
16   H                0.4465               2.4863              -0.9464
17   C                2.0371               0.7847               0.4084
18   C                2.7354              -0.1540              -0.5803
19   H                2.3483               0.5241               1.4275
20   H                2.3920               1.8043               0.2392
21   H                2.6756               0.2496              -1.5986
22   H                2.3041              -1.1584              -0.5910
23   C                4.2188              -0.2381              -0.3029
24   O                4.8315               0.4701               0.4607
25   O                4.8182              -1.1826              -1.0555
26   H                5.7689              -1.1114              -0.8689


Energy:                 -652.921508 Convergence criteria  Is converged 
Maximum Force:             0.002260     0.002850  Yes
RMS Force:                 0.001281     0.001900  Yes
Maximum Displacement:      0.001081     0.003150  Yes
RMS Displacement:          0.000569     0.002100  Yes

LBFGS converged at iteration 14.
Final frame written to /home/hungn/Desktop/MyRepo/MLP/MAPLE/maple/function/dispatcher/parmfit/example/corr2_torsionfit_18-19_opt.xyz
Complete trajectory written to /home/hungn/Desktop/MyRepo/MLP/MAPLE/maple/function/dispatcher/parmfit/example/corr2_torsionfit_18-19_traj.xyz

----------------------------------------------------------------------
            Scanning combination 53/73: [439.12]

======================================================================
LBFGS Parameters
======================================================================
memory:     5
curvature:  70.0
max_step:   0.2
max_iter:   256
write_traj: False
traj_every: 1
verbose:    0
======================================================================


                             Coordinates                              
----------------------------------------------------------------------
0    C               -3.7123              -1.4582               1.1360
1    C               -2.3575              -1.3754               1.3118
2    C               -1.6090              -0.3375               0.6943
3    C               -2.2855               0.6188              -0.1044
4    C               -3.6940               0.5115              -0.2655
5    C               -4.3904              -0.5016               0.3381
6    H                0.3013              -0.9715               1.4724
7    H               -4.2799              -2.2541               1.6108
8    H               -1.8324              -2.1052               1.9258
9    C               -0.1997              -0.2338               0.8479
10   C               -1.5249               1.6512              -0.7164
11   H               -4.2078               1.2503              -0.8774
12   H               -5.4669              -0.5812               0.2094
13   C               -0.1670               1.7158              -0.5552
14   C                0.5255               0.7605               0.2379
15   H               -2.0443               2.3924              -1.3201
16   H                0.3946               2.5163              -1.0346
17   C                2.0300               0.8284               0.3736
18   C                2.7694              -0.0309              -0.6606
19   H                2.3209               0.4795               1.3718
20   H                2.3749               1.8657               0.3027
21   H                2.8190               0.4623              -1.6394
22   H                2.2809              -0.9988              -0.8162
23   C                4.1957              -0.3029              -0.2375
24   O                4.7443               0.1541               0.7362
25   O                4.8168              -1.1367              -1.0951
26   H                5.7145              -1.2680              -0.7449


Energy:                 -652.921827 Convergence criteria  Is converged 
Maximum Force:             0.002114     0.002850  Yes
RMS Force:                 0.001182     0.001900  Yes
Maximum Displacement:      0.001761     0.003150  Yes
RMS Displacement:          0.001169     0.002100  Yes

LBFGS converged at iteration 36.
Final frame written to /home/hungn/Desktop/MyRepo/MLP/MAPLE/maple/function/dispatcher/parmfit/example/corr2_torsionfit_18-19_opt.xyz
Complete trajectory written to /home/hungn/Desktop/MyRepo/MLP/MAPLE/maple/function/dispatcher/parmfit/example/corr2_torsionfit_18-19_traj.xyz

----------------------------------------------------------------------
            Scanning combination 54/73: [444.12]

======================================================================
LBFGS Parameters
======================================================================
memory:     5
curvature:  70.0
max_step:   0.2
max_iter:   256
write_traj: False
traj_every: 1
verbose:    0
======================================================================


                             Coordinates                              
----------------------------------------------------------------------
0    C               -3.7128              -1.4566               1.1376
1    C               -2.3582              -1.3769               1.3124
2    C               -1.6066              -0.3406               0.6961
3    C               -2.2838               0.6147              -0.1047
4    C               -3.6925               0.5115              -0.2654
5    C               -4.3907              -0.4995               0.3404
6    H                0.3011              -0.9799               1.4793
7    H               -4.2814              -2.2532               1.6110
8    H               -1.8342              -2.1083               1.9255
9    C               -0.1967              -0.2383               0.8556
10   C               -1.5238               1.6457              -0.7178
11   H               -4.2063               1.2496              -0.8781
12   H               -5.4667              -0.5784               0.2108
13   C               -0.1674               1.7101              -0.5492
14   C                0.5266               0.7572               0.2461
15   H               -2.0382               2.3866              -1.3262
16   H                0.3977               2.5078              -1.0269
17   C                2.0315               0.8407               0.3659
18   C                2.7692              -0.0287              -0.6610
19   H                2.3258               0.5024               1.3662
20   H                2.3751               1.8768               0.2839
21   H                2.8761               0.4951              -1.6181
22   H                2.2661              -0.9796              -0.8591
23   C                4.1897              -0.3194              -0.2203
24   O                4.7421               0.1330               0.7541
25   O                4.8126              -1.1474              -1.0831
26   H                5.7181              -1.2551              -0.7499


Energy:                 -652.921055 Convergence criteria  Is converged 
Maximum Force:             0.002408     0.002850  Yes
RMS Force:                 0.001252     0.001900  Yes
Maximum Displacement:      0.001945     0.003150  Yes
RMS Displacement:          0.000908     0.002100  Yes

LBFGS converged at iteration 13.
Final frame written to /home/hungn/Desktop/MyRepo/MLP/MAPLE/maple/function/dispatcher/parmfit/example/corr2_torsionfit_18-19_opt.xyz
Complete trajectory written to /home/hungn/Desktop/MyRepo/MLP/MAPLE/maple/function/dispatcher/parmfit/example/corr2_torsionfit_18-19_traj.xyz

----------------------------------------------------------------------
            Scanning combination 55/73: [449.12]

======================================================================
LBFGS Parameters
======================================================================
memory:     5
curvature:  70.0
max_step:   0.2
max_iter:   256
write_traj: False
traj_every: 1
verbose:    0
======================================================================


                             Coordinates                              
----------------------------------------------------------------------
0    C               -3.7136              -1.4598               1.1422
1    C               -2.3580              -1.3832               1.3183
2    C               -1.6029              -0.3473               0.7029
3    C               -2.2788               0.6077              -0.0997
4    C               -3.6873               0.5062              -0.2616
5    C               -4.3889              -0.5018               0.3444
6    H                0.3074              -0.9804               1.4894
7    H               -4.2852              -2.2543               1.6151
8    H               -1.8397              -2.1183               1.9316
9    C               -0.1918              -0.2436               0.8617
10   C               -1.5203               1.6376              -0.7164
11   H               -4.1967               1.2453              -0.8766
12   H               -5.4658              -0.5764               0.2151
13   C               -0.1654               1.7036              -0.5473
14   C                0.5291               0.7527               0.2491
15   H               -2.0373               2.3732              -1.3292
16   H                0.4017               2.5020              -1.0221
17   C                2.0338               0.8582               0.3540
18   C                2.7816               0.0026              -0.6827
19   H                2.3593               0.5495               1.3548
20   H                2.3449               1.9027               0.2479
21   H                2.9511               0.5635              -1.6112
22   H                2.2557              -0.9220              -0.9439
23   C                4.1746              -0.3486              -0.2015
24   O                4.7033               0.0596               0.8047
25   O                4.8087              -1.1614              -1.0701
26   H                5.7086              -1.2771              -0.7220


Energy:                 -652.920130 Convergence criteria  Is converged 
Maximum Force:             0.001957     0.002850  Yes
RMS Force:                 0.001221     0.001900  Yes
Maximum Displacement:      0.001891     0.003150  Yes
RMS Displacement:          0.000891     0.002100  Yes

LBFGS converged at iteration 18.
Final frame written to /home/hungn/Desktop/MyRepo/MLP/MAPLE/maple/function/dispatcher/parmfit/example/corr2_torsionfit_18-19_opt.xyz
Complete trajectory written to /home/hungn/Desktop/MyRepo/MLP/MAPLE/maple/function/dispatcher/parmfit/example/corr2_torsionfit_18-19_traj.xyz

----------------------------------------------------------------------
            Scanning combination 56/73: [454.12]

======================================================================
LBFGS Parameters
======================================================================
memory:     5
curvature:  70.0
max_step:   0.2
max_iter:   256
write_traj: False
traj_every: 1
verbose:    0
======================================================================


                             Coordinates                              
----------------------------------------------------------------------
0    C               -3.7042              -1.4637               1.1516
1    C               -2.3473              -1.3862               1.3248
2    C               -1.5935              -0.3517               0.7047
3    C               -2.2757               0.6006              -0.0959
4    C               -3.6839               0.4970              -0.2560
5    C               -4.3833              -0.5108               0.3509
6    H                0.3222              -0.9744               1.4879
7    H               -4.2734              -2.2582               1.6266
8    H               -1.8287              -2.1198               1.9398
9    C               -0.1807              -0.2415               0.8580
10   C               -1.5247               1.6303              -0.7202
11   H               -4.1933               1.2354              -0.8718
12   H               -5.4609              -0.5854               0.2256
13   C               -0.1703               1.7016              -0.5576
14   C                0.5324               0.7591               0.2398
15   H               -2.0474               2.3634              -1.3302
16   H                0.3959               2.4976              -1.0366
17   C                2.0366               0.8894               0.3352
18   C                2.8032               0.0705              -0.7198
19   H                2.3759               0.5780               1.3303
20   H                2.3242               1.9418               0.2393
21   H                3.0387               0.6755              -1.6055
22   H                2.2577              -0.8151              -1.0600
23   C                4.1517              -0.3708              -0.1902
24   O                4.6379              -0.0494               0.8681
25   O                4.8003              -1.1580              -1.0708
26   H                5.6676              -1.3446              -0.6748


Energy:                 -652.919325 Convergence criteria  Is converged 
Maximum Force:             0.002332     0.002850  Yes
RMS Force:                 0.001472     0.001900  Yes
Maximum Displacement:      0.002451     0.003150  Yes
RMS Displacement:          0.001188     0.002100  Yes

LBFGS converged at iteration 19.
Final frame written to /home/hungn/Desktop/MyRepo/MLP/MAPLE/maple/function/dispatcher/parmfit/example/corr2_torsionfit_18-19_opt.xyz
Complete trajectory written to /home/hungn/Desktop/MyRepo/MLP/MAPLE/maple/function/dispatcher/parmfit/example/corr2_torsionfit_18-19_traj.xyz

----------------------------------------------------------------------
            Scanning combination 57/73: [459.12]

======================================================================
LBFGS Parameters
======================================================================
memory:     5
curvature:  70.0
max_step:   0.2
max_iter:   256
write_traj: False
traj_every: 1
verbose:    0
======================================================================


                             Coordinates                              
----------------------------------------------------------------------
0    C               -3.6460              -1.4774               1.1808
1    C               -2.2885              -1.3776               1.3260
2    C               -1.5645              -0.3388               0.6809
3    C               -2.2710               0.5926              -0.1230
4    C               -3.6815               0.4687              -0.2509
5    C               -4.3531              -0.5403               0.3858
6    H                0.3768              -0.9226               1.4405
7    H               -4.1941              -2.2742               1.6765
8    H               -1.7445              -2.0939               1.9391
9    C               -0.1552              -0.2027               0.8198
10   C               -1.5399               1.6250              -0.7685
11   H               -4.2177               1.1913              -0.8630
12   H               -5.4309              -0.6347               0.2805
13   C               -0.1842               1.7250              -0.6153
14   C                0.5359               0.8088               0.1979
15   H               -2.0782               2.3430              -1.3838
16   H                0.3594               2.5245              -1.1143
17   C                2.0341               0.9491               0.3457
18   C                2.8343               0.1705              -0.7131
19   H                2.3387               0.5836               1.3315
20   H                2.3174               2.0074               0.3148
21   H                3.1639               0.8263              -1.5256
22   H                2.2522              -0.6320              -1.1759
23   C                4.0873              -0.4607              -0.1430
24   O                4.4760              -0.3817               0.9982
25   O                4.7642              -1.1531              -1.0810
26   H                5.5403              -1.5198              -0.6244


Energy:                 -652.919398 Convergence criteria  Is converged 
Maximum Force:             0.001485     0.002850  Yes
RMS Force:                 0.000909     0.001900  Yes
Maximum Displacement:      0.001903     0.003150  Yes
RMS Displacement:          0.001023     0.002100  Yes

LBFGS converged at iteration 29.
Final frame written to /home/hungn/Desktop/MyRepo/MLP/MAPLE/maple/function/dispatcher/parmfit/example/corr2_torsionfit_18-19_opt.xyz
Complete trajectory written to /home/hungn/Desktop/MyRepo/MLP/MAPLE/maple/function/dispatcher/parmfit/example/corr2_torsionfit_18-19_traj.xyz

----------------------------------------------------------------------
            Scanning combination 58/73: [464.12]

======================================================================
LBFGS Parameters
======================================================================
memory:     5
curvature:  70.0
max_step:   0.2
max_iter:   256
write_traj: False
traj_every: 1
verbose:    0
======================================================================


                             Coordinates                              
----------------------------------------------------------------------
0    C               -3.6453              -1.4787               1.1804
1    C               -2.2877              -1.3782               1.3258
2    C               -1.5630              -0.3394               0.6824
3    C               -2.2694               0.5917              -0.1219
4    C               -3.6795               0.4669              -0.2521
5    C               -4.3519              -0.5425               0.3841
6    H                0.3742              -0.9264               1.4466
7    H               -4.1933              -2.2746               1.6785
8    H               -1.7423              -2.0931               1.9391
9    C               -0.1533              -0.2039               0.8252
10   C               -1.5381               1.6231              -0.7679
11   H               -4.2150               1.1894              -0.8649
12   H               -5.4301              -0.6348               0.2815
13   C               -0.1830               1.7226              -0.6115
14   C                0.5372               0.8083               0.2049
15   H               -2.0752               2.3385              -1.3866
16   H                0.3643               2.5196              -1.1111
17   C                2.0355               0.9601               0.3397
18   C                2.8327               0.1715              -0.7138
19   H                2.3393               0.5921               1.3253
20   H                2.3216               2.0178               0.3129
21   H                3.2283               0.8308              -1.4939
22   H                2.2450              -0.6103              -1.2047
23   C                4.0742              -0.4740              -0.1290
24   O                4.4676              -0.3887               1.0104
25   O                4.7531              -1.1547              -1.0750
26   H                5.5396              -1.5166              -0.6343


Energy:                 -652.918516 Convergence criteria  Is converged 
Maximum Force:             0.002468     0.002850  Yes
RMS Force:                 0.001127     0.001900  Yes
Maximum Displacement:      0.002173     0.003150  Yes
RMS Displacement:          0.000983     0.002100  Yes

LBFGS converged at iteration 13.
Final frame written to /home/hungn/Desktop/MyRepo/MLP/MAPLE/maple/function/dispatcher/parmfit/example/corr2_torsionfit_18-19_opt.xyz
Complete trajectory written to /home/hungn/Desktop/MyRepo/MLP/MAPLE/maple/function/dispatcher/parmfit/example/corr2_torsionfit_18-19_traj.xyz

----------------------------------------------------------------------
            Scanning combination 59/73: [469.12]

======================================================================
LBFGS Parameters
======================================================================
memory:     5
curvature:  70.0
max_step:   0.2
max_iter:   256
write_traj: False
traj_every: 1
verbose:    0
======================================================================


                             Coordinates                              
----------------------------------------------------------------------
0    C               -3.6408              -1.4834               1.1862
1    C               -2.2827              -1.3832               1.3327
2    C               -1.5551              -0.3457               0.6884
3    C               -2.2611               0.5847              -0.1172
4    C               -3.6706               0.4586              -0.2503
5    C               -4.3453              -0.5488               0.3850
6    H                0.3825              -0.9201               1.4615
7    H               -4.1900              -2.2799               1.6823
8    H               -1.7411              -2.1003               1.9477
9    C               -0.1436              -0.2065               0.8293
10   C               -1.5323               1.6140              -0.7687
11   H               -4.2043               1.1794              -0.8670
12   H               -5.4238              -0.6410               0.2821
13   C               -0.1775               1.7164              -0.6139
14   C                0.5449               0.8053               0.2037
15   H               -2.0732               2.3252              -1.3882
16   H                0.3684               2.5168              -1.1088
17   C                2.0417               0.9852               0.3312
18   C                2.8630               0.2342              -0.7357
19   H                2.3791               0.6511               1.3186
20   H                2.2787               2.0530               0.2804
21   H                3.3110               0.9367              -1.4496
22   H                2.2691              -0.4889              -1.3019
23   C                4.0443              -0.4986              -0.1349
24   O                4.3882              -0.4715               1.0235
25   O                4.7369              -1.1781              -1.0712
26   H                5.5023              -1.5565              -0.6081


Energy:                 -652.917768 Convergence criteria  Is converged 
Maximum Force:             0.002781     0.002850  Yes
RMS Force:                 0.001852     0.001900  Yes
Maximum Displacement:      0.002797     0.003150  Yes
RMS Displacement:          0.001411     0.002100  Yes

LBFGS converged at iteration 19.
Final frame written to /home/hungn/Desktop/MyRepo/MLP/MAPLE/maple/function/dispatcher/parmfit/example/corr2_torsionfit_18-19_opt.xyz
Complete trajectory written to /home/hungn/Desktop/MyRepo/MLP/MAPLE/maple/function/dispatcher/parmfit/example/corr2_torsionfit_18-19_traj.xyz

----------------------------------------------------------------------
            Scanning combination 60/73: [474.12]

======================================================================
LBFGS Parameters
======================================================================
memory:     5
curvature:  70.0
max_step:   0.2
max_iter:   256
write_traj: False
traj_every: 1
verbose:    0
======================================================================


                             Coordinates                              
----------------------------------------------------------------------
0    C               -3.5817              -1.4982               1.2023
1    C               -2.2239              -1.3770               1.3383
2    C               -1.5166              -0.3371               0.6757
3    C               -2.2420               0.5701              -0.1393
4    C               -3.6511               0.4249              -0.2598
5    C               -4.3056              -0.5834               0.3959
6    H                0.4342              -0.8679               1.4476
7    H               -4.1160              -2.2951               1.7145
8    H               -1.6667              -2.0756               1.9594
9    C               -0.1099              -0.1676               0.8155
10   C               -1.5326               1.6041              -0.8043
11   H               -4.1991               1.1328              -0.8794
12   H               -5.3831              -0.6910               0.3020
13   C               -0.1804               1.7372              -0.6479
14   C                0.5574               0.8564               0.1883
15   H               -2.0862               2.2988              -1.4327
16   H                0.3496               2.5379              -1.1586
17   C                2.0476               1.0575               0.3511
18   C                2.8913               0.3345              -0.7170
19   H                2.3600               0.6967               1.3361
20   H                2.2721               2.1296               0.3339
21   H                3.4184               1.0416              -1.3651
22   H                2.2816              -0.2946              -1.3728
23   C                3.9595              -0.5547              -0.1203
24   O                4.1756              -0.7309               1.0551
25   O                4.6861              -1.1625              -1.0788
26   H                5.3096              -1.7395              -0.6068


Energy:                 -652.917965 Convergence criteria  Is converged 
Maximum Force:             0.002488     0.002850  Yes
RMS Force:                 0.001201     0.001900  Yes
Maximum Displacement:      0.002114     0.003150  Yes
RMS Displacement:          0.001089     0.002100  Yes

LBFGS converged at iteration 27.
Final frame written to /home/hungn/Desktop/MyRepo/MLP/MAPLE/maple/function/dispatcher/parmfit/example/corr2_torsionfit_18-19_opt.xyz
Complete trajectory written to /home/hungn/Desktop/MyRepo/MLP/MAPLE/maple/function/dispatcher/parmfit/example/corr2_torsionfit_18-19_traj.xyz

----------------------------------------------------------------------
            Scanning combination 61/73: [479.12]

======================================================================
LBFGS Parameters
======================================================================
memory:     5
curvature:  70.0
max_step:   0.2
max_iter:   256
write_traj: False
traj_every: 1
verbose:    0
======================================================================


                             Coordinates                              
----------------------------------------------------------------------
0    C               -3.5783              -1.4995               1.2021
1    C               -2.2212              -1.3763               1.3382
2    C               -1.5154              -0.3347               0.6780
3    C               -2.2411               0.5714              -0.1383
4    C               -3.6493               0.4214              -0.2608
5    C               -4.3034              -0.5872               0.3945
6    H                0.4297              -0.8688               1.4552
7    H               -4.1118              -2.2958               1.7150
8    H               -1.6624              -2.0736               1.9593
9    C               -0.1089              -0.1658               0.8211
10   C               -1.5310               1.6043              -0.8045
11   H               -4.1987               1.1261              -0.8825
12   H               -5.3812              -0.6954               0.3017
13   C               -0.1794               1.7378              -0.6438
14   C                0.5580               0.8582               0.1954
15   H               -2.0819               2.2959              -1.4385
16   H                0.3533               2.5372              -1.1539
17   C                2.0478               1.0689               0.3462
18   C                2.8894               0.3366              -0.7158
19   H                2.3695               0.7035               1.3263
20   H                2.2757               2.1403               0.3304
21   H                3.4754               1.0400              -1.3170
22   H                2.2862              -0.2584              -1.4074
23   C                3.9382              -0.5754              -0.1081
24   O                4.1651              -0.7431               1.0668
25   O                4.6563              -1.1835              -1.0736
26   H                5.3245              -1.7212              -0.6174


Energy:                 -652.917481 Convergence criteria  Is converged 
Maximum Force:             0.002089     0.002850  Yes
RMS Force:                 0.001005     0.001900  Yes
Maximum Displacement:      0.001374     0.003150  Yes
RMS Displacement:          0.000732     0.002100  Yes

LBFGS converged at iteration 9.
Final frame written to /home/hungn/Desktop/MyRepo/MLP/MAPLE/maple/function/dispatcher/parmfit/example/corr2_torsionfit_18-19_opt.xyz
Complete trajectory written to /home/hungn/Desktop/MyRepo/MLP/MAPLE/maple/function/dispatcher/parmfit/example/corr2_torsionfit_18-19_traj.xyz

----------------------------------------------------------------------
            Scanning combination 62/73: [484.12]

======================================================================
LBFGS Parameters
======================================================================
memory:     5
curvature:  70.0
max_step:   0.2
max_iter:   256
write_traj: False
traj_every: 1
verbose:    0
======================================================================


                             Coordinates                              
----------------------------------------------------------------------
0    C               -3.4649              -1.5273               1.2154
1    C               -2.1129              -1.3608               1.3458
2    C               -1.4442              -0.3088               0.6654
3    C               -2.1934               0.5595              -0.1702
4    C               -3.5959               0.3592              -0.2909
5    C               -4.2174              -0.6548               0.3890
6    H                0.5206              -0.7664               1.4487
7    H               -3.9724              -2.3283               1.7462
8    H               -1.5286              -2.0274               1.9776
9    C               -0.0486              -0.0888               0.8144
10   C               -1.5096               1.6028              -0.8516
11   H               -4.1693               1.0301              -0.9273
12   H               -5.2912              -0.7987               0.3006
13   C               -0.1651               1.7929              -0.6748
14   C                0.5854               0.9583               0.1972
15   H               -2.0761               2.2577              -1.5110
16   H                0.3458               2.5961              -1.2016
17   C                2.0662               1.1851               0.4034
18   C                2.9245               0.4828              -0.6654
19   H                2.3623               0.8227               1.3929
20   H                2.2663               2.2620               0.3883
21   H                3.5876               1.1832              -1.1849
22   H                2.2979               0.0557              -1.4575
23   C                3.7549              -0.6571              -0.1213
24   O                3.7656              -1.0594               1.0180
25   O                4.5098              -1.2154              -1.0888
26   H                5.0051              -1.9355              -0.6641


Energy:                 -652.918201 Convergence criteria  Is converged 
Maximum Force:             0.001500     0.002850  Yes
RMS Force:                 0.000779     0.001900  Yes
Maximum Displacement:      0.001812     0.003150  Yes
RMS Displacement:          0.000803     0.002100  Yes

LBFGS converged at iteration 43.
Final frame written to /home/hungn/Desktop/MyRepo/MLP/MAPLE/maple/function/dispatcher/parmfit/example/corr2_torsionfit_18-19_opt.xyz
Complete trajectory written to /home/hungn/Desktop/MyRepo/MLP/MAPLE/maple/function/dispatcher/parmfit/example/corr2_torsionfit_18-19_traj.xyz

----------------------------------------------------------------------
            Scanning combination 63/73: [489.12]

======================================================================
LBFGS Parameters
======================================================================
memory:     5
curvature:  70.0
max_step:   0.2
max_iter:   256
write_traj: False
traj_every: 1
verbose:    0
======================================================================


                             Coordinates                              
----------------------------------------------------------------------
0    C               -3.4658              -1.5357               1.2099
1    C               -2.1151              -1.3649               1.3568
2    C               -1.4378              -0.3120               0.6837
3    C               -2.1845               0.5539              -0.1576
4    C               -3.5850               0.3522              -0.2937
5    C               -4.2121              -0.6643               0.3765
6    H                0.5245              -0.7645               1.4804
7    H               -3.9778              -2.3400               1.7325
8    H               -1.5397              -2.0318               1.9962
9    C               -0.0400              -0.0907               0.8366
10   C               -1.5035               1.6019              -0.8319
11   H               -4.1505               1.0238              -0.9372
12   H               -5.2843              -0.8104               0.2751
13   C               -0.1613               1.7933              -0.6516
14   C                0.5939               0.9515               0.2082
15   H               -2.0706               2.2566              -1.4902
16   H                0.3503               2.6036              -1.1663
17   C                2.0762               1.1965               0.3812
18   C                2.9362               0.4923              -0.6822
19   H                2.4036               0.8706               1.3720
20   H                2.2529               2.2754               0.3309
21   H                3.6428               1.1825              -1.1559
22   H                2.3234               0.1091              -1.5059
23   C                3.7138              -0.6766              -0.1301
24   O                3.6720              -1.0829               1.0068
25   O                4.4970              -1.2369              -1.0730
26   H                4.9881              -1.9494              -0.6313


Energy:                 -652.918904 Convergence criteria  Is converged 
Maximum Force:             0.002449     0.002850  Yes
RMS Force:                 0.001013     0.001900  Yes
Maximum Displacement:      0.001325     0.003150  Yes
RMS Displacement:          0.000702     0.002100  Yes

LBFGS converged at iteration 20.
Final frame written to /home/hungn/Desktop/MyRepo/MLP/MAPLE/maple/function/dispatcher/parmfit/example/corr2_torsionfit_18-19_opt.xyz
Complete trajectory written to /home/hungn/Desktop/MyRepo/MLP/MAPLE/maple/function/dispatcher/parmfit/example/corr2_torsionfit_18-19_traj.xyz

----------------------------------------------------------------------
            Scanning combination 64/73: [494.12]

======================================================================
LBFGS Parameters
======================================================================
memory:     5
curvature:  70.0
max_step:   0.2
max_iter:   256
write_traj: False
traj_every: 1
verbose:    0
======================================================================


                             Coordinates                              
----------------------------------------------------------------------
0    C               -3.4389              -1.5473               1.2118
1    C               -2.0891              -1.3666               1.3619
2    C               -1.4152              -0.3140               0.6847
3    C               -2.1696               0.5495              -0.1517
4    C               -3.5676               0.3370              -0.2926
5    C               -4.1890              -0.6850               0.3730
6    H                0.5527              -0.7652               1.4656
7    H               -3.9477              -2.3530               1.7354
8    H               -1.5141              -2.0277               2.0077
9    C               -0.0148              -0.0897               0.8268
10   C               -1.4984               1.6043              -0.8241
11   H               -4.1353               1.0055              -0.9370
12   H               -5.2592              -0.8413               0.2653
13   C               -0.1560               1.8001              -0.6536
14   C                0.6099               0.9603               0.1998
15   H               -2.0747               2.2617              -1.4716
16   H                0.3463               2.6177              -1.1671
17   C                2.0873               1.2405               0.3731
18   C                2.9654               0.5298              -0.6689
19   H                2.4164               0.9549               1.3764
20   H                2.2341               2.3219               0.2830
21   H                3.7176               1.2054              -1.0913
22   H                2.3660               0.2048              -1.5271
23   C                3.6487              -0.7044              -0.1293
24   O                3.4820              -1.1860               0.9666
25   O                4.4849              -1.2487              -1.0352
26   H                4.8815              -2.0248              -0.6041


Energy:                 -652.919999 Convergence criteria  Is converged 
Maximum Force:             0.002336     0.002850  Yes
RMS Force:                 0.001153     0.001900  Yes
Maximum Displacement:      0.001705     0.003150  Yes
RMS Displacement:          0.000863     0.002100  Yes

LBFGS converged at iteration 21.
Final frame written to /home/hungn/Desktop/MyRepo/MLP/MAPLE/maple/function/dispatcher/parmfit/example/corr2_torsionfit_18-19_opt.xyz
Complete trajectory written to /home/hungn/Desktop/MyRepo/MLP/MAPLE/maple/function/dispatcher/parmfit/example/corr2_torsionfit_18-19_traj.xyz

----------------------------------------------------------------------
            Scanning combination 65/73: [499.12]

======================================================================
LBFGS Parameters
======================================================================
memory:     5
curvature:  70.0
max_step:   0.2
max_iter:   256
write_traj: False
traj_every: 1
verbose:    0
======================================================================


                             Coordinates                              
----------------------------------------------------------------------
0    C               -3.4377              -1.5476               1.2119
1    C               -2.0878              -1.3681               1.3620
2    C               -1.4141              -0.3157               0.6852
3    C               -2.1689               0.5469              -0.1521
4    C               -3.5671               0.3365              -0.2920
5    C               -4.1889              -0.6851               0.3741
6    H                0.5529              -0.7693               1.4682
7    H               -3.9464              -2.3532               1.7354
8    H               -1.5124              -2.0286               2.0087
9    C               -0.0143              -0.0918               0.8313
10   C               -1.4989               1.6022              -0.8239
11   H               -4.1343               1.0051              -0.9368
12   H               -5.2591              -0.8418               0.2651
13   C               -0.1576               1.7977              -0.6495
14   C                0.6086               0.9586               0.2051
15   H               -2.0726               2.2616              -1.4712
16   H                0.3474               2.6129              -1.1633
17   C                2.0853               1.2457               0.3672
18   C                2.9620               0.5248              -0.6684
19   H                2.4229               0.9663               1.3700
20   H                2.2316               2.3266               0.2748
21   H                3.7642               1.1732              -1.0367
22   H                2.3881               0.2337              -1.5556
23   C                3.6288              -0.7174              -0.1240
24   O                3.4736              -1.1930               0.9754
25   O                4.4745              -1.2486              -1.0300
26   H                4.8784              -2.0229              -0.6046


Energy:                 -652.920456 Convergence criteria  Is converged 
Maximum Force:             0.002850     0.002850  Yes
RMS Force:                 0.001137     0.001900  Yes
Maximum Displacement:      0.001887     0.003150  Yes
RMS Displacement:          0.000700     0.002100  Yes

LBFGS converged at iteration 12.
Final frame written to /home/hungn/Desktop/MyRepo/MLP/MAPLE/maple/function/dispatcher/parmfit/example/corr2_torsionfit_18-19_opt.xyz
Complete trajectory written to /home/hungn/Desktop/MyRepo/MLP/MAPLE/maple/function/dispatcher/parmfit/example/corr2_torsionfit_18-19_traj.xyz

----------------------------------------------------------------------
            Scanning combination 66/73: [504.12]

======================================================================
LBFGS Parameters
======================================================================
memory:     5
curvature:  70.0
max_step:   0.2
max_iter:   256
write_traj: False
traj_every: 1
verbose:    0
======================================================================


                             Coordinates                              
----------------------------------------------------------------------
0    C               -3.3678              -1.5739               1.2162
1    C               -2.0216              -1.3680               1.3550
2    C               -1.3763              -0.3037               0.6699
3    C               -2.1460               0.5438              -0.1653
4    C               -3.5414               0.3049              -0.2950
5    C               -4.1383              -0.7268               0.3801
6    H                0.5970              -0.7225               1.4456
7    H               -3.8569              -2.3860               1.7482
8    H               -1.4253              -2.0131               1.9980
9    C                0.0165              -0.0551               0.8144
10   C               -1.4919               1.6079              -0.8425
11   H               -4.1275               0.9610              -0.9349
12   H               -5.2069              -0.9007               0.2848
13   C               -0.1520               1.8280              -0.6713
14   C                0.6257               1.0046               0.1881
15   H               -2.0807               2.2540              -1.4907
16   H                0.3336               2.6508              -1.1933
17   C                2.0986               1.2984               0.3815
18   C                3.0013               0.5763              -0.6284
19   H                2.4114               1.0207               1.3935
20   H                2.2471               2.3793               0.2843
21   H                3.8615               1.1920              -0.9186
22   H                2.4663               0.3768              -1.5647
23   C                3.5039              -0.7525              -0.1219
24   O                3.1963              -1.2819               0.9205
25   O                4.3684              -1.3157              -0.9875
26   H                4.6369              -2.1615              -0.5928


Energy:                 -652.921859 Convergence criteria  Is converged 
Maximum Force:             0.001235     0.002850  Yes
RMS Force:                 0.000769     0.001900  Yes
Maximum Displacement:      0.000875     0.003150  Yes
RMS Displacement:          0.000575     0.002100  Yes

LBFGS converged at iteration 37.
Final frame written to /home/hungn/Desktop/MyRepo/MLP/MAPLE/maple/function/dispatcher/parmfit/example/corr2_torsionfit_18-19_opt.xyz
Complete trajectory written to /home/hungn/Desktop/MyRepo/MLP/MAPLE/maple/function/dispatcher/parmfit/example/corr2_torsionfit_18-19_traj.xyz

----------------------------------------------------------------------
            Scanning combination 67/73: [509.12]

======================================================================
LBFGS Parameters
======================================================================
memory:     5
curvature:  70.0
max_step:   0.2
max_iter:   256
write_traj: False
traj_every: 1
verbose:    0
======================================================================


                             Coordinates                              
----------------------------------------------------------------------
0    C               -3.3668              -1.5741               1.2158
1    C               -2.0209              -1.3686               1.3557
2    C               -1.3750              -0.3038               0.6734
3    C               -2.1457               0.5418              -0.1639
4    C               -3.5410               0.3042              -0.2949
5    C               -4.1386              -0.7268               0.3808
6    H                0.5967              -0.7254               1.4540
7    H               -3.8556              -2.3881               1.7452
8    H               -1.4238              -2.0141               1.9978
9    C                0.0180              -0.0560               0.8224
10   C               -1.4921               1.6056              -0.8406
11   H               -4.1266               0.9586              -0.9374
12   H               -5.2063              -0.9030               0.2815
13   C               -0.1534               1.8253              -0.6644
14   C                0.6257               1.0016               0.1939
15   H               -2.0748               2.2527              -1.4929
16   H                0.3343               2.6490              -1.1816
17   C                2.0972               1.3051               0.3723
18   C                3.0003               0.5743              -0.6289
19   H                2.4167               1.0376               1.3850
20   H                2.2431               2.3849               0.2694
21   H                3.8963               1.1645              -0.8568
22   H                2.4971               0.4164              -1.5899
23   C                3.4857              -0.7656              -0.1216
24   O                3.1950              -1.2906               0.9281
25   O                4.3463              -1.3298              -0.9909
26   H                4.6379              -2.1635              -0.5868


Energy:                 -652.922320 Convergence criteria  Is converged 
Maximum Force:             0.002343     0.002850  Yes
RMS Force:                 0.001157     0.001900  Yes
Maximum Displacement:      0.001673     0.003150  Yes
RMS Displacement:          0.000880     0.002100  Yes

LBFGS converged at iteration 14.
Final frame written to /home/hungn/Desktop/MyRepo/MLP/MAPLE/maple/function/dispatcher/parmfit/example/corr2_torsionfit_18-19_opt.xyz
Complete trajectory written to /home/hungn/Desktop/MyRepo/MLP/MAPLE/maple/function/dispatcher/parmfit/example/corr2_torsionfit_18-19_traj.xyz

----------------------------------------------------------------------
            Scanning combination 68/73: [514.12]

======================================================================
LBFGS Parameters
======================================================================
memory:     5
curvature:  70.0
max_step:   0.2
max_iter:   256
write_traj: False
traj_every: 1
verbose:    0
======================================================================


                             Coordinates                              
----------------------------------------------------------------------
0    C               -3.3681              -1.5783               1.2163
1    C               -2.0216              -1.3714               1.3591
2    C               -1.3740              -0.3066               0.6786
3    C               -2.1441               0.5387              -0.1597
4    C               -3.5391               0.3003              -0.2938
5    C               -4.1375              -0.7305               0.3796
6    H                0.5944              -0.7286               1.4631
7    H               -3.8576              -2.3919               1.7451
8    H               -1.4264              -2.0183               2.0009
9    C                0.0197              -0.0598               0.8275
10   C               -1.4904               1.6021              -0.8364
11   H               -4.1226               0.9563              -0.9372
12   H               -5.2059              -0.9051               0.2806
13   C               -0.1524               1.8207              -0.6604
14   C                0.6292               0.9953               0.1946
15   H               -2.0735               2.2482              -1.4896
16   H                0.3358               2.6475              -1.1731
17   C                2.0987               1.3145               0.3645
18   C                3.0237               0.5905              -0.6186
19   H                2.4300               1.0661               1.3789
20   H                2.2288               2.3939               0.2392
21   H                3.9441               1.1679              -0.7648
22   H                2.5819               0.4779              -1.6143
23   C                3.4687              -0.7664              -0.1266
24   O                3.1670              -1.2855               0.9225
25   O                4.3196              -1.3438              -0.9973
26   H                4.6209              -2.1692              -0.5835


Energy:                 -652.922551 Convergence criteria  Is converged 
Maximum Force:             0.002808     0.002850  Yes
RMS Force:                 0.001315     0.001900  Yes
Maximum Displacement:      0.002735     0.003150  Yes
RMS Displacement:          0.000921     0.002100  Yes

LBFGS converged at iteration 14.
Final frame written to /home/hungn/Desktop/MyRepo/MLP/MAPLE/maple/function/dispatcher/parmfit/example/corr2_torsionfit_18-19_opt.xyz
Complete trajectory written to /home/hungn/Desktop/MyRepo/MLP/MAPLE/maple/function/dispatcher/parmfit/example/corr2_torsionfit_18-19_traj.xyz

----------------------------------------------------------------------
            Scanning combination 69/73: [519.12]

======================================================================
LBFGS Parameters
======================================================================
memory:     5
curvature:  70.0
max_step:   0.2
max_iter:   256
write_traj: False
traj_every: 1
verbose:    0
======================================================================


                             Coordinates                              
----------------------------------------------------------------------
0    C               -3.3614              -1.5858               1.2191
1    C               -2.0152              -1.3767               1.3651
2    C               -1.3655              -0.3120               0.6822
3    C               -2.1373               0.5303              -0.1578
4    C               -3.5326               0.2911              -0.2915
5    C               -4.1312              -0.7403               0.3803
6    H                0.6077              -0.7173               1.4699
7    H               -3.8516              -2.4011               1.7453
8    H               -1.4250              -2.0245               2.0116
9    C                0.0289              -0.0597               0.8271
10   C               -1.4875               1.5951              -0.8351
11   H               -4.1147               0.9463              -0.9365
12   H               -5.1991              -0.9179               0.2772
13   C               -0.1494               1.8164              -0.6652
14   C                0.6395               0.9903               0.1823
15   H               -2.0792               2.2414              -1.4810
16   H                0.3277               2.6517              -1.1738
17   C                2.1074               1.3308               0.3550
18   C                3.0720               0.6124              -0.5967
19   H                2.4292               1.1277               1.3819
20   H                2.2151               2.4083               0.1934
21   H                4.0158               1.1736              -0.6586
22   H                2.6791               0.5527              -1.6172
23   C                3.4464              -0.7750              -0.1364
24   O                3.1051              -1.2954               0.8998
25   O                4.2797              -1.3826              -1.0041
26   H                4.5185              -2.2311              -0.5969


Energy:                 -652.922803 Convergence criteria  Is converged 
Maximum Force:             0.002054     0.002850  Yes
RMS Force:                 0.001390     0.001900  Yes
Maximum Displacement:      0.001308     0.003150  Yes
RMS Displacement:          0.000738     0.002100  Yes

LBFGS converged at iteration 20.
Final frame written to /home/hungn/Desktop/MyRepo/MLP/MAPLE/maple/function/dispatcher/parmfit/example/corr2_torsionfit_18-19_opt.xyz
Complete trajectory written to /home/hungn/Desktop/MyRepo/MLP/MAPLE/maple/function/dispatcher/parmfit/example/corr2_torsionfit_18-19_traj.xyz

----------------------------------------------------------------------
            Scanning combination 70/73: [524.12]

======================================================================
LBFGS Parameters
======================================================================
memory:     5
curvature:  70.0
max_step:   0.2
max_iter:   256
write_traj: False
traj_every: 1
verbose:    0
======================================================================


                             Coordinates                              
----------------------------------------------------------------------
0    C               -3.3544              -1.5854               1.2180
1    C               -2.0089              -1.3744               1.3629
2    C               -1.3603              -0.3107               0.6804
3    C               -2.1363               0.5293              -0.1584
4    C               -3.5306               0.2887              -0.2936
5    C               -4.1277              -0.7430               0.3803
6    H                0.6132              -0.7210               1.4686
7    H               -3.8430              -2.4000               1.7463
8    H               -1.4158              -2.0182               2.0095
9    C                0.0345              -0.0603               0.8276
10   C               -1.4892               1.5944              -0.8362
11   H               -4.1152               0.9431              -0.9375
12   H               -5.1950              -0.9215               0.2777
13   C               -0.1516               1.8145              -0.6663
14   C                0.6388               0.9931               0.1858
15   H               -2.0757               2.2419              -1.4841
16   H                0.3273               2.6476              -1.1768
17   C                2.1032               1.3474               0.3492
18   C                3.0666               0.6146              -0.5906
19   H                2.4237               1.1251               1.3728
20   H                2.2211               2.4265               0.2037
21   H                4.0373               1.1303              -0.5980
22   H                2.7001               0.5680              -1.6215
23   C                3.4321              -0.7796              -0.1241
24   O                3.1064              -1.3085               0.9126
25   O                4.2661              -1.3768              -0.9996
26   H                4.4955              -2.2374              -0.6117


Energy:                 -652.922444 Convergence criteria  Is converged 
Maximum Force:             0.002664     0.002850  Yes
RMS Force:                 0.001479     0.001900  Yes
Maximum Displacement:      0.000997     0.003150  Yes
RMS Displacement:          0.000502     0.002100  Yes

LBFGS converged at iteration 8.
Final frame written to /home/hungn/Desktop/MyRepo/MLP/MAPLE/maple/function/dispatcher/parmfit/example/corr2_torsionfit_18-19_opt.xyz
Complete trajectory written to /home/hungn/Desktop/MyRepo/MLP/MAPLE/maple/function/dispatcher/parmfit/example/corr2_torsionfit_18-19_traj.xyz

----------------------------------------------------------------------
            Scanning combination 71/73: [529.12]

======================================================================
LBFGS Parameters
======================================================================
memory:     5
curvature:  70.0
max_step:   0.2
max_iter:   256
write_traj: False
traj_every: 1
verbose:    0
======================================================================


                             Coordinates                              
----------------------------------------------------------------------
0    C               -3.3420              -1.5955               1.2238
1    C               -1.9971              -1.3775               1.3681
2    C               -1.3511              -0.3121               0.6823
3    C               -2.1312               0.5230              -0.1571
4    C               -3.5249               0.2765              -0.2905
5    C               -4.1184              -0.7569               0.3832
6    H                0.6253              -0.7094               1.4643
7    H               -3.8284              -2.4123               1.7528
8    H               -1.4031              -2.0218               2.0146
9    C                0.0442              -0.0551               0.8208
10   C               -1.4890               1.5879              -0.8403
11   H               -4.1124               0.9257              -0.9377
12   H               -5.1854              -0.9404               0.2822
13   C               -0.1514               1.8145              -0.6764
14   C                0.6480               0.9957               0.1693
15   H               -2.0821               2.2297              -1.4882
16   H                0.3176               2.6553              -1.1835
17   C                2.1095               1.3690               0.3524
18   C                3.1256               0.6470              -0.5414
19   H                2.4040               1.1922               1.3931
20   H                2.2039               2.4447               0.1696
21   H                4.1049               1.1413              -0.4492
22   H                2.8452               0.6743              -1.5987
23   C                3.3971              -0.7812              -0.1299
24   O                3.0328              -1.3107               0.8933
25   O                4.1907              -1.4115              -1.0196
26   H                4.3846              -2.2807              -0.6314


Energy:                 -652.922470 Convergence criteria  Is converged 
Maximum Force:             0.002523     0.002850  Yes
RMS Force:                 0.001603     0.001900  Yes
Maximum Displacement:      0.002915     0.003150  Yes
RMS Displacement:          0.001445     0.002100  Yes

LBFGS converged at iteration 21.
Final frame written to /home/hungn/Desktop/MyRepo/MLP/MAPLE/maple/function/dispatcher/parmfit/example/corr2_torsionfit_18-19_opt.xyz
Complete trajectory written to /home/hungn/Desktop/MyRepo/MLP/MAPLE/maple/function/dispatcher/parmfit/example/corr2_torsionfit_18-19_traj.xyz

----------------------------------------------------------------------
            Scanning combination 72/73: [534.12]

======================================================================
LBFGS Parameters
======================================================================
memory:     5
curvature:  70.0
max_step:   0.2
max_iter:   256
write_traj: False
traj_every: 1
verbose:    0
======================================================================


                             Coordinates                              
----------------------------------------------------------------------
0    C               -3.3112              -1.6045               1.2293
1    C               -1.9668              -1.3771               1.3669
2    C               -1.3340              -0.3080               0.6750
3    C               -2.1199               0.5182              -0.1675
4    C               -3.5127               0.2606              -0.2947
5    C               -4.0944              -0.7736               0.3882
6    H                0.6486              -0.6882               1.4520
7    H               -3.7877              -2.4238               1.7628
8    H               -1.3634              -2.0125               2.0128
9    C                0.0559              -0.0374               0.8159
10   C               -1.4844               1.5841              -0.8561
11   H               -4.1067               0.9010              -0.9444
12   H               -5.1596              -0.9676               0.2897
13   C               -0.1491               1.8260              -0.6886
14   C                0.6517               1.0169               0.1656
15   H               -2.0831               2.2173              -1.5080
16   H                0.3149               2.6667              -1.2012
17   C                2.1096               1.3902               0.3624
18   C                3.1373               0.6520              -0.5036
19   H                2.3879               1.2355               1.4114
20   H                2.2144               2.4612               0.1656
21   H                4.1267               1.0996              -0.3273
22   H                2.9294               0.7220              -1.5758
23   C                3.3344              -0.7957              -0.1294
24   O                2.9568              -1.3230               0.8900
25   O                4.0806              -1.4494              -1.0436
26   H                4.2415              -2.3341              -0.6753


Energy:                 -652.922354 Convergence criteria  Is converged 
Maximum Force:             0.002815     0.002850  Yes
RMS Force:                 0.001587     0.001900  Yes
Maximum Displacement:      0.001990     0.003150  Yes
RMS Displacement:          0.001208     0.002100  Yes

LBFGS converged at iteration 21.
Final frame written to /home/hungn/Desktop/MyRepo/MLP/MAPLE/maple/function/dispatcher/parmfit/example/corr2_torsionfit_18-19_opt.xyz
Complete trajectory written to /home/hungn/Desktop/MyRepo/MLP/MAPLE/maple/function/dispatcher/parmfit/example/corr2_torsionfit_18-19_traj.xyz

----------------------------------------------------------------------
            Scanning combination 73/73: [539.12]

======================================================================
LBFGS Parameters
======================================================================
memory:     5
curvature:  70.0
max_step:   0.2
max_iter:   256
write_traj: False
traj_every: 1
verbose:    0
======================================================================


                             Coordinates                              
----------------------------------------------------------------------
0    C               -3.3080              -1.6053               1.2280
1    C               -1.9648              -1.3773               1.3663
2    C               -1.3320              -0.3084               0.6755
3    C               -2.1188               0.5154              -0.1682
4    C               -3.5107               0.2576              -0.2964
5    C               -4.0934              -0.7768               0.3868
6    H                0.6500              -0.6918               1.4568
7    H               -3.7847              -2.4232               1.7632
8    H               -1.3599              -2.0103               2.0136
9    C                0.0587              -0.0389               0.8220
10   C               -1.4851               1.5829              -0.8560
11   H               -4.1054               0.8996              -0.9436
12   H               -5.1587              -0.9688               0.2899
13   C               -0.1508               1.8225              -0.6848
14   C                0.6509               1.0172               0.1716
15   H               -2.0801               2.2177              -1.5088
16   H                0.3163               2.6598              -1.1994
17   C                2.1066               1.4044               0.3513
18   C                3.1362               0.6524              -0.4989
19   H                2.3886               1.2385               1.3983
20   H                2.2153               2.4767               0.1609
21   H                4.1334               1.0522              -0.2699
22   H                2.9695               0.7440              -1.5755
23   C                3.3193              -0.8021              -0.1246
24   O                2.9501              -1.3354               0.8961
25   O                4.0688              -1.4485              -1.0411
26   H                4.2249              -2.3386              -0.6846


Energy:                 -652.921387 Convergence criteria  Is converged 
Maximum Force:             0.002307     0.002850  Yes
RMS Force:                 0.001229     0.001900  Yes
Maximum Displacement:      0.003128     0.003150  Yes
RMS Displacement:          0.001076     0.002100  Yes

LBFGS converged at iteration 10.
Final frame written to /home/hungn/Desktop/MyRepo/MLP/MAPLE/maple/function/dispatcher/parmfit/example/corr2_torsionfit_18-19_opt.xyz
Complete trajectory written to /home/hungn/Desktop/MyRepo/MLP/MAPLE/maple/function/dispatcher/parmfit/example/corr2_torsionfit_18-19_traj.xyz

======================================================================
Scan completed! Total points: 73Results saved to: /home/hungn/Desktop/MyRepo/MLP/MAPLE/maple/function/dispatcher/parmfit/example/corr2_torsionfit_18-19_scan_final.xyz
Energy range: -652.922803 to -652.911791 eV
