
----------------------------------------------------------------------
            Scanning combination 1/37: [92.85]

======================================================================
LBFGS Parameters
======================================================================
memory:     5
curvature:  70.0
max_step:   0.2
max_iter:   256
write_traj: False
traj_every: 1
verbose:    0
======================================================================


                             Coordinates                              
----------------------------------------------------------------------
0    C               -3.4012              -1.5689               0.0547
1    C               -2.1133              -1.5197               0.5163
2    C               -1.3574              -0.3217               0.4278
3    C               -1.9493               0.8278              -0.1503
4    C               -3.2935               0.7541              -0.6111
5    C               -4.0002              -0.4157              -0.5129
6    H                0.4008              -1.1407               1.3675
7    H               -3.9717              -2.4919               0.1168
8    H               -1.6432              -2.3998               0.9505
9    C               -0.0162              -0.2548               0.8919
10   C               -1.1683               2.0117              -0.2478
11   H               -3.7501               1.6398              -1.0484
12   H               -5.0252              -0.4708              -0.8708
13   C                0.1294               2.0359               0.1884
14   C                0.7445               0.8809               0.7456
15   H               -1.6172               2.9030              -0.6808
16   H                0.6987               2.9618               0.1175
17   C                2.2073               0.9055               1.1401
18   C                3.1893               0.5767              -0.0104
19   H                2.3808               0.1932               1.9562
20   H                2.4675               1.8967               1.5281
21   H                4.2176               0.6337               0.3627
22   H                3.0695               1.2885              -0.8317
23   C                2.9691              -0.8013              -0.5829
24   O                2.2995              -1.0671              -1.5518
25   O                3.6031              -1.7563               0.1331
26   H                3.3702              -2.5972              -0.2945


Energy:                 -652.920316 Convergence criteria  Is converged 
Maximum Force:             0.002127     0.002850  Yes
RMS Force:                 0.001133     0.001900  Yes
Maximum Displacement:      0.000030     0.003150  Yes
RMS Displacement:          0.000016     0.002100  Yes

LBFGS converged at iteration 1.
Final frame written to /home/hungn/Desktop/MyRepo/MLP/MAPLE/maple/function/dispatcher/parmfit/example/demo2_torsionfit_v2_torsionfit_15-18_opt.xyz
Complete trajectory written to /home/hungn/Desktop/MyRepo/MLP/MAPLE/maple/function/dispatcher/parmfit/example/demo2_torsionfit_v2_torsionfit_15-18_traj.xyz

----------------------------------------------------------------------
            Scanning combination 2/37: [102.85]

======================================================================
LBFGS Parameters
======================================================================
memory:     5
curvature:  70.0
max_step:   0.2
max_iter:   256
write_traj: False
traj_every: 1
verbose:    0
======================================================================


                             Coordinates                              
----------------------------------------------------------------------
0    C               -3.4668              -1.5367               0.1200
1    C               -2.1767              -1.5251               0.5791
2    C               -1.3716              -0.3620               0.4451
3    C               -1.9196               0.7922              -0.1679
4    C               -3.2661               0.7577              -0.6214
5    C               -4.0208              -0.3779              -0.4824
6    H                0.3836              -1.2225               1.3676
7    H               -4.0764              -2.4329               0.2124
8    H               -1.7462              -2.4075               1.0494
9    C               -0.0270              -0.3276               0.9035
10   C               -1.0933               1.9386              -0.3270
11   H               -3.6833               1.6495              -1.0844
12   H               -5.0454              -0.4031              -0.8447
13   C                0.2004               1.9330               0.1149
14   C                0.7538               0.7904               0.7517
15   H               -1.5049               2.8165              -0.8199
16   H                0.8247               2.8169              -0.0125
17   C                2.1967               0.8202               1.1968
18   C                3.1574               0.6834              -0.0009
19   H                2.3937               0.0169               1.9149
20   H                2.4024               1.7669               1.7089
21   H                4.1937               0.8228               0.3212
22   H                2.9216               1.4322              -0.7617
23   C                3.0139              -0.6796              -0.6308
24   O                2.4653              -0.9327              -1.6745
25   O                3.5480              -1.6434               0.1538
26   H                3.3831              -2.4826              -0.3070


Energy:                 -652.920850 Convergence criteria  Is converged 
Maximum Force:             0.002023     0.002850  Yes
RMS Force:                 0.001168     0.001900  Yes
Maximum Displacement:      0.002739     0.003150  Yes
RMS Displacement:          0.001565     0.002100  Yes

LBFGS converged at iteration 34.
Final frame written to /home/hungn/Desktop/MyRepo/MLP/MAPLE/maple/function/dispatcher/parmfit/example/demo2_torsionfit_v2_torsionfit_15-18_opt.xyz
Complete trajectory written to /home/hungn/Desktop/MyRepo/MLP/MAPLE/maple/function/dispatcher/parmfit/example/demo2_torsionfit_v2_torsionfit_15-18_traj.xyz

----------------------------------------------------------------------
            Scanning combination 3/37: [112.85]

======================================================================
LBFGS Parameters
======================================================================
memory:     5
curvature:  70.0
max_step:   0.2
max_iter:   256
write_traj: False
traj_every: 1
verbose:    0
======================================================================


                             Coordinates                              
----------------------------------------------------------------------
0    C               -3.4954              -1.5292               0.1379
1    C               -2.2122              -1.5177               0.6144
2    C               -1.3996              -0.3606               0.4768
3    C               -1.9281               0.7832              -0.1717
4    C               -3.2740               0.7542              -0.6292
5    C               -4.0344              -0.3764              -0.4876
6    H                0.3131              -1.1939               1.4939
7    H               -4.1121              -2.4184               0.2417
8    H               -1.7913              -2.3947               1.1018
9    C               -0.0643              -0.3227               0.9606
10   C               -1.0816               1.9102              -0.3587
11   H               -3.6842               1.6415              -1.1066
12   H               -5.0614              -0.3959              -0.8439
13   C                0.2229               1.8849               0.0518
14   C                0.7571               0.7505               0.7224
15   H               -1.4910               2.7997              -0.8328
16   H                0.8714               2.7396              -0.1390
17   C                2.1956               0.7623               1.1922
18   C                3.1855               0.7314               0.0114
19   H                2.3959              -0.0973               1.8375
20   H                2.3886               1.6594               1.7932
21   H                4.2084               0.8690               0.3749
22   H                2.9600               1.5054              -0.7258
23   C                3.0653              -0.6138              -0.6620
24   O                2.5339              -0.8456              -1.7200
25   O                3.5830              -1.5938               0.1144
26   H                3.3896              -2.4279              -0.3433


Energy:                 -652.919711 Convergence criteria  Is converged 
Maximum Force:             0.002509     0.002850  Yes
RMS Force:                 0.001855     0.001900  Yes
Maximum Displacement:      0.001859     0.003150  Yes
RMS Displacement:          0.001155     0.002100  Yes

LBFGS converged at iteration 21.
Final frame written to /home/hungn/Desktop/MyRepo/MLP/MAPLE/maple/function/dispatcher/parmfit/example/demo2_torsionfit_v2_torsionfit_15-18_opt.xyz
Complete trajectory written to /home/hungn/Desktop/MyRepo/MLP/MAPLE/maple/function/dispatcher/parmfit/example/demo2_torsionfit_v2_torsionfit_15-18_traj.xyz

----------------------------------------------------------------------
            Scanning combination 4/37: [122.85]

======================================================================
LBFGS Parameters
======================================================================
memory:     5
curvature:  70.0
max_step:   0.2
max_iter:   256
write_traj: False
traj_every: 1
verbose:    0
======================================================================


                             Coordinates                              
----------------------------------------------------------------------
0    C               -3.6396              -1.4434               0.3130
1    C               -2.3565              -1.4692               0.7904
2    C               -1.4646              -0.3932               0.5329
3    C               -1.9207               0.7077              -0.2371
4    C               -3.2603               0.7140              -0.7093
5    C               -4.0979              -0.3369              -0.4460
6    H                0.2158              -1.2418               1.5998
7    H               -4.3124              -2.2768               0.4996
8    H               -1.9981              -2.3153               1.3737
9    C               -0.1249              -0.3929               1.0084
10   C               -1.0162               1.7652              -0.5210
11   H               -3.6029               1.5695              -1.2879
12   H               -5.1188              -0.3301              -0.8179
13   C                0.2660               1.7342              -0.0483
14   C                0.7325               0.6429               0.7342
15   H               -1.3570               2.5980              -1.1331
16   H                0.9378               2.5659              -0.2550
17   C                2.1509               0.6605               1.2608
18   C                3.2040               0.7774               0.1465
19   H                2.3406              -0.2421               1.8515
20   H                2.2706               1.5150               1.9384
21   H                4.1999               0.8794               0.5893
22   H                3.0137               1.6575              -0.4711
23   C                3.2079              -0.4259              -0.7657
24   O                2.8711              -0.4431              -1.9244
25   O                3.6582              -1.5301              -0.1291
26   H                3.6415              -2.2430              -0.7886


Energy:                 -652.920454 Convergence criteria  Is converged 
Maximum Force:             0.001671     0.002850  Yes
RMS Force:                 0.001186     0.001900  Yes
Maximum Displacement:      0.002242     0.003150  Yes
RMS Displacement:          0.001325     0.002100  Yes

LBFGS converged at iteration 39.
Final frame written to /home/hungn/Desktop/MyRepo/MLP/MAPLE/maple/function/dispatcher/parmfit/example/demo2_torsionfit_v2_torsionfit_15-18_opt.xyz
Complete trajectory written to /home/hungn/Desktop/MyRepo/MLP/MAPLE/maple/function/dispatcher/parmfit/example/demo2_torsionfit_v2_torsionfit_15-18_traj.xyz

----------------------------------------------------------------------
            Scanning combination 5/37: [132.85]

======================================================================
LBFGS Parameters
======================================================================
memory:     5
curvature:  70.0
max_step:   0.2
max_iter:   256
write_traj: False
traj_every: 1
verbose:    0
======================================================================


                             Coordinates                              
----------------------------------------------------------------------
0    C               -3.6559              -1.4362               0.3267
1    C               -2.3790              -1.4552               0.8197
2    C               -1.4828              -0.3848               0.5521
3    C               -1.9268               0.7026              -0.2423
4    C               -3.2663               0.7091              -0.7177
5    C               -4.1079              -0.3379              -0.4472
6    H                0.1657              -1.2020               1.6837
7    H               -4.3339              -2.2617               0.5281
8    H               -2.0271              -2.2915               1.4197
9    C               -0.1507              -0.3793               1.0444
10   C               -1.0075               1.7429              -0.5422
11   H               -3.6073               1.5558              -1.3090
12   H               -5.1286              -0.3326              -0.8210
13   C                0.2882               1.6817              -0.1091
14   C                0.7437               0.5999               0.6927
15   H               -1.3510               2.5966              -1.1224
16   H                0.9785               2.4848              -0.3615
17   C                2.1581               0.5982               1.2378
18   C                3.2279               0.8253               0.1604
19   H                2.3629              -0.3503               1.7420
20   H                2.2571               1.3865               1.9946
21   H                4.2098               0.9309               0.6326
22   H                3.0309               1.7224              -0.4287
23   C                3.2526              -0.3601              -0.7745
24   O                2.9184              -0.3666              -1.9333
25   O                3.6721              -1.4776              -0.1370
26   H                3.5991              -2.1974              -0.7845


Energy:                 -652.919007 Convergence criteria  Is converged 
Maximum Force:             0.002161     0.002850  Yes
RMS Force:                 0.001282     0.001900  Yes
Maximum Displacement:      0.002030     0.003150  Yes
RMS Displacement:          0.001052     0.002100  Yes

LBFGS converged at iteration 22.
Final frame written to /home/hungn/Desktop/MyRepo/MLP/MAPLE/maple/function/dispatcher/parmfit/example/demo2_torsionfit_v2_torsionfit_15-18_opt.xyz
Complete trajectory written to /home/hungn/Desktop/MyRepo/MLP/MAPLE/maple/function/dispatcher/parmfit/example/demo2_torsionfit_v2_torsionfit_15-18_traj.xyz

----------------------------------------------------------------------
            Scanning combination 6/37: [142.85]

======================================================================
LBFGS Parameters
======================================================================
memory:     5
curvature:  70.0
max_step:   0.2
max_iter:   256
write_traj: False
traj_every: 1
verbose:    0
======================================================================


                             Coordinates                              
----------------------------------------------------------------------
0    C               -3.7647              -1.3480               0.4608
1    C               -2.4932              -1.3829               0.9672
2    C               -1.5409              -0.3894               0.6064
3    C               -1.9321               0.6415              -0.2859
4    C               -3.2693               0.6737              -0.7669
5    C               -4.1637              -0.2993              -0.4072
6    H                0.0831              -1.1939               1.7861
7    H               -4.4800              -2.1240               0.7229
8    H               -2.1842              -2.1871               1.6324
9    C               -0.2064              -0.4056               1.0932
10   C               -0.9634               1.6006              -0.6791
11   H               -3.5602               1.4717              -1.4470
12   H               -5.1757              -0.2907              -0.8047
13   C                0.3183               1.5460              -0.2026
14   C                0.7246               0.5220               0.6967
15   H               -1.2514               2.3720              -1.3897
16   H                1.0249               2.3140              -0.5085
17   C                2.1298               0.4816               1.2725
18   C                3.2377               0.8390               0.2756
19   H                2.3297              -0.5143               1.6814
20   H                2.1967               1.1845               2.1136
21   H                4.1990               0.8857               0.7988
22   H                3.0618               1.8180              -0.1707
23   C                3.3676              -0.1774              -0.8373
24   O                3.1827               0.0190              -2.0129
25   O                3.7378              -1.3873              -0.3584
26   H                3.8320              -1.9658              -1.1324


Energy:                 -652.918739 Convergence criteria  Is converged 
Maximum Force:             0.002632     0.002850  Yes
RMS Force:                 0.001724     0.001900  Yes
Maximum Displacement:      0.002160     0.003150  Yes
RMS Displacement:          0.001029     0.002100  Yes

LBFGS converged at iteration 35.
Final frame written to /home/hungn/Desktop/MyRepo/MLP/MAPLE/maple/function/dispatcher/parmfit/example/demo2_torsionfit_v2_torsionfit_15-18_opt.xyz
Complete trajectory written to /home/hungn/Desktop/MyRepo/MLP/MAPLE/maple/function/dispatcher/parmfit/example/demo2_torsionfit_v2_torsionfit_15-18_traj.xyz

----------------------------------------------------------------------
            Scanning combination 7/37: [152.85]

======================================================================
LBFGS Parameters
======================================================================
memory:     5
curvature:  70.0
max_step:   0.2
max_iter:   256
write_traj: False
traj_every: 1
verbose:    0
======================================================================


                             Coordinates                              
----------------------------------------------------------------------
0    C               -3.7750              -1.3351               0.4790
1    C               -2.5055              -1.3687               0.9866
2    C               -1.5518              -0.3826               0.6143
3    C               -1.9307               0.6355              -0.2984
4    C               -3.2670               0.6662              -0.7800
5    C               -4.1648              -0.2989              -0.4074
6    H                0.0196              -1.1392               1.8801
7    H               -4.4897              -2.1107               0.7413
8    H               -2.1979              -2.1571               1.6710
9    C               -0.2271              -0.3966               1.1211
10   C               -0.9517               1.5841              -0.6915
11   H               -3.5587               1.4627              -1.4612
12   H               -5.1775              -0.2881              -0.8013
13   C                0.3401               1.4851              -0.2518
14   C                0.7374               0.4574               0.6481
15   H               -1.2378               2.3909              -1.3636
16   H                1.0583               2.2345              -0.5712
17   C                2.1353               0.4204               1.2380
18   C                3.2459               0.8774               0.2889
19   H                2.3638              -0.5897               1.5882
20   H                2.1537               1.0815               2.1160
21   H                4.1918               0.9297               0.8380
22   H                3.0453               1.8625              -0.1344
23   C                3.4055              -0.1225              -0.8387
24   O                3.2115               0.0780              -2.0118
25   O                3.7735              -1.3375              -0.3649
26   H                3.7939              -1.9354              -1.1301


Energy:                 -652.916658 Convergence criteria  Is converged 
Maximum Force:             0.002629     0.002850  Yes
RMS Force:                 0.001697     0.001900  Yes
Maximum Displacement:      0.002448     0.003150  Yes
RMS Displacement:          0.001241     0.002100  Yes

LBFGS converged at iteration 17.
Final frame written to /home/hungn/Desktop/MyRepo/MLP/MAPLE/maple/function/dispatcher/parmfit/example/demo2_torsionfit_v2_torsionfit_15-18_opt.xyz
Complete trajectory written to /home/hungn/Desktop/MyRepo/MLP/MAPLE/maple/function/dispatcher/parmfit/example/demo2_torsionfit_v2_torsionfit_15-18_traj.xyz

----------------------------------------------------------------------
            Scanning combination 8/37: [162.85]

======================================================================
LBFGS Parameters
======================================================================
memory:     5
curvature:  70.0
max_step:   0.2
max_iter:   256
write_traj: False
traj_every: 1
verbose:    0
======================================================================


                             Coordinates                              
----------------------------------------------------------------------
0    C               -3.9043              -1.1847               0.6510
1    C               -2.6337              -1.2462               1.1530
2    C               -1.6149              -0.3893               0.6526
3    C               -1.9329               0.5373              -0.3732
4    C               -3.2671               0.5926              -0.8593
5    C               -4.2260              -0.2524              -0.3676
6    H               -0.0684              -1.1422               1.9466
7    H               -4.6755              -1.8544               1.0236
8    H               -2.3818              -1.9530               1.9412
9    C               -0.2856              -0.4406               1.1414
10   C               -0.8979               1.3669              -0.8742
11   H               -3.5138               1.3200              -1.6289
12   H               -5.2422              -0.2117              -0.7492
13   C                0.3793               1.2840              -0.3872
14   C                0.7096               0.3656               0.6459
15   H               -1.1302               2.0752              -1.6662
16   H                1.1447               1.9259              -0.8156
17   C                2.0954               0.2640               1.2586
18   C                3.2533               0.8528               0.4468
19   H                2.3131              -0.7883               1.4736
20   H                2.0878               0.7698               2.2326
21   H                4.1663               0.7790               1.0463
22   H                3.0822               1.9105               0.2323
23   C                3.5201               0.1387              -0.8585
24   O                3.3647               0.5966              -1.9652
25   O                3.9776              -1.1157              -0.6572
26   H                4.1208              -1.4968              -1.5392


Energy:                 -652.918477 Convergence criteria  Is converged 
Maximum Force:             0.001644     0.002850  Yes
RMS Force:                 0.001101     0.001900  Yes
Maximum Displacement:      0.002328     0.003150  Yes
RMS Displacement:          0.001442     0.002100  Yes

LBFGS converged at iteration 40.
Final frame written to /home/hungn/Desktop/MyRepo/MLP/MAPLE/maple/function/dispatcher/parmfit/example/demo2_torsionfit_v2_torsionfit_15-18_opt.xyz
Complete trajectory written to /home/hungn/Desktop/MyRepo/MLP/MAPLE/maple/function/dispatcher/parmfit/example/demo2_torsionfit_v2_torsionfit_15-18_traj.xyz

----------------------------------------------------------------------
            Scanning combination 9/37: [172.85]

======================================================================
LBFGS Parameters
======================================================================
memory:     5
curvature:  70.0
max_step:   0.2
max_iter:   256
write_traj: False
traj_every: 1
verbose:    0
======================================================================


                             Coordinates                              
----------------------------------------------------------------------
0    C               -3.9123              -1.1651               0.6658
1    C               -2.6436              -1.2271               1.1738
2    C               -1.6205              -0.3774               0.6700
3    C               -1.9321               0.5354              -0.3695
4    C               -3.2642               0.5941              -0.8614
5    C               -4.2295              -0.2370              -0.3591
6    H               -0.0893              -1.0717               2.0166
7    H               -4.6860              -1.8319               1.0387
8    H               -2.3975              -1.9282               1.9690
9    C               -0.2965              -0.4123               1.1745
10   C               -0.8888               1.3431              -0.8871
11   H               -3.4995               1.3069              -1.6490
12   H               -5.2410              -0.2062              -0.7554
13   C                0.3981               1.2229              -0.4342
14   C                0.7219               0.3198               0.6161
15   H               -1.1233               2.0679              -1.6630
16   H                1.1721               1.8241              -0.9039
17   C                2.1092               0.1928               1.2244
18   C                3.2410               0.8919               0.4683
19   H                2.3655              -0.8666               1.3379
20   H                2.0815               0.6094               2.2409
21   H                4.1509               0.8505               1.0756
22   H                3.0118               1.9435               0.2778
23   C                3.5399               0.1957              -0.8438
24   O                3.3995               0.6583              -1.9498
25   O                3.9767              -1.0681              -0.6442
26   H                4.0965              -1.4612              -1.5250


Energy:                 -652.917779 Convergence criteria  Is converged 
Maximum Force:             0.002547     0.002850  Yes
RMS Force:                 0.001534     0.001900  Yes
Maximum Displacement:      0.002529     0.003150  Yes
RMS Displacement:          0.001329     0.002100  Yes

LBFGS converged at iteration 19.
Final frame written to /home/hungn/Desktop/MyRepo/MLP/MAPLE/maple/function/dispatcher/parmfit/example/demo2_torsionfit_v2_torsionfit_15-18_opt.xyz
Complete trajectory written to /home/hungn/Desktop/MyRepo/MLP/MAPLE/maple/function/dispatcher/parmfit/example/demo2_torsionfit_v2_torsionfit_15-18_traj.xyz

----------------------------------------------------------------------
            Scanning combination 10/37: [182.85]

======================================================================
LBFGS Parameters
======================================================================
memory:     5
curvature:  70.0
max_step:   0.2
max_iter:   256
write_traj: False
traj_every: 1
verbose:    0
======================================================================


                             Coordinates                              
----------------------------------------------------------------------
0    C               -3.9995              -1.0254               0.7890
1    C               -2.7294              -1.1168               1.2879
2    C               -1.6625              -0.3888               0.6912
3    C               -1.9386               0.4476              -0.4211
4    C               -3.2710               0.5339              -0.9076
5    C               -4.2769              -0.1870              -0.3212
6    H               -0.1395              -1.0973               2.0407
7    H               -4.8091              -1.5924               1.2417
8    H               -2.5151              -1.7550               2.1434
9    C               -0.3299              -0.4709               1.1691
10   C               -0.8665               1.1706              -1.0015
11   H               -3.4787               1.1860              -1.7533
12   H               -5.2941              -0.1216              -0.6981
13   C                0.4127               1.0589              -0.5241
14   C                0.7067               0.2133               0.5811
15   H               -1.0727               1.8216              -1.8479
16   H                1.2002               1.6333              -1.0055
17   C                2.0960               0.0476               1.1763
18   C                3.2215               0.8717               0.5459
19   H                2.3802              -1.0119               1.1541
20   H                2.0472               0.3232               2.2371
21   H                4.1049               0.8073               1.1916
22   H                2.9451               1.9271               0.4786
23   C                3.6488               0.3906              -0.8227
24   O                3.6232               1.0342              -1.8441
25   O                4.0924              -0.8838              -0.7833
26   H                4.3449              -1.1127              -1.6931


Energy:                 -652.918565 Convergence criteria  Is converged 
Maximum Force:             0.001765     0.002850  Yes
RMS Force:                 0.001094     0.001900  Yes
Maximum Displacement:      0.001394     0.003150  Yes
RMS Displacement:          0.000643     0.002100  Yes

LBFGS converged at iteration 44.
Final frame written to /home/hungn/Desktop/MyRepo/MLP/MAPLE/maple/function/dispatcher/parmfit/example/demo2_torsionfit_v2_torsionfit_15-18_opt.xyz
Complete trajectory written to /home/hungn/Desktop/MyRepo/MLP/MAPLE/maple/function/dispatcher/parmfit/example/demo2_torsionfit_v2_torsionfit_15-18_traj.xyz

----------------------------------------------------------------------
            Scanning combination 11/37: [192.85]

======================================================================
LBFGS Parameters
======================================================================
memory:     5
curvature:  70.0
max_step:   0.2
max_iter:   256
write_traj: False
traj_every: 1
verbose:    0
======================================================================


                             Coordinates                              
----------------------------------------------------------------------
0    C               -3.9990              -1.0030               0.8074
1    C               -2.7313              -1.0815               1.3147
2    C               -1.6676              -0.3536               0.7154
3    C               -1.9369               0.4560              -0.4181
4    C               -3.2703               0.5439              -0.9021
5    C               -4.2740              -0.1776              -0.3126
6    H               -0.1538              -1.0121               2.1018
7    H               -4.8066              -1.5722               1.2602
8    H               -2.5145              -1.7107               2.1760
9    C               -0.3383              -0.4258               1.2014
10   C               -0.8549               1.1370              -1.0296
11   H               -3.4736               1.1810              -1.7603
12   H               -5.2894              -0.1200              -0.6960
13   C                0.4309               0.9869              -0.5804
14   C                0.7128               0.1744               0.5554
15   H               -1.0588               1.7931              -1.8733
16   H                1.2321               1.4955              -1.1115
17   C                2.1028              -0.0284               1.1348
18   C                3.1969               0.8878               0.5833
19   H                2.4134              -1.0703               0.9946
20   H                2.0480               0.1241               2.2207
21   H                4.0673               0.8585               1.2486
22   H                2.8594               1.9250               0.5302
23   C                3.6579               0.4501              -0.7916
24   O                3.6294               1.1080              -1.8043
25   O                4.1126              -0.8209              -0.7722
26   H                4.3460              -1.0414              -1.6884


Energy:                 -652.917676 Convergence criteria  Is converged 
Maximum Force:             0.002389     0.002850  Yes
RMS Force:                 0.001383     0.001900  Yes
Maximum Displacement:      0.002958     0.003150  Yes
RMS Displacement:          0.001598     0.002100  Yes

LBFGS converged at iteration 22.
Final frame written to /home/hungn/Desktop/MyRepo/MLP/MAPLE/maple/function/dispatcher/parmfit/example/demo2_torsionfit_v2_torsionfit_15-18_opt.xyz
Complete trajectory written to /home/hungn/Desktop/MyRepo/MLP/MAPLE/maple/function/dispatcher/parmfit/example/demo2_torsionfit_v2_torsionfit_15-18_traj.xyz

----------------------------------------------------------------------
            Scanning combination 12/37: [202.85]

======================================================================
LBFGS Parameters
======================================================================
memory:     5
curvature:  70.0
max_step:   0.2
max_iter:   256
write_traj: False
traj_every: 1
verbose:    0
======================================================================


                             Coordinates                              
----------------------------------------------------------------------
0    C               -4.0776              -0.8316               0.9254
1    C               -2.8053              -0.9523               1.4140
2    C               -1.7060              -0.3674               0.7269
3    C               -1.9516               0.3601              -0.4657
4    C               -3.2852               0.4797              -0.9424
5    C               -4.3231              -0.1041              -0.2672
6    H               -0.2003              -1.0374               2.1150
7    H               -4.9126              -1.2901               1.4491
8    H               -2.6167              -1.5046               2.3327
9    C               -0.3690              -0.4862               1.1903
10   C               -0.8485               0.9448              -1.1364
11   H               -3.4664               1.0451              -1.8542
12   H               -5.3411              -0.0159              -0.6379
13   C                0.4310               0.8082              -0.6661
14   C                0.6957               0.0631               0.5167
15   H               -1.0327               1.5083              -2.0478
16   H                1.2438               1.2834              -1.2104
17   C                2.0971              -0.1785               1.0567
18   C                3.1744               0.8374               0.6497
19   H                2.4379              -1.1826               0.7730
20   H                2.0436              -0.1781               2.1521
21   H                4.0220               0.7459               1.3384
22   H                2.7979               1.8605               0.7291
23   C                3.7346               0.6358              -0.7411
24   O                3.6711               1.4233              -1.6557
25   O                4.3510              -0.5581              -0.8629
26   H                4.6764              -0.6054              -1.7770


Energy:                 -652.918356 Convergence criteria  Is converged 
Maximum Force:             0.001634     0.002850  Yes
RMS Force:                 0.000855     0.001900  Yes
Maximum Displacement:      0.001252     0.003150  Yes
RMS Displacement:          0.000660     0.002100  Yes

LBFGS converged at iteration 45.
Final frame written to /home/hungn/Desktop/MyRepo/MLP/MAPLE/maple/function/dispatcher/parmfit/example/demo2_torsionfit_v2_torsionfit_15-18_opt.xyz
Complete trajectory written to /home/hungn/Desktop/MyRepo/MLP/MAPLE/maple/function/dispatcher/parmfit/example/demo2_torsionfit_v2_torsionfit_15-18_traj.xyz

----------------------------------------------------------------------
            Scanning combination 13/37: [212.85]

======================================================================
LBFGS Parameters
======================================================================
memory:     5
curvature:  70.0
max_step:   0.2
max_iter:   256
write_traj: False
traj_every: 1
verbose:    0
======================================================================


                             Coordinates                              
----------------------------------------------------------------------
0    C               -4.0673              -0.8116               0.9431
1    C               -2.7939              -0.9199               1.4326
2    C               -1.7000              -0.3327               0.7408
3    C               -1.9468               0.3719              -0.4648
4    C               -3.2813               0.4892              -0.9381
5    C               -4.3156              -0.0947              -0.2555
6    H               -0.1973              -0.9453               2.1606
7    H               -4.8989              -1.2740               1.4687
8    H               -2.5993              -1.4601               2.3570
9    C               -0.3659              -0.4402               1.2099
10   C               -0.8394               0.9182              -1.1631
11   H               -3.4642               1.0423              -1.8570
12   H               -5.3328              -0.0173              -0.6295
13   C                0.4429               0.7385              -0.7178
14   C                0.7035               0.0172               0.4814
15   H               -1.0251               1.4979              -2.0638
16   H                1.2627               1.1590              -1.2955
17   C                2.1043              -0.2444               1.0035
18   C                3.1405               0.8437               0.6857
19   H                2.4762              -1.2068               0.6337
20   H                2.0424              -0.3475               2.0942
21   H                3.9695               0.7807               1.3992
22   H                2.7073               1.8436               0.7662
23   C                3.7306               0.6794              -0.6985
24   O                3.6546               1.4722              -1.6078
25   O                4.3654              -0.5043              -0.8300
26   H                4.6685              -0.5516              -1.7514


Energy:                 -652.917661 Convergence criteria  Is converged 
Maximum Force:             0.002441     0.002850  Yes
RMS Force:                 0.001606     0.001900  Yes
Maximum Displacement:      0.001832     0.003150  Yes
RMS Displacement:          0.001040     0.002100  Yes

LBFGS converged at iteration 24.
Final frame written to /home/hungn/Desktop/MyRepo/MLP/MAPLE/maple/function/dispatcher/parmfit/example/demo2_torsionfit_v2_torsionfit_15-18_opt.xyz
Complete trajectory written to /home/hungn/Desktop/MyRepo/MLP/MAPLE/maple/function/dispatcher/parmfit/example/demo2_torsionfit_v2_torsionfit_15-18_traj.xyz

----------------------------------------------------------------------
            Scanning combination 14/37: [222.85]

======================================================================
LBFGS Parameters
======================================================================
memory:     5
curvature:  70.0
max_step:   0.2
max_iter:   256
write_traj: False
traj_every: 1
verbose:    0
======================================================================


                             Coordinates                              
----------------------------------------------------------------------
0    C               -4.1078              -0.6425               1.0487
1    C               -2.8278              -0.7891               1.5105
2    C               -1.7223              -0.3369               0.7399
3    C               -1.9666               0.2900              -0.5084
4    C               -3.3074               0.4426              -0.9556
5    C               -4.3526              -0.0163              -0.1993
6    H               -0.2074              -0.9707               2.1381
7    H               -4.9479              -1.0036               1.6364
8    H               -2.6374              -1.2671               2.4692
9    C               -0.3782              -0.5002               1.1706
10   C               -0.8552               0.7397              -1.2664
11   H               -3.4895               0.9303              -1.9107
12   H               -5.3761               0.0948              -0.5484
13   C                0.4295               0.5600              -0.8271
14   C                0.6904              -0.0891               0.4117
15   H               -1.0405               1.2279              -2.2199
16   H                1.2542               0.9244              -1.4344
17   C                2.1018              -0.3749               0.8969
18   C                3.1104               0.7807               0.7429
19   H                2.5067              -1.2628               0.3939
20   H                2.0430              -0.6270               1.9611
21   H                3.9113               0.6573               1.4809
22   H                2.6315               1.7437               0.9320
23   C                3.7818               0.8378              -0.6106
24   O                3.6536               1.7097              -1.4367
25   O                4.5794              -0.2323              -0.8131
26   H                4.9636              -0.1229              -1.6982


Energy:                 -652.918600 Convergence criteria  Is converged 
Maximum Force:             0.001883     0.002850  Yes
RMS Force:                 0.000908     0.001900  Yes
Maximum Displacement:      0.002955     0.003150  Yes
RMS Displacement:          0.001478     0.002100  Yes

LBFGS converged at iteration 46.
Final frame written to /home/hungn/Desktop/MyRepo/MLP/MAPLE/maple/function/dispatcher/parmfit/example/demo2_torsionfit_v2_torsionfit_15-18_opt.xyz
Complete trajectory written to /home/hungn/Desktop/MyRepo/MLP/MAPLE/maple/function/dispatcher/parmfit/example/demo2_torsionfit_v2_torsionfit_15-18_traj.xyz

----------------------------------------------------------------------
            Scanning combination 15/37: [232.85]

======================================================================
LBFGS Parameters
======================================================================
memory:     5
curvature:  70.0
max_step:   0.2
max_iter:   256
write_traj: False
traj_every: 1
verbose:    0
======================================================================


                             Coordinates                              
----------------------------------------------------------------------
0    C               -4.0909              -0.6196               1.0662
1    C               -2.8089              -0.7579               1.5252
2    C               -1.7081              -0.3048               0.7495
3    C               -1.9573               0.2990              -0.5096
4    C               -3.2994               0.4525              -0.9511
5    C               -4.3402              -0.0031              -0.1861
6    H               -0.1838              -0.8725               2.1717
7    H               -4.9286              -0.9825               1.6570
8    H               -2.6131              -1.2224               2.4895
9    C               -0.3628              -0.4531               1.1824
10   C               -0.8490               0.7105              -1.2935
11   H               -3.4828               0.9269              -1.9133
12   H               -5.3637               0.0992              -0.5361
13   C                0.4370               0.4899              -0.8772
14   C                0.6989              -0.1358               0.3740
15   H               -1.0374               1.2086              -2.2414
16   H                1.2607               0.7965              -1.5160
17   C                2.1115              -0.4277               0.8403
18   C                3.0723               0.7788               0.7852
19   H                2.5407              -1.2547               0.2647
20   H                2.0553              -0.7797               1.8768
21   H                3.8548               0.6680               1.5443
22   H                2.5406               1.7146               0.9737
23   C                3.7617               0.8748              -0.5574
24   O                3.6057               1.7425              -1.3838
25   O                4.5850              -0.1754              -0.7670
26   H                4.9421              -0.0693              -1.6638


Energy:                 -652.917973 Convergence criteria  Is converged 
Maximum Force:             0.002307     0.002850  Yes
RMS Force:                 0.001455     0.001900  Yes
Maximum Displacement:      0.003123     0.003150  Yes
RMS Displacement:          0.001828     0.002100  Yes

LBFGS converged at iteration 21.
Final frame written to /home/hungn/Desktop/MyRepo/MLP/MAPLE/maple/function/dispatcher/parmfit/example/demo2_torsionfit_v2_torsionfit_15-18_opt.xyz
Complete trajectory written to /home/hungn/Desktop/MyRepo/MLP/MAPLE/maple/function/dispatcher/parmfit/example/demo2_torsionfit_v2_torsionfit_15-18_traj.xyz

----------------------------------------------------------------------
            Scanning combination 16/37: [242.85]

======================================================================
LBFGS Parameters
======================================================================
memory:     5
curvature:  70.0
max_step:   0.2
max_iter:   256
write_traj: False
traj_every: 1
verbose:    0
======================================================================


                             Coordinates                              
----------------------------------------------------------------------
0    C               -4.0863              -0.4224               1.1684
1    C               -2.7959              -0.6099               1.5835
2    C               -1.7062              -0.3019               0.7252
3    C               -1.9692               0.2161              -0.5688
4    C               -3.3210               0.4133              -0.9685
5    C               -4.3532               0.0934              -0.1254
6    H               -0.1727              -0.9241               2.1116
7    H               -4.9176              -0.6760               1.8222
8    H               -2.5842              -1.0009               2.5771
9    C               -0.3582              -0.5237               1.1160
10   C               -0.8658               0.5056              -1.4162
11   H               -3.5238               0.8150              -1.9593
12   H               -5.3845               0.2312              -0.4416
13   C                0.4241               0.2887              -1.0051
14   C                0.6978              -0.2516               0.2811
15   H               -1.0633               0.8879              -2.4153
16   H                1.2496               0.5260              -1.6718
17   C                2.1135              -0.5515               0.7322
18   C                3.0343               0.6843               0.8533
19   H                2.5852              -1.2780               0.0591
20   H                2.0576              -1.0338               1.7141
21   H                3.8079               0.4788               1.6013
22   H                2.4652               1.5593               1.1741
23   C                3.7478               1.0332              -0.4317
24   O                3.5167               1.9775              -1.1478
25   O                4.7182               0.1369              -0.7159
26   H                5.1248               0.4296              -1.5478


Energy:                 -652.919068 Convergence criteria  Is converged 
Maximum Force:             0.001983     0.002850  Yes
RMS Force:                 0.001055     0.001900  Yes
Maximum Displacement:      0.002043     0.003150  Yes
RMS Displacement:          0.001133     0.002100  Yes

LBFGS converged at iteration 40.
Final frame written to /home/hungn/Desktop/MyRepo/MLP/MAPLE/maple/function/dispatcher/parmfit/example/demo2_torsionfit_v2_torsionfit_15-18_opt.xyz
Complete trajectory written to /home/hungn/Desktop/MyRepo/MLP/MAPLE/maple/function/dispatcher/parmfit/example/demo2_torsionfit_v2_torsionfit_15-18_traj.xyz

----------------------------------------------------------------------
            Scanning combination 17/37: [252.85]

======================================================================
LBFGS Parameters
======================================================================
memory:     5
curvature:  70.0
max_step:   0.2
max_iter:   256
write_traj: False
traj_every: 1
verbose:    0
======================================================================


                             Coordinates                              
----------------------------------------------------------------------
0    C               -4.0724              -0.4040               1.1737
1    C               -2.7825              -0.5857               1.5936
2    C               -1.6903              -0.2820               0.7362
3    C               -1.9554               0.2156              -0.5653
4    C               -3.3045               0.4126              -0.9674
5    C               -4.3382               0.1084              -0.1214
6    H               -0.1392              -0.8111               2.1481
7    H               -4.9035              -0.6606               1.8263
8    H               -2.5744              -0.9790               2.5874
9    C               -0.3364              -0.4799               1.1290
10   C               -0.8601               0.4897              -1.4250
11   H               -3.5027               0.8020              -1.9637
12   H               -5.3688               0.2402              -0.4406
13   C                0.4282               0.2257              -1.0384
14   C                0.7061              -0.3066               0.2513
15   H               -1.0652               0.9012              -2.4093
16   H                1.2497               0.4337              -1.7188
17   C                2.1335              -0.5855               0.6807
18   C                2.9947               0.6819               0.8868
19   H                2.6374              -1.2442              -0.0356
20   H                2.0974              -1.1347               1.6312
21   H                3.7591               0.4813               1.6430
22   H                2.3801               1.5249               1.2101
23   C                3.7138               1.0564              -0.3899
24   O                3.4634               1.9900              -1.1134
25   O                4.6941               0.1690              -0.6773
26   H                5.0765               0.4440              -1.5271


Energy:                 -652.918315 Convergence criteria  Is converged 
Maximum Force:             0.002596     0.002850  Yes
RMS Force:                 0.001819     0.001900  Yes
Maximum Displacement:      0.001788     0.003150  Yes
RMS Displacement:          0.001005     0.002100  Yes

LBFGS converged at iteration 18.
Final frame written to /home/hungn/Desktop/MyRepo/MLP/MAPLE/maple/function/dispatcher/parmfit/example/demo2_torsionfit_v2_torsionfit_15-18_opt.xyz
Complete trajectory written to /home/hungn/Desktop/MyRepo/MLP/MAPLE/maple/function/dispatcher/parmfit/example/demo2_torsionfit_v2_torsionfit_15-18_traj.xyz

----------------------------------------------------------------------
            Scanning combination 18/37: [262.85]

======================================================================
LBFGS Parameters
======================================================================
memory:     5
curvature:  70.0
max_step:   0.2
max_iter:   256
write_traj: False
traj_every: 1
verbose:    0
======================================================================


                             Coordinates                              
----------------------------------------------------------------------
0    C               -3.9999              -0.1577               1.2593
1    C               -2.7060              -0.4066               1.6262
2    C               -1.6515              -0.2947               0.6823
3    C               -1.9459               0.1024              -0.6456
4    C               -3.3005               0.3581              -0.9986
5    C               -4.3009               0.2286              -0.0711
6    H               -0.0977              -0.8983               2.0486
7    H               -4.8023              -0.2486               1.9869
8    H               -2.4606              -0.7036               2.6435
9    C               -0.3035              -0.5668               1.0330
10   C               -0.8712               0.2376              -1.5655
11   H               -3.5320               0.6639              -2.0163
12   H               -5.3348               0.4242              -0.3431
13   C                0.4228              -0.0176              -1.1891
14   C                0.7267              -0.4381               0.1348
15   H               -1.0949               0.5525              -2.5826
16   H                1.2262               0.0989              -1.9134
17   C                2.1463              -0.7170               0.5847
18   C                2.9462               0.5471               0.9743
19   H                2.7003              -1.2757              -0.1777
20   H                2.0953              -1.3637               1.4674
21   H                3.7533               0.2723               1.6613
22   H                2.2979               1.2680               1.4772
23   C                3.5905               1.2244              -0.2097
24   O                3.2295               2.2483              -0.7339
25   O                4.6714               0.5325              -0.6403
26   H                5.0359               1.0329              -1.3885


Energy:                 -652.919350 Convergence criteria  Is converged 
Maximum Force:             0.002784     0.002850  Yes
RMS Force:                 0.001321     0.001900  Yes
Maximum Displacement:      0.001138     0.003150  Yes
RMS Displacement:          0.000733     0.002100  Yes

LBFGS converged at iteration 43.
Final frame written to /home/hungn/Desktop/MyRepo/MLP/MAPLE/maple/function/dispatcher/parmfit/example/demo2_torsionfit_v2_torsionfit_15-18_opt.xyz
Complete trajectory written to /home/hungn/Desktop/MyRepo/MLP/MAPLE/maple/function/dispatcher/parmfit/example/demo2_torsionfit_v2_torsionfit_15-18_traj.xyz

----------------------------------------------------------------------
            Scanning combination 19/37: [272.85]

======================================================================
LBFGS Parameters
======================================================================
memory:     5
curvature:  70.0
max_step:   0.2
max_iter:   256
write_traj: False
traj_every: 1
verbose:    0
======================================================================


                             Coordinates                              
----------------------------------------------------------------------
0    C               -3.9916              -0.1436               1.2587
1    C               -2.6986              -0.3856               1.6343
2    C               -1.6354              -0.2602               0.6985
3    C               -1.9327               0.1169              -0.6356
4    C               -3.2847               0.3701              -0.9954
5    C               -4.2898               0.2441              -0.0723
6    H               -0.0711              -0.7757               2.0916
7    H               -4.8018              -0.2575               1.9753
8    H               -2.4661              -0.6890               2.6538
9    C               -0.2822              -0.5148               1.0551
10   C               -0.8646               0.2225              -1.5655
11   H               -3.5101               0.6608              -2.0192
12   H               -5.3239               0.4229              -0.3552
13   C                0.4213              -0.0789              -1.2008
14   C                0.7315              -0.4847               0.1269
15   H               -1.0891               0.5373              -2.5815
16   H                1.2238               0.0034              -1.9310
17   C                2.1703              -0.7344               0.5358
18   C                2.9149               0.5372               1.0051
19   H                2.7403              -1.1995              -0.2752
20   H                2.1731              -1.4536               1.3664
21   H                3.7134               0.2524               1.6961
22   H                2.2399               1.2353               1.5048
23   C                3.5581               1.2375              -0.1694
24   O                3.1868               2.2577              -0.6954
25   O                4.6353               0.5482              -0.6160
26   H                4.9736               1.0346              -1.3860


Energy:                 -652.918385 Convergence criteria  Is converged 
Maximum Force:             0.002602     0.002850  Yes
RMS Force:                 0.001657     0.001900  Yes
Maximum Displacement:      0.002553     0.003150  Yes
RMS Displacement:          0.001349     0.002100  Yes

LBFGS converged at iteration 18.
Final frame written to /home/hungn/Desktop/MyRepo/MLP/MAPLE/maple/function/dispatcher/parmfit/example/demo2_torsionfit_v2_torsionfit_15-18_opt.xyz
Complete trajectory written to /home/hungn/Desktop/MyRepo/MLP/MAPLE/maple/function/dispatcher/parmfit/example/demo2_torsionfit_v2_torsionfit_15-18_traj.xyz

----------------------------------------------------------------------
            Scanning combination 20/37: [282.85]

======================================================================
LBFGS Parameters
======================================================================
memory:     5
curvature:  70.0
max_step:   0.2
max_iter:   256
write_traj: False
traj_every: 1
verbose:    0
======================================================================


                             Coordinates                              
----------------------------------------------------------------------
0    C               -3.8836               0.1214               1.2942
1    C               -2.5924              -0.1687               1.6397
2    C               -1.5761              -0.2389               0.6490
3    C               -1.9136               0.0034              -0.7069
4    C               -3.2703               0.2683              -1.0418
5    C               -4.2285               0.3359              -0.0649
6    H                0.0097              -0.7131               2.0288
7    H               -4.6515               0.2009               2.0599
8    H               -2.3214              -0.3511               2.6780
9    C               -0.2285              -0.5307               0.9814
10   C               -0.8784              -0.0307              -1.6789
11   H               -3.5365               0.4098              -2.0875
12   H               -5.2603               0.5602              -0.3217
13   C                0.4147              -0.3053              -1.3224
14   C                0.7620              -0.5621               0.0306
15   H               -1.1260               0.1739              -2.7185
16   H                1.1969              -0.3399              -2.0784
17   C                2.1923              -0.8527               0.4315
18   C                2.9150               0.3442               1.0824
19   H                2.7754              -1.1836              -0.4328
20   H                2.1951              -1.6764               1.1544
21   H                3.8000              -0.0260               1.6104
22   H                2.2728               0.8434               1.8110
23   C                3.3883               1.3841               0.0949
24   O                3.0058               2.5244               0.0123
25   O                4.3540               0.8891              -0.7131
26   H                4.6256               1.6237              -1.2874


Energy:                 -652.919307 Convergence criteria  Is converged 
Maximum Force:             0.002616     0.002850  Yes
RMS Force:                 0.001552     0.001900  Yes
Maximum Displacement:      0.002083     0.003150  Yes
RMS Displacement:          0.001000     0.002100  Yes

LBFGS converged at iteration 54.
Final frame written to /home/hungn/Desktop/MyRepo/MLP/MAPLE/maple/function/dispatcher/parmfit/example/demo2_torsionfit_v2_torsionfit_15-18_opt.xyz
Complete trajectory written to /home/hungn/Desktop/MyRepo/MLP/MAPLE/maple/function/dispatcher/parmfit/example/demo2_torsionfit_v2_torsionfit_15-18_traj.xyz

----------------------------------------------------------------------
            Scanning combination 21/37: [292.85]

======================================================================
LBFGS Parameters
======================================================================
memory:     5
curvature:  70.0
max_step:   0.2
max_iter:   256
write_traj: False
traj_every: 1
verbose:    0
======================================================================


                             Coordinates                              
----------------------------------------------------------------------
0    C               -3.8714               0.1193               1.2917
1    C               -2.5736              -0.1305               1.6471
2    C               -1.5503              -0.1892               0.6604
3    C               -1.8967               0.0145              -0.7005
4    C               -3.2490               0.2939              -1.0360
5    C               -4.2150               0.3378              -0.0671
6    H                0.0661              -0.5787               2.0400
7    H               -4.6501               0.1606               2.0489
8    H               -2.3081              -0.2912               2.6910
9    C               -0.1940              -0.4533               0.9892
10   C               -0.8780              -0.0718              -1.6847
11   H               -3.5026               0.4644              -2.0803
12   H               -5.2489               0.5472              -0.3306
13   C                0.4101              -0.3732              -1.3369
14   C                0.7718              -0.5842               0.0198
15   H               -1.1418               0.0961              -2.7265
16   H                1.1802              -0.4495              -2.1016
17   C                2.2166              -0.8584               0.3818
18   C                2.8893               0.3167               1.1155
19   H                2.7956              -1.1024              -0.5128
20   H                2.2575              -1.7412               1.0315
21   H                3.7696              -0.0356               1.6635
22   H                2.2073               0.7801               1.8313
23   C                3.3515               1.3809               0.1482
24   O                2.9747               2.5253               0.0956
25   O                4.2914               0.8943              -0.6962
26   H                4.5383               1.6313              -1.2780


Energy:                 -652.918692 Convergence criteria  Is converged 
Maximum Force:             0.001541     0.002850  Yes
RMS Force:                 0.001123     0.001900  Yes
Maximum Displacement:      0.001633     0.003150  Yes
RMS Displacement:          0.001003     0.002100  Yes

LBFGS converged at iteration 25.
Final frame written to /home/hungn/Desktop/MyRepo/MLP/MAPLE/maple/function/dispatcher/parmfit/example/demo2_torsionfit_v2_torsionfit_15-18_opt.xyz
Complete trajectory written to /home/hungn/Desktop/MyRepo/MLP/MAPLE/maple/function/dispatcher/parmfit/example/demo2_torsionfit_v2_torsionfit_15-18_traj.xyz

----------------------------------------------------------------------
            Scanning combination 22/37: [302.85]

======================================================================
LBFGS Parameters
======================================================================
memory:     5
curvature:  70.0
max_step:   0.2
max_iter:   256
write_traj: False
traj_every: 1
verbose:    0
======================================================================


                             Coordinates                              
----------------------------------------------------------------------
0    C               -3.7570               0.3543               1.3015
1    C               -2.4501               0.0996               1.6142
2    C               -1.4916              -0.1268               0.5899
3    C               -1.9032              -0.0890              -0.7666
4    C               -3.2727               0.1626              -1.0618
5    C               -4.1756               0.3812              -0.0540
6    H                0.1612              -0.4035               1.9426
7    H               -4.4837               0.5365               2.0891
8    H               -2.1182               0.0754               2.6512
9    C               -0.1309              -0.3799               0.8942
10   C               -0.9220              -0.2959              -1.7754
11   H               -3.5928               0.1812              -2.1020
12   H               -5.2185               0.5863              -0.2848
13   C                0.3846              -0.5446              -1.4460
14   C                0.8009              -0.6010              -0.0890
15   H               -1.2267              -0.2546              -2.8199
16   H                1.1259              -0.7126              -2.2265
17   C                2.2377              -0.9204               0.2713
18   C                2.9186               0.1420               1.1455
19   H                2.8317              -1.0689              -0.6344
20   H                2.2499              -1.8665               0.8271
21   H                3.8717              -0.2553               1.5160
22   H                2.3110               0.3904               2.0176
23   C                3.2203               1.4321               0.4206
24   O                2.8668               2.5351               0.7584
25   O                4.0036               1.2298              -0.6638
26   H                4.1997               2.1158              -1.0110


Energy:                 -652.919410 Convergence criteria  Is converged 
Maximum Force:             0.002779     0.002850  Yes
RMS Force:                 0.001383     0.001900  Yes
Maximum Displacement:      0.001960     0.003150  Yes
RMS Displacement:          0.000824     0.002100  Yes

LBFGS converged at iteration 53.
Final frame written to /home/hungn/Desktop/MyRepo/MLP/MAPLE/maple/function/dispatcher/parmfit/example/demo2_torsionfit_v2_torsionfit_15-18_opt.xyz
Complete trajectory written to /home/hungn/Desktop/MyRepo/MLP/MAPLE/maple/function/dispatcher/parmfit/example/demo2_torsionfit_v2_torsionfit_15-18_traj.xyz

----------------------------------------------------------------------
            Scanning combination 23/37: [312.85]

======================================================================
LBFGS Parameters
======================================================================
memory:     5
curvature:  70.0
max_step:   0.2
max_iter:   256
write_traj: False
traj_every: 1
verbose:    0
======================================================================


                             Coordinates                              
----------------------------------------------------------------------
0    C               -3.7560               0.3621               1.2969
1    C               -2.4449               0.1340               1.6167
2    C               -1.4762              -0.0906               0.6001
3    C               -1.8910              -0.0734              -0.7557
4    C               -3.2564               0.1768              -1.0606
5    C               -4.1674               0.3859              -0.0600
6    H                0.1889              -0.3101               1.9488
7    H               -4.4925               0.5276               2.0796
8    H               -2.1241               0.1188               2.6567
9    C               -0.1092              -0.3289               0.9021
10   C               -0.9234              -0.3251              -1.7646
11   H               -3.5653               0.1960              -2.1040
12   H               -5.2110               0.5743              -0.2977
13   C                0.3747              -0.6032              -1.4344
14   C                0.8032              -0.6330              -0.0802
15   H               -1.2341              -0.2977              -2.8072
16   H                1.1064              -0.8001              -2.2161
17   C                2.2623              -0.9079               0.2267
18   C                2.9055               0.1166               1.1665
19   H                2.8377              -0.9563              -0.7004
20   H                2.3435              -1.8967               0.6962
21   H                3.8590              -0.2709               1.5428
22   H                2.2765               0.3315               2.0313
23   C                3.1992               1.4212               0.4618
24   O                2.8399               2.5195               0.8068
25   O                3.9691               1.2263              -0.6354
26   H                4.1262               2.1069              -1.0129


Energy:                 -652.918367 Convergence criteria  Is converged 
Maximum Force:             0.002001     0.002850  Yes
RMS Force:                 0.001048     0.001900  Yes
Maximum Displacement:      0.001825     0.003150  Yes
RMS Displacement:          0.000912     0.002100  Yes

LBFGS converged at iteration 24.
Final frame written to /home/hungn/Desktop/MyRepo/MLP/MAPLE/maple/function/dispatcher/parmfit/example/demo2_torsionfit_v2_torsionfit_15-18_opt.xyz
Complete trajectory written to /home/hungn/Desktop/MyRepo/MLP/MAPLE/maple/function/dispatcher/parmfit/example/demo2_torsionfit_v2_torsionfit_15-18_traj.xyz

----------------------------------------------------------------------
            Scanning combination 24/37: [322.85]

======================================================================
LBFGS Parameters
======================================================================
memory:     5
curvature:  70.0
max_step:   0.2
max_iter:   256
write_traj: False
traj_every: 1
verbose:    0
======================================================================


                             Coordinates                              
----------------------------------------------------------------------
0    C               -3.6789               0.5490               1.2792
1    C               -2.3570               0.3367               1.5626
2    C               -1.4426              -0.0239               0.5365
3    C               -1.9236              -0.1838              -0.7864
4    C               -3.2974               0.0638              -1.0586
5    C               -4.1537               0.4242              -0.0511
6    H                0.2712              -0.0882               1.8342
7    H               -4.3725               0.8209               2.0710
8    H               -1.9852               0.4251               2.5817
9    C               -0.0613              -0.2254               0.8079
10   C               -1.0006              -0.5714              -1.7962
11   H               -3.6585              -0.0288              -2.0810
12   H               -5.2028               0.6171              -0.2614
13   C                0.3189              -0.7745              -1.4975
14   C                0.8190              -0.6069              -0.1751
15   H               -1.3608              -0.7021              -2.8151
16   H                1.0087              -1.0734              -2.2846
17   C                2.2854              -0.9033               0.0945
18   C                2.9637              -0.0075               1.1376
19   H                2.8454              -0.8466              -0.8437
20   H                2.3786              -1.9412               0.4413
21   H                3.9728              -0.3904               1.3314
22   H                2.4287              -0.0214               2.0885
23   C                3.1237               1.4326               0.7081
24   O                2.6899               2.3990               1.2852
25   O                3.8711               1.5362              -0.4150
26   H                3.9581               2.4876              -0.5900


Energy:                 -652.918684 Convergence criteria  Is converged 
Maximum Force:             0.002694     0.002850  Yes
RMS Force:                 0.001194     0.001900  Yes
Maximum Displacement:      0.001470     0.003150  Yes
RMS Displacement:          0.000828     0.002100  Yes

LBFGS converged at iteration 47.
Final frame written to /home/hungn/Desktop/MyRepo/MLP/MAPLE/maple/function/dispatcher/parmfit/example/demo2_torsionfit_v2_torsionfit_15-18_opt.xyz
Complete trajectory written to /home/hungn/Desktop/MyRepo/MLP/MAPLE/maple/function/dispatcher/parmfit/example/demo2_torsionfit_v2_torsionfit_15-18_traj.xyz

----------------------------------------------------------------------
            Scanning combination 25/37: [332.85]

======================================================================
LBFGS Parameters
======================================================================
memory:     5
curvature:  70.0
max_step:   0.2
max_iter:   256
write_traj: False
traj_every: 1
verbose:    0
======================================================================


                             Coordinates                              
----------------------------------------------------------------------
0    C               -3.6674               0.5696               1.2767
1    C               -2.3417               0.3748               1.5600
2    C               -1.4269               0.0064               0.5365
3    C               -1.9118              -0.1691              -0.7826
4    C               -3.2872               0.0605              -1.0547
5    C               -4.1456               0.4172              -0.0496
6    H                0.2944              -0.0078               1.8205
7    H               -4.3638               0.8450               2.0648
8    H               -1.9701               0.4923               2.5763
9    C               -0.0428              -0.1900               0.8030
10   C               -1.0007              -0.5910              -1.7884
11   H               -3.6449              -0.0554              -2.0760
12   H               -5.1978               0.5898              -0.2613
13   C                0.3098              -0.8296              -1.4838
14   C                0.8205              -0.6313              -0.1701
15   H               -1.3622              -0.7166              -2.8070
16   H                0.9892              -1.1779              -2.2594
17   C                2.3033              -0.8749               0.0496
18   C                2.9503              -0.0402               1.1568
19   H                2.8435              -0.6925              -0.8836
20   H                2.4524              -1.9357               0.2872
21   H                3.9552              -0.4271               1.3631
22   H                2.3899              -0.0868               2.0912
23   C                3.1034               1.4090               0.7528
24   O                2.6581               2.3689               1.3308
25   O                3.8405               1.5233              -0.3772
26   H                3.8928               2.4727              -0.5717


Energy:                 -652.917780 Convergence criteria  Is converged 
Maximum Force:             0.001830     0.002850  Yes
RMS Force:                 0.001175     0.001900  Yes
Maximum Displacement:      0.002031     0.003150  Yes
RMS Displacement:          0.000892     0.002100  Yes

LBFGS converged at iteration 24.
Final frame written to /home/hungn/Desktop/MyRepo/MLP/MAPLE/maple/function/dispatcher/parmfit/example/demo2_torsionfit_v2_torsionfit_15-18_opt.xyz
Complete trajectory written to /home/hungn/Desktop/MyRepo/MLP/MAPLE/maple/function/dispatcher/parmfit/example/demo2_torsionfit_v2_torsionfit_15-18_traj.xyz

----------------------------------------------------------------------
            Scanning combination 26/37: [342.85]

======================================================================
LBFGS Parameters
======================================================================
memory:     5
curvature:  70.0
max_step:   0.2
max_iter:   256
write_traj: False
traj_every: 1
verbose:    0
======================================================================


                             Coordinates                              
----------------------------------------------------------------------
0    C               -3.5816               0.7671               1.2354
1    C               -2.2419               0.6062               1.4688
2    C               -1.3871               0.0898               0.4586
3    C               -1.9432              -0.2760              -0.7909
4    C               -3.3366              -0.1003              -1.0083
5    C               -4.1363               0.4115              -0.0205
6    H                0.4037               0.2882               1.6313
7    H               -4.2300               1.1664               2.0109
8    H               -1.8072               0.8812               2.4287
9    C                0.0118              -0.0591               0.6787
10   C               -1.0754              -0.8028              -1.7884
11   H               -3.7555              -0.3770              -1.9739
12   H               -5.2007               0.5496              -0.1922
13   C                0.2608              -0.9479              -1.5393
14   C                0.8377              -0.5747              -0.2908
15   H               -1.4941              -1.0902              -2.7515
16   H                0.9081              -1.3701              -2.3070
17   C                2.3217              -0.8470              -0.1042
18   C                3.0014              -0.1609               1.0861
19   H                2.8517              -0.5642              -1.0215
20   H                2.4658              -1.9288               0.0129
21   H                4.0417              -0.5031               1.1319
22   H                2.5227              -0.4472               2.0257
23   C                3.0203               1.3482               0.9992
24   O                2.4418               2.1108               1.7364
25   O                3.7875               1.7818              -0.0229
26   H                3.7535               2.7521               0.0108


Energy:                 -652.919474 Convergence criteria  Is converged 
Maximum Force:             0.001917     0.002850  Yes
RMS Force:                 0.000939     0.001900  Yes
Maximum Displacement:      0.003049     0.003150  Yes
RMS Displacement:          0.001521     0.002100  Yes

LBFGS converged at iteration 52.
Final frame written to /home/hungn/Desktop/MyRepo/MLP/MAPLE/maple/function/dispatcher/parmfit/example/demo2_torsionfit_v2_torsionfit_15-18_opt.xyz
Complete trajectory written to /home/hungn/Desktop/MyRepo/MLP/MAPLE/maple/function/dispatcher/parmfit/example/demo2_torsionfit_v2_torsionfit_15-18_traj.xyz

----------------------------------------------------------------------
            Scanning combination 27/37: [352.85]

======================================================================
LBFGS Parameters
======================================================================
memory:     5
curvature:  70.0
max_step:   0.2
max_iter:   256
write_traj: False
traj_every: 1
verbose:    0
======================================================================


                             Coordinates                              
----------------------------------------------------------------------
0    C               -3.5775               0.7769               1.2321
1    C               -2.2343               0.6367               1.4585
2    C               -1.3798               0.1125               0.4517
3    C               -1.9399              -0.2738              -0.7894
4    C               -3.3330              -0.1007              -1.0070
5    C               -4.1343               0.4065              -0.0179
6    H                0.4180               0.3433               1.6077
7    H               -4.2270               1.1773               2.0068
8    H               -1.7993               0.9244               2.4141
9    C                0.0207              -0.0289               0.6665
10   C               -1.0799              -0.8342              -1.7742
11   H               -3.7529              -0.3837              -1.9701
12   H               -5.2001               0.5364              -0.1874
13   C                0.2526              -0.9978              -1.5193
14   C                0.8363              -0.5915              -0.2849
15   H               -1.4990              -1.1265              -2.7347
16   H                0.8923              -1.4544              -2.2729
17   C                2.3353              -0.7995              -0.1397
18   C                2.9896              -0.1873               1.1023
19   H                2.8436              -0.4063              -1.0276
20   H                2.5322              -1.8791              -0.1314
21   H                4.0266              -0.5370               1.1673
22   H                2.4823              -0.4953               2.0198
23   C                3.0206               1.3229               1.0370
24   O                2.4543               2.0857               1.7830
25   O                3.7707               1.7537              -0.0003
26   H                3.7224               2.7233               0.0141


Energy:                 -652.919350 Convergence criteria  Is converged 
Maximum Force:             0.001575     0.002850  Yes
RMS Force:                 0.000959     0.001900  Yes
Maximum Displacement:      0.000890     0.003150  Yes
RMS Displacement:          0.000628     0.002100  Yes

LBFGS converged at iteration 22.
Final frame written to /home/hungn/Desktop/MyRepo/MLP/MAPLE/maple/function/dispatcher/parmfit/example/demo2_torsionfit_v2_torsionfit_15-18_opt.xyz
Complete trajectory written to /home/hungn/Desktop/MyRepo/MLP/MAPLE/maple/function/dispatcher/parmfit/example/demo2_torsionfit_v2_torsionfit_15-18_traj.xyz

----------------------------------------------------------------------
            Scanning combination 28/37: [362.85]

======================================================================
LBFGS Parameters
======================================================================
memory:     5
curvature:  70.0
max_step:   0.2
max_iter:   256
write_traj: False
traj_every: 1
verbose:    0
======================================================================


                             Coordinates                              
----------------------------------------------------------------------
0    C               -3.5500               0.8714               1.1929
1    C               -2.2015               0.7461               1.3933
2    C               -1.3722               0.1532               0.4038
3    C               -1.9665              -0.3453              -0.7805
4    C               -3.3681              -0.1995              -0.9672
5    C               -4.1403               0.4017              -0.0080
6    H                0.4524               0.4760               1.4957
7    H               -4.1797               1.3330               1.9503
8    H               -1.7394               1.1116               2.3095
9    C                0.0376               0.0516               0.5840
10   C               -1.1300              -0.9802              -1.7397
11   H               -3.8157              -0.5643              -1.8901
12   H               -5.2108               0.5193              -0.1587
13   C                0.2175              -1.0720              -1.5326
14   C                0.8357              -0.5439              -0.3615
15   H               -1.5822              -1.4039              -2.6354
16   H                0.8460              -1.5545              -2.2794
17   C                2.3417              -0.7125              -0.2533
18   C                2.9842              -0.2270               1.0507
19   H                2.8196              -0.2035              -1.0995
20   H                2.5786              -1.7773              -0.3704
21   H                4.0167              -0.5923               1.0956
22   H                2.4582              -0.6289               1.9211
23   C                3.0441               1.2782               1.1819
24   O                2.5167               1.9378               2.0459
25   O                3.7828               1.8351               0.1993
26   H                3.7653               2.7936               0.3567


Energy:                 -652.919587 Convergence criteria  Is converged 
Maximum Force:             0.002570     0.002850  Yes
RMS Force:                 0.001345     0.001900  Yes
Maximum Displacement:      0.002098     0.003150  Yes
RMS Displacement:          0.001294     0.002100  Yes

LBFGS converged at iteration 38.
Final frame written to /home/hungn/Desktop/MyRepo/MLP/MAPLE/maple/function/dispatcher/parmfit/example/demo2_torsionfit_v2_torsionfit_15-18_opt.xyz
Complete trajectory written to /home/hungn/Desktop/MyRepo/MLP/MAPLE/maple/function/dispatcher/parmfit/example/demo2_torsionfit_v2_torsionfit_15-18_traj.xyz

----------------------------------------------------------------------
            Scanning combination 29/37: [372.85]

======================================================================
LBFGS Parameters
======================================================================
memory:     5
curvature:  70.0
max_step:   0.2
max_iter:   256
write_traj: False
traj_every: 1
verbose:    0
======================================================================


                             Coordinates                              
----------------------------------------------------------------------
0    C               -3.5487               0.8841               1.1855
1    C               -2.1978               0.7738               1.3794
2    C               -1.3718               0.1669               0.3971
3    C               -1.9683              -0.3516              -0.7771
4    C               -3.3684              -0.2016              -0.9675
5    C               -4.1410               0.3991              -0.0081
6    H                0.4577               0.5411               1.4641
7    H               -4.1777               1.3371               1.9476
8    H               -1.7323               1.1404               2.2930
9    C                0.0383               0.0752               0.5748
10   C               -1.1312              -0.9966              -1.7299
11   H               -3.8179              -0.5809              -1.8832
12   H               -5.2143               0.4990              -0.1495
13   C                0.2110              -1.1184              -1.5025
14   C                0.8289              -0.5847              -0.3347
15   H               -1.5742              -1.3804              -2.6467
16   H                0.8380              -1.6160              -2.2409
17   C                2.3443              -0.6801              -0.2669
18   C                2.9872              -0.2502               1.0563
19   H                2.7811              -0.0950              -1.0849
20   H                2.6328              -1.7239              -0.4475
21   H                4.0173              -0.6228               1.0874
22   H                2.4549              -0.6757               1.9111
23   C                3.0473               1.2558               1.2019
24   O                2.5052               1.9157               2.0566
25   O                3.7896               1.8166               0.2231
26   H                3.7506               2.7766               0.3655


Energy:                 -652.918786 Convergence criteria  Is converged 
Maximum Force:             0.002161     0.002850  Yes
RMS Force:                 0.001327     0.001900  Yes
Maximum Displacement:      0.000962     0.003150  Yes
RMS Displacement:          0.000551     0.002100  Yes

LBFGS converged at iteration 16.
Final frame written to /home/hungn/Desktop/MyRepo/MLP/MAPLE/maple/function/dispatcher/parmfit/example/demo2_torsionfit_v2_torsionfit_15-18_opt.xyz
Complete trajectory written to /home/hungn/Desktop/MyRepo/MLP/MAPLE/maple/function/dispatcher/parmfit/example/demo2_torsionfit_v2_torsionfit_15-18_traj.xyz

----------------------------------------------------------------------
            Scanning combination 30/37: [382.85]

======================================================================
LBFGS Parameters
======================================================================
memory:     5
curvature:  70.0
max_step:   0.2
max_iter:   256
write_traj: False
traj_every: 1
verbose:    0
======================================================================


                             Coordinates                              
----------------------------------------------------------------------
0    C               -3.5464               0.9691               1.1319
1    C               -2.1891               0.8965               1.3024
2    C               -1.3749               0.2159               0.3568
3    C               -1.9933              -0.4138              -0.7506
4    C               -3.3995              -0.3021              -0.9190
5    C               -4.1579               0.3779              -0.0029
6    H                0.4772               0.6539               1.3650
7    H               -4.1653               1.4870               1.8608
8    H               -1.7133               1.3480               2.1722
9    C                0.0423               0.1578               0.5002
10   C               -1.1759              -1.1419              -1.6584
11   H               -3.8606              -0.7652              -1.7893
12   H               -5.2338               0.4597              -0.1338
13   C                0.1805              -1.1761              -1.4929
14   C                0.8249              -0.5052              -0.4152
15   H               -1.6504              -1.6832              -2.4749
16   H                0.7946              -1.7252              -2.2045
17   C                2.3439              -0.5481              -0.3916
18   C                2.9973              -0.2845               0.9721
19   H                2.7521               0.1533              -1.1306
20   H                2.6567              -1.5459              -0.7215
21   H                4.0218              -0.6721               0.9572
22   H                2.4585              -0.8072               1.7660
23   C                3.0836               1.1834               1.3277
24   O                2.5226               1.7302               2.2481
25   O                3.8791               1.8565               0.4710
26   H                3.8657               2.7845               0.7579


Energy:                 -652.919040 Convergence criteria  Is converged 
Maximum Force:             0.002702     0.002850  Yes
RMS Force:                 0.001226     0.001900  Yes
Maximum Displacement:      0.001690     0.003150  Yes
RMS Displacement:          0.000647     0.002100  Yes

LBFGS converged at iteration 35.
Final frame written to /home/hungn/Desktop/MyRepo/MLP/MAPLE/maple/function/dispatcher/parmfit/example/demo2_torsionfit_v2_torsionfit_15-18_opt.xyz
Complete trajectory written to /home/hungn/Desktop/MyRepo/MLP/MAPLE/maple/function/dispatcher/parmfit/example/demo2_torsionfit_v2_torsionfit_15-18_traj.xyz

----------------------------------------------------------------------
            Scanning combination 31/37: [392.85]

======================================================================
LBFGS Parameters
======================================================================
memory:     5
curvature:  70.0
max_step:   0.2
max_iter:   256
write_traj: False
traj_every: 1
verbose:    0
======================================================================


                             Coordinates                              
----------------------------------------------------------------------
0    C               -3.5433               0.9787               1.1251
1    C               -2.1857               0.9131               1.2879
2    C               -1.3755               0.2256               0.3458
3    C               -1.9949              -0.4229              -0.7496
4    C               -3.4020              -0.3124              -0.9153
5    C               -4.1585               0.3692               0.0022
6    H                0.4806               0.7249               1.3170
7    H               -4.1595               1.4970               1.8559
8    H               -1.7033               1.3723               2.1495
9    C                0.0407               0.1826               0.4832
10   C               -1.1750              -1.1608              -1.6483
11   H               -3.8699              -0.7853              -1.7767
12   H               -5.2354               0.4470              -0.1223
13   C                0.1781              -1.2231              -1.4600
14   C                0.8186              -0.5466              -0.3830
15   H               -1.6371              -1.6488              -2.5041
16   H                0.7951              -1.7731              -2.1697
17   C                2.3366              -0.5155              -0.3930
18   C                3.0061              -0.3086               0.9753
19   H                2.6901               0.2492              -1.0954
20   H                2.6868              -1.4802              -0.7821
21   H                4.0292              -0.7003               0.9465
22   H                2.4647              -0.8408               1.7608
23   C                3.0915               1.1575               1.3423
24   O                2.5161               1.7035               2.2543
25   O                3.8907               1.8351               0.4916
26   H                3.8559               2.7661               0.7662


Energy:                 -652.917741 Convergence criteria  Is converged 
Maximum Force:             0.002184     0.002850  Yes
RMS Force:                 0.001543     0.001900  Yes
Maximum Displacement:      0.001990     0.003150  Yes
RMS Displacement:          0.000993     0.002100  Yes

LBFGS converged at iteration 14.
Final frame written to /home/hungn/Desktop/MyRepo/MLP/MAPLE/maple/function/dispatcher/parmfit/example/demo2_torsionfit_v2_torsionfit_15-18_opt.xyz
Complete trajectory written to /home/hungn/Desktop/MyRepo/MLP/MAPLE/maple/function/dispatcher/parmfit/example/demo2_torsionfit_v2_torsionfit_15-18_traj.xyz

----------------------------------------------------------------------
            Scanning combination 32/37: [402.85]

======================================================================
LBFGS Parameters
======================================================================
memory:     5
curvature:  70.0
max_step:   0.2
max_iter:   256
write_traj: False
traj_every: 1
verbose:    0
======================================================================


                             Coordinates                              
----------------------------------------------------------------------
0    C               -3.5575               1.0827               1.0354
1    C               -2.1942               1.0805               1.1577
2    C               -1.3899               0.2974               0.2881
3    C               -2.0209              -0.5084              -0.6904
4    C               -3.4377              -0.4903              -0.7954
5    C               -4.1879               0.2955               0.0389
6    H                0.4831               0.9584               1.1259
7    H               -4.1665               1.6963               1.6941
8    H               -1.7038               1.6839               1.9204
9    C                0.0314               0.3295               0.3639
10   C               -1.2060              -1.2919              -1.5511
11   H               -3.9138              -1.0970              -1.5624
12   H               -5.2699               0.3244              -0.0597
13   C                0.1563              -1.2376              -1.4521
14   C                0.8057              -0.4079              -0.4971
15   H               -1.6829              -1.9222              -2.2995
16   H                0.7701              -1.8324              -2.1256
17   C                2.3220              -0.3530              -0.5212
18   C                3.0186              -0.3480               0.8534
19   H                2.6601               0.5164              -1.0994
20   H                2.6726              -1.2335              -1.0687
21   H                4.0368              -0.7352               0.7343
22   H                2.4914              -0.9971               1.5564
23   C                3.1384               1.0220               1.4816
24   O                2.5363               1.4099               2.4549
25   O                4.0170               1.8064               0.8235
26   H                4.0314               2.6545               1.2982


Energy:                 -652.918677 Convergence criteria  Is converged 
Maximum Force:             0.001445     0.002850  Yes
RMS Force:                 0.001007     0.001900  Yes
Maximum Displacement:      0.001616     0.003150  Yes
RMS Displacement:          0.000925     0.002100  Yes

LBFGS converged at iteration 45.
Final frame written to /home/hungn/Desktop/MyRepo/MLP/MAPLE/maple/function/dispatcher/parmfit/example/demo2_torsionfit_v2_torsionfit_15-18_opt.xyz
Complete trajectory written to /home/hungn/Desktop/MyRepo/MLP/MAPLE/maple/function/dispatcher/parmfit/example/demo2_torsionfit_v2_torsionfit_15-18_traj.xyz

----------------------------------------------------------------------
            Scanning combination 33/37: [412.85]

======================================================================
LBFGS Parameters
======================================================================
memory:     5
curvature:  70.0
max_step:   0.2
max_iter:   256
write_traj: False
traj_every: 1
verbose:    0
======================================================================


                             Coordinates                              
----------------------------------------------------------------------
0    C               -3.5617               1.0890               1.0303
1    C               -2.1969               1.1128               1.1340
2    C               -1.3917               0.3312               0.2628
3    C               -2.0185              -0.4935              -0.7020
4    C               -3.4368              -0.4908              -0.7971
5    C               -4.1898               0.2834               0.0467
6    H                0.4803               1.0338               1.0672
7    H               -4.1736               1.6917               1.6968
8    H               -1.7064               1.7324               1.8832
9    C                0.0279               0.3736               0.3320
10   C               -1.2001              -1.3054              -1.5342
11   H               -3.9130              -1.1081              -1.5560
12   H               -5.2737               0.2874              -0.0328
13   C                0.1629              -1.2730              -1.4118
14   C                0.8079              -0.4132              -0.4803
15   H               -1.6747              -1.9441              -2.2762
16   H                0.7771              -1.9090              -2.0471
17   C                2.3207              -0.2981              -0.5197
18   C                3.0322              -0.3924               0.8489
19   H                2.6275               0.6322              -1.0126
20   H                2.6944              -1.1082              -1.1553
21   H                4.0496              -0.7710               0.7055
22   H                2.5057              -1.0616               1.5341
23   C                3.1440               0.9682               1.4986
24   O                2.5134               1.3646               2.4503
25   O                4.0300               1.7533               0.8490
26   H                4.0036               2.6183               1.2897


Energy:                 -652.917922 Convergence criteria  Is converged 
Maximum Force:             0.002071     0.002850  Yes
RMS Force:                 0.001319     0.001900  Yes
Maximum Displacement:      0.002367     0.003150  Yes
RMS Displacement:          0.001765     0.002100  Yes

LBFGS converged at iteration 20.
Final frame written to /home/hungn/Desktop/MyRepo/MLP/MAPLE/maple/function/dispatcher/parmfit/example/demo2_torsionfit_v2_torsionfit_15-18_opt.xyz
Complete trajectory written to /home/hungn/Desktop/MyRepo/MLP/MAPLE/maple/function/dispatcher/parmfit/example/demo2_torsionfit_v2_torsionfit_15-18_traj.xyz

----------------------------------------------------------------------
            Scanning combination 34/37: [422.85]

======================================================================
LBFGS Parameters
======================================================================
memory:     5
curvature:  70.0
max_step:   0.2
max_iter:   256
write_traj: False
traj_every: 1
verbose:    0
======================================================================


                             Coordinates                              
----------------------------------------------------------------------
0    C               -3.5896               1.1703               0.9409
1    C               -2.2257               1.2691               1.0023
2    C               -1.4006               0.4205               0.2166
3    C               -2.0128              -0.5476              -0.6191
4    C               -3.4305              -0.6163              -0.6788
5    C               -4.2015               0.2260               0.0774
6    H                0.4685               1.2847               0.8761
7    H               -4.2149               1.8288               1.5383
8    H               -1.7533               1.9975               1.6603
9    C                0.0186               0.5353               0.2294
10   C               -1.1850              -1.4047              -1.3923
11   H               -3.8919              -1.3452              -1.3422
12   H               -5.2859               0.1779               0.0206
13   C                0.1741              -1.2653              -1.3590
14   C                0.8007              -0.2747              -0.5568
15   H               -1.6479              -2.1655              -2.0174
16   H                0.8049              -1.9208              -1.9566
17   C                2.3085              -0.1526              -0.6268
18   C                3.0483              -0.4251               0.7020
19   H                2.5954               0.8387              -0.9999
20   H                2.6631              -0.8757              -1.3688
21   H                4.0651              -0.7662               0.4820
22   H                2.5363              -1.2022               1.2740
23   C                3.1572               0.7979               1.5802
24   O                2.5147               1.0120               2.5810
25   O                4.0673               1.6786               1.1115
26   H                4.0574               2.4282               1.7293


Energy:                 -652.918708 Convergence criteria  Is converged 
Maximum Force:             0.002658     0.002850  Yes
RMS Force:                 0.001611     0.001900  Yes
Maximum Displacement:      0.001853     0.003150  Yes
RMS Displacement:          0.001186     0.002100  Yes

LBFGS converged at iteration 42.
Final frame written to /home/hungn/Desktop/MyRepo/MLP/MAPLE/maple/function/dispatcher/parmfit/example/demo2_torsionfit_v2_torsionfit_15-18_opt.xyz
Complete trajectory written to /home/hungn/Desktop/MyRepo/MLP/MAPLE/maple/function/dispatcher/parmfit/example/demo2_torsionfit_v2_torsionfit_15-18_traj.xyz

----------------------------------------------------------------------
            Scanning combination 35/37: [432.85]

======================================================================
LBFGS Parameters
======================================================================
memory:     5
curvature:  70.0
max_step:   0.2
max_iter:   256
write_traj: False
traj_every: 1
verbose:    0
======================================================================


                             Coordinates                              
----------------------------------------------------------------------
0    C               -3.5937               1.1840               0.9285
1    C               -2.2306               1.3009               0.9680
2    C               -1.4066               0.4523               0.1823
3    C               -2.0146              -0.5389              -0.6277
4    C               -3.4334              -0.6227              -0.6707
5    C               -4.2035               0.2145               0.0926
6    H                0.4570               1.3563               0.7972
7    H               -4.2183               1.8400               1.5298
8    H               -1.7564               2.0461               1.6043
9    C                0.0107               0.5760               0.1862
10   C               -1.1787              -1.4170              -1.3692
11   H               -3.8964              -1.3672              -1.3153
12   H               -5.2875               0.1499               0.0559
13   C                0.1838              -1.2983              -1.3104
14   C                0.8060              -0.2785              -0.5374
15   H               -1.6405              -2.1795              -1.9941
16   H                0.8145              -1.9884              -1.8687
17   C                2.3093              -0.0988              -0.6113
18   C                3.0708              -0.4691               0.6847
19   H                2.5680               0.9325              -0.8822
20   H                2.6832              -0.7301              -1.4245
21   H                4.0931              -0.7695               0.4346
22   H                2.5815              -1.2845               1.2222
23   C                3.1532               0.7348               1.5908
24   O                2.4828               0.9476               2.5724
25   O                4.0663               1.6220               1.1366
26   H                4.0203               2.3891               1.7296


Energy:                 -652.918007 Convergence criteria  Is converged 
Maximum Force:             0.002097     0.002850  Yes
RMS Force:                 0.001306     0.001900  Yes
Maximum Displacement:      0.001643     0.003150  Yes
RMS Displacement:          0.000922     0.002100  Yes

LBFGS converged at iteration 23.
Final frame written to /home/hungn/Desktop/MyRepo/MLP/MAPLE/maple/function/dispatcher/parmfit/example/demo2_torsionfit_v2_torsionfit_15-18_opt.xyz
Complete trajectory written to /home/hungn/Desktop/MyRepo/MLP/MAPLE/maple/function/dispatcher/parmfit/example/demo2_torsionfit_v2_torsionfit_15-18_traj.xyz

----------------------------------------------------------------------
            Scanning combination 36/37: [442.85]

======================================================================
LBFGS Parameters
======================================================================
memory:     5
curvature:  70.0
max_step:   0.2
max_iter:   256
write_traj: False
traj_every: 1
verbose:    0
======================================================================


                             Coordinates                              
----------------------------------------------------------------------
0    C               -3.6308               1.2765               0.8059
1    C               -2.2729               1.4530               0.8245
2    C               -1.4139               0.5461               0.1471
3    C               -1.9854              -0.5695              -0.5168
4    C               -3.3972              -0.7260              -0.5230
5    C               -4.2018               0.1767               0.1183
6    H                0.4175               1.5970               0.6129
7    H               -4.2823               1.9778               1.3201
8    H               -1.8342               2.3001               1.3490
9    C               -0.0026               0.7345               0.0994
10   C               -1.1263              -1.4929              -1.1694
11   H               -3.8247              -1.5722              -1.0562
12   H               -5.2818               0.0606               0.0981
13   C                0.2219              -1.2739              -1.2098
14   C                0.8052              -0.1351              -0.5915
15   H               -1.5580              -2.3699              -1.6483
16   H                0.8727              -1.9710              -1.7351
17   C                2.2996               0.0494              -0.7161
18   C                3.0994              -0.4778               0.4948
19   H                2.5500               1.1023              -0.8872
20   H                2.6278              -0.4954              -1.6066
21   H                4.1325              -0.6769               0.1915
22   H                2.6574              -1.4021               0.8720
23   C                3.1342               0.5103               1.6324
24   O                2.4796               0.4559               2.6456
25   O                3.9992               1.5205               1.3890
26   H                3.9554               2.1054               2.1635


Energy:                 -652.919013 Convergence criteria  Is converged 
Maximum Force:             0.002773     0.002850  Yes
RMS Force:                 0.001527     0.001900  Yes
Maximum Displacement:      0.002937     0.003150  Yes
RMS Displacement:          0.001859     0.002100  Yes

LBFGS converged at iteration 41.
Final frame written to /home/hungn/Desktop/MyRepo/MLP/MAPLE/maple/function/dispatcher/parmfit/example/demo2_torsionfit_v2_torsionfit_15-18_opt.xyz
Complete trajectory written to /home/hungn/Desktop/MyRepo/MLP/MAPLE/maple/function/dispatcher/parmfit/example/demo2_torsionfit_v2_torsionfit_15-18_traj.xyz

----------------------------------------------------------------------
            Scanning combination 37/37: [452.85]

======================================================================
LBFGS Parameters
======================================================================
memory:     5
curvature:  70.0
max_step:   0.2
max_iter:   256
write_traj: False
traj_every: 1
verbose:    0
======================================================================


                             Coordinates                              
----------------------------------------------------------------------
0    C               -3.6343               1.2853               0.7992
1    C               -2.2781               1.4736               0.7922
2    C               -1.4227               0.5628               0.1165
3    C               -1.9913              -0.5661              -0.5253
4    C               -3.4040              -0.7300              -0.5152
5    C               -4.2068               0.1762               0.1254
6    H                0.3966               1.6565               0.5161
7    H               -4.2837               1.9828               1.3218
8    H               -1.8345               2.3262               1.3041
9    C               -0.0151               0.7623               0.0533
10   C               -1.1227              -1.4937              -1.1602
11   H               -3.8358              -1.5853              -1.0311
12   H               -5.2861               0.0442               0.1345
13   C                0.2317              -1.2986              -1.1544
14   C                0.8132              -0.1502              -0.5503
15   H               -1.5527              -2.3607              -1.6580
16   H                0.8811              -2.0181              -1.6481
17   C                2.3024               0.0834              -0.6816
18   C                3.1323              -0.5161               0.4771
19   H                2.5245               1.1523              -0.7631
20   H                2.6386              -0.3746              -1.6183
21   H                4.1654              -0.6765               0.1538
22   H                2.7115              -1.4645               0.8174
23   C                3.1447               0.4565               1.6305
24   O                2.4628               0.4043               2.6248
25   O                3.9972               1.4815               1.3956
26   H                3.9062               2.0899               2.1472


Energy:                 -652.918171 Convergence criteria  Is converged 
Maximum Force:             0.002389     0.002850  Yes
RMS Force:                 0.001285     0.001900  Yes
Maximum Displacement:      0.002699     0.003150  Yes
RMS Displacement:          0.001551     0.002100  Yes

LBFGS converged at iteration 18.
Final frame written to /home/hungn/Desktop/MyRepo/MLP/MAPLE/maple/function/dispatcher/parmfit/example/demo2_torsionfit_v2_torsionfit_15-18_opt.xyz
Complete trajectory written to /home/hungn/Desktop/MyRepo/MLP/MAPLE/maple/function/dispatcher/parmfit/example/demo2_torsionfit_v2_torsionfit_15-18_traj.xyz

======================================================================
Scan completed! Total points: 37Results saved to: /home/hungn/Desktop/MyRepo/MLP/MAPLE/maple/function/dispatcher/parmfit/example/demo2_torsionfit_v2_torsionfit_15-18_scan_final.xyz
Energy range: -652.920850 to -652.916658 eV
