
----------------------------------------------------------------------
            Scanning combination 1/73: [360.00]

======================================================================
LBFGS Parameters
======================================================================
memory:     5
curvature:  70.0
max_step:   0.2
max_iter:   256
write_traj: False
traj_every: 1
verbose:    0
======================================================================


                             Coordinates                              
----------------------------------------------------------------------
0    C               -2.3402               0.1513              -0.2351
1    C               -1.0083               0.2132              -0.6623
2    C               -0.3059               1.4106              -0.6689
3    C               -0.9150               2.5863              -0.2473
4    C               -2.2366               2.5449               0.1802
5    C               -2.9367               1.3462               0.1858
6    C               -3.0951              -1.1384              -0.2287
7    C               -2.4987              -2.3333              -0.6496
8    C               -3.1988              -3.5320              -0.6440
9    C               -4.5203              -3.5734              -0.2164
10   C               -5.1295              -2.3977               0.2051
11   C               -4.4271              -1.2003               0.1986
12   H               -0.4933              -0.6795              -0.9997
13   H                0.7267               1.4233              -1.0066
14   H               -0.3670               3.5226              -0.2521
15   H               -2.7297               3.4539               0.5134
16   H               -3.9657               1.3605               0.5275
17   H               -1.4697              -2.3477              -0.9913
18   H               -2.7057              -4.4410              -0.9772
19   H               -5.0684              -4.5097              -0.2117
20   H               -6.1620              -2.4104               0.5429
21   H               -4.9421              -0.3076               0.5359


Energy:                 -463.170773 Convergence criteria  Is converged 
Maximum Force:             0.001496     0.002850  Yes
RMS Force:                 0.001189     0.001900  Yes
Maximum Displacement:      0.000021     0.003150  Yes
RMS Displacement:          0.000017     0.002100  Yes

LBFGS converged at iteration 1.
Final frame written to /home/hungn/Desktop/MyRepo/MLP/MAPLE/maple/function/dispatcher/parmfit/example/demo_torsionfit_torsionfit_1-7_opt.xyz
Complete trajectory written to /home/hungn/Desktop/MyRepo/MLP/MAPLE/maple/function/dispatcher/parmfit/example/demo_torsionfit_torsionfit_1-7_traj.xyz

----------------------------------------------------------------------
            Scanning combination 2/73: [365.00]

======================================================================
LBFGS Parameters
======================================================================
memory:     5
curvature:  70.0
max_step:   0.2
max_iter:   256
write_traj: False
traj_every: 1
verbose:    0
======================================================================


                             Coordinates                              
----------------------------------------------------------------------
0    C               -2.3328               0.1494              -0.2159
1    C               -1.0089               0.2183              -0.6734
2    C               -0.3050               1.4160              -0.6768
3    C               -0.9124               2.5910              -0.2474
4    C               -2.2339               2.5486               0.1845
5    C               -2.9303               1.3468               0.2010
6    C               -3.1024              -1.1366              -0.2480
7    C               -2.4965              -2.3393              -0.6392
8    C               -3.1981              -3.5384              -0.6368
9    C               -4.5231              -3.5780              -0.2163
10   C               -5.1340              -2.4004               0.2016
11   C               -4.4344              -1.2004               0.1837
12   H               -0.4913              -0.6739              -1.0106
13   H                0.7300               1.4226              -1.0116
14   H               -0.3636               3.5284              -0.2513
15   H               -2.7335               3.4570               0.5139
16   H               -3.9644               1.3660               0.5313
17   H               -1.4672              -2.3560              -0.9824
18   H               -2.7014              -4.4449              -0.9756
19   H               -5.0721              -4.5153              -0.2123
20   H               -6.1658              -2.4089               0.5457
21   H               -4.9480              -0.3103               0.5342


Energy:                 -463.170446 Convergence criteria  Is converged 
Maximum Force:             0.001675     0.002850  Yes
RMS Force:                 0.001186     0.001900  Yes
Maximum Displacement:      0.003109     0.003150  Yes
RMS Displacement:          0.001895     0.002100  Yes

LBFGS converged at iteration 9.
Final frame written to /home/hungn/Desktop/MyRepo/MLP/MAPLE/maple/function/dispatcher/parmfit/example/demo_torsionfit_torsionfit_1-7_opt.xyz
Complete trajectory written to /home/hungn/Desktop/MyRepo/MLP/MAPLE/maple/function/dispatcher/parmfit/example/demo_torsionfit_torsionfit_1-7_traj.xyz

----------------------------------------------------------------------
            Scanning combination 3/73: [370.00]

======================================================================
LBFGS Parameters
======================================================================
memory:     5
curvature:  70.0
max_step:   0.2
max_iter:   256
write_traj: False
traj_every: 1
verbose:    0
======================================================================


                             Coordinates                              
----------------------------------------------------------------------
0    C               -2.3401               0.1535              -0.2490
1    C               -1.0469               0.2439              -0.7832
2    C               -0.3429               1.4432              -0.7761
3    C               -0.9165               2.5959              -0.2506
4    C               -2.1972               2.5252               0.2851
5    C               -2.8869               1.3192               0.3066
6    C               -3.0888              -1.1444              -0.2177
7    C               -2.4647              -2.3612              -0.5267
8    C               -3.1735              -3.5577              -0.5317
9    C               -4.5263              -3.5786              -0.2100
10   C               -5.1626              -2.3817               0.0975
11   C               -4.4607              -1.1829               0.0705
12   H               -0.5789              -0.6174              -1.2506
13   H                0.6650               1.4721              -1.1819
14   H               -0.3681               3.5342              -0.2480
15   H               -2.6713               3.4171               0.6884
16   H               -3.8580               1.2980               0.7930
17   H               -1.3993              -2.4008              -0.7337
18   H               -2.6613              -4.4797              -0.7944
19   H               -5.0798              -4.5139              -0.2103
20   H               -6.2165              -2.3759               0.3662
21   H               -5.0138              -0.2662               0.2545


Energy:                 -463.171368 Convergence criteria  Is converged 
Maximum Force:             0.002260     0.002850  Yes
RMS Force:                 0.001537     0.001900  Yes
Maximum Displacement:      0.002095     0.003150  Yes
RMS Displacement:          0.001254     0.002100  Yes

LBFGS converged at iteration 19.
Final frame written to /home/hungn/Desktop/MyRepo/MLP/MAPLE/maple/function/dispatcher/parmfit/example/demo_torsionfit_torsionfit_1-7_opt.xyz
Complete trajectory written to /home/hungn/Desktop/MyRepo/MLP/MAPLE/maple/function/dispatcher/parmfit/example/demo_torsionfit_torsionfit_1-7_traj.xyz

----------------------------------------------------------------------
            Scanning combination 4/73: [375.00]

======================================================================
LBFGS Parameters
======================================================================
memory:     5
curvature:  70.0
max_step:   0.2
max_iter:   256
write_traj: False
traj_every: 1
verbose:    0
======================================================================


                             Coordinates                              
----------------------------------------------------------------------
0    C               -2.3517               0.1589              -0.2536
1    C               -1.0844               0.2553              -0.8428
2    C               -0.3805               1.4537              -0.8536
3    C               -0.9124               2.5875              -0.2490
4    C               -2.1595               2.5057               0.3617
5    C               -2.8665               1.3090               0.3588
6    C               -3.0937              -1.1400              -0.2058
7    C               -2.4507              -2.3592              -0.4568
8    C               -3.1483              -3.5607              -0.4485
9    C               -4.5196              -3.5768              -0.2164
10   C               -5.1801              -2.3739               0.0120
11   C               -4.4768              -1.1754               0.0164
12   H               -0.6409              -0.6069              -1.3320
13   H                0.5924               1.4974              -1.3373
14   H               -0.3603               3.5232              -0.2521
15   H               -2.5868               3.3793               0.8478
16   H               -3.8267               1.2762               0.8661
17   H               -1.3794              -2.3866              -0.6337
18   H               -2.6136              -4.4904              -0.6280
19   H               -5.0668              -4.5151              -0.2154
20   H               -6.2534              -2.3661               0.1857
21   H               -5.0296              -0.2535               0.1745


Energy:                 -463.172458 Convergence criteria  Is converged 
Maximum Force:             0.001246     0.002850  Yes
RMS Force:                 0.000887     0.001900  Yes
Maximum Displacement:      0.002222     0.003150  Yes
RMS Displacement:          0.001332     0.002100  Yes

LBFGS converged at iteration 24.
Final frame written to /home/hungn/Desktop/MyRepo/MLP/MAPLE/maple/function/dispatcher/parmfit/example/demo_torsionfit_torsionfit_1-7_opt.xyz
Complete trajectory written to /home/hungn/Desktop/MyRepo/MLP/MAPLE/maple/function/dispatcher/parmfit/example/demo_torsionfit_torsionfit_1-7_traj.xyz

----------------------------------------------------------------------
            Scanning combination 5/73: [380.00]

======================================================================
LBFGS Parameters
======================================================================
memory:     5
curvature:  70.0
max_step:   0.2
max_iter:   256
write_traj: False
traj_every: 1
verbose:    0
======================================================================


                             Coordinates                              
----------------------------------------------------------------------
0    C               -2.3415               0.1528              -0.2333
1    C               -1.0871               0.2553              -0.8488
2    C               -0.3844               1.4539              -0.8598
3    C               -0.9145               2.5861              -0.2503
4    C               -2.1586               2.5026               0.3668
5    C               -2.8600               1.3027               0.3761
6    C               -3.0976              -1.1376              -0.2288
7    C               -2.4480              -2.3590              -0.4507
8    C               -3.1461              -3.5599              -0.4417
9    C               -4.5184              -3.5748              -0.2147
10   C               -5.1804              -2.3711               0.0066
11   C               -4.4799              -1.1711              -0.0023
12   H               -0.6491              -0.6043              -1.3481
13   H                0.5918               1.4957              -1.3377
14   H               -0.3620               3.5214              -0.2516
15   H               -2.5916               3.3785               0.8439
16   H               -3.8258               1.2737               0.8724
17   H               -1.3746              -2.3872              -0.6161
18   H               -2.6122              -4.4892              -0.6279
19   H               -5.0662              -4.5127              -0.2154
20   H               -6.2520              -2.3633               0.1912
21   H               -5.0309              -0.2507               0.1685


Energy:                 -463.172895 Convergence criteria  Is converged 
Maximum Force:             0.002082     0.002850  Yes
RMS Force:                 0.001331     0.001900  Yes
Maximum Displacement:      0.000978     0.003150  Yes
RMS Displacement:          0.000727     0.002100  Yes

LBFGS converged at iteration 7.
Final frame written to /home/hungn/Desktop/MyRepo/MLP/MAPLE/maple/function/dispatcher/parmfit/example/demo_torsionfit_torsionfit_1-7_opt.xyz
Complete trajectory written to /home/hungn/Desktop/MyRepo/MLP/MAPLE/maple/function/dispatcher/parmfit/example/demo_torsionfit_torsionfit_1-7_traj.xyz

----------------------------------------------------------------------
            Scanning combination 6/73: [385.00]

======================================================================
LBFGS Parameters
======================================================================
memory:     5
curvature:  70.0
max_step:   0.2
max_iter:   256
write_traj: False
traj_every: 1
verbose:    0
======================================================================


                             Coordinates                              
----------------------------------------------------------------------
0    C               -2.3479               0.1535              -0.2518
1    C               -1.1279               0.2735              -0.9267
2    C               -0.4285               1.4747              -0.9351
3    C               -0.9229               2.5802              -0.2496
4    C               -2.1234               2.4701               0.4456
5    C               -2.8249               1.2709               0.4434
6    C               -3.0896              -1.1393              -0.2110
7    C               -2.4295              -2.3640              -0.3629
8    C               -3.1323              -3.5632              -0.3531
9    C               -4.5167              -3.5648              -0.2124
10   C               -5.1902              -2.3538              -0.0835
11   C               -4.4834              -1.1577              -0.0834
12   H               -0.7331              -0.5707              -1.4869
13   H                0.5117               1.5425              -1.4769
14   H               -0.3765               3.5191              -0.2550
15   H               -2.5202               3.3218               0.9927
16   H               -3.7449               1.1972               1.0181
17   H               -1.3461              -2.3882              -0.4527
18   H               -2.5924              -4.5006              -0.4622
19   H               -5.0668              -4.5016              -0.2055
20   H               -6.2724              -2.3366               0.0198
21   H               -5.0315              -0.2214              -0.0125


Energy:                 -463.174092 Convergence criteria  Is converged 
Maximum Force:             0.000545     0.002850  Yes
RMS Force:                 0.000349     0.001900  Yes
Maximum Displacement:      0.000370     0.003150  Yes
RMS Displacement:          0.000259     0.002100  Yes

LBFGS converged at iteration 26.
Final frame written to /home/hungn/Desktop/MyRepo/MLP/MAPLE/maple/function/dispatcher/parmfit/example/demo_torsionfit_torsionfit_1-7_opt.xyz
Complete trajectory written to /home/hungn/Desktop/MyRepo/MLP/MAPLE/maple/function/dispatcher/parmfit/example/demo_torsionfit_torsionfit_1-7_traj.xyz

----------------------------------------------------------------------
            Scanning combination 7/73: [390.00]

======================================================================
LBFGS Parameters
======================================================================
memory:     5
curvature:  70.0
max_step:   0.2
max_iter:   256
write_traj: False
traj_every: 1
verbose:    0
======================================================================


                             Coordinates                              
----------------------------------------------------------------------
0    C               -2.3371               0.1476              -0.2327
1    C               -1.1324               0.2768              -0.9333
2    C               -0.4324               1.4771              -0.9414
3    C               -0.9225               2.5804              -0.2497
4    C               -2.1211               2.4685               0.4490
5    C               -2.8171               1.2659               0.4583
6    C               -3.0927              -1.1380              -0.2334
7    C               -2.4296              -2.3646              -0.3543
8    C               -3.1318              -3.5636              -0.3453
9    C               -4.5168              -3.5653              -0.2125
10   C               -5.1902              -2.3536              -0.0879
11   C               -4.4858              -1.1558              -0.1008
12   H               -0.7388              -0.5675              -1.4941
13   H                0.5097               1.5437              -1.4802
14   H               -0.3749               3.5186              -0.2537
15   H               -2.5203               3.3227               0.9901
16   H               -3.7451               1.1984               1.0209
17   H               -1.3461              -2.3881              -0.4430
18   H               -2.5920              -4.5007              -0.4582
19   H               -5.0667              -4.5020              -0.2075
20   H               -6.2715              -2.3379               0.0221
21   H               -5.0341              -0.2210              -0.0141


Energy:                 -463.174394 Convergence criteria  Is converged 
Maximum Force:             0.001672     0.002850  Yes
RMS Force:                 0.001110     0.001900  Yes
Maximum Displacement:      0.001135     0.003150  Yes
RMS Displacement:          0.000688     0.002100  Yes

LBFGS converged at iteration 7.
Final frame written to /home/hungn/Desktop/MyRepo/MLP/MAPLE/maple/function/dispatcher/parmfit/example/demo_torsionfit_torsionfit_1-7_opt.xyz
Complete trajectory written to /home/hungn/Desktop/MyRepo/MLP/MAPLE/maple/function/dispatcher/parmfit/example/demo_torsionfit_torsionfit_1-7_traj.xyz

----------------------------------------------------------------------
            Scanning combination 8/73: [395.00]

======================================================================
LBFGS Parameters
======================================================================
memory:     5
curvature:  70.0
max_step:   0.2
max_iter:   256
write_traj: False
traj_every: 1
verbose:    0
======================================================================


                             Coordinates                              
----------------------------------------------------------------------
0    C               -2.3426               0.1494              -0.2449
1    C               -1.1728               0.2953              -0.9974
2    C               -0.4739               1.4978              -1.0029
3    C               -0.9293               2.5773              -0.2522
4    C               -2.0863               2.4422               0.5099
5    C               -2.7818               1.2383               0.5149
6    C               -3.0887              -1.1389              -0.2207
7    C               -2.4193              -2.3656              -0.2771
8    C               -3.1246              -3.5638              -0.2686
9    C               -4.5151              -3.5593              -0.2077
10   C               -5.1943              -2.3450              -0.1622
11   C               -4.4866              -1.1487              -0.1727
12   H               -0.8209              -0.5301              -1.6120
13   H                0.4396               1.5858              -1.5852
14   H               -0.3786               3.5143              -0.2477
15   H               -2.4585               3.2789               1.0953
16   H               -3.6636               1.1301               1.1431
17   H               -1.3319              -2.3856              -0.2953
18   H               -2.5852              -4.5058              -0.3254
19   H               -5.0679              -4.4948              -0.2113
20   H               -6.2798              -2.3256              -0.1067
21   H               -5.0274              -0.2045              -0.1752


Energy:                 -463.175148 Convergence criteria  Is converged 
Maximum Force:             0.002363     0.002850  Yes
RMS Force:                 0.001284     0.001900  Yes
Maximum Displacement:      0.001129     0.003150  Yes
RMS Displacement:          0.000737     0.002100  Yes

LBFGS converged at iteration 20.
Final frame written to /home/hungn/Desktop/MyRepo/MLP/MAPLE/maple/function/dispatcher/parmfit/example/demo_torsionfit_torsionfit_1-7_opt.xyz
Complete trajectory written to /home/hungn/Desktop/MyRepo/MLP/MAPLE/maple/function/dispatcher/parmfit/example/demo_torsionfit_torsionfit_1-7_traj.xyz

----------------------------------------------------------------------
            Scanning combination 9/73: [400.00]

======================================================================
LBFGS Parameters
======================================================================
memory:     5
curvature:  70.0
max_step:   0.2
max_iter:   256
write_traj: False
traj_every: 1
verbose:    0
======================================================================


                             Coordinates                              
----------------------------------------------------------------------
0    C               -2.3297               0.1422              -0.2271
1    C               -1.1773               0.3001              -1.0040
2    C               -0.4766               1.5006              -1.0068
3    C               -0.9266               2.5759              -0.2473
4    C               -2.0845               2.4399               0.5137
5    C               -2.7737               1.2322               0.5281
6    C               -3.0895              -1.1388              -0.2438
7    C               -2.4206              -2.3670              -0.2678
8    C               -3.1253              -3.5646              -0.2632
9    C               -4.5161              -3.5590              -0.2133
10   C               -5.1942              -2.3438              -0.1668
11   C               -4.4871              -1.1472              -0.1892
12   H               -0.8262              -0.5282              -1.6151
13   H                0.4342               1.5880              -1.5941
14   H               -0.3803               3.5151              -0.2508
15   H               -2.4552               3.2775               1.0986
16   H               -3.6667               1.1341               1.1413
17   H               -1.3331              -2.3835              -0.2893
18   H               -2.5833              -4.5058              -0.3149
19   H               -5.0673              -4.4950              -0.2077
20   H               -6.2796              -2.3262              -0.1115
21   H               -5.0303              -0.2050              -0.1707


Energy:                 -463.175119 Convergence criteria  Is converged 
Maximum Force:             0.002655     0.002850  Yes
RMS Force:                 0.001512     0.001900  Yes
Maximum Displacement:      0.001396     0.003150  Yes
RMS Displacement:          0.000740     0.002100  Yes

LBFGS converged at iteration 7.
Final frame written to /home/hungn/Desktop/MyRepo/MLP/MAPLE/maple/function/dispatcher/parmfit/example/demo_torsionfit_torsionfit_1-7_opt.xyz
Complete trajectory written to /home/hungn/Desktop/MyRepo/MLP/MAPLE/maple/function/dispatcher/parmfit/example/demo_torsionfit_torsionfit_1-7_traj.xyz

----------------------------------------------------------------------
            Scanning combination 10/73: [405.00]

======================================================================
LBFGS Parameters
======================================================================
memory:     5
curvature:  70.0
max_step:   0.2
max_iter:   256
write_traj: False
traj_every: 1
verbose:    0
======================================================================


                             Coordinates                              
----------------------------------------------------------------------
0    C               -2.3299               0.1415              -0.2392
1    C               -1.2140               0.3224              -1.0614
2    C               -0.5247               1.5303              -1.0690
3    C               -0.9342               2.5759              -0.2465
4    C               -2.0421               2.4066               0.5789
5    C               -2.7316               1.2001               0.5812
6    C               -3.0822              -1.1423              -0.2348
7    C               -2.4157              -2.3704              -0.1965
8    C               -3.1271              -3.5654              -0.1792
9    C               -4.5186              -3.5527              -0.2098
10   C               -5.1935              -2.3361              -0.2510
11   C               -4.4801              -1.1436              -0.2638
12   H               -0.9003              -0.4838              -1.7212
13   H                0.3409               1.6520              -1.7149
14   H               -0.3910               3.5169              -0.2474
15   H               -2.3759               3.2194               1.2180
16   H               -3.5846               1.0656               1.2426
17   H               -1.3287              -2.3871              -0.1526
18   H               -2.5911              -4.5104              -0.1497
19   H               -5.0738              -4.4867              -0.2035
20   H               -6.2796              -2.3146              -0.2658
21   H               -5.0112              -0.1959              -0.3163


Energy:                 -463.175608 Convergence criteria  Is converged 
Maximum Force:             0.001073     0.002850  Yes
RMS Force:                 0.000750     0.001900  Yes
Maximum Displacement:      0.000870     0.003150  Yes
RMS Displacement:          0.000493     0.002100  Yes

LBFGS converged at iteration 19.
Final frame written to /home/hungn/Desktop/MyRepo/MLP/MAPLE/maple/function/dispatcher/parmfit/example/demo_torsionfit_torsionfit_1-7_opt.xyz
Complete trajectory written to /home/hungn/Desktop/MyRepo/MLP/MAPLE/maple/function/dispatcher/parmfit/example/demo_torsionfit_torsionfit_1-7_traj.xyz

----------------------------------------------------------------------
            Scanning combination 11/73: [410.00]

======================================================================
LBFGS Parameters
======================================================================
memory:     5
curvature:  70.0
max_step:   0.2
max_iter:   256
write_traj: False
traj_every: 1
verbose:    0
======================================================================


                             Coordinates                              
----------------------------------------------------------------------
0    C               -2.3171               0.1344              -0.2234
1    C               -1.2220               0.3282              -1.0704
2    C               -0.5289               1.5332              -1.0753
3    C               -0.9332               2.5759              -0.2461
4    C               -2.0385               2.4042               0.5837
5    C               -2.7243               1.1946               0.5929
6    C               -3.0820              -1.1429              -0.2563
7    C               -2.4173              -2.3706              -0.1832
8    C               -3.1270              -3.5658              -0.1711
9    C               -4.5185              -3.5534              -0.2105
10   C               -5.1933              -2.3359              -0.2575
11   C               -4.4804              -1.1422              -0.2786
12   H               -0.9051              -0.4826              -1.7234
13   H                0.3390               1.6524              -1.7193
14   H               -0.3918               3.5179              -0.2483
15   H               -2.3745               3.2184               1.2207
16   H               -3.5874               1.0668               1.2431
17   H               -1.3298              -2.3848              -0.1478
18   H               -2.5896              -4.5106              -0.1452
19   H               -5.0743              -4.4870              -0.2021
20   H               -6.2800              -2.3142              -0.2689
21   H               -5.0134              -0.1942              -0.3148


Energy:                 -463.175163 Convergence criteria  Is converged 
Maximum Force:             0.001478     0.002850  Yes
RMS Force:                 0.001161     0.001900  Yes
Maximum Displacement:      0.001022     0.003150  Yes
RMS Displacement:          0.000616     0.002100  Yes

LBFGS converged at iteration 7.
Final frame written to /home/hungn/Desktop/MyRepo/MLP/MAPLE/maple/function/dispatcher/parmfit/example/demo_torsionfit_torsionfit_1-7_opt.xyz
Complete trajectory written to /home/hungn/Desktop/MyRepo/MLP/MAPLE/maple/function/dispatcher/parmfit/example/demo_torsionfit_torsionfit_1-7_traj.xyz

----------------------------------------------------------------------
            Scanning combination 12/73: [415.00]

======================================================================
LBFGS Parameters
======================================================================
memory:     5
curvature:  70.0
max_step:   0.2
max_iter:   256
write_traj: False
traj_every: 1
verbose:    0
======================================================================


                             Coordinates                              
----------------------------------------------------------------------
0    C               -2.3161               0.1338              -0.2386
1    C               -1.2609               0.3545              -1.1284
2    C               -0.5785               1.5666              -1.1311
3    C               -0.9434               2.5779              -0.2469
4    C               -1.9971               2.3708               0.6399
5    C               -2.6796               1.1595               0.6381
6    C               -3.0724              -1.1485              -0.2457
7    C               -2.4161              -2.3748              -0.1088
8    C               -3.1351              -3.5650              -0.0897
9    C               -4.5229              -3.5470              -0.2034
10   C               -5.1873              -2.3302              -0.3344
11   C               -4.4663              -1.1419              -0.3498
12   H               -0.9801              -0.4291              -1.8290
13   H                0.2476               1.7198              -1.8201
14   H               -0.4055               3.5224              -0.2434
15   H               -2.2966               3.1571               1.3276
16   H               -3.4975               0.9913               1.3365
17   H               -1.3327              -2.3925              -0.0079
18   H               -2.6108              -4.5119               0.0053
19   H               -5.0847              -4.4773              -0.1963
20   H               -6.2709              -2.3041              -0.4139
21   H               -4.9821              -0.1899              -0.4615


Energy:                 -463.175142 Convergence criteria  Is converged 
Maximum Force:             0.001712     0.002850  Yes
RMS Force:                 0.000929     0.001900  Yes
Maximum Displacement:      0.001652     0.003150  Yes
RMS Displacement:          0.000975     0.002100  Yes

LBFGS converged at iteration 20.
Final frame written to /home/hungn/Desktop/MyRepo/MLP/MAPLE/maple/function/dispatcher/parmfit/example/demo_torsionfit_torsionfit_1-7_opt.xyz
Complete trajectory written to /home/hungn/Desktop/MyRepo/MLP/MAPLE/maple/function/dispatcher/parmfit/example/demo_torsionfit_torsionfit_1-7_traj.xyz

----------------------------------------------------------------------
            Scanning combination 13/73: [420.00]

======================================================================
LBFGS Parameters
======================================================================
memory:     5
curvature:  70.0
max_step:   0.2
max_iter:   256
write_traj: False
traj_every: 1
verbose:    0
======================================================================


                             Coordinates                              
----------------------------------------------------------------------
0    C               -2.3010               0.1251              -0.2235
1    C               -1.2682               0.3618              -1.1354
2    C               -0.5829               1.5711              -1.1359
3    C               -0.9417               2.5778              -0.2442
4    C               -1.9945               2.3679               0.6434
5    C               -2.6702               1.1525               0.6496
6    C               -3.0698              -1.1501              -0.2686
7    C               -2.4199              -2.3756              -0.0969
8    C               -3.1372              -3.5658              -0.0821
9    C               -4.5239              -3.5473              -0.2065
10   C               -5.1863              -2.3295              -0.3396
11   C               -4.4647              -1.1413              -0.3661
12   H               -0.9862              -0.4260              -1.8309
13   H                0.2438               1.7211              -1.8257
14   H               -0.4066               3.5233              -0.2444
15   H               -2.2947               3.1561               1.3287
16   H               -3.4993               0.9944               1.3363
17   H               -1.3359              -2.3902              -0.0020
18   H               -2.6098              -4.5116               0.0120
19   H               -5.0851              -4.4774              -0.1947
20   H               -6.2703              -2.3046              -0.4162
21   H               -4.9850              -0.1903              -0.4593


Energy:                 -463.174310 Convergence criteria  Is converged 
Maximum Force:             0.002322     0.002850  Yes
RMS Force:                 0.001405     0.001900  Yes
Maximum Displacement:      0.000945     0.003150  Yes
RMS Displacement:          0.000615     0.002100  Yes

LBFGS converged at iteration 7.
Final frame written to /home/hungn/Desktop/MyRepo/MLP/MAPLE/maple/function/dispatcher/parmfit/example/demo_torsionfit_torsionfit_1-7_opt.xyz
Complete trajectory written to /home/hungn/Desktop/MyRepo/MLP/MAPLE/maple/function/dispatcher/parmfit/example/demo_torsionfit_torsionfit_1-7_traj.xyz

----------------------------------------------------------------------
            Scanning combination 14/73: [425.00]

======================================================================
LBFGS Parameters
======================================================================
memory:     5
curvature:  70.0
max_step:   0.2
max_iter:   256
write_traj: False
traj_every: 1
verbose:    0
======================================================================


                             Coordinates                              
----------------------------------------------------------------------
0    C               -2.2978               0.1241              -0.2414
1    C               -1.3081               0.3920              -1.1912
2    C               -0.6355               1.6105              -1.1888
3    C               -0.9520               2.5833              -0.2440
4    C               -1.9473               2.3326               0.6963
5    C               -2.6182               1.1152               0.6913
6    C               -3.0580              -1.1579              -0.2573
7    C               -2.4229              -2.3806              -0.0221
8    C               -3.1530              -3.5651               0.0008
9    C               -4.5311              -3.5425              -0.1988
10   C               -5.1755              -2.3282              -0.4180
11   C               -4.4443              -1.1465              -0.4396
12   H               -1.0662              -0.3629              -1.9366
13   H                0.1429               1.8023              -1.9221
14   H               -0.4210               3.5318              -0.2360
15   H               -2.2125               3.0906               1.4289
16   H               -3.3966               0.9152               1.4247
17   H               -1.3476              -2.3994               0.1440
18   H               -2.6469              -4.5117               0.1692
19   H               -5.1007              -4.4682              -0.1898
20   H               -6.2528              -2.2976              -0.5603
21   H               -4.9442              -0.1953              -0.6108


Energy:                 -463.174063 Convergence criteria  Is converged 
Maximum Force:             0.001504     0.002850  Yes
RMS Force:                 0.001110     0.001900  Yes
Maximum Displacement:      0.001559     0.003150  Yes
RMS Displacement:          0.001029     0.002100  Yes

LBFGS converged at iteration 20.
Final frame written to /home/hungn/Desktop/MyRepo/MLP/MAPLE/maple/function/dispatcher/parmfit/example/demo_torsionfit_torsionfit_1-7_opt.xyz
Complete trajectory written to /home/hungn/Desktop/MyRepo/MLP/MAPLE/maple/function/dispatcher/parmfit/example/demo_torsionfit_torsionfit_1-7_traj.xyz

----------------------------------------------------------------------
            Scanning combination 15/73: [430.00]

======================================================================
LBFGS Parameters
======================================================================
memory:     5
curvature:  70.0
max_step:   0.2
max_iter:   256
write_traj: False
traj_every: 1
verbose:    0
======================================================================


                             Coordinates                              
----------------------------------------------------------------------
0    C               -2.2821               0.1149              -0.2269
1    C               -1.3171               0.3996              -1.1974
2    C               -0.6411               1.6151              -1.1932
3    C               -0.9500               2.5828              -0.2413
4    C               -1.9442               2.3289               0.7002
5    C               -2.6073               1.1069               0.7032
6    C               -3.0546              -1.1600              -0.2803
7    C               -2.4279              -2.3800              -0.0097
8    C               -3.1556              -3.5649               0.0089
9    C               -4.5316              -3.5429              -0.2022
10   C               -5.1740              -2.3272              -0.4239
11   C               -4.4415              -1.1463              -0.4576
12   H               -1.0738              -0.3603              -1.9368
13   H                0.1383               1.8017              -1.9276
14   H               -0.4225               3.5328              -0.2379
15   H               -2.2094               3.0893               1.4302
16   H               -3.3982               0.9179               1.4263
17   H               -1.3518              -2.3951               0.1493
18   H               -2.6447              -4.5096               0.1757
19   H               -5.1008              -4.4682              -0.1872
20   H               -6.2517              -2.2988              -0.5634
21   H               -4.9476              -0.1951              -0.6102


Energy:                 -463.172951 Convergence criteria  Is converged 
Maximum Force:             0.002292     0.002850  Yes
RMS Force:                 0.001482     0.001900  Yes
Maximum Displacement:      0.001300     0.003150  Yes
RMS Displacement:          0.000738     0.002100  Yes

LBFGS converged at iteration 7.
Final frame written to /home/hungn/Desktop/MyRepo/MLP/MAPLE/maple/function/dispatcher/parmfit/example/demo_torsionfit_torsionfit_1-7_opt.xyz
Complete trajectory written to /home/hungn/Desktop/MyRepo/MLP/MAPLE/maple/function/dispatcher/parmfit/example/demo_torsionfit_torsionfit_1-7_traj.xyz

----------------------------------------------------------------------
            Scanning combination 16/73: [435.00]

======================================================================
LBFGS Parameters
======================================================================
memory:     5
curvature:  70.0
max_step:   0.2
max_iter:   256
write_traj: False
traj_every: 1
verbose:    0
======================================================================


                             Coordinates                              
----------------------------------------------------------------------
0    C               -2.2849               0.1173              -0.2456
1    C               -1.3678               0.4320              -1.2519
2    C               -0.7040               1.6559              -1.2448
3    C               -0.9610               2.5864              -0.2419
4    C               -1.8867               2.2893               0.7544
5    C               -2.5457               1.0654               0.7477
6    C               -3.0466              -1.1654              -0.2639
7    C               -2.4366              -2.3774               0.0709
8    C               -3.1762              -3.5566               0.0971
9    C               -4.5373              -3.5366              -0.1942
10   C               -5.1576              -2.3312              -0.5106
11   C               -4.4167              -1.1554              -0.5399
12   H               -1.1762              -0.2899              -2.0422
13   H                0.0207               1.8844              -2.0216
14   H               -0.4380               3.5396              -0.2332
15   H               -2.1049               3.0148               1.5337
16   H               -3.2726               0.8281               1.5216
17   H               -1.3760              -2.3911               0.3105
18   H               -2.6894              -4.4970               0.3410
19   H               -5.1133              -4.4586              -0.1796
20   H               -6.2226              -2.3028              -0.7256
21   H               -4.8959              -0.2095              -0.7834


Energy:                 -463.172658 Convergence criteria  Is converged 
Maximum Force:             0.001207     0.002850  Yes
RMS Force:                 0.000939     0.001900  Yes
Maximum Displacement:      0.001030     0.003150  Yes
RMS Displacement:          0.000622     0.002100  Yes

LBFGS converged at iteration 20.
Final frame written to /home/hungn/Desktop/MyRepo/MLP/MAPLE/maple/function/dispatcher/parmfit/example/demo_torsionfit_torsionfit_1-7_opt.xyz
Complete trajectory written to /home/hungn/Desktop/MyRepo/MLP/MAPLE/maple/function/dispatcher/parmfit/example/demo_torsionfit_torsionfit_1-7_traj.xyz

----------------------------------------------------------------------
            Scanning combination 17/73: [440.00]

======================================================================
LBFGS Parameters
======================================================================
memory:     5
curvature:  70.0
max_step:   0.2
max_iter:   256
write_traj: False
traj_every: 1
verbose:    0
======================================================================


                             Coordinates                              
----------------------------------------------------------------------
0    C               -2.2679               0.1075              -0.2327
1    C               -1.3784               0.4409              -1.2574
2    C               -0.7098               1.6609              -1.2486
3    C               -0.9581               2.5863              -0.2393
4    C               -1.8828               2.2858               0.7580
5    C               -2.5345               1.0574               0.7584
6    C               -3.0414              -1.1687              -0.2866
7    C               -2.4434              -2.3760               0.0840
8    C               -3.1796              -3.5562               0.1049
9    C               -4.5378              -3.5379              -0.1979
10   C               -5.1558              -2.3309              -0.5167
11   C               -4.4134              -1.1560              -0.5571
12   H               -1.1839              -0.2867              -2.0418
13   H                0.0155               1.8841              -2.0271
14   H               -0.4388               3.5409              -0.2343
15   H               -2.1015               3.0140               1.5347
16   H               -3.2734               0.8314               1.5242
17   H               -1.3810              -2.3868               0.3156
18   H               -2.6875              -4.4948               0.3481
19   H               -5.1139              -4.4590              -0.1778
20   H               -6.2215              -2.3047              -0.7285
21   H               -4.9001              -0.2098              -0.7838


Energy:                 -463.171475 Convergence criteria  Is converged 
Maximum Force:             0.002714     0.002850  Yes
RMS Force:                 0.001580     0.001900  Yes
Maximum Displacement:      0.001074     0.003150  Yes
RMS Displacement:          0.000699     0.002100  Yes

LBFGS converged at iteration 7.
Final frame written to /home/hungn/Desktop/MyRepo/MLP/MAPLE/maple/function/dispatcher/parmfit/example/demo_torsionfit_torsionfit_1-7_opt.xyz
Complete trajectory written to /home/hungn/Desktop/MyRepo/MLP/MAPLE/maple/function/dispatcher/parmfit/example/demo_torsionfit_torsionfit_1-7_traj.xyz

----------------------------------------------------------------------
            Scanning combination 18/73: [445.00]

======================================================================
LBFGS Parameters
======================================================================
memory:     5
curvature:  70.0
max_step:   0.2
max_iter:   256
write_traj: False
traj_every: 1
verbose:    0
======================================================================


                             Coordinates                              
----------------------------------------------------------------------
0    C               -2.2730               0.1113              -0.2534
1    C               -1.4342               0.4771              -1.3097
2    C               -0.7777               1.7054              -1.2955
3    C               -0.9690               2.5908              -0.2389
4    C               -1.8210               2.2445               0.8057
5    C               -2.4694               1.0142               0.7943
6    C               -3.0339              -1.1739              -0.2669
7    C               -2.4579              -2.3709               0.1672
8    C               -3.2071              -3.5447               0.1938
9    C               -4.5447              -3.5319              -0.1904
10   C               -5.1329              -2.3395              -0.6017
11   C               -4.3814              -1.1698              -0.6357
12   H               -1.2933              -0.2060              -2.1439
13   H               -0.1113               1.9724              -2.1114
14   H               -0.4511               3.5469              -0.2266
15   H               -1.9878               2.9343               1.6287
16   H               -3.1398               0.7379               1.6048
17   H               -1.4171              -2.3821               0.4817
18   H               -2.7448              -4.4749               0.5133
19   H               -5.1267              -4.4504              -0.1746
20   H               -6.1803              -2.3159              -0.8907
21   H               -4.8347              -0.2332              -0.9519


Energy:                 -463.171194 Convergence criteria  Is converged 
Maximum Force:             0.001296     0.002850  Yes
RMS Force:                 0.000976     0.001900  Yes
Maximum Displacement:      0.000869     0.003150  Yes
RMS Displacement:          0.000617     0.002100  Yes

LBFGS converged at iteration 20.
Final frame written to /home/hungn/Desktop/MyRepo/MLP/MAPLE/maple/function/dispatcher/parmfit/example/demo_torsionfit_torsionfit_1-7_opt.xyz
Complete trajectory written to /home/hungn/Desktop/MyRepo/MLP/MAPLE/maple/function/dispatcher/parmfit/example/demo_torsionfit_torsionfit_1-7_traj.xyz

----------------------------------------------------------------------
            Scanning combination 19/73: [450.00]

======================================================================
LBFGS Parameters
======================================================================
memory:     5
curvature:  70.0
max_step:   0.2
max_iter:   256
write_traj: False
traj_every: 1
verbose:    0
======================================================================


                             Coordinates                              
----------------------------------------------------------------------
0    C               -2.2553               0.1010              -0.2417
1    C               -1.4464               0.4865              -1.3146
2    C               -0.7843               1.7117              -1.2996
3    C               -0.9664               2.5903              -0.2361
4    C               -1.8139               2.2392               0.8104
5    C               -2.4556               1.0045               0.8051
6    C               -3.0275              -1.1778              -0.2892
7    C               -2.4660              -2.3685               0.1810
8    C               -3.2116              -3.5445               0.2028
9    C               -4.5452              -3.5327              -0.1941
10   C               -5.1295              -2.3403              -0.6110
11   C               -4.3760              -1.1713              -0.6549
12   H               -1.3042              -0.2013              -2.1449
13   H               -0.1188               1.9731              -2.1181
14   H               -0.4529               3.5492              -0.2269
15   H               -1.9842               2.9326               1.6296
16   H               -3.1396               0.7396               1.6078
17   H               -1.4234              -2.3767               0.4902
18   H               -2.7437              -4.4718               0.5228
19   H               -5.1288              -4.4503              -0.1726
20   H               -6.1785              -2.3175              -0.8940
21   H               -4.8377              -0.2333              -0.9537


Energy:                 -463.170110 Convergence criteria  Is converged 
Maximum Force:             0.002107     0.002850  Yes
RMS Force:                 0.001433     0.001900  Yes
Maximum Displacement:      0.002919     0.003150  Yes
RMS Displacement:          0.001777     0.002100  Yes

LBFGS converged at iteration 8.
Final frame written to /home/hungn/Desktop/MyRepo/MLP/MAPLE/maple/function/dispatcher/parmfit/example/demo_torsionfit_torsionfit_1-7_opt.xyz
Complete trajectory written to /home/hungn/Desktop/MyRepo/MLP/MAPLE/maple/function/dispatcher/parmfit/example/demo_torsionfit_torsionfit_1-7_traj.xyz

----------------------------------------------------------------------
            Scanning combination 20/73: [455.00]

======================================================================
LBFGS Parameters
======================================================================
memory:     5
curvature:  70.0
max_step:   0.2
max_iter:   256
write_traj: False
traj_every: 1
verbose:    0
======================================================================


                             Coordinates                              
----------------------------------------------------------------------
0    C               -2.2816               0.1164              -0.2610
1    C               -1.5304               0.5324              -1.3632
2    C               -0.8877               1.7683              -1.3504
3    C               -0.9780               2.5944              -0.2333
4    C               -1.7106               2.1794               0.8746
5    C               -2.3561               0.9474               0.8580
6    C               -3.0362              -1.1726              -0.2546
7    C               -2.4984              -2.3460               0.2809
8    C               -3.2568              -3.5137               0.3189
9    C               -4.5534              -3.5252              -0.1883
10   C               -5.0896              -2.3646              -0.7382
11   C               -4.3327              -1.1982              -0.7705
12   H               -1.4540              -0.1138              -2.2345
13   H               -0.3181               2.0874              -2.2194
14   H               -0.4834               3.5627              -0.2285
15   H               -1.7803               2.8130               1.7551
16   H               -2.9354               0.6169               1.7162
17   H               -1.4839              -2.3406               0.6724
18   H               -2.8329              -4.4166               0.7510
19   H               -5.1473              -4.4351              -0.1495
20   H               -6.0977              -2.3651              -1.1446
21   H               -4.7447              -0.2852              -1.1928


Energy:                 -463.170863 Convergence criteria  Is converged 
Maximum Force:             0.001042     0.002850  Yes
RMS Force:                 0.000894     0.001900  Yes
Maximum Displacement:      0.002122     0.003150  Yes
RMS Displacement:          0.001050     0.002100  Yes

LBFGS converged at iteration 26.
Final frame written to /home/hungn/Desktop/MyRepo/MLP/MAPLE/maple/function/dispatcher/parmfit/example/demo_torsionfit_torsionfit_1-7_opt.xyz
Complete trajectory written to /home/hungn/Desktop/MyRepo/MLP/MAPLE/maple/function/dispatcher/parmfit/example/demo_torsionfit_torsionfit_1-7_traj.xyz

----------------------------------------------------------------------
            Scanning combination 21/73: [460.00]

======================================================================
LBFGS Parameters
======================================================================
memory:     5
curvature:  70.0
max_step:   0.2
max_iter:   256
write_traj: False
traj_every: 1
verbose:    0
======================================================================


                             Coordinates                              
----------------------------------------------------------------------
0    C               -2.2616               0.1048              -0.2528
1    C               -1.5437               0.5423              -1.3680
2    C               -0.8959               1.7738              -1.3537
3    C               -0.9781               2.5954              -0.2334
4    C               -1.7075               2.1758               0.8762
5    C               -2.3428               0.9379               0.8663
6    C               -3.0260              -1.1788              -0.2760
7    C               -2.5072              -2.3428               0.2953
8    C               -3.2616              -3.5117               0.3279
9    C               -4.5542              -3.5257              -0.1878
10   C               -5.0868              -2.3645              -0.7424
11   C               -4.3263              -1.2002              -0.7875
12   H               -1.4694              -0.1055              -2.2379
13   H               -0.3186               2.0872              -2.2203
14   H               -0.4781               3.5606              -0.2269
15   H               -1.7820               2.8153               1.7520
16   H               -2.9345               0.6166               1.7203
17   H               -1.4929              -2.3346               0.6866
18   H               -2.8324              -4.4164               0.7519
19   H               -5.1450              -4.4374              -0.1544
20   H               -6.0982              -2.3661              -1.1407
21   H               -4.7466              -0.2844              -1.1965


Energy:                 -463.170705 Convergence criteria  Is converged 
Maximum Force:             0.002231     0.002850  Yes
RMS Force:                 0.001695     0.001900  Yes
Maximum Displacement:      0.001270     0.003150  Yes
RMS Displacement:          0.000819     0.002100  Yes

LBFGS converged at iteration 7.
Final frame written to /home/hungn/Desktop/MyRepo/MLP/MAPLE/maple/function/dispatcher/parmfit/example/demo_torsionfit_torsionfit_1-7_opt.xyz
Complete trajectory written to /home/hungn/Desktop/MyRepo/MLP/MAPLE/maple/function/dispatcher/parmfit/example/demo_torsionfit_torsionfit_1-7_traj.xyz

----------------------------------------------------------------------
            Scanning combination 22/73: [465.00]

======================================================================
LBFGS Parameters
======================================================================
memory:     5
curvature:  70.0
max_step:   0.2
max_iter:   256
write_traj: False
traj_every: 1
verbose:    0
======================================================================


                             Coordinates                              
----------------------------------------------------------------------
0    C               -2.2567               0.1014              -0.2655
1    C               -1.5851               0.5682              -1.3992
2    C               -0.9192               1.7912              -1.3686
3    C               -0.9693               2.5876              -0.2277
4    C               -1.6786               2.1523               0.8880
5    C               -2.3008               0.9084               0.8724
6    C               -3.0145              -1.1850              -0.2704
7    C               -2.5216              -2.3358               0.3511
8    C               -3.2733              -3.5086               0.3582
9    C               -4.5488              -3.5260              -0.1998
10   C               -5.0669              -2.3698              -0.7756
11   C               -4.2946              -1.2139              -0.8261
12   H               -1.5815              -0.0363              -2.3027
13   H               -0.3792               2.1348              -2.2471
14   H               -0.4733               3.5553              -0.2118
15   H               -1.7569               2.7838               1.7691
16   H               -2.8449               0.5542               1.7443
17   H               -1.5423              -2.3089               0.8223
18   H               -2.8716              -4.4054               0.8226
19   H               -5.1481              -4.4331              -0.1701
20   H               -6.0764              -2.3622              -1.1784
21   H               -4.6857              -0.3103              -1.2866


Energy:                 -463.170903 Convergence criteria  Is converged 
Maximum Force:             0.002746     0.002850  Yes
RMS Force:                 0.001852     0.001900  Yes
Maximum Displacement:      0.002749     0.003150  Yes
RMS Displacement:          0.001696     0.002100  Yes

LBFGS converged at iteration 14.
Final frame written to /home/hungn/Desktop/MyRepo/MLP/MAPLE/maple/function/dispatcher/parmfit/example/demo_torsionfit_torsionfit_1-7_opt.xyz
Complete trajectory written to /home/hungn/Desktop/MyRepo/MLP/MAPLE/maple/function/dispatcher/parmfit/example/demo_torsionfit_torsionfit_1-7_traj.xyz

----------------------------------------------------------------------
            Scanning combination 23/73: [470.00]

======================================================================
LBFGS Parameters
======================================================================
memory:     5
curvature:  70.0
max_step:   0.2
max_iter:   256
write_traj: False
traj_every: 1
verbose:    0
======================================================================


                             Coordinates                              
----------------------------------------------------------------------
0    C               -2.3362               0.1504              -0.2357
1    C               -1.7185               0.6223              -1.3994
2    C               -1.0222               1.8288              -1.3961
3    C               -0.9343               2.5827              -0.2294
4    C               -1.5286               2.1154               0.9392
5    C               -2.2100               0.9020               0.9367
6    C               -3.0929              -1.1413              -0.2307
7    C               -2.6027              -2.2638               0.4455
8    C               -3.3173              -3.4599               0.4503
9    C               -4.5336              -3.5506              -0.2201
10   C               -5.0230              -2.4469              -0.9121
11   C               -4.2992              -1.2580              -0.9283
12   H               -1.7906               0.0383              -2.3139
13   H               -0.5506               2.1869              -2.3082
14   H               -0.4058               3.5333              -0.2264
15   H               -1.4534               2.6929               1.8575
16   H               -2.6486               0.5243               1.8576
17   H               -1.6556              -2.1941               0.9753
18   H               -2.9278              -4.3237               0.9837
19   H               -5.1028              -4.4775              -0.2052
20   H               -5.9665              -2.5141              -1.4486
21   H               -4.6689              -0.4057              -1.4937


Energy:                 -463.173316 Convergence criteria  Is converged 
Maximum Force:             0.002558     0.002850  Yes
RMS Force:                 0.001633     0.001900  Yes
Maximum Displacement:      0.002944     0.003150  Yes
RMS Displacement:          0.002065     0.002100  Yes

LBFGS converged at iteration 28.
Final frame written to /home/hungn/Desktop/MyRepo/MLP/MAPLE/maple/function/dispatcher/parmfit/example/demo_torsionfit_torsionfit_1-7_opt.xyz
Complete trajectory written to /home/hungn/Desktop/MyRepo/MLP/MAPLE/maple/function/dispatcher/parmfit/example/demo_torsionfit_torsionfit_1-7_traj.xyz

----------------------------------------------------------------------
            Scanning combination 24/73: [475.00]

======================================================================
LBFGS Parameters
======================================================================
memory:     5
curvature:  70.0
max_step:   0.2
max_iter:   256
write_traj: False
traj_every: 1
verbose:    0
======================================================================


                             Coordinates                              
----------------------------------------------------------------------
0    C               -2.3138               0.1358              -0.2325
1    C               -1.7339               0.6324              -1.4037
2    C               -1.0344               1.8353              -1.3987
3    C               -0.9367               2.5816              -0.2281
4    C               -1.5263               2.1071               0.9404
5    C               -2.1947               0.8860               0.9421
6    C               -3.0769              -1.1492              -0.2509
7    C               -2.6127              -2.2592               0.4611
8    C               -3.3244              -3.4550               0.4614
9    C               -4.5342              -3.5478              -0.2201
10   C               -5.0167              -2.4435              -0.9171
11   C               -4.2856              -1.2592              -0.9464
12   H               -1.8059               0.0451              -2.3160
13   H               -0.5576               2.1856              -2.3103
14   H               -0.4020               3.5287              -0.2277
15   H               -1.4571               2.6889               1.8559
16   H               -2.6551               0.5210               1.8578
17   H               -1.6642              -2.1868               0.9879
18   H               -2.9277              -4.3184               0.9889
19   H               -5.0974              -4.4782              -0.2079
20   H               -5.9636              -2.5096              -1.4466
21   H               -4.6683              -0.3989              -1.4912


Energy:                 -463.173500 Convergence criteria  Is converged 
Maximum Force:             0.002094     0.002850  Yes
RMS Force:                 0.001418     0.001900  Yes
Maximum Displacement:      0.001537     0.003150  Yes
RMS Displacement:          0.000844     0.002100  Yes

LBFGS converged at iteration 8.
Final frame written to /home/hungn/Desktop/MyRepo/MLP/MAPLE/maple/function/dispatcher/parmfit/example/demo_torsionfit_torsionfit_1-7_opt.xyz
Complete trajectory written to /home/hungn/Desktop/MyRepo/MLP/MAPLE/maple/function/dispatcher/parmfit/example/demo_torsionfit_torsionfit_1-7_traj.xyz

----------------------------------------------------------------------
            Scanning combination 25/73: [480.00]

======================================================================
LBFGS Parameters
======================================================================
memory:     5
curvature:  70.0
max_step:   0.2
max_iter:   256
write_traj: False
traj_every: 1
verbose:    0
======================================================================


                             Coordinates                              
----------------------------------------------------------------------
0    C               -2.3257               0.1393              -0.2468
1    C               -1.7982               0.6649              -1.4302
2    C               -1.1075               1.8727              -1.4191
3    C               -0.9481               2.5769              -0.2277
4    C               -1.4656               2.0580               0.9559
5    C               -2.1317               0.8383               0.9467
6    C               -3.0749              -1.1468              -0.2323
7    C               -2.6416              -2.2371               0.5286
8    C               -3.3632              -3.4265               0.5310
9    C               -4.5343              -3.5365              -0.2154
10   C               -4.9698              -2.4576              -0.9800
11   C               -4.2329              -1.2797              -1.0018
12   H               -1.9313               0.1218              -2.3630
13   H               -0.6991               2.2713              -2.3434
14   H               -0.4110               3.5212              -0.2213
15   H               -1.3457               2.5990               1.8914
16   H               -2.5230               0.4163               1.8700
17   H               -1.7335              -2.1491               1.1205
18   H               -3.0167              -4.2687               1.1233
19   H               -5.0980              -4.4650              -0.2102
20   H               -5.8818              -2.5332              -1.5670
21   H               -4.5558              -0.4379              -1.6111


Energy:                 -463.174491 Convergence criteria  Is converged 
Maximum Force:             0.001946     0.002850  Yes
RMS Force:                 0.001498     0.001900  Yes
Maximum Displacement:      0.002771     0.003150  Yes
RMS Displacement:          0.001514     0.002100  Yes

LBFGS converged at iteration 21.
Final frame written to /home/hungn/Desktop/MyRepo/MLP/MAPLE/maple/function/dispatcher/parmfit/example/demo_torsionfit_torsionfit_1-7_opt.xyz
Complete trajectory written to /home/hungn/Desktop/MyRepo/MLP/MAPLE/maple/function/dispatcher/parmfit/example/demo_torsionfit_torsionfit_1-7_traj.xyz

----------------------------------------------------------------------
            Scanning combination 26/73: [485.00]

======================================================================
LBFGS Parameters
======================================================================
memory:     5
curvature:  70.0
max_step:   0.2
max_iter:   256
write_traj: False
traj_every: 1
verbose:    0
======================================================================


                             Coordinates                              
----------------------------------------------------------------------
0    C               -2.3000               0.1245              -0.2418
1    C               -1.8102               0.6747              -1.4297
2    C               -1.1168               1.8802              -1.4195
3    C               -0.9446               2.5764              -0.2261
4    C               -1.4601               2.0546               0.9575
5    C               -2.1174               0.8292               0.9514
6    C               -3.0588              -1.1566              -0.2557
7    C               -2.6530              -2.2330               0.5383
8    C               -3.3715              -3.4238               0.5392
9    C               -4.5338              -3.5383              -0.2188
10   C               -4.9665              -2.4594              -0.9854
11   C               -4.2243              -1.2838              -1.0166
12   H               -1.9455               0.1278              -2.3605
13   H               -0.7047               2.2729              -2.3452
14   H               -0.4114               3.5236              -0.2204
15   H               -1.3423               2.5999               1.8902
16   H               -2.5220               0.4216               1.8758
17   H               -1.7437              -2.1408               1.1288
18   H               -3.0186              -4.2659               1.1284
19   H               -5.1005              -4.4658              -0.2098
20   H               -5.8808              -2.5367              -1.5678
21   H               -4.5628              -0.4397              -1.6142


Energy:                 -463.174524 Convergence criteria  Is converged 
Maximum Force:             0.001728     0.002850  Yes
RMS Force:                 0.001260     0.001900  Yes
Maximum Displacement:      0.001406     0.003150  Yes
RMS Displacement:          0.000853     0.002100  Yes

LBFGS converged at iteration 8.
Final frame written to /home/hungn/Desktop/MyRepo/MLP/MAPLE/maple/function/dispatcher/parmfit/example/demo_torsionfit_torsionfit_1-7_opt.xyz
Complete trajectory written to /home/hungn/Desktop/MyRepo/MLP/MAPLE/maple/function/dispatcher/parmfit/example/demo_torsionfit_torsionfit_1-7_traj.xyz

----------------------------------------------------------------------
            Scanning combination 27/73: [490.00]

======================================================================
LBFGS Parameters
======================================================================
memory:     5
curvature:  70.0
max_step:   0.2
max_iter:   256
write_traj: False
traj_every: 1
verbose:    0
======================================================================


                             Coordinates                              
----------------------------------------------------------------------
0    C               -2.3160               0.1334              -0.2399
1    C               -1.8734               0.7100              -1.4337
2    C               -1.1933               1.9232              -1.4268
3    C               -0.9500               2.5816              -0.2241
4    C               -1.3742               2.0094               0.9720
5    C               -2.0382               0.7884               0.9635
6    C               -3.0714              -1.1487              -0.2450
7    C               -2.6966              -2.2055               0.5893
8    C               -3.4231              -3.3915               0.6028
9    C               -4.5404              -3.5364              -0.2155
10   C               -4.9145              -2.4952              -1.0605
11   C               -4.1763              -1.3177              -1.0846
12   H               -2.0675               0.1981              -2.3742
13   H               -0.8620               2.3610              -2.3650
14   H               -0.4287               3.5352              -0.2172
15   H               -1.1815               2.5113               1.9163
16   H               -2.3683               0.3426               1.8993
17   H               -1.8262              -2.0910               1.2324
18   H               -3.1217              -4.2010               1.2628
19   H               -5.1164              -4.4579              -0.1984
20   H               -5.7799              -2.6019              -1.7090
21   H               -4.4698              -0.5056              -1.7462


Energy:                 -463.175379 Convergence criteria  Is converged 
Maximum Force:             0.000789     0.002850  Yes
RMS Force:                 0.000607     0.001900  Yes
Maximum Displacement:      0.000740     0.003150  Yes
RMS Displacement:          0.000559     0.002100  Yes

LBFGS converged at iteration 26.
Final frame written to /home/hungn/Desktop/MyRepo/MLP/MAPLE/maple/function/dispatcher/parmfit/example/demo_torsionfit_torsionfit_1-7_opt.xyz
Complete trajectory written to /home/hungn/Desktop/MyRepo/MLP/MAPLE/maple/function/dispatcher/parmfit/example/demo_torsionfit_torsionfit_1-7_traj.xyz

----------------------------------------------------------------------
            Scanning combination 28/73: [495.00]

======================================================================
LBFGS Parameters
======================================================================
memory:     5
curvature:  70.0
max_step:   0.2
max_iter:   256
write_traj: False
traj_every: 1
verbose:    0
======================================================================


                             Coordinates                              
----------------------------------------------------------------------
0    C               -2.2926               0.1195              -0.2417
1    C               -1.8912               0.7234              -1.4361
2    C               -1.2047               1.9315              -1.4277
3    C               -0.9478               2.5810              -0.2233
4    C               -1.3725               2.0055               0.9721
5    C               -2.0264               0.7785               0.9637
6    C               -3.0528              -1.1595              -0.2617
7    C               -2.7108              -2.2001               0.6058
8    C               -3.4323              -3.3877               0.6128
9    C               -4.5398              -3.5374              -0.2175
10   C               -4.9111              -2.4944              -1.0629
11   C               -4.1653              -1.3213              -1.0948
12   H               -2.0791               0.2071              -2.3747
13   H               -0.8646               2.3629              -2.3656
14   H               -0.4254               3.5337              -0.2180
15   H               -1.1826               2.5110               1.9157
16   H               -2.3684               0.3405               1.8997
17   H               -1.8362              -2.0872               1.2424
18   H               -3.1235              -4.2003               1.2653
19   H               -5.1137              -4.4598              -0.2002
20   H               -5.7797              -2.6011              -1.7080
21   H               -4.4685              -0.5042              -1.7471


Energy:                 -463.175111 Convergence criteria  Is converged 
Maximum Force:             0.002408     0.002850  Yes
RMS Force:                 0.001756     0.001900  Yes
Maximum Displacement:      0.001181     0.003150  Yes
RMS Displacement:          0.000827     0.002100  Yes

LBFGS converged at iteration 7.
Final frame written to /home/hungn/Desktop/MyRepo/MLP/MAPLE/maple/function/dispatcher/parmfit/example/demo_torsionfit_torsionfit_1-7_opt.xyz
Complete trajectory written to /home/hungn/Desktop/MyRepo/MLP/MAPLE/maple/function/dispatcher/parmfit/example/demo_torsionfit_torsionfit_1-7_traj.xyz

----------------------------------------------------------------------
            Scanning combination 29/73: [500.00]

======================================================================
LBFGS Parameters
======================================================================
memory:     5
curvature:  70.0
max_step:   0.2
max_iter:   256
write_traj: False
traj_every: 1
verbose:    0
======================================================================


                             Coordinates                              
----------------------------------------------------------------------
0    C               -2.3005               0.1240              -0.2476
1    C               -1.9459               0.7579              -1.4433
2    C               -1.2676               1.9710              -1.4309
3    C               -0.9553               2.5871              -0.2220
4    C               -1.3103               1.9699               0.9749
5    C               -1.9651               0.7442               0.9593
6    C               -3.0552              -1.1579              -0.2512
7    C               -2.7494              -2.1798               0.6540
8    C               -3.4794              -3.3625               0.6644
9    C               -4.5475              -3.5346              -0.2122
10   C               -4.8668              -2.5212              -1.1125
11   C               -4.1183              -1.3507              -1.1382
12   H               -2.1720               0.2773              -2.3930
13   H               -0.9891               2.4410              -2.3708
14   H               -0.4309               3.5387              -0.2137
15   H               -1.0724               2.4410               1.9254
16   H               -2.2448               0.2672               1.8966
17   H               -1.9072              -2.0611               1.3328
18   H               -3.2176              -4.1500               1.3667
19   H               -5.1216              -4.4570              -0.1986
20   H               -5.6986              -2.6435              -1.8018
21   H               -4.3737              -0.5593              -1.8401


Energy:                 -463.175415 Convergence criteria  Is converged 
Maximum Force:             0.001686     0.002850  Yes
RMS Force:                 0.001198     0.001900  Yes
Maximum Displacement:      0.002051     0.003150  Yes
RMS Displacement:          0.001293     0.002100  Yes

LBFGS converged at iteration 21.
Final frame written to /home/hungn/Desktop/MyRepo/MLP/MAPLE/maple/function/dispatcher/parmfit/example/demo_torsionfit_torsionfit_1-7_opt.xyz
Complete trajectory written to /home/hungn/Desktop/MyRepo/MLP/MAPLE/maple/function/dispatcher/parmfit/example/demo_torsionfit_torsionfit_1-7_traj.xyz

----------------------------------------------------------------------
            Scanning combination 30/73: [505.00]

======================================================================
LBFGS Parameters
======================================================================
memory:     5
curvature:  70.0
max_step:   0.2
max_iter:   256
write_traj: False
traj_every: 1
verbose:    0
======================================================================


                             Coordinates                              
----------------------------------------------------------------------
0    C               -2.2712               0.1071              -0.2498
1    C               -1.9585               0.7669              -1.4420
2    C               -1.2791               1.9797              -1.4305
3    C               -0.9533               2.5863              -0.2211
4    C               -1.3059               1.9658               0.9742
5    C               -1.9491               0.7330               0.9591
6    C               -3.0323              -1.1717              -0.2720
7    C               -2.7608              -2.1748               0.6633
8    C               -3.4899              -3.3583               0.6737
9    C               -4.5468              -3.5354              -0.2143
10   C               -4.8620              -2.5225              -1.1158
11   C               -4.1048              -1.3567              -1.1509
12   H               -2.1919               0.2868              -2.3898
13   H               -0.9960               2.4455              -2.3708
14   H               -0.4306               3.5390              -0.2115
15   H               -1.0716               2.4398               1.9239
16   H               -2.2436               0.2700               1.8988
17   H               -1.9223              -2.0501               1.3450
18   H               -3.2230              -4.1472               1.3721
19   H               -5.1230              -4.4567              -0.2003
20   H               -5.6966              -2.6439              -1.8015
21   H               -4.3767              -0.5610              -1.8415


Energy:                 -463.174638 Convergence criteria  Is converged 
Maximum Force:             0.001972     0.002850  Yes
RMS Force:                 0.001447     0.001900  Yes
Maximum Displacement:      0.001761     0.003150  Yes
RMS Displacement:          0.001035     0.002100  Yes

LBFGS converged at iteration 8.
Final frame written to /home/hungn/Desktop/MyRepo/MLP/MAPLE/maple/function/dispatcher/parmfit/example/demo_torsionfit_torsionfit_1-7_opt.xyz
Complete trajectory written to /home/hungn/Desktop/MyRepo/MLP/MAPLE/maple/function/dispatcher/parmfit/example/demo_torsionfit_torsionfit_1-7_traj.xyz

----------------------------------------------------------------------
            Scanning combination 31/73: [510.00]

======================================================================
LBFGS Parameters
======================================================================
memory:     5
curvature:  70.0
max_step:   0.2
max_iter:   256
write_traj: False
traj_every: 1
verbose:    0
======================================================================


                             Coordinates                              
----------------------------------------------------------------------
0    C               -2.2780               0.1115              -0.2571
1    C               -2.0106               0.8022              -1.4451
2    C               -1.3458               2.0227              -1.4276
3    C               -0.9627               2.5952              -0.2183
4    C               -1.2378               1.9280               0.9717
5    C               -1.8797               0.6960               0.9490
6    C               -3.0335              -1.1714              -0.2612
7    C               -2.8016              -2.1554               0.7073
8    C               -3.5443              -3.3301               0.7241
9    C               -4.5580              -3.5323              -0.2079
10   C               -4.8112              -2.5545              -1.1656
11   C               -4.0499              -1.3927              -1.1955
12   H               -2.2855               0.3627              -2.4018
13   H               -1.1334               2.5327              -2.3641
14   H               -0.4486               3.5524              -0.2047
15   H               -0.9564               2.3673               1.9252
16   H               -2.1008               0.1896               1.8859
17   H               -2.0015              -2.0245               1.4330
18   H               -3.3347              -4.0880               1.4749
19   H               -5.1425              -4.4480              -0.1906
20   H               -5.6075              -2.6914              -1.8927
21   H               -4.2651              -0.6301              -1.9405


Energy:                 -463.174543 Convergence criteria  Is converged 
Maximum Force:             0.001654     0.002850  Yes
RMS Force:                 0.001060     0.001900  Yes
Maximum Displacement:      0.001920     0.003150  Yes
RMS Displacement:          0.000982     0.002100  Yes

LBFGS converged at iteration 20.
Final frame written to /home/hungn/Desktop/MyRepo/MLP/MAPLE/maple/function/dispatcher/parmfit/example/demo_torsionfit_torsionfit_1-7_opt.xyz
Complete trajectory written to /home/hungn/Desktop/MyRepo/MLP/MAPLE/maple/function/dispatcher/parmfit/example/demo_torsionfit_torsionfit_1-7_traj.xyz

----------------------------------------------------------------------
            Scanning combination 32/73: [515.00]

======================================================================
LBFGS Parameters
======================================================================
memory:     5
curvature:  70.0
max_step:   0.2
max_iter:   256
write_traj: False
traj_every: 1
verbose:    0
======================================================================


                             Coordinates                              
----------------------------------------------------------------------
0    C               -2.2482               0.0947              -0.2606
1    C               -2.0236               0.8110              -1.4416
2    C               -1.3573               2.0308              -1.4255
3    C               -0.9618               2.5956              -0.2170
4    C               -1.2344               1.9251               0.9715
5    C               -1.8631               0.6855               0.9480
6    C               -3.0097              -1.1861              -0.2812
7    C               -2.8142              -2.1492               0.7151
8    C               -3.5552              -3.3251               0.7317
9    C               -4.5588              -3.5327              -0.2093
10   C               -4.8079              -2.5557              -1.1684
11   C               -4.0363              -1.3999              -1.2077
12   H               -2.3041               0.3697              -2.3956
13   H               -1.1408               2.5358              -2.3635
14   H               -0.4483               3.5533              -0.2027
15   H               -0.9519               2.3658               1.9241
16   H               -2.0992               0.1942               1.8891
17   H               -2.0160              -2.0121               1.4413
18   H               -3.3397              -4.0839               1.4797
19   H               -5.1443              -4.4480              -0.1919
20   H               -5.6043              -2.6944              -1.8950
21   H               -4.2699              -0.6327              -1.9422


Energy:                 -463.173388 Convergence criteria  Is converged 
Maximum Force:             0.001910     0.002850  Yes
RMS Force:                 0.001433     0.001900  Yes
Maximum Displacement:      0.001730     0.003150  Yes
RMS Displacement:          0.001069     0.002100  Yes

LBFGS converged at iteration 8.
Final frame written to /home/hungn/Desktop/MyRepo/MLP/MAPLE/maple/function/dispatcher/parmfit/example/demo_torsionfit_torsionfit_1-7_opt.xyz
Complete trajectory written to /home/hungn/Desktop/MyRepo/MLP/MAPLE/maple/function/dispatcher/parmfit/example/demo_torsionfit_torsionfit_1-7_traj.xyz

----------------------------------------------------------------------
            Scanning combination 33/73: [520.00]

======================================================================
LBFGS Parameters
======================================================================
memory:     5
curvature:  70.0
max_step:   0.2
max_iter:   256
write_traj: False
traj_every: 1
verbose:    0
======================================================================


                             Coordinates                              
----------------------------------------------------------------------
0    C               -2.2601               0.1027              -0.2649
1    C               -2.0802               0.8484              -1.4375
2    C               -1.4305               2.0765              -1.4145
3    C               -0.9708               2.6057              -0.2126
4    C               -1.1566               1.8853               0.9629
5    C               -1.7866               0.6476               0.9335
6    C               -3.0170              -1.1828              -0.2685
7    C               -2.8622              -2.1252               0.7569
8    C               -3.6183              -3.2907               0.7807
9    C               -4.5717              -3.5299              -0.2041
10   C               -4.7493              -2.5960              -1.2197
11   C               -3.9762              -1.4424              -1.2533
12   H               -2.4051               0.4513              -2.3963
13   H               -1.2916               2.6269              -2.3419
14   H               -0.4713               3.5701              -0.1936
15   H               -0.8200               2.2895               1.9141
16   H               -1.9339               0.1097               1.8661
17   H               -2.1082              -1.9802               1.5270
18   H               -3.4669              -4.0117               1.5804
19   H               -5.1692              -4.4366              -0.1800
20   H               -5.5007              -2.7564              -1.9885
21   H               -4.1428              -0.7201              -2.0479


Energy:                 -463.173048 Convergence criteria  Is converged 
Maximum Force:             0.001912     0.002850  Yes
RMS Force:                 0.001085     0.001900  Yes
Maximum Displacement:      0.001707     0.003150  Yes
RMS Displacement:          0.000898     0.002100  Yes

LBFGS converged at iteration 20.
Final frame written to /home/hungn/Desktop/MyRepo/MLP/MAPLE/maple/function/dispatcher/parmfit/example/demo_torsionfit_torsionfit_1-7_opt.xyz
Complete trajectory written to /home/hungn/Desktop/MyRepo/MLP/MAPLE/maple/function/dispatcher/parmfit/example/demo_torsionfit_torsionfit_1-7_traj.xyz

----------------------------------------------------------------------
            Scanning combination 34/73: [525.00]

======================================================================
LBFGS Parameters
======================================================================
memory:     5
curvature:  70.0
max_step:   0.2
max_iter:   256
write_traj: False
traj_every: 1
verbose:    0
======================================================================


                             Coordinates                              
----------------------------------------------------------------------
0    C               -2.2303               0.0859              -0.2709
1    C               -2.0933               0.8573              -1.4323
2    C               -1.4429               2.0846              -1.4107
3    C               -0.9708               2.6074              -0.2111
4    C               -1.1552               1.8837               0.9630
5    C               -1.7701               0.6384               0.9310
6    C               -2.9917              -1.1984              -0.2867
7    C               -2.8759              -2.1183               0.7635
8    C               -3.6304              -3.2844               0.7877
9    C               -4.5739              -3.5303              -0.2047
10   C               -4.7477              -2.5962              -1.2212
11   C               -3.9627              -1.4508              -1.2639
12   H               -2.4221               0.4565              -2.3885
13   H               -1.2969               2.6286              -2.3409
14   H               -0.4696               3.5706              -0.1919
15   H               -0.8140               2.2882               1.9127
16   H               -1.9340               0.1152               1.8691
17   H               -2.1217              -1.9674               1.5326
18   H               -3.4703              -4.0083               1.5832
19   H               -5.1700              -4.4377              -0.1821
20   H               -5.4972              -2.7608              -1.9914
21   H               -4.1487              -0.7221              -2.0482


Energy:                 -463.171681 Convergence criteria  Is converged 
Maximum Force:             0.002718     0.002850  Yes
RMS Force:                 0.001695     0.001900  Yes
Maximum Displacement:      0.002804     0.003150  Yes
RMS Displacement:          0.001557     0.002100  Yes

LBFGS converged at iteration 7.
Final frame written to /home/hungn/Desktop/MyRepo/MLP/MAPLE/maple/function/dispatcher/parmfit/example/demo_torsionfit_torsionfit_1-7_opt.xyz
Complete trajectory written to /home/hungn/Desktop/MyRepo/MLP/MAPLE/maple/function/dispatcher/parmfit/example/demo_torsionfit_torsionfit_1-7_traj.xyz

----------------------------------------------------------------------
            Scanning combination 35/73: [530.00]

======================================================================
LBFGS Parameters
======================================================================
memory:     5
curvature:  70.0
max_step:   0.2
max_iter:   256
write_traj: False
traj_every: 1
verbose:    0
======================================================================


                             Coordinates                              
----------------------------------------------------------------------
0    C               -2.2504               0.0991              -0.2697
1    C               -2.1575               0.8975              -1.4190
2    C               -1.5239               2.1333              -1.3892
3    C               -0.9787               2.6163              -0.2048
4    C               -1.0676               1.8415               0.9453
5    C               -1.6867               0.5987               0.9099
6    C               -3.0085              -1.1899              -0.2717
7    C               -2.9334              -2.0870               0.8037
8    C               -3.7042              -3.2422               0.8342
9    C               -4.5866              -3.5271              -0.2018
10   C               -4.6790              -2.6457              -1.2722
11   C               -3.8953              -1.4996              -1.3092
12   H               -2.5398               0.5452              -2.3724
13   H               -1.4572               2.7214              -2.3017
14   H               -0.4894               3.5854              -0.1814
15   H               -0.6670               2.2088               1.8868
16   H               -1.7467               0.0251               1.8293
17   H               -2.2339              -1.9210               1.6176
18   H               -3.6116              -3.9239               1.6767
19   H               -5.1934              -4.4272              -0.1735
20   H               -5.3777              -2.8380              -2.0827
21   H               -4.0009              -0.8288              -2.1558


Energy:                 -463.171334 Convergence criteria  Is converged 
Maximum Force:             0.002419     0.002850  Yes
RMS Force:                 0.001565     0.001900  Yes
Maximum Displacement:      0.002969     0.003150  Yes
RMS Displacement:          0.002046     0.002100  Yes

LBFGS converged at iteration 18.
Final frame written to /home/hungn/Desktop/MyRepo/MLP/MAPLE/maple/function/dispatcher/parmfit/example/demo_torsionfit_torsionfit_1-7_opt.xyz
Complete trajectory written to /home/hungn/Desktop/MyRepo/MLP/MAPLE/maple/function/dispatcher/parmfit/example/demo_torsionfit_torsionfit_1-7_traj.xyz

----------------------------------------------------------------------
            Scanning combination 36/73: [535.00]

======================================================================
LBFGS Parameters
======================================================================
memory:     5
curvature:  70.0
max_step:   0.2
max_iter:   256
write_traj: False
traj_every: 1
verbose:    0
======================================================================


                             Coordinates                              
----------------------------------------------------------------------
0    C               -2.2187               0.0814              -0.2798
1    C               -2.1688               0.9044              -1.4129
2    C               -1.5343               2.1402              -1.3848
3    C               -0.9793               2.6190              -0.2032
4    C               -1.0659               1.8412               0.9460
5    C               -1.6692               0.5906               0.9059
6    C               -2.9798              -1.2077              -0.2882
7    C               -2.9455              -2.0802               0.8079
8    C               -3.7150              -3.2366               0.8391
9    C               -4.5898              -3.5275              -0.2018
10   C               -4.6787              -2.6466              -1.2738
11   C               -3.8816              -1.5099              -1.3190
12   H               -2.5634               0.5512              -2.3618
13   H               -1.4650               2.7244              -2.2999
14   H               -0.4868               3.5871              -0.1786
15   H               -0.6564               2.2060               1.8853
16   H               -1.7470               0.0315               1.8333
17   H               -2.2517              -1.9027               1.6252
18   H               -3.6172              -3.9189               1.6808
19   H               -5.1955              -4.4291              -0.1767
20   H               -5.3715              -2.8450              -2.0885
21   H               -4.0082              -0.8308              -2.1564


Energy:                 -463.170056 Convergence criteria  Is converged 
Maximum Force:             0.002843     0.002850  Yes
RMS Force:                 0.001724     0.001900  Yes
Maximum Displacement:      0.002355     0.003150  Yes
RMS Displacement:          0.001199     0.002100  Yes

LBFGS converged at iteration 7.
Final frame written to /home/hungn/Desktop/MyRepo/MLP/MAPLE/maple/function/dispatcher/parmfit/example/demo_torsionfit_torsionfit_1-7_opt.xyz
Complete trajectory written to /home/hungn/Desktop/MyRepo/MLP/MAPLE/maple/function/dispatcher/parmfit/example/demo_torsionfit_torsionfit_1-7_traj.xyz

----------------------------------------------------------------------
            Scanning combination 37/73: [540.00]

======================================================================
LBFGS Parameters
======================================================================
memory:     5
curvature:  70.0
max_step:   0.2
max_iter:   256
write_traj: False
traj_every: 1
verbose:    0
======================================================================


                             Coordinates                              
----------------------------------------------------------------------
0    C               -2.2564               0.1038              -0.2681
1    C               -2.2498               0.9512              -1.3854
2    C               -1.6249               2.1908              -1.3506
3    C               -0.9841               2.6256              -0.1952
4    C               -0.9595               1.7891               0.9154
5    C               -1.5736               0.5446               0.8733
6    C               -3.0149              -1.1875              -0.2679
7    C               -3.0211              -2.0344               0.8493
8    C               -3.8008              -3.1842               0.8823
9    C               -4.6006              -3.5246              -0.2028
10   C               -4.5898              -2.7099              -1.3292
11   C               -3.7989              -1.5681              -1.3647
12   H               -2.7318               0.6549              -2.3116
13   H               -1.6502               2.8251              -2.2336
14   H               -0.5003               3.5975              -0.1656
15   H               -0.4739               2.1118               1.8333
16   H               -1.5176              -0.0789               1.7602
17   H               -2.4101              -1.8144               1.7187
18   H               -3.7876              -3.8107               1.7709
19   H               -5.2149              -4.4203              -0.1752
20   H               -5.2150              -2.9499              -2.1855
21   H               -3.8133              -0.9697              -2.2700


Energy:                 -463.170271 Convergence criteria  Is converged 
Maximum Force:             0.002244     0.002850  Yes
RMS Force:                 0.001414     0.001900  Yes
Maximum Displacement:      0.002062     0.003150  Yes
RMS Displacement:          0.001128     0.002100  Yes

LBFGS converged at iteration 23.
Final frame written to /home/hungn/Desktop/MyRepo/MLP/MAPLE/maple/function/dispatcher/parmfit/example/demo_torsionfit_torsionfit_1-7_opt.xyz
Complete trajectory written to /home/hungn/Desktop/MyRepo/MLP/MAPLE/maple/function/dispatcher/parmfit/example/demo_torsionfit_torsionfit_1-7_traj.xyz

----------------------------------------------------------------------
            Scanning combination 38/73: [545.00]

======================================================================
LBFGS Parameters
======================================================================
memory:     5
curvature:  70.0
max_step:   0.2
max_iter:   256
write_traj: False
traj_every: 1
verbose:    0
======================================================================


                             Coordinates                              
----------------------------------------------------------------------
0    C               -2.2392               0.0950              -0.2732
1    C               -2.2758               0.9654              -1.3717
2    C               -1.6416               2.2011              -1.3412
3    C               -0.9654               2.6183              -0.2004
4    C               -0.9238               1.7738               0.9034
5    C               -1.5443               0.5314               0.8643
6    C               -3.0001              -1.1973              -0.2767
7    C               -3.0477              -2.0182               0.8588
8    C               -3.8184              -3.1738               0.8883
9    C               -4.5863              -3.5370              -0.2123
10   C               -4.5600              -2.7325              -1.3459
11   C               -3.7751              -1.5866              -1.3791
12   H               -2.8099               0.6941              -2.2766
13   H               -1.7000               2.8501              -2.2115
14   H               -0.4954               3.5970              -0.1640
15   H               -0.4131               2.0854               1.8117
16   H               -1.4957              -0.0832               1.7576
17   H               -2.4830              -1.7650               1.7502
18   H               -3.8343              -3.7792               1.7912
19   H               -5.2141              -4.4230              -0.1793
20   H               -5.1643              -2.9890              -2.2131
21   H               -3.8016              -0.9850              -2.2821


Energy:                 -463.170004 Convergence criteria  Is converged 
Maximum Force:             0.001694     0.002850  Yes
RMS Force:                 0.001570     0.001900  Yes
Maximum Displacement:      0.002020     0.003150  Yes
RMS Displacement:          0.001063     0.002100  Yes

LBFGS converged at iteration 14.
Final frame written to /home/hungn/Desktop/MyRepo/MLP/MAPLE/maple/function/dispatcher/parmfit/example/demo_torsionfit_torsionfit_1-7_opt.xyz
Complete trajectory written to /home/hungn/Desktop/MyRepo/MLP/MAPLE/maple/function/dispatcher/parmfit/example/demo_torsionfit_torsionfit_1-7_traj.xyz

----------------------------------------------------------------------
            Scanning combination 39/73: [550.00]

======================================================================
LBFGS Parameters
======================================================================
memory:     5
curvature:  70.0
max_step:   0.2
max_iter:   256
write_traj: False
traj_every: 1
verbose:    0
======================================================================


                             Coordinates                              
----------------------------------------------------------------------
0    C               -2.2983               0.1287              -0.2474
1    C               -2.3780               1.0206              -1.3255
2    C               -1.7302               2.2495              -1.2977
3    C               -0.9625               2.6158              -0.1971
4    C               -0.8306               1.7229               0.8617
5    C               -1.4752               0.4921               0.8281
6    C               -3.0583              -1.1623              -0.2511
7    C               -3.1469              -1.9549               0.9012
8    C               -3.9070              -3.1183               0.9226
9    C               -4.5853              -3.5367              -0.2172
10   C               -4.4695              -2.7897              -1.3849
11   C               -3.7038              -1.6297              -1.4047
12   H               -2.9922               0.7855              -2.1895
13   H               -1.8294               2.9239              -2.1449
14   H               -0.4691               3.5831              -0.1673
15   H               -0.2224               1.9839               1.7249
16   H               -1.3198              -0.1894               1.6598
17   H               -2.6578              -1.6466               1.8201
18   H               -3.9674              -3.6987               1.8401
19   H               -5.1933              -4.4369              -0.1967
20   H               -4.9799              -3.1079              -2.2912
21   H               -3.6124              -1.0934              -2.3449


Energy:                 -463.171053 Convergence criteria  Is converged 
Maximum Force:             0.002004     0.002850  Yes
RMS Force:                 0.001096     0.001900  Yes
Maximum Displacement:      0.001897     0.003150  Yes
RMS Displacement:          0.001176     0.002100  Yes

LBFGS converged at iteration 24.
Final frame written to /home/hungn/Desktop/MyRepo/MLP/MAPLE/maple/function/dispatcher/parmfit/example/demo_torsionfit_torsionfit_1-7_opt.xyz
Complete trajectory written to /home/hungn/Desktop/MyRepo/MLP/MAPLE/maple/function/dispatcher/parmfit/example/demo_torsionfit_torsionfit_1-7_traj.xyz

----------------------------------------------------------------------
            Scanning combination 40/73: [555.00]

======================================================================
LBFGS Parameters
======================================================================
memory:     5
curvature:  70.0
max_step:   0.2
max_iter:   256
write_traj: False
traj_every: 1
verbose:    0
======================================================================


                             Coordinates                              
----------------------------------------------------------------------
0    C               -2.3405               0.1515              -0.2245
1    C               -2.4622               1.0648              -1.2781
2    C               -1.7808               2.2755              -1.2658
3    C               -0.9256               2.5909              -0.2155
4    C               -0.7612               1.6779               0.8211
5    C               -1.4494               0.4704               0.8094
6    C               -3.1012              -1.1347              -0.2365
7    C               -3.2328              -1.8995               0.9284
8    C               -3.9600              -3.0831               0.9364
9    C               -4.5452              -3.5573              -0.2328
10   C               -4.3910              -2.8313              -1.4094
11   C               -3.6686              -1.6441              -1.4127
12   H               -3.1299               0.8529              -2.1081
13   H               -1.9228               2.9771              -2.0838
14   H               -0.3921               3.5375              -0.2056
15   H               -0.1032               1.9125               1.6543
16   H               -1.2615              -0.2367               1.6121
17   H               -2.7967              -1.5514               1.8603
18   H               -4.0708              -3.6363               1.8655
19   H               -5.1135              -4.4834              -0.2273
20   H               -4.8491              -3.1835              -2.3304
21   H               -3.5312              -1.1279              -2.3586


Energy:                 -463.172134 Convergence criteria  Is converged 
Maximum Force:             0.001829     0.002850  Yes
RMS Force:                 0.001232     0.001900  Yes
Maximum Displacement:      0.001279     0.003150  Yes
RMS Displacement:          0.000828     0.002100  Yes

LBFGS converged at iteration 21.
Final frame written to /home/hungn/Desktop/MyRepo/MLP/MAPLE/maple/function/dispatcher/parmfit/example/demo_torsionfit_torsionfit_1-7_opt.xyz
Complete trajectory written to /home/hungn/Desktop/MyRepo/MLP/MAPLE/maple/function/dispatcher/parmfit/example/demo_torsionfit_torsionfit_1-7_traj.xyz

----------------------------------------------------------------------
            Scanning combination 41/73: [560.00]

======================================================================
LBFGS Parameters
======================================================================
memory:     5
curvature:  70.0
max_step:   0.2
max_iter:   256
write_traj: False
traj_every: 1
verbose:    0
======================================================================


                             Coordinates                              
----------------------------------------------------------------------
0    C               -2.3135               0.1356              -0.2437
1    C               -2.4735               1.0724              -1.2728
2    C               -1.7904               2.2823              -1.2612
3    C               -0.9309               2.5944              -0.2130
4    C               -0.7590               1.6762               0.8176
5    C               -1.4364               0.4631               0.7988
6    C               -3.0702              -1.1532              -0.2429
7    C               -3.2452              -1.8931               0.9336
8    C               -3.9707              -3.0780               0.9407
9    C               -4.5506              -3.5544              -0.2305
10   C               -4.3871              -2.8333              -1.4087
11   C               -3.6532              -1.6534              -1.4147
12   H               -3.1513               0.8723              -2.0976
13   H               -1.9240               2.9788              -2.0855
14   H               -0.3911               3.5372              -0.2057
15   H               -0.0977               1.9046               1.6500
16   H               -1.2649              -0.2364               1.6117
17   H               -2.8239              -1.5423               1.8713
18   H               -4.0715              -3.6369               1.8681
19   H               -5.1130              -4.4840              -0.2279
20   H               -4.8391              -3.1847              -2.3331
21   H               -3.5322              -1.1257              -2.3562


Energy:                 -463.172622 Convergence criteria  Is converged 
Maximum Force:             0.001529     0.002850  Yes
RMS Force:                 0.001198     0.001900  Yes
Maximum Displacement:      0.001727     0.003150  Yes
RMS Displacement:          0.001147     0.002100  Yes

LBFGS converged at iteration 8.
Final frame written to /home/hungn/Desktop/MyRepo/MLP/MAPLE/maple/function/dispatcher/parmfit/example/demo_torsionfit_torsionfit_1-7_opt.xyz
Complete trajectory written to /home/hungn/Desktop/MyRepo/MLP/MAPLE/maple/function/dispatcher/parmfit/example/demo_torsionfit_torsionfit_1-7_traj.xyz

----------------------------------------------------------------------
            Scanning combination 42/73: [565.00]

======================================================================
LBFGS Parameters
======================================================================
memory:     5
curvature:  70.0
max_step:   0.2
max_iter:   256
write_traj: False
traj_every: 1
verbose:    0
======================================================================


                             Coordinates                              
----------------------------------------------------------------------
0    C               -2.3338               0.1455              -0.2281
1    C               -2.5363               1.1007              -1.2294
2    C               -1.8526               2.3101              -1.2186
3    C               -0.9350               2.5876              -0.2099
4    C               -0.6975               1.6343               0.7754
5    C               -1.3794               0.4231               0.7592
6    C               -3.0927              -1.1378              -0.2396
7    C               -3.3105              -1.8462               0.9465
8    C               -4.0351              -3.0316               0.9537
9    C               -4.5484              -3.5464              -0.2328
10   C               -4.3125              -2.8713              -1.4262
11   C               -3.5829              -1.6881              -1.4310
12   H               -3.2707               0.9151              -2.0091
13   H               -2.0375               3.0350              -2.0069
14   H               -0.4014               3.5338              -0.1992
15   H                0.0146               1.8381               1.5713
16   H               -1.1404              -0.3218               1.5141
17   H               -2.9433              -1.4449               1.8878
18   H               -4.1934              -3.5549               1.8930
19   H               -5.1170              -4.4722              -0.2281
20   H               -4.7096              -3.2601              -2.3607
21   H               -3.3740              -1.2063              -2.3829


Energy:                 -463.173754 Convergence criteria  Is converged 
Maximum Force:             0.001563     0.002850  Yes
RMS Force:                 0.001085     0.001900  Yes
Maximum Displacement:      0.001465     0.003150  Yes
RMS Displacement:          0.000744     0.002100  Yes

LBFGS converged at iteration 21.
Final frame written to /home/hungn/Desktop/MyRepo/MLP/MAPLE/maple/function/dispatcher/parmfit/example/demo_torsionfit_torsionfit_1-7_opt.xyz
Complete trajectory written to /home/hungn/Desktop/MyRepo/MLP/MAPLE/maple/function/dispatcher/parmfit/example/demo_torsionfit_torsionfit_1-7_traj.xyz

----------------------------------------------------------------------
            Scanning combination 43/73: [570.00]

======================================================================
LBFGS Parameters
======================================================================
memory:     5
curvature:  70.0
max_step:   0.2
max_iter:   256
write_traj: False
traj_every: 1
verbose:    0
======================================================================


                             Coordinates                              
----------------------------------------------------------------------
0    C               -2.3078               0.1305              -0.2490
1    C               -2.5472               1.1069              -1.2232
2    C               -1.8642               2.3172              -1.2104
3    C               -0.9347               2.5883              -0.2112
4    C               -0.6905               1.6313               0.7687
5    C               -1.3645               0.4159               0.7453
6    C               -3.0616              -1.1564              -0.2438
7    C               -3.3220              -1.8392               0.9502
8    C               -4.0487              -3.0239               0.9566
9    C               -4.5481              -3.5475              -0.2317
10   C               -4.3044              -2.8772              -1.4263
11   C               -3.5649              -1.7001              -1.4316
12   H               -3.2895               0.9320              -1.9978
13   H               -2.0482               3.0435              -1.9979
14   H               -0.3992               3.5334              -0.2010
15   H                0.0205               1.8328               1.5659
16   H               -1.1472              -0.3224               1.5125
17   H               -2.9683              -1.4360               1.8957
18   H               -4.2083              -3.5484               1.8952
19   H               -5.1151              -4.4742              -0.2281
20   H               -4.7007              -3.2635              -2.3618
21   H               -3.3746              -1.2013              -2.3781


Energy:                 -463.174017 Convergence criteria  Is converged 
Maximum Force:             0.001914     0.002850  Yes
RMS Force:                 0.001437     0.001900  Yes
Maximum Displacement:      0.002603     0.003150  Yes
RMS Displacement:          0.001657     0.002100  Yes

LBFGS converged at iteration 8.
Final frame written to /home/hungn/Desktop/MyRepo/MLP/MAPLE/maple/function/dispatcher/parmfit/example/demo_torsionfit_torsionfit_1-7_opt.xyz
Complete trajectory written to /home/hungn/Desktop/MyRepo/MLP/MAPLE/maple/function/dispatcher/parmfit/example/demo_torsionfit_torsionfit_1-7_traj.xyz

----------------------------------------------------------------------
            Scanning combination 44/73: [575.00]

======================================================================
LBFGS Parameters
======================================================================
memory:     5
curvature:  70.0
max_step:   0.2
max_iter:   256
write_traj: False
traj_every: 1
verbose:    0
======================================================================


                             Coordinates                              
----------------------------------------------------------------------
0    C               -2.3241               0.1384              -0.2328
1    C               -2.6047               1.1321              -1.1748
2    C               -1.9282               2.3458              -1.1584
3    C               -0.9396               2.5822              -0.2071
4    C               -0.6296               1.5908               0.7195
5    C               -1.3123               0.3795               0.7039
6    C               -3.0817              -1.1429              -0.2440
7    C               -3.3862              -1.7930               0.9553
8    C               -4.1194              -2.9732               0.9638
9    C               -4.5473              -3.5391              -0.2340
10   C               -4.2269              -2.9179              -1.4379
11   C               -3.4979              -1.7340              -1.4427
12   H               -3.3880               0.9627              -1.9107
13   H               -2.1733               3.1059              -1.8956
14   H               -0.4080               3.5297              -0.1950
15   H                0.1400               1.7653               1.4672
16   H               -1.0359              -0.3967               1.4143
17   H               -3.0709              -1.3485               1.8971
18   H               -4.3519              -3.4528               1.9112
19   H               -5.1184              -4.4633              -0.2288
20   H               -4.5569              -3.3507              -2.3790
21   H               -3.2283              -1.2784              -2.3932


Energy:                 -463.175025 Convergence criteria  Is converged 
Maximum Force:             0.001478     0.002850  Yes
RMS Force:                 0.000983     0.001900  Yes
Maximum Displacement:      0.000741     0.003150  Yes
RMS Displacement:          0.000516     0.002100  Yes

LBFGS converged at iteration 20.
Final frame written to /home/hungn/Desktop/MyRepo/MLP/MAPLE/maple/function/dispatcher/parmfit/example/demo_torsionfit_torsionfit_1-7_opt.xyz
Complete trajectory written to /home/hungn/Desktop/MyRepo/MLP/MAPLE/maple/function/dispatcher/parmfit/example/demo_torsionfit_torsionfit_1-7_traj.xyz

----------------------------------------------------------------------
            Scanning combination 45/73: [580.00]

======================================================================
LBFGS Parameters
======================================================================
memory:     5
curvature:  70.0
max_step:   0.2
max_iter:   256
write_traj: False
traj_every: 1
verbose:    0
======================================================================


                             Coordinates                              
----------------------------------------------------------------------
0    C               -2.3008               0.1250              -0.2549
1    C               -2.6152               1.1378              -1.1670
2    C               -1.9379               2.3513              -1.1499
3    C               -0.9397               2.5834              -0.2083
4    C               -0.6238               1.5886               0.7126
5    C               -1.2983               0.3734               0.6885
6    C               -3.0518              -1.1607              -0.2454
7    C               -3.3981              -1.7854               0.9574
8    C               -4.1314              -2.9661               0.9649
9    C               -4.5476              -3.5400              -0.2327
10   C               -4.2197              -2.9235              -1.4367
11   C               -3.4802              -1.7463              -1.4412
12   H               -3.4055               0.9781              -1.8973
13   H               -2.1797               3.1112              -1.8883
14   H               -0.4066               3.5299              -0.1961
15   H                0.1419               1.7621               1.4643
16   H               -1.0404              -0.3975               1.4110
17   H               -3.0956              -1.3392               1.9023
18   H               -4.3620              -3.4484               1.9111
19   H               -5.1174              -4.4650              -0.2287
20   H               -4.5522              -3.3514              -2.3790
21   H               -3.2272              -1.2756              -2.3884


Energy:                 -463.175009 Convergence criteria  Is converged 
Maximum Force:             0.001690     0.002850  Yes
RMS Force:                 0.001273     0.001900  Yes
Maximum Displacement:      0.002700     0.003150  Yes
RMS Displacement:          0.001547     0.002100  Yes

LBFGS converged at iteration 8.
Final frame written to /home/hungn/Desktop/MyRepo/MLP/MAPLE/maple/function/dispatcher/parmfit/example/demo_torsionfit_torsionfit_1-7_opt.xyz
Complete trajectory written to /home/hungn/Desktop/MyRepo/MLP/MAPLE/maple/function/dispatcher/parmfit/example/demo_torsionfit_torsionfit_1-7_traj.xyz

----------------------------------------------------------------------
            Scanning combination 46/73: [585.00]

======================================================================
LBFGS Parameters
======================================================================
memory:     5
curvature:  70.0
max_step:   0.2
max_iter:   256
write_traj: False
traj_every: 1
verbose:    0
======================================================================


                             Coordinates                              
----------------------------------------------------------------------
0    C               -2.2880               0.1175              -0.2554
1    C               -2.6422               1.1459              -1.1334
2    C               -1.9649               2.3596              -1.1236
3    C               -0.9339               2.5767              -0.2137
4    C               -0.5908               1.5719               0.6871
5    C               -1.2574               0.3514               0.6615
6    C               -3.0420              -1.1665              -0.2548
7    C               -3.4316              -1.7580               0.9504
8    C               -4.1608              -2.9411               0.9635
9    C               -4.5376              -3.5426              -0.2342
10   C               -4.1824              -2.9480              -1.4421
11   C               -3.4357              -1.7746              -1.4518
12   H               -3.4751               0.9981              -1.8174
13   H               -2.2571               3.1430              -1.8181
14   H               -0.4162               3.5320              -0.1930
15   H                0.1886               1.7439               1.4251
16   H               -0.9661              -0.4358               1.3541
17   H               -3.1775              -1.2702               1.8889
18   H               -4.4497              -3.3832               1.9134
19   H               -5.1237              -4.4577              -0.2248
20   H               -4.5019              -3.3902              -2.3824
21   H               -3.1431              -1.3303              -2.4011


Energy:                 -463.175079 Convergence criteria  Is converged 
Maximum Force:             0.002544     0.002850  Yes
RMS Force:                 0.001725     0.001900  Yes
Maximum Displacement:      0.002207     0.003150  Yes
RMS Displacement:          0.001242     0.002100  Yes

LBFGS converged at iteration 14.
Final frame written to /home/hungn/Desktop/MyRepo/MLP/MAPLE/maple/function/dispatcher/parmfit/example/demo_torsionfit_torsionfit_1-7_opt.xyz
Complete trajectory written to /home/hungn/Desktop/MyRepo/MLP/MAPLE/maple/function/dispatcher/parmfit/example/demo_torsionfit_torsionfit_1-7_traj.xyz

----------------------------------------------------------------------
            Scanning combination 47/73: [590.00]

======================================================================
LBFGS Parameters
======================================================================
memory:     5
curvature:  70.0
max_step:   0.2
max_iter:   256
write_traj: False
traj_every: 1
verbose:    0
======================================================================


                             Coordinates                              
----------------------------------------------------------------------
0    C               -2.2715               0.1080              -0.2736
1    C               -2.6581               1.1526              -1.1192
2    C               -1.9826               2.3682              -1.1065
3    C               -0.9414               2.5804              -0.2074
4    C               -0.5861               1.5696               0.6806
5    C               -1.2449               0.3455               0.6457
6    C               -3.0194              -1.1799              -0.2537
7    C               -3.4496              -1.7448               0.9511
8    C               -4.1825              -2.9266               0.9636
9    C               -4.5462              -3.5368              -0.2334
10   C               -4.1754              -2.9525              -1.4408
11   C               -3.4184              -1.7862              -1.4490
12   H               -3.4821               1.0027              -1.8136
13   H               -2.2584               3.1444              -1.8151
14   H               -0.4131               3.5301              -0.1948
15   H                0.1957               1.7382               1.4169
16   H               -0.9670              -0.4372               1.3479
17   H               -3.1853              -1.2661               1.8917
18   H               -4.4529              -3.3820               1.9124
19   H               -5.1202              -4.4596              -0.2259
20   H               -4.4907              -3.3952              -2.3822
21   H               -3.1388              -1.3309              -2.3964


Energy:                 -463.174261 Convergence criteria  Is converged 
Maximum Force:             0.002326     0.002850  Yes
RMS Force:                 0.001596     0.001900  Yes
Maximum Displacement:      0.001037     0.003150  Yes
RMS Displacement:          0.000777     0.002100  Yes

LBFGS converged at iteration 8.
Final frame written to /home/hungn/Desktop/MyRepo/MLP/MAPLE/maple/function/dispatcher/parmfit/example/demo_torsionfit_torsionfit_1-7_opt.xyz
Complete trajectory written to /home/hungn/Desktop/MyRepo/MLP/MAPLE/maple/function/dispatcher/parmfit/example/demo_torsionfit_torsionfit_1-7_traj.xyz

----------------------------------------------------------------------
            Scanning combination 48/73: [595.00]

======================================================================
LBFGS Parameters
======================================================================
memory:     5
curvature:  70.0
max_step:   0.2
max_iter:   256
write_traj: False
traj_every: 1
verbose:    0
======================================================================


                             Coordinates                              
----------------------------------------------------------------------
0    C               -2.2856               0.1148              -0.2567
1    C               -2.7106               1.1742              -1.0625
2    C               -2.0561               2.4006              -1.0295
3    C               -0.9580               2.5816              -0.1919
4    C               -0.5207               1.5297               0.6091
5    C               -1.1821               0.3072               0.5801
6    C               -3.0384              -1.1673              -0.2561
7    C               -3.5143              -1.6976               0.9459
8    C               -4.2733              -2.8625               0.9589
9    C               -4.5610              -3.5196              -0.2351
10   C               -4.0846              -3.0045              -1.4380
11   C               -3.3328              -1.8351              -1.4488
12   H               -3.5722               1.0294              -1.7114
13   H               -2.4014               3.2137              -1.6629
14   H               -0.4426               3.5384              -0.1675
15   H                0.3306               1.6685               1.2705
16   H               -0.8356              -0.5134               1.2047
17   H               -3.2911              -1.1777               1.8757
18   H               -4.6357              -3.2599               1.9036
19   H               -5.1511              -4.4326              -0.2267
20   H               -4.3133              -3.5090              -2.3731
21   H               -2.9593              -1.4374              -2.3900


Energy:                 -463.175005 Convergence criteria  Is converged 
Maximum Force:             0.001871     0.002850  Yes
RMS Force:                 0.001293     0.001900  Yes
Maximum Displacement:      0.001648     0.003150  Yes
RMS Displacement:          0.001354     0.002100  Yes

LBFGS converged at iteration 20.
Final frame written to /home/hungn/Desktop/MyRepo/MLP/MAPLE/maple/function/dispatcher/parmfit/example/demo_torsionfit_torsionfit_1-7_opt.xyz
Complete trajectory written to /home/hungn/Desktop/MyRepo/MLP/MAPLE/maple/function/dispatcher/parmfit/example/demo_torsionfit_torsionfit_1-7_traj.xyz

----------------------------------------------------------------------
            Scanning combination 49/73: [600.00]

======================================================================
LBFGS Parameters
======================================================================
memory:     5
curvature:  70.0
max_step:   0.2
max_iter:   256
write_traj: False
traj_every: 1
verbose:    0
======================================================================


                             Coordinates                              
----------------------------------------------------------------------
0    C               -2.2673               0.1051              -0.2786
1    C               -2.7211               1.1789              -1.0505
2    C               -2.0634               2.4042              -1.0208
3    C               -0.9570               2.5821              -0.1943
4    C               -0.5190               1.5313               0.6059
5    C               -1.1733               0.3050               0.5673
6    C               -3.0131              -1.1833              -0.2533
7    C               -3.5279              -1.6881               0.9445
8    C               -4.2833              -2.8560               0.9578
9    C               -4.5597              -3.5214              -0.2338
10   C               -4.0834              -3.0077              -1.4360
11   C               -3.3212              -1.8449              -1.4450
12   H               -3.5800               1.0390              -1.7035
13   H               -2.4034               3.2153              -1.6588
14   H               -0.4418               3.5386              -0.1683
15   H                0.3315               1.6663               1.2691
16   H               -0.8402              -0.5128               1.2022
17   H               -3.3053              -1.1743               1.8774
18   H               -4.6398              -3.2579               1.9021
19   H               -5.1505              -4.4336              -0.2265
20   H               -4.3106              -3.5089              -2.3734
21   H               -2.9597              -1.4350              -2.3853


Energy:                 -463.174171 Convergence criteria  Is converged 
Maximum Force:             0.002233     0.002850  Yes
RMS Force:                 0.001593     0.001900  Yes
Maximum Displacement:      0.002058     0.003150  Yes
RMS Displacement:          0.001543     0.002100  Yes

LBFGS converged at iteration 7.
Final frame written to /home/hungn/Desktop/MyRepo/MLP/MAPLE/maple/function/dispatcher/parmfit/example/demo_torsionfit_torsionfit_1-7_opt.xyz
Complete trajectory written to /home/hungn/Desktop/MyRepo/MLP/MAPLE/maple/function/dispatcher/parmfit/example/demo_torsionfit_torsionfit_1-7_traj.xyz

----------------------------------------------------------------------
            Scanning combination 50/73: [605.00]

======================================================================
LBFGS Parameters
======================================================================
memory:     5
curvature:  70.0
max_step:   0.2
max_iter:   256
write_traj: False
traj_every: 1
verbose:    0
======================================================================


                             Coordinates                              
----------------------------------------------------------------------
0    C               -2.2694               0.1073              -0.2681
1    C               -2.7561               1.1958              -0.9957
2    C               -2.1046               2.4236              -0.9625
3    C               -0.9606               2.5845              -0.1860
4    C               -0.4733               1.5104               0.5546
5    C               -1.1262               0.2832               0.5192
6    C               -3.0213              -1.1794              -0.2593
7    C               -3.5826              -1.6523               0.9291
8    C               -4.3437              -2.8157               0.9443
9    C               -4.5674              -3.5172              -0.2371
10   C               -4.0244              -3.0484              -1.4307
11   C               -3.2629              -1.8850              -1.4432
12   H               -3.6518               1.0649              -1.5990
13   H               -2.4867               3.2536              -1.5511
14   H               -0.4460               3.5416              -0.1637
15   H                0.4078               1.6387               1.1776
16   H               -0.7441              -0.5527               1.1016
17   H               -3.4064              -1.0988               1.8489
18   H               -4.7556              -3.1793               1.8820
19   H               -5.1567              -4.4304              -0.2265
20   H               -4.2143              -3.5827              -2.3578
21   H               -2.8429              -1.5202              -2.3783


Energy:                 -463.173927 Convergence criteria  Is converged 
Maximum Force:             0.001909     0.002850  Yes
RMS Force:                 0.001477     0.001900  Yes
Maximum Displacement:      0.002234     0.003150  Yes
RMS Displacement:          0.001341     0.002100  Yes

LBFGS converged at iteration 19.
Final frame written to /home/hungn/Desktop/MyRepo/MLP/MAPLE/maple/function/dispatcher/parmfit/example/demo_torsionfit_torsionfit_1-7_opt.xyz
Complete trajectory written to /home/hungn/Desktop/MyRepo/MLP/MAPLE/maple/function/dispatcher/parmfit/example/demo_torsionfit_torsionfit_1-7_traj.xyz

----------------------------------------------------------------------
            Scanning combination 51/73: [610.00]

======================================================================
LBFGS Parameters
======================================================================
memory:     5
curvature:  70.0
max_step:   0.2
max_iter:   256
write_traj: False
traj_every: 1
verbose:    0
======================================================================


                             Coordinates                              
----------------------------------------------------------------------
0    C               -2.2529               0.0980              -0.2921
1    C               -2.7651               1.1988              -0.9853
2    C               -2.1114               2.4260              -0.9545
3    C               -0.9596               2.5847              -0.1890
4    C               -0.4714               1.5111               0.5506
5    C               -1.1169               0.2802               0.5023
6    C               -2.9956              -1.1949              -0.2539
7    C               -3.5935              -1.6436               0.9276
8    C               -4.3522              -2.8091               0.9429
9    C               -4.5655              -3.5191              -0.2353
10   C               -4.0221              -3.0515              -1.4286
11   C               -3.2482              -1.8960              -1.4368
12   H               -3.6615               1.0760              -1.5898
13   H               -2.4920               3.2563              -1.5434
14   H               -0.4469               3.5428              -0.1628
15   H                0.4105               1.6335               1.1738
16   H               -0.7511              -0.5542               1.0967
17   H               -3.4230              -1.0943               1.8513
18   H               -4.7638              -3.1741               1.8803
19   H               -5.1584              -4.4301              -0.2263
20   H               -4.2073              -3.5831              -2.3583
21   H               -2.8411              -1.5157              -2.3711


Energy:                 -463.172713 Convergence criteria  Is converged 
Maximum Force:             0.002037     0.002850  Yes
RMS Force:                 0.001370     0.001900  Yes
Maximum Displacement:      0.001470     0.003150  Yes
RMS Displacement:          0.000931     0.002100  Yes

LBFGS converged at iteration 8.
Final frame written to /home/hungn/Desktop/MyRepo/MLP/MAPLE/maple/function/dispatcher/parmfit/example/demo_torsionfit_torsionfit_1-7_opt.xyz
Complete trajectory written to /home/hungn/Desktop/MyRepo/MLP/MAPLE/maple/function/dispatcher/parmfit/example/demo_torsionfit_torsionfit_1-7_traj.xyz

----------------------------------------------------------------------
            Scanning combination 52/73: [615.00]

======================================================================
LBFGS Parameters
======================================================================
memory:     5
curvature:  70.0
max_step:   0.2
max_iter:   256
write_traj: False
traj_every: 1
verbose:    0
======================================================================


                             Coordinates                              
----------------------------------------------------------------------
0    C               -2.2581               0.1008              -0.2747
1    C               -2.8046               1.2129              -0.9185
2    C               -2.1610               2.4447              -0.8786
3    C               -0.9672               2.5840              -0.1770
4    C               -0.4218               1.4860               0.4827
5    C               -1.0657               0.2537               0.4397
6    C               -3.0093              -1.1866              -0.2630
7    C               -3.6543              -1.5988               0.9048
8    C               -4.4248              -2.7561               0.9208
9    C               -4.5742              -3.5089              -0.2402
10   C               -3.9492              -3.0983              -1.4146
11   C               -3.1768              -1.9416              -1.4282
12   H               -3.7412               1.0992              -1.4590
13   H               -2.5906               3.2951              -1.4009
14   H               -0.4597               3.5447              -0.1502
15   H                0.5000               1.5977               1.0473
16   H               -0.6419              -0.6023               0.9601
17   H               -3.5394              -1.0024               1.8068
18   H               -4.9043              -3.0723               1.8430
19   H               -5.1709              -4.4172              -0.2277
20   H               -4.0808              -3.6743              -2.3267
21   H               -2.6935              -1.6184              -2.3474


Energy:                 -463.172539 Convergence criteria  Is converged 
Maximum Force:             0.001824     0.002850  Yes
RMS Force:                 0.001384     0.001900  Yes
Maximum Displacement:      0.002288     0.003150  Yes
RMS Displacement:          0.001382     0.002100  Yes

LBFGS converged at iteration 19.
Final frame written to /home/hungn/Desktop/MyRepo/MLP/MAPLE/maple/function/dispatcher/parmfit/example/demo_torsionfit_torsionfit_1-7_opt.xyz
Complete trajectory written to /home/hungn/Desktop/MyRepo/MLP/MAPLE/maple/function/dispatcher/parmfit/example/demo_torsionfit_torsionfit_1-7_traj.xyz

----------------------------------------------------------------------
            Scanning combination 53/73: [620.00]

======================================================================
LBFGS Parameters
======================================================================
memory:     5
curvature:  70.0
max_step:   0.2
max_iter:   256
write_traj: False
traj_every: 1
verbose:    0
======================================================================


                             Coordinates                              
----------------------------------------------------------------------
0    C               -2.2452               0.0938              -0.2985
1    C               -2.8130               1.2166              -0.9068
2    C               -2.1661               2.4473              -0.8711
3    C               -0.9656               2.5852              -0.1803
4    C               -0.4192               1.4868               0.4780
5    C               -1.0581               0.2522               0.4228
6    C               -2.9864              -1.2007              -0.2549
7    C               -3.6664              -1.5904               0.9021
8    C               -4.4325              -2.7511               0.9189
9    C               -4.5727              -3.5118              -0.2382
10   C               -3.9464              -3.1023              -1.4123
11   C               -3.1637              -1.9522              -1.4204
12   H               -3.7489               1.1087              -1.4503
13   H               -2.5943               3.2985              -1.3940
14   H               -0.4596               3.5467              -0.1487
15   H                0.5028               1.5927               1.0437
16   H               -0.6482              -0.6030               0.9554
17   H               -3.5540              -0.9988               1.8078
18   H               -4.9120              -3.0690               1.8410
19   H               -5.1732              -4.4178              -0.2282
20   H               -4.0741              -3.6748              -2.3273
21   H               -2.6922              -1.6147              -2.3406


Energy:                 -463.171308 Convergence criteria  Is converged 
Maximum Force:             0.001640     0.002850  Yes
RMS Force:                 0.001292     0.001900  Yes
Maximum Displacement:      0.001922     0.003150  Yes
RMS Displacement:          0.001225     0.002100  Yes

LBFGS converged at iteration 8.
Final frame written to /home/hungn/Desktop/MyRepo/MLP/MAPLE/maple/function/dispatcher/parmfit/example/demo_torsionfit_torsionfit_1-7_opt.xyz
Complete trajectory written to /home/hungn/Desktop/MyRepo/MLP/MAPLE/maple/function/dispatcher/parmfit/example/demo_torsionfit_torsionfit_1-7_traj.xyz

----------------------------------------------------------------------
            Scanning combination 54/73: [625.00]

======================================================================
LBFGS Parameters
======================================================================
memory:     5
curvature:  70.0
max_step:   0.2
max_iter:   256
write_traj: False
traj_every: 1
verbose:    0
======================================================================


                             Coordinates                              
----------------------------------------------------------------------
0    C               -2.2539               0.0994              -0.2743
1    C               -2.8521               1.2331              -0.8264
2    C               -2.2112               2.4669              -0.7861
3    C               -0.9688               2.5847              -0.1705
4    C               -0.3716               1.4640               0.3999
5    C               -1.0105               0.2284               0.3511
6    C               -3.0071              -1.1889              -0.2662
7    C               -3.7367              -1.5427               0.8698
8    C               -4.5096              -2.6989               0.8877
9    C               -4.5789              -3.5058              -0.2439
10   C               -3.8700              -3.1523              -1.3887
11   C               -3.0903              -1.9995              -1.4019
12   H               -3.8281               1.1323              -1.2938
13   H               -2.6836               3.3359              -1.2359
14   H               -0.4653               3.5475              -0.1392
15   H                0.5900               1.5580               0.8977
16   H               -0.5433              -0.6466               0.7960
17   H               -3.6852              -0.8988               1.7439
18   H               -5.0578              -2.9685               1.7863
19   H               -5.1810              -4.4108              -0.2318
20   H               -3.9380              -3.7713              -2.2795
21   H               -2.5362              -1.7244              -2.2959


Energy:                 -463.171081 Convergence criteria  Is converged 
Maximum Force:             0.001880     0.002850  Yes
RMS Force:                 0.001196     0.001900  Yes
Maximum Displacement:      0.002226     0.003150  Yes
RMS Displacement:          0.001410     0.002100  Yes

LBFGS converged at iteration 19.
Final frame written to /home/hungn/Desktop/MyRepo/MLP/MAPLE/maple/function/dispatcher/parmfit/example/demo_torsionfit_torsionfit_1-7_opt.xyz
Complete trajectory written to /home/hungn/Desktop/MyRepo/MLP/MAPLE/maple/function/dispatcher/parmfit/example/demo_torsionfit_torsionfit_1-7_traj.xyz

----------------------------------------------------------------------
            Scanning combination 55/73: [630.00]

======================================================================
LBFGS Parameters
======================================================================
memory:     5
curvature:  70.0
max_step:   0.2
max_iter:   256
write_traj: False
traj_every: 1
verbose:    0
======================================================================


                             Coordinates                              
----------------------------------------------------------------------
0    C               -2.2437               0.0938              -0.2980
1    C               -2.8600               1.2360              -0.8135
2    C               -2.2160               2.4684              -0.7775
3    C               -0.9680               2.5857              -0.1728
4    C               -0.3687               1.4642               0.3943
5    C               -1.0040               0.2273               0.3339
6    C               -2.9863              -1.2016              -0.2562
7    C               -3.7486              -1.5340               0.8657
8    C               -4.5172              -2.6932               0.8845
9    C               -4.5781              -3.5078              -0.2423
10   C               -3.8661              -3.1565              -1.3861
11   C               -3.0776              -2.0097              -1.3931
12   H               -3.8350               1.1393              -1.2841
13   H               -2.6865               3.3380              -1.2290
14   H               -0.4650               3.5489              -0.1382
15   H                0.5929               1.5526               0.8933
16   H               -0.5493              -0.6468               0.7939
17   H               -3.6982              -0.8940               1.7429
18   H               -5.0642              -2.9650               1.7834
19   H               -5.1825              -4.4114              -0.2323
20   H               -3.9305              -3.7721              -2.2797
21   H               -2.5367              -1.7204              -2.2910


Energy:                 -463.169997 Convergence criteria  Is converged 
Maximum Force:             0.001733     0.002850  Yes
RMS Force:                 0.001286     0.001900  Yes
Maximum Displacement:      0.002411     0.003150  Yes
RMS Displacement:          0.001553     0.002100  Yes

LBFGS converged at iteration 8.
Final frame written to /home/hungn/Desktop/MyRepo/MLP/MAPLE/maple/function/dispatcher/parmfit/example/demo_torsionfit_torsionfit_1-7_opt.xyz
Complete trajectory written to /home/hungn/Desktop/MyRepo/MLP/MAPLE/maple/function/dispatcher/parmfit/example/demo_torsionfit_torsionfit_1-7_traj.xyz

----------------------------------------------------------------------
            Scanning combination 56/73: [635.00]

======================================================================
LBFGS Parameters
======================================================================
memory:     5
curvature:  70.0
max_step:   0.2
max_iter:   256
write_traj: False
traj_every: 1
verbose:    0
======================================================================


                             Coordinates                              
----------------------------------------------------------------------
0    C               -2.2541               0.1000              -0.2606
1    C               -2.8982               1.2543              -0.7091
2    C               -2.2587               2.4883              -0.6737
3    C               -0.9677               2.5844              -0.1633
4    C               -0.3219               1.4428               0.3028
5    C               -0.9576               0.2039               0.2514
6    C               -3.0155              -1.1845              -0.2762
7    C               -3.8337              -1.4798               0.8155
8    C               -4.6045              -2.6367               0.8378
9    C               -4.5824              -3.5041              -0.2500
10   C               -3.7834              -3.2113              -1.3515
11   C               -2.9986              -2.0599              -1.3657
12   H               -3.9145               1.1661              -1.0853
13   H               -2.7699               3.3721              -1.0463
14   H               -0.4634               3.5476              -0.1360
15   H                0.6818               1.5187               0.7137
16   H               -0.4409              -0.6828               0.6117
17   H               -3.8562              -0.7814               1.6486
18   H               -5.2197              -2.8588               1.7059
19   H               -5.1823              -4.4111              -0.2353
20   H               -3.7752              -3.8816              -2.2075
21   H               -2.3725              -1.8446              -2.2286


Energy:                 -463.170384 Convergence criteria  Is converged 
Maximum Force:             0.001599     0.002850  Yes
RMS Force:                 0.001312     0.001900  Yes
Maximum Displacement:      0.001497     0.003150  Yes
RMS Displacement:          0.000865     0.002100  Yes

LBFGS converged at iteration 21.
Final frame written to /home/hungn/Desktop/MyRepo/MLP/MAPLE/maple/function/dispatcher/parmfit/example/demo_torsionfit_torsionfit_1-7_opt.xyz
Complete trajectory written to /home/hungn/Desktop/MyRepo/MLP/MAPLE/maple/function/dispatcher/parmfit/example/demo_torsionfit_torsionfit_1-7_traj.xyz

----------------------------------------------------------------------
            Scanning combination 57/73: [640.00]

======================================================================
LBFGS Parameters
======================================================================
memory:     5
curvature:  70.0
max_step:   0.2
max_iter:   256
write_traj: False
traj_every: 1
verbose:    0
======================================================================


                             Coordinates                              
----------------------------------------------------------------------
0    C               -2.3086               0.1340              -0.2367
1    C               -2.9423               1.3172              -0.6305
2    C               -2.2701               2.5348              -0.5870
3    C               -0.9421               2.5815              -0.1740
4    C               -0.2871               1.4046               0.1751
5    C               -0.9617               0.1865               0.1327
6    C               -3.0714              -1.1536              -0.2514
7    C               -3.9399              -1.4545               0.8031
8    C               -4.6930              -2.6245               0.7951
9    C               -4.5665              -3.5257              -0.2577
10   C               -3.6707              -3.2596              -1.2886
11   C               -2.9188              -2.0870              -1.2804
12   H               -3.9789               1.2798              -0.9576
13   H               -2.7859               3.4487              -0.8719
14   H               -0.4164               3.5322              -0.1321
15   H                0.7548               1.4387               0.4819
16   H               -0.4418              -0.7311               0.3954
17   H               -4.0354              -0.7520               1.6280
18   H               -5.3827              -2.8303               1.6102
19   H               -5.1587              -4.4372              -0.2703
20   H               -3.5598              -3.9710              -2.1027
21   H               -2.2123              -1.8899              -2.0824


Energy:                 -463.171578 Convergence criteria  Is converged 
Maximum Force:             0.002020     0.002850  Yes
RMS Force:                 0.001145     0.001900  Yes
Maximum Displacement:      0.002712     0.003150  Yes
RMS Displacement:          0.001605     0.002100  Yes

LBFGS converged at iteration 20.
Final frame written to /home/hungn/Desktop/MyRepo/MLP/MAPLE/maple/function/dispatcher/parmfit/example/demo_torsionfit_torsionfit_1-7_opt.xyz
Complete trajectory written to /home/hungn/Desktop/MyRepo/MLP/MAPLE/maple/function/dispatcher/parmfit/example/demo_torsionfit_torsionfit_1-7_traj.xyz

----------------------------------------------------------------------
            Scanning combination 58/73: [645.00]

======================================================================
LBFGS Parameters
======================================================================
memory:     5
curvature:  70.0
max_step:   0.2
max_iter:   256
write_traj: False
traj_every: 1
verbose:    0
======================================================================


                             Coordinates                              
----------------------------------------------------------------------
0    C               -2.3084               0.1303              -0.2468
1    C               -2.9562               1.3176              -0.5961
2    C               -2.2726               2.5287              -0.5796
3    C               -0.9365               2.5698              -0.1898
4    C               -0.2813               1.3899               0.1552
5    C               -0.9602               0.1758               0.1127
6    C               -3.0628              -1.1551              -0.2452
7    C               -3.9640              -1.4325               0.7854
8    C               -4.6934              -2.6167               0.7890
9    C               -4.5468              -3.5288              -0.2529
10   C               -3.6465              -3.2626              -1.2820
11   C               -2.8987              -2.0890              -1.2698
12   H               -4.0071               1.2787              -0.8728
13   H               -2.7935               3.4425              -0.8550
14   H               -0.4126               3.5219              -0.1522
15   H                0.7564               1.4165               0.4775
16   H               -0.4537              -0.7490               0.3774
17   H               -4.0914              -0.7015               1.5803
18   H               -5.3899              -2.8153               1.5998
19   H               -5.1383              -4.4412              -0.2608
20   H               -3.5398              -3.9615              -2.1077
21   H               -2.1919              -1.8769              -2.0682


Energy:                 -463.172266 Convergence criteria  Is converged 
Maximum Force:             0.002505     0.002850  Yes
RMS Force:                 0.001606     0.001900  Yes
Maximum Displacement:      0.002851     0.003150  Yes
RMS Displacement:          0.002070     0.002100  Yes

LBFGS converged at iteration 12.
Final frame written to /home/hungn/Desktop/MyRepo/MLP/MAPLE/maple/function/dispatcher/parmfit/example/demo_torsionfit_torsionfit_1-7_opt.xyz
Complete trajectory written to /home/hungn/Desktop/MyRepo/MLP/MAPLE/maple/function/dispatcher/parmfit/example/demo_torsionfit_torsionfit_1-7_traj.xyz

----------------------------------------------------------------------
            Scanning combination 59/73: [650.00]

======================================================================
LBFGS Parameters
======================================================================
memory:     5
curvature:  70.0
max_step:   0.2
max_iter:   256
write_traj: False
traj_every: 1
verbose:    0
======================================================================


                             Coordinates                              
----------------------------------------------------------------------
0    C               -2.3146               0.1369              -0.2262
1    C               -2.9699               1.3392              -0.5119
2    C               -2.2817               2.5482              -0.5083
3    C               -0.9256               2.5749              -0.1963
4    C               -0.2637               1.3870               0.1040
5    C               -0.9467               0.1734               0.0670
6    C               -3.0815              -1.1471              -0.2548
7    C               -4.0328              -1.4056               0.7375
8    C               -4.7516              -2.5966               0.7474
9    C               -4.5437              -3.5421              -0.2526
10   C               -3.6097              -3.2917              -1.2548
11   C               -2.8666              -2.1134              -1.2442
12   H               -4.0323               1.3187              -0.7455
13   H               -2.8068               3.4704              -0.7451
14   H               -0.3832               3.5176              -0.1854
15   H                0.7936               1.4097               0.3566
16   H               -0.4163              -0.7549               0.2690
17   H               -4.2023              -0.6615               1.5128
18   H               -5.4780              -2.7836               1.5345
19   H               -5.1071              -4.4724              -0.2542
20   H               -3.4544              -4.0267              -2.0407
21   H               -2.1142              -1.9386              -2.0104


Energy:                 -463.173126 Convergence criteria  Is converged 
Maximum Force:             0.002657     0.002850  Yes
RMS Force:                 0.001590     0.001900  Yes
Maximum Displacement:      0.001707     0.003150  Yes
RMS Displacement:          0.001190     0.002100  Yes

LBFGS converged at iteration 15.
Final frame written to /home/hungn/Desktop/MyRepo/MLP/MAPLE/maple/function/dispatcher/parmfit/example/demo_torsionfit_torsionfit_1-7_opt.xyz
Complete trajectory written to /home/hungn/Desktop/MyRepo/MLP/MAPLE/maple/function/dispatcher/parmfit/example/demo_torsionfit_torsionfit_1-7_traj.xyz

----------------------------------------------------------------------
            Scanning combination 60/73: [655.00]

======================================================================
LBFGS Parameters
======================================================================
memory:     5
curvature:  70.0
max_step:   0.2
max_iter:   256
write_traj: False
traj_every: 1
verbose:    0
======================================================================


                             Coordinates                              
----------------------------------------------------------------------
0    C               -2.3119               0.1341              -0.2517
1    C               -2.9748               1.3390              -0.5031
2    C               -2.2845               2.5465              -0.4987
3    C               -0.9265               2.5732              -0.1941
4    C               -0.2625               1.3838               0.0910
5    C               -0.9459               0.1719               0.0431
6    C               -3.0640              -1.1562              -0.2382
7    C               -4.0392              -1.3988               0.7335
8    C               -4.7567              -2.5903               0.7411
9    C               -4.5439              -3.5397              -0.2543
10   C               -3.5994              -3.2952              -1.2468
11   C               -2.8517              -2.1211              -1.2272
12   H               -4.0375               1.3198              -0.7331
13   H               -2.8068               3.4689              -0.7377
14   H               -0.3865               3.5169              -0.1833
15   H                0.7925               1.4000               0.3514
16   H               -0.4272              -0.7563               0.2698
17   H               -4.2117              -0.6539               1.5069
18   H               -5.4811              -2.7803               1.5284
19   H               -5.1088              -4.4689              -0.2542
20   H               -3.4443              -4.0223              -2.0394
21   H               -2.1168              -1.9293              -2.0052


Energy:                 -463.173210 Convergence criteria  Is converged 
Maximum Force:             0.001717     0.002850  Yes
RMS Force:                 0.001354     0.001900  Yes
Maximum Displacement:      0.001224     0.003150  Yes
RMS Displacement:          0.000809     0.002100  Yes

LBFGS converged at iteration 8.
Final frame written to /home/hungn/Desktop/MyRepo/MLP/MAPLE/maple/function/dispatcher/parmfit/example/demo_torsionfit_torsionfit_1-7_opt.xyz
Complete trajectory written to /home/hungn/Desktop/MyRepo/MLP/MAPLE/maple/function/dispatcher/parmfit/example/demo_torsionfit_torsionfit_1-7_traj.xyz

----------------------------------------------------------------------
            Scanning combination 61/73: [660.00]

======================================================================
LBFGS Parameters
======================================================================
memory:     5
curvature:  70.0
max_step:   0.2
max_iter:   256
write_traj: False
traj_every: 1
verbose:    0
======================================================================


                             Coordinates                              
----------------------------------------------------------------------
0    C               -2.3217               0.1360              -0.2249
1    C               -2.9960               1.3460              -0.4071
2    C               -2.3059               2.5516              -0.4030
3    C               -0.9296               2.5631              -0.1909
4    C               -0.2475               1.3629              -0.0066
5    C               -0.9362               0.1548              -0.0454
6    C               -3.0837              -1.1407              -0.2521
7    C               -4.1058              -1.3542               0.6762
8    C               -4.8217              -2.5447               0.6835
9    C               -4.5390              -3.5307              -0.2583
10   C               -3.5232              -3.3280              -1.1893
11   C               -2.7851              -2.1488              -1.1723
12   H               -4.0745               1.3305              -0.5537
13   H               -2.8438               3.4820              -0.5636
14   H               -0.3871               3.5044              -0.1799
15   H                0.8265               1.3675               0.1592
16   H               -0.4024              -0.7858               0.0764
17   H               -4.3336              -0.5713               1.3973
18   H               -5.6017              -2.7008               1.4237
19   H               -5.1014              -4.4603              -0.2606
20   H               -3.2994              -4.0949              -1.9259
21   H               -1.9763              -1.9969              -1.8846


Energy:                 -463.174562 Convergence criteria  Is converged 
Maximum Force:             0.001297     0.002850  Yes
RMS Force:                 0.001047     0.001900  Yes
Maximum Displacement:      0.001019     0.003150  Yes
RMS Displacement:          0.000588     0.002100  Yes

LBFGS converged at iteration 19.
Final frame written to /home/hungn/Desktop/MyRepo/MLP/MAPLE/maple/function/dispatcher/parmfit/example/demo_torsionfit_torsionfit_1-7_opt.xyz
Complete trajectory written to /home/hungn/Desktop/MyRepo/MLP/MAPLE/maple/function/dispatcher/parmfit/example/demo_torsionfit_torsionfit_1-7_traj.xyz

----------------------------------------------------------------------
            Scanning combination 62/73: [665.00]

======================================================================
LBFGS Parameters
======================================================================
memory:     5
curvature:  70.0
max_step:   0.2
max_iter:   256
write_traj: False
traj_every: 1
verbose:    0
======================================================================


                             Coordinates                              
----------------------------------------------------------------------
0    C               -2.3194               0.1355              -0.2490
1    C               -2.9982               1.3481              -0.3967
2    C               -2.3051               2.5538              -0.3948
3    C               -0.9268               2.5647              -0.1960
4    C               -0.2457               1.3644              -0.0157
5    C               -0.9352               0.1572              -0.0640
6    C               -3.0688              -1.1503              -0.2355
7    C               -4.1139              -1.3502               0.6704
8    C               -4.8279              -2.5437               0.6777
9    C               -4.5364              -3.5354              -0.2556
10   C               -3.5186              -3.3332              -1.1830
11   C               -2.7760              -2.1572              -1.1581
12   H               -4.0760               1.3374              -0.5452
13   H               -2.8417               3.4848              -0.5518
14   H               -0.3858               3.5075              -0.1785
15   H                0.8272               1.3663               0.1558
16   H               -0.4054              -0.7824               0.0784
17   H               -4.3441              -0.5712               1.3941
18   H               -5.6100              -2.7000               1.4146
19   H               -5.1041              -4.4626              -0.2613
20   H               -3.2963              -4.0959              -1.9242
21   H               -1.9809              -1.9959              -1.8832


Energy:                 -463.174588 Convergence criteria  Is converged 
Maximum Force:             0.002327     0.002850  Yes
RMS Force:                 0.001770     0.001900  Yes
Maximum Displacement:      0.002230     0.003150  Yes
RMS Displacement:          0.001454     0.002100  Yes

LBFGS converged at iteration 7.
Final frame written to /home/hungn/Desktop/MyRepo/MLP/MAPLE/maple/function/dispatcher/parmfit/example/demo_torsionfit_torsionfit_1-7_opt.xyz
Complete trajectory written to /home/hungn/Desktop/MyRepo/MLP/MAPLE/maple/function/dispatcher/parmfit/example/demo_torsionfit_torsionfit_1-7_traj.xyz

----------------------------------------------------------------------
            Scanning combination 63/73: [670.00]

======================================================================
LBFGS Parameters
======================================================================
memory:     5
curvature:  70.0
max_step:   0.2
max_iter:   256
write_traj: False
traj_every: 1
verbose:    0
======================================================================


                             Coordinates                              
----------------------------------------------------------------------
0    C               -2.3214               0.1375              -0.2285
1    C               -3.0012               1.3567              -0.3081
2    C               -2.3102               2.5627              -0.3045
3    C               -0.9227               2.5703              -0.1943
4    C               -0.2341               1.3637              -0.1041
5    C               -0.9262               0.1573              -0.1407
6    C               -3.0827              -1.1430              -0.2491
7    C               -4.1721              -1.3229               0.6087
8    C               -4.8878              -2.5143               0.6159
9    C               -4.5404              -3.5411              -0.2572
10   C               -3.4641              -3.3713              -1.1238
11   C               -2.7295              -2.1899              -1.1058
12   H               -4.0863               1.3534              -0.3839
13   H               -2.8571               3.4987              -0.3800
14   H               -0.3791               3.5112              -0.1874
15   H                0.8491               1.3611              -0.0146
16   H               -0.3801              -0.7821              -0.0855
17   H               -4.4518              -0.5179               1.2846
18   H               -5.7235              -2.6382               1.2995
19   H               -5.0999              -4.4727              -0.2572
20   H               -3.1884              -4.1670              -1.8109
21   H               -1.8799              -2.0704              -1.7749


Energy:                 -463.175394 Convergence criteria  Is converged 
Maximum Force:             0.001275     0.002850  Yes
RMS Force:                 0.000852     0.001900  Yes
Maximum Displacement:      0.001104     0.003150  Yes
RMS Displacement:          0.000723     0.002100  Yes

LBFGS converged at iteration 19.
Final frame written to /home/hungn/Desktop/MyRepo/MLP/MAPLE/maple/function/dispatcher/parmfit/example/demo_torsionfit_torsionfit_1-7_opt.xyz
Complete trajectory written to /home/hungn/Desktop/MyRepo/MLP/MAPLE/maple/function/dispatcher/parmfit/example/demo_torsionfit_torsionfit_1-7_traj.xyz

----------------------------------------------------------------------
            Scanning combination 64/73: [675.00]

======================================================================
LBFGS Parameters
======================================================================
memory:     5
curvature:  70.0
max_step:   0.2
max_iter:   256
write_traj: False
traj_every: 1
verbose:    0
======================================================================


                             Coordinates                              
----------------------------------------------------------------------
0    C               -2.3215               0.1372              -0.2516
1    C               -3.0044               1.3566              -0.2975
2    C               -2.3111               2.5625              -0.2962
3    C               -0.9222               2.5686              -0.1975
4    C               -0.2335               1.3621              -0.1125
5    C               -0.9269               0.1568              -0.1577
6    C               -3.0692              -1.1505              -0.2318
7    C               -4.1790              -1.3168               0.6025
8    C               -4.8927              -2.5108               0.6102
9    C               -4.5371              -3.5416              -0.2558
10   C               -3.4578              -3.3737              -1.1184
11   C               -2.7196              -2.1947              -1.0928
12   H               -4.0896               1.3548              -0.3774
13   H               -2.8575               3.4984              -0.3734
14   H               -0.3796               3.5108              -0.1844
15   H                0.8493               1.3582              -0.0180
16   H               -0.3849              -0.7838              -0.0830
17   H               -4.4575              -0.5140               1.2822
18   H               -5.7271              -2.6355               1.2947
19   H               -5.1014              -4.4711              -0.2593
20   H               -3.1841              -4.1667              -1.8095
21   H               -1.8815              -2.0649              -1.7746


Energy:                 -463.175182 Convergence criteria  Is converged 
Maximum Force:             0.002142     0.002850  Yes
RMS Force:                 0.001466     0.001900  Yes
Maximum Displacement:      0.001122     0.003150  Yes
RMS Displacement:          0.000733     0.002100  Yes

LBFGS converged at iteration 7.
Final frame written to /home/hungn/Desktop/MyRepo/MLP/MAPLE/maple/function/dispatcher/parmfit/example/demo_torsionfit_torsionfit_1-7_opt.xyz
Complete trajectory written to /home/hungn/Desktop/MyRepo/MLP/MAPLE/maple/function/dispatcher/parmfit/example/demo_torsionfit_torsionfit_1-7_traj.xyz

----------------------------------------------------------------------
            Scanning combination 65/73: [680.00]

======================================================================
LBFGS Parameters
======================================================================
memory:     5
curvature:  70.0
max_step:   0.2
max_iter:   256
write_traj: False
traj_every: 1
verbose:    0
======================================================================


                             Coordinates                              
----------------------------------------------------------------------
0    C               -2.3283               0.1394              -0.2393
1    C               -3.0085               1.3607              -0.2245
2    C               -2.3131               2.5634              -0.2178
3    C               -0.9215               2.5648              -0.1956
4    C               -0.2326               1.3549              -0.2011
5    C               -0.9310               0.1534              -0.2371
6    C               -3.0800              -1.1424              -0.2364
7    C               -4.2251              -1.2915               0.5516
8    C               -4.9388              -2.4834               0.5530
9    C               -4.5352              -3.5394              -0.2589
10   C               -3.4014              -3.4002              -1.0550
11   C               -2.6728              -2.2164              -1.0322
12   H               -4.0962               1.3655              -0.2380
13   H               -2.8626               3.5012              -0.2182
14   H               -0.3762               3.5044              -0.1805
15   H                0.8537               1.3448              -0.1758
16   H               -0.3855              -0.7882              -0.2427
17   H               -4.5474              -0.4680               1.1852
18   H               -5.8196              -2.5811               1.1824
19   H               -5.0977              -4.4688              -0.2663
20   H               -3.0824              -4.2156              -1.6983
21   H               -1.7870              -2.1157              -1.6561


Energy:                 -463.175471 Convergence criteria  Is converged 
Maximum Force:             0.001310     0.002850  Yes
RMS Force:                 0.000952     0.001900  Yes
Maximum Displacement:      0.001607     0.003150  Yes
RMS Displacement:          0.001001     0.002100  Yes

LBFGS converged at iteration 19.
Final frame written to /home/hungn/Desktop/MyRepo/MLP/MAPLE/maple/function/dispatcher/parmfit/example/demo_torsionfit_torsionfit_1-7_opt.xyz
Complete trajectory written to /home/hungn/Desktop/MyRepo/MLP/MAPLE/maple/function/dispatcher/parmfit/example/demo_torsionfit_torsionfit_1-7_traj.xyz

----------------------------------------------------------------------
            Scanning combination 66/73: [685.00]

======================================================================
LBFGS Parameters
======================================================================
memory:     5
curvature:  70.0
max_step:   0.2
max_iter:   256
write_traj: False
traj_every: 1
verbose:    0
======================================================================


                             Coordinates                              
----------------------------------------------------------------------
0    C               -2.3292               0.1401              -0.2609
1    C               -3.0081               1.3612              -0.2126
2    C               -2.3122               2.5648              -0.2094
3    C               -0.9203               2.5663              -0.1983
4    C               -0.2317               1.3567              -0.2037
5    C               -0.9312               0.1558              -0.2503
6    C               -3.0684              -1.1494              -0.2194
7    C               -4.2323              -1.2881               0.5427
8    C               -4.9444              -2.4821               0.5466
9    C               -4.5344              -3.5421              -0.2569
10   C               -3.4010              -3.4027              -1.0529
11   C               -2.6672              -2.2221              -1.0214
12   H               -4.0960               1.3688              -0.2343
13   H               -2.8609               3.5029              -0.2133
14   H               -0.3747               3.5060              -0.1802
15   H                0.8547               1.3453              -0.1804
16   H               -0.3871              -0.7863              -0.2387
17   H               -4.5519              -0.4688               1.1834
18   H               -5.8232              -2.5816               1.1783
19   H               -5.0987              -4.4708              -0.2669
20   H               -3.0798              -4.2182              -1.6953
21   H               -1.7912              -2.1141              -1.6576


Energy:                 -463.174877 Convergence criteria  Is converged 
Maximum Force:             0.002103     0.002850  Yes
RMS Force:                 0.001250     0.001900  Yes
Maximum Displacement:      0.000756     0.003150  Yes
RMS Displacement:          0.000516     0.002100  Yes

LBFGS converged at iteration 7.
Final frame written to /home/hungn/Desktop/MyRepo/MLP/MAPLE/maple/function/dispatcher/parmfit/example/demo_torsionfit_torsionfit_1-7_opt.xyz
Complete trajectory written to /home/hungn/Desktop/MyRepo/MLP/MAPLE/maple/function/dispatcher/parmfit/example/demo_torsionfit_torsionfit_1-7_traj.xyz

----------------------------------------------------------------------
            Scanning combination 67/73: [690.00]

======================================================================
LBFGS Parameters
======================================================================
memory:     5
curvature:  70.0
max_step:   0.2
max_iter:   256
write_traj: False
traj_every: 1
verbose:    0
======================================================================


                             Coordinates                              
----------------------------------------------------------------------
0    C               -2.3320               0.1443              -0.2468
1    C               -3.0008               1.3686              -0.1358
2    C               -2.3021               2.5702              -0.1299
3    C               -0.9126               2.5729              -0.1987
4    C               -0.2317               1.3623              -0.2859
5    C               -0.9345               0.1636              -0.3180
6    C               -3.0806              -1.1447              -0.2270
7    C               -4.2795              -1.2719               0.4835
8    C               -4.9909              -2.4660               0.4832
9    C               -4.5369              -3.5517              -0.2589
10   C               -3.3584              -3.4334              -0.9895
11   C               -2.6354              -2.2466              -0.9662
12   H               -4.0870               1.3875              -0.0918
13   H               -2.8475               3.5081              -0.0616
14   H               -0.3644               3.5109              -0.1890
15   H                0.8540               1.3497              -0.3346
16   H               -0.3832              -0.7722              -0.3781
17   H               -4.6450              -0.4381               1.0779
18   H               -5.9098              -2.5438               1.0588
19   H               -5.0943              -4.4843              -0.2645
20   H               -2.9952              -4.2719              -1.5780
21   H               -1.7211              -2.1717              -1.5508


Energy:                 -463.174710 Convergence criteria  Is converged 
Maximum Force:             0.000984     0.002850  Yes
RMS Force:                 0.000660     0.001900  Yes
Maximum Displacement:      0.001564     0.003150  Yes
RMS Displacement:          0.000694     0.002100  Yes

LBFGS converged at iteration 19.
Final frame written to /home/hungn/Desktop/MyRepo/MLP/MAPLE/maple/function/dispatcher/parmfit/example/demo_torsionfit_torsionfit_1-7_opt.xyz
Complete trajectory written to /home/hungn/Desktop/MyRepo/MLP/MAPLE/maple/function/dispatcher/parmfit/example/demo_torsionfit_torsionfit_1-7_traj.xyz

----------------------------------------------------------------------
            Scanning combination 68/73: [695.00]

======================================================================
LBFGS Parameters
======================================================================
memory:     5
curvature:  70.0
max_step:   0.2
max_iter:   256
write_traj: False
traj_every: 1
verbose:    0
======================================================================


                             Coordinates                              
----------------------------------------------------------------------
0    C               -2.3348               0.1450              -0.2685
1    C               -3.0005               1.3676              -0.1256
2    C               -2.3018               2.5696              -0.1213
3    C               -0.9125               2.5724              -0.2011
4    C               -0.2321               1.3621              -0.2927
5    C               -0.9368               0.1646              -0.3348
6    C               -3.0696              -1.1503              -0.2089
7    C               -4.2845              -1.2681               0.4753
8    C               -4.9953              -2.4630               0.4764
9    C               -4.5350              -3.5524              -0.2574
10   C               -3.3545              -3.4353              -0.9842
11   C               -2.6273              -2.2510              -0.9521
12   H               -4.0872               1.3875              -0.0855
13   H               -2.8481               3.5069              -0.0564
14   H               -0.3645               3.5107              -0.1873
15   H                0.8542               1.3478              -0.3367
16   H               -0.3873              -0.7734              -0.3748
17   H               -4.6486              -0.4358               1.0733
18   H               -5.9121              -2.5410               1.0549
19   H               -5.0951              -4.4836              -0.2658
20   H               -2.9925              -4.2717              -1.5772
21   H               -1.7232              -2.1668              -1.5512


Energy:                 -463.173692 Convergence criteria  Is converged 
Maximum Force:             0.001707     0.002850  Yes
RMS Force:                 0.001176     0.001900  Yes
Maximum Displacement:      0.001446     0.003150  Yes
RMS Displacement:          0.000746     0.002100  Yes

LBFGS converged at iteration 7.
Final frame written to /home/hungn/Desktop/MyRepo/MLP/MAPLE/maple/function/dispatcher/parmfit/example/demo_torsionfit_torsionfit_1-7_opt.xyz
Complete trajectory written to /home/hungn/Desktop/MyRepo/MLP/MAPLE/maple/function/dispatcher/parmfit/example/demo_torsionfit_torsionfit_1-7_traj.xyz

----------------------------------------------------------------------
            Scanning combination 69/73: [700.00]

======================================================================
LBFGS Parameters
======================================================================
memory:     5
curvature:  70.0
max_step:   0.2
max_iter:   256
write_traj: False
traj_every: 1
verbose:    0
======================================================================


                             Coordinates                              
----------------------------------------------------------------------
0    C               -2.3387               0.1485              -0.2510
1    C               -2.9915               1.3694              -0.0432
2    C               -2.2890               2.5684              -0.0359
3    C               -0.9075               2.5733              -0.1992
4    C               -0.2402               1.3661              -0.3827
5    C               -0.9482               0.1713              -0.4125
6    C               -3.0834              -1.1434              -0.2186
7    C               -4.3304              -1.2484               0.4091
8    C               -5.0393              -2.4435               0.4047
9    C               -4.5354              -3.5560              -0.2613
10   C               -3.3085              -3.4616              -0.9108
11   C               -2.5913              -2.2721              -0.8852
12   H               -4.0723               1.3967               0.0720
13   H               -2.8274               3.5026               0.1023
14   H               -0.3567               3.5095              -0.1904
15   H                0.8399               1.3507              -0.5031
16   H               -0.3987              -0.7577              -0.5436
17   H               -4.7411              -0.3994               0.9500
18   H               -5.9933              -2.5011               0.9228
19   H               -5.0901              -4.4899              -0.2684
20   H               -2.9039              -4.3184              -1.4435
21   H               -1.6422              -2.2235              -1.4131


Energy:                 -463.173268 Convergence criteria  Is converged 
Maximum Force:             0.001352     0.002850  Yes
RMS Force:                 0.000827     0.001900  Yes
Maximum Displacement:      0.001262     0.003150  Yes
RMS Displacement:          0.000832     0.002100  Yes

LBFGS converged at iteration 19.
Final frame written to /home/hungn/Desktop/MyRepo/MLP/MAPLE/maple/function/dispatcher/parmfit/example/demo_torsionfit_torsionfit_1-7_opt.xyz
Complete trajectory written to /home/hungn/Desktop/MyRepo/MLP/MAPLE/maple/function/dispatcher/parmfit/example/demo_torsionfit_torsionfit_1-7_traj.xyz

----------------------------------------------------------------------
            Scanning combination 70/73: [705.00]

======================================================================
LBFGS Parameters
======================================================================
memory:     5
curvature:  70.0
max_step:   0.2
max_iter:   256
write_traj: False
traj_every: 1
verbose:    0
======================================================================


                             Coordinates                              
----------------------------------------------------------------------
0    C               -2.3424               0.1504              -0.2724
1    C               -2.9888               1.3688              -0.0340
2    C               -2.2873               2.5686              -0.0292
3    C               -0.9070               2.5748              -0.2030
4    C               -0.2405               1.3680              -0.3881
5    C               -0.9506               0.1745              -0.4287
6    C               -3.0738              -1.1488              -0.1999
7    C               -4.3344              -1.2470               0.4005
8    C               -5.0428              -2.4426               0.3987
9    C               -4.5342              -3.5584              -0.2582
10   C               -3.3070              -3.4642              -0.9061
11   C               -2.5852              -2.2774              -0.8705
12   H               -4.0695               1.3980               0.0782
13   H               -2.8261               3.5022               0.1100
14   H               -0.3558               3.5106              -0.1884
15   H                0.8400               1.3517              -0.5061
16   H               -0.4004              -0.7564              -0.5381
17   H               -4.7449              -0.4002               0.9442
18   H               -5.9970              -2.4993               0.9162
19   H               -5.0919              -4.4905              -0.2700
20   H               -2.9029              -4.3199              -1.4410
21   H               -1.6468              -2.2211              -1.4158


Energy:                 -463.172057 Convergence criteria  Is converged 
Maximum Force:             0.001968     0.002850  Yes
RMS Force:                 0.001212     0.001900  Yes
Maximum Displacement:      0.001228     0.003150  Yes
RMS Displacement:          0.000641     0.002100  Yes

LBFGS converged at iteration 7.
Final frame written to /home/hungn/Desktop/MyRepo/MLP/MAPLE/maple/function/dispatcher/parmfit/example/demo_torsionfit_torsionfit_1-7_opt.xyz
Complete trajectory written to /home/hungn/Desktop/MyRepo/MLP/MAPLE/maple/function/dispatcher/parmfit/example/demo_torsionfit_torsionfit_1-7_traj.xyz

----------------------------------------------------------------------
            Scanning combination 71/73: [710.00]

======================================================================
LBFGS Parameters
======================================================================
memory:     5
curvature:  70.0
max_step:   0.2
max_iter:   256
write_traj: False
traj_every: 1
verbose:    0
======================================================================


                             Coordinates                              
----------------------------------------------------------------------
0    C               -2.3420               0.1534              -0.2479
1    C               -2.9689               1.3679               0.0620
2    C               -2.2637               2.5650               0.0679
3    C               -0.9002               2.5804              -0.2037
4    C               -0.2548               1.3816              -0.4859
5    C               -0.9658               0.1886              -0.5114
6    C               -3.0899              -1.1426              -0.2174
7    C               -4.3826              -1.2294               0.3170
8    C               -5.0886              -2.4261               0.3115
9    C               -4.5360              -3.5670              -0.2596
10   C               -3.2657              -3.4936              -0.8201
11   C               -2.5533              -2.3014              -0.7953
12   H               -4.0343               1.4022               0.2697
13   H               -2.7862               3.4918               0.2920
14   H               -0.3476               3.5154              -0.1994
15   H                0.8122               1.3703              -0.6933
16   H               -0.4201              -0.7254              -0.7271
17   H               -4.8471              -0.3651               0.7821
18   H               -6.0812              -2.4628               0.7536
19   H               -5.0867              -4.5032              -0.2648
20   H               -2.8184              -4.3718              -1.2787
21   H               -1.5685              -2.2865              -1.2528


Energy:                 -463.171650 Convergence criteria  Is converged 
Maximum Force:             0.001143     0.002850  Yes
RMS Force:                 0.000721     0.001900  Yes
Maximum Displacement:      0.002570     0.003150  Yes
RMS Displacement:          0.001382     0.002100  Yes

LBFGS converged at iteration 18.
Final frame written to /home/hungn/Desktop/MyRepo/MLP/MAPLE/maple/function/dispatcher/parmfit/example/demo_torsionfit_torsionfit_1-7_opt.xyz
Complete trajectory written to /home/hungn/Desktop/MyRepo/MLP/MAPLE/maple/function/dispatcher/parmfit/example/demo_torsionfit_torsionfit_1-7_traj.xyz

----------------------------------------------------------------------
            Scanning combination 72/73: [715.00]

======================================================================
LBFGS Parameters
======================================================================
memory:     5
curvature:  70.0
max_step:   0.2
max_iter:   256
write_traj: False
traj_every: 1
verbose:    0
======================================================================


                             Coordinates                              
----------------------------------------------------------------------
0    C               -2.3472               0.1559              -0.2680
1    C               -2.9656               1.3662               0.0721
2    C               -2.2616               2.5640               0.0765
3    C               -0.9000               2.5813              -0.2060
4    C               -0.2564               1.3833              -0.4964
5    C               -0.9701               0.1916              -0.5290
6    C               -3.0819              -1.1468              -0.1985
7    C               -4.3861              -1.2276               0.3069
8    C               -5.0922              -2.4243               0.3035
9    C               -4.5353              -3.5684              -0.2578
10   C               -3.2614              -3.4969              -0.8108
11   C               -2.5468              -2.3057              -0.7785
12   H               -4.0321               1.4000               0.2755
13   H               -2.7864               3.4899               0.2987
14   H               -0.3470               3.5158              -0.1960
15   H                0.8125               1.3705              -0.6961
16   H               -0.4232              -0.7266              -0.7220
17   H               -4.8480              -0.3636               0.7758
18   H               -6.0836              -2.4594               0.7481
19   H               -5.0888              -4.5027              -0.2676
20   H               -2.8168              -4.3731              -1.2768
21   H               -1.5713              -2.2818              -1.2552


Energy:                 -463.170500 Convergence criteria  Is converged 
Maximum Force:             0.001510     0.002850  Yes
RMS Force:                 0.001049     0.001900  Yes
Maximum Displacement:      0.001393     0.003150  Yes
RMS Displacement:          0.000749     0.002100  Yes

LBFGS converged at iteration 7.
Final frame written to /home/hungn/Desktop/MyRepo/MLP/MAPLE/maple/function/dispatcher/parmfit/example/demo_torsionfit_torsionfit_1-7_opt.xyz
Complete trajectory written to /home/hungn/Desktop/MyRepo/MLP/MAPLE/maple/function/dispatcher/parmfit/example/demo_torsionfit_torsionfit_1-7_traj.xyz

----------------------------------------------------------------------
            Scanning combination 73/73: [720.00]

======================================================================
LBFGS Parameters
======================================================================
memory:     5
curvature:  70.0
max_step:   0.2
max_iter:   256
write_traj: False
traj_every: 1
verbose:    0
======================================================================


                             Coordinates                              
----------------------------------------------------------------------
0    C               -2.3418               0.1546              -0.2281
1    C               -2.9321               1.3528               0.1972
2    C               -2.2232               2.5482               0.2025
3    C               -0.8940               2.5817              -0.2032
4    C               -0.2882               1.4027              -0.6213
5    C               -1.0032               0.2120              -0.6401
6    C               -3.1020              -1.1367              -0.2319
7    C               -4.4374              -1.2039               0.1896
8    C               -5.1405              -2.4024               0.1818
9    C               -4.5356              -3.5724              -0.2633
10   C               -3.2143              -3.5251              -0.6926
11   C               -2.5089              -2.3291              -0.6696
12   H               -3.9653               1.3775               0.5289
13   H               -2.7185               3.4605               0.5257
14   H               -0.3393               3.5157              -0.2010
15   H                0.7503               1.4036              -0.9425
16   H               -0.4902              -0.6771              -0.9915
17   H               -4.9557              -0.3170               0.5404
18   H               -6.1706              -2.4188               0.5295
19   H               -5.0836              -4.5101              -0.2684
20   H               -2.7199              -4.4266              -1.0457
21   H               -1.4750              -2.3485              -0.9983


Energy:                 -463.170767 Convergence criteria  Is converged 
Maximum Force:             0.000900     0.002850  Yes
RMS Force:                 0.000675     0.001900  Yes
Maximum Displacement:      0.000618     0.003150  Yes
RMS Displacement:          0.000398     0.002100  Yes

LBFGS converged at iteration 21.
Final frame written to /home/hungn/Desktop/MyRepo/MLP/MAPLE/maple/function/dispatcher/parmfit/example/demo_torsionfit_torsionfit_1-7_opt.xyz
Complete trajectory written to /home/hungn/Desktop/MyRepo/MLP/MAPLE/maple/function/dispatcher/parmfit/example/demo_torsionfit_torsionfit_1-7_traj.xyz

======================================================================
Scan completed! Total points: 73Results saved to: /home/hungn/Desktop/MyRepo/MLP/MAPLE/maple/function/dispatcher/parmfit/example/demo_torsionfit_torsionfit_1-7_scan_final.xyz
Energy range: -463.175608 to -463.169997 eV
