
----------------------------------------------------------------------
            Scanning combination 1/37: [95.09]

======================================================================
LBFGS Parameters
======================================================================
memory:     5
curvature:  70.0
max_step:   0.2
max_iter:   256
write_traj: False
traj_every: 1
verbose:    0
======================================================================


                             Coordinates                              
----------------------------------------------------------------------
0    C               -3.4012              -1.5689               0.0547
1    C               -2.1133              -1.5197               0.5163
2    C               -1.3574              -0.3217               0.4278
3    C               -1.9493               0.8278              -0.1503
4    C               -3.2935               0.7541              -0.6111
5    C               -4.0002              -0.4157              -0.5129
6    H                0.4008              -1.1407               1.3675
7    H               -3.9717              -2.4919               0.1168
8    H               -1.6432              -2.3998               0.9505
9    C               -0.0162              -0.2548               0.8919
10   C               -1.1683               2.0117              -0.2478
11   H               -3.7501               1.6398              -1.0484
12   H               -5.0252              -0.4708              -0.8708
13   C                0.1294               2.0359               0.1884
14   C                0.7445               0.8809               0.7456
15   H               -1.6172               2.9030              -0.6808
16   H                0.6987               2.9618               0.1175
17   C                2.2073               0.9055               1.1402
18   C                3.1893               0.5767              -0.0104
19   H                2.3808               0.1932               1.9562
20   H                2.4675               1.8967               1.5281
21   H                4.2176               0.6337               0.3627
22   H                3.0695               1.2885              -0.8317
23   C                2.9691              -0.8013              -0.5829
24   O                2.2995              -1.0671              -1.5518
25   O                3.6031              -1.7563               0.1331
26   H                3.3702              -2.5972              -0.2945


Energy:                 -652.920316 Convergence criteria  Is converged 
Maximum Force:             0.002127     0.002850  Yes
RMS Force:                 0.001158     0.001900  Yes
Maximum Displacement:      0.000030     0.003150  Yes
RMS Displacement:          0.000016     0.002100  Yes

LBFGS converged at iteration 1.
Final frame written to /home/hungn/Desktop/MyRepo/MLP/MAPLE/maple/function/dispatcher/parmfit/example/demo2_torsionfit_v2_torsionfit_19-24_opt.xyz
Complete trajectory written to /home/hungn/Desktop/MyRepo/MLP/MAPLE/maple/function/dispatcher/parmfit/example/demo2_torsionfit_v2_torsionfit_19-24_traj.xyz

----------------------------------------------------------------------
            Scanning combination 2/37: [105.09]

======================================================================
LBFGS Parameters
======================================================================
memory:     5
curvature:  70.0
max_step:   0.2
max_iter:   256
write_traj: False
traj_every: 1
verbose:    0
======================================================================


                             Coordinates                              
----------------------------------------------------------------------
0    C               -3.4004              -1.5665               0.0609
1    C               -2.1122              -1.5243               0.5223
2    C               -1.3499              -0.3296               0.4300
3    C               -1.9386               0.8249              -0.1421
4    C               -3.2797               0.7553              -0.6089
5    C               -3.9923              -0.4109              -0.5112
6    H                0.4330              -1.1613               1.3242
7    H               -3.9794              -2.4843               0.1287
8    H               -1.6504              -2.4074               0.9609
9    C               -0.0044              -0.2693               0.8809
10   C               -1.1597               2.0103              -0.2377
11   H               -3.7284               1.6454              -1.0455
12   H               -5.0176              -0.4591              -0.8698
13   C                0.1381               2.0304               0.1951
14   C                0.7464               0.8730               0.7542
15   H               -1.6105               2.8981              -0.6770
16   H                0.7170               2.9489               0.1135
17   C                2.2052               0.8927               1.1505
18   C                3.1597               0.5916              -0.0252
19   H                2.3848               0.1675               1.9543
20   H                2.4627               1.8836               1.5404
21   H                4.1968               0.6933               0.3092
22   H                2.9875               1.3039              -0.8353
23   C                2.9771              -0.7915              -0.6026
24   O                2.4363              -1.0556              -1.6478
25   O                3.4755              -1.7483               0.2140
26   H                3.3254              -2.5986              -0.2330


Energy:                 -652.920864 Convergence criteria  Is converged 
Maximum Force:             0.002722     0.002850  Yes
RMS Force:                 0.001451     0.001900  Yes
Maximum Displacement:      0.002790     0.003150  Yes
RMS Displacement:          0.001210     0.002100  Yes

LBFGS converged at iteration 17.
Final frame written to /home/hungn/Desktop/MyRepo/MLP/MAPLE/maple/function/dispatcher/parmfit/example/demo2_torsionfit_v2_torsionfit_19-24_opt.xyz
Complete trajectory written to /home/hungn/Desktop/MyRepo/MLP/MAPLE/maple/function/dispatcher/parmfit/example/demo2_torsionfit_v2_torsionfit_19-24_traj.xyz

----------------------------------------------------------------------
            Scanning combination 3/37: [115.09]

======================================================================
LBFGS Parameters
======================================================================
memory:     5
curvature:  70.0
max_step:   0.2
max_iter:   256
write_traj: False
traj_every: 1
verbose:    0
======================================================================


                             Coordinates                              
----------------------------------------------------------------------
0    C               -3.4055              -1.5644               0.0654
1    C               -2.1169              -1.5277               0.5247
2    C               -1.3494              -0.3369               0.4305
3    C               -1.9357               0.8208              -0.1373
4    C               -3.2767               0.7560              -0.6045
5    C               -3.9931              -0.4076              -0.5074
6    H                0.4357              -1.1814               1.3073
7    H               -3.9872              -2.4798               0.1359
8    H               -1.6569              -2.4113               0.9635
9    C               -0.0009              -0.2827               0.8762
10   C               -1.1537               2.0041              -0.2306
11   H               -3.7219               1.6463              -1.0438
12   H               -5.0180              -0.4534              -0.8659
13   C                0.1434               2.0217               0.2039
14   C                0.7483               0.8614               0.7613
15   H               -1.6018               2.8943              -0.6673
16   H                0.7269               2.9381               0.1255
17   C                2.2100               0.8856               1.1476
18   C                3.1466               0.6101              -0.0454
19   H                2.4059               0.1481               1.9346
20   H                2.4618               1.8713               1.5541
21   H                4.1878               0.7417               0.2667
22   H                2.9492               1.3160              -0.8553
23   C                3.0003              -0.7801              -0.6185
24   O                2.6026              -1.0543              -1.7234
25   O                3.3565              -1.7311               0.2769
26   H                3.2465              -2.5841              -0.1755


Energy:                 -652.921305 Convergence criteria  Is converged 
Maximum Force:             0.001915     0.002850  Yes
RMS Force:                 0.001074     0.001900  Yes
Maximum Displacement:      0.000977     0.003150  Yes
RMS Displacement:          0.000580     0.002100  Yes

LBFGS converged at iteration 19.
Final frame written to /home/hungn/Desktop/MyRepo/MLP/MAPLE/maple/function/dispatcher/parmfit/example/demo2_torsionfit_v2_torsionfit_19-24_opt.xyz
Complete trajectory written to /home/hungn/Desktop/MyRepo/MLP/MAPLE/maple/function/dispatcher/parmfit/example/demo2_torsionfit_v2_torsionfit_19-24_traj.xyz

----------------------------------------------------------------------
            Scanning combination 4/37: [125.09]

======================================================================
LBFGS Parameters
======================================================================
memory:     5
curvature:  70.0
max_step:   0.2
max_iter:   256
write_traj: False
traj_every: 1
verbose:    0
======================================================================


                             Coordinates                              
----------------------------------------------------------------------
0    C               -3.4100              -1.5637               0.0692
1    C               -2.1214              -1.5297               0.5283
2    C               -1.3523              -0.3395               0.4361
3    C               -1.9359               0.8191              -0.1319
4    C               -3.2763               0.7569              -0.6006
5    C               -3.9954              -0.4055              -0.5034
6    H                0.4292              -1.1913               1.3105
7    H               -3.9945              -2.4777               0.1396
8    H               -1.6630              -2.4149               0.9659
9    C               -0.0029              -0.2899               0.8812
10   C               -1.1531               2.0020              -0.2224
11   H               -3.7188               1.6485              -1.0395
12   H               -5.0203              -0.4483              -0.8622
13   C                0.1445               2.0151               0.2113
14   C                0.7480               0.8529               0.7658
15   H               -1.5990               2.8931              -0.6592
16   H                0.7320               2.9285               0.1320
17   C                2.2121               0.8801               1.1437
18   C                3.1357               0.6212              -0.0603
19   H                2.4190               0.1351               1.9207
20   H                2.4604               1.8648               1.5552
21   H                4.1795               0.7757               0.2352
22   H                2.9196               1.3200              -0.8722
23   C                3.0287              -0.7732              -0.6333
24   O                2.7897              -1.0534              -1.7814
25   O                3.2394              -1.7207               0.3116
26   H                3.1919              -2.5768              -0.1460


Energy:                 -652.921652 Convergence criteria  Is converged 
Maximum Force:             0.002070     0.002850  Yes
RMS Force:                 0.001199     0.001900  Yes
Maximum Displacement:      0.001253     0.003150  Yes
RMS Displacement:          0.000661     0.002100  Yes

LBFGS converged at iteration 18.
Final frame written to /home/hungn/Desktop/MyRepo/MLP/MAPLE/maple/function/dispatcher/parmfit/example/demo2_torsionfit_v2_torsionfit_19-24_opt.xyz
Complete trajectory written to /home/hungn/Desktop/MyRepo/MLP/MAPLE/maple/function/dispatcher/parmfit/example/demo2_torsionfit_v2_torsionfit_19-24_traj.xyz

----------------------------------------------------------------------
            Scanning combination 5/37: [135.09]

======================================================================
LBFGS Parameters
======================================================================
memory:     5
curvature:  70.0
max_step:   0.2
max_iter:   256
write_traj: False
traj_every: 1
verbose:    0
======================================================================


                             Coordinates                              
----------------------------------------------------------------------
0    C               -3.4191              -1.5615               0.0763
1    C               -2.1299              -1.5314               0.5346
2    C               -1.3549              -0.3454               0.4392
3    C               -1.9383               0.8152              -0.1258
4    C               -3.2805               0.7582              -0.5910
5    C               -4.0022              -0.4023              -0.4957
6    H                0.4261              -1.2012               1.3096
7    H               -4.0041              -2.4751               0.1437
8    H               -1.6749              -2.4176               0.9735
9    C               -0.0040              -0.2990               0.8807
10   C               -1.1538               1.9965              -0.2181
11   H               -3.7206               1.6505              -1.0315
12   H               -5.0255              -0.4443              -0.8591
13   C                0.1440               2.0078               0.2134
14   C                0.7476               0.8436               0.7617
15   H               -1.6015               2.8914              -0.6444
16   H                0.7328               2.9206               0.1350
17   C                2.2122               0.8766               1.1321
18   C                3.1354               0.6315              -0.0712
19   H                2.4285               0.1346               1.9055
20   H                2.4553               1.8570               1.5526
21   H                4.1793               0.8143               0.2179
22   H                2.9050               1.3181              -0.8897
23   C                3.0701              -0.7673              -0.6401
24   O                3.0063              -1.0521              -1.8104
25   O                3.1260              -1.7145               0.3267
26   H                3.1118              -2.5673              -0.1403


Energy:                 -652.922087 Convergence criteria  Is converged 
Maximum Force:             0.001509     0.002850  Yes
RMS Force:                 0.000769     0.001900  Yes
Maximum Displacement:      0.001081     0.003150  Yes
RMS Displacement:          0.000431     0.002100  Yes

LBFGS converged at iteration 23.
Final frame written to /home/hungn/Desktop/MyRepo/MLP/MAPLE/maple/function/dispatcher/parmfit/example/demo2_torsionfit_v2_torsionfit_19-24_opt.xyz
Complete trajectory written to /home/hungn/Desktop/MyRepo/MLP/MAPLE/maple/function/dispatcher/parmfit/example/demo2_torsionfit_v2_torsionfit_19-24_traj.xyz

----------------------------------------------------------------------
            Scanning combination 6/37: [145.09]

======================================================================
LBFGS Parameters
======================================================================
memory:     5
curvature:  70.0
max_step:   0.2
max_iter:   256
write_traj: False
traj_every: 1
verbose:    0
======================================================================


                             Coordinates                              
----------------------------------------------------------------------
0    C               -3.4227              -1.5618               0.0796
1    C               -2.1328              -1.5327               0.5371
2    C               -1.3574              -0.3465               0.4425
3    C               -1.9404               0.8151              -0.1211
4    C               -3.2816               0.7578              -0.5881
5    C               -4.0043              -0.4016              -0.4922
6    H                0.4229              -1.2056               1.3079
7    H               -4.0099              -2.4737               0.1504
8    H               -1.6789              -2.4199               0.9752
9    C               -0.0060              -0.3015               0.8836
10   C               -1.1555               1.9965              -0.2114
11   H               -3.7211               1.6520              -1.0252
12   H               -5.0295              -0.4408              -0.8507
13   C                0.1435               2.0045               0.2172
14   C                0.7469               0.8409               0.7688
15   H               -1.6013               2.8907              -0.6425
16   H                0.7351               2.9157               0.1361
17   C                2.2154               0.8739               1.1331
18   C                3.1217               0.6355              -0.0820
19   H                2.4377               0.1256               1.9006
20   H                2.4565               1.8585               1.5495
21   H                4.1669               0.8335               0.1881
22   H                2.8791               1.3176              -0.9006
23   C                3.0949              -0.7653              -0.6470
24   O                3.1953              -1.0491              -1.8146
25   O                3.0090              -1.7098               0.3192
26   H                3.0733              -2.5651              -0.1386


Energy:                 -652.922003 Convergence criteria  Is converged 
Maximum Force:             0.002242     0.002850  Yes
RMS Force:                 0.001288     0.001900  Yes
Maximum Displacement:      0.003031     0.003150  Yes
RMS Displacement:          0.001284     0.002100  Yes

LBFGS converged at iteration 17.
Final frame written to /home/hungn/Desktop/MyRepo/MLP/MAPLE/maple/function/dispatcher/parmfit/example/demo2_torsionfit_v2_torsionfit_19-24_opt.xyz
Complete trajectory written to /home/hungn/Desktop/MyRepo/MLP/MAPLE/maple/function/dispatcher/parmfit/example/demo2_torsionfit_v2_torsionfit_19-24_traj.xyz

----------------------------------------------------------------------
            Scanning combination 7/37: [155.09]

======================================================================
LBFGS Parameters
======================================================================
memory:     5
curvature:  70.0
max_step:   0.2
max_iter:   256
write_traj: False
traj_every: 1
verbose:    0
======================================================================


                             Coordinates                              
----------------------------------------------------------------------
0    C               -3.4300              -1.5593               0.0864
1    C               -2.1406              -1.5317               0.5427
2    C               -1.3630              -0.3468               0.4478
3    C               -1.9448               0.8152              -0.1160
4    C               -3.2875               0.7608              -0.5797
5    C               -4.0119              -0.3988              -0.4842
6    H                0.4133              -1.2074               1.3164
7    H               -4.0173              -2.4719               0.1548
8    H               -1.6861              -2.4194               0.9798
9    C               -0.0126              -0.3038               0.8891
10   C               -1.1573               1.9943              -0.2084
11   H               -3.7266               1.6538              -1.0190
12   H               -5.0361              -0.4380              -0.8450
13   C                0.1425               2.0008               0.2188
14   C                0.7447               0.8346               0.7662
15   H               -1.6032               2.8903              -0.6336
16   H                0.7340               2.9113               0.1376
17   C                2.2141               0.8675               1.1255
18   C                3.1172               0.6400              -0.0930
19   H                2.4421               0.1237               1.8936
20   H                2.4535               1.8491               1.5460
21   H                4.1591               0.8812               0.1623
22   H                2.8490               1.3029              -0.9200
23   C                3.1453              -0.7659              -0.6472
24   O                3.4209              -1.0531              -1.7864
25   O                2.9186              -1.7124               0.2935
26   H                3.0075              -2.5639              -0.1668


Energy:                 -652.921604 Convergence criteria  Is converged 
Maximum Force:             0.001804     0.002850  Yes
RMS Force:                 0.001116     0.001900  Yes
Maximum Displacement:      0.003010     0.003150  Yes
RMS Displacement:          0.001364     0.002100  Yes

LBFGS converged at iteration 20.
Final frame written to /home/hungn/Desktop/MyRepo/MLP/MAPLE/maple/function/dispatcher/parmfit/example/demo2_torsionfit_v2_torsionfit_19-24_opt.xyz
Complete trajectory written to /home/hungn/Desktop/MyRepo/MLP/MAPLE/maple/function/dispatcher/parmfit/example/demo2_torsionfit_v2_torsionfit_19-24_traj.xyz

----------------------------------------------------------------------
            Scanning combination 8/37: [165.09]

======================================================================
LBFGS Parameters
======================================================================
memory:     5
curvature:  70.0
max_step:   0.2
max_iter:   256
write_traj: False
traj_every: 1
verbose:    0
======================================================================


                             Coordinates                              
----------------------------------------------------------------------
0    C               -3.4377              -1.5574               0.0923
1    C               -2.1483              -1.5308               0.5492
2    C               -1.3700              -0.3461               0.4552
3    C               -1.9508               0.8166              -0.1085
4    C               -3.2928               0.7629              -0.5729
5    C               -4.0179              -0.3962              -0.4783
6    H                0.4057              -1.2088               1.3209
7    H               -4.0253              -2.4693               0.1607
8    H               -1.6931              -2.4188               0.9848
9    C               -0.0194              -0.3051               0.8943
10   C               -1.1608               1.9945              -0.2026
11   H               -3.7308               1.6564              -1.0122
12   H               -5.0425              -0.4340              -0.8377
13   C                0.1400               1.9979               0.2209
14   C                0.7417               0.8304               0.7663
15   H               -1.6053               2.8908              -0.6293
16   H                0.7347               2.9064               0.1365
17   C                2.2144               0.8602               1.1178
18   C                3.1134               0.6428              -0.1046
19   H                2.4448               0.1129               1.8810
20   H                2.4519               1.8403               1.5421
21   H                4.1489               0.9294               0.1305
22   H                2.8144               1.2838              -0.9384
23   C                3.1965              -0.7672              -0.6447
24   O                3.6409              -1.0535              -1.7294
25   O                2.8148              -1.7110               0.2454
26   H                2.9677              -2.5660              -0.1929


Energy:                 -652.920899 Convergence criteria  Is converged 
Maximum Force:             0.002461     0.002850  Yes
RMS Force:                 0.001324     0.001900  Yes
Maximum Displacement:      0.002808     0.003150  Yes
RMS Displacement:          0.001021     0.002100  Yes

LBFGS converged at iteration 21.
Final frame written to /home/hungn/Desktop/MyRepo/MLP/MAPLE/maple/function/dispatcher/parmfit/example/demo2_torsionfit_v2_torsionfit_19-24_opt.xyz
Complete trajectory written to /home/hungn/Desktop/MyRepo/MLP/MAPLE/maple/function/dispatcher/parmfit/example/demo2_torsionfit_v2_torsionfit_19-24_traj.xyz

----------------------------------------------------------------------
            Scanning combination 9/37: [175.09]

======================================================================
LBFGS Parameters
======================================================================
memory:     5
curvature:  70.0
max_step:   0.2
max_iter:   256
write_traj: False
traj_every: 1
verbose:    0
======================================================================


                             Coordinates                              
----------------------------------------------------------------------
0    C               -3.4454              -1.5546               0.1001
1    C               -2.1548              -1.5291               0.5555
2    C               -1.3749              -0.3460               0.4598
3    C               -1.9548               0.8177              -0.1033
4    C               -3.2985               0.7658              -0.5644
5    C               -4.0250              -0.3924              -0.4696
6    H                0.4017              -1.2113               1.3211
7    H               -4.0343              -2.4660               0.1679
8    H               -1.7012              -2.4177               0.9910
9    C               -0.0235              -0.3080               0.8947
10   C               -1.1631               1.9936              -0.1985
11   H               -3.7365               1.6599              -1.0040
12   H               -5.0502              -0.4296              -0.8300
13   C                0.1390               1.9941               0.2197
14   C                0.7400               0.8248               0.7620
15   H               -1.6078               2.8908              -0.6218
16   H                0.7352               2.9013               0.1337
17   C                2.2136               0.8524               1.1107
18   C                3.1099               0.6471              -0.1169
19   H                2.4469               0.1016               1.8708
20   H                2.4499               1.8300               1.5424
21   H                4.1331               0.9853               0.0969
22   H                2.7747               1.2579              -0.9621
23   C                3.2555              -0.7683              -0.6332
24   O                3.8580              -1.0627              -1.6372
25   O                2.7189              -1.7054               0.1785
26   H                2.9228              -2.5614              -0.2347


Energy:                 -652.920095 Convergence criteria  Is converged 
Maximum Force:             0.002717     0.002850  Yes
RMS Force:                 0.001128     0.001900  Yes
Maximum Displacement:      0.002249     0.003150  Yes
RMS Displacement:          0.000764     0.002100  Yes

LBFGS converged at iteration 21.
Final frame written to /home/hungn/Desktop/MyRepo/MLP/MAPLE/maple/function/dispatcher/parmfit/example/demo2_torsionfit_v2_torsionfit_19-24_opt.xyz
Complete trajectory written to /home/hungn/Desktop/MyRepo/MLP/MAPLE/maple/function/dispatcher/parmfit/example/demo2_torsionfit_v2_torsionfit_19-24_traj.xyz

----------------------------------------------------------------------
            Scanning combination 10/37: [185.09]

======================================================================
LBFGS Parameters
======================================================================
memory:     5
curvature:  70.0
max_step:   0.2
max_iter:   256
write_traj: False
traj_every: 1
verbose:    0
======================================================================


                             Coordinates                              
----------------------------------------------------------------------
0    C               -3.4526              -1.5515               0.1080
1    C               -2.1603              -1.5287               0.5604
2    C               -1.3783              -0.3471               0.4625
3    C               -1.9584               0.8180              -0.0986
4    C               -3.3032               0.7684              -0.5563
5    C               -4.0311              -0.3887              -0.4602
6    H                0.4006              -1.2152               1.3159
7    H               -4.0422              -2.4620               0.1769
8    H               -1.7065              -2.4178               0.9945
9    C               -0.0255              -0.3115               0.8925
10   C               -1.1641               1.9923              -0.1960
11   H               -3.7403               1.6630              -0.9948
12   H               -5.0565              -0.4243              -0.8186
13   C                0.1395               1.9902               0.2178
14   C                0.7402               0.8197               0.7587
15   H               -1.6091               2.8911              -0.6169
16   H                0.7376               2.8961               0.1299
17   C                2.2143               0.8459               1.1041
18   C                3.1082               0.6515              -0.1290
19   H                2.4480               0.0912               1.8606
20   H                2.4471               1.8203               1.5444
21   H                4.1155               1.0431               0.0605
22   H                2.7316               1.2239              -0.9844
23   C                3.3091              -0.7678              -0.6156
24   O                4.0535              -1.0748              -1.5150
25   O                2.6293              -1.6932               0.0931
26   H                2.8801              -2.5535              -0.2831


Energy:                 -652.919242 Convergence criteria  Is converged 
Maximum Force:             0.001947     0.002850  Yes
RMS Force:                 0.001106     0.001900  Yes
Maximum Displacement:      0.002387     0.003150  Yes
RMS Displacement:          0.001011     0.002100  Yes

LBFGS converged at iteration 21.
Final frame written to /home/hungn/Desktop/MyRepo/MLP/MAPLE/maple/function/dispatcher/parmfit/example/demo2_torsionfit_v2_torsionfit_19-24_opt.xyz
Complete trajectory written to /home/hungn/Desktop/MyRepo/MLP/MAPLE/maple/function/dispatcher/parmfit/example/demo2_torsionfit_v2_torsionfit_19-24_traj.xyz

----------------------------------------------------------------------
            Scanning combination 11/37: [195.09]

======================================================================
LBFGS Parameters
======================================================================
memory:     5
curvature:  70.0
max_step:   0.2
max_iter:   256
write_traj: False
traj_every: 1
verbose:    0
======================================================================


                             Coordinates                              
----------------------------------------------------------------------
0    C               -3.4597              -1.5482               0.1172
1    C               -2.1656              -1.5283               0.5651
2    C               -1.3822              -0.3481               0.4650
3    C               -1.9614               0.8183              -0.0948
4    C               -3.3079               0.7713              -0.5473
5    C               -4.0376              -0.3841              -0.4485
6    H                0.4000              -1.2193               1.3099
7    H               -4.0505              -2.4577               0.1875
8    H               -1.7117              -2.4184               0.9972
9    C               -0.0285              -0.3145               0.8915
10   C               -1.1657               1.9914              -0.1945
11   H               -3.7449               1.6669              -0.9842
12   H               -5.0641              -0.4178              -0.8042
13   C                0.1387               1.9868               0.2156
14   C                0.7380               0.8154               0.7543
15   H               -1.6096               2.8912              -0.6137
16   H                0.7406               2.8900               0.1243
17   C                2.2129               0.8407               1.0945
18   C                3.1088               0.6548              -0.1399
19   H                2.4484               0.0827               1.8474
20   H                2.4448               1.8106               1.5455
21   H                4.0961               1.1029               0.0182
22   H                2.6846               1.1782              -1.0068
23   C                3.3705              -0.7681              -0.5833
24   O                4.2434              -1.0868              -1.3535
25   O                2.5519              -1.6787              -0.0169
26   H                2.8410              -2.5426              -0.3540


Energy:                 -652.918542 Convergence criteria  Is converged 
Maximum Force:             0.001614     0.002850  Yes
RMS Force:                 0.000908     0.001900  Yes
Maximum Displacement:      0.000844     0.003150  Yes
RMS Displacement:          0.000478     0.002100  Yes

LBFGS converged at iteration 23.
Final frame written to /home/hungn/Desktop/MyRepo/MLP/MAPLE/maple/function/dispatcher/parmfit/example/demo2_torsionfit_v2_torsionfit_19-24_opt.xyz
Complete trajectory written to /home/hungn/Desktop/MyRepo/MLP/MAPLE/maple/function/dispatcher/parmfit/example/demo2_torsionfit_v2_torsionfit_19-24_traj.xyz

----------------------------------------------------------------------
            Scanning combination 12/37: [205.09]

======================================================================
LBFGS Parameters
======================================================================
memory:     5
curvature:  70.0
max_step:   0.2
max_iter:   256
write_traj: False
traj_every: 1
verbose:    0
======================================================================


                             Coordinates                              
----------------------------------------------------------------------
0    C               -3.4636              -1.5462               0.1225
1    C               -2.1694              -1.5272               0.5701
2    C               -1.3853              -0.3472               0.4697
3    C               -1.9648               0.8200              -0.0891
4    C               -3.3109               0.7735              -0.5419
5    C               -4.0408              -0.3821              -0.4431
6    H                0.3973              -1.2185               1.3139
7    H               -4.0550              -2.4551               0.1936
8    H               -1.7163              -2.4169               1.0044
9    C               -0.0309              -0.3134               0.8955
10   C               -1.1687               1.9930              -0.1887
11   H               -3.7480               1.6703              -0.9754
12   H               -5.0674              -0.4143              -0.7969
13   C                0.1377               1.9864               0.2169
14   C                0.7376               0.8147               0.7556
15   H               -1.6127               2.8939              -0.6067
16   H                0.7415               2.8876               0.1219
17   C                2.2143               0.8385               1.0884
18   C                3.1035               0.6534              -0.1531
19   H                2.4528               0.0777               1.8380
20   H                2.4482               1.8075               1.5402
21   H                4.0684               1.1546              -0.0351
22   H                2.6336               1.1183              -1.0296
23   C                3.4188              -0.7724              -0.5467
24   O                4.3933              -1.1079              -1.1752
25   O                2.4987              -1.6659              -0.1297
26   H                2.8118              -2.5326              -0.4388


Energy:                 -652.917978 Convergence criteria  Is converged 
Maximum Force:             0.001751     0.002850  Yes
RMS Force:                 0.000867     0.001900  Yes
Maximum Displacement:      0.002717     0.003150  Yes
RMS Displacement:          0.000994     0.002100  Yes

LBFGS converged at iteration 24.
Final frame written to /home/hungn/Desktop/MyRepo/MLP/MAPLE/maple/function/dispatcher/parmfit/example/demo2_torsionfit_v2_torsionfit_19-24_opt.xyz
Complete trajectory written to /home/hungn/Desktop/MyRepo/MLP/MAPLE/maple/function/dispatcher/parmfit/example/demo2_torsionfit_v2_torsionfit_19-24_traj.xyz

----------------------------------------------------------------------
            Scanning combination 13/37: [215.09]

======================================================================
LBFGS Parameters
======================================================================
memory:     5
curvature:  70.0
max_step:   0.2
max_iter:   256
write_traj: False
traj_every: 1
verbose:    0
======================================================================


                             Coordinates                              
----------------------------------------------------------------------
0    C               -3.4686              -1.5438               0.1307
1    C               -2.1732              -1.5260               0.5762
2    C               -1.3890              -0.3468               0.4750
3    C               -1.9674               0.8210              -0.0833
4    C               -3.3145               0.7756              -0.5332
5    C               -4.0454              -0.3783              -0.4329
6    H                0.3948              -1.2201               1.3148
7    H               -4.0609              -2.4519               0.2031
8    H               -1.7195              -2.4168               1.0067
9    C               -0.0337              -0.3145               0.8970
10   C               -1.1707               1.9931              -0.1865
11   H               -3.7503               1.6730              -0.9676
12   H               -5.0733              -0.4095              -0.7850
13   C                0.1356               1.9857               0.2165
14   C                0.7349               0.8131               0.7520
15   H               -1.6135               2.8931              -0.6067
16   H                0.7425               2.8851               0.1206
17   C                2.2128               0.8367               1.0773
18   C                3.1020               0.6534              -0.1673
19   H                2.4524               0.0758               1.8261
20   H                2.4468               1.8036               1.5329
21   H                4.0516               1.1867              -0.0698
22   H                2.6012               1.0759              -1.0477
23   C                3.4542              -0.7741              -0.5172
24   O                4.5085              -1.1274              -0.9861
25   O                2.4597              -1.6496              -0.2617
26   H                2.8054              -2.5212              -0.5152


Energy:                 -652.917593 Convergence criteria  Is converged 
Maximum Force:             0.001981     0.002850  Yes
RMS Force:                 0.001129     0.001900  Yes
Maximum Displacement:      0.001835     0.003150  Yes
RMS Displacement:          0.000602     0.002100  Yes

LBFGS converged at iteration 24.
Final frame written to /home/hungn/Desktop/MyRepo/MLP/MAPLE/maple/function/dispatcher/parmfit/example/demo2_torsionfit_v2_torsionfit_19-24_opt.xyz
Complete trajectory written to /home/hungn/Desktop/MyRepo/MLP/MAPLE/maple/function/dispatcher/parmfit/example/demo2_torsionfit_v2_torsionfit_19-24_traj.xyz

----------------------------------------------------------------------
            Scanning combination 14/37: [225.09]

======================================================================
LBFGS Parameters
======================================================================
memory:     5
curvature:  70.0
max_step:   0.2
max_iter:   256
write_traj: False
traj_every: 1
verbose:    0
======================================================================


                             Coordinates                              
----------------------------------------------------------------------
0    C               -3.4719              -1.5418               0.1387
1    C               -2.1760              -1.5251               0.5812
2    C               -1.3899              -0.3466               0.4776
3    C               -1.9698               0.8211              -0.0789
4    C               -3.3175               0.7774              -0.5258
5    C               -4.0500              -0.3765              -0.4240
6    H                0.3936              -1.2192               1.3186
7    H               -4.0660              -2.4492               0.2130
8    H               -1.7235              -2.4167               1.0121
9    C               -0.0335              -0.3144               0.8977
10   C               -1.1729               1.9934              -0.1845
11   H               -3.7534               1.6753              -0.9584
12   H               -5.0785              -0.4058              -0.7730
13   C                0.1347               1.9854               0.2149
14   C                0.7339               0.8141               0.7507
15   H               -1.6173               2.8932              -0.6026
16   H                0.7420               2.8844               0.1168
17   C                2.2126               0.8374               1.0683
18   C                3.0959               0.6516              -0.1852
19   H                2.4545               0.0775               1.8192
20   H                2.4489               1.8038               1.5246
21   H                4.0312               1.2090              -0.1073
22   H                2.5687               1.0379              -1.0681
23   C                3.4825              -0.7767              -0.4868
24   O                4.5897              -1.1501              -0.7915
25   O                2.4445              -1.6328              -0.3962
26   H                2.8096              -2.5106              -0.5932


Energy:                 -652.917271 Convergence criteria  Is converged 
Maximum Force:             0.001684     0.002850  Yes
RMS Force:                 0.001284     0.001900  Yes
Maximum Displacement:      0.002102     0.003150  Yes
RMS Displacement:          0.000931     0.002100  Yes

LBFGS converged at iteration 22.
Final frame written to /home/hungn/Desktop/MyRepo/MLP/MAPLE/maple/function/dispatcher/parmfit/example/demo2_torsionfit_v2_torsionfit_19-24_opt.xyz
Complete trajectory written to /home/hungn/Desktop/MyRepo/MLP/MAPLE/maple/function/dispatcher/parmfit/example/demo2_torsionfit_v2_torsionfit_19-24_traj.xyz

----------------------------------------------------------------------
            Scanning combination 15/37: [235.09]

======================================================================
LBFGS Parameters
======================================================================
memory:     5
curvature:  70.0
max_step:   0.2
max_iter:   256
write_traj: False
traj_every: 1
verbose:    0
======================================================================


                             Coordinates                              
----------------------------------------------------------------------
0    C               -3.4755              -1.5399               0.1489
1    C               -2.1779              -1.5239               0.5869
2    C               -1.3919              -0.3462               0.4803
3    C               -1.9732               0.8216              -0.0757
4    C               -3.3228               0.7784              -0.5173
5    C               -4.0551              -0.3745              -0.4119
6    H                0.3965              -1.2170               1.3171
7    H               -4.0689              -2.4471               0.2253
8    H               -1.7251              -2.4154               1.0171
9    C               -0.0342              -0.3124               0.8964
10   C               -1.1783               1.9942              -0.1838
11   H               -3.7599               1.6764              -0.9488
12   H               -5.0847              -0.4045              -0.7587
13   C                0.1304               1.9880               0.2112
14   C                0.7319               0.8160               0.7447
15   H               -1.6243               2.8938              -0.6009
16   H                0.7374               2.8866               0.1108
17   C                2.2118               0.8407               1.0574
18   C                3.0964               0.6455              -0.1982
19   H                2.4554               0.0877               1.8154
20   H                2.4499               1.8104               1.5064
21   H                4.0226               1.2191              -0.1256
22   H                2.5615               1.0056              -1.0855
23   C                3.5017              -0.7863              -0.4552
24   O                4.6360              -1.1796              -0.5823
25   O                2.4436              -1.6196              -0.5353
26   H                2.8143              -2.5028              -0.6949


Energy:                 -652.917018 Convergence criteria  Is converged 
Maximum Force:             0.001696     0.002850  Yes
RMS Force:                 0.000943     0.001900  Yes
Maximum Displacement:      0.000837     0.003150  Yes
RMS Displacement:          0.000456     0.002100  Yes

LBFGS converged at iteration 26.
Final frame written to /home/hungn/Desktop/MyRepo/MLP/MAPLE/maple/function/dispatcher/parmfit/example/demo2_torsionfit_v2_torsionfit_19-24_opt.xyz
Complete trajectory written to /home/hungn/Desktop/MyRepo/MLP/MAPLE/maple/function/dispatcher/parmfit/example/demo2_torsionfit_v2_torsionfit_19-24_traj.xyz

----------------------------------------------------------------------
            Scanning combination 16/37: [245.09]

======================================================================
LBFGS Parameters
======================================================================
memory:     5
curvature:  70.0
max_step:   0.2
max_iter:   256
write_traj: False
traj_every: 1
verbose:    0
======================================================================


                             Coordinates                              
----------------------------------------------------------------------
0    C               -3.4768              -1.5393               0.1603
1    C               -2.1778              -1.5237               0.5913
2    C               -1.3913              -0.3470               0.4801
3    C               -1.9754               0.8210              -0.0730
4    C               -3.3271               0.7786              -0.5078
5    C               -4.0597              -0.3744              -0.3985
6    H                0.4047              -1.2164               1.3058
7    H               -4.0706              -2.4464               0.2400
8    H               -1.7244              -2.4157               1.0212
9    C               -0.0313              -0.3121               0.8895
10   C               -1.1834               1.9946              -0.1845
11   H               -3.7659               1.6761              -0.9375
12   H               -5.0903              -0.4045              -0.7412
13   C                0.1268               1.9911               0.2059
14   C                0.7318               0.8192               0.7357
15   H               -1.6322               2.8939              -0.5987
16   H                0.7321               2.8901               0.1047
17   C                2.2108               0.8478               1.0463
18   C                3.0982               0.6418              -0.2078
19   H                2.4582               0.1003               1.8078
20   H                2.4481               1.8197               1.4903
21   H                4.0247               1.2144              -0.1328
22   H                2.5676               0.9888              -1.1011
23   C                3.5038              -0.7958              -0.4235
24   O                4.6340              -1.2166              -0.3670
25   O                2.4526              -1.6019              -0.6793
26   H                2.8257              -2.4905              -0.7972


Energy:                 -652.916794 Convergence criteria  Is converged 
Maximum Force:             0.002340     0.002850  Yes
RMS Force:                 0.001585     0.001900  Yes
Maximum Displacement:      0.001989     0.003150  Yes
RMS Displacement:          0.000920     0.002100  Yes

LBFGS converged at iteration 25.
Final frame written to /home/hungn/Desktop/MyRepo/MLP/MAPLE/maple/function/dispatcher/parmfit/example/demo2_torsionfit_v2_torsionfit_19-24_opt.xyz
Complete trajectory written to /home/hungn/Desktop/MyRepo/MLP/MAPLE/maple/function/dispatcher/parmfit/example/demo2_torsionfit_v2_torsionfit_19-24_traj.xyz

----------------------------------------------------------------------
            Scanning combination 17/37: [255.09]

======================================================================
LBFGS Parameters
======================================================================
memory:     5
curvature:  70.0
max_step:   0.2
max_iter:   256
write_traj: False
traj_every: 1
verbose:    0
======================================================================


                             Coordinates                              
----------------------------------------------------------------------
0    C               -3.4786              -1.5560               0.2245
1    C               -2.1554              -1.5336               0.5779
2    C               -1.3816              -0.3527               0.4220
3    C               -2.0022               0.8097              -0.1020
4    C               -3.3767               0.7590              -0.4630
5    C               -4.0980              -0.3946              -0.3036
6    H                0.4525              -1.2113               1.1703
7    H               -4.0656              -2.4631               0.3463
8    H               -1.6784              -2.4217               0.9898
9    C               -0.0060              -0.3057               0.7793
10   C               -1.2237               1.9893              -0.2404
11   H               -3.8458               1.6549              -0.8654
12   H               -5.1477              -0.4298              -0.5858
13   C                0.0965               2.0013               0.1162
14   C                0.7371               0.8398               0.6288
15   H               -1.6981               2.8872              -0.6313
16   H                0.6701               2.9215               0.0221
17   C                2.1980               0.9131               1.0200
18   C                3.2212               0.6051              -0.0990
19   H                2.3967               0.2541               1.8746
20   H                2.4010               1.9315               1.3684
21   H                4.1919               1.0148               0.1914
22   H                2.9114               1.0850              -1.0336
23   C                3.4704              -0.8653              -0.3449
24   O                4.4641              -1.4556               0.0082
25   O                2.4830              -1.4804              -1.0275
26   H                2.7757              -2.4027              -1.1280


Energy:                 -652.917864 Convergence criteria  Is converged 
Maximum Force:             0.001747     0.002850  Yes
RMS Force:                 0.000886     0.001900  Yes
Maximum Displacement:      0.001342     0.003150  Yes
RMS Displacement:          0.000578     0.002100  Yes

LBFGS converged at iteration 47.
Final frame written to /home/hungn/Desktop/MyRepo/MLP/MAPLE/maple/function/dispatcher/parmfit/example/demo2_torsionfit_v2_torsionfit_19-24_opt.xyz
Complete trajectory written to /home/hungn/Desktop/MyRepo/MLP/MAPLE/maple/function/dispatcher/parmfit/example/demo2_torsionfit_v2_torsionfit_19-24_traj.xyz

----------------------------------------------------------------------
            Scanning combination 18/37: [265.09]

======================================================================
LBFGS Parameters
======================================================================
memory:     5
curvature:  70.0
max_step:   0.2
max_iter:   256
write_traj: False
traj_every: 1
verbose:    0
======================================================================


                             Coordinates                              
----------------------------------------------------------------------
0    C               -3.4726              -1.5573               0.2241
1    C               -2.1491              -1.5374               0.5787
2    C               -1.3731              -0.3574               0.4233
3    C               -1.9934               0.8062              -0.0978
4    C               -3.3674               0.7580              -0.4608
5    C               -4.0896              -0.3952              -0.3044
6    H                0.4600              -1.2139               1.1796
7    H               -4.0607              -2.4637               0.3454
8    H               -1.6735              -2.4276               0.9866
9    C                0.0036              -0.3099               0.7824
10   C               -1.2140               1.9853              -0.2397
11   H               -3.8343               1.6549              -0.8635
12   H               -5.1408              -0.4267              -0.5808
13   C                0.1057               1.9965               0.1198
14   C                0.7456               0.8379               0.6397
15   H               -1.6856               2.8827              -0.6358
16   H                0.6818               2.9149               0.0230
17   C                2.2098               0.9131               1.0236
18   C                3.2053               0.6212              -0.1265
19   H                2.4223               0.2290               1.8557
20   H                2.4125               1.9263               1.3907
21   H                4.1808               1.0433               0.1307
22   H                2.8553               1.0754              -1.0591
23   C                3.4403              -0.8561              -0.3287
24   O                4.3546              -1.4756               0.1607
25   O                2.5174              -1.4461              -1.1152
26   H                2.7725              -2.3838              -1.1500


Energy:                 -652.918342 Convergence criteria  Is converged 
Maximum Force:             0.001821     0.002850  Yes
RMS Force:                 0.001092     0.001900  Yes
Maximum Displacement:      0.003043     0.003150  Yes
RMS Displacement:          0.001347     0.002100  Yes

LBFGS converged at iteration 20.
Final frame written to /home/hungn/Desktop/MyRepo/MLP/MAPLE/maple/function/dispatcher/parmfit/example/demo2_torsionfit_v2_torsionfit_19-24_opt.xyz
Complete trajectory written to /home/hungn/Desktop/MyRepo/MLP/MAPLE/maple/function/dispatcher/parmfit/example/demo2_torsionfit_v2_torsionfit_19-24_traj.xyz

----------------------------------------------------------------------
            Scanning combination 19/37: [275.09]

======================================================================
LBFGS Parameters
======================================================================
memory:     5
curvature:  70.0
max_step:   0.2
max_iter:   256
write_traj: False
traj_every: 1
verbose:    0
======================================================================


                             Coordinates                              
----------------------------------------------------------------------
0    C               -3.4624              -1.5589               0.2249
1    C               -2.1395              -1.5407               0.5789
2    C               -1.3621              -0.3613               0.4261
3    C               -1.9815               0.8028              -0.0953
4    C               -3.3553               0.7566              -0.4576
5    C               -4.0793              -0.3959              -0.3018
6    H                0.4717              -1.2170               1.1850
7    H               -4.0516              -2.4647               0.3450
8    H               -1.6647              -2.4324               0.9855
9    C                0.0142              -0.3134               0.7883
10   C               -1.2027               1.9821              -0.2374
11   H               -3.8205               1.6539              -0.8604
12   H               -5.1303              -0.4260              -0.5783
13   C                0.1155               1.9955               0.1269
14   C                0.7530               0.8374               0.6508
15   H               -1.6739               2.8780              -0.6365
16   H                0.6942               2.9116               0.0256
17   C                2.2167               0.9188               1.0237
18   C                3.1827               0.6314              -0.1500
19   H                2.4492               0.2256               1.8420
20   H                2.4206               1.9254               1.4032
21   H                4.1641               1.0589               0.0742
22   H                2.8078               1.0649              -1.0823
23   C                3.3948              -0.8536              -0.3058
24   O                4.2078              -1.4969               0.3155
25   O                2.5644              -1.4206              -1.2024
26   H                2.7845              -2.3680              -1.2000


Energy:                 -652.918688 Convergence criteria  Is converged 
Maximum Force:             0.001469     0.002850  Yes
RMS Force:                 0.000989     0.001900  Yes
Maximum Displacement:      0.001001     0.003150  Yes
RMS Displacement:          0.000715     0.002100  Yes

LBFGS converged at iteration 22.
Final frame written to /home/hungn/Desktop/MyRepo/MLP/MAPLE/maple/function/dispatcher/parmfit/example/demo2_torsionfit_v2_torsionfit_19-24_opt.xyz
Complete trajectory written to /home/hungn/Desktop/MyRepo/MLP/MAPLE/maple/function/dispatcher/parmfit/example/demo2_torsionfit_v2_torsionfit_19-24_traj.xyz

----------------------------------------------------------------------
            Scanning combination 20/37: [285.09]

======================================================================
LBFGS Parameters
======================================================================
memory:     5
curvature:  70.0
max_step:   0.2
max_iter:   256
write_traj: False
traj_every: 1
verbose:    0
======================================================================


                             Coordinates                              
----------------------------------------------------------------------
0    C               -3.4448              -1.5618               0.2268
1    C               -2.1215              -1.5437               0.5801
2    C               -1.3453              -0.3633               0.4297
3    C               -1.9665               0.8001              -0.0911
4    C               -3.3399               0.7530              -0.4529
5    C               -4.0632              -0.3992              -0.2980
6    H                0.4950              -1.2118               1.1895
7    H               -4.0324              -2.4682               0.3457
8    H               -1.6467              -2.4357               0.9850
9    C                0.0310              -0.3103               0.7937
10   C               -1.1933               1.9829              -0.2334
11   H               -3.8043               1.6506              -0.8556
12   H               -5.1137              -0.4304              -0.5754
13   C                0.1226               2.0031               0.1355
14   C                0.7594               0.8469               0.6634
15   H               -1.6681               2.8757              -0.6341
16   H                0.7020               2.9193               0.0321
17   C                2.2234               0.9371               1.0241
18   C                3.1604               0.6271              -0.1643
19   H                2.4707               0.2516               1.8436
20   H                2.4281               1.9461               1.3948
21   H                4.1543               1.0387               0.0299
22   H                2.7794               1.0498              -1.0984
23   C                3.3225              -0.8664              -0.2822
24   O                4.0004              -1.5361               0.4612
25   O                2.6191              -1.4038              -1.2955
26   H                2.8059              -2.3576              -1.2711


Energy:                 -652.919111 Convergence criteria  Is converged 
Maximum Force:             0.002214     0.002850  Yes
RMS Force:                 0.001298     0.001900  Yes
Maximum Displacement:      0.001531     0.003150  Yes
RMS Displacement:          0.000932     0.002100  Yes

LBFGS converged at iteration 23.
Final frame written to /home/hungn/Desktop/MyRepo/MLP/MAPLE/maple/function/dispatcher/parmfit/example/demo2_torsionfit_v2_torsionfit_19-24_opt.xyz
Complete trajectory written to /home/hungn/Desktop/MyRepo/MLP/MAPLE/maple/function/dispatcher/parmfit/example/demo2_torsionfit_v2_torsionfit_19-24_traj.xyz

----------------------------------------------------------------------
            Scanning combination 21/37: [295.09]

======================================================================
LBFGS Parameters
======================================================================
memory:     5
curvature:  70.0
max_step:   0.2
max_iter:   256
write_traj: False
traj_every: 1
verbose:    0
======================================================================


                             Coordinates                              
----------------------------------------------------------------------
0    C               -3.3981              -1.5823               0.2284
1    C               -2.0782              -1.5368               0.5895
2    C               -1.3277              -0.3382               0.4467
3    C               -1.9696               0.8112              -0.0809
4    C               -3.3400               0.7362              -0.4491
5    C               -4.0390              -0.4319              -0.2981
6    H                0.5181              -1.1470               1.2321
7    H               -3.9679              -2.5012               0.3417
8    H               -1.5849              -2.4203               0.9925
9    C                0.0429              -0.2574               0.8218
10   C               -1.2187               2.0077              -0.2203
11   H               -3.8210               1.6261              -0.8497
12   H               -5.0886              -0.4817              -0.5749
13   C                0.0969               2.0515               0.1511
14   C                0.7567               0.9063               0.6769
15   H               -1.7102               2.8914              -0.6234
16   H                0.6528               2.9803               0.0455
17   C                2.2262               0.9980               1.0221
18   C                3.1580               0.5549              -0.1224
19   H                2.4585               0.3919               1.9047
20   H                2.4656               2.0373               1.2762
21   H                4.1816               0.8626               0.1214
22   H                2.8647               1.0164              -1.0680
23   C                3.2027              -0.9484              -0.2784
24   O                3.6450              -1.7028               0.5556
25   O                2.7404              -1.3827              -1.4663
26   H                2.8837              -2.3451              -1.4775


Energy:                 -652.920368 Convergence criteria  Is converged 
Maximum Force:             0.002832     0.002850  Yes
RMS Force:                 0.001603     0.001900  Yes
Maximum Displacement:      0.003103     0.003150  Yes
RMS Displacement:          0.002002     0.002100  Yes

LBFGS converged at iteration 30.
Final frame written to /home/hungn/Desktop/MyRepo/MLP/MAPLE/maple/function/dispatcher/parmfit/example/demo2_torsionfit_v2_torsionfit_19-24_opt.xyz
Complete trajectory written to /home/hungn/Desktop/MyRepo/MLP/MAPLE/maple/function/dispatcher/parmfit/example/demo2_torsionfit_v2_torsionfit_19-24_traj.xyz

----------------------------------------------------------------------
            Scanning combination 22/37: [305.09]

======================================================================
LBFGS Parameters
======================================================================
memory:     5
curvature:  70.0
max_step:   0.2
max_iter:   256
write_traj: False
traj_every: 1
verbose:    0
======================================================================


                             Coordinates                              
----------------------------------------------------------------------
0    C               -3.3955              -1.5822               0.2287
1    C               -2.0756              -1.5362               0.5903
2    C               -1.3257              -0.3380               0.4504
3    C               -1.9654               0.8114              -0.0777
4    C               -3.3365               0.7362              -0.4472
5    C               -4.0362              -0.4314              -0.2961
6    H                0.5239              -1.1517               1.2273
7    H               -3.9637              -2.5016               0.3425
8    H               -1.5825              -2.4185               0.9939
9    C                0.0454              -0.2592               0.8273
10   C               -1.2118               2.0064              -0.2151
11   H               -3.8203               1.6238              -0.8497
12   H               -5.0853              -0.4846              -0.5758
13   C                0.1035               2.0508               0.1585
14   C                0.7607               0.9054               0.6895
15   H               -1.7014               2.8889              -0.6211
16   H                0.6602               2.9798               0.0491
17   C                2.2341               0.9919               1.0259
18   C                3.1448               0.5602              -0.1387
19   H                2.4792               0.3763               1.8990
20   H                2.4792               2.0260               1.2871
21   H                4.1665               0.8958               0.0745
22   H                2.8312               1.0094              -1.0831
23   C                3.1950              -0.9422              -0.2754
24   O                3.4990              -1.6969               0.6179
25   O                2.8574              -1.3764              -1.5053
26   H                2.8797              -2.3477              -1.4690


Energy:                 -652.921147 Convergence criteria  Is converged 
Maximum Force:             0.002622     0.002850  Yes
RMS Force:                 0.001404     0.001900  Yes
Maximum Displacement:      0.001960     0.003150  Yes
RMS Displacement:          0.000958     0.002100  Yes

LBFGS converged at iteration 12.
Final frame written to /home/hungn/Desktop/MyRepo/MLP/MAPLE/maple/function/dispatcher/parmfit/example/demo2_torsionfit_v2_torsionfit_19-24_opt.xyz
Complete trajectory written to /home/hungn/Desktop/MyRepo/MLP/MAPLE/maple/function/dispatcher/parmfit/example/demo2_torsionfit_v2_torsionfit_19-24_traj.xyz

----------------------------------------------------------------------
            Scanning combination 23/37: [315.09]

======================================================================
LBFGS Parameters
======================================================================
memory:     5
curvature:  70.0
max_step:   0.2
max_iter:   256
write_traj: False
traj_every: 1
verbose:    0
======================================================================


                             Coordinates                              
----------------------------------------------------------------------
0    C               -3.3878              -1.5846               0.2334
1    C               -2.0698              -1.5352               0.6021
2    C               -1.3237              -0.3334               0.4660
3    C               -1.9620               0.8156              -0.0640
4    C               -3.3299               0.7365              -0.4412
5    C               -4.0269              -0.4336              -0.2940
6    H                0.5273              -1.1564               1.2243
7    H               -3.9556              -2.5056               0.3423
8    H               -1.5735              -2.4178               1.0027
9    C                0.0493              -0.2592               0.8359
10   C               -1.2092               2.0117              -0.2048
11   H               -3.8103               1.6239              -0.8480
12   H               -5.0743              -0.4867              -0.5789
13   C                0.1066               2.0507               0.1660
14   C                0.7645               0.9064               0.6921
15   H               -1.6925               2.8954              -0.6163
16   H                0.6717               2.9747               0.0642
17   C                2.2402               1.0032               1.0209
18   C                3.1318               0.5649              -0.1544
19   H                2.4790               0.3652               1.8779
20   H                2.4723               2.0371               1.3010
21   H                4.1731               0.8764               0.0088
22   H                2.7952               1.0020              -1.0977
23   C                3.1413              -0.9390              -0.2695
24   O                3.2662              -1.6968               0.6659
25   O                2.9834              -1.3747              -1.5330
26   H                2.9819              -2.3447              -1.4828


Energy:                 -652.921846 Convergence criteria  Is converged 
Maximum Force:             0.002746     0.002850  Yes
RMS Force:                 0.001523     0.001900  Yes
Maximum Displacement:      0.001951     0.003150  Yes
RMS Displacement:          0.000882     0.002100  Yes

LBFGS converged at iteration 17.
Final frame written to /home/hungn/Desktop/MyRepo/MLP/MAPLE/maple/function/dispatcher/parmfit/example/demo2_torsionfit_v2_torsionfit_19-24_opt.xyz
Complete trajectory written to /home/hungn/Desktop/MyRepo/MLP/MAPLE/maple/function/dispatcher/parmfit/example/demo2_torsionfit_v2_torsionfit_19-24_traj.xyz

----------------------------------------------------------------------
            Scanning combination 24/37: [325.09]

======================================================================
LBFGS Parameters
======================================================================
memory:     5
curvature:  70.0
max_step:   0.2
max_iter:   256
write_traj: False
traj_every: 1
verbose:    0
======================================================================


                             Coordinates                              
----------------------------------------------------------------------
0    C               -3.3850              -1.5818               0.2449
1    C               -2.0711              -1.5209               0.6226
2    C               -1.3332              -0.3148               0.4846
3    C               -1.9760               0.8285              -0.0516
4    C               -3.3421               0.7390              -0.4329
5    C               -4.0296              -0.4365              -0.2890
6    H                0.5218              -1.1210               1.2526
7    H               -3.9436              -2.5088               0.3462
8    H               -1.5705              -2.3970               1.0329
9    C                0.0344              -0.2305               0.8636
10   C               -1.2289               2.0286              -0.1904
11   H               -3.8287               1.6213              -0.8444
12   H               -5.0720              -0.5022              -0.5890
13   C                0.0872               2.0753               0.1799
14   C                0.7482               0.9338               0.7093
15   H               -1.7209               2.9102              -0.5956
16   H                0.6459               3.0030               0.0682
17   C                2.2297               1.0081               1.0121
18   C                3.1007               0.5228              -0.1551
19   H                2.4720               0.4016               1.8916
20   H                2.4946               2.0441               1.2486
21   H                4.1486               0.7935               0.0310
22   H                2.8044               0.9803              -1.1034
23   C                3.0920              -0.9799              -0.3020
24   O                3.0325              -1.7678               0.6143
25   O                3.2164              -1.3808              -1.5805
26   H                3.2491              -2.3526              -1.5509


Energy:                 -652.923038 Convergence criteria  Is converged 
Maximum Force:             0.002155     0.002850  Yes
RMS Force:                 0.001260     0.001900  Yes
Maximum Displacement:      0.002655     0.003150  Yes
RMS Displacement:          0.000908     0.002100  Yes

LBFGS converged at iteration 30.
Final frame written to /home/hungn/Desktop/MyRepo/MLP/MAPLE/maple/function/dispatcher/parmfit/example/demo2_torsionfit_v2_torsionfit_19-24_opt.xyz
Complete trajectory written to /home/hungn/Desktop/MyRepo/MLP/MAPLE/maple/function/dispatcher/parmfit/example/demo2_torsionfit_v2_torsionfit_19-24_traj.xyz

----------------------------------------------------------------------
            Scanning combination 25/37: [335.09]

======================================================================
LBFGS Parameters
======================================================================
memory:     5
curvature:  70.0
max_step:   0.2
max_iter:   256
write_traj: False
traj_every: 1
verbose:    0
======================================================================


                             Coordinates                              
----------------------------------------------------------------------
0    C               -3.3928              -1.5775               0.2538
1    C               -2.0794              -1.5151               0.6335
2    C               -1.3394              -0.3103               0.4911
3    C               -1.9823               0.8335              -0.0445
4    C               -3.3484               0.7421              -0.4282
5    C               -4.0361              -0.4341              -0.2852
6    H                0.5175              -1.1211               1.2490
7    H               -3.9519              -2.5040               0.3579
8    H               -1.5784              -2.3895               1.0462
9    C                0.0293              -0.2305               0.8627
10   C               -1.2319               2.0321              -0.1829
11   H               -3.8365               1.6231              -0.8400
12   H               -5.0789              -0.5002              -0.5847
13   C                0.0865               2.0752               0.1811
14   C                0.7472               0.9307               0.7053
15   H               -1.7232               2.9162              -0.5839
16   H                0.6463               3.0023               0.0715
17   C                2.2299               1.0005               1.0086
18   C                3.0944               0.5199              -0.1650
19   H                2.4693               0.3847               1.8825
20   H                2.4945               2.0345               1.2542
21   H                4.1428               0.8128              -0.0142
22   H                2.7765               0.9660              -1.1132
23   C                3.0915              -0.9843              -0.3065
24   O                2.8733              -1.7731               0.5848
25   O                3.3904              -1.3813              -1.5578
26   H                3.3681              -2.3528              -1.5427


Energy:                 -652.923348 Convergence criteria  Is converged 
Maximum Force:             0.001603     0.002850  Yes
RMS Force:                 0.000781     0.001900  Yes
Maximum Displacement:      0.001105     0.003150  Yes
RMS Displacement:          0.000641     0.002100  Yes

LBFGS converged at iteration 22.
Final frame written to /home/hungn/Desktop/MyRepo/MLP/MAPLE/maple/function/dispatcher/parmfit/example/demo2_torsionfit_v2_torsionfit_19-24_opt.xyz
Complete trajectory written to /home/hungn/Desktop/MyRepo/MLP/MAPLE/maple/function/dispatcher/parmfit/example/demo2_torsionfit_v2_torsionfit_19-24_traj.xyz

----------------------------------------------------------------------
            Scanning combination 26/37: [345.09]

======================================================================
LBFGS Parameters
======================================================================
memory:     5
curvature:  70.0
max_step:   0.2
max_iter:   256
write_traj: False
traj_every: 1
verbose:    0
======================================================================


                             Coordinates                              
----------------------------------------------------------------------
0    C               -3.4043              -1.5692               0.2625
1    C               -2.0921              -1.5069               0.6445
2    C               -1.3545              -0.3005               0.5039
3    C               -1.9944               0.8435              -0.0345
4    C               -3.3591               0.7513              -0.4203
5    C               -4.0465              -0.4254              -0.2766
6    H                0.4985              -1.1114               1.2653
7    H               -3.9632              -2.4960               0.3668
8    H               -1.5893              -2.3800               1.0587
9    C                0.0122              -0.2208               0.8786
10   C               -1.2436               2.0422              -0.1720
11   H               -3.8461               1.6322              -0.8328
12   H               -5.0881              -0.4916              -0.5774
13   C                0.0753               2.0834               0.1923
14   C                0.7337               0.9363               0.7144
15   H               -1.7330               2.9265              -0.5760
16   H                0.6383               3.0081               0.0785
17   C                2.2211               0.9867               0.9981
18   C                3.0685               0.5029              -0.1860
19   H                2.4618               0.3683               1.8698
20   H                2.5018               2.0163               1.2412
21   H                4.1170               0.8045              -0.0527
22   H                2.7300               0.9392              -1.1324
23   C                3.0953              -1.0009              -0.3322
24   O                2.7485              -1.8031               0.5035
25   O                3.5923              -1.3814              -1.5250
26   H                3.5999              -2.3527              -1.5141


Energy:                 -652.923383 Convergence criteria  Is converged 
Maximum Force:             0.002050     0.002850  Yes
RMS Force:                 0.001102     0.001900  Yes
Maximum Displacement:      0.002106     0.003150  Yes
RMS Displacement:          0.000828     0.002100  Yes

LBFGS converged at iteration 26.
Final frame written to /home/hungn/Desktop/MyRepo/MLP/MAPLE/maple/function/dispatcher/parmfit/example/demo2_torsionfit_v2_torsionfit_19-24_opt.xyz
Complete trajectory written to /home/hungn/Desktop/MyRepo/MLP/MAPLE/maple/function/dispatcher/parmfit/example/demo2_torsionfit_v2_torsionfit_19-24_traj.xyz

----------------------------------------------------------------------
            Scanning combination 27/37: [355.09]

======================================================================
LBFGS Parameters
======================================================================
memory:     5
curvature:  70.0
max_step:   0.2
max_iter:   256
write_traj: False
traj_every: 1
verbose:    0
======================================================================


                             Coordinates                              
----------------------------------------------------------------------
0    C               -3.4220              -1.5591               0.2716
1    C               -2.1095              -1.5001               0.6550
2    C               -1.3684              -0.2964               0.5137
3    C               -2.0052               0.8498              -0.0237
4    C               -3.3706               0.7614              -0.4096
5    C               -4.0605              -0.4138              -0.2679
6    H                0.4823              -1.1145               1.2727
7    H               -3.9825              -2.4846               0.3746
8    H               -1.6090              -2.3739               1.0701
9    C               -0.0005              -0.2228               0.8851
10   C               -1.2489               2.0447              -0.1630
11   H               -3.8549               1.6428              -0.8246
12   H               -5.1015              -0.4784              -0.5721
13   C                0.0717               2.0800               0.1959
14   C                0.7266               0.9300               0.7157
15   H               -1.7360               2.9315              -0.5635
16   H                0.6380               3.0024               0.0805
17   C                2.2159               0.9715               0.9874
18   C                3.0511               0.4950              -0.2089
19   H                2.4621               0.3466               1.8531
20   H                2.5031               1.9983               1.2360
21   H                4.0911               0.8304              -0.1050
22   H                2.6844               0.9171              -1.1518
23   C                3.1106              -1.0094              -0.3507
24   O                2.6487              -1.8248               0.4132
25   O                3.7818              -1.3744              -1.4608
26   H                3.7821              -2.3462              -1.4635


Energy:                 -652.923070 Convergence criteria  Is converged 
Maximum Force:             0.001968     0.002850  Yes
RMS Force:                 0.000829     0.001900  Yes
Maximum Displacement:      0.001214     0.003150  Yes
RMS Displacement:          0.000586     0.002100  Yes

LBFGS converged at iteration 26.
Final frame written to /home/hungn/Desktop/MyRepo/MLP/MAPLE/maple/function/dispatcher/parmfit/example/demo2_torsionfit_v2_torsionfit_19-24_opt.xyz
Complete trajectory written to /home/hungn/Desktop/MyRepo/MLP/MAPLE/maple/function/dispatcher/parmfit/example/demo2_torsionfit_v2_torsionfit_19-24_traj.xyz

----------------------------------------------------------------------
            Scanning combination 28/37: [365.09]

======================================================================
LBFGS Parameters
======================================================================
memory:     5
curvature:  70.0
max_step:   0.2
max_iter:   256
write_traj: False
traj_every: 1
verbose:    0
======================================================================


                             Coordinates                              
----------------------------------------------------------------------
0    C               -3.4356              -1.5505               0.2796
1    C               -2.1226              -1.4946               0.6629
2    C               -1.3776              -0.2938               0.5213
3    C               -2.0112               0.8543              -0.0145
4    C               -3.3771               0.7694              -0.4008
5    C               -4.0706              -0.4040              -0.2609
6    H                0.4718              -1.1197               1.2715
7    H               -3.9979              -2.4747               0.3827
8    H               -1.6226              -2.3697               1.0747
9    C               -0.0078              -0.2261               0.8859
10   C               -1.2502               2.0460              -0.1550
11   H               -3.8596               1.6510              -0.8170
12   H               -5.1128              -0.4661              -0.5631
13   C                0.0718               2.0772               0.1984
14   C                0.7234               0.9236               0.7124
15   H               -1.7347               2.9329              -0.5568
16   H                0.6401               2.9990               0.0843
17   C                2.2129               0.9603               0.9820
18   C                3.0359               0.4867              -0.2247
19   H                2.4560               0.3349               1.8471
20   H                2.5016               1.9862               1.2347
21   H                4.0661               0.8565              -0.1666
22   H                2.6325               0.8923              -1.1578
23   C                3.1277              -1.0166              -0.3626
24   O                2.5607              -1.8437               0.3138
25   O                3.9333              -1.3666              -1.3857
26   H                3.9230              -2.3379              -1.4104


Energy:                 -652.922296 Convergence criteria  Is converged 
Maximum Force:             0.002487     0.002850  Yes
RMS Force:                 0.001156     0.001900  Yes
Maximum Displacement:      0.001564     0.003150  Yes
RMS Displacement:          0.000672     0.002100  Yes

LBFGS converged at iteration 22.
Final frame written to /home/hungn/Desktop/MyRepo/MLP/MAPLE/maple/function/dispatcher/parmfit/example/demo2_torsionfit_v2_torsionfit_19-24_opt.xyz
Complete trajectory written to /home/hungn/Desktop/MyRepo/MLP/MAPLE/maple/function/dispatcher/parmfit/example/demo2_torsionfit_v2_torsionfit_19-24_traj.xyz

----------------------------------------------------------------------
            Scanning combination 29/37: [375.09]

======================================================================
LBFGS Parameters
======================================================================
memory:     5
curvature:  70.0
max_step:   0.2
max_iter:   256
write_traj: False
traj_every: 1
verbose:    0
======================================================================


                             Coordinates                              
----------------------------------------------------------------------
0    C               -3.4472              -1.5427               0.2879
1    C               -2.1330              -1.4904               0.6687
2    C               -1.3849              -0.2914               0.5252
3    C               -2.0171               0.8588              -0.0085
4    C               -3.3843               0.7781              -0.3914
5    C               -4.0803              -0.3938              -0.2506
6    H                0.4632              -1.1241               1.2686
7    H               -4.0119              -2.4661               0.3890
8    H               -1.6353              -2.3676               1.0795
9    C               -0.0145              -0.2280               0.8877
10   C               -1.2533               2.0488              -0.1498
11   H               -3.8647               1.6607              -0.8094
12   H               -5.1220              -0.4541              -0.5559
13   C                0.0688               2.0753               0.2030
14   C                0.7183               0.9213               0.7182
15   H               -1.7362               2.9381              -0.5482
16   H                0.6402               2.9946               0.0879
17   C                2.2103               0.9494               0.9760
18   C                3.0143               0.4809              -0.2478
19   H                2.4586               0.3187               1.8375
20   H                2.5076               1.9732               1.2306
21   H                4.0376               0.8711              -0.2112
22   H                2.5799               0.8654              -1.1787
23   C                3.1399              -1.0215              -0.3792
24   O                2.4909              -1.8632               0.1975
25   O                4.0713              -1.3561              -1.2968
26   H                4.0575              -2.3266              -1.3411


Energy:                 -652.921167 Convergence criteria  Is converged 
Maximum Force:             0.001578     0.002850  Yes
RMS Force:                 0.001130     0.001900  Yes
Maximum Displacement:      0.001668     0.003150  Yes
RMS Displacement:          0.000789     0.002100  Yes

LBFGS converged at iteration 21.
Final frame written to /home/hungn/Desktop/MyRepo/MLP/MAPLE/maple/function/dispatcher/parmfit/example/demo2_torsionfit_v2_torsionfit_19-24_opt.xyz
Complete trajectory written to /home/hungn/Desktop/MyRepo/MLP/MAPLE/maple/function/dispatcher/parmfit/example/demo2_torsionfit_v2_torsionfit_19-24_traj.xyz

----------------------------------------------------------------------
            Scanning combination 30/37: [385.09]

======================================================================
LBFGS Parameters
======================================================================
memory:     5
curvature:  70.0
max_step:   0.2
max_iter:   256
write_traj: False
traj_every: 1
verbose:    0
======================================================================


                             Coordinates                              
----------------------------------------------------------------------
0    C               -3.4557              -1.5369               0.2929
1    C               -2.1414              -1.4870               0.6735
2    C               -1.3919              -0.2887               0.5327
3    C               -2.0224               0.8634               0.0003
4    C               -3.3884               0.7840              -0.3857
5    C               -4.0863              -0.3864              -0.2450
6    H                0.4593              -1.1260               1.2637
7    H               -4.0225              -2.4587               0.3959
8    H               -1.6431              -2.3658               1.0811
9    C               -0.0196              -0.2274               0.8906
10   C               -1.2563               2.0526              -0.1394
11   H               -3.8669               1.6693              -0.8001
12   H               -5.1288              -0.4430              -0.5457
13   C                0.0676               2.0757               0.2104
14   C                0.7162               0.9183               0.7195
15   H               -1.7374               2.9416              -0.5420
16   H                0.6409               2.9938               0.0936
17   C                2.2102               0.9388               0.9695
18   C                3.0044               0.4728              -0.2650
19   H                2.4554               0.3098               1.8349
20   H                2.5080               1.9631               1.2196
21   H                4.0168               0.8953              -0.2697
22   H                2.5196               0.8306              -1.1820
23   C                3.1435              -1.0301              -0.3985
24   O                2.4093              -1.8777               0.0523
25   O                4.1946              -1.3508              -1.1841
26   H                4.1804              -2.3187              -1.2686


Energy:                 -652.919771 Convergence criteria  Is converged 
Maximum Force:             0.001988     0.002850  Yes
RMS Force:                 0.001273     0.001900  Yes
Maximum Displacement:      0.001722     0.003150  Yes
RMS Displacement:          0.000850     0.002100  Yes

LBFGS converged at iteration 19.
Final frame written to /home/hungn/Desktop/MyRepo/MLP/MAPLE/maple/function/dispatcher/parmfit/example/demo2_torsionfit_v2_torsionfit_19-24_opt.xyz
Complete trajectory written to /home/hungn/Desktop/MyRepo/MLP/MAPLE/maple/function/dispatcher/parmfit/example/demo2_torsionfit_v2_torsionfit_19-24_traj.xyz

----------------------------------------------------------------------
            Scanning combination 31/37: [395.09]

======================================================================
LBFGS Parameters
======================================================================
memory:     5
curvature:  70.0
max_step:   0.2
max_iter:   256
write_traj: False
traj_every: 1
verbose:    0
======================================================================


                             Coordinates                              
----------------------------------------------------------------------
0    C               -3.4651              -1.5300               0.2990
1    C               -2.1506              -1.4845               0.6780
2    C               -1.3983              -0.2881               0.5386
3    C               -2.0278               0.8669               0.0102
4    C               -3.3944               0.7916              -0.3739
5    C               -4.0944              -0.3781              -0.2357
6    H                0.4530              -1.1312               1.2623
7    H               -4.0331              -2.4508               0.4017
8    H               -1.6529              -2.3641               1.0842
9    C               -0.0251              -0.2295               0.8932
10   C               -1.2598               2.0545              -0.1297
11   H               -3.8708               1.6772              -0.7887
12   H               -5.1367              -0.4323              -0.5363
13   C                0.0647               2.0755               0.2176
14   C                0.7121               0.9144               0.7213
15   H               -1.7396               2.9464              -0.5280
16   H                0.6403               2.9921               0.1023
17   C                2.2073               0.9288               0.9540
18   C                2.9881               0.4645              -0.2909
19   H                2.4591               0.3033               1.8196
20   H                2.5130               1.9507               1.2043
21   H                3.9911               0.9010              -0.3144
22   H                2.4770               0.8122              -1.1975
23   C                3.1440              -1.0337              -0.4375
24   O                2.3440              -1.8854              -0.1283
25   O                4.3058              -1.3449              -1.0529
26   H                4.3043              -2.3114              -1.1522


Energy:                 -652.918501 Convergence criteria  Is converged 
Maximum Force:             0.001777     0.002850  Yes
RMS Force:                 0.001264     0.001900  Yes
Maximum Displacement:      0.002057     0.003150  Yes
RMS Displacement:          0.001169     0.002100  Yes

LBFGS converged at iteration 20.
Final frame written to /home/hungn/Desktop/MyRepo/MLP/MAPLE/maple/function/dispatcher/parmfit/example/demo2_torsionfit_v2_torsionfit_19-24_opt.xyz
Complete trajectory written to /home/hungn/Desktop/MyRepo/MLP/MAPLE/maple/function/dispatcher/parmfit/example/demo2_torsionfit_v2_torsionfit_19-24_traj.xyz

----------------------------------------------------------------------
            Scanning combination 32/37: [405.09]

======================================================================
LBFGS Parameters
======================================================================
memory:     5
curvature:  70.0
max_step:   0.2
max_iter:   256
write_traj: False
traj_every: 1
verbose:    0
======================================================================


                             Coordinates                              
----------------------------------------------------------------------
0    C               -3.4718              -1.5273               0.3046
1    C               -2.1557              -1.4840               0.6816
2    C               -1.4021              -0.2884               0.5424
3    C               -2.0305               0.8687               0.0177
4    C               -3.3974               0.7960              -0.3662
5    C               -4.0992              -0.3725              -0.2276
6    H                0.4529              -1.1369               1.2554
7    H               -4.0428              -2.4467               0.4081
8    H               -1.6612              -2.3660               1.0857
9    C               -0.0269              -0.2342               0.8908
10   C               -1.2630               2.0568              -0.1174
11   H               -3.8735               1.6850              -0.7755
12   H               -5.1434              -0.4236              -0.5256
13   C                0.0623               2.0736               0.2227
14   C                0.7106               0.9100               0.7195
15   H               -1.7426               2.9484              -0.5152
16   H                0.6394               2.9895               0.1082
17   C                2.2082               0.9218               0.9432
18   C                2.9806               0.4630              -0.3128
19   H                2.4680               0.2966               1.8089
20   H                2.5150               1.9467               1.1837
21   H                3.9765               0.9128              -0.3511
22   H                2.4447               0.7996              -1.2075
23   C                3.1422              -1.0333              -0.4698
24   O                2.2882              -1.8721              -0.3145
25   O                4.3812              -1.3519              -0.9056
26   H                4.3837              -2.3134              -1.0487


Energy:                 -652.917359 Convergence criteria  Is converged 
Maximum Force:             0.002444     0.002850  Yes
RMS Force:                 0.001553     0.001900  Yes
Maximum Displacement:      0.002985     0.003150  Yes
RMS Displacement:          0.001116     0.002100  Yes

LBFGS converged at iteration 19.
Final frame written to /home/hungn/Desktop/MyRepo/MLP/MAPLE/maple/function/dispatcher/parmfit/example/demo2_torsionfit_v2_torsionfit_19-24_opt.xyz
Complete trajectory written to /home/hungn/Desktop/MyRepo/MLP/MAPLE/maple/function/dispatcher/parmfit/example/demo2_torsionfit_v2_torsionfit_19-24_traj.xyz

----------------------------------------------------------------------
            Scanning combination 33/37: [415.09]

======================================================================
LBFGS Parameters
======================================================================
memory:     5
curvature:  70.0
max_step:   0.2
max_iter:   256
write_traj: False
traj_every: 1
verbose:    0
======================================================================


                             Coordinates                              
----------------------------------------------------------------------
0    C               -3.4792              -1.5237               0.3115
1    C               -2.1618              -1.4852               0.6846
2    C               -1.4041              -0.2927               0.5444
3    C               -2.0334               0.8672               0.0280
4    C               -3.4024               0.8001              -0.3498
5    C               -4.1071              -0.3671              -0.2156
6    H                0.4463              -1.1478               1.2557
7    H               -4.0518              -2.4415               0.4155
8    H               -1.6681              -2.3691               1.0845
9    C               -0.0260              -0.2435               0.8838
10   C               -1.2639               2.0540              -0.1069
11   H               -3.8767               1.6900              -0.7582
12   H               -5.1524              -0.4153              -0.5107
13   C                0.0624               2.0684               0.2268
14   C                0.7119               0.9004               0.7093
15   H               -1.7446               2.9493              -0.4935
16   H                0.6389               2.9861               0.1197
17   C                2.2089               0.9139               0.9186
18   C                2.9772               0.4685              -0.3475
19   H                2.4780               0.2902               1.7810
20   H                2.5167               1.9377               1.1627
21   H                3.9696               0.9234              -0.3825
22   H                2.4292               0.8237              -1.2265
23   C                3.1371              -1.0252              -0.5296
24   O                2.2525              -1.8475              -0.5502
25   O                4.4294              -1.3655              -0.7318
26   H                4.4409              -2.3270              -0.8741


Energy:                 -652.916702 Convergence criteria  Is converged 
Maximum Force:             0.002397     0.002850  Yes
RMS Force:                 0.001510     0.001900  Yes
Maximum Displacement:      0.002642     0.003150  Yes
RMS Displacement:          0.000964     0.002100  Yes

LBFGS converged at iteration 20.
Final frame written to /home/hungn/Desktop/MyRepo/MLP/MAPLE/maple/function/dispatcher/parmfit/example/demo2_torsionfit_v2_torsionfit_19-24_opt.xyz
Complete trajectory written to /home/hungn/Desktop/MyRepo/MLP/MAPLE/maple/function/dispatcher/parmfit/example/demo2_torsionfit_v2_torsionfit_19-24_traj.xyz

----------------------------------------------------------------------
            Scanning combination 34/37: [425.09]

======================================================================
LBFGS Parameters
======================================================================
memory:     5
curvature:  70.0
max_step:   0.2
max_iter:   256
write_traj: False
traj_every: 1
verbose:    0
======================================================================


                             Coordinates                              
----------------------------------------------------------------------
0    C               -3.5022              -1.5260               0.3302
1    C               -2.1792              -1.4981               0.6849
2    C               -1.4127              -0.3117               0.5345
3    C               -2.0452               0.8566               0.0390
4    C               -3.4198               0.8012              -0.3188
5    C               -4.1285              -0.3630              -0.1842
6    H                0.4386              -1.1753               1.2322
7    H               -4.0792              -2.4407               0.4374
8    H               -1.6920              -2.3879               1.0796
9    C               -0.0269              -0.2695               0.8521
10   C               -1.2738               2.0419              -0.0968
11   H               -3.8965               1.6989              -0.7083
12   H               -5.1779              -0.4028              -0.4628
13   C                0.0596               2.0445               0.2068
14   C                0.7182               0.8687               0.6611
15   H               -1.7609               2.9478              -0.4520
16   H                0.6374               2.9612               0.0986
17   C                2.2204               0.8967               0.8546
18   C                3.0278               0.5218              -0.4120
19   H                2.5175               0.2316               1.6756
20   H                2.5082               1.9101               1.1546
21   H                4.0357               0.9401              -0.3560
22   H                2.5374               0.9362              -1.2989
23   C                3.1437              -0.9718              -0.6051
24   O                2.2377              -1.7370              -0.8303
25   O                4.4193              -1.3926              -0.4661
26   H                4.4010              -2.3558              -0.5875


Energy:                 -652.917322 Convergence criteria  Is converged 
Maximum Force:             0.001990     0.002850  Yes
RMS Force:                 0.001190     0.001900  Yes
Maximum Displacement:      0.001161     0.003150  Yes
RMS Displacement:          0.000874     0.002100  Yes

LBFGS converged at iteration 30.
Final frame written to /home/hungn/Desktop/MyRepo/MLP/MAPLE/maple/function/dispatcher/parmfit/example/demo2_torsionfit_v2_torsionfit_19-24_opt.xyz
Complete trajectory written to /home/hungn/Desktop/MyRepo/MLP/MAPLE/maple/function/dispatcher/parmfit/example/demo2_torsionfit_v2_torsionfit_19-24_traj.xyz

----------------------------------------------------------------------
            Scanning combination 35/37: [435.09]

======================================================================
LBFGS Parameters
======================================================================
memory:     5
curvature:  70.0
max_step:   0.2
max_iter:   256
write_traj: False
traj_every: 1
verbose:    0
======================================================================


                             Coordinates                              
----------------------------------------------------------------------
0    C               -3.4962              -1.5257               0.3360
1    C               -2.1710              -1.4996               0.6817
2    C               -1.4058              -0.3119               0.5329
3    C               -2.0397               0.8559               0.0384
4    C               -3.4162               0.8017              -0.3123
5    C               -4.1269              -0.3610              -0.1698
6    H                0.4557              -1.1781               1.2111
7    H               -4.0751              -2.4393               0.4472
8    H               -1.6834              -2.3915               1.0718
9    C               -0.0190              -0.2706               0.8455
10   C               -1.2704               2.0423              -0.0971
11   H               -3.8931               1.7007              -0.6978
12   H               -5.1779              -0.3991              -0.4453
13   C                0.0636               2.0463               0.2050
14   C                0.7208               0.8714               0.6637
15   H               -1.7575               2.9435              -0.4632
16   H                0.6399               2.9627               0.0911
17   C                2.2196               0.8986               0.8677
18   C                3.0094               0.5161              -0.4078
19   H                2.5154               0.2465               1.7010
20   H                2.5105               1.9180               1.1447
21   H                4.0135               0.9431              -0.3750
22   H                2.4947               0.9287              -1.2807
23   C                3.1382              -0.9735              -0.6283
24   O                2.2673              -1.7115              -1.0191
25   O                4.3805              -1.4173              -0.3346
26   H                4.3929              -2.3680              -0.5345


Energy:                 -652.917708 Convergence criteria  Is converged 
Maximum Force:             0.002438     0.002850  Yes
RMS Force:                 0.001552     0.001900  Yes
Maximum Displacement:      0.002998     0.003150  Yes
RMS Displacement:          0.001055     0.002100  Yes

LBFGS converged at iteration 17.
Final frame written to /home/hungn/Desktop/MyRepo/MLP/MAPLE/maple/function/dispatcher/parmfit/example/demo2_torsionfit_v2_torsionfit_19-24_opt.xyz
Complete trajectory written to /home/hungn/Desktop/MyRepo/MLP/MAPLE/maple/function/dispatcher/parmfit/example/demo2_torsionfit_v2_torsionfit_19-24_traj.xyz

----------------------------------------------------------------------
            Scanning combination 36/37: [445.09]

======================================================================
LBFGS Parameters
======================================================================
memory:     5
curvature:  70.0
max_step:   0.2
max_iter:   256
write_traj: False
traj_every: 1
verbose:    0
======================================================================


                             Coordinates                              
----------------------------------------------------------------------
0    C               -3.4941              -1.5333               0.3534
1    C               -2.1623              -1.5142               0.6724
2    C               -1.3948              -0.3292               0.5113
3    C               -2.0350               0.8436               0.0364
4    C               -3.4179               0.7962              -0.2875
5    C               -4.1292              -0.3647              -0.1372
6    H                0.4715              -1.2026               1.1627
7    H               -4.0729              -2.4465               0.4664
8    H               -1.6723              -2.4098               1.0509
9    C               -0.0024              -0.2911               0.8048
10   C               -1.2675               2.0315              -0.0995
11   H               -3.8987               1.6984              -0.6603
12   H               -5.1840              -0.3991              -0.3968
13   C                0.0685               2.0335               0.1928
14   C                0.7347               0.8552               0.6302
15   H               -1.7602               2.9391              -0.4434
16   H                0.6424               2.9530               0.0913
17   C                2.2348               0.8984               0.8299
18   C                3.0398               0.5636              -0.4529
19   H                2.5442               0.2226               1.6380
20   H                2.5105               1.9072               1.1532
21   H                4.0551               0.9600              -0.3708
22   H                2.5562               1.0108              -1.3271
23   C                3.1338              -0.9245              -0.6783
24   O                2.3159              -1.6157              -1.2365
25   O                4.2538              -1.4467              -0.1330
26   H                4.1963              -2.4035              -0.2902


Energy:                 -652.918806 Convergence criteria  Is converged 
Maximum Force:             0.002381     0.002850  Yes
RMS Force:                 0.001242     0.001900  Yes
Maximum Displacement:      0.001895     0.003150  Yes
RMS Displacement:          0.000956     0.002100  Yes

LBFGS converged at iteration 28.
Final frame written to /home/hungn/Desktop/MyRepo/MLP/MAPLE/maple/function/dispatcher/parmfit/example/demo2_torsionfit_v2_torsionfit_19-24_opt.xyz
Complete trajectory written to /home/hungn/Desktop/MyRepo/MLP/MAPLE/maple/function/dispatcher/parmfit/example/demo2_torsionfit_v2_torsionfit_19-24_traj.xyz

----------------------------------------------------------------------
            Scanning combination 37/37: [455.09]

======================================================================
LBFGS Parameters
======================================================================
memory:     5
curvature:  70.0
max_step:   0.2
max_iter:   256
write_traj: False
traj_every: 1
verbose:    0
======================================================================


                             Coordinates                              
----------------------------------------------------------------------
0    C               -3.4618              -1.5555               0.3594
1    C               -2.1200              -1.5352               0.6313
2    C               -1.3639              -0.3432               0.4686
3    C               -2.0246               0.8317               0.0297
4    C               -3.4178               0.7821              -0.2481
5    C               -4.1205              -0.3831              -0.0899
6    H                0.5257              -1.2149               1.0521
7    H               -4.0348              -2.4698               0.4902
8    H               -1.6142              -2.4337               0.9821
9    C                0.0343              -0.2974               0.7335
10   C               -1.2681               2.0257              -0.1067
11   H               -3.9157               1.6868              -0.5900
12   H               -5.1856              -0.4166              -0.3045
13   C                0.0728               2.0383               0.1644
14   C                0.7563               0.8619               0.5793
15   H               -1.7744               2.9326              -0.4287
16   H                0.6329               2.9663               0.0649
17   C                2.2526               0.9299               0.8027
18   C                3.0886               0.5950              -0.4552
19   H                2.5596               0.2532               1.6092
20   H                2.5108               1.9406               1.1359
21   H                4.1203               0.9353              -0.3200
22   H                2.6643               1.0871              -1.3344
23   C                3.0921              -0.8922              -0.7000
24   O                2.3509              -1.4972              -1.4361
25   O                3.9965              -1.5213               0.0839
26   H                3.8874              -2.4705              -0.0898


Energy:                 -652.920073 Convergence criteria  Is converged 
Maximum Force:             0.001747     0.002850  Yes
RMS Force:                 0.001083     0.001900  Yes
Maximum Displacement:      0.002023     0.003150  Yes
RMS Displacement:          0.001112     0.002100  Yes

LBFGS converged at iteration 33.
Final frame written to /home/hungn/Desktop/MyRepo/MLP/MAPLE/maple/function/dispatcher/parmfit/example/demo2_torsionfit_v2_torsionfit_19-24_opt.xyz
Complete trajectory written to /home/hungn/Desktop/MyRepo/MLP/MAPLE/maple/function/dispatcher/parmfit/example/demo2_torsionfit_v2_torsionfit_19-24_traj.xyz

======================================================================
Scan completed! Total points: 37Results saved to: /home/hungn/Desktop/MyRepo/MLP/MAPLE/maple/function/dispatcher/parmfit/example/demo2_torsionfit_v2_torsionfit_19-24_scan_final.xyz
Energy range: -652.923383 to -652.916702 eV
