
**********************************************************************
*                                                                    *
*                        M   A   P   L   E                           *
*                                                                    *
*      MAchine-learning Potential for Landscape Exploration          *
*                                                                    *
*                                                                    *
*      © 2025 University of Pittsburgh. All rights reserved.         *
*      Licensed under CC BY 4.0 for academic use.                    *
*                                                                    *
*      Principal Developer:  Xujian Wang                             *
*                                                                    *
**********************************************************************


Parsing # commands...
Global parameter: model = ani2x
Task set to 'parmfit'
Parsed configuration:
----------------------------------------
Task: parmfit
model          : ani2x
method         : correction
mol2           : PPI_ff.mol2
frcmod         : PPI_ff.frcmod

                             Coordinates                              
**********************************************************************

Group 1 (inline)
--------------------
1    C             -0.532000             0.999300             0.213100
2    C             -1.097500            -0.216100             0.162700
3    C             -2.431100            -0.371900             0.253600
4    C             -3.136900             0.765000             0.396200
5    C             -2.571900             1.984100             0.446600
6    C             -1.237200             2.136900             0.355300
7    C              0.794300             0.860600             0.100700
8    C              1.125600            -0.435700            -0.025000
9    S             -0.088300            -1.267800             0.003400
10   C             -4.464600             0.892500             0.509000
11   C             -4.760600             2.190800             0.632300
12   S             -3.574400             3.048400             0.606500
13   C             -0.529200             3.475300             0.403600
14   C             -3.136300            -1.711300             0.204200
15   C              2.370200            -0.939900            -0.159100
16   C              2.713700            -2.228400            -0.285800
17   C              4.040600            -2.339800            -0.395200
18   C              4.650700            -1.142500            -0.347600
19   S              3.591500            -0.126400            -0.188600
20   C              5.975900            -0.849500            -0.424200
21   C              6.962400            -1.767300            -0.570700
22   C              8.268000            -1.419500            -0.641100
23   C              8.653800            -0.140100            -0.568800
24   C              7.704000             0.790400            -0.424000
25   C              6.411700             0.432800            -0.355500
26   N              6.821800            -3.023700            -0.659500
27   S              8.293400            -3.856700            -0.835700
28   N              9.100800            -2.363100            -0.778200
29   H              1.502000             1.701000             0.111600
30   H             -5.206500             0.082900             0.504100
31   H             -5.780100             2.585500             0.742000
32   H              0.045300             3.640700            -0.536200
33   H             -1.201800             4.351800             0.517900
34   H              0.177100             3.505700             1.264400
35   H             -2.461300            -2.584800             0.081200
36   H             -3.704700            -1.881300             1.146900
37   H             -3.848200            -1.739500            -0.652000
38   H              2.033500            -3.092200            -0.301500
39   H              4.487900            -3.333100            -0.506400
40   H              9.717400             0.143800            -0.626100
41   H              7.992800             1.853700            -0.361500
42   H              5.725400             1.288300            -0.236200

======================================================================
                      Parmfit Correction Summary                      
======================================================================
mol2:              /home/hungn/Desktop/MyRepo/MLP/MAPLE/maple/function/dispatcher/parmfit/example/PPI_ff.mol2
frcmod:            /home/hungn/Desktop/MyRepo/MLP/MAPLE/maple/function/dispatcher/parmfit/example/PPI_ff.frcmod
Topology atoms:    42
Topology bonds:    47
torsionfit:        enabled
Bond terms:        47 (unmatched: 0)
Angle terms:       78 (unmatched: 0)
Dihedral terms:    114 (unmatched: 0)
Improper terms:    28 (unmatched: 8)
Nonbond terms:     42 (unmatched: 0)
scan grid:         5.0000 deg x 72 steps
refinement:        200 rounds, max_iter=100, tol=0.0001
center bonds:      auto-select non-ring center bonds with proper torsions
======================================================================
[Stage 0] Running silent LBFGS geometry optimization...
          Silent LBFGS converged within 256 allowed iterations.
          Evaluating Hessian and applying mSeminario bond/angle correction...
          Updated 47 bond terms and 78 angle terms.
[Stage 1] Running stage-1 torsion scan fitting...


============================================================================================
                                  Parmfit Torsion Scan Fit                                  
============================================================================================
Center bond: (3, 14)
Representative dihedral: (2, 3, 14, 35)
Scan xyz: /home/hungn/Desktop/MyRepo/MLP/MAPLE/maple/function/dispatcher/parmfit/example/PPI_torsionfit_3-14_scan_final.xyz
Target proper count: 6

Target proper order:
   1. atoms=(2, 3, 14, 35) types=('ca', 'ca', 'c3', 'hc')
   2. atoms=(2, 3, 14, 36) types=('ca', 'ca', 'c3', 'hc')
   3. atoms=(2, 3, 14, 37) types=('ca', 'ca', 'c3', 'hc')
   4. atoms=(4, 3, 14, 35) types=('ca', 'ca', 'c3', 'hc')
   5. atoms=(4, 3, 14, 36) types=('ca', 'ca', 'c3', 'hc')
   6. atoms=(4, 3, 14, 37) types=('ca', 'ca', 'c3', 'hc')

Stage-1 delta initializer:
  group=(1, 2, 3, 4, 5, 6) delta_kPhi=[0.069517, 0.150998, 0.019212, 0.031518, -0.073181, 0.070985]

Stage-1 fitted kPhi per proper:
   1.1: kPhi 0.000000 -> 0.069517  n=1.000  phase=0.000
   2.1: kPhi 0.000000 -> 0.150998  n=1.000  phase=0.000
   3.1: kPhi 0.000000 -> 0.019212  n=1.000  phase=0.000
   4.1: kPhi 0.000000 -> 0.031518  n=1.000  phase=0.000
   5.1: kPhi 0.000000 -> -0.073181  n=1.000  phase=0.000
   6.1: kPhi 0.000000 -> 0.070985  n=1.000  phase=0.000

Point table:
 angle_deg      QM_rel      orig_MM    MM_zeroed_rel    torsion_fit    MM_refit_rel    residual_after
  359.8250    0.296807   -1.342105       -1.342105      0.280167     -1.061938        1.358745
  364.8250    0.078770   -0.928313       -0.928313      0.299740     -0.628573        0.707343
  369.8250    0.082753   -0.711792       -0.711792      0.316682     -0.395110        0.477863
  374.8250    0.137061   -0.698325       -0.698325      0.335753     -0.362572        0.499633
  379.8250    0.169545   -0.576414       -0.576414      0.355680     -0.220734        0.390279
  384.8250    0.222676   -0.545567       -0.545567      0.372679     -0.172888        0.395564
  389.8250    0.262435   -0.432624       -0.432624      0.389495     -0.043129        0.305564
  394.8250    0.302923   -0.322721       -0.322721      0.403986      0.081265        0.221657
  399.8250    0.266175   -0.265575       -0.265575      0.421400      0.155825        0.110350
  404.8250    0.235748   -0.165111       -0.165111      0.433477      0.268366       -0.032619
  409.8250    0.180916   -0.071842       -0.071842      0.445015      0.373173       -0.192257
  414.8250    0.149124   -0.056190       -0.056190      0.454967      0.398778       -0.249654
  419.8250    0.230792    0.093587        0.093587      0.460475      0.554061       -0.323269
  424.8250    0.291758    0.176087        0.176087      0.467163      0.643251       -0.351493
  429.8250    0.276685    0.104772        0.104772      0.472406      0.577178       -0.300494
  434.8250    0.191071   -0.152050       -0.152050      0.474968      0.322917       -0.131847
  439.8250    0.310328   -0.062585       -0.062585      0.476786      0.414201       -0.103873
  444.8250    0.242929   -0.198196       -0.198196      0.474084      0.275888       -0.032959
  449.8250    0.284595   -0.181955       -0.181955      0.473168      0.291214       -0.006618
  454.8250    0.310422   -0.142594       -0.142594      0.468992      0.326398       -0.015976
  459.8250    0.160270   -0.330239       -0.330239      0.461213      0.130975        0.029295
  464.8250    0.211604   -0.278291       -0.278291      0.458013      0.179721        0.031883
  469.8250    0.071626   -0.358964       -0.358964      0.444415      0.085451       -0.013825
  474.8250    0.117855   -0.304062       -0.304062      0.438858      0.134795       -0.016940
  479.8250    0.000280   -0.431415       -0.431415      0.421505     -0.009910        0.010191
  484.8250    0.106186   -0.317397       -0.317397      0.415753      0.098356        0.007830
  489.8250    0.018103   -0.434898       -0.434898      0.389703     -0.045194        0.063297
  494.8250    0.133994   -0.328029       -0.328029      0.383424      0.055394        0.078600
  499.8250    0.150227   -0.347733       -0.347733      0.357557      0.009824        0.140403
  504.8250    0.284857   -0.184900       -0.184900      0.349309      0.164409        0.120448
  509.8250    0.242293   -0.278468       -0.278468      0.319931      0.041463        0.200830
  514.8250    0.395326   -0.050999       -0.050999      0.310121      0.259122        0.136203
  519.8250    0.540185    0.132507        0.132507      0.291123      0.423630        0.116555
  524.8250    0.205583   -0.102844       -0.102844      0.247365      0.144521        0.061061
  529.8250    0.226940   -0.009340       -0.009340      0.236301      0.226961       -0.000021
  534.8250    0.193333    0.002399        0.002399      0.212783      0.215182       -0.021848
  539.8250    0.151012    0.002432        0.002432      0.184460      0.186892       -0.035880
  544.8250    0.114190    0.024959        0.024959      0.163518      0.188477       -0.074287
  549.8250    0.145047    0.028465        0.028465      0.147213      0.175678       -0.030631
  554.8250    0.134425   -0.040903       -0.040903      0.124456      0.083553        0.050871
  559.8250    0.168835   -0.078279       -0.078279      0.104208      0.025929        0.142905
  564.8250    0.299463    0.022536        0.022536      0.093804      0.116340        0.183123
  569.8250    0.187929   -0.111614       -0.111614      0.070754     -0.040860        0.228788
  574.8250    0.158699   -0.090119       -0.090119      0.055045     -0.035074        0.193773
  579.8250    0.214092    0.003756        0.003756      0.045077      0.048834        0.165258
  584.8250    0.043780   -0.101300       -0.101300      0.026593     -0.074707        0.118487
  589.8250    0.070653   -0.017224       -0.017224      0.019818      0.002594        0.068059
  594.8250    0.038450    0.020307        0.020307      0.009242      0.029549        0.008901
  599.8250    0.000000    0.000000        0.000000      0.000000      0.000000        0.000000
  604.8250    0.101211    0.130987        0.130987     -0.004046      0.126942       -0.025731
  609.8250    0.087840    0.068471        0.068471     -0.009489      0.058982        0.028858
  614.8250    0.193876    0.130063        0.130063     -0.011778      0.118286        0.075590
  619.8250    0.230044    0.078811        0.078811     -0.013702      0.065109        0.164935
  624.8250    0.224621    0.110511        0.110511     -0.011816      0.098695        0.125926
  629.8250    0.269055    0.155829        0.155829     -0.009420      0.146408        0.122646
  634.8250    0.306158    0.186497        0.186497     -0.006280      0.180217        0.125941
  639.8250    0.313676    0.247571        0.247571     -0.000182      0.247389        0.066287
  644.8250    0.228099    0.294620        0.294620      0.009034      0.303653       -0.075554
  649.8250    0.180972    0.305384        0.305384      0.018650      0.324034       -0.143062
  654.8250    0.251793    0.426239        0.426239      0.023963      0.450202       -0.198408
  659.8250    0.157614    0.363329        0.363329      0.044516      0.407845       -0.250231
  664.8250    0.239675    0.438652        0.438652      0.051390      0.490042       -0.250367
  669.8250    0.190659    0.330990        0.330990      0.071384      0.402374       -0.211715
  674.8250    0.339371    0.493846        0.493846      0.078971      0.572817       -0.233445
  679.8250    0.282276    0.319692        0.319692      0.106059      0.425751       -0.143475
  684.8250    0.233373    0.174622        0.174622      0.133978      0.308600       -0.075227
  689.8250    0.281379    0.178381        0.178381      0.147389      0.325769       -0.044391
  694.8250    0.200028    0.078721        0.078721      0.174054      0.252774       -0.052746
  699.8250    0.141494   -0.027394       -0.027394      0.196649      0.169255       -0.027762
  704.8250    0.075310   -0.017382       -0.017382      0.219259      0.201877       -0.126568
  709.8250    0.073627   -0.029953       -0.029953      0.234699      0.204746       -0.131119
  714.8250    0.005666    0.047446        0.047446      0.259806      0.307252       -0.301586
  719.8250    0.093450    0.148989        0.148989      0.270970      0.419960       -0.326509

Local initializer RMSE: 0.253694
MAE:                   0.162826
MaxAbsError:           1.358745

============================================================================================
                                  Parmfit Torsion Scan Fit                                  
============================================================================================
Center bond: (6, 13)
Representative dihedral: (1, 6, 13, 32)
Scan xyz: /home/hungn/Desktop/MyRepo/MLP/MAPLE/maple/function/dispatcher/parmfit/example/PPI_torsionfit_6-13_scan_final.xyz
Target proper count: 6

Target proper order:
   1. atoms=(1, 6, 13, 32) types=('ca', 'ca', 'c3', 'hc')
   2. atoms=(1, 6, 13, 33) types=('ca', 'ca', 'c3', 'hc')
   3. atoms=(1, 6, 13, 34) types=('ca', 'ca', 'c3', 'hc')
   4. atoms=(5, 6, 13, 32) types=('ca', 'ca', 'c3', 'hc')
   5. atoms=(5, 6, 13, 33) types=('ca', 'ca', 'c3', 'hc')
   6. atoms=(5, 6, 13, 34) types=('ca', 'ca', 'c3', 'hc')

Stage-1 delta initializer:
  group=(1, 2, 3, 4, 5, 6) delta_kPhi=[-0.165991, -0.005310, -0.213614, 0.053211, -0.011631, 0.131914]

Stage-1 fitted kPhi per proper:
   1.1: kPhi 0.000000 -> -0.165991  n=1.000  phase=0.000
   2.1: kPhi 0.000000 -> -0.005310  n=1.000  phase=0.000
   3.1: kPhi 0.000000 -> -0.213614  n=1.000  phase=0.000
   4.1: kPhi 0.000000 -> 0.053211  n=1.000  phase=0.000
   5.1: kPhi 0.000000 -> -0.011631  n=1.000  phase=0.000
   6.1: kPhi 0.000000 -> 0.131914  n=1.000  phase=0.000

Point table:
 angle_deg      QM_rel      orig_MM    MM_zeroed_rel    torsion_fit    MM_refit_rel    residual_after
   58.8484    0.336510   -1.138610       -1.138610      0.335703     -0.802907        1.139417
   63.8484    0.196382   -0.891951       -0.891951      0.337943     -0.554009        0.750390
   68.8484    0.126476   -0.516492       -0.516492      0.345069     -0.171423        0.297899
   73.8484    0.270383   -0.351332       -0.351332      0.342419     -0.008913        0.279295
   78.8484    0.204124   -0.295230       -0.295230      0.349722      0.054492        0.149632
   83.8484    0.321755   -0.125481       -0.125481      0.345360      0.219879        0.101876
   88.8484    0.188901   -0.026051       -0.026051      0.346442      0.320391       -0.131490
   93.8484    0.265090    0.097874        0.097874      0.338493      0.436367       -0.171277
   98.8484    0.142522    0.246210        0.246210      0.331936      0.578146       -0.435624
  103.8484    0.073851    0.337424        0.337424      0.323260      0.660685       -0.586833
  108.8484    0.099453    0.442502        0.442502      0.311792      0.754294       -0.654841
  113.8484    0.090495    0.535945        0.535945      0.298081      0.834025       -0.743530
  118.8484    0.229633    0.646149        0.646149      0.285615      0.931764       -0.702132
  123.8484    0.314349    0.740364        0.740364      0.269824      1.010188       -0.695839
  128.8484    0.111422    0.527079        0.527079      0.248178      0.775256       -0.663834
  133.8484    0.209248    0.620088        0.620088      0.233720      0.853807       -0.644559
  138.8484    0.121988    0.408392        0.408392      0.208144      0.616537       -0.494548
  143.8484    0.246034    0.536009        0.536009      0.191884      0.727893       -0.481859
  148.8484    0.195391    0.291662        0.291662      0.161551      0.453212       -0.257822
  153.8484    0.309131    0.418693        0.418693      0.145618      0.564312       -0.255180
  158.8484    0.222713    0.148641        0.148641      0.112362      0.261003       -0.038290
  163.8484    0.327216    0.263426        0.263426      0.095346      0.358772       -0.031557
  168.8484    0.142167    0.057369        0.057369      0.054780      0.112149        0.030018
  173.8484    0.183740    0.167858        0.167858      0.039407      0.207265       -0.023525
  178.8484    0.000000    0.000000        0.000000      0.000000      0.000000        0.000000
  183.8484    0.074711    0.090619        0.090619     -0.013725      0.076894       -0.002183
  188.8484    0.045538    0.090196        0.090196     -0.047222      0.042974        0.002564
  193.8484    0.186227    0.282325        0.282325     -0.060654      0.221672       -0.035445
  198.8484    0.144112    0.254613        0.254613     -0.096636      0.157976       -0.013865
  203.8484    0.287588    0.405676        0.405676     -0.110460      0.295217       -0.007629
  208.8484    0.145327    0.466690        0.466690     -0.150012      0.316677       -0.171350
  213.8484    0.224695    0.574410        0.574410     -0.159550      0.414860       -0.190165
  218.8484    0.124008    0.664639        0.664639     -0.187935      0.476705       -0.352697
  223.8484    0.062892    0.728869        0.728869     -0.211498      0.517371       -0.454479
  228.8484    0.153500    0.934662        0.934662     -0.214300      0.720362       -0.566862
  233.8484    0.222919    1.157090        1.157090     -0.229034      0.928057       -0.705138
  238.8484    0.204236    1.110693        1.110693     -0.246884      0.863809       -0.659573
  243.8484    0.239264    1.211936        1.211936     -0.249843      0.962093       -0.722829
  248.8484    0.160700    0.990695        0.990695     -0.262036      0.728660       -0.567960
  253.8484    0.182000    0.983838        0.983838     -0.265612      0.718226       -0.536225
  258.8484    0.264716    1.030969        1.030969     -0.265699      0.765270       -0.500554
  263.8484    0.269242    0.821637        0.821637     -0.267369      0.554267       -0.285026
  268.8484    0.323475    0.795255        0.795255     -0.264239      0.531015       -0.207540
  273.8484    0.283305    0.557843        0.557843     -0.260567      0.297276       -0.013971
  278.8484    0.232344    0.384149        0.384149     -0.254141      0.130009        0.102336
  283.8484    0.301071    0.509789        0.509789     -0.242438      0.267351        0.033720
  288.8484    0.181645    0.275731        0.275731     -0.232566      0.043165        0.138480
  293.8484    0.073702    0.189314        0.189314     -0.218597     -0.029283        0.102985
  298.8484    0.124270    0.304010        0.304010     -0.204819      0.099191        0.025079
  303.8484    0.090364    0.216163        0.216163     -0.186855      0.029308        0.061057
  308.8484    0.075123    0.173944        0.173944     -0.167343      0.006601        0.068522
  313.8484    0.234775    0.384076        0.384076     -0.152647      0.231429        0.003346
  318.8484    0.212727    0.300300        0.300300     -0.125571      0.174729        0.037998
  323.8484    0.210894    0.350182        0.350182     -0.101148      0.249034       -0.038140
  328.8484    0.198308    0.417789        0.417789     -0.076138      0.341651       -0.143343
  333.8484    0.165450    0.546561        0.546561     -0.050281      0.496281       -0.330831
  338.8484    0.107139    0.547908        0.547908     -0.021841      0.526067       -0.418928
  343.8484    0.064762    0.628457        0.628457      0.002852      0.631310       -0.566547
  348.8484    0.080864    0.724418        0.724418      0.025164      0.749581       -0.668717
  353.8484    0.060050    0.656571        0.656571      0.055860      0.712432       -0.652382
  358.8484    0.077311    0.678726        0.678726      0.082269      0.760995       -0.683684
  363.8484    0.088232    0.695997        0.695997      0.108284      0.804282       -0.716049
  368.8484    0.089224    0.674348        0.674348      0.130700      0.805048       -0.715824
  373.8484    0.094853    0.596917        0.596917      0.154637      0.751554       -0.656701
  378.8484    0.121726    0.519470        0.519470      0.178710      0.698180       -0.576453
  383.8484    0.187312    0.465902        0.465902      0.201728      0.667630       -0.480318
  388.8484    0.211792    0.331942        0.331942      0.228254      0.560196       -0.348404
  393.8484    0.205115    0.202912        0.202912      0.250815      0.453727       -0.248612
  398.8484    0.188770    0.176338        0.176338      0.270373      0.446711       -0.257941
  403.8484    0.130217    0.085531        0.085531      0.294532      0.380063       -0.249846
  408.8484    0.171734    0.161538        0.161538      0.298962      0.460500       -0.288767
  413.8484    0.085914    0.084830        0.084830      0.321811      0.406641       -0.320727
  418.8484    0.209117    0.224000        0.224000      0.318290      0.542290       -0.333173

Local initializer RMSE: 0.435999
MAE:                   0.342825
MaxAbsError:           1.139417

============================================================================================
                                  Parmfit Torsion Scan Fit                                  
============================================================================================
Center bond: (8, 15)
Representative dihedral: (7, 8, 15, 16)
Scan xyz: /home/hungn/Desktop/MyRepo/MLP/MAPLE/maple/function/dispatcher/parmfit/example/PPI_torsionfit_8-15_scan_final.xyz
Target proper count: 4

Target proper order:
   1. atoms=(7, 8, 15, 16) types=('cc', 'cd', 'cd', 'cc')
   2. atoms=(7, 8, 15, 19) types=('cc', 'cd', 'cd', 'ss')
   3. atoms=(9, 8, 15, 16) types=('ss', 'cd', 'cd', 'cc')
   4. atoms=(9, 8, 15, 19) types=('ss', 'cd', 'cd', 'ss')

Stage-1 delta initializer:
  group=(1, 2, 3, 4) delta_kPhi=[-12.937489, 15.531182, -7.917705, -11.949053]

Stage-1 fitted kPhi per proper:
   1.1: kPhi 4.000000 -> -8.937489  n=2.000  phase=180.000
   2.1: kPhi 4.000000 -> 19.531182  n=2.000  phase=180.000
   3.1: kPhi 4.000000 -> -3.917705  n=2.000  phase=180.000
   4.1: kPhi 4.000000 -> -7.949053  n=2.000  phase=180.000

Point table:
 angle_deg      QM_rel      orig_MM    MM_zeroed_rel    torsion_fit    MM_refit_rel    residual_after
  179.9814    0.133994   -0.460561       -0.354621      0.175639     -0.284922        0.418917
  184.9814    0.000000    0.000000        0.000000      0.000000      0.000000        0.000000
  189.9814    0.086026    0.922352        0.531628     -0.595256      0.327096       -0.241070
  194.9814    0.209847    1.962342        0.758065     -1.660470      0.301872       -0.092025
  199.9814    0.574371    2.847116        1.062717     -2.728201      0.118915        0.455456
  204.9814    0.753772    4.958451        1.469757     -4.599613      0.358838        0.394934
  209.9814    1.255564    6.234263        1.992744     -6.050374      0.183889        1.071675
  214.9814    1.457706    9.124068        2.460275     -8.544413      0.579655        0.878050
  219.9814    2.085805   10.666284        3.131641    -10.020212      0.646072        1.439734
  224.9814    2.347211   14.241052        3.758111    -12.922719      1.318333        1.028879
  229.9814    3.097954   15.881794        4.530706    -14.178818      1.702976        1.394977
  234.9814    3.463638   19.997606        5.431514    -17.203985      2.793622        0.670016
  239.9814    4.363841   21.444615        6.133118    -18.050636      3.393979        0.969861
  244.9814    4.092411   24.706455        5.870087    -20.745551      3.960904        0.131507
  249.9814    4.990575   26.389051        6.768904    -21.269144      5.119907       -0.129331
  254.9814    5.809035   29.604550        7.599758    -23.503016      6.101534       -0.292499
  259.9814    7.025644   31.186196        8.646507    -23.405635      7.780561       -0.754917
  264.9814    7.020632   35.341298        8.431858    -28.249819      7.091479       -0.070847
  269.9814    7.836399   36.562791        9.392505    -27.647721      8.915070       -1.078671
  274.9814    8.549683   39.430750       10.556929    -29.271604     10.159146       -1.609463
  279.9814    9.104381   42.216632       11.931289    -30.551987     11.664645       -2.560265
  284.9814    9.968378   42.486508       12.577742    -28.964502     13.522005       -3.553627
  289.9814    3.462983   30.921657        1.808929    -30.319529      0.602128        2.860856
  294.9814    3.588712   30.549994        2.151349    -29.387119      1.162875        2.425837
  299.9814    3.796183   30.197152        3.519217    -27.268263      2.928889        0.867294
  304.9814    4.252082   29.746415        4.026637    -25.963803      3.782612        0.469470
  309.9814    4.319463   28.252743        5.968114    -22.311735      5.941008       -1.621545
  314.9814    3.255624   24.740013        7.134069    -17.108795      7.631218       -4.375594
  319.9814    3.250444   23.621205        7.622892    -15.905690      7.715516       -4.465072
  324.9814    3.500779   22.568017        7.989740    -14.018867      8.549150       -5.048371
  329.9814    4.114516   22.762107        8.637347    -13.588837      9.173270       -5.058754
  334.9814    0.717417    6.858203        2.366704     -5.147820      1.710383       -0.992966
  339.9814    0.634234    6.250850        2.415510     -4.513773      1.737077       -1.102843
  344.9814    0.711021    6.197919        3.516695     -2.988762      3.209156       -2.498135
  349.9814    0.822948    5.992807        4.431551     -1.787796      4.205011       -3.382063
  354.9814    1.237685    6.371857        4.859567     -2.036091      4.335766       -3.098081
  359.9814    1.544947    6.884711        6.354545     -0.915792      5.968919       -4.423972
  364.9814    2.151260    7.726717        6.935366     -1.845700      5.881018       -3.729758
  369.9814    3.131466    9.064295        7.891826     -3.232260      5.832034       -2.700568
  374.9814    2.406831    9.995460        9.302398     -1.439823      8.555637       -6.148806
  379.9814    3.131840   11.092262        9.902016     -2.767770      8.324491       -5.192651
  384.9814    3.683415   12.732213       10.730681     -4.310832      8.421381       -4.737966
  389.9814    2.624457   14.023205        9.179421     -7.443923      6.579281       -3.954824
  394.9814    3.163726   15.461529        9.887826     -8.585021      6.876508       -3.712782
  399.9814    3.728896   18.030825       10.361116    -11.100641      6.930184       -3.201288
  404.9814    4.706504   19.588297       11.281812    -12.355200      7.233097       -2.526593
  409.9814    5.633431   22.765038       12.081948    -14.540761      8.224277       -2.590846
  414.9814    6.961723   24.873312       13.497048    -15.825534      9.047777       -2.086054
  419.9814    7.975200   30.176000       14.883135    -19.444586     10.731414       -2.756214
  424.9814    7.718899   35.412404       14.203120    -26.281645      9.130759       -1.411859
  429.9814    8.537079   36.626510       15.198394    -25.652676     10.973834       -2.436755
  434.9814    3.456905   30.030685        0.831742    -29.616666      0.414019        3.042886
  439.9814    3.434146   30.770513        0.888435    -30.815728     -0.045215        3.479361
  444.9814    3.881012   31.342437        1.387683    -30.670383      0.672053        3.208959
  449.9814    4.170769   33.487371        2.398950    -32.497003      0.990368        3.180401
  454.9814    4.339492   34.774832        3.115111    -33.692892      1.081940        3.257552
  459.9814    4.961813   35.173942        3.800334    -32.817050      2.356892        2.604921
  464.9814    4.905466   36.100867        5.018624    -32.934619      3.166248        1.739218
  469.9814    5.517558   36.330118        5.759473    -31.679398      4.650720        0.866838
  474.9814    6.088170   36.104575        6.445642    -30.518058      5.586518        0.501652
  479.9814    6.725751   35.963483        7.670759    -28.930082      7.033401       -0.307650
  484.9814    6.958956   35.294599        9.777527    -26.005521      9.289078       -2.330122
  489.9814    7.599454   35.376466       10.612000    -24.622072     10.754394       -3.154940
  494.9814    2.010327   15.629944        1.176260    -17.792507     -2.162563        4.172891
  499.9814    2.055360   14.975496        1.510697    -16.267971     -1.292475        3.347835
  504.9814    1.910257   12.917388        2.572684    -12.421563      0.495826        1.414431
  509.9814    2.149165   12.382301        2.844533    -11.181120      1.201181        0.947984
  514.9814    1.570455   10.278047        4.059634     -7.190691      3.087357       -1.516901
  519.9814    1.796815   10.127677        4.674983     -6.167927      3.959750       -2.162935
  524.9814    1.956449    9.325878        5.786179     -3.975868      5.350009       -3.393561
  529.9814    2.482159    9.631540        6.523855     -3.589571      6.041969       -3.559809
  534.9814    2.488312    9.429243        8.351881     -1.235094      8.194149       -5.705837
  539.9814    2.866975    9.471217        8.537795     -1.451852      8.019365       -5.152390

Local initializer RMSE: 2.796893
MAE:                   2.303611
MaxAbsError:           6.148806

============================================================================================
                                  Parmfit Torsion Scan Fit                                  
============================================================================================
Center bond: (18, 20)
Representative dihedral: (17, 18, 20, 21)
Scan xyz: /home/hungn/Desktop/MyRepo/MLP/MAPLE/maple/function/dispatcher/parmfit/example/PPI_torsionfit_18-20_scan_final.xyz
Target proper count: 4

Target proper order:
   1. atoms=(17, 18, 20, 21) types=('cc', 'cd', 'ca', 'ca')
   2. atoms=(17, 18, 20, 25) types=('cc', 'cd', 'ca', 'ca')
   3. atoms=(19, 18, 20, 21) types=('ss', 'cd', 'ca', 'ca')
   4. atoms=(19, 18, 20, 25) types=('ss', 'cd', 'ca', 'ca')

Stage-1 delta initializer:
  group=(1, 2, 3, 4) delta_kPhi=[-32.412173, 37.111950, -9.867839, -11.501973]

Stage-1 fitted kPhi per proper:
   1.1: kPhi 3.770000 -> -28.642173  n=2.000  phase=180.000
   2.1: kPhi 3.770000 -> 40.881950  n=2.000  phase=180.000
   3.1: kPhi 0.700000 -> -9.167839  n=2.000  phase=180.000
   4.1: kPhi 0.700000 -> -10.801973  n=2.000  phase=180.000

Point table:
 angle_deg      QM_rel      orig_MM    MM_zeroed_rel    torsion_fit    MM_refit_rel    residual_after
    0.0982    0.171154   -1.049704       -0.972608      0.373836     -0.675868        0.847022
    5.0982    0.000000    0.000000        0.000000      0.000000      0.000000        0.000000
   10.0982    0.177550    0.316620        0.057845     -0.798386     -0.481765        0.659315
   15.0982    0.096685    1.258747        0.267008     -0.784308      0.474439       -0.377754
   20.0982    0.380159    2.200782        0.731864     -2.639762     -0.438980        0.819139
   25.0982    0.584058    3.401375        0.911237     -3.838385     -0.437009        1.021068
   30.0982    0.543047    5.403857        1.340055     -3.749632      1.654225       -1.111178
   35.0982    0.932743    6.762178        1.982244     -6.554108      0.208071        0.724672
   40.0982    1.417965    8.822780        2.697763     -8.453989      0.368791        1.049175
   45.0982    2.240502   10.921292        3.953487    -11.085789     -0.164497        2.404999
   50.0982    2.249797   13.741671        4.443692    -10.747579      2.994092       -0.744295
   55.0982    2.985148   15.854300        5.691824    -12.867071      2.987229       -0.002081
   60.0982    3.214182   18.392039        6.185376    -15.050225      3.341814       -0.127632
   65.0982    3.976426   20.395791        7.484790    -16.736006      3.659785        0.316641
   70.0982    3.667650   19.604543        4.732392    -23.899585     -4.295042        7.962692
   75.0982    4.124072   21.426078        5.726612    -25.046882     -3.620804        7.744877
   80.0982    5.052402   23.292949        7.236308    -25.149044     -1.856095        6.908497
   85.0982    5.540785   25.336872        8.322977    -27.271789     -1.934917        7.475702
   90.0982    6.475678   27.024915        9.899585    -26.382789      0.642126        5.833552
   95.0982    6.892379   28.780237       11.270834    -28.842860     -0.062622        6.955002
  100.0982    7.804326   30.177387       12.860564    -27.029756      3.147631        4.656695
  105.0982    5.443014   25.725880        9.029659    -30.671693     -4.945813       10.388827
  110.0982    5.546395   26.213392       10.052382    -29.524968     -3.311576        8.857971
  115.0982    5.308029   25.804773       10.624655    -27.663852     -1.859079        7.167108
  120.0982    5.108786   26.855766       12.857674    -26.647274      0.208492        4.900294
  125.0982    5.400768   27.114888       13.975492    -24.200470      2.914419        2.486350
  130.0982    2.038379   13.243544        3.046608    -20.004185     -6.760640        8.799019
  135.0982    1.776674   12.912826        4.080411    -17.766417     -4.853591        6.630265
  140.0982    1.966173   13.064330        5.168806    -15.633036     -2.568706        4.534880
  145.0982    1.674771   14.123869        7.953812    -12.598287      1.525582        0.149189
  150.0982    1.995534   14.330208        9.041833    -10.599012      3.731196       -1.735662
  155.0982    1.785033   15.912131       12.303690     -7.514662      8.397470       -6.612436
  160.0982    2.196928   16.367133       13.453155     -6.218328     10.148805       -7.951877
  165.0982    2.465740   17.844031       15.996716     -4.103922     13.740108      -11.274369
  170.0982    3.205187   18.914514       17.516168     -3.562363     15.352152      -12.146965
  175.0982    3.144183   21.491061       21.045014     -1.118651     20.372409      -17.228226
  180.0982    3.844919   22.257134       21.945476     -2.227189     20.029945      -16.185026
  185.0982    3.091259   20.591510       20.598079     -0.081470     20.510040      -17.418782
  190.0982    3.167953   21.990793       21.741756     -0.821573     21.169220      -18.001268
  195.0982    3.896347   23.244514       22.641267     -2.652067     20.592447      -16.696100
  200.0982    3.862535   25.332603       23.882388     -3.428115     21.904489      -18.041953
  205.0982    4.526280   26.357404       24.287176     -6.182756     20.174648      -15.648368
  210.0982    2.876213   20.229685       16.041444     -9.446066     10.783618       -7.907405
  215.0982    2.724995   21.753677       16.319776    -11.127367     10.626310       -7.901315
  220.0982    3.325772   22.804851       16.480150    -13.956219      8.848632       -5.522860
  225.0982    3.870801   25.465742       17.742855    -17.437602      8.028139       -4.157338
  230.0982    4.379756   28.717867       19.460586    -20.613190      8.104678       -3.724922
  235.0982    5.210745   30.021648       19.859912    -23.332794      6.688854       -1.478109
  240.0982    5.383526   34.705408       22.482284    -26.056892      8.648516       -3.264990
  245.0982    5.986753   35.680348       22.672366    -27.424195      8.256153       -2.269400
  250.0982    6.225250   39.279656       24.698249    -29.399084      9.880572       -3.655322
  255.0982    6.878578   40.098992       24.939186    -29.786158     10.312834       -3.434256
  260.0982    7.321760   42.532928       26.291778    -30.543990     11.988938       -4.667178
  265.0982    7.762567   43.831456       26.921703    -30.210969     13.620487       -5.857920
  270.0982    8.494533   44.255451       27.058546    -30.152877     14.102574       -5.608041
  275.0982    8.976614   45.211379       27.663313    -30.369338     14.842041       -5.865427
  280.0982    8.951835   44.551197       27.081007    -31.565240     12.985957       -4.034122
  285.0982    9.544140   44.332480       27.205649    -29.336719     14.995761       -5.451621
  290.0982    9.365656   42.775577       26.403689    -29.811320     12.964257       -3.598602
  295.0982    9.803396   41.805136       26.097410    -27.187886     14.617251       -4.813855
  300.0982    7.039427   35.900205       23.660391    -22.981133     12.919073       -5.879645
  305.0982    5.942880   33.572263       22.274935    -21.265417     12.306846       -6.363966
  310.0982    5.818835   32.343415       21.882739    -19.849109     12.494306       -6.675471
  315.0982    5.640705   29.384528       20.488226    -17.179487     12.205042       -6.564336
  320.0982    5.871497   28.728662       20.644373    -14.428008     14.300654       -8.429157
  325.0982    4.028715   23.279443       18.235594    -11.301782     11.977661       -7.948947
  330.0982    3.490250   20.977151       16.979225     -9.796035     11.181116       -7.690866
  335.0982    3.503341   20.100086       16.769802     -7.776524     12.323562       -8.820222
  340.0982    3.385635   17.712180       15.576114     -5.665830     12.046350       -8.660715
  345.0982    3.655774   17.456071       15.782059     -4.548267     12.907804       -9.252030
  350.0982    2.626795   15.159109       14.803098     -2.246952     12.912156      -10.285361
  355.0982    2.487302   13.671359       13.556417     -1.136778     12.534581      -10.047279
  360.0982    2.794863   14.022224       13.951655     -1.488142     12.534082       -9.739219

Local initializer RMSE: 7.854215
MAE:                   6.303655
MaxAbsError:           18.041953
[Stage 2] Running stage-2 global torsion refinement...


cycle 1: accepted=4 rejected=0  objective 231.471845 -> 115.663498  global RMSE 9.988561 -> 4.887272
  center bond (3, 14): objective 231.471845 -> 230.020694  global RMSE 9.988561 -> 9.905647  (accepted, iterations=2)
     1.1: kPhi 0.069517 -> -0.133998  n=1.000  phase=0.000
     2.1: kPhi 0.150998 -> -0.273589  n=1.000  phase=0.000
     3.1: kPhi 0.019212 -> 0.518815  n=1.000  phase=0.000
     4.1: kPhi 0.031518 -> 0.198278  n=1.000  phase=0.000
     5.1: kPhi -0.073181 -> 0.287434  n=1.000  phase=0.000
     6.1: kPhi 0.070985 -> -0.465506  n=1.000  phase=0.000
  center bond (6, 13): objective 230.020694 -> 229.813480  global RMSE 9.905647 -> 9.893333  (accepted, iterations=2)
     1.1: kPhi -0.165991 -> 0.108785  n=1.000  phase=0.000
     2.1: kPhi -0.005310 -> 0.061680  n=1.000  phase=0.000
     3.1: kPhi -0.213614 -> -0.365557  n=1.000  phase=0.000
     4.1: kPhi 0.053211 -> -0.070008  n=1.000  phase=0.000
     5.1: kPhi -0.011631 -> -0.074995  n=1.000  phase=0.000
     6.1: kPhi 0.131914 -> 0.236174  n=1.000  phase=0.000
  center bond (8, 15): objective 229.813480 -> 144.131425  global RMSE 9.893333 -> 4.757777  (accepted, iterations=100)
     1.1: kPhi -8.937489 -> 1.640988  n=2.000  phase=180.000
     2.1: kPhi 19.531182 -> 7.693434  n=2.000  phase=180.000
     3.1: kPhi -3.917705 -> 1.105430  n=2.000  phase=180.000
     4.1: kPhi -7.949053 -> -1.445790  n=2.000  phase=180.000
  center bond (18, 20): objective 144.131425 -> 115.663498  global RMSE 4.757777 -> 4.887272  (accepted, iterations=1)
     1.1: kPhi -28.642173 -> -27.401120  n=2.000  phase=180.000
     2.1: kPhi 40.881950 -> 41.305721  n=2.000  phase=180.000
     3.1: kPhi -9.167839 -> -6.721315  n=2.000  phase=180.000
     4.1: kPhi -10.801973 -> -8.180522  n=2.000  phase=180.000
  per-scan RMSE:
    (3, 14): 0.239838 -> 1.660474
    (6, 13): 0.430476 -> 0.591593
    (8, 15): 9.346035 -> 8.775626
    (18, 20): 17.649199 -> 3.927203

cycle 2: accepted=4 rejected=0  objective 115.663498 -> 86.512313  global RMSE 4.887272 -> 3.178193
  center bond (3, 14): objective 115.663498 -> 113.397826  global RMSE 4.887272 -> 4.662088  (accepted, iterations=4)
     1.1: kPhi -0.133998 -> 0.049788  n=1.000  phase=0.000
     2.1: kPhi -0.273589 -> 0.253361  n=1.000  phase=0.000
     3.1: kPhi 0.518815 -> -0.261839  n=1.000  phase=0.000
     4.1: kPhi 0.198278 -> -0.036208  n=1.000  phase=0.000
     5.1: kPhi 0.287434 -> -0.286107  n=1.000  phase=0.000
     6.1: kPhi -0.465506 -> 0.312787  n=1.000  phase=0.000
  center bond (6, 13): objective 113.397826 -> 113.100378  global RMSE 4.662088 -> 4.636677  (accepted, iterations=4)
     1.1: kPhi 0.108785 -> -0.066303  n=1.000  phase=0.000
     2.1: kPhi 0.061680 -> -0.021389  n=1.000  phase=0.000
     3.1: kPhi -0.365557 -> 0.036053  n=1.000  phase=0.000
     4.1: kPhi -0.070008 -> 0.051452  n=1.000  phase=0.000
     5.1: kPhi -0.074995 -> 0.023909  n=1.000  phase=0.000
     6.1: kPhi 0.236174 -> -0.048339  n=1.000  phase=0.000
  center bond (8, 15): objective 113.100378 -> 98.892958  global RMSE 4.636677 -> 2.782025  (accepted, iterations=100)
     1.1: kPhi 1.640988 -> 0.642179  n=2.000  phase=180.000
     2.1: kPhi 7.693434 -> 2.622685  n=2.000  phase=180.000
     3.1: kPhi 1.105430 -> 0.469310  n=2.000  phase=180.000
     4.1: kPhi -1.445790 -> 1.226212  n=2.000  phase=180.000
  center bond (18, 20): objective 98.892958 -> 86.512313  global RMSE 2.782025 -> 3.178193  (accepted, iterations=1)
     1.1: kPhi -27.401120 -> -26.856957  n=2.000  phase=180.000
     2.1: kPhi 41.305721 -> 41.030561  n=2.000  phase=180.000
     3.1: kPhi -6.721315 -> -5.275985  n=2.000  phase=180.000
     4.1: kPhi -8.180522 -> -6.573351  n=2.000  phase=180.000
  per-scan RMSE:
    (3, 14): 1.660474 -> 0.790642
    (6, 13): 0.591593 -> 0.585251
    (8, 15): 8.775626 -> 5.859071
    (18, 20): 3.927203 -> 2.259936

cycle 3: accepted=4 rejected=0  objective 86.512313 -> 75.788224  global RMSE 3.178193 -> 2.759585
  center bond (3, 14): objective 86.512313 -> 86.492432  global RMSE 3.178193 -> 3.182599  (accepted, iterations=1)
     1.1: kPhi 0.049788 -> 0.046307  n=1.000  phase=0.000
     2.1: kPhi 0.253361 -> 0.166732  n=1.000  phase=0.000
     3.1: kPhi -0.261839 -> -0.180668  n=1.000  phase=0.000
     4.1: kPhi -0.036208 -> -0.038546  n=1.000  phase=0.000
     5.1: kPhi -0.286107 -> -0.200322  n=1.000  phase=0.000
     6.1: kPhi 0.312787 -> 0.228832  n=1.000  phase=0.000
  center bond (6, 13): objective 86.492432 -> 86.490705  global RMSE 3.182599 -> 3.182673  (accepted, iterations=1)
     1.1: kPhi -0.066303 -> -0.045496  n=1.000  phase=0.000
     2.1: kPhi -0.021389 -> -0.013142  n=1.000  phase=0.000
     3.1: kPhi 0.036053 -> 0.019844  n=1.000  phase=0.000
     4.1: kPhi 0.051452 -> 0.029741  n=1.000  phase=0.000
     5.1: kPhi 0.023909 -> 0.016326  n=1.000  phase=0.000
     6.1: kPhi -0.048339 -> -0.024398  n=1.000  phase=0.000
  center bond (8, 15): objective 86.490705 -> 83.029103  global RMSE 3.182673 -> 2.534283  (accepted, iterations=4)
     1.1: kPhi 0.642179 -> -0.000030  n=2.000  phase=180.000
     2.1: kPhi 2.622685 -> 2.020899  n=2.000  phase=180.000
     3.1: kPhi 0.469310 -> -0.075674  n=2.000  phase=180.000
     4.1: kPhi 1.226212 -> 0.856518  n=2.000  phase=180.000
  center bond (18, 20): objective 83.029103 -> 75.788224  global RMSE 2.534283 -> 2.759585  (accepted, iterations=1)
     1.1: kPhi -26.856957 -> -26.667167  n=2.000  phase=180.000
     2.1: kPhi 41.030561 -> 40.402153  n=2.000  phase=180.000
     3.1: kPhi -5.275985 -> -4.374614  n=2.000  phase=180.000
     4.1: kPhi -6.573351 -> -5.531598  n=2.000  phase=180.000
  per-scan RMSE:
    (3, 14): 0.790642 -> 0.499818
    (6, 13): 0.585251 -> 0.530934
    (8, 15): 5.859071 -> 4.798613
    (18, 20): 2.259936 -> 2.627328

cycle 4: accepted=4 rejected=0  objective 75.788224 -> 69.685356  global RMSE 2.759585 -> 2.665222
  center bond (3, 14): objective 75.788224 -> 75.778257  global RMSE 2.759585 -> 2.761495  (accepted, iterations=1)
     1.1: kPhi 0.046307 -> 0.023647  n=1.000  phase=0.000
     2.1: kPhi 0.166732 -> 0.127792  n=1.000  phase=0.000
     3.1: kPhi -0.180668 -> -0.126662  n=1.000  phase=0.000
     4.1: kPhi -0.038546 -> -0.019029  n=1.000  phase=0.000
     5.1: kPhi -0.200322 -> -0.160642  n=1.000  phase=0.000
     6.1: kPhi 0.228832 -> 0.170590  n=1.000  phase=0.000
  center bond (6, 13): objective 75.778257 -> 75.777884  global RMSE 2.761495 -> 2.761623  (accepted, iterations=1)
     1.1: kPhi -0.045496 -> -0.016371  n=1.000  phase=0.000
     2.1: kPhi -0.013142 -> 0.008024  n=1.000  phase=0.000
     3.1: kPhi 0.019844 -> -0.013008  n=1.000  phase=0.000
     4.1: kPhi 0.029741 -> 0.003566  n=1.000  phase=0.000
     5.1: kPhi 0.016326 -> -0.004255  n=1.000  phase=0.000
     6.1: kPhi -0.024398 -> 0.015376  n=1.000  phase=0.000
  center bond (8, 15): objective 75.777884 -> 75.040856  global RMSE 2.761623 -> 2.600475  (accepted, iterations=4)
     1.1: kPhi -0.000030 -> -0.361434  n=2.000  phase=180.000
     2.1: kPhi 2.020899 -> 1.738373  n=2.000  phase=180.000
     3.1: kPhi -0.075674 -> -0.324724  n=2.000  phase=180.000
     4.1: kPhi 0.856518 -> 0.783451  n=2.000  phase=180.000
  center bond (18, 20): objective 75.040856 -> 69.685356  global RMSE 2.600475 -> 2.665222  (accepted, iterations=1)
     1.1: kPhi -26.667167 -> -26.608381  n=2.000  phase=180.000
     2.1: kPhi 40.402153 -> 39.648067  n=2.000  phase=180.000
     3.1: kPhi -4.374614 -> -3.738936  n=2.000  phase=180.000
     4.1: kPhi -5.531598 -> -4.776396  n=2.000  phase=180.000
  per-scan RMSE:
    (3, 14): 0.499818 -> 0.363472
    (6, 13): 0.530934 -> 0.460328
    (8, 15): 4.798613 -> 4.342311
    (18, 20): 2.627328 -> 3.035449

cycle 5: accepted=4 rejected=0  objective 69.685356 -> 6.437880  global RMSE 2.665222 -> 1.185122
  center bond (3, 14): objective 69.685356 -> 69.684943  global RMSE 2.665222 -> 2.668206  (accepted, iterations=1)
     1.1: kPhi 0.023647 -> -0.009360  n=1.000  phase=0.000
     2.1: kPhi 0.127792 -> 0.084316  n=1.000  phase=0.000
     3.1: kPhi -0.126662 -> -0.062006  n=1.000  phase=0.000
     4.1: kPhi -0.019029 -> 0.010574  n=1.000  phase=0.000
     5.1: kPhi -0.160642 -> -0.114582  n=1.000  phase=0.000
     6.1: kPhi 0.170590 -> 0.097425  n=1.000  phase=0.000
  center bond (6, 13): objective 69.684943 -> 69.684721  global RMSE 2.668206 -> 2.668130  (accepted, iterations=1)
     1.1: kPhi -0.016371 -> -0.026248  n=1.000  phase=0.000
     2.1: kPhi 0.008024 -> 0.014889  n=1.000  phase=0.000
     3.1: kPhi -0.013008 -> -0.006507  n=1.000  phase=0.000
     4.1: kPhi 0.003566 -> 0.014805  n=1.000  phase=0.000
     5.1: kPhi -0.004255 -> -0.010921  n=1.000  phase=0.000
     6.1: kPhi 0.015376 -> 0.009394  n=1.000  phase=0.000
  center bond (8, 15): objective 69.684721 -> 69.546401  global RMSE 2.668130 -> 2.632735  (accepted, iterations=2)
     1.1: kPhi -0.361434 -> -0.509328  n=2.000  phase=180.000
     2.1: kPhi 1.738373 -> 1.633849  n=2.000  phase=180.000
     3.1: kPhi -0.324724 -> -0.415298  n=2.000  phase=180.000
     4.1: kPhi 0.783451 -> 0.776878  n=2.000  phase=180.000
  center bond (18, 20): objective 69.546401 -> 6.437880  global RMSE 2.632735 -> 1.185122  (accepted, iterations=100)
     1.1: kPhi -26.608381 -> -7.550208  n=2.000  phase=180.000
     2.1: kPhi 39.648067 -> 11.504162  n=2.000  phase=180.000
     3.1: kPhi -3.738936 -> 0.689843  n=2.000  phase=180.000
     4.1: kPhi -4.776396 -> 0.529080  n=2.000  phase=180.000
  per-scan RMSE:
    (3, 14): 0.363472 -> 0.252503
    (6, 13): 0.460328 -> 0.471866
    (8, 15): 4.342311 -> 1.300234
    (18, 20): 3.035449 -> 1.908148

cycle 6: accepted=4 rejected=0  objective 6.437880 -> 2.054777  global RMSE 1.185122 -> 0.779509
  center bond (3, 14): objective 6.437880 -> 6.424720  global RMSE 1.185122 -> 1.183033  (accepted, iterations=3)
     1.1: kPhi -0.009360 -> -0.022112  n=1.000  phase=0.000
     2.1: kPhi 0.084316 -> 0.038957  n=1.000  phase=0.000
     3.1: kPhi -0.062006 -> -0.013202  n=1.000  phase=0.000
     4.1: kPhi 0.010574 -> 0.023362  n=1.000  phase=0.000
     5.1: kPhi -0.114582 -> -0.053411  n=1.000  phase=0.000
     6.1: kPhi 0.097425 -> 0.028577  n=1.000  phase=0.000
  center bond (6, 13): objective 6.424720 -> 6.413250  global RMSE 1.183033 -> 1.176966  (accepted, iterations=4)
     1.1: kPhi -0.026248 -> 0.020854  n=1.000  phase=0.000
     2.1: kPhi 0.014889 -> 0.033235  n=1.000  phase=0.000
     3.1: kPhi -0.006507 -> -0.063344  n=1.000  phase=0.000
     4.1: kPhi 0.014805 -> -0.023027  n=1.000  phase=0.000
     5.1: kPhi -0.010921 -> -0.030736  n=1.000  phase=0.000
     6.1: kPhi 0.009394 -> 0.062021  n=1.000  phase=0.000
  center bond (8, 15): objective 6.413250 -> 6.200845  global RMSE 1.176966 -> 1.119258  (accepted, iterations=3)
     1.1: kPhi -0.509328 -> -0.364953  n=2.000  phase=180.000
     2.1: kPhi 1.633849 -> 1.743989  n=2.000  phase=180.000
     3.1: kPhi -0.415298 -> -0.246278  n=2.000  phase=180.000
     4.1: kPhi 0.776878 -> 0.937040  n=2.000  phase=180.000
  center bond (18, 20): objective 6.200845 -> 2.054777  global RMSE 1.119258 -> 0.779509  (accepted, iterations=100)
     1.1: kPhi -7.550208 -> -0.924398  n=2.000  phase=180.000
     2.1: kPhi 11.504162 -> 4.376304  n=2.000  phase=180.000
     3.1: kPhi 0.689843 -> 0.673160  n=2.000  phase=180.000
     4.1: kPhi 0.529080 -> 0.614859  n=2.000  phase=180.000
  per-scan RMSE:
    (3, 14): 0.252503 -> 0.278863
    (6, 13): 0.471866 -> 0.398639
    (8, 15): 1.300234 -> 0.810789
    (18, 20): 1.908148 -> 1.239549

cycle 7: accepted=4 rejected=0  objective 2.054777 -> 1.900055  global RMSE 0.779509 -> 0.704115
  center bond (3, 14): objective 2.054777 -> 2.054514  global RMSE 0.779509 -> 0.779055  (accepted, iterations=2)
     1.1: kPhi -0.022112 -> -0.025365  n=1.000  phase=0.000
     2.1: kPhi 0.038957 -> 0.046536  n=1.000  phase=0.000
     3.1: kPhi -0.013202 -> -0.019976  n=1.000  phase=0.000
     4.1: kPhi 0.023362 -> 0.026809  n=1.000  phase=0.000
     5.1: kPhi -0.053411 -> -0.055831  n=1.000  phase=0.000
     6.1: kPhi 0.028577 -> 0.028872  n=1.000  phase=0.000
  center bond (6, 13): objective 2.054514 -> 2.054414  global RMSE 0.779055 -> 0.778711  (accepted, iterations=2)
     1.1: kPhi 0.020854 -> 0.025509  n=1.000  phase=0.000
     2.1: kPhi 0.033235 -> 0.034297  n=1.000  phase=0.000
     3.1: kPhi -0.063344 -> -0.067127  n=1.000  phase=0.000
     4.1: kPhi -0.023027 -> -0.026396  n=1.000  phase=0.000
     5.1: kPhi -0.030736 -> -0.032051  n=1.000  phase=0.000
     6.1: kPhi 0.062021 -> 0.065345  n=1.000  phase=0.000
  center bond (8, 15): objective 2.054414 -> 1.971607  global RMSE 0.778711 -> 0.756915  (accepted, iterations=3)
     1.1: kPhi -0.364953 -> -0.259600  n=2.000  phase=180.000
     2.1: kPhi 1.743989 -> 1.794419  n=2.000  phase=180.000
     3.1: kPhi -0.246278 -> -0.129932  n=2.000  phase=180.000
     4.1: kPhi 0.937040 -> 1.023655  n=2.000  phase=180.000
  center bond (18, 20): objective 1.971607 -> 1.900055  global RMSE 0.756915 -> 0.704115  (accepted, iterations=2)
     1.1: kPhi -0.924398 -> -0.939206  n=2.000  phase=180.000
     2.1: kPhi 4.376304 -> 4.223762  n=2.000  phase=180.000
     3.1: kPhi 0.673160 -> 0.613117  n=2.000  phase=180.000
     4.1: kPhi 0.614859 -> 0.556361  n=2.000  phase=180.000
  per-scan RMSE:
    (3, 14): 0.278863 -> 0.269623
    (6, 13): 0.398639 -> 0.395945
    (8, 15): 0.810789 -> 0.736923
    (18, 20): 1.239549 -> 1.100267

cycle 8: accepted=4 rejected=0  objective 1.900055 -> 1.827967  global RMSE 0.704115 -> 0.672547
  center bond (3, 14): objective 1.900055 -> 1.899735  global RMSE 0.704115 -> 0.703476  (accepted, iterations=2)
     1.1: kPhi -0.025365 -> -0.024735  n=1.000  phase=0.000
     2.1: kPhi 0.046536 -> 0.053449  n=1.000  phase=0.000
     3.1: kPhi -0.019976 -> -0.028445  n=1.000  phase=0.000
     4.1: kPhi 0.026809 -> 0.026197  n=1.000  phase=0.000
     5.1: kPhi -0.055831 -> -0.060461  n=1.000  phase=0.000
     6.1: kPhi 0.028872 -> 0.034491  n=1.000  phase=0.000
  center bond (6, 13): objective 1.899735 -> 1.899732  global RMSE 0.703476 -> 0.703604  (accepted, iterations=1)
     1.1: kPhi 0.025509 -> 0.025581  n=1.000  phase=0.000
     2.1: kPhi 0.034297 -> 0.033561  n=1.000  phase=0.000
     3.1: kPhi -0.067127 -> -0.065212  n=1.000  phase=0.000
     4.1: kPhi -0.026396 -> -0.026033  n=1.000  phase=0.000
     5.1: kPhi -0.032051 -> -0.031406  n=1.000  phase=0.000
     6.1: kPhi 0.065345 -> 0.063419  n=1.000  phase=0.000
  center bond (8, 15): objective 1.899732 -> 1.877966  global RMSE 0.703604 -> 0.712113  (accepted, iterations=1)
     1.1: kPhi -0.259600 -> -0.185698  n=2.000  phase=180.000
     2.1: kPhi 1.794419 -> 1.845672  n=2.000  phase=180.000
     3.1: kPhi -0.129932 -> -0.056023  n=2.000  phase=180.000
     4.1: kPhi 1.023655 -> 1.083170  n=2.000  phase=180.000
  center bond (18, 20): objective 1.877966 -> 1.827967  global RMSE 0.712113 -> 0.672547  (accepted, iterations=2)
     1.1: kPhi -0.939206 -> -0.944790  n=2.000  phase=180.000
     2.1: kPhi 4.223762 -> 4.084431  n=2.000  phase=180.000
     3.1: kPhi 0.613117 -> 0.575515  n=2.000  phase=180.000
     4.1: kPhi 0.556361 -> 0.519820  n=2.000  phase=180.000
  per-scan RMSE:
    (3, 14): 0.269623 -> 0.260128
    (6, 13): 0.395945 -> 0.396925
    (8, 15): 0.736923 -> 0.724325
    (18, 20): 1.100267 -> 1.029279

cycle 9: accepted=4 rejected=0  objective 1.827967 -> 1.796391  global RMSE 0.672547 -> 0.663505
  center bond (3, 14): objective 1.827967 -> 1.827802  global RMSE 0.672547 -> 0.672062  (accepted, iterations=2)
     1.1: kPhi -0.024735 -> -0.024248  n=1.000  phase=0.000
     2.1: kPhi 0.053449 -> 0.058225  n=1.000  phase=0.000
     3.1: kPhi -0.028445 -> -0.033987  n=1.000  phase=0.000
     4.1: kPhi 0.026197 -> 0.025655  n=1.000  phase=0.000
     5.1: kPhi -0.060461 -> -0.064265  n=1.000  phase=0.000
     6.1: kPhi 0.034491 -> 0.038852  n=1.000  phase=0.000
  center bond (6, 13): objective 1.827802 -> 1.827801  global RMSE 0.672062 -> 0.672090  (accepted, iterations=1)
     1.1: kPhi 0.025581 -> 0.025441  n=1.000  phase=0.000
     2.1: kPhi 0.033561 -> 0.033574  n=1.000  phase=0.000
     3.1: kPhi -0.065212 -> -0.064780  n=1.000  phase=0.000
     4.1: kPhi -0.026033 -> -0.025826  n=1.000  phase=0.000
     5.1: kPhi -0.031406 -> -0.031440  n=1.000  phase=0.000
     6.1: kPhi 0.063419 -> 0.063007  n=1.000  phase=0.000
  center bond (8, 15): objective 1.827801 -> 1.821799  global RMSE 0.672090 -> 0.679680  (accepted, iterations=1)
     1.1: kPhi -0.185698 -> -0.145834  n=2.000  phase=180.000
     2.1: kPhi 1.845672 -> 1.861395  n=2.000  phase=180.000
     3.1: kPhi -0.056023 -> -0.016467  n=2.000  phase=180.000
     4.1: kPhi 1.083170 -> 1.108721  n=2.000  phase=180.000
  center bond (18, 20): objective 1.821799 -> 1.796391  global RMSE 0.679680 -> 0.663505  (accepted, iterations=2)
     1.1: kPhi -0.944790 -> -0.924102  n=2.000  phase=180.000
     2.1: kPhi 4.084431 -> 3.975106  n=2.000  phase=180.000
     3.1: kPhi 0.575515 -> 0.566501  n=2.000  phase=180.000
     4.1: kPhi 0.519820 -> 0.511441  n=2.000  phase=180.000
  per-scan RMSE:
    (3, 14): 0.260128 -> 0.254336
    (6, 13): 0.396925 -> 0.397132
    (8, 15): 0.724325 -> 0.727333
    (18, 20): 1.029279 -> 1.004761

cycle 10: accepted=4 rejected=0  objective 1.796391 -> 1.499846  global RMSE 0.663505 -> 0.618790
  center bond (3, 14): objective 1.796391 -> 1.796349  global RMSE 0.663505 -> 0.663275  (accepted, iterations=2)
     1.1: kPhi -0.024248 -> -0.024172  n=1.000  phase=0.000
     2.1: kPhi 0.058225 -> 0.060653  n=1.000  phase=0.000
     3.1: kPhi -0.033987 -> -0.036557  n=1.000  phase=0.000
     4.1: kPhi 0.025655 -> 0.025517  n=1.000  phase=0.000
     5.1: kPhi -0.064265 -> -0.066255  n=1.000  phase=0.000
     6.1: kPhi 0.038852 -> 0.040915  n=1.000  phase=0.000
  center bond (6, 13): objective 1.796349 -> 1.796349  global RMSE 0.663275 -> 0.663314  (accepted, iterations=1)
     1.1: kPhi 0.025441 -> 0.025502  n=1.000  phase=0.000
     2.1: kPhi 0.033574 -> 0.033374  n=1.000  phase=0.000
     3.1: kPhi -0.064780 -> -0.064165  n=1.000  phase=0.000
     4.1: kPhi -0.025826 -> -0.025788  n=1.000  phase=0.000
     5.1: kPhi -0.031440 -> -0.031271  n=1.000  phase=0.000
     6.1: kPhi 0.063007 -> 0.062419  n=1.000  phase=0.000
  center bond (8, 15): objective 1.796349 -> 1.793503  global RMSE 0.663314 -> 0.667943  (accepted, iterations=1)
     1.1: kPhi -0.145834 -> -0.120263  n=2.000  phase=180.000
     2.1: kPhi 1.861395 -> 1.862218  n=2.000  phase=180.000
     3.1: kPhi -0.016467 -> 0.008603  n=2.000  phase=180.000
     4.1: kPhi 1.108721 -> 1.119954  n=2.000  phase=180.000
  center bond (18, 20): objective 1.793503 -> 1.499846  global RMSE 0.667943 -> 0.618790  (accepted, iterations=100)
     1.1: kPhi -0.924102 -> 0.817040  n=2.000  phase=180.000
     2.1: kPhi 3.975106 -> 2.029640  n=2.000  phase=180.000
     3.1: kPhi 0.566501 -> 0.638942  n=2.000  phase=180.000
     4.1: kPhi 0.511441 -> 0.609070  n=2.000  phase=180.000
  per-scan RMSE:
    (3, 14): 0.254336 -> 0.251832
    (6, 13): 0.397132 -> 0.397318
    (8, 15): 0.727333 -> 0.638161
    (18, 20): 1.004761 -> 0.950302

cycle 11: accepted=4 rejected=0  objective 1.499846 -> 1.495048  global RMSE 0.618790 -> 0.618922
  center bond (3, 14): objective 1.499846 -> 1.499842  global RMSE 0.618790 -> 0.618899  (accepted, iterations=1)
     1.1: kPhi -0.024172 -> -0.024241  n=1.000  phase=0.000
     2.1: kPhi 0.060653 -> 0.059701  n=1.000  phase=0.000
     3.1: kPhi -0.036557 -> -0.035598  n=1.000  phase=0.000
     4.1: kPhi 0.025517 -> 0.025551  n=1.000  phase=0.000
     5.1: kPhi -0.066255 -> -0.064914  n=1.000  phase=0.000
     6.1: kPhi 0.040915 -> 0.039564  n=1.000  phase=0.000
  center bond (6, 13): objective 1.499842 -> 1.499830  global RMSE 0.618899 -> 0.618743  (accepted, iterations=2)
     1.1: kPhi 0.025502 -> 0.026664  n=1.000  phase=0.000
     2.1: kPhi 0.033374 -> 0.034042  n=1.000  phase=0.000
     3.1: kPhi -0.064165 -> -0.065702  n=1.000  phase=0.000
     4.1: kPhi -0.025788 -> -0.026869  n=1.000  phase=0.000
     5.1: kPhi -0.031271 -> -0.032000  n=1.000  phase=0.000
     6.1: kPhi 0.062419 -> 0.063967  n=1.000  phase=0.000
  center bond (8, 15): objective 1.499830 -> 1.497360  global RMSE 0.618743 -> 0.622527  (accepted, iterations=1)
     1.1: kPhi -0.120263 -> -0.097614  n=2.000  phase=180.000
     2.1: kPhi 1.862218 -> 1.859277  n=2.000  phase=180.000
     3.1: kPhi 0.008603 -> 0.030150  n=2.000  phase=180.000
     4.1: kPhi 1.119954 -> 1.126406  n=2.000  phase=180.000
  center bond (18, 20): objective 1.497360 -> 1.495048  global RMSE 0.622527 -> 0.618922  (accepted, iterations=2)
     1.1: kPhi 0.817040 -> 0.823839  n=2.000  phase=180.000
     2.1: kPhi 2.029640 -> 1.999501  n=2.000  phase=180.000
     3.1: kPhi 0.638942 -> 0.630669  n=2.000  phase=180.000
     4.1: kPhi 0.609070 -> 0.601123  n=2.000  phase=180.000
  per-scan RMSE:
    (3, 14): 0.251832 -> 0.253129
    (6, 13): 0.397318 -> 0.396306
    (8, 15): 0.638161 -> 0.648944
    (18, 20): 0.950302 -> 0.943396

cycle 12: accepted=4 rejected=0  objective 1.495048 -> 1.491680  global RMSE 0.618922 -> 0.618544
  center bond (3, 14): objective 1.495048 -> 1.495042  global RMSE 0.618922 -> 0.618832  (accepted, iterations=2)
     1.1: kPhi -0.024241 -> -0.024443  n=1.000  phase=0.000
     2.1: kPhi 0.059701 -> 0.060805  n=1.000  phase=0.000
     3.1: kPhi -0.035598 -> -0.036539  n=1.000  phase=0.000
     4.1: kPhi 0.025551 -> 0.025723  n=1.000  phase=0.000
     5.1: kPhi -0.064914 -> -0.065597  n=1.000  phase=0.000
     6.1: kPhi 0.039564 -> 0.040069  n=1.000  phase=0.000
  center bond (6, 13): objective 1.495042 -> 1.495042  global RMSE 0.618832 -> 0.618827  (accepted, iterations=1)
     1.1: kPhi 0.026664 -> 0.026866  n=1.000  phase=0.000
     2.1: kPhi 0.034042 -> 0.033949  n=1.000  phase=0.000
     3.1: kPhi -0.065702 -> -0.065721  n=1.000  phase=0.000
     4.1: kPhi -0.026869 -> -0.027079  n=1.000  phase=0.000
     5.1: kPhi -0.032000 -> -0.031918  n=1.000  phase=0.000
     6.1: kPhi 0.063967 -> 0.064014  n=1.000  phase=0.000
  center bond (8, 15): objective 1.495042 -> 1.493155  global RMSE 0.618827 -> 0.620340  (accepted, iterations=1)
     1.1: kPhi -0.097614 -> -0.082049  n=2.000  phase=180.000
     2.1: kPhi 1.859277 -> 1.849447  n=2.000  phase=180.000
     3.1: kPhi 0.030150 -> 0.044743  n=2.000  phase=180.000
     4.1: kPhi 1.126406 -> 1.126367  n=2.000  phase=180.000
  center bond (18, 20): objective 1.493155 -> 1.491680  global RMSE 0.620340 -> 0.618544  (accepted, iterations=2)
     1.1: kPhi 0.823839 -> 0.834989  n=2.000  phase=180.000
     2.1: kPhi 1.999501 -> 1.974699  n=2.000  phase=180.000
     3.1: kPhi 0.630669 -> 0.627927  n=2.000  phase=180.000
     4.1: kPhi 0.601123 -> 0.598613  n=2.000  phase=180.000
  per-scan RMSE:
    (3, 14): 0.253129 -> 0.252170
    (6, 13): 0.396306 -> 0.396269
    (8, 15): 0.648944 -> 0.652341
    (18, 20): 0.943396 -> 0.940330

cycle 13: accepted=4 rejected=0  objective 1.491680 -> 1.488670  global RMSE 0.618544 -> 0.617998
  center bond (3, 14): objective 1.491680 -> 1.491679  global RMSE 0.618544 -> 0.618463  (accepted, iterations=1)
     1.1: kPhi -0.024443 -> -0.024704  n=1.000  phase=0.000
     2.1: kPhi 0.060805 -> 0.061705  n=1.000  phase=0.000
     3.1: kPhi -0.036539 -> -0.037183  n=1.000  phase=0.000
     4.1: kPhi 0.025723 -> 0.025978  n=1.000  phase=0.000
     5.1: kPhi -0.065597 -> -0.066383  n=1.000  phase=0.000
     6.1: kPhi 0.040069 -> 0.040591  n=1.000  phase=0.000
  center bond (6, 13): objective 1.491679 -> 1.491679  global RMSE 0.618463 -> 0.618473  (accepted, iterations=1)
     1.1: kPhi 0.026866 -> 0.026756  n=1.000  phase=0.000
     2.1: kPhi 0.033949 -> 0.033990  n=1.000  phase=0.000
     3.1: kPhi -0.065721 -> -0.065581  n=1.000  phase=0.000
     4.1: kPhi -0.027079 -> -0.026982  n=1.000  phase=0.000
     5.1: kPhi -0.031918 -> -0.031965  n=1.000  phase=0.000
     6.1: kPhi 0.064014 -> 0.063899  n=1.000  phase=0.000
  center bond (8, 15): objective 1.491679 -> 1.489920  global RMSE 0.618473 -> 0.619130  (accepted, iterations=1)
     1.1: kPhi -0.082049 -> -0.069059  n=2.000  phase=180.000
     2.1: kPhi 1.849447 -> 1.837357  n=2.000  phase=180.000
     3.1: kPhi 0.044743 -> 0.056872  n=2.000  phase=180.000
     4.1: kPhi 1.126367 -> 1.124216  n=2.000  phase=180.000
  center bond (18, 20): objective 1.489920 -> 1.488670  global RMSE 0.619130 -> 0.617998  (accepted, iterations=2)
     1.1: kPhi 0.834989 -> 0.847850  n=2.000  phase=180.000
     2.1: kPhi 1.974699 -> 1.952519  n=2.000  phase=180.000
     3.1: kPhi 0.627927 -> 0.627354  n=2.000  phase=180.000
     4.1: kPhi 0.598613 -> 0.598236  n=2.000  phase=180.000
  per-scan RMSE:
    (3, 14): 0.252170 -> 0.251326
    (6, 13): 0.396269 -> 0.396334
    (8, 15): 0.652341 -> 0.653807
    (18, 20): 0.940330 -> 0.938071

cycle 14: accepted=3 rejected=1  objective 1.488670 -> 1.485842  global RMSE 0.617998 -> 0.617383
  center bond (3, 14): objective 1.488670 -> 1.488670  global RMSE 0.617998 -> 0.618014  (accepted, iterations=1)
     1.1: kPhi -0.024704 -> -0.024490  n=1.000  phase=0.000
     2.1: kPhi 0.061705 -> 0.061562  n=1.000  phase=0.000
     3.1: kPhi -0.037183 -> -0.037248  n=1.000  phase=0.000
     4.1: kPhi 0.025978 -> 0.025750  n=1.000  phase=0.000
     5.1: kPhi -0.066383 -> -0.066158  n=1.000  phase=0.000
     6.1: kPhi 0.040591 -> 0.040578  n=1.000  phase=0.000
  center bond (6, 13): objective 1.488670 -> 1.488670  global RMSE 0.618014 -> 0.618014  (rejected, iterations=1)
     1.1: kPhi 0.026756 -> 0.026756  n=1.000  phase=0.000
     2.1: kPhi 0.033990 -> 0.033990  n=1.000  phase=0.000
     3.1: kPhi -0.065581 -> -0.065581  n=1.000  phase=0.000
     4.1: kPhi -0.026982 -> -0.026982  n=1.000  phase=0.000
     5.1: kPhi -0.031965 -> -0.031965  n=1.000  phase=0.000
     6.1: kPhi 0.063899 -> 0.063899  n=1.000  phase=0.000
  center bond (8, 15): objective 1.488670 -> 1.486987  global RMSE 0.618014 -> 0.618189  (accepted, iterations=1)
     1.1: kPhi -0.069059 -> -0.057624  n=2.000  phase=180.000
     2.1: kPhi 1.837357 -> 1.824102  n=2.000  phase=180.000
     3.1: kPhi 0.056872 -> 0.067581  n=2.000  phase=180.000
     4.1: kPhi 1.124216 -> 1.121004  n=2.000  phase=180.000
  center bond (18, 20): objective 1.486987 -> 1.485842  global RMSE 0.618189 -> 0.617383  (accepted, iterations=2)
     1.1: kPhi 0.847850 -> 0.861510  n=2.000  phase=180.000
     2.1: kPhi 1.952519 -> 1.932003  n=2.000  phase=180.000
     3.1: kPhi 0.627354 -> 0.627732  n=2.000  phase=180.000
     4.1: kPhi 0.598236 -> 0.598788  n=2.000  phase=180.000
  per-scan RMSE:
    (3, 14): 0.251326 -> 0.251502
    (6, 13): 0.396334 -> 0.396338
    (8, 15): 0.653807 -> 0.654160
    (18, 20): 0.938071 -> 0.936153

cycle 15: accepted=4 rejected=0  objective 1.485842 -> 1.475714  global RMSE 0.617383 -> 0.614344
  center bond (3, 14): objective 1.485842 -> 1.485842  global RMSE 0.617383 -> 0.617363  (accepted, iterations=1)
     1.1: kPhi -0.024490 -> -0.024507  n=1.000  phase=0.000
     2.1: kPhi 0.061562 -> 0.061789  n=1.000  phase=0.000
     3.1: kPhi -0.037248 -> -0.037451  n=1.000  phase=0.000
     4.1: kPhi 0.025750 -> 0.025760  n=1.000  phase=0.000
     5.1: kPhi -0.066158 -> -0.066326  n=1.000  phase=0.000
     6.1: kPhi 0.040578 -> 0.040724  n=1.000  phase=0.000
  center bond (6, 13): objective 1.485842 -> 1.485842  global RMSE 0.617363 -> 0.617370  (accepted, iterations=1)
     1.1: kPhi 0.026756 -> 0.026795  n=1.000  phase=0.000
     2.1: kPhi 0.033990 -> 0.033918  n=1.000  phase=0.000
     3.1: kPhi -0.065581 -> -0.065447  n=1.000  phase=0.000
     4.1: kPhi -0.026982 -> -0.027074  n=1.000  phase=0.000
     5.1: kPhi -0.031965 -> -0.031902  n=1.000  phase=0.000
     6.1: kPhi 0.063899 -> 0.063836  n=1.000  phase=0.000
  center bond (8, 15): objective 1.485842 -> 1.484219  global RMSE 0.617370 -> 0.617357  (accepted, iterations=1)
     1.1: kPhi -0.057624 -> -0.046965  n=2.000  phase=180.000
     2.1: kPhi 1.824102 -> 1.810483  n=2.000  phase=180.000
     3.1: kPhi 0.067581 -> 0.077647  n=2.000  phase=180.000
     4.1: kPhi 1.121004 -> 1.117488  n=2.000  phase=180.000
  center bond (18, 20): objective 1.484219 -> 1.475714  global RMSE 0.617357 -> 0.614344  (accepted, iterations=20)
     1.1: kPhi 0.861510 -> 1.002006  n=2.000  phase=180.000
     2.1: kPhi 1.932003 -> 1.773323  n=2.000  phase=180.000
     3.1: kPhi 0.627732 -> 0.634701  n=2.000  phase=180.000
     4.1: kPhi 0.598788 -> 0.607652  n=2.000  phase=180.000
  per-scan RMSE:
    (3, 14): 0.251502 -> 0.251311
    (6, 13): 0.396338 -> 0.396373
    (8, 15): 0.654160 -> 0.647640
    (18, 20): 0.936153 -> 0.932719

cycle 16: accepted=4 rejected=0  objective 1.475714 -> 1.473488  global RMSE 0.614344 -> 0.613898
  center bond (3, 14): objective 1.475714 -> 1.475714  global RMSE 0.614344 -> 0.614371  (accepted, iterations=1)
     1.1: kPhi -0.024507 -> -0.024398  n=1.000  phase=0.000
     2.1: kPhi 0.061789 -> 0.061538  n=1.000  phase=0.000
     3.1: kPhi -0.037451 -> -0.037307  n=1.000  phase=0.000
     4.1: kPhi 0.025760 -> 0.025642  n=1.000  phase=0.000
     5.1: kPhi -0.066326 -> -0.066009  n=1.000  phase=0.000
     6.1: kPhi 0.040724 -> 0.040518  n=1.000  phase=0.000
  center bond (6, 13): objective 1.475714 -> 1.475714  global RMSE 0.614371 -> 0.614360  (accepted, iterations=1)
     1.1: kPhi 0.026795 -> 0.026896  n=1.000  phase=0.000
     2.1: kPhi 0.033918 -> 0.033947  n=1.000  phase=0.000
     3.1: kPhi -0.065447 -> -0.065551  n=1.000  phase=0.000
     4.1: kPhi -0.027074 -> -0.027191  n=1.000  phase=0.000
     5.1: kPhi -0.031902 -> -0.031936  n=1.000  phase=0.000
     6.1: kPhi 0.063836 -> 0.063963  n=1.000  phase=0.000
  center bond (8, 15): objective 1.475714 -> 1.474136  global RMSE 0.614360 -> 0.614352  (accepted, iterations=1)
     1.1: kPhi -0.046965 -> -0.036509  n=2.000  phase=180.000
     2.1: kPhi 1.810483 -> 1.797022  n=2.000  phase=180.000
     3.1: kPhi 0.077647 -> 0.087600  n=2.000  phase=180.000
     4.1: kPhi 1.117488 -> 1.114077  n=2.000  phase=180.000
  center bond (18, 20): objective 1.474136 -> 1.473488  global RMSE 0.614352 -> 0.613898  (accepted, iterations=2)
     1.1: kPhi 1.002006 -> 1.013629  n=2.000  phase=180.000
     2.1: kPhi 1.773323 -> 1.758875  n=2.000  phase=180.000
     3.1: kPhi 0.634701 -> 0.634132  n=2.000  phase=180.000
     4.1: kPhi 0.607652 -> 0.607268  n=2.000  phase=180.000
  per-scan RMSE:
    (3, 14): 0.251311 -> 0.251607
    (6, 13): 0.396373 -> 0.396301
    (8, 15): 0.647640 -> 0.648225
    (18, 20): 0.932719 -> 0.931088

cycle 17: accepted=3 rejected=1  objective 1.473488 -> 1.436245  global RMSE 0.613898 -> 0.604043
  center bond (3, 14): objective 1.473488 -> 1.473488  global RMSE 0.613898 -> 0.613875  (accepted, iterations=1)
     1.1: kPhi -0.024398 -> -0.024486  n=1.000  phase=0.000
     2.1: kPhi 0.061538 -> 0.061801  n=1.000  phase=0.000
     3.1: kPhi -0.037307 -> -0.037480  n=1.000  phase=0.000
     4.1: kPhi 0.025642 -> 0.025727  n=1.000  phase=0.000
     5.1: kPhi -0.066009 -> -0.066228  n=1.000  phase=0.000
     6.1: kPhi 0.040518 -> 0.040646  n=1.000  phase=0.000
  center bond (6, 13): objective 1.473488 -> 1.473488  global RMSE 0.613875 -> 0.613875  (rejected, iterations=1)
     1.1: kPhi 0.026896 -> 0.026896  n=1.000  phase=0.000
     2.1: kPhi 0.033947 -> 0.033947  n=1.000  phase=0.000
     3.1: kPhi -0.065551 -> -0.065551  n=1.000  phase=0.000
     4.1: kPhi -0.027191 -> -0.027191  n=1.000  phase=0.000
     5.1: kPhi -0.031936 -> -0.031936  n=1.000  phase=0.000
     6.1: kPhi 0.063963 -> 0.063963  n=1.000  phase=0.000
  center bond (8, 15): objective 1.473488 -> 1.437054  global RMSE 0.613875 -> 0.605555  (accepted, iterations=45)
     1.1: kPhi -0.036509 -> 0.194737  n=2.000  phase=180.000
     2.1: kPhi 1.797022 -> 1.300958  n=2.000  phase=180.000
     3.1: kPhi 0.087600 -> 0.389664  n=2.000  phase=180.000
     4.1: kPhi 1.114077 -> 1.070755  n=2.000  phase=180.000
  center bond (18, 20): objective 1.437054 -> 1.436245  global RMSE 0.605555 -> 0.604043  (accepted, iterations=2)
     1.1: kPhi 1.013629 -> 1.020473  n=2.000  phase=180.000
     2.1: kPhi 1.758875 -> 1.740209  n=2.000  phase=180.000
     3.1: kPhi 0.634132 -> 0.631825  n=2.000  phase=180.000
     4.1: kPhi 0.607268 -> 0.604936  n=2.000  phase=180.000
  per-scan RMSE:
    (3, 14): 0.251607 -> 0.251541
    (6, 13): 0.396301 -> 0.396334
    (8, 15): 0.648225 -> 0.652506
    (18, 20): 0.931088 -> 0.901862

cycle 18: accepted=4 rejected=0  objective 1.436245 -> 1.435010  global RMSE 0.604043 -> 0.604242
  center bond (3, 14): objective 1.436245 -> 1.436245  global RMSE 0.604043 -> 0.604006  (accepted, iterations=1)
     1.1: kPhi -0.024486 -> -0.024336  n=1.000  phase=0.000
     2.1: kPhi 0.061801 -> 0.062171  n=1.000  phase=0.000
     3.1: kPhi -0.037480 -> -0.037954  n=1.000  phase=0.000
     4.1: kPhi 0.025727 -> 0.025570  n=1.000  phase=0.000
     5.1: kPhi -0.066228 -> -0.066558  n=1.000  phase=0.000
     6.1: kPhi 0.040646 -> 0.041086  n=1.000  phase=0.000
  center bond (6, 13): objective 1.436245 -> 1.436244  global RMSE 0.604006 -> 0.604053  (accepted, iterations=1)
     1.1: kPhi 0.026896 -> 0.026222  n=1.000  phase=0.000
     2.1: kPhi 0.033947 -> 0.033978  n=1.000  phase=0.000
     3.1: kPhi -0.065551 -> -0.064906  n=1.000  phase=0.000
     4.1: kPhi -0.027191 -> -0.026754  n=1.000  phase=0.000
     5.1: kPhi -0.031936 -> -0.031956  n=1.000  phase=0.000
     6.1: kPhi 0.063963 -> 0.063546  n=1.000  phase=0.000
  center bond (8, 15): objective 1.436244 -> 1.435748  global RMSE 0.604053 -> 0.605599  (accepted, iterations=1)
     1.1: kPhi 0.194737 -> 0.201807  n=2.000  phase=180.000
     2.1: kPhi 1.300958 -> 1.296882  n=2.000  phase=180.000
     3.1: kPhi 0.389664 -> 0.398916  n=2.000  phase=180.000
     4.1: kPhi 1.070755 -> 1.075488  n=2.000  phase=180.000
  center bond (18, 20): objective 1.435748 -> 1.435010  global RMSE 0.605599 -> 0.604242  (accepted, iterations=2)
     1.1: kPhi 1.020473 -> 1.027357  n=2.000  phase=180.000
     2.1: kPhi 1.740209 -> 1.722238  n=2.000  phase=180.000
     3.1: kPhi 0.631825 -> 0.630248  n=2.000  phase=180.000
     4.1: kPhi 0.604936 -> 0.603376  n=2.000  phase=180.000
  per-scan RMSE:
    (3, 14): 0.251541 -> 0.251194
    (6, 13): 0.396334 -> 0.396667
    (8, 15): 0.652506 -> 0.655826
    (18, 20): 0.901862 -> 0.899935

cycle 19: accepted=4 rejected=0  objective 1.435010 -> 1.433977  global RMSE 0.604242 -> 0.604104
  center bond (3, 14): objective 1.435010 -> 1.435009  global RMSE 0.604242 -> 0.604220  (accepted, iterations=1)
     1.1: kPhi -0.024336 -> -0.024214  n=1.000  phase=0.000
     2.1: kPhi 0.062171 -> 0.062389  n=1.000  phase=0.000
     3.1: kPhi -0.037954 -> -0.038256  n=1.000  phase=0.000
     4.1: kPhi 0.025570 -> 0.025441  n=1.000  phase=0.000
     5.1: kPhi -0.066558 -> -0.066754  n=1.000  phase=0.000
     6.1: kPhi 0.041086 -> 0.041372  n=1.000  phase=0.000
  center bond (6, 13): objective 1.435009 -> 1.435009  global RMSE 0.604220 -> 0.604222  (accepted, iterations=1)
     1.1: kPhi 0.026222 -> 0.026339  n=1.000  phase=0.000
     2.1: kPhi 0.033978 -> 0.033771  n=1.000  phase=0.000
     3.1: kPhi -0.064906 -> -0.064819  n=1.000  phase=0.000
     4.1: kPhi -0.026754 -> -0.027040  n=1.000  phase=0.000
     5.1: kPhi -0.031956 -> -0.031745  n=1.000  phase=0.000
     6.1: kPhi 0.063546 -> 0.063624  n=1.000  phase=0.000
  center bond (8, 15): objective 1.435009 -> 1.434585  global RMSE 0.604222 -> 0.604919  (accepted, iterations=1)
     1.1: kPhi 0.201807 -> 0.206620  n=2.000  phase=180.000
     2.1: kPhi 1.296882 -> 1.290588  n=2.000  phase=180.000
     3.1: kPhi 0.398916 -> 0.405892  n=2.000  phase=180.000
     4.1: kPhi 1.075488 -> 1.078045  n=2.000  phase=180.000
  center bond (18, 20): objective 1.434585 -> 1.433977  global RMSE 0.604919 -> 0.604104  (accepted, iterations=2)
     1.1: kPhi 1.027357 -> 1.035827  n=2.000  phase=180.000
     2.1: kPhi 1.722238 -> 1.706488  n=2.000  phase=180.000
     3.1: kPhi 0.630248 -> 0.630318  n=2.000  phase=180.000
     4.1: kPhi 0.603376 -> 0.603479  n=2.000  phase=180.000
  per-scan RMSE:
    (3, 14): 0.251194 -> 0.250974
    (6, 13): 0.396667 -> 0.396667
    (8, 15): 0.655826 -> 0.656942
    (18, 20): 0.899935 -> 0.898810

cycle 20: accepted=4 rejected=0  objective 1.433977 -> 1.433020  global RMSE 0.604104 -> 0.603880
  center bond (3, 14): objective 1.433977 -> 1.433977  global RMSE 0.604104 -> 0.604093  (accepted, iterations=1)
     1.1: kPhi -0.024214 -> -0.024025  n=1.000  phase=0.000
     2.1: kPhi 0.062389 -> 0.062507  n=1.000  phase=0.000
     3.1: kPhi -0.038256 -> -0.038503  n=1.000  phase=0.000
     4.1: kPhi 0.025441 -> 0.025235  n=1.000  phase=0.000
     5.1: kPhi -0.066754 -> -0.066837  n=1.000  phase=0.000
     6.1: kPhi 0.041372 -> 0.041599  n=1.000  phase=0.000
  center bond (6, 13): objective 1.433977 -> 1.433977  global RMSE 0.604093 -> 0.604101  (accepted, iterations=1)
     1.1: kPhi 0.026339 -> 0.026182  n=1.000  phase=0.000
     2.1: kPhi 0.033771 -> 0.033783  n=1.000  phase=0.000
     3.1: kPhi -0.064819 -> -0.064670  n=1.000  phase=0.000
     4.1: kPhi -0.027040 -> -0.027001  n=1.000  phase=0.000
     5.1: kPhi -0.031745 -> -0.031753  n=1.000  phase=0.000
     6.1: kPhi 0.063624 -> 0.063592  n=1.000  phase=0.000
  center bond (8, 15): objective 1.433977 -> 1.433573  global RMSE 0.604101 -> 0.604452  (accepted, iterations=1)
     1.1: kPhi 0.206620 -> 0.210515  n=2.000  phase=180.000
     2.1: kPhi 1.290588 -> 1.283466  n=2.000  phase=180.000
     3.1: kPhi 0.405892 -> 0.411936  n=2.000  phase=180.000
     4.1: kPhi 1.078045 -> 1.079748  n=2.000  phase=180.000
  center bond (18, 20): objective 1.433573 -> 1.433020  global RMSE 0.604452 -> 0.603880  (accepted, iterations=2)
     1.1: kPhi 1.035827 -> 1.044994  n=2.000  phase=180.000
     2.1: kPhi 1.706488 -> 1.692036  n=2.000  phase=180.000
     3.1: kPhi 0.630318 -> 0.630974  n=2.000  phase=180.000
     4.1: kPhi 0.603479 -> 0.604189  n=2.000  phase=180.000
  per-scan RMSE:
    (3, 14): 0.250974 -> 0.250867
    (6, 13): 0.396667 -> 0.396723
    (8, 15): 0.656942 -> 0.657295
    (18, 20): 0.898810 -> 0.897956

cycle 21: accepted=3 rejected=1  objective 1.433020 -> 1.432111  global RMSE 0.603880 -> 0.603603
  center bond (3, 14): objective 1.433020 -> 1.433020  global RMSE 0.603880 -> 0.603880  (rejected, iterations=1)
     1.1: kPhi -0.024025 -> -0.024025  n=1.000  phase=0.000
     2.1: kPhi 0.062507 -> 0.062507  n=1.000  phase=0.000
     3.1: kPhi -0.038503 -> -0.038503  n=1.000  phase=0.000
     4.1: kPhi 0.025235 -> 0.025235  n=1.000  phase=0.000
     5.1: kPhi -0.066837 -> -0.066837  n=1.000  phase=0.000
     6.1: kPhi 0.041599 -> 0.041599  n=1.000  phase=0.000
  center bond (6, 13): objective 1.433020 -> 1.433020  global RMSE 0.603880 -> 0.603879  (accepted, iterations=1)
     1.1: kPhi 0.026182 -> 0.026186  n=1.000  phase=0.000
     2.1: kPhi 0.033783 -> 0.033715  n=1.000  phase=0.000
     3.1: kPhi -0.064670 -> -0.064600  n=1.000  phase=0.000
     4.1: kPhi -0.027001 -> -0.027173  n=1.000  phase=0.000
     5.1: kPhi -0.031753 -> -0.031682  n=1.000  phase=0.000
     6.1: kPhi 0.063592 -> 0.063689  n=1.000  phase=0.000
  center bond (8, 15): objective 1.433020 -> 1.432627  global RMSE 0.603879 -> 0.604043  (accepted, iterations=1)
     1.1: kPhi 0.210515 -> 0.213887  n=2.000  phase=180.000
     2.1: kPhi 1.283466 -> 1.275942  n=2.000  phase=180.000
     3.1: kPhi 0.411936 -> 0.417455  n=2.000  phase=180.000
     4.1: kPhi 1.079748 -> 1.081007  n=2.000  phase=180.000
  center bond (18, 20): objective 1.432627 -> 1.432111  global RMSE 0.604043 -> 0.603603  (accepted, iterations=2)
     1.1: kPhi 1.044994 -> 1.054488  n=2.000  phase=180.000
     2.1: kPhi 1.692036 -> 1.678490  n=2.000  phase=180.000
     3.1: kPhi 0.630974 -> 0.631808  n=2.000  phase=180.000
     4.1: kPhi 0.604189 -> 0.605096  n=2.000  phase=180.000
  per-scan RMSE:
    (3, 14): 0.250867 -> 0.250869
    (6, 13): 0.396723 -> 0.396713
    (8, 15): 0.657295 -> 0.657270
    (18, 20): 0.897956 -> 0.897233

cycle 22: accepted=3 rejected=1  objective 1.432111 -> 1.431241  global RMSE 0.603603 -> 0.603318
  center bond (3, 14): objective 1.432111 -> 1.432111  global RMSE 0.603603 -> 0.603603  (rejected, iterations=1)
     1.1: kPhi -0.024025 -> -0.024025  n=1.000  phase=0.000
     2.1: kPhi 0.062507 -> 0.062507  n=1.000  phase=0.000
     3.1: kPhi -0.038503 -> -0.038503  n=1.000  phase=0.000
     4.1: kPhi 0.025235 -> 0.025235  n=1.000  phase=0.000
     5.1: kPhi -0.066837 -> -0.066837  n=1.000  phase=0.000
     6.1: kPhi 0.041599 -> 0.041599  n=1.000  phase=0.000
  center bond (6, 13): objective 1.432111 -> 1.432111  global RMSE 0.603603 -> 0.603606  (accepted, iterations=1)
     1.1: kPhi 0.026186 -> 0.026091  n=1.000  phase=0.000
     2.1: kPhi 0.033715 -> 0.033762  n=1.000  phase=0.000
     3.1: kPhi -0.064600 -> -0.064549  n=1.000  phase=0.000
     4.1: kPhi -0.027173 -> -0.027114  n=1.000  phase=0.000
     5.1: kPhi -0.031682 -> -0.031728  n=1.000  phase=0.000
     6.1: kPhi 0.063689 -> 0.063673  n=1.000  phase=0.000
  center bond (8, 15): objective 1.432111 -> 1.431727  global RMSE 0.603606 -> 0.603683  (accepted, iterations=1)
     1.1: kPhi 0.213887 -> 0.216988  n=2.000  phase=180.000
     2.1: kPhi 1.275942 -> 1.268277  n=2.000  phase=180.000
     3.1: kPhi 0.417455 -> 0.422701  n=2.000  phase=180.000
     4.1: kPhi 1.081007 -> 1.082072  n=2.000  phase=180.000
  center bond (18, 20): objective 1.431727 -> 1.431241  global RMSE 0.603683 -> 0.603318  (accepted, iterations=2)
     1.1: kPhi 1.054488 -> 1.064098  n=2.000  phase=180.000
     2.1: kPhi 1.678490 -> 1.665623  n=2.000  phase=180.000
     3.1: kPhi 0.631808 -> 0.632633  n=2.000  phase=180.000
     4.1: kPhi 0.605096 -> 0.606009  n=2.000  phase=180.000
  per-scan RMSE:
    (3, 14): 0.250869 -> 0.250873
    (6, 13): 0.396713 -> 0.396734
    (8, 15): 0.657270 -> 0.657082
    (18, 20): 0.897233 -> 0.896592

cycle 23: accepted=2 rejected=2  objective 1.431241 -> 1.430407  global RMSE 0.603318 -> 0.603030
  center bond (3, 14): objective 1.431241 -> 1.431241  global RMSE 0.603318 -> 0.603318  (rejected, iterations=1)
     1.1: kPhi -0.024025 -> -0.024025  n=1.000  phase=0.000
     2.1: kPhi 0.062507 -> 0.062507  n=1.000  phase=0.000
     3.1: kPhi -0.038503 -> -0.038503  n=1.000  phase=0.000
     4.1: kPhi 0.025235 -> 0.025235  n=1.000  phase=0.000
     5.1: kPhi -0.066837 -> -0.066837  n=1.000  phase=0.000
     6.1: kPhi 0.041599 -> 0.041599  n=1.000  phase=0.000
  center bond (6, 13): objective 1.431241 -> 1.431241  global RMSE 0.603318 -> 0.603318  (rejected, iterations=1)
     1.1: kPhi 0.026091 -> 0.026091  n=1.000  phase=0.000
     2.1: kPhi 0.033762 -> 0.033762  n=1.000  phase=0.000
     3.1: kPhi -0.064549 -> -0.064549  n=1.000  phase=0.000
     4.1: kPhi -0.027114 -> -0.027114  n=1.000  phase=0.000
     5.1: kPhi -0.031728 -> -0.031728  n=1.000  phase=0.000
     6.1: kPhi 0.063673 -> 0.063673  n=1.000  phase=0.000
  center bond (8, 15): objective 1.431241 -> 1.430867  global RMSE 0.603318 -> 0.603346  (accepted, iterations=1)
     1.1: kPhi 0.216988 -> 0.219910  n=2.000  phase=180.000
     2.1: kPhi 1.268277 -> 1.260571  n=2.000  phase=180.000
     3.1: kPhi 0.422701 -> 0.427768  n=2.000  phase=180.000
     4.1: kPhi 1.082072 -> 1.083039  n=2.000  phase=180.000
  center bond (18, 20): objective 1.430867 -> 1.430407  global RMSE 0.603346 -> 0.603030  (accepted, iterations=2)
     1.1: kPhi 1.064098 -> 1.073717  n=2.000  phase=180.000
     2.1: kPhi 1.665623 -> 1.653313  n=2.000  phase=180.000
     3.1: kPhi 0.632633 -> 0.633383  n=2.000  phase=180.000
     4.1: kPhi 0.606009 -> 0.606859  n=2.000  phase=180.000
  per-scan RMSE:
    (3, 14): 0.250873 -> 0.250875
    (6, 13): 0.396734 -> 0.396733
    (8, 15): 0.657082 -> 0.656829
    (18, 20): 0.896592 -> 0.896002

cycle 24: accepted=2 rejected=2  objective 1.430407 -> 1.429605  global RMSE 0.603030 -> 0.602749
  center bond (3, 14): objective 1.430407 -> 1.430407  global RMSE 0.603030 -> 0.603030  (rejected, iterations=1)
     1.1: kPhi -0.024025 -> -0.024025  n=1.000  phase=0.000
     2.1: kPhi 0.062507 -> 0.062507  n=1.000  phase=0.000
     3.1: kPhi -0.038503 -> -0.038503  n=1.000  phase=0.000
     4.1: kPhi 0.025235 -> 0.025235  n=1.000  phase=0.000
     5.1: kPhi -0.066837 -> -0.066837  n=1.000  phase=0.000
     6.1: kPhi 0.041599 -> 0.041599  n=1.000  phase=0.000
  center bond (6, 13): objective 1.430407 -> 1.430407  global RMSE 0.603030 -> 0.603030  (rejected, iterations=1)
     1.1: kPhi 0.026091 -> 0.026091  n=1.000  phase=0.000
     2.1: kPhi 0.033762 -> 0.033762  n=1.000  phase=0.000
     3.1: kPhi -0.064549 -> -0.064549  n=1.000  phase=0.000
     4.1: kPhi -0.027114 -> -0.027114  n=1.000  phase=0.000
     5.1: kPhi -0.031728 -> -0.031728  n=1.000  phase=0.000
     6.1: kPhi 0.063673 -> 0.063673  n=1.000  phase=0.000
  center bond (8, 15): objective 1.430407 -> 1.430041  global RMSE 0.603030 -> 0.603032  (accepted, iterations=1)
     1.1: kPhi 0.219910 -> 0.222707  n=2.000  phase=180.000
     2.1: kPhi 1.260571 -> 1.252881  n=2.000  phase=180.000
     3.1: kPhi 0.427768 -> 0.432714  n=2.000  phase=180.000
     4.1: kPhi 1.083039 -> 1.083964  n=2.000  phase=180.000
  center bond (18, 20): objective 1.430041 -> 1.429605  global RMSE 0.603032 -> 0.602749  (accepted, iterations=2)
     1.1: kPhi 1.073717 -> 1.083279  n=2.000  phase=180.000
     2.1: kPhi 1.653313 -> 1.641479  n=2.000  phase=180.000
     3.1: kPhi 0.633383 -> 0.634037  n=2.000  phase=180.000
     4.1: kPhi 0.606859 -> 0.607622  n=2.000  phase=180.000
  per-scan RMSE:
    (3, 14): 0.250875 -> 0.250876
    (6, 13): 0.396733 -> 0.396733
    (8, 15): 0.656829 -> 0.656554
    (18, 20): 0.896002 -> 0.895447

cycle 25: accepted=2 rejected=2  objective 1.429605 -> 1.428834  global RMSE 0.602749 -> 0.602478
  center bond (3, 14): objective 1.429605 -> 1.429605  global RMSE 0.602749 -> 0.602749  (rejected, iterations=1)
     1.1: kPhi -0.024025 -> -0.024025  n=1.000  phase=0.000
     2.1: kPhi 0.062507 -> 0.062507  n=1.000  phase=0.000
     3.1: kPhi -0.038503 -> -0.038503  n=1.000  phase=0.000
     4.1: kPhi 0.025235 -> 0.025235  n=1.000  phase=0.000
     5.1: kPhi -0.066837 -> -0.066837  n=1.000  phase=0.000
     6.1: kPhi 0.041599 -> 0.041599  n=1.000  phase=0.000
  center bond (6, 13): objective 1.429605 -> 1.429605  global RMSE 0.602749 -> 0.602749  (rejected, iterations=1)
     1.1: kPhi 0.026091 -> 0.026091  n=1.000  phase=0.000
     2.1: kPhi 0.033762 -> 0.033762  n=1.000  phase=0.000
     3.1: kPhi -0.064549 -> -0.064549  n=1.000  phase=0.000
     4.1: kPhi -0.027114 -> -0.027114  n=1.000  phase=0.000
     5.1: kPhi -0.031728 -> -0.031728  n=1.000  phase=0.000
     6.1: kPhi 0.063673 -> 0.063673  n=1.000  phase=0.000
  center bond (8, 15): objective 1.429605 -> 1.429248  global RMSE 0.602749 -> 0.602735  (accepted, iterations=1)
     1.1: kPhi 0.222707 -> 0.225406  n=2.000  phase=180.000
     2.1: kPhi 1.252881 -> 1.245234  n=2.000  phase=180.000
     3.1: kPhi 0.432714 -> 0.437564  n=2.000  phase=180.000
     4.1: kPhi 1.083964 -> 1.084873  n=2.000  phase=180.000
  center bond (18, 20): objective 1.429248 -> 1.428834  global RMSE 0.602735 -> 0.602478  (accepted, iterations=2)
     1.1: kPhi 1.083279 -> 1.092743  n=2.000  phase=180.000
     2.1: kPhi 1.641479 -> 1.630069  n=2.000  phase=180.000
     3.1: kPhi 0.634037 -> 0.634596  n=2.000  phase=180.000
     4.1: kPhi 0.607622 -> 0.608297  n=2.000  phase=180.000
  per-scan RMSE:
    (3, 14): 0.250876 -> 0.250877
    (6, 13): 0.396733 -> 0.396732
    (8, 15): 0.656554 -> 0.656276
    (18, 20): 0.895447 -> 0.894921

cycle 26: accepted=2 rejected=2  objective 1.428834 -> 1.428092  global RMSE 0.602478 -> 0.602216
  center bond (3, 14): objective 1.428834 -> 1.428834  global RMSE 0.602478 -> 0.602478  (rejected, iterations=1)
     1.1: kPhi -0.024025 -> -0.024025  n=1.000  phase=0.000
     2.1: kPhi 0.062507 -> 0.062507  n=1.000  phase=0.000
     3.1: kPhi -0.038503 -> -0.038503  n=1.000  phase=0.000
     4.1: kPhi 0.025235 -> 0.025235  n=1.000  phase=0.000
     5.1: kPhi -0.066837 -> -0.066837  n=1.000  phase=0.000
     6.1: kPhi 0.041599 -> 0.041599  n=1.000  phase=0.000
  center bond (6, 13): objective 1.428834 -> 1.428834  global RMSE 0.602478 -> 0.602478  (rejected, iterations=1)
     1.1: kPhi 0.026091 -> 0.026091  n=1.000  phase=0.000
     2.1: kPhi 0.033762 -> 0.033762  n=1.000  phase=0.000
     3.1: kPhi -0.064549 -> -0.064549  n=1.000  phase=0.000
     4.1: kPhi -0.027114 -> -0.027114  n=1.000  phase=0.000
     5.1: kPhi -0.031728 -> -0.031728  n=1.000  phase=0.000
     6.1: kPhi 0.063673 -> 0.063673  n=1.000  phase=0.000
  center bond (8, 15): objective 1.428834 -> 1.428485  global RMSE 0.602478 -> 0.602454  (accepted, iterations=1)
     1.1: kPhi 0.225406 -> 0.228022  n=2.000  phase=180.000
     2.1: kPhi 1.245234 -> 1.237644  n=2.000  phase=180.000
     3.1: kPhi 0.437564 -> 0.442334  n=2.000  phase=180.000
     4.1: kPhi 1.084873 -> 1.085779  n=2.000  phase=180.000
  center bond (18, 20): objective 1.428485 -> 1.428092  global RMSE 0.602454 -> 0.602216  (accepted, iterations=2)
     1.1: kPhi 1.092743 -> 1.102083  n=2.000  phase=180.000
     2.1: kPhi 1.630069 -> 1.619043  n=2.000  phase=180.000
     3.1: kPhi 0.634596 -> 0.635071  n=2.000  phase=180.000
     4.1: kPhi 0.608297 -> 0.608891  n=2.000  phase=180.000
  per-scan RMSE:
    (3, 14): 0.250877 -> 0.250878
    (6, 13): 0.396732 -> 0.396731
    (8, 15): 0.656276 -> 0.656003
    (18, 20): 0.894921 -> 0.894417

cycle 27: accepted=2 rejected=2  objective 1.428092 -> 1.427378  global RMSE 0.602216 -> 0.601965
  center bond (3, 14): objective 1.428092 -> 1.428092  global RMSE 0.602216 -> 0.602216  (rejected, iterations=1)
     1.1: kPhi -0.024025 -> -0.024025  n=1.000  phase=0.000
     2.1: kPhi 0.062507 -> 0.062507  n=1.000  phase=0.000
     3.1: kPhi -0.038503 -> -0.038503  n=1.000  phase=0.000
     4.1: kPhi 0.025235 -> 0.025235  n=1.000  phase=0.000
     5.1: kPhi -0.066837 -> -0.066837  n=1.000  phase=0.000
     6.1: kPhi 0.041599 -> 0.041599  n=1.000  phase=0.000
  center bond (6, 13): objective 1.428092 -> 1.428092  global RMSE 0.602216 -> 0.602216  (rejected, iterations=1)
     1.1: kPhi 0.026091 -> 0.026091  n=1.000  phase=0.000
     2.1: kPhi 0.033762 -> 0.033762  n=1.000  phase=0.000
     3.1: kPhi -0.064549 -> -0.064549  n=1.000  phase=0.000
     4.1: kPhi -0.027114 -> -0.027114  n=1.000  phase=0.000
     5.1: kPhi -0.031728 -> -0.031728  n=1.000  phase=0.000
     6.1: kPhi 0.063673 -> 0.063673  n=1.000  phase=0.000
  center bond (8, 15): objective 1.428092 -> 1.427751  global RMSE 0.602216 -> 0.602186  (accepted, iterations=1)
     1.1: kPhi 0.228022 -> 0.230563  n=2.000  phase=180.000
     2.1: kPhi 1.237644 -> 1.230119  n=2.000  phase=180.000
     3.1: kPhi 0.442334 -> 0.447031  n=2.000  phase=180.000
     4.1: kPhi 1.085779 -> 1.086691  n=2.000  phase=180.000
  center bond (18, 20): objective 1.427751 -> 1.427378  global RMSE 0.602186 -> 0.601965  (accepted, iterations=2)
     1.1: kPhi 1.102083 -> 1.111281  n=2.000  phase=180.000
     2.1: kPhi 1.619043 -> 1.608371  n=2.000  phase=180.000
     3.1: kPhi 0.635071 -> 0.635471  n=2.000  phase=180.000
     4.1: kPhi 0.608891 -> 0.609413  n=2.000  phase=180.000
  per-scan RMSE:
    (3, 14): 0.250878 -> 0.250879
    (6, 13): 0.396731 -> 0.396731
    (8, 15): 0.656003 -> 0.655739
    (18, 20): 0.894417 -> 0.893933

cycle 28: accepted=2 rejected=2  objective 1.427378 -> 1.426690  global RMSE 0.601965 -> 0.601722
  center bond (3, 14): objective 1.427378 -> 1.427378  global RMSE 0.601965 -> 0.601965  (rejected, iterations=1)
     1.1: kPhi -0.024025 -> -0.024025  n=1.000  phase=0.000
     2.1: kPhi 0.062507 -> 0.062507  n=1.000  phase=0.000
     3.1: kPhi -0.038503 -> -0.038503  n=1.000  phase=0.000
     4.1: kPhi 0.025235 -> 0.025235  n=1.000  phase=0.000
     5.1: kPhi -0.066837 -> -0.066837  n=1.000  phase=0.000
     6.1: kPhi 0.041599 -> 0.041599  n=1.000  phase=0.000
  center bond (6, 13): objective 1.427378 -> 1.427378  global RMSE 0.601965 -> 0.601965  (rejected, iterations=1)
     1.1: kPhi 0.026091 -> 0.026091  n=1.000  phase=0.000
     2.1: kPhi 0.033762 -> 0.033762  n=1.000  phase=0.000
     3.1: kPhi -0.064549 -> -0.064549  n=1.000  phase=0.000
     4.1: kPhi -0.027114 -> -0.027114  n=1.000  phase=0.000
     5.1: kPhi -0.031728 -> -0.031728  n=1.000  phase=0.000
     6.1: kPhi 0.063673 -> 0.063673  n=1.000  phase=0.000
  center bond (8, 15): objective 1.427378 -> 1.427044  global RMSE 0.601965 -> 0.601929  (accepted, iterations=1)
     1.1: kPhi 0.230563 -> 0.233035  n=2.000  phase=180.000
     2.1: kPhi 1.230119 -> 1.222663  n=2.000  phase=180.000
     3.1: kPhi 0.447031 -> 0.451662  n=2.000  phase=180.000
     4.1: kPhi 1.086691 -> 1.087612  n=2.000  phase=180.000
  center bond (18, 20): objective 1.427044 -> 1.426690  global RMSE 0.601929 -> 0.601722  (accepted, iterations=2)
     1.1: kPhi 1.111281 -> 1.120322  n=2.000  phase=180.000
     2.1: kPhi 1.608371 -> 1.598028  n=2.000  phase=180.000
     3.1: kPhi 0.635471 -> 0.635809  n=2.000  phase=180.000
     4.1: kPhi 0.609413 -> 0.609874  n=2.000  phase=180.000
  per-scan RMSE:
    (3, 14): 0.250879 -> 0.250880
    (6, 13): 0.396731 -> 0.396730
    (8, 15): 0.655739 -> 0.655485
    (18, 20): 0.893933 -> 0.893466

cycle 29: accepted=2 rejected=2  objective 1.426690 -> 1.426027  global RMSE 0.601722 -> 0.601488
  center bond (3, 14): objective 1.426690 -> 1.426690  global RMSE 0.601722 -> 0.601722  (rejected, iterations=1)
     1.1: kPhi -0.024025 -> -0.024025  n=1.000  phase=0.000
     2.1: kPhi 0.062507 -> 0.062507  n=1.000  phase=0.000
     3.1: kPhi -0.038503 -> -0.038503  n=1.000  phase=0.000
     4.1: kPhi 0.025235 -> 0.025235  n=1.000  phase=0.000
     5.1: kPhi -0.066837 -> -0.066837  n=1.000  phase=0.000
     6.1: kPhi 0.041599 -> 0.041599  n=1.000  phase=0.000
  center bond (6, 13): objective 1.426690 -> 1.426690  global RMSE 0.601722 -> 0.601722  (rejected, iterations=1)
     1.1: kPhi 0.026091 -> 0.026091  n=1.000  phase=0.000
     2.1: kPhi 0.033762 -> 0.033762  n=1.000  phase=0.000
     3.1: kPhi -0.064549 -> -0.064549  n=1.000  phase=0.000
     4.1: kPhi -0.027114 -> -0.027114  n=1.000  phase=0.000
     5.1: kPhi -0.031728 -> -0.031728  n=1.000  phase=0.000
     6.1: kPhi 0.063673 -> 0.063673  n=1.000  phase=0.000
  center bond (8, 15): objective 1.426690 -> 1.426364  global RMSE 0.601722 -> 0.601683  (accepted, iterations=1)
     1.1: kPhi 0.233035 -> 0.235442  n=2.000  phase=180.000
     2.1: kPhi 1.222663 -> 1.215278  n=2.000  phase=180.000
     3.1: kPhi 0.451662 -> 0.456230  n=2.000  phase=180.000
     4.1: kPhi 1.087612 -> 1.088545  n=2.000  phase=180.000
  center bond (18, 20): objective 1.426364 -> 1.426027  global RMSE 0.601683 -> 0.601488  (accepted, iterations=2)
     1.1: kPhi 1.120322 -> 1.129200  n=2.000  phase=180.000
     2.1: kPhi 1.598028 -> 1.587993  n=2.000  phase=180.000
     3.1: kPhi 0.635809 -> 0.636094  n=2.000  phase=180.000
     4.1: kPhi 0.609874 -> 0.610283  n=2.000  phase=180.000
  per-scan RMSE:
    (3, 14): 0.250880 -> 0.250881
    (6, 13): 0.396730 -> 0.396729
    (8, 15): 0.655485 -> 0.655240
    (18, 20): 0.893466 -> 0.893015

cycle 30: accepted=3 rejected=1  objective 1.426027 -> 1.425388  global RMSE 0.601488 -> 0.601257
  center bond (3, 14): objective 1.426027 -> 1.426027  global RMSE 0.601488 -> 0.601488  (rejected, iterations=1)
     1.1: kPhi -0.024025 -> -0.024025  n=1.000  phase=0.000
     2.1: kPhi 0.062507 -> 0.062507  n=1.000  phase=0.000
     3.1: kPhi -0.038503 -> -0.038503  n=1.000  phase=0.000
     4.1: kPhi 0.025235 -> 0.025235  n=1.000  phase=0.000
     5.1: kPhi -0.066837 -> -0.066837  n=1.000  phase=0.000
     6.1: kPhi 0.041599 -> 0.041599  n=1.000  phase=0.000
  center bond (6, 13): objective 1.426027 -> 1.426027  global RMSE 0.601488 -> 0.601484  (accepted, iterations=1)
     1.1: kPhi 0.026091 -> 0.026134  n=1.000  phase=0.000
     2.1: kPhi 0.033762 -> 0.033742  n=1.000  phase=0.000
     3.1: kPhi -0.064549 -> -0.064570  n=1.000  phase=0.000
     4.1: kPhi -0.027114 -> -0.027198  n=1.000  phase=0.000
     5.1: kPhi -0.031728 -> -0.031709  n=1.000  phase=0.000
     6.1: kPhi 0.063673 -> 0.063735  n=1.000  phase=0.000
  center bond (8, 15): objective 1.426027 -> 1.425709  global RMSE 0.601484 -> 0.601441  (accepted, iterations=1)
     1.1: kPhi 0.235442 -> 0.237784  n=2.000  phase=180.000
     2.1: kPhi 1.215278 -> 1.207963  n=2.000  phase=180.000
     3.1: kPhi 0.456230 -> 0.460736  n=2.000  phase=180.000
     4.1: kPhi 1.088545 -> 1.089490  n=2.000  phase=180.000
  center bond (18, 20): objective 1.425709 -> 1.425388  global RMSE 0.601441 -> 0.601257  (accepted, iterations=2)
     1.1: kPhi 1.129200 -> 1.137906  n=2.000  phase=180.000
     2.1: kPhi 1.587993 -> 1.578248  n=2.000  phase=180.000
     3.1: kPhi 0.636094 -> 0.636336  n=2.000  phase=180.000
     4.1: kPhi 0.610283 -> 0.610649  n=2.000  phase=180.000
  per-scan RMSE:
    (3, 14): 0.250881 -> 0.250880
    (6, 13): 0.396729 -> 0.396702
    (8, 15): 0.655240 -> 0.655007
    (18, 20): 0.893015 -> 0.892576

cycle 31: accepted=2 rejected=2  objective 1.425388 -> 1.424772  global RMSE 0.601257 -> 0.601038
  center bond (3, 14): objective 1.425388 -> 1.425388  global RMSE 0.601257 -> 0.601257  (rejected, iterations=1)
     1.1: kPhi -0.024025 -> -0.024025  n=1.000  phase=0.000
     2.1: kPhi 0.062507 -> 0.062507  n=1.000  phase=0.000
     3.1: kPhi -0.038503 -> -0.038503  n=1.000  phase=0.000
     4.1: kPhi 0.025235 -> 0.025235  n=1.000  phase=0.000
     5.1: kPhi -0.066837 -> -0.066837  n=1.000  phase=0.000
     6.1: kPhi 0.041599 -> 0.041599  n=1.000  phase=0.000
  center bond (6, 13): objective 1.425388 -> 1.425388  global RMSE 0.601257 -> 0.601257  (rejected, iterations=1)
     1.1: kPhi 0.026134 -> 0.026134  n=1.000  phase=0.000
     2.1: kPhi 0.033742 -> 0.033742  n=1.000  phase=0.000
     3.1: kPhi -0.064570 -> -0.064570  n=1.000  phase=0.000
     4.1: kPhi -0.027198 -> -0.027198  n=1.000  phase=0.000
     5.1: kPhi -0.031709 -> -0.031709  n=1.000  phase=0.000
     6.1: kPhi 0.063735 -> 0.063735  n=1.000  phase=0.000
  center bond (8, 15): objective 1.425388 -> 1.425077  global RMSE 0.601257 -> 0.601213  (accepted, iterations=1)
     1.1: kPhi 0.237784 -> 0.240070  n=2.000  phase=180.000
     2.1: kPhi 1.207963 -> 1.200725  n=2.000  phase=180.000
     3.1: kPhi 0.460736 -> 0.465186  n=2.000  phase=180.000
     4.1: kPhi 1.089490 -> 1.090452  n=2.000  phase=180.000
  center bond (18, 20): objective 1.425077 -> 1.424772  global RMSE 0.601213 -> 0.601038  (accepted, iterations=2)
     1.1: kPhi 1.137906 -> 1.146436  n=2.000  phase=180.000
     2.1: kPhi 1.578248 -> 1.568778  n=2.000  phase=180.000
     3.1: kPhi 0.636336 -> 0.636541  n=2.000  phase=180.000
     4.1: kPhi 0.610649 -> 0.610976  n=2.000  phase=180.000
  per-scan RMSE:
    (3, 14): 0.250880 -> 0.250881
    (6, 13): 0.396702 -> 0.396701
    (8, 15): 0.655007 -> 0.654780
    (18, 20): 0.892576 -> 0.892151

cycle 32: accepted=2 rejected=2  objective 1.424772 -> 1.424178  global RMSE 0.601038 -> 0.600825
  center bond (3, 14): objective 1.424772 -> 1.424772  global RMSE 0.601038 -> 0.601038  (rejected, iterations=1)
     1.1: kPhi -0.024025 -> -0.024025  n=1.000  phase=0.000
     2.1: kPhi 0.062507 -> 0.062507  n=1.000  phase=0.000
     3.1: kPhi -0.038503 -> -0.038503  n=1.000  phase=0.000
     4.1: kPhi 0.025235 -> 0.025235  n=1.000  phase=0.000
     5.1: kPhi -0.066837 -> -0.066837  n=1.000  phase=0.000
     6.1: kPhi 0.041599 -> 0.041599  n=1.000  phase=0.000
  center bond (6, 13): objective 1.424772 -> 1.424772  global RMSE 0.601038 -> 0.601038  (rejected, iterations=1)
     1.1: kPhi 0.026134 -> 0.026134  n=1.000  phase=0.000
     2.1: kPhi 0.033742 -> 0.033742  n=1.000  phase=0.000
     3.1: kPhi -0.064570 -> -0.064570  n=1.000  phase=0.000
     4.1: kPhi -0.027198 -> -0.027198  n=1.000  phase=0.000
     5.1: kPhi -0.031709 -> -0.031709  n=1.000  phase=0.000
     6.1: kPhi 0.063735 -> 0.063735  n=1.000  phase=0.000
  center bond (8, 15): objective 1.424772 -> 1.424468  global RMSE 0.601038 -> 0.600992  (accepted, iterations=1)
     1.1: kPhi 0.240070 -> 0.242298  n=2.000  phase=180.000
     2.1: kPhi 1.200725 -> 1.193561  n=2.000  phase=180.000
     3.1: kPhi 0.465186 -> 0.469580  n=2.000  phase=180.000
     4.1: kPhi 1.090452 -> 1.091428  n=2.000  phase=180.000
  center bond (18, 20): objective 1.424468 -> 1.424178  global RMSE 0.600992 -> 0.600825  (accepted, iterations=2)
     1.1: kPhi 1.146436 -> 1.154789  n=2.000  phase=180.000
     2.1: kPhi 1.568778 -> 1.559570  n=2.000  phase=180.000
     3.1: kPhi 0.636541 -> 0.636716  n=2.000  phase=180.000
     4.1: kPhi 0.610976 -> 0.611273  n=2.000  phase=180.000
  per-scan RMSE:
    (3, 14): 0.250881 -> 0.250881
    (6, 13): 0.396701 -> 0.396700
    (8, 15): 0.654780 -> 0.654561
    (18, 20): 0.892151 -> 0.891739

cycle 33: accepted=2 rejected=2  objective 1.424178 -> 1.423605  global RMSE 0.600825 -> 0.600618
  center bond (3, 14): objective 1.424178 -> 1.424178  global RMSE 0.600825 -> 0.600825  (rejected, iterations=1)
     1.1: kPhi -0.024025 -> -0.024025  n=1.000  phase=0.000
     2.1: kPhi 0.062507 -> 0.062507  n=1.000  phase=0.000
     3.1: kPhi -0.038503 -> -0.038503  n=1.000  phase=0.000
     4.1: kPhi 0.025235 -> 0.025235  n=1.000  phase=0.000
     5.1: kPhi -0.066837 -> -0.066837  n=1.000  phase=0.000
     6.1: kPhi 0.041599 -> 0.041599  n=1.000  phase=0.000
  center bond (6, 13): objective 1.424178 -> 1.424178  global RMSE 0.600825 -> 0.600825  (rejected, iterations=1)
     1.1: kPhi 0.026134 -> 0.026134  n=1.000  phase=0.000
     2.1: kPhi 0.033742 -> 0.033742  n=1.000  phase=0.000
     3.1: kPhi -0.064570 -> -0.064570  n=1.000  phase=0.000
     4.1: kPhi -0.027198 -> -0.027198  n=1.000  phase=0.000
     5.1: kPhi -0.031709 -> -0.031709  n=1.000  phase=0.000
     6.1: kPhi 0.063735 -> 0.063735  n=1.000  phase=0.000
  center bond (8, 15): objective 1.424178 -> 1.423881  global RMSE 0.600825 -> 0.600778  (accepted, iterations=1)
     1.1: kPhi 0.242298 -> 0.244471  n=2.000  phase=180.000
     2.1: kPhi 1.193561 -> 1.186470  n=2.000  phase=180.000
     3.1: kPhi 0.469580 -> 0.473918  n=2.000  phase=180.000
     4.1: kPhi 1.091428 -> 1.092419  n=2.000  phase=180.000
  center bond (18, 20): objective 1.423881 -> 1.423605  global RMSE 0.600778 -> 0.600618  (accepted, iterations=2)
     1.1: kPhi 1.154789 -> 1.162963  n=2.000  phase=180.000
     2.1: kPhi 1.559570 -> 1.550612  n=2.000  phase=180.000
     3.1: kPhi 0.636716 -> 0.636867  n=2.000  phase=180.000
     4.1: kPhi 0.611273 -> 0.611544  n=2.000  phase=180.000
  per-scan RMSE:
    (3, 14): 0.250881 -> 0.250882
    (6, 13): 0.396700 -> 0.396700
    (8, 15): 0.654561 -> 0.654348
    (18, 20): 0.891739 -> 0.891338

cycle 34: accepted=2 rejected=2  objective 1.423605 -> 1.423182  global RMSE 0.600618 -> 0.600470
  center bond (3, 14): objective 1.423605 -> 1.423605  global RMSE 0.600618 -> 0.600618  (rejected, iterations=1)
     1.1: kPhi -0.024025 -> -0.024025  n=1.000  phase=0.000
     2.1: kPhi 0.062507 -> 0.062507  n=1.000  phase=0.000
     3.1: kPhi -0.038503 -> -0.038503  n=1.000  phase=0.000
     4.1: kPhi 0.025235 -> 0.025235  n=1.000  phase=0.000
     5.1: kPhi -0.066837 -> -0.066837  n=1.000  phase=0.000
     6.1: kPhi 0.041599 -> 0.041599  n=1.000  phase=0.000
  center bond (6, 13): objective 1.423605 -> 1.423605  global RMSE 0.600618 -> 0.600618  (rejected, iterations=1)
     1.1: kPhi 0.026134 -> 0.026134  n=1.000  phase=0.000
     2.1: kPhi 0.033742 -> 0.033742  n=1.000  phase=0.000
     3.1: kPhi -0.064570 -> -0.064570  n=1.000  phase=0.000
     4.1: kPhi -0.027198 -> -0.027198  n=1.000  phase=0.000
     5.1: kPhi -0.031709 -> -0.031709  n=1.000  phase=0.000
     6.1: kPhi 0.063735 -> 0.063735  n=1.000  phase=0.000
  center bond (8, 15): objective 1.423605 -> 1.423315  global RMSE 0.600618 -> 0.600570  (accepted, iterations=1)
     1.1: kPhi 0.244471 -> 0.246591  n=2.000  phase=180.000
     2.1: kPhi 1.186470 -> 1.179453  n=2.000  phase=180.000
     3.1: kPhi 0.473918 -> 0.478204  n=2.000  phase=180.000
     4.1: kPhi 1.092419 -> 1.093425  n=2.000  phase=180.000
  center bond (18, 20): objective 1.423315 -> 1.423182  global RMSE 0.600570 -> 0.600470  (accepted, iterations=1)
     1.1: kPhi 1.162963 -> 1.166889  n=2.000  phase=180.000
     2.1: kPhi 1.550612 -> 1.546130  n=2.000  phase=180.000
     3.1: kPhi 0.636867 -> 0.636848  n=2.000  phase=180.000
     4.1: kPhi 0.611544 -> 0.611585  n=2.000  phase=180.000
  per-scan RMSE:
    (3, 14): 0.250882 -> 0.250882
    (6, 13): 0.396700 -> 0.396699
    (8, 15): 0.654348 -> 0.654261
    (18, 20): 0.891338 -> 0.891004

cycle 35: accepted=2 rejected=2  objective 1.423182 -> 1.422768  global RMSE 0.600470 -> 0.600338
  center bond (3, 14): objective 1.423182 -> 1.423182  global RMSE 0.600470 -> 0.600470  (rejected, iterations=1)
     1.1: kPhi -0.024025 -> -0.024025  n=1.000  phase=0.000
     2.1: kPhi 0.062507 -> 0.062507  n=1.000  phase=0.000
     3.1: kPhi -0.038503 -> -0.038503  n=1.000  phase=0.000
     4.1: kPhi 0.025235 -> 0.025235  n=1.000  phase=0.000
     5.1: kPhi -0.066837 -> -0.066837  n=1.000  phase=0.000
     6.1: kPhi 0.041599 -> 0.041599  n=1.000  phase=0.000
  center bond (6, 13): objective 1.423182 -> 1.423182  global RMSE 0.600470 -> 0.600470  (rejected, iterations=1)
     1.1: kPhi 0.026134 -> 0.026134  n=1.000  phase=0.000
     2.1: kPhi 0.033742 -> 0.033742  n=1.000  phase=0.000
     3.1: kPhi -0.064570 -> -0.064570  n=1.000  phase=0.000
     4.1: kPhi -0.027198 -> -0.027198  n=1.000  phase=0.000
     5.1: kPhi -0.031709 -> -0.031709  n=1.000  phase=0.000
     6.1: kPhi 0.063735 -> 0.063735  n=1.000  phase=0.000
  center bond (8, 15): objective 1.423182 -> 1.422898  global RMSE 0.600470 -> 0.600433  (accepted, iterations=1)
     1.1: kPhi 0.246591 -> 0.248689  n=2.000  phase=180.000
     2.1: kPhi 1.179453 -> 1.172539  n=2.000  phase=180.000
     3.1: kPhi 0.478204 -> 0.482465  n=2.000  phase=180.000
     4.1: kPhi 1.093425 -> 1.094473  n=2.000  phase=180.000
  center bond (18, 20): objective 1.422898 -> 1.422768  global RMSE 0.600433 -> 0.600338  (accepted, iterations=1)
     1.1: kPhi 1.166889 -> 1.170780  n=2.000  phase=180.000
     2.1: kPhi 1.546130 -> 1.541715  n=2.000  phase=180.000
     3.1: kPhi 0.636848 -> 0.636849  n=2.000  phase=180.000
     4.1: kPhi 0.611585 -> 0.611645  n=2.000  phase=180.000
  per-scan RMSE:
    (3, 14): 0.250882 -> 0.250883
    (6, 13): 0.396699 -> 0.396699
    (8, 15): 0.654261 -> 0.654262
    (18, 20): 0.891004 -> 0.890647

cycle 36: accepted=2 rejected=2  objective 1.422768 -> 1.422364  global RMSE 0.600338 -> 0.600203
  center bond (3, 14): objective 1.422768 -> 1.422768  global RMSE 0.600338 -> 0.600338  (rejected, iterations=1)
     1.1: kPhi -0.024025 -> -0.024025  n=1.000  phase=0.000
     2.1: kPhi 0.062507 -> 0.062507  n=1.000  phase=0.000
     3.1: kPhi -0.038503 -> -0.038503  n=1.000  phase=0.000
     4.1: kPhi 0.025235 -> 0.025235  n=1.000  phase=0.000
     5.1: kPhi -0.066837 -> -0.066837  n=1.000  phase=0.000
     6.1: kPhi 0.041599 -> 0.041599  n=1.000  phase=0.000
  center bond (6, 13): objective 1.422768 -> 1.422768  global RMSE 0.600338 -> 0.600338  (rejected, iterations=1)
     1.1: kPhi 0.026134 -> 0.026134  n=1.000  phase=0.000
     2.1: kPhi 0.033742 -> 0.033742  n=1.000  phase=0.000
     3.1: kPhi -0.064570 -> -0.064570  n=1.000  phase=0.000
     4.1: kPhi -0.027198 -> -0.027198  n=1.000  phase=0.000
     5.1: kPhi -0.031709 -> -0.031709  n=1.000  phase=0.000
     6.1: kPhi 0.063735 -> 0.063735  n=1.000  phase=0.000
  center bond (8, 15): objective 1.422768 -> 1.422490  global RMSE 0.600338 -> 0.600291  (accepted, iterations=1)
     1.1: kPhi 0.248689 -> 0.250714  n=2.000  phase=180.000
     2.1: kPhi 1.172539 -> 1.165674  n=2.000  phase=180.000
     3.1: kPhi 0.482465 -> 0.486653  n=2.000  phase=180.000
     4.1: kPhi 1.094473 -> 1.095515  n=2.000  phase=180.000
  center bond (18, 20): objective 1.422490 -> 1.422364  global RMSE 0.600291 -> 0.600203  (accepted, iterations=1)
     1.1: kPhi 1.170780 -> 1.174644  n=2.000  phase=180.000
     2.1: kPhi 1.541715 -> 1.537377  n=2.000  phase=180.000
     3.1: kPhi 0.636849 -> 0.636873  n=2.000  phase=180.000
     4.1: kPhi 0.611645 -> 0.611727  n=2.000  phase=180.000
  per-scan RMSE:
    (3, 14): 0.250883 -> 0.250883
    (6, 13): 0.396699 -> 0.396698
    (8, 15): 0.654262 -> 0.654237
    (18, 20): 0.890647 -> 0.890302

cycle 37: accepted=2 rejected=2  objective 1.422364 -> 1.421969  global RMSE 0.600203 -> 0.600067
  center bond (3, 14): objective 1.422364 -> 1.422364  global RMSE 0.600203 -> 0.600203  (rejected, iterations=1)
     1.1: kPhi -0.024025 -> -0.024025  n=1.000  phase=0.000
     2.1: kPhi 0.062507 -> 0.062507  n=1.000  phase=0.000
     3.1: kPhi -0.038503 -> -0.038503  n=1.000  phase=0.000
     4.1: kPhi 0.025235 -> 0.025235  n=1.000  phase=0.000
     5.1: kPhi -0.066837 -> -0.066837  n=1.000  phase=0.000
     6.1: kPhi 0.041599 -> 0.041599  n=1.000  phase=0.000
  center bond (6, 13): objective 1.422364 -> 1.422364  global RMSE 0.600203 -> 0.600203  (rejected, iterations=1)
     1.1: kPhi 0.026134 -> 0.026134  n=1.000  phase=0.000
     2.1: kPhi 0.033742 -> 0.033742  n=1.000  phase=0.000
     3.1: kPhi -0.064570 -> -0.064570  n=1.000  phase=0.000
     4.1: kPhi -0.027198 -> -0.027198  n=1.000  phase=0.000
     5.1: kPhi -0.031709 -> -0.031709  n=1.000  phase=0.000
     6.1: kPhi 0.063735 -> 0.063735  n=1.000  phase=0.000
  center bond (8, 15): objective 1.422364 -> 1.422092  global RMSE 0.600203 -> 0.600152  (accepted, iterations=1)
     1.1: kPhi 0.250714 -> 0.252680  n=2.000  phase=180.000
     2.1: kPhi 1.165674 -> 1.158871  n=2.000  phase=180.000
     3.1: kPhi 0.486653 -> 0.490781  n=2.000  phase=180.000
     4.1: kPhi 1.095515 -> 1.096564  n=2.000  phase=180.000
  center bond (18, 20): objective 1.422092 -> 1.421969  global RMSE 0.600152 -> 0.600067  (accepted, iterations=1)
     1.1: kPhi 1.174644 -> 1.178469  n=2.000  phase=180.000
     2.1: kPhi 1.537377 -> 1.533101  n=2.000  phase=180.000
     3.1: kPhi 0.636873 -> 0.636905  n=2.000  phase=180.000
     4.1: kPhi 0.611727 -> 0.611817  n=2.000  phase=180.000
  per-scan RMSE:
    (3, 14): 0.250883 -> 0.250883
    (6, 13): 0.396698 -> 0.396698
    (8, 15): 0.654237 -> 0.654193
    (18, 20): 0.890302 -> 0.889968

cycle 38: accepted=2 rejected=2  objective 1.421969 -> 1.421584  global RMSE 0.600067 -> 0.599932
  center bond (3, 14): objective 1.421969 -> 1.421969  global RMSE 0.600067 -> 0.600067  (rejected, iterations=1)
     1.1: kPhi -0.024025 -> -0.024025  n=1.000  phase=0.000
     2.1: kPhi 0.062507 -> 0.062507  n=1.000  phase=0.000
     3.1: kPhi -0.038503 -> -0.038503  n=1.000  phase=0.000
     4.1: kPhi 0.025235 -> 0.025235  n=1.000  phase=0.000
     5.1: kPhi -0.066837 -> -0.066837  n=1.000  phase=0.000
     6.1: kPhi 0.041599 -> 0.041599  n=1.000  phase=0.000
  center bond (6, 13): objective 1.421969 -> 1.421969  global RMSE 0.600067 -> 0.600067  (rejected, iterations=1)
     1.1: kPhi 0.026134 -> 0.026134  n=1.000  phase=0.000
     2.1: kPhi 0.033742 -> 0.033742  n=1.000  phase=0.000
     3.1: kPhi -0.064570 -> -0.064570  n=1.000  phase=0.000
     4.1: kPhi -0.027198 -> -0.027198  n=1.000  phase=0.000
     5.1: kPhi -0.031709 -> -0.031709  n=1.000  phase=0.000
     6.1: kPhi 0.063735 -> 0.063735  n=1.000  phase=0.000
  center bond (8, 15): objective 1.421969 -> 1.421704  global RMSE 0.600067 -> 0.600015  (accepted, iterations=1)
     1.1: kPhi 0.252680 -> 0.254596  n=2.000  phase=180.000
     2.1: kPhi 1.158871 -> 1.152140  n=2.000  phase=180.000
     3.1: kPhi 0.490781 -> 0.494858  n=2.000  phase=180.000
     4.1: kPhi 1.096564 -> 1.097626  n=2.000  phase=180.000
  center bond (18, 20): objective 1.421704 -> 1.421584  global RMSE 0.600015 -> 0.599932  (accepted, iterations=1)
     1.1: kPhi 1.178469 -> 1.182249  n=2.000  phase=180.000
     2.1: kPhi 1.533101 -> 1.528880  n=2.000  phase=180.000
     3.1: kPhi 0.636905 -> 0.636938  n=2.000  phase=180.000
     4.1: kPhi 0.611817 -> 0.611906  n=2.000  phase=180.000
  per-scan RMSE:
    (3, 14): 0.250883 -> 0.250883
    (6, 13): 0.396698 -> 0.396698
    (8, 15): 0.654193 -> 0.654142
    (18, 20): 0.889968 -> 0.889641

cycle 39: accepted=2 rejected=2  objective 1.421584 -> 1.421207  global RMSE 0.599932 -> 0.599798
  center bond (3, 14): objective 1.421584 -> 1.421584  global RMSE 0.599932 -> 0.599932  (rejected, iterations=1)
     1.1: kPhi -0.024025 -> -0.024025  n=1.000  phase=0.000
     2.1: kPhi 0.062507 -> 0.062507  n=1.000  phase=0.000
     3.1: kPhi -0.038503 -> -0.038503  n=1.000  phase=0.000
     4.1: kPhi 0.025235 -> 0.025235  n=1.000  phase=0.000
     5.1: kPhi -0.066837 -> -0.066837  n=1.000  phase=0.000
     6.1: kPhi 0.041599 -> 0.041599  n=1.000  phase=0.000
  center bond (6, 13): objective 1.421584 -> 1.421584  global RMSE 0.599932 -> 0.599932  (rejected, iterations=1)
     1.1: kPhi 0.026134 -> 0.026134  n=1.000  phase=0.000
     2.1: kPhi 0.033742 -> 0.033742  n=1.000  phase=0.000
     3.1: kPhi -0.064570 -> -0.064570  n=1.000  phase=0.000
     4.1: kPhi -0.027198 -> -0.027198  n=1.000  phase=0.000
     5.1: kPhi -0.031709 -> -0.031709  n=1.000  phase=0.000
     6.1: kPhi 0.063735 -> 0.063735  n=1.000  phase=0.000
  center bond (8, 15): objective 1.421584 -> 1.421324  global RMSE 0.599932 -> 0.599881  (accepted, iterations=1)
     1.1: kPhi 0.254596 -> 0.256468  n=2.000  phase=180.000
     2.1: kPhi 1.152140 -> 1.145482  n=2.000  phase=180.000
     3.1: kPhi 0.494858 -> 0.498888  n=2.000  phase=180.000
     4.1: kPhi 1.097626 -> 1.098704  n=2.000  phase=180.000
  center bond (18, 20): objective 1.421324 -> 1.421207  global RMSE 0.599881 -> 0.599798  (accepted, iterations=1)
     1.1: kPhi 1.182249 -> 1.185982  n=2.000  phase=180.000
     2.1: kPhi 1.528880 -> 1.524711  n=2.000  phase=180.000
     3.1: kPhi 0.636938 -> 0.636971  n=2.000  phase=180.000
     4.1: kPhi 0.611906 -> 0.611995  n=2.000  phase=180.000
  per-scan RMSE:
    (3, 14): 0.250883 -> 0.250883
    (6, 13): 0.396698 -> 0.396697
    (8, 15): 0.654142 -> 0.654089
    (18, 20): 0.889641 -> 0.889319

cycle 40: accepted=2 rejected=2  objective 1.421207 -> 1.420839  global RMSE 0.599798 -> 0.599667
  center bond (3, 14): objective 1.421207 -> 1.421207  global RMSE 0.599798 -> 0.599798  (rejected, iterations=1)
     1.1: kPhi -0.024025 -> -0.024025  n=1.000  phase=0.000
     2.1: kPhi 0.062507 -> 0.062507  n=1.000  phase=0.000
     3.1: kPhi -0.038503 -> -0.038503  n=1.000  phase=0.000
     4.1: kPhi 0.025235 -> 0.025235  n=1.000  phase=0.000
     5.1: kPhi -0.066837 -> -0.066837  n=1.000  phase=0.000
     6.1: kPhi 0.041599 -> 0.041599  n=1.000  phase=0.000
  center bond (6, 13): objective 1.421207 -> 1.421207  global RMSE 0.599798 -> 0.599798  (rejected, iterations=1)
     1.1: kPhi 0.026134 -> 0.026134  n=1.000  phase=0.000
     2.1: kPhi 0.033742 -> 0.033742  n=1.000  phase=0.000
     3.1: kPhi -0.064570 -> -0.064570  n=1.000  phase=0.000
     4.1: kPhi -0.027198 -> -0.027198  n=1.000  phase=0.000
     5.1: kPhi -0.031709 -> -0.031709  n=1.000  phase=0.000
     6.1: kPhi 0.063735 -> 0.063735  n=1.000  phase=0.000
  center bond (8, 15): objective 1.421207 -> 1.420953  global RMSE 0.599798 -> 0.599747  (accepted, iterations=1)
     1.1: kPhi 0.256468 -> 0.258296  n=2.000  phase=180.000
     2.1: kPhi 1.145482 -> 1.138896  n=2.000  phase=180.000
     3.1: kPhi 0.498888 -> 0.502872  n=2.000  phase=180.000
     4.1: kPhi 1.098704 -> 1.099797  n=2.000  phase=180.000
  center bond (18, 20): objective 1.420953 -> 1.420839  global RMSE 0.599747 -> 0.599667  (accepted, iterations=1)
     1.1: kPhi 1.185982 -> 1.189671  n=2.000  phase=180.000
     2.1: kPhi 1.524711 -> 1.520595  n=2.000  phase=180.000
     3.1: kPhi 0.636971 -> 0.637004  n=2.000  phase=180.000
     4.1: kPhi 0.611995 -> 0.612084  n=2.000  phase=180.000
  per-scan RMSE:
    (3, 14): 0.250883 -> 0.250884
    (6, 13): 0.396697 -> 0.396697
    (8, 15): 0.654089 -> 0.654035
    (18, 20): 0.889319 -> 0.889004

cycle 41: accepted=2 rejected=2  objective 1.420839 -> 1.420479  global RMSE 0.599667 -> 0.599536
  center bond (3, 14): objective 1.420839 -> 1.420839  global RMSE 0.599667 -> 0.599667  (rejected, iterations=1)
     1.1: kPhi -0.024025 -> -0.024025  n=1.000  phase=0.000
     2.1: kPhi 0.062507 -> 0.062507  n=1.000  phase=0.000
     3.1: kPhi -0.038503 -> -0.038503  n=1.000  phase=0.000
     4.1: kPhi 0.025235 -> 0.025235  n=1.000  phase=0.000
     5.1: kPhi -0.066837 -> -0.066837  n=1.000  phase=0.000
     6.1: kPhi 0.041599 -> 0.041599  n=1.000  phase=0.000
  center bond (6, 13): objective 1.420839 -> 1.420839  global RMSE 0.599667 -> 0.599667  (rejected, iterations=1)
     1.1: kPhi 0.026134 -> 0.026134  n=1.000  phase=0.000
     2.1: kPhi 0.033742 -> 0.033742  n=1.000  phase=0.000
     3.1: kPhi -0.064570 -> -0.064570  n=1.000  phase=0.000
     4.1: kPhi -0.027198 -> -0.027198  n=1.000  phase=0.000
     5.1: kPhi -0.031709 -> -0.031709  n=1.000  phase=0.000
     6.1: kPhi 0.063735 -> 0.063735  n=1.000  phase=0.000
  center bond (8, 15): objective 1.420839 -> 1.420591  global RMSE 0.599667 -> 0.599616  (accepted, iterations=1)
     1.1: kPhi 0.258296 -> 0.260083  n=2.000  phase=180.000
     2.1: kPhi 1.138896 -> 1.132381  n=2.000  phase=180.000
     3.1: kPhi 0.502872 -> 0.506810  n=2.000  phase=180.000
     4.1: kPhi 1.099797 -> 1.100904  n=2.000  phase=180.000
  center bond (18, 20): objective 1.420591 -> 1.420479  global RMSE 0.599616 -> 0.599536  (accepted, iterations=1)
     1.1: kPhi 1.189671 -> 1.193314  n=2.000  phase=180.000
     2.1: kPhi 1.520595 -> 1.516530  n=2.000  phase=180.000
     3.1: kPhi 0.637004 -> 0.637037  n=2.000  phase=180.000
     4.1: kPhi 0.612084 -> 0.612171  n=2.000  phase=180.000
  per-scan RMSE:
    (3, 14): 0.250884 -> 0.250884
    (6, 13): 0.396697 -> 0.396696
    (8, 15): 0.654035 -> 0.653980
    (18, 20): 0.889004 -> 0.888693

cycle 42: accepted=2 rejected=2  objective 1.420479 -> 1.420128  global RMSE 0.599536 -> 0.599408
  center bond (3, 14): objective 1.420479 -> 1.420479  global RMSE 0.599536 -> 0.599536  (rejected, iterations=1)
     1.1: kPhi -0.024025 -> -0.024025  n=1.000  phase=0.000
     2.1: kPhi 0.062507 -> 0.062507  n=1.000  phase=0.000
     3.1: kPhi -0.038503 -> -0.038503  n=1.000  phase=0.000
     4.1: kPhi 0.025235 -> 0.025235  n=1.000  phase=0.000
     5.1: kPhi -0.066837 -> -0.066837  n=1.000  phase=0.000
     6.1: kPhi 0.041599 -> 0.041599  n=1.000  phase=0.000
  center bond (6, 13): objective 1.420479 -> 1.420479  global RMSE 0.599536 -> 0.599536  (rejected, iterations=1)
     1.1: kPhi 0.026134 -> 0.026134  n=1.000  phase=0.000
     2.1: kPhi 0.033742 -> 0.033742  n=1.000  phase=0.000
     3.1: kPhi -0.064570 -> -0.064570  n=1.000  phase=0.000
     4.1: kPhi -0.027198 -> -0.027198  n=1.000  phase=0.000
     5.1: kPhi -0.031709 -> -0.031709  n=1.000  phase=0.000
     6.1: kPhi 0.063735 -> 0.063735  n=1.000  phase=0.000
  center bond (8, 15): objective 1.420479 -> 1.420237  global RMSE 0.599536 -> 0.599486  (accepted, iterations=1)
     1.1: kPhi 0.260083 -> 0.261828  n=2.000  phase=180.000
     2.1: kPhi 1.132381 -> 1.125937  n=2.000  phase=180.000
     3.1: kPhi 0.506810 -> 0.510702  n=2.000  phase=180.000
     4.1: kPhi 1.100904 -> 1.102024  n=2.000  phase=180.000
  center bond (18, 20): objective 1.420237 -> 1.420128  global RMSE 0.599486 -> 0.599408  (accepted, iterations=1)
     1.1: kPhi 1.193314 -> 1.196914  n=2.000  phase=180.000
     2.1: kPhi 1.516530 -> 1.512517  n=2.000  phase=180.000
     3.1: kPhi 0.637037 -> 0.637070  n=2.000  phase=180.000
     4.1: kPhi 0.612171 -> 0.612258  n=2.000  phase=180.000
  per-scan RMSE:
    (3, 14): 0.250884 -> 0.250884
    (6, 13): 0.396696 -> 0.396696
    (8, 15): 0.653980 -> 0.653923
    (18, 20): 0.888693 -> 0.888388

cycle 43: accepted=2 rejected=2  objective 1.420128 -> 1.419785  global RMSE 0.599408 -> 0.599281
  center bond (3, 14): objective 1.420128 -> 1.420128  global RMSE 0.599408 -> 0.599408  (rejected, iterations=1)
     1.1: kPhi -0.024025 -> -0.024025  n=1.000  phase=0.000
     2.1: kPhi 0.062507 -> 0.062507  n=1.000  phase=0.000
     3.1: kPhi -0.038503 -> -0.038503  n=1.000  phase=0.000
     4.1: kPhi 0.025235 -> 0.025235  n=1.000  phase=0.000
     5.1: kPhi -0.066837 -> -0.066837  n=1.000  phase=0.000
     6.1: kPhi 0.041599 -> 0.041599  n=1.000  phase=0.000
  center bond (6, 13): objective 1.420128 -> 1.420128  global RMSE 0.599408 -> 0.599408  (rejected, iterations=1)
     1.1: kPhi 0.026134 -> 0.026134  n=1.000  phase=0.000
     2.1: kPhi 0.033742 -> 0.033742  n=1.000  phase=0.000
     3.1: kPhi -0.064570 -> -0.064570  n=1.000  phase=0.000
     4.1: kPhi -0.027198 -> -0.027198  n=1.000  phase=0.000
     5.1: kPhi -0.031709 -> -0.031709  n=1.000  phase=0.000
     6.1: kPhi 0.063735 -> 0.063735  n=1.000  phase=0.000
  center bond (8, 15): objective 1.420128 -> 1.419891  global RMSE 0.599408 -> 0.599358  (accepted, iterations=1)
     1.1: kPhi 0.261828 -> 0.263533  n=2.000  phase=180.000
     2.1: kPhi 1.125937 -> 1.119562  n=2.000  phase=180.000
     3.1: kPhi 0.510702 -> 0.514550  n=2.000  phase=180.000
     4.1: kPhi 1.102024 -> 1.103155  n=2.000  phase=180.000
  center bond (18, 20): objective 1.419891 -> 1.419785  global RMSE 0.599358 -> 0.599281  (accepted, iterations=1)
     1.1: kPhi 1.196914 -> 1.200471  n=2.000  phase=180.000
     2.1: kPhi 1.512517 -> 1.508554  n=2.000  phase=180.000
     3.1: kPhi 0.637070 -> 0.637103  n=2.000  phase=180.000
     4.1: kPhi 0.612258 -> 0.612344  n=2.000  phase=180.000
  per-scan RMSE:
    (3, 14): 0.250884 -> 0.250884
    (6, 13): 0.396696 -> 0.396695
    (8, 15): 0.653923 -> 0.653866
    (18, 20): 0.888388 -> 0.888088

cycle 44: accepted=2 rejected=2  objective 1.419785 -> 1.419449  global RMSE 0.599281 -> 0.599155
  center bond (3, 14): objective 1.419785 -> 1.419785  global RMSE 0.599281 -> 0.599281  (rejected, iterations=1)
     1.1: kPhi -0.024025 -> -0.024025  n=1.000  phase=0.000
     2.1: kPhi 0.062507 -> 0.062507  n=1.000  phase=0.000
     3.1: kPhi -0.038503 -> -0.038503  n=1.000  phase=0.000
     4.1: kPhi 0.025235 -> 0.025235  n=1.000  phase=0.000
     5.1: kPhi -0.066837 -> -0.066837  n=1.000  phase=0.000
     6.1: kPhi 0.041599 -> 0.041599  n=1.000  phase=0.000
  center bond (6, 13): objective 1.419785 -> 1.419785  global RMSE 0.599281 -> 0.599281  (rejected, iterations=1)
     1.1: kPhi 0.026134 -> 0.026134  n=1.000  phase=0.000
     2.1: kPhi 0.033742 -> 0.033742  n=1.000  phase=0.000
     3.1: kPhi -0.064570 -> -0.064570  n=1.000  phase=0.000
     4.1: kPhi -0.027198 -> -0.027198  n=1.000  phase=0.000
     5.1: kPhi -0.031709 -> -0.031709  n=1.000  phase=0.000
     6.1: kPhi 0.063735 -> 0.063735  n=1.000  phase=0.000
  center bond (8, 15): objective 1.419785 -> 1.419553  global RMSE 0.599281 -> 0.599231  (accepted, iterations=1)
     1.1: kPhi 0.263533 -> 0.265199  n=2.000  phase=180.000
     2.1: kPhi 1.119562 -> 1.113255  n=2.000  phase=180.000
     3.1: kPhi 0.514550 -> 0.518354  n=2.000  phase=180.000
     4.1: kPhi 1.103155 -> 1.104298  n=2.000  phase=180.000
  center bond (18, 20): objective 1.419553 -> 1.419449  global RMSE 0.599231 -> 0.599155  (accepted, iterations=1)
     1.1: kPhi 1.200471 -> 1.203985  n=2.000  phase=180.000
     2.1: kPhi 1.508554 -> 1.504642  n=2.000  phase=180.000
     3.1: kPhi 0.637103 -> 0.637135  n=2.000  phase=180.000
     4.1: kPhi 0.612344 -> 0.612429  n=2.000  phase=180.000
  per-scan RMSE:
    (3, 14): 0.250884 -> 0.250883
    (6, 13): 0.396695 -> 0.396695
    (8, 15): 0.653866 -> 0.653807
    (18, 20): 0.888088 -> 0.887793

cycle 45: accepted=2 rejected=2  objective 1.419449 -> 1.419121  global RMSE 0.599155 -> 0.599031
  center bond (3, 14): objective 1.419449 -> 1.419449  global RMSE 0.599155 -> 0.599155  (rejected, iterations=1)
     1.1: kPhi -0.024025 -> -0.024025  n=1.000  phase=0.000
     2.1: kPhi 0.062507 -> 0.062507  n=1.000  phase=0.000
     3.1: kPhi -0.038503 -> -0.038503  n=1.000  phase=0.000
     4.1: kPhi 0.025235 -> 0.025235  n=1.000  phase=0.000
     5.1: kPhi -0.066837 -> -0.066837  n=1.000  phase=0.000
     6.1: kPhi 0.041599 -> 0.041599  n=1.000  phase=0.000
  center bond (6, 13): objective 1.419449 -> 1.419449  global RMSE 0.599155 -> 0.599155  (rejected, iterations=1)
     1.1: kPhi 0.026134 -> 0.026134  n=1.000  phase=0.000
     2.1: kPhi 0.033742 -> 0.033742  n=1.000  phase=0.000
     3.1: kPhi -0.064570 -> -0.064570  n=1.000  phase=0.000
     4.1: kPhi -0.027198 -> -0.027198  n=1.000  phase=0.000
     5.1: kPhi -0.031709 -> -0.031709  n=1.000  phase=0.000
     6.1: kPhi 0.063735 -> 0.063735  n=1.000  phase=0.000
  center bond (8, 15): objective 1.419449 -> 1.419222  global RMSE 0.599155 -> 0.599106  (accepted, iterations=1)
     1.1: kPhi 0.265199 -> 0.266827  n=2.000  phase=180.000
     2.1: kPhi 1.113255 -> 1.107016  n=2.000  phase=180.000
     3.1: kPhi 0.518354 -> 0.522115  n=2.000  phase=180.000
     4.1: kPhi 1.104298 -> 1.105450  n=2.000  phase=180.000
  center bond (18, 20): objective 1.419222 -> 1.419121  global RMSE 0.599106 -> 0.599031  (accepted, iterations=1)
     1.1: kPhi 1.203985 -> 1.207456  n=2.000  phase=180.000
     2.1: kPhi 1.504642 -> 1.500779  n=2.000  phase=180.000
     3.1: kPhi 0.637135 -> 0.637167  n=2.000  phase=180.000
     4.1: kPhi 0.612429 -> 0.612514  n=2.000  phase=180.000
  per-scan RMSE:
    (3, 14): 0.250883 -> 0.250883
    (6, 13): 0.396695 -> 0.396694
    (8, 15): 0.653807 -> 0.653747
    (18, 20): 0.887793 -> 0.887503

cycle 46: accepted=3 rejected=1  objective 1.419121 -> 1.418801  global RMSE 0.599031 -> 0.598913
  center bond (3, 14): objective 1.419121 -> 1.419121  global RMSE 0.599031 -> 0.599031  (rejected, iterations=1)
     1.1: kPhi -0.024025 -> -0.024025  n=1.000  phase=0.000
     2.1: kPhi 0.062507 -> 0.062507  n=1.000  phase=0.000
     3.1: kPhi -0.038503 -> -0.038503  n=1.000  phase=0.000
     4.1: kPhi 0.025235 -> 0.025235  n=1.000  phase=0.000
     5.1: kPhi -0.066837 -> -0.066837  n=1.000  phase=0.000
     6.1: kPhi 0.041599 -> 0.041599  n=1.000  phase=0.000
  center bond (6, 13): objective 1.419121 -> 1.419121  global RMSE 0.599031 -> 0.599034  (accepted, iterations=1)
     1.1: kPhi 0.026134 -> 0.026056  n=1.000  phase=0.000
     2.1: kPhi 0.033742 -> 0.033760  n=1.000  phase=0.000
     3.1: kPhi -0.064570 -> -0.064507  n=1.000  phase=0.000
     4.1: kPhi -0.027198 -> -0.027176  n=1.000  phase=0.000
     5.1: kPhi -0.031709 -> -0.031727  n=1.000  phase=0.000
     6.1: kPhi 0.063735 -> 0.063728  n=1.000  phase=0.000
  center bond (8, 15): objective 1.419121 -> 1.418899  global RMSE 0.599034 -> 0.598986  (accepted, iterations=1)
     1.1: kPhi 0.266827 -> 0.268420  n=2.000  phase=180.000
     2.1: kPhi 1.107016 -> 1.100846  n=2.000  phase=180.000
     3.1: kPhi 0.522115 -> 0.525834  n=2.000  phase=180.000
     4.1: kPhi 1.105450 -> 1.106614  n=2.000  phase=180.000
  center bond (18, 20): objective 1.418899 -> 1.418801  global RMSE 0.598986 -> 0.598913  (accepted, iterations=1)
     1.1: kPhi 1.207456 -> 1.210886  n=2.000  phase=180.000
     2.1: kPhi 1.500779 -> 1.496965  n=2.000  phase=180.000
     3.1: kPhi 0.637167 -> 0.637199  n=2.000  phase=180.000
     4.1: kPhi 0.612514 -> 0.612597  n=2.000  phase=180.000
  per-scan RMSE:
    (3, 14): 0.250883 -> 0.250885
    (6, 13): 0.396694 -> 0.396716
    (8, 15): 0.653747 -> 0.653683
    (18, 20): 0.887503 -> 0.887219

cycle 47: accepted=2 rejected=2  objective 1.418801 -> 1.418488  global RMSE 0.598913 -> 0.598792
  center bond (3, 14): objective 1.418801 -> 1.418801  global RMSE 0.598913 -> 0.598913  (rejected, iterations=1)
     1.1: kPhi -0.024025 -> -0.024025  n=1.000  phase=0.000
     2.1: kPhi 0.062507 -> 0.062507  n=1.000  phase=0.000
     3.1: kPhi -0.038503 -> -0.038503  n=1.000  phase=0.000
     4.1: kPhi 0.025235 -> 0.025235  n=1.000  phase=0.000
     5.1: kPhi -0.066837 -> -0.066837  n=1.000  phase=0.000
     6.1: kPhi 0.041599 -> 0.041599  n=1.000  phase=0.000
  center bond (6, 13): objective 1.418801 -> 1.418801  global RMSE 0.598913 -> 0.598913  (rejected, iterations=1)
     1.1: kPhi 0.026056 -> 0.026056  n=1.000  phase=0.000
     2.1: kPhi 0.033760 -> 0.033760  n=1.000  phase=0.000
     3.1: kPhi -0.064507 -> -0.064507  n=1.000  phase=0.000
     4.1: kPhi -0.027176 -> -0.027176  n=1.000  phase=0.000
     5.1: kPhi -0.031727 -> -0.031727  n=1.000  phase=0.000
     6.1: kPhi 0.063728 -> 0.063728  n=1.000  phase=0.000
  center bond (8, 15): objective 1.418801 -> 1.418584  global RMSE 0.598913 -> 0.598864  (accepted, iterations=1)
     1.1: kPhi 0.268420 -> 0.269974  n=2.000  phase=180.000
     2.1: kPhi 1.100846 -> 1.094740  n=2.000  phase=180.000
     3.1: kPhi 0.525834 -> 0.529508  n=2.000  phase=180.000
     4.1: kPhi 1.106614 -> 1.107785  n=2.000  phase=180.000
  center bond (18, 20): objective 1.418584 -> 1.418488  global RMSE 0.598864 -> 0.598792  (accepted, iterations=1)
     1.1: kPhi 1.210886 -> 1.214276  n=2.000  phase=180.000
     2.1: kPhi 1.496965 -> 1.493200  n=2.000  phase=180.000
     3.1: kPhi 0.637199 -> 0.637231  n=2.000  phase=180.000
     4.1: kPhi 0.612597 -> 0.612681  n=2.000  phase=180.000
  per-scan RMSE:
    (3, 14): 0.250885 -> 0.250884
    (6, 13): 0.396716 -> 0.396715
    (8, 15): 0.653683 -> 0.653621
    (18, 20): 0.887219 -> 0.886939

cycle 48: accepted=2 rejected=2  objective 1.418488 -> 1.418181  global RMSE 0.598792 -> 0.598672
  center bond (3, 14): objective 1.418488 -> 1.418488  global RMSE 0.598792 -> 0.598792  (rejected, iterations=1)
     1.1: kPhi -0.024025 -> -0.024025  n=1.000  phase=0.000
     2.1: kPhi 0.062507 -> 0.062507  n=1.000  phase=0.000
     3.1: kPhi -0.038503 -> -0.038503  n=1.000  phase=0.000
     4.1: kPhi 0.025235 -> 0.025235  n=1.000  phase=0.000
     5.1: kPhi -0.066837 -> -0.066837  n=1.000  phase=0.000
     6.1: kPhi 0.041599 -> 0.041599  n=1.000  phase=0.000
  center bond (6, 13): objective 1.418488 -> 1.418488  global RMSE 0.598792 -> 0.598792  (rejected, iterations=1)
     1.1: kPhi 0.026056 -> 0.026056  n=1.000  phase=0.000
     2.1: kPhi 0.033760 -> 0.033760  n=1.000  phase=0.000
     3.1: kPhi -0.064507 -> -0.064507  n=1.000  phase=0.000
     4.1: kPhi -0.027176 -> -0.027176  n=1.000  phase=0.000
     5.1: kPhi -0.031727 -> -0.031727  n=1.000  phase=0.000
     6.1: kPhi 0.063728 -> 0.063728  n=1.000  phase=0.000
  center bond (8, 15): objective 1.418488 -> 1.418275  global RMSE 0.598792 -> 0.598743  (accepted, iterations=1)
     1.1: kPhi 0.269974 -> 0.271494  n=2.000  phase=180.000
     2.1: kPhi 1.094740 -> 1.088699  n=2.000  phase=180.000
     3.1: kPhi 0.529508 -> 0.533141  n=2.000  phase=180.000
     4.1: kPhi 1.107785 -> 1.108963  n=2.000  phase=180.000
  center bond (18, 20): objective 1.418275 -> 1.418181  global RMSE 0.598743 -> 0.598672  (accepted, iterations=1)
     1.1: kPhi 1.214276 -> 1.217624  n=2.000  phase=180.000
     2.1: kPhi 1.493200 -> 1.489482  n=2.000  phase=180.000
     3.1: kPhi 0.637231 -> 0.637262  n=2.000  phase=180.000
     4.1: kPhi 0.612681 -> 0.612763  n=2.000  phase=180.000
  per-scan RMSE:
    (3, 14): 0.250884 -> 0.250884
    (6, 13): 0.396715 -> 0.396715
    (8, 15): 0.653621 -> 0.653557
    (18, 20): 0.886939 -> 0.886663

cycle 49: accepted=2 rejected=2  objective 1.418181 -> 1.417882  global RMSE 0.598672 -> 0.598554
  center bond (3, 14): objective 1.418181 -> 1.418181  global RMSE 0.598672 -> 0.598672  (rejected, iterations=1)
     1.1: kPhi -0.024025 -> -0.024025  n=1.000  phase=0.000
     2.1: kPhi 0.062507 -> 0.062507  n=1.000  phase=0.000
     3.1: kPhi -0.038503 -> -0.038503  n=1.000  phase=0.000
     4.1: kPhi 0.025235 -> 0.025235  n=1.000  phase=0.000
     5.1: kPhi -0.066837 -> -0.066837  n=1.000  phase=0.000
     6.1: kPhi 0.041599 -> 0.041599  n=1.000  phase=0.000
  center bond (6, 13): objective 1.418181 -> 1.418181  global RMSE 0.598672 -> 0.598672  (rejected, iterations=1)
     1.1: kPhi 0.026056 -> 0.026056  n=1.000  phase=0.000
     2.1: kPhi 0.033760 -> 0.033760  n=1.000  phase=0.000
     3.1: kPhi -0.064507 -> -0.064507  n=1.000  phase=0.000
     4.1: kPhi -0.027176 -> -0.027176  n=1.000  phase=0.000
     5.1: kPhi -0.031727 -> -0.031727  n=1.000  phase=0.000
     6.1: kPhi 0.063728 -> 0.063728  n=1.000  phase=0.000
  center bond (8, 15): objective 1.418181 -> 1.417974  global RMSE 0.598672 -> 0.598624  (accepted, iterations=1)
     1.1: kPhi 0.271494 -> 0.272980  n=2.000  phase=180.000
     2.1: kPhi 1.088699 -> 1.082723  n=2.000  phase=180.000
     3.1: kPhi 0.533141 -> 0.536733  n=2.000  phase=180.000
     4.1: kPhi 1.108963 -> 1.110150  n=2.000  phase=180.000
  center bond (18, 20): objective 1.417974 -> 1.417882  global RMSE 0.598624 -> 0.598554  (accepted, iterations=1)
     1.1: kPhi 1.217624 -> 1.220932  n=2.000  phase=180.000
     2.1: kPhi 1.489482 -> 1.485812  n=2.000  phase=180.000
     3.1: kPhi 0.637262 -> 0.637292  n=2.000  phase=180.000
     4.1: kPhi 0.612763 -> 0.612844  n=2.000  phase=180.000
  per-scan RMSE:
    (3, 14): 0.250884 -> 0.250884
    (6, 13): 0.396715 -> 0.396714
    (8, 15): 0.653557 -> 0.653493
    (18, 20): 0.886663 -> 0.886392

cycle 50: accepted=3 rejected=1  objective 1.417882 -> 1.417590  global RMSE 0.598554 -> 0.598434
  center bond (3, 14): objective 1.417882 -> 1.417882  global RMSE 0.598554 -> 0.598548  (accepted, iterations=1)
     1.1: kPhi -0.024025 -> -0.024021  n=1.000  phase=0.000
     2.1: kPhi 0.062507 -> 0.062585  n=1.000  phase=0.000
     3.1: kPhi -0.038503 -> -0.038561  n=1.000  phase=0.000
     4.1: kPhi 0.025235 -> 0.025223  n=1.000  phase=0.000
     5.1: kPhi -0.066837 -> -0.066886  n=1.000  phase=0.000
     6.1: kPhi 0.041599 -> 0.041635  n=1.000  phase=0.000
  center bond (6, 13): objective 1.417882 -> 1.417882  global RMSE 0.598548 -> 0.598548  (rejected, iterations=1)
     1.1: kPhi 0.026056 -> 0.026056  n=1.000  phase=0.000
     2.1: kPhi 0.033760 -> 0.033760  n=1.000  phase=0.000
     3.1: kPhi -0.064507 -> -0.064507  n=1.000  phase=0.000
     4.1: kPhi -0.027176 -> -0.027176  n=1.000  phase=0.000
     5.1: kPhi -0.031727 -> -0.031727  n=1.000  phase=0.000
     6.1: kPhi 0.063728 -> 0.063728  n=1.000  phase=0.000
  center bond (8, 15): objective 1.417882 -> 1.417679  global RMSE 0.598548 -> 0.598503  (accepted, iterations=1)
     1.1: kPhi 0.272980 -> 0.274441  n=2.000  phase=180.000
     2.1: kPhi 1.082723 -> 1.076818  n=2.000  phase=180.000
     3.1: kPhi 0.536733 -> 0.540291  n=2.000  phase=180.000
     4.1: kPhi 1.110150 -> 1.111349  n=2.000  phase=180.000
  center bond (18, 20): objective 1.417679 -> 1.417590  global RMSE 0.598503 -> 0.598434  (accepted, iterations=1)
     1.1: kPhi 1.220932 -> 1.224198  n=2.000  phase=180.000
     2.1: kPhi 1.485812 -> 1.482186  n=2.000  phase=180.000
     3.1: kPhi 0.637292 -> 0.637321  n=2.000  phase=180.000
     4.1: kPhi 0.612844 -> 0.612922  n=2.000  phase=180.000
  per-scan RMSE:
    (3, 14): 0.250884 -> 0.250827
    (6, 13): 0.396714 -> 0.396713
    (8, 15): 0.653493 -> 0.653434
    (18, 20): 0.886392 -> 0.886128

cycle 51: accepted=2 rejected=2  objective 1.417590 -> 1.417304  global RMSE 0.598434 -> 0.598319
  center bond (3, 14): objective 1.417590 -> 1.417590  global RMSE 0.598434 -> 0.598434  (rejected, iterations=1)
     1.1: kPhi -0.024021 -> -0.024021  n=1.000  phase=0.000
     2.1: kPhi 0.062585 -> 0.062585  n=1.000  phase=0.000
     3.1: kPhi -0.038561 -> -0.038561  n=1.000  phase=0.000
     4.1: kPhi 0.025223 -> 0.025223  n=1.000  phase=0.000
     5.1: kPhi -0.066886 -> -0.066886  n=1.000  phase=0.000
     6.1: kPhi 0.041635 -> 0.041635  n=1.000  phase=0.000
  center bond (6, 13): objective 1.417590 -> 1.417590  global RMSE 0.598434 -> 0.598434  (rejected, iterations=1)
     1.1: kPhi 0.026056 -> 0.026056  n=1.000  phase=0.000
     2.1: kPhi 0.033760 -> 0.033760  n=1.000  phase=0.000
     3.1: kPhi -0.064507 -> -0.064507  n=1.000  phase=0.000
     4.1: kPhi -0.027176 -> -0.027176  n=1.000  phase=0.000
     5.1: kPhi -0.031727 -> -0.031727  n=1.000  phase=0.000
     6.1: kPhi 0.063728 -> 0.063728  n=1.000  phase=0.000
  center bond (8, 15): objective 1.417590 -> 1.417391  global RMSE 0.598434 -> 0.598386  (accepted, iterations=1)
     1.1: kPhi 0.274441 -> 0.275861  n=2.000  phase=180.000
     2.1: kPhi 1.076818 -> 1.070968  n=2.000  phase=180.000
     3.1: kPhi 0.540291 -> 0.543800  n=2.000  phase=180.000
     4.1: kPhi 1.111349 -> 1.112547  n=2.000  phase=180.000
  center bond (18, 20): objective 1.417391 -> 1.417304  global RMSE 0.598386 -> 0.598319  (accepted, iterations=1)
     1.1: kPhi 1.224198 -> 1.227429  n=2.000  phase=180.000
     2.1: kPhi 1.482186 -> 1.478609  n=2.000  phase=180.000
     3.1: kPhi 0.637321 -> 0.637352  n=2.000  phase=180.000
     4.1: kPhi 0.612922 -> 0.613003  n=2.000  phase=180.000
  per-scan RMSE:
    (3, 14): 0.250827 -> 0.250826
    (6, 13): 0.396713 -> 0.396713
    (8, 15): 0.653434 -> 0.653368
    (18, 20): 0.886128 -> 0.885866

cycle 52: accepted=2 rejected=2  objective 1.417304 -> 1.417025  global RMSE 0.598319 -> 0.598205
  center bond (3, 14): objective 1.417304 -> 1.417304  global RMSE 0.598319 -> 0.598319  (rejected, iterations=1)
     1.1: kPhi -0.024021 -> -0.024021  n=1.000  phase=0.000
     2.1: kPhi 0.062585 -> 0.062585  n=1.000  phase=0.000
     3.1: kPhi -0.038561 -> -0.038561  n=1.000  phase=0.000
     4.1: kPhi 0.025223 -> 0.025223  n=1.000  phase=0.000
     5.1: kPhi -0.066886 -> -0.066886  n=1.000  phase=0.000
     6.1: kPhi 0.041635 -> 0.041635  n=1.000  phase=0.000
  center bond (6, 13): objective 1.417304 -> 1.417304  global RMSE 0.598319 -> 0.598319  (rejected, iterations=1)
     1.1: kPhi 0.026056 -> 0.026056  n=1.000  phase=0.000
     2.1: kPhi 0.033760 -> 0.033760  n=1.000  phase=0.000
     3.1: kPhi -0.064507 -> -0.064507  n=1.000  phase=0.000
     4.1: kPhi -0.027176 -> -0.027176  n=1.000  phase=0.000
     5.1: kPhi -0.031727 -> -0.031727  n=1.000  phase=0.000
     6.1: kPhi 0.063728 -> 0.063728  n=1.000  phase=0.000
  center bond (8, 15): objective 1.417304 -> 1.417109  global RMSE 0.598319 -> 0.598271  (accepted, iterations=1)
     1.1: kPhi 0.275861 -> 0.277249  n=2.000  phase=180.000
     2.1: kPhi 1.070968 -> 1.065180  n=2.000  phase=180.000
     3.1: kPhi 0.543800 -> 0.547270  n=2.000  phase=180.000
     4.1: kPhi 1.112547 -> 1.113751  n=2.000  phase=180.000
  center bond (18, 20): objective 1.417109 -> 1.417025  global RMSE 0.598271 -> 0.598205  (accepted, iterations=1)
     1.1: kPhi 1.227429 -> 1.230620  n=2.000  phase=180.000
     2.1: kPhi 1.478609 -> 1.475077  n=2.000  phase=180.000
     3.1: kPhi 0.637352 -> 0.637382  n=2.000  phase=180.000
     4.1: kPhi 0.613003 -> 0.613082  n=2.000  phase=180.000
  per-scan RMSE:
    (3, 14): 0.250826 -> 0.250826
    (6, 13): 0.396713 -> 0.396712
    (8, 15): 0.653368 -> 0.653300
    (18, 20): 0.885866 -> 0.885608

cycle 53: accepted=2 rejected=2  objective 1.417025 -> 1.416751  global RMSE 0.598205 -> 0.598092
  center bond (3, 14): objective 1.417025 -> 1.417025  global RMSE 0.598205 -> 0.598205  (rejected, iterations=1)
     1.1: kPhi -0.024021 -> -0.024021  n=1.000  phase=0.000
     2.1: kPhi 0.062585 -> 0.062585  n=1.000  phase=0.000
     3.1: kPhi -0.038561 -> -0.038561  n=1.000  phase=0.000
     4.1: kPhi 0.025223 -> 0.025223  n=1.000  phase=0.000
     5.1: kPhi -0.066886 -> -0.066886  n=1.000  phase=0.000
     6.1: kPhi 0.041635 -> 0.041635  n=1.000  phase=0.000
  center bond (6, 13): objective 1.417025 -> 1.417025  global RMSE 0.598205 -> 0.598205  (rejected, iterations=1)
     1.1: kPhi 0.026056 -> 0.026056  n=1.000  phase=0.000
     2.1: kPhi 0.033760 -> 0.033760  n=1.000  phase=0.000
     3.1: kPhi -0.064507 -> -0.064507  n=1.000  phase=0.000
     4.1: kPhi -0.027176 -> -0.027176  n=1.000  phase=0.000
     5.1: kPhi -0.031727 -> -0.031727  n=1.000  phase=0.000
     6.1: kPhi 0.063728 -> 0.063728  n=1.000  phase=0.000
  center bond (8, 15): objective 1.417025 -> 1.416834  global RMSE 0.598205 -> 0.598158  (accepted, iterations=1)
     1.1: kPhi 0.277249 -> 0.278608  n=2.000  phase=180.000
     2.1: kPhi 1.065180 -> 1.059454  n=2.000  phase=180.000
     3.1: kPhi 0.547270 -> 0.550701  n=2.000  phase=180.000
     4.1: kPhi 1.113751 -> 1.114960  n=2.000  phase=180.000
  center bond (18, 20): objective 1.416834 -> 1.416751  global RMSE 0.598158 -> 0.598092  (accepted, iterations=1)
     1.1: kPhi 1.230620 -> 1.233772  n=2.000  phase=180.000
     2.1: kPhi 1.475077 -> 1.471589  n=2.000  phase=180.000
     3.1: kPhi 0.637382 -> 0.637410  n=2.000  phase=180.000
     4.1: kPhi 0.613082 -> 0.613159  n=2.000  phase=180.000
  per-scan RMSE:
    (3, 14): 0.250826 -> 0.250826
    (6, 13): 0.396712 -> 0.396711
    (8, 15): 0.653300 -> 0.653232
    (18, 20): 0.885608 -> 0.885354

cycle 54: accepted=2 rejected=2  objective 1.416751 -> 1.416484  global RMSE 0.598092 -> 0.597981
  center bond (3, 14): objective 1.416751 -> 1.416751  global RMSE 0.598092 -> 0.598092  (rejected, iterations=1)
     1.1: kPhi -0.024021 -> -0.024021  n=1.000  phase=0.000
     2.1: kPhi 0.062585 -> 0.062585  n=1.000  phase=0.000
     3.1: kPhi -0.038561 -> -0.038561  n=1.000  phase=0.000
     4.1: kPhi 0.025223 -> 0.025223  n=1.000  phase=0.000
     5.1: kPhi -0.066886 -> -0.066886  n=1.000  phase=0.000
     6.1: kPhi 0.041635 -> 0.041635  n=1.000  phase=0.000
  center bond (6, 13): objective 1.416751 -> 1.416751  global RMSE 0.598092 -> 0.598092  (rejected, iterations=1)
     1.1: kPhi 0.026056 -> 0.026056  n=1.000  phase=0.000
     2.1: kPhi 0.033760 -> 0.033760  n=1.000  phase=0.000
     3.1: kPhi -0.064507 -> -0.064507  n=1.000  phase=0.000
     4.1: kPhi -0.027176 -> -0.027176  n=1.000  phase=0.000
     5.1: kPhi -0.031727 -> -0.031727  n=1.000  phase=0.000
     6.1: kPhi 0.063728 -> 0.063728  n=1.000  phase=0.000
  center bond (8, 15): objective 1.416751 -> 1.416565  global RMSE 0.598092 -> 0.598045  (accepted, iterations=1)
     1.1: kPhi 0.278608 -> 0.279938  n=2.000  phase=180.000
     2.1: kPhi 1.059454 -> 1.053790  n=2.000  phase=180.000
     3.1: kPhi 0.550701 -> 0.554094  n=2.000  phase=180.000
     4.1: kPhi 1.114960 -> 1.116174  n=2.000  phase=180.000
  center bond (18, 20): objective 1.416565 -> 1.416484  global RMSE 0.598045 -> 0.597981  (accepted, iterations=1)
     1.1: kPhi 1.233772 -> 1.236886  n=2.000  phase=180.000
     2.1: kPhi 1.471589 -> 1.468146  n=2.000  phase=180.000
     3.1: kPhi 0.637410 -> 0.637439  n=2.000  phase=180.000
     4.1: kPhi 0.613159 -> 0.613235  n=2.000  phase=180.000
  per-scan RMSE:
    (3, 14): 0.250826 -> 0.250825
    (6, 13): 0.396711 -> 0.396711
    (8, 15): 0.653232 -> 0.653165
    (18, 20): 0.885354 -> 0.885104

cycle 55: accepted=2 rejected=2  objective 1.416484 -> 1.416223  global RMSE 0.597981 -> 0.597871
  center bond (3, 14): objective 1.416484 -> 1.416484  global RMSE 0.597981 -> 0.597981  (rejected, iterations=1)
     1.1: kPhi -0.024021 -> -0.024021  n=1.000  phase=0.000
     2.1: kPhi 0.062585 -> 0.062585  n=1.000  phase=0.000
     3.1: kPhi -0.038561 -> -0.038561  n=1.000  phase=0.000
     4.1: kPhi 0.025223 -> 0.025223  n=1.000  phase=0.000
     5.1: kPhi -0.066886 -> -0.066886  n=1.000  phase=0.000
     6.1: kPhi 0.041635 -> 0.041635  n=1.000  phase=0.000
  center bond (6, 13): objective 1.416484 -> 1.416484  global RMSE 0.597981 -> 0.597981  (rejected, iterations=1)
     1.1: kPhi 0.026056 -> 0.026056  n=1.000  phase=0.000
     2.1: kPhi 0.033760 -> 0.033760  n=1.000  phase=0.000
     3.1: kPhi -0.064507 -> -0.064507  n=1.000  phase=0.000
     4.1: kPhi -0.027176 -> -0.027176  n=1.000  phase=0.000
     5.1: kPhi -0.031727 -> -0.031727  n=1.000  phase=0.000
     6.1: kPhi 0.063728 -> 0.063728  n=1.000  phase=0.000
  center bond (8, 15): objective 1.416484 -> 1.416302  global RMSE 0.597981 -> 0.597935  (accepted, iterations=1)
     1.1: kPhi 0.279938 -> 0.281238  n=2.000  phase=180.000
     2.1: kPhi 1.053790 -> 1.048186  n=2.000  phase=180.000
     3.1: kPhi 0.554094 -> 0.557449  n=2.000  phase=180.000
     4.1: kPhi 1.116174 -> 1.117392  n=2.000  phase=180.000
  center bond (18, 20): objective 1.416302 -> 1.416223  global RMSE 0.597935 -> 0.597871  (accepted, iterations=1)
     1.1: kPhi 1.236886 -> 1.239962  n=2.000  phase=180.000
     2.1: kPhi 1.468146 -> 1.464746  n=2.000  phase=180.000
     3.1: kPhi 0.637439 -> 0.637466  n=2.000  phase=180.000
     4.1: kPhi 0.613235 -> 0.613310  n=2.000  phase=180.000
  per-scan RMSE:
    (3, 14): 0.250825 -> 0.250825
    (6, 13): 0.396711 -> 0.396710
    (8, 15): 0.653165 -> 0.653097
    (18, 20): 0.885104 -> 0.884858

cycle 56: accepted=2 rejected=2  objective 1.416223 -> 1.415968  global RMSE 0.597871 -> 0.597763
  center bond (3, 14): objective 1.416223 -> 1.416223  global RMSE 0.597871 -> 0.597871  (rejected, iterations=1)
     1.1: kPhi -0.024021 -> -0.024021  n=1.000  phase=0.000
     2.1: kPhi 0.062585 -> 0.062585  n=1.000  phase=0.000
     3.1: kPhi -0.038561 -> -0.038561  n=1.000  phase=0.000
     4.1: kPhi 0.025223 -> 0.025223  n=1.000  phase=0.000
     5.1: kPhi -0.066886 -> -0.066886  n=1.000  phase=0.000
     6.1: kPhi 0.041635 -> 0.041635  n=1.000  phase=0.000
  center bond (6, 13): objective 1.416223 -> 1.416223  global RMSE 0.597871 -> 0.597871  (rejected, iterations=1)
     1.1: kPhi 0.026056 -> 0.026056  n=1.000  phase=0.000
     2.1: kPhi 0.033760 -> 0.033760  n=1.000  phase=0.000
     3.1: kPhi -0.064507 -> -0.064507  n=1.000  phase=0.000
     4.1: kPhi -0.027176 -> -0.027176  n=1.000  phase=0.000
     5.1: kPhi -0.031727 -> -0.031727  n=1.000  phase=0.000
     6.1: kPhi 0.063728 -> 0.063728  n=1.000  phase=0.000
  center bond (8, 15): objective 1.416223 -> 1.416045  global RMSE 0.597871 -> 0.597825  (accepted, iterations=1)
     1.1: kPhi 0.281238 -> 0.282511  n=2.000  phase=180.000
     2.1: kPhi 1.048186 -> 1.042642  n=2.000  phase=180.000
     3.1: kPhi 0.557449 -> 0.560766  n=2.000  phase=180.000
     4.1: kPhi 1.117392 -> 1.118613  n=2.000  phase=180.000
  center bond (18, 20): objective 1.416045 -> 1.415968  global RMSE 0.597825 -> 0.597763  (accepted, iterations=1)
     1.1: kPhi 1.239962 -> 1.243002  n=2.000  phase=180.000
     2.1: kPhi 1.464746 -> 1.461389  n=2.000  phase=180.000
     3.1: kPhi 0.637466 -> 0.637493  n=2.000  phase=180.000
     4.1: kPhi 0.613310 -> 0.613384  n=2.000  phase=180.000
  per-scan RMSE:
    (3, 14): 0.250825 -> 0.250824
    (6, 13): 0.396710 -> 0.396710
    (8, 15): 0.653097 -> 0.653028
    (18, 20): 0.884858 -> 0.884615

cycle 57: accepted=2 rejected=2  objective 1.415968 -> 1.415718  global RMSE 0.597763 -> 0.597656
  center bond (3, 14): objective 1.415968 -> 1.415968  global RMSE 0.597763 -> 0.597763  (rejected, iterations=1)
     1.1: kPhi -0.024021 -> -0.024021  n=1.000  phase=0.000
     2.1: kPhi 0.062585 -> 0.062585  n=1.000  phase=0.000
     3.1: kPhi -0.038561 -> -0.038561  n=1.000  phase=0.000
     4.1: kPhi 0.025223 -> 0.025223  n=1.000  phase=0.000
     5.1: kPhi -0.066886 -> -0.066886  n=1.000  phase=0.000
     6.1: kPhi 0.041635 -> 0.041635  n=1.000  phase=0.000
  center bond (6, 13): objective 1.415968 -> 1.415968  global RMSE 0.597763 -> 0.597763  (rejected, iterations=1)
     1.1: kPhi 0.026056 -> 0.026056  n=1.000  phase=0.000
     2.1: kPhi 0.033760 -> 0.033760  n=1.000  phase=0.000
     3.1: kPhi -0.064507 -> -0.064507  n=1.000  phase=0.000
     4.1: kPhi -0.027176 -> -0.027176  n=1.000  phase=0.000
     5.1: kPhi -0.031727 -> -0.031727  n=1.000  phase=0.000
     6.1: kPhi 0.063728 -> 0.063728  n=1.000  phase=0.000
  center bond (8, 15): objective 1.415968 -> 1.415793  global RMSE 0.597763 -> 0.597717  (accepted, iterations=1)
     1.1: kPhi 0.282511 -> 0.283756  n=2.000  phase=180.000
     2.1: kPhi 1.042642 -> 1.037156  n=2.000  phase=180.000
     3.1: kPhi 0.560766 -> 0.564045  n=2.000  phase=180.000
     4.1: kPhi 1.118613 -> 1.119837  n=2.000  phase=180.000
  center bond (18, 20): objective 1.415793 -> 1.415718  global RMSE 0.597717 -> 0.597656  (accepted, iterations=1)
     1.1: kPhi 1.243002 -> 1.246005  n=2.000  phase=180.000
     2.1: kPhi 1.461389 -> 1.458074  n=2.000  phase=180.000
     3.1: kPhi 0.637493 -> 0.637520  n=2.000  phase=180.000
     4.1: kPhi 0.613384 -> 0.613457  n=2.000  phase=180.000
  per-scan RMSE:
    (3, 14): 0.250824 -> 0.250824
    (6, 13): 0.396710 -> 0.396709
    (8, 15): 0.653028 -> 0.652959
    (18, 20): 0.884615 -> 0.884377

cycle 58: accepted=2 rejected=2  objective 1.415718 -> 1.415475  global RMSE 0.597656 -> 0.597550
  center bond (3, 14): objective 1.415718 -> 1.415718  global RMSE 0.597656 -> 0.597656  (rejected, iterations=1)
     1.1: kPhi -0.024021 -> -0.024021  n=1.000  phase=0.000
     2.1: kPhi 0.062585 -> 0.062585  n=1.000  phase=0.000
     3.1: kPhi -0.038561 -> -0.038561  n=1.000  phase=0.000
     4.1: kPhi 0.025223 -> 0.025223  n=1.000  phase=0.000
     5.1: kPhi -0.066886 -> -0.066886  n=1.000  phase=0.000
     6.1: kPhi 0.041635 -> 0.041635  n=1.000  phase=0.000
  center bond (6, 13): objective 1.415718 -> 1.415718  global RMSE 0.597656 -> 0.597656  (rejected, iterations=1)
     1.1: kPhi 0.026056 -> 0.026056  n=1.000  phase=0.000
     2.1: kPhi 0.033760 -> 0.033760  n=1.000  phase=0.000
     3.1: kPhi -0.064507 -> -0.064507  n=1.000  phase=0.000
     4.1: kPhi -0.027176 -> -0.027176  n=1.000  phase=0.000
     5.1: kPhi -0.031727 -> -0.031727  n=1.000  phase=0.000
     6.1: kPhi 0.063728 -> 0.063728  n=1.000  phase=0.000
  center bond (8, 15): objective 1.415718 -> 1.415548  global RMSE 0.597656 -> 0.597610  (accepted, iterations=1)
     1.1: kPhi 0.283756 -> 0.284974  n=2.000  phase=180.000
     2.1: kPhi 1.037156 -> 1.031729  n=2.000  phase=180.000
     3.1: kPhi 0.564045 -> 0.567288  n=2.000  phase=180.000
     4.1: kPhi 1.119837 -> 1.121063  n=2.000  phase=180.000
  center bond (18, 20): objective 1.415548 -> 1.415475  global RMSE 0.597610 -> 0.597550  (accepted, iterations=1)
     1.1: kPhi 1.246005 -> 1.248972  n=2.000  phase=180.000
     2.1: kPhi 1.458074 -> 1.454802  n=2.000  phase=180.000
     3.1: kPhi 0.637520 -> 0.637546  n=2.000  phase=180.000
     4.1: kPhi 0.613457 -> 0.613529  n=2.000  phase=180.000
  per-scan RMSE:
    (3, 14): 0.250824 -> 0.250824
    (6, 13): 0.396709 -> 0.396709
    (8, 15): 0.652959 -> 0.652889
    (18, 20): 0.884377 -> 0.884142

cycle 59: accepted=2 rejected=2  objective 1.415475 -> 1.415236  global RMSE 0.597550 -> 0.597445
  center bond (3, 14): objective 1.415475 -> 1.415475  global RMSE 0.597550 -> 0.597550  (rejected, iterations=1)
     1.1: kPhi -0.024021 -> -0.024021  n=1.000  phase=0.000
     2.1: kPhi 0.062585 -> 0.062585  n=1.000  phase=0.000
     3.1: kPhi -0.038561 -> -0.038561  n=1.000  phase=0.000
     4.1: kPhi 0.025223 -> 0.025223  n=1.000  phase=0.000
     5.1: kPhi -0.066886 -> -0.066886  n=1.000  phase=0.000
     6.1: kPhi 0.041635 -> 0.041635  n=1.000  phase=0.000
  center bond (6, 13): objective 1.415475 -> 1.415475  global RMSE 0.597550 -> 0.597550  (rejected, iterations=1)
     1.1: kPhi 0.026056 -> 0.026056  n=1.000  phase=0.000
     2.1: kPhi 0.033760 -> 0.033760  n=1.000  phase=0.000
     3.1: kPhi -0.064507 -> -0.064507  n=1.000  phase=0.000
     4.1: kPhi -0.027176 -> -0.027176  n=1.000  phase=0.000
     5.1: kPhi -0.031727 -> -0.031727  n=1.000  phase=0.000
     6.1: kPhi 0.063728 -> 0.063728  n=1.000  phase=0.000
  center bond (8, 15): objective 1.415475 -> 1.415307  global RMSE 0.597550 -> 0.597504  (accepted, iterations=1)
     1.1: kPhi 0.284974 -> 0.286167  n=2.000  phase=180.000
     2.1: kPhi 1.031729 -> 1.026359  n=2.000  phase=180.000
     3.1: kPhi 0.567288 -> 0.570495  n=2.000  phase=180.000
     4.1: kPhi 1.121063 -> 1.122292  n=2.000  phase=180.000
  center bond (18, 20): objective 1.415307 -> 1.415236  global RMSE 0.597504 -> 0.597445  (accepted, iterations=1)
     1.1: kPhi 1.248972 -> 1.251903  n=2.000  phase=180.000
     2.1: kPhi 1.454802 -> 1.451571  n=2.000  phase=180.000
     3.1: kPhi 0.637546 -> 0.637571  n=2.000  phase=180.000
     4.1: kPhi 0.613529 -> 0.613600  n=2.000  phase=180.000
  per-scan RMSE:
    (3, 14): 0.250824 -> 0.250823
    (6, 13): 0.396709 -> 0.396708
    (8, 15): 0.652889 -> 0.652819
    (18, 20): 0.884142 -> 0.883911

cycle 60: accepted=2 rejected=2  objective 1.415236 -> 1.415003  global RMSE 0.597445 -> 0.597341
  center bond (3, 14): objective 1.415236 -> 1.415236  global RMSE 0.597445 -> 0.597445  (rejected, iterations=1)
     1.1: kPhi -0.024021 -> -0.024021  n=1.000  phase=0.000
     2.1: kPhi 0.062585 -> 0.062585  n=1.000  phase=0.000
     3.1: kPhi -0.038561 -> -0.038561  n=1.000  phase=0.000
     4.1: kPhi 0.025223 -> 0.025223  n=1.000  phase=0.000
     5.1: kPhi -0.066886 -> -0.066886  n=1.000  phase=0.000
     6.1: kPhi 0.041635 -> 0.041635  n=1.000  phase=0.000
  center bond (6, 13): objective 1.415236 -> 1.415236  global RMSE 0.597445 -> 0.597445  (rejected, iterations=1)
     1.1: kPhi 0.026056 -> 0.026056  n=1.000  phase=0.000
     2.1: kPhi 0.033760 -> 0.033760  n=1.000  phase=0.000
     3.1: kPhi -0.064507 -> -0.064507  n=1.000  phase=0.000
     4.1: kPhi -0.027176 -> -0.027176  n=1.000  phase=0.000
     5.1: kPhi -0.031727 -> -0.031727  n=1.000  phase=0.000
     6.1: kPhi 0.063728 -> 0.063728  n=1.000  phase=0.000
  center bond (8, 15): objective 1.415236 -> 1.415072  global RMSE 0.597445 -> 0.597400  (accepted, iterations=1)
     1.1: kPhi 0.286167 -> 0.287334  n=2.000  phase=180.000
     2.1: kPhi 1.026359 -> 1.021046  n=2.000  phase=180.000
     3.1: kPhi 0.570495 -> 0.573665  n=2.000  phase=180.000
     4.1: kPhi 1.122292 -> 1.123521  n=2.000  phase=180.000
  center bond (18, 20): objective 1.415072 -> 1.415003  global RMSE 0.597400 -> 0.597341  (accepted, iterations=1)
     1.1: kPhi 1.251903 -> 1.254799  n=2.000  phase=180.000
     2.1: kPhi 1.451571 -> 1.448381  n=2.000  phase=180.000
     3.1: kPhi 0.637571 -> 0.637597  n=2.000  phase=180.000
     4.1: kPhi 0.613600 -> 0.613670  n=2.000  phase=180.000
  per-scan RMSE:
    (3, 14): 0.250823 -> 0.250823
    (6, 13): 0.396708 -> 0.396707
    (8, 15): 0.652819 -> 0.652749
    (18, 20): 0.883911 -> 0.883684

cycle 61: accepted=3 rejected=1  objective 1.415003 -> 1.414775  global RMSE 0.597341 -> 0.597242
  center bond (3, 14): objective 1.415003 -> 1.415003  global RMSE 0.597341 -> 0.597341  (rejected, iterations=1)
     1.1: kPhi -0.024021 -> -0.024021  n=1.000  phase=0.000
     2.1: kPhi 0.062585 -> 0.062585  n=1.000  phase=0.000
     3.1: kPhi -0.038561 -> -0.038561  n=1.000  phase=0.000
     4.1: kPhi 0.025223 -> 0.025223  n=1.000  phase=0.000
     5.1: kPhi -0.066886 -> -0.066886  n=1.000  phase=0.000
     6.1: kPhi 0.041635 -> 0.041635  n=1.000  phase=0.000
  center bond (6, 13): objective 1.415003 -> 1.415003  global RMSE 0.597341 -> 0.597344  (accepted, iterations=1)
     1.1: kPhi 0.026056 -> 0.025992  n=1.000  phase=0.000
     2.1: kPhi 0.033760 -> 0.033735  n=1.000  phase=0.000
     3.1: kPhi -0.064507 -> -0.064416  n=1.000  phase=0.000
     4.1: kPhi -0.027176 -> -0.027226  n=1.000  phase=0.000
     5.1: kPhi -0.031727 -> -0.031701  n=1.000  phase=0.000
     6.1: kPhi 0.063728 -> 0.063751  n=1.000  phase=0.000
  center bond (8, 15): objective 1.415003 -> 1.414842  global RMSE 0.597344 -> 0.597300  (accepted, iterations=1)
     1.1: kPhi 0.287334 -> 0.288478  n=2.000  phase=180.000
     2.1: kPhi 1.021046 -> 1.015789  n=2.000  phase=180.000
     3.1: kPhi 0.573665 -> 0.576801  n=2.000  phase=180.000
     4.1: kPhi 1.123521 -> 1.124753  n=2.000  phase=180.000
  center bond (18, 20): objective 1.414842 -> 1.414775  global RMSE 0.597300 -> 0.597242  (accepted, iterations=1)
     1.1: kPhi 1.254799 -> 1.257660  n=2.000  phase=180.000
     2.1: kPhi 1.448381 -> 1.445232  n=2.000  phase=180.000
     3.1: kPhi 0.637597 -> 0.637621  n=2.000  phase=180.000
     4.1: kPhi 0.613670 -> 0.613739  n=2.000  phase=180.000
  per-scan RMSE:
    (3, 14): 0.250823 -> 0.250823
    (6, 13): 0.396707 -> 0.396728
    (8, 15): 0.652749 -> 0.652676
    (18, 20): 0.883684 -> 0.883461

cycle 62: accepted=2 rejected=2  objective 1.414775 -> 1.414552  global RMSE 0.597242 -> 0.597141
  center bond (3, 14): objective 1.414775 -> 1.414775  global RMSE 0.597242 -> 0.597242  (rejected, iterations=1)
     1.1: kPhi -0.024021 -> -0.024021  n=1.000  phase=0.000
     2.1: kPhi 0.062585 -> 0.062585  n=1.000  phase=0.000
     3.1: kPhi -0.038561 -> -0.038561  n=1.000  phase=0.000
     4.1: kPhi 0.025223 -> 0.025223  n=1.000  phase=0.000
     5.1: kPhi -0.066886 -> -0.066886  n=1.000  phase=0.000
     6.1: kPhi 0.041635 -> 0.041635  n=1.000  phase=0.000
  center bond (6, 13): objective 1.414775 -> 1.414775  global RMSE 0.597242 -> 0.597242  (rejected, iterations=1)
     1.1: kPhi 0.025992 -> 0.025992  n=1.000  phase=0.000
     2.1: kPhi 0.033735 -> 0.033735  n=1.000  phase=0.000
     3.1: kPhi -0.064416 -> -0.064416  n=1.000  phase=0.000
     4.1: kPhi -0.027226 -> -0.027226  n=1.000  phase=0.000
     5.1: kPhi -0.031701 -> -0.031701  n=1.000  phase=0.000
     6.1: kPhi 0.063751 -> 0.063751  n=1.000  phase=0.000
  center bond (8, 15): objective 1.414775 -> 1.414618  global RMSE 0.597242 -> 0.597198  (accepted, iterations=1)
     1.1: kPhi 0.288478 -> 0.289596  n=2.000  phase=180.000
     2.1: kPhi 1.015789 -> 1.010588  n=2.000  phase=180.000
     3.1: kPhi 0.576801 -> 0.579901  n=2.000  phase=180.000
     4.1: kPhi 1.124753 -> 1.125984  n=2.000  phase=180.000
  center bond (18, 20): objective 1.414618 -> 1.414552  global RMSE 0.597198 -> 0.597141  (accepted, iterations=1)
     1.1: kPhi 1.257660 -> 1.260487  n=2.000  phase=180.000
     2.1: kPhi 1.445232 -> 1.442123  n=2.000  phase=180.000
     3.1: kPhi 0.637621 -> 0.637646  n=2.000  phase=180.000
     4.1: kPhi 0.613739 -> 0.613808  n=2.000  phase=180.000
  per-scan RMSE:
    (3, 14): 0.250823 -> 0.250822
    (6, 13): 0.396728 -> 0.396728
    (8, 15): 0.652676 -> 0.652605
    (18, 20): 0.883461 -> 0.883240

cycle 63: accepted=2 rejected=2  objective 1.414552 -> 1.414334  global RMSE 0.597141 -> 0.597041
  center bond (3, 14): objective 1.414552 -> 1.414552  global RMSE 0.597141 -> 0.597141  (rejected, iterations=1)
     1.1: kPhi -0.024021 -> -0.024021  n=1.000  phase=0.000
     2.1: kPhi 0.062585 -> 0.062585  n=1.000  phase=0.000
     3.1: kPhi -0.038561 -> -0.038561  n=1.000  phase=0.000
     4.1: kPhi 0.025223 -> 0.025223  n=1.000  phase=0.000
     5.1: kPhi -0.066886 -> -0.066886  n=1.000  phase=0.000
     6.1: kPhi 0.041635 -> 0.041635  n=1.000  phase=0.000
  center bond (6, 13): objective 1.414552 -> 1.414552  global RMSE 0.597141 -> 0.597141  (rejected, iterations=1)
     1.1: kPhi 0.025992 -> 0.025992  n=1.000  phase=0.000
     2.1: kPhi 0.033735 -> 0.033735  n=1.000  phase=0.000
     3.1: kPhi -0.064416 -> -0.064416  n=1.000  phase=0.000
     4.1: kPhi -0.027226 -> -0.027226  n=1.000  phase=0.000
     5.1: kPhi -0.031701 -> -0.031701  n=1.000  phase=0.000
     6.1: kPhi 0.063751 -> 0.063751  n=1.000  phase=0.000
  center bond (8, 15): objective 1.414552 -> 1.414398  global RMSE 0.597141 -> 0.597097  (accepted, iterations=1)
     1.1: kPhi 0.289596 -> 0.290691  n=2.000  phase=180.000
     2.1: kPhi 1.010588 -> 1.005441  n=2.000  phase=180.000
     3.1: kPhi 0.579901 -> 0.582966  n=2.000  phase=180.000
     4.1: kPhi 1.125984 -> 1.127215  n=2.000  phase=180.000
  center bond (18, 20): objective 1.414398 -> 1.414334  global RMSE 0.597097 -> 0.597041  (accepted, iterations=1)
     1.1: kPhi 1.260487 -> 1.263279  n=2.000  phase=180.000
     2.1: kPhi 1.442123 -> 1.439053  n=2.000  phase=180.000
     3.1: kPhi 0.637646 -> 0.637669  n=2.000  phase=180.000
     4.1: kPhi 0.613808 -> 0.613875  n=2.000  phase=180.000
  per-scan RMSE:
    (3, 14): 0.250822 -> 0.250821
    (6, 13): 0.396728 -> 0.396727
    (8, 15): 0.652605 -> 0.652533
    (18, 20): 0.883240 -> 0.883023

cycle 64: accepted=2 rejected=2  objective 1.414334 -> 1.414120  global RMSE 0.597041 -> 0.596942
  center bond (3, 14): objective 1.414334 -> 1.414334  global RMSE 0.597041 -> 0.597041  (rejected, iterations=1)
     1.1: kPhi -0.024021 -> -0.024021  n=1.000  phase=0.000
     2.1: kPhi 0.062585 -> 0.062585  n=1.000  phase=0.000
     3.1: kPhi -0.038561 -> -0.038561  n=1.000  phase=0.000
     4.1: kPhi 0.025223 -> 0.025223  n=1.000  phase=0.000
     5.1: kPhi -0.066886 -> -0.066886  n=1.000  phase=0.000
     6.1: kPhi 0.041635 -> 0.041635  n=1.000  phase=0.000
  center bond (6, 13): objective 1.414334 -> 1.414334  global RMSE 0.597041 -> 0.597041  (rejected, iterations=1)
     1.1: kPhi 0.025992 -> 0.025992  n=1.000  phase=0.000
     2.1: kPhi 0.033735 -> 0.033735  n=1.000  phase=0.000
     3.1: kPhi -0.064416 -> -0.064416  n=1.000  phase=0.000
     4.1: kPhi -0.027226 -> -0.027226  n=1.000  phase=0.000
     5.1: kPhi -0.031701 -> -0.031701  n=1.000  phase=0.000
     6.1: kPhi 0.063751 -> 0.063751  n=1.000  phase=0.000
  center bond (8, 15): objective 1.414334 -> 1.414183  global RMSE 0.597041 -> 0.596997  (accepted, iterations=1)
     1.1: kPhi 0.290691 -> 0.291763  n=2.000  phase=180.000
     2.1: kPhi 1.005441 -> 1.000348  n=2.000  phase=180.000
     3.1: kPhi 0.582966 -> 0.585997  n=2.000  phase=180.000
     4.1: kPhi 1.127215 -> 1.128446  n=2.000  phase=180.000
  center bond (18, 20): objective 1.414183 -> 1.414120  global RMSE 0.596997 -> 0.596942  (accepted, iterations=1)
     1.1: kPhi 1.263279 -> 1.266038  n=2.000  phase=180.000
     2.1: kPhi 1.439053 -> 1.436021  n=2.000  phase=180.000
     3.1: kPhi 0.637669 -> 0.637692  n=2.000  phase=180.000
     4.1: kPhi 0.613875 -> 0.613942  n=2.000  phase=180.000
  per-scan RMSE:
    (3, 14): 0.250821 -> 0.250821
    (6, 13): 0.396727 -> 0.396726
    (8, 15): 0.652533 -> 0.652462
    (18, 20): 0.883023 -> 0.882809

cycle 65: accepted=2 rejected=2  objective 1.414120 -> 1.413912  global RMSE 0.596942 -> 0.596845
  center bond (3, 14): objective 1.414120 -> 1.414120  global RMSE 0.596942 -> 0.596942  (rejected, iterations=1)
     1.1: kPhi -0.024021 -> -0.024021  n=1.000  phase=0.000
     2.1: kPhi 0.062585 -> 0.062585  n=1.000  phase=0.000
     3.1: kPhi -0.038561 -> -0.038561  n=1.000  phase=0.000
     4.1: kPhi 0.025223 -> 0.025223  n=1.000  phase=0.000
     5.1: kPhi -0.066886 -> -0.066886  n=1.000  phase=0.000
     6.1: kPhi 0.041635 -> 0.041635  n=1.000  phase=0.000
  center bond (6, 13): objective 1.414120 -> 1.414120  global RMSE 0.596942 -> 0.596942  (rejected, iterations=1)
     1.1: kPhi 0.025992 -> 0.025992  n=1.000  phase=0.000
     2.1: kPhi 0.033735 -> 0.033735  n=1.000  phase=0.000
     3.1: kPhi -0.064416 -> -0.064416  n=1.000  phase=0.000
     4.1: kPhi -0.027226 -> -0.027226  n=1.000  phase=0.000
     5.1: kPhi -0.031701 -> -0.031701  n=1.000  phase=0.000
     6.1: kPhi 0.063751 -> 0.063751  n=1.000  phase=0.000
  center bond (8, 15): objective 1.414120 -> 1.413973  global RMSE 0.596942 -> 0.596899  (accepted, iterations=1)
     1.1: kPhi 0.291763 -> 0.292813  n=2.000  phase=180.000
     2.1: kPhi 1.000348 -> 0.995309  n=2.000  phase=180.000
     3.1: kPhi 0.585997 -> 0.588995  n=2.000  phase=180.000
     4.1: kPhi 1.128446 -> 1.129677  n=2.000  phase=180.000
  center bond (18, 20): objective 1.413973 -> 1.413912  global RMSE 0.596899 -> 0.596845  (accepted, iterations=1)
     1.1: kPhi 1.266038 -> 1.268764  n=2.000  phase=180.000
     2.1: kPhi 1.436021 -> 1.433029  n=2.000  phase=180.000
     3.1: kPhi 0.637692 -> 0.637715  n=2.000  phase=180.000
     4.1: kPhi 0.613942 -> 0.614007  n=2.000  phase=180.000
  per-scan RMSE:
    (3, 14): 0.250821 -> 0.250820
    (6, 13): 0.396726 -> 0.396726
    (8, 15): 0.652462 -> 0.652390
    (18, 20): 0.882809 -> 0.882599

cycle 66: accepted=2 rejected=2  objective 1.413912 -> 1.413708  global RMSE 0.596845 -> 0.596748
  center bond (3, 14): objective 1.413912 -> 1.413912  global RMSE 0.596845 -> 0.596845  (rejected, iterations=1)
     1.1: kPhi -0.024021 -> -0.024021  n=1.000  phase=0.000
     2.1: kPhi 0.062585 -> 0.062585  n=1.000  phase=0.000
     3.1: kPhi -0.038561 -> -0.038561  n=1.000  phase=0.000
     4.1: kPhi 0.025223 -> 0.025223  n=1.000  phase=0.000
     5.1: kPhi -0.066886 -> -0.066886  n=1.000  phase=0.000
     6.1: kPhi 0.041635 -> 0.041635  n=1.000  phase=0.000
  center bond (6, 13): objective 1.413912 -> 1.413912  global RMSE 0.596845 -> 0.596845  (rejected, iterations=1)
     1.1: kPhi 0.025992 -> 0.025992  n=1.000  phase=0.000
     2.1: kPhi 0.033735 -> 0.033735  n=1.000  phase=0.000
     3.1: kPhi -0.064416 -> -0.064416  n=1.000  phase=0.000
     4.1: kPhi -0.027226 -> -0.027226  n=1.000  phase=0.000
     5.1: kPhi -0.031701 -> -0.031701  n=1.000  phase=0.000
     6.1: kPhi 0.063751 -> 0.063751  n=1.000  phase=0.000
  center bond (8, 15): objective 1.413912 -> 1.413768  global RMSE 0.596845 -> 0.596801  (accepted, iterations=1)
     1.1: kPhi 0.292813 -> 0.293842  n=2.000  phase=180.000
     2.1: kPhi 0.995309 -> 0.990324  n=2.000  phase=180.000
     3.1: kPhi 0.588995 -> 0.591959  n=2.000  phase=180.000
     4.1: kPhi 1.129677 -> 1.130907  n=2.000  phase=180.000
  center bond (18, 20): objective 1.413768 -> 1.413708  global RMSE 0.596801 -> 0.596748  (accepted, iterations=1)
     1.1: kPhi 1.268764 -> 1.271456  n=2.000  phase=180.000
     2.1: kPhi 1.433029 -> 1.430074  n=2.000  phase=180.000
     3.1: kPhi 0.637715 -> 0.637737  n=2.000  phase=180.000
     4.1: kPhi 0.614007 -> 0.614072  n=2.000  phase=180.000
  per-scan RMSE:
    (3, 14): 0.250820 -> 0.250820
    (6, 13): 0.396726 -> 0.396725
    (8, 15): 0.652390 -> 0.652318
    (18, 20): 0.882599 -> 0.882391

cycle 67: accepted=2 rejected=2  objective 1.413708 -> 1.413508  global RMSE 0.596748 -> 0.596653
  center bond (3, 14): objective 1.413708 -> 1.413708  global RMSE 0.596748 -> 0.596748  (rejected, iterations=1)
     1.1: kPhi -0.024021 -> -0.024021  n=1.000  phase=0.000
     2.1: kPhi 0.062585 -> 0.062585  n=1.000  phase=0.000
     3.1: kPhi -0.038561 -> -0.038561  n=1.000  phase=0.000
     4.1: kPhi 0.025223 -> 0.025223  n=1.000  phase=0.000
     5.1: kPhi -0.066886 -> -0.066886  n=1.000  phase=0.000
     6.1: kPhi 0.041635 -> 0.041635  n=1.000  phase=0.000
  center bond (6, 13): objective 1.413708 -> 1.413708  global RMSE 0.596748 -> 0.596748  (rejected, iterations=1)
     1.1: kPhi 0.025992 -> 0.025992  n=1.000  phase=0.000
     2.1: kPhi 0.033735 -> 0.033735  n=1.000  phase=0.000
     3.1: kPhi -0.064416 -> -0.064416  n=1.000  phase=0.000
     4.1: kPhi -0.027226 -> -0.027226  n=1.000  phase=0.000
     5.1: kPhi -0.031701 -> -0.031701  n=1.000  phase=0.000
     6.1: kPhi 0.063751 -> 0.063751  n=1.000  phase=0.000
  center bond (8, 15): objective 1.413708 -> 1.413567  global RMSE 0.596748 -> 0.596705  (accepted, iterations=1)
     1.1: kPhi 0.293842 -> 0.294849  n=2.000  phase=180.000
     2.1: kPhi 0.990324 -> 0.985391  n=2.000  phase=180.000
     3.1: kPhi 0.591959 -> 0.594891  n=2.000  phase=180.000
     4.1: kPhi 1.130907 -> 1.132135  n=2.000  phase=180.000
  center bond (18, 20): objective 1.413567 -> 1.413508  global RMSE 0.596705 -> 0.596653  (accepted, iterations=1)
     1.1: kPhi 1.271456 -> 1.274116  n=2.000  phase=180.000
     2.1: kPhi 1.430074 -> 1.427156  n=2.000  phase=180.000
     3.1: kPhi 0.637737 -> 0.637759  n=2.000  phase=180.000
     4.1: kPhi 0.614072 -> 0.614135  n=2.000  phase=180.000
  per-scan RMSE:
    (3, 14): 0.250820 -> 0.250819
    (6, 13): 0.396725 -> 0.396725
    (8, 15): 0.652318 -> 0.652245
    (18, 20): 0.882391 -> 0.882187

cycle 68: accepted=2 rejected=2  objective 1.413508 -> 1.413313  global RMSE 0.596653 -> 0.596559
  center bond (3, 14): objective 1.413508 -> 1.413508  global RMSE 0.596653 -> 0.596653  (rejected, iterations=1)
     1.1: kPhi -0.024021 -> -0.024021  n=1.000  phase=0.000
     2.1: kPhi 0.062585 -> 0.062585  n=1.000  phase=0.000
     3.1: kPhi -0.038561 -> -0.038561  n=1.000  phase=0.000
     4.1: kPhi 0.025223 -> 0.025223  n=1.000  phase=0.000
     5.1: kPhi -0.066886 -> -0.066886  n=1.000  phase=0.000
     6.1: kPhi 0.041635 -> 0.041635  n=1.000  phase=0.000
  center bond (6, 13): objective 1.413508 -> 1.413508  global RMSE 0.596653 -> 0.596653  (rejected, iterations=1)
     1.1: kPhi 0.025992 -> 0.025992  n=1.000  phase=0.000
     2.1: kPhi 0.033735 -> 0.033735  n=1.000  phase=0.000
     3.1: kPhi -0.064416 -> -0.064416  n=1.000  phase=0.000
     4.1: kPhi -0.027226 -> -0.027226  n=1.000  phase=0.000
     5.1: kPhi -0.031701 -> -0.031701  n=1.000  phase=0.000
     6.1: kPhi 0.063751 -> 0.063751  n=1.000  phase=0.000
  center bond (8, 15): objective 1.413508 -> 1.413370  global RMSE 0.596653 -> 0.596610  (accepted, iterations=1)
     1.1: kPhi 0.294849 -> 0.295836  n=2.000  phase=180.000
     2.1: kPhi 0.985391 -> 0.980509  n=2.000  phase=180.000
     3.1: kPhi 0.594891 -> 0.597789  n=2.000  phase=180.000
     4.1: kPhi 1.132135 -> 1.133363  n=2.000  phase=180.000
  center bond (18, 20): objective 1.413370 -> 1.413313  global RMSE 0.596610 -> 0.596559  (accepted, iterations=1)
     1.1: kPhi 1.274116 -> 1.276744  n=2.000  phase=180.000
     2.1: kPhi 1.427156 -> 1.424276  n=2.000  phase=180.000
     3.1: kPhi 0.637759 -> 0.637780  n=2.000  phase=180.000
     4.1: kPhi 0.614135 -> 0.614198  n=2.000  phase=180.000
  per-scan RMSE:
    (3, 14): 0.250819 -> 0.250818
    (6, 13): 0.396725 -> 0.396724
    (8, 15): 0.652245 -> 0.652173
    (18, 20): 0.882187 -> 0.881986

cycle 69: accepted=2 rejected=2  objective 1.413313 -> 1.413123  global RMSE 0.596559 -> 0.596465
  center bond (3, 14): objective 1.413313 -> 1.413313  global RMSE 0.596559 -> 0.596559  (rejected, iterations=1)
     1.1: kPhi -0.024021 -> -0.024021  n=1.000  phase=0.000
     2.1: kPhi 0.062585 -> 0.062585  n=1.000  phase=0.000
     3.1: kPhi -0.038561 -> -0.038561  n=1.000  phase=0.000
     4.1: kPhi 0.025223 -> 0.025223  n=1.000  phase=0.000
     5.1: kPhi -0.066886 -> -0.066886  n=1.000  phase=0.000
     6.1: kPhi 0.041635 -> 0.041635  n=1.000  phase=0.000
  center bond (6, 13): objective 1.413313 -> 1.413313  global RMSE 0.596559 -> 0.596559  (rejected, iterations=1)
     1.1: kPhi 0.025992 -> 0.025992  n=1.000  phase=0.000
     2.1: kPhi 0.033735 -> 0.033735  n=1.000  phase=0.000
     3.1: kPhi -0.064416 -> -0.064416  n=1.000  phase=0.000
     4.1: kPhi -0.027226 -> -0.027226  n=1.000  phase=0.000
     5.1: kPhi -0.031701 -> -0.031701  n=1.000  phase=0.000
     6.1: kPhi 0.063751 -> 0.063751  n=1.000  phase=0.000
  center bond (8, 15): objective 1.413313 -> 1.413178  global RMSE 0.596559 -> 0.596516  (accepted, iterations=1)
     1.1: kPhi 0.295836 -> 0.296804  n=2.000  phase=180.000
     2.1: kPhi 0.980509 -> 0.975679  n=2.000  phase=180.000
     3.1: kPhi 0.597789 -> 0.600656  n=2.000  phase=180.000
     4.1: kPhi 1.133363 -> 1.134588  n=2.000  phase=180.000
  center bond (18, 20): objective 1.413178 -> 1.413123  global RMSE 0.596516 -> 0.596465  (accepted, iterations=1)
     1.1: kPhi 1.276744 -> 1.279341  n=2.000  phase=180.000
     2.1: kPhi 1.424276 -> 1.421432  n=2.000  phase=180.000
     3.1: kPhi 0.637780 -> 0.637801  n=2.000  phase=180.000
     4.1: kPhi 0.614198 -> 0.614260  n=2.000  phase=180.000
  per-scan RMSE:
    (3, 14): 0.250818 -> 0.250818
    (6, 13): 0.396724 -> 0.396724
    (8, 15): 0.652173 -> 0.652101
    (18, 20): 0.881986 -> 0.881787

cycle 70: accepted=2 rejected=2  objective 1.413123 -> 1.412936  global RMSE 0.596465 -> 0.596373
  center bond (3, 14): objective 1.413123 -> 1.413123  global RMSE 0.596465 -> 0.596465  (rejected, iterations=1)
     1.1: kPhi -0.024021 -> -0.024021  n=1.000  phase=0.000
     2.1: kPhi 0.062585 -> 0.062585  n=1.000  phase=0.000
     3.1: kPhi -0.038561 -> -0.038561  n=1.000  phase=0.000
     4.1: kPhi 0.025223 -> 0.025223  n=1.000  phase=0.000
     5.1: kPhi -0.066886 -> -0.066886  n=1.000  phase=0.000
     6.1: kPhi 0.041635 -> 0.041635  n=1.000  phase=0.000
  center bond (6, 13): objective 1.413123 -> 1.413123  global RMSE 0.596465 -> 0.596465  (rejected, iterations=1)
     1.1: kPhi 0.025992 -> 0.025992  n=1.000  phase=0.000
     2.1: kPhi 0.033735 -> 0.033735  n=1.000  phase=0.000
     3.1: kPhi -0.064416 -> -0.064416  n=1.000  phase=0.000
     4.1: kPhi -0.027226 -> -0.027226  n=1.000  phase=0.000
     5.1: kPhi -0.031701 -> -0.031701  n=1.000  phase=0.000
     6.1: kPhi 0.063751 -> 0.063751  n=1.000  phase=0.000
  center bond (8, 15): objective 1.413123 -> 1.412990  global RMSE 0.596465 -> 0.596423  (accepted, iterations=1)
     1.1: kPhi 0.296804 -> 0.297751  n=2.000  phase=180.000
     2.1: kPhi 0.975679 -> 0.970900  n=2.000  phase=180.000
     3.1: kPhi 0.600656 -> 0.603491  n=2.000  phase=180.000
     4.1: kPhi 1.134588 -> 1.135811  n=2.000  phase=180.000
  center bond (18, 20): objective 1.412990 -> 1.412936  global RMSE 0.596423 -> 0.596373  (accepted, iterations=1)
     1.1: kPhi 1.279341 -> 1.281905  n=2.000  phase=180.000
     2.1: kPhi 1.421432 -> 1.418624  n=2.000  phase=180.000
     3.1: kPhi 0.637801 -> 0.637821  n=2.000  phase=180.000
     4.1: kPhi 0.614260 -> 0.614321  n=2.000  phase=180.000
  per-scan RMSE:
    (3, 14): 0.250818 -> 0.250817
    (6, 13): 0.396724 -> 0.396723
    (8, 15): 0.652101 -> 0.652028
    (18, 20): 0.881787 -> 0.881592

cycle 71: accepted=2 rejected=2  objective 1.412936 -> 1.412754  global RMSE 0.596373 -> 0.596282
  center bond (3, 14): objective 1.412936 -> 1.412936  global RMSE 0.596373 -> 0.596373  (rejected, iterations=1)
     1.1: kPhi -0.024021 -> -0.024021  n=1.000  phase=0.000
     2.1: kPhi 0.062585 -> 0.062585  n=1.000  phase=0.000
     3.1: kPhi -0.038561 -> -0.038561  n=1.000  phase=0.000
     4.1: kPhi 0.025223 -> 0.025223  n=1.000  phase=0.000
     5.1: kPhi -0.066886 -> -0.066886  n=1.000  phase=0.000
     6.1: kPhi 0.041635 -> 0.041635  n=1.000  phase=0.000
  center bond (6, 13): objective 1.412936 -> 1.412936  global RMSE 0.596373 -> 0.596373  (rejected, iterations=1)
     1.1: kPhi 0.025992 -> 0.025992  n=1.000  phase=0.000
     2.1: kPhi 0.033735 -> 0.033735  n=1.000  phase=0.000
     3.1: kPhi -0.064416 -> -0.064416  n=1.000  phase=0.000
     4.1: kPhi -0.027226 -> -0.027226  n=1.000  phase=0.000
     5.1: kPhi -0.031701 -> -0.031701  n=1.000  phase=0.000
     6.1: kPhi 0.063751 -> 0.063751  n=1.000  phase=0.000
  center bond (8, 15): objective 1.412936 -> 1.412806  global RMSE 0.596373 -> 0.596331  (accepted, iterations=1)
     1.1: kPhi 0.297751 -> 0.298680  n=2.000  phase=180.000
     2.1: kPhi 0.970900 -> 0.966171  n=2.000  phase=180.000
     3.1: kPhi 0.603491 -> 0.606295  n=2.000  phase=180.000
     4.1: kPhi 1.135811 -> 1.137032  n=2.000  phase=180.000
  center bond (18, 20): objective 1.412806 -> 1.412754  global RMSE 0.596331 -> 0.596282  (accepted, iterations=1)
     1.1: kPhi 1.281905 -> 1.284439  n=2.000  phase=180.000
     2.1: kPhi 1.418624 -> 1.415851  n=2.000  phase=180.000
     3.1: kPhi 0.637821 -> 0.637841  n=2.000  phase=180.000
     4.1: kPhi 0.614321 -> 0.614381  n=2.000  phase=180.000
  per-scan RMSE:
    (3, 14): 0.250817 -> 0.250816
    (6, 13): 0.396723 -> 0.396722
    (8, 15): 0.652028 -> 0.651956
    (18, 20): 0.881592 -> 0.881399

cycle 72: accepted=2 rejected=2  objective 1.412754 -> 1.412575  global RMSE 0.596282 -> 0.596192
  center bond (3, 14): objective 1.412754 -> 1.412754  global RMSE 0.596282 -> 0.596282  (rejected, iterations=1)
     1.1: kPhi -0.024021 -> -0.024021  n=1.000  phase=0.000
     2.1: kPhi 0.062585 -> 0.062585  n=1.000  phase=0.000
     3.1: kPhi -0.038561 -> -0.038561  n=1.000  phase=0.000
     4.1: kPhi 0.025223 -> 0.025223  n=1.000  phase=0.000
     5.1: kPhi -0.066886 -> -0.066886  n=1.000  phase=0.000
     6.1: kPhi 0.041635 -> 0.041635  n=1.000  phase=0.000
  center bond (6, 13): objective 1.412754 -> 1.412754  global RMSE 0.596282 -> 0.596282  (rejected, iterations=1)
     1.1: kPhi 0.025992 -> 0.025992  n=1.000  phase=0.000
     2.1: kPhi 0.033735 -> 0.033735  n=1.000  phase=0.000
     3.1: kPhi -0.064416 -> -0.064416  n=1.000  phase=0.000
     4.1: kPhi -0.027226 -> -0.027226  n=1.000  phase=0.000
     5.1: kPhi -0.031701 -> -0.031701  n=1.000  phase=0.000
     6.1: kPhi 0.063751 -> 0.063751  n=1.000  phase=0.000
  center bond (8, 15): objective 1.412754 -> 1.412627  global RMSE 0.596282 -> 0.596240  (accepted, iterations=1)
     1.1: kPhi 0.298680 -> 0.299590  n=2.000  phase=180.000
     2.1: kPhi 0.966171 -> 0.961491  n=2.000  phase=180.000
     3.1: kPhi 0.606295 -> 0.609067  n=2.000  phase=180.000
     4.1: kPhi 1.137032 -> 1.138250  n=2.000  phase=180.000
  center bond (18, 20): objective 1.412627 -> 1.412575  global RMSE 0.596240 -> 0.596192  (accepted, iterations=1)
     1.1: kPhi 1.284439 -> 1.286942  n=2.000  phase=180.000
     2.1: kPhi 1.415851 -> 1.413113  n=2.000  phase=180.000
     3.1: kPhi 0.637841 -> 0.637861  n=2.000  phase=180.000
     4.1: kPhi 0.614381 -> 0.614440  n=2.000  phase=180.000
  per-scan RMSE:
    (3, 14): 0.250816 -> 0.250816
    (6, 13): 0.396722 -> 0.396722
    (8, 15): 0.651956 -> 0.651883
    (18, 20): 0.881399 -> 0.881210

cycle 73: accepted=2 rejected=2  objective 1.412575 -> 1.412401  global RMSE 0.596192 -> 0.596103
  center bond (3, 14): objective 1.412575 -> 1.412575  global RMSE 0.596192 -> 0.596192  (rejected, iterations=1)
     1.1: kPhi -0.024021 -> -0.024021  n=1.000  phase=0.000
     2.1: kPhi 0.062585 -> 0.062585  n=1.000  phase=0.000
     3.1: kPhi -0.038561 -> -0.038561  n=1.000  phase=0.000
     4.1: kPhi 0.025223 -> 0.025223  n=1.000  phase=0.000
     5.1: kPhi -0.066886 -> -0.066886  n=1.000  phase=0.000
     6.1: kPhi 0.041635 -> 0.041635  n=1.000  phase=0.000
  center bond (6, 13): objective 1.412575 -> 1.412575  global RMSE 0.596192 -> 0.596192  (rejected, iterations=1)
     1.1: kPhi 0.025992 -> 0.025992  n=1.000  phase=0.000
     2.1: kPhi 0.033735 -> 0.033735  n=1.000  phase=0.000
     3.1: kPhi -0.064416 -> -0.064416  n=1.000  phase=0.000
     4.1: kPhi -0.027226 -> -0.027226  n=1.000  phase=0.000
     5.1: kPhi -0.031701 -> -0.031701  n=1.000  phase=0.000
     6.1: kPhi 0.063751 -> 0.063751  n=1.000  phase=0.000
  center bond (8, 15): objective 1.412575 -> 1.412451  global RMSE 0.596192 -> 0.596150  (accepted, iterations=1)
     1.1: kPhi 0.299590 -> 0.300482  n=2.000  phase=180.000
     2.1: kPhi 0.961491 -> 0.956861  n=2.000  phase=180.000
     3.1: kPhi 0.609067 -> 0.611809  n=2.000  phase=180.000
     4.1: kPhi 1.138250 -> 1.139465  n=2.000  phase=180.000
  center bond (18, 20): objective 1.412451 -> 1.412401  global RMSE 0.596150 -> 0.596103  (accepted, iterations=1)
     1.1: kPhi 1.286942 -> 1.289415  n=2.000  phase=180.000
     2.1: kPhi 1.413113 -> 1.410411  n=2.000  phase=180.000
     3.1: kPhi 0.637861 -> 0.637880  n=2.000  phase=180.000
     4.1: kPhi 0.614440 -> 0.614498  n=2.000  phase=180.000
  per-scan RMSE:
    (3, 14): 0.250816 -> 0.250815
    (6, 13): 0.396722 -> 0.396721
    (8, 15): 0.651883 -> 0.651811
    (18, 20): 0.881210 -> 0.881023

cycle 74: accepted=2 rejected=2  objective 1.412401 -> 1.412230  global RMSE 0.596103 -> 0.596015
  center bond (3, 14): objective 1.412401 -> 1.412401  global RMSE 0.596103 -> 0.596103  (rejected, iterations=1)
     1.1: kPhi -0.024021 -> -0.024021  n=1.000  phase=0.000
     2.1: kPhi 0.062585 -> 0.062585  n=1.000  phase=0.000
     3.1: kPhi -0.038561 -> -0.038561  n=1.000  phase=0.000
     4.1: kPhi 0.025223 -> 0.025223  n=1.000  phase=0.000
     5.1: kPhi -0.066886 -> -0.066886  n=1.000  phase=0.000
     6.1: kPhi 0.041635 -> 0.041635  n=1.000  phase=0.000
  center bond (6, 13): objective 1.412401 -> 1.412401  global RMSE 0.596103 -> 0.596103  (rejected, iterations=1)
     1.1: kPhi 0.025992 -> 0.025992  n=1.000  phase=0.000
     2.1: kPhi 0.033735 -> 0.033735  n=1.000  phase=0.000
     3.1: kPhi -0.064416 -> -0.064416  n=1.000  phase=0.000
     4.1: kPhi -0.027226 -> -0.027226  n=1.000  phase=0.000
     5.1: kPhi -0.031701 -> -0.031701  n=1.000  phase=0.000
     6.1: kPhi 0.063751 -> 0.063751  n=1.000  phase=0.000
  center bond (8, 15): objective 1.412401 -> 1.412279  global RMSE 0.596103 -> 0.596062  (accepted, iterations=1)
     1.1: kPhi 0.300482 -> 0.301357  n=2.000  phase=180.000
     2.1: kPhi 0.956861 -> 0.952278  n=2.000  phase=180.000
     3.1: kPhi 0.611809 -> 0.614521  n=2.000  phase=180.000
     4.1: kPhi 1.139465 -> 1.140677  n=2.000  phase=180.000
  center bond (18, 20): objective 1.412279 -> 1.412230  global RMSE 0.596062 -> 0.596015  (accepted, iterations=1)
     1.1: kPhi 1.289415 -> 1.291858  n=2.000  phase=180.000
     2.1: kPhi 1.410411 -> 1.407742  n=2.000  phase=180.000
     3.1: kPhi 0.637880 -> 0.637898  n=2.000  phase=180.000
     4.1: kPhi 0.614498 -> 0.614556  n=2.000  phase=180.000
  per-scan RMSE:
    (3, 14): 0.250815 -> 0.250814
    (6, 13): 0.396721 -> 0.396721
    (8, 15): 0.651811 -> 0.651738
    (18, 20): 0.881023 -> 0.880839

cycle 75: accepted=2 rejected=2  objective 1.412230 -> 1.412063  global RMSE 0.596015 -> 0.595928
  center bond (3, 14): objective 1.412230 -> 1.412230  global RMSE 0.596015 -> 0.596015  (rejected, iterations=1)
     1.1: kPhi -0.024021 -> -0.024021  n=1.000  phase=0.000
     2.1: kPhi 0.062585 -> 0.062585  n=1.000  phase=0.000
     3.1: kPhi -0.038561 -> -0.038561  n=1.000  phase=0.000
     4.1: kPhi 0.025223 -> 0.025223  n=1.000  phase=0.000
     5.1: kPhi -0.066886 -> -0.066886  n=1.000  phase=0.000
     6.1: kPhi 0.041635 -> 0.041635  n=1.000  phase=0.000
  center bond (6, 13): objective 1.412230 -> 1.412230  global RMSE 0.596015 -> 0.596015  (rejected, iterations=1)
     1.1: kPhi 0.025992 -> 0.025992  n=1.000  phase=0.000
     2.1: kPhi 0.033735 -> 0.033735  n=1.000  phase=0.000
     3.1: kPhi -0.064416 -> -0.064416  n=1.000  phase=0.000
     4.1: kPhi -0.027226 -> -0.027226  n=1.000  phase=0.000
     5.1: kPhi -0.031701 -> -0.031701  n=1.000  phase=0.000
     6.1: kPhi 0.063751 -> 0.063751  n=1.000  phase=0.000
  center bond (8, 15): objective 1.412230 -> 1.412111  global RMSE 0.596015 -> 0.595974  (accepted, iterations=1)
     1.1: kPhi 0.301357 -> 0.302214  n=2.000  phase=180.000
     2.1: kPhi 0.952278 -> 0.947744  n=2.000  phase=180.000
     3.1: kPhi 0.614521 -> 0.617203  n=2.000  phase=180.000
     4.1: kPhi 1.140677 -> 1.141886  n=2.000  phase=180.000
  center bond (18, 20): objective 1.412111 -> 1.412063  global RMSE 0.595974 -> 0.595928  (accepted, iterations=1)
     1.1: kPhi 1.291858 -> 1.294271  n=2.000  phase=180.000
     2.1: kPhi 1.407742 -> 1.405107  n=2.000  phase=180.000
     3.1: kPhi 0.637898 -> 0.637917  n=2.000  phase=180.000
     4.1: kPhi 0.614556 -> 0.614613  n=2.000  phase=180.000
  per-scan RMSE:
    (3, 14): 0.250814 -> 0.250814
    (6, 13): 0.396721 -> 0.396720
    (8, 15): 0.651738 -> 0.651666
    (18, 20): 0.880839 -> 0.880657

cycle 76: accepted=2 rejected=2  objective 1.412063 -> 1.411900  global RMSE 0.595928 -> 0.595842
  center bond (3, 14): objective 1.412063 -> 1.412063  global RMSE 0.595928 -> 0.595928  (rejected, iterations=1)
     1.1: kPhi -0.024021 -> -0.024021  n=1.000  phase=0.000
     2.1: kPhi 0.062585 -> 0.062585  n=1.000  phase=0.000
     3.1: kPhi -0.038561 -> -0.038561  n=1.000  phase=0.000
     4.1: kPhi 0.025223 -> 0.025223  n=1.000  phase=0.000
     5.1: kPhi -0.066886 -> -0.066886  n=1.000  phase=0.000
     6.1: kPhi 0.041635 -> 0.041635  n=1.000  phase=0.000
  center bond (6, 13): objective 1.412063 -> 1.412063  global RMSE 0.595928 -> 0.595928  (rejected, iterations=1)
     1.1: kPhi 0.025992 -> 0.025992  n=1.000  phase=0.000
     2.1: kPhi 0.033735 -> 0.033735  n=1.000  phase=0.000
     3.1: kPhi -0.064416 -> -0.064416  n=1.000  phase=0.000
     4.1: kPhi -0.027226 -> -0.027226  n=1.000  phase=0.000
     5.1: kPhi -0.031701 -> -0.031701  n=1.000  phase=0.000
     6.1: kPhi 0.063751 -> 0.063751  n=1.000  phase=0.000
  center bond (8, 15): objective 1.412063 -> 1.411946  global RMSE 0.595928 -> 0.595887  (accepted, iterations=1)
     1.1: kPhi 0.302214 -> 0.303055  n=2.000  phase=180.000
     2.1: kPhi 0.947744 -> 0.943258  n=2.000  phase=180.000
     3.1: kPhi 0.617203 -> 0.619856  n=2.000  phase=180.000
     4.1: kPhi 1.141886 -> 1.143091  n=2.000  phase=180.000
  center bond (18, 20): objective 1.411946 -> 1.411900  global RMSE 0.595887 -> 0.595842  (accepted, iterations=1)
     1.1: kPhi 1.294271 -> 1.296655  n=2.000  phase=180.000
     2.1: kPhi 1.405107 -> 1.402505  n=2.000  phase=180.000
     3.1: kPhi 0.637917 -> 0.637935  n=2.000  phase=180.000
     4.1: kPhi 0.614613 -> 0.614669  n=2.000  phase=180.000
  per-scan RMSE:
    (3, 14): 0.250814 -> 0.250813
    (6, 13): 0.396720 -> 0.396720
    (8, 15): 0.651666 -> 0.651594
    (18, 20): 0.880657 -> 0.880478

cycle 77: accepted=2 rejected=2  objective 1.411900 -> 1.411740  global RMSE 0.595842 -> 0.595757
  center bond (3, 14): objective 1.411900 -> 1.411900  global RMSE 0.595842 -> 0.595842  (rejected, iterations=1)
     1.1: kPhi -0.024021 -> -0.024021  n=1.000  phase=0.000
     2.1: kPhi 0.062585 -> 0.062585  n=1.000  phase=0.000
     3.1: kPhi -0.038561 -> -0.038561  n=1.000  phase=0.000
     4.1: kPhi 0.025223 -> 0.025223  n=1.000  phase=0.000
     5.1: kPhi -0.066886 -> -0.066886  n=1.000  phase=0.000
     6.1: kPhi 0.041635 -> 0.041635  n=1.000  phase=0.000
  center bond (6, 13): objective 1.411900 -> 1.411900  global RMSE 0.595842 -> 0.595842  (rejected, iterations=1)
     1.1: kPhi 0.025992 -> 0.025992  n=1.000  phase=0.000
     2.1: kPhi 0.033735 -> 0.033735  n=1.000  phase=0.000
     3.1: kPhi -0.064416 -> -0.064416  n=1.000  phase=0.000
     4.1: kPhi -0.027226 -> -0.027226  n=1.000  phase=0.000
     5.1: kPhi -0.031701 -> -0.031701  n=1.000  phase=0.000
     6.1: kPhi 0.063751 -> 0.063751  n=1.000  phase=0.000
  center bond (8, 15): objective 1.411900 -> 1.411785  global RMSE 0.595842 -> 0.595801  (accepted, iterations=1)
     1.1: kPhi 0.303055 -> 0.303879  n=2.000  phase=180.000
     2.1: kPhi 0.943258 -> 0.938818  n=2.000  phase=180.000
     3.1: kPhi 0.619856 -> 0.622479  n=2.000  phase=180.000
     4.1: kPhi 1.143091 -> 1.144292  n=2.000  phase=180.000
  center bond (18, 20): objective 1.411785 -> 1.411740  global RMSE 0.595801 -> 0.595757  (accepted, iterations=1)
     1.1: kPhi 1.296655 -> 1.299010  n=2.000  phase=180.000
     2.1: kPhi 1.402505 -> 1.399936  n=2.000  phase=180.000
     3.1: kPhi 0.637935 -> 0.637952  n=2.000  phase=180.000
     4.1: kPhi 0.614669 -> 0.614724  n=2.000  phase=180.000
  per-scan RMSE:
    (3, 14): 0.250813 -> 0.250812
    (6, 13): 0.396720 -> 0.396719
    (8, 15): 0.651594 -> 0.651522
    (18, 20): 0.880478 -> 0.880302

cycle 78: accepted=2 rejected=2  objective 1.411740 -> 1.411584  global RMSE 0.595757 -> 0.595673
  center bond (3, 14): objective 1.411740 -> 1.411740  global RMSE 0.595757 -> 0.595757  (rejected, iterations=1)
     1.1: kPhi -0.024021 -> -0.024021  n=1.000  phase=0.000
     2.1: kPhi 0.062585 -> 0.062585  n=1.000  phase=0.000
     3.1: kPhi -0.038561 -> -0.038561  n=1.000  phase=0.000
     4.1: kPhi 0.025223 -> 0.025223  n=1.000  phase=0.000
     5.1: kPhi -0.066886 -> -0.066886  n=1.000  phase=0.000
     6.1: kPhi 0.041635 -> 0.041635  n=1.000  phase=0.000
  center bond (6, 13): objective 1.411740 -> 1.411740  global RMSE 0.595757 -> 0.595757  (rejected, iterations=1)
     1.1: kPhi 0.025992 -> 0.025992  n=1.000  phase=0.000
     2.1: kPhi 0.033735 -> 0.033735  n=1.000  phase=0.000
     3.1: kPhi -0.064416 -> -0.064416  n=1.000  phase=0.000
     4.1: kPhi -0.027226 -> -0.027226  n=1.000  phase=0.000
     5.1: kPhi -0.031701 -> -0.031701  n=1.000  phase=0.000
     6.1: kPhi 0.063751 -> 0.063751  n=1.000  phase=0.000
  center bond (8, 15): objective 1.411740 -> 1.411628  global RMSE 0.595757 -> 0.595717  (accepted, iterations=1)
     1.1: kPhi 0.303879 -> 0.304688  n=2.000  phase=180.000
     2.1: kPhi 0.938818 -> 0.934424  n=2.000  phase=180.000
     3.1: kPhi 0.622479 -> 0.625074  n=2.000  phase=180.000
     4.1: kPhi 1.144292 -> 1.145489  n=2.000  phase=180.000
  center bond (18, 20): objective 1.411628 -> 1.411584  global RMSE 0.595717 -> 0.595673  (accepted, iterations=1)
     1.1: kPhi 1.299010 -> 1.301336  n=2.000  phase=180.000
     2.1: kPhi 1.399936 -> 1.397400  n=2.000  phase=180.000
     3.1: kPhi 0.637952 -> 0.637969  n=2.000  phase=180.000
     4.1: kPhi 0.614724 -> 0.614778  n=2.000  phase=180.000
  per-scan RMSE:
    (3, 14): 0.250812 -> 0.250812
    (6, 13): 0.396719 -> 0.396718
    (8, 15): 0.651522 -> 0.651450
    (18, 20): 0.880302 -> 0.880128

cycle 79: accepted=2 rejected=2  objective 1.411584 -> 1.411431  global RMSE 0.595673 -> 0.595590
  center bond (3, 14): objective 1.411584 -> 1.411584  global RMSE 0.595673 -> 0.595673  (rejected, iterations=1)
     1.1: kPhi -0.024021 -> -0.024021  n=1.000  phase=0.000
     2.1: kPhi 0.062585 -> 0.062585  n=1.000  phase=0.000
     3.1: kPhi -0.038561 -> -0.038561  n=1.000  phase=0.000
     4.1: kPhi 0.025223 -> 0.025223  n=1.000  phase=0.000
     5.1: kPhi -0.066886 -> -0.066886  n=1.000  phase=0.000
     6.1: kPhi 0.041635 -> 0.041635  n=1.000  phase=0.000
  center bond (6, 13): objective 1.411584 -> 1.411584  global RMSE 0.595673 -> 0.595673  (rejected, iterations=1)
     1.1: kPhi 0.025992 -> 0.025992  n=1.000  phase=0.000
     2.1: kPhi 0.033735 -> 0.033735  n=1.000  phase=0.000
     3.1: kPhi -0.064416 -> -0.064416  n=1.000  phase=0.000
     4.1: kPhi -0.027226 -> -0.027226  n=1.000  phase=0.000
     5.1: kPhi -0.031701 -> -0.031701  n=1.000  phase=0.000
     6.1: kPhi 0.063751 -> 0.063751  n=1.000  phase=0.000
  center bond (8, 15): objective 1.411584 -> 1.411474  global RMSE 0.595673 -> 0.595633  (accepted, iterations=1)
     1.1: kPhi 0.304688 -> 0.305481  n=2.000  phase=180.000
     2.1: kPhi 0.934424 -> 0.930077  n=2.000  phase=180.000
     3.1: kPhi 0.625074 -> 0.627640  n=2.000  phase=180.000
     4.1: kPhi 1.145489 -> 1.146682  n=2.000  phase=180.000
  center bond (18, 20): objective 1.411474 -> 1.411431  global RMSE 0.595633 -> 0.595590  (accepted, iterations=1)
     1.1: kPhi 1.301336 -> 1.303634  n=2.000  phase=180.000
     2.1: kPhi 1.397400 -> 1.394896  n=2.000  phase=180.000
     3.1: kPhi 0.637969 -> 0.637986  n=2.000  phase=180.000
     4.1: kPhi 0.614778 -> 0.614832  n=2.000  phase=180.000
  per-scan RMSE:
    (3, 14): 0.250812 -> 0.250811
    (6, 13): 0.396718 -> 0.396718
    (8, 15): 0.651450 -> 0.651378
    (18, 20): 0.880128 -> 0.879957

cycle 80: accepted=2 rejected=2  objective 1.411431 -> 1.411281  global RMSE 0.595590 -> 0.595507
  center bond (3, 14): objective 1.411431 -> 1.411431  global RMSE 0.595590 -> 0.595590  (rejected, iterations=1)
     1.1: kPhi -0.024021 -> -0.024021  n=1.000  phase=0.000
     2.1: kPhi 0.062585 -> 0.062585  n=1.000  phase=0.000
     3.1: kPhi -0.038561 -> -0.038561  n=1.000  phase=0.000
     4.1: kPhi 0.025223 -> 0.025223  n=1.000  phase=0.000
     5.1: kPhi -0.066886 -> -0.066886  n=1.000  phase=0.000
     6.1: kPhi 0.041635 -> 0.041635  n=1.000  phase=0.000
  center bond (6, 13): objective 1.411431 -> 1.411431  global RMSE 0.595590 -> 0.595590  (rejected, iterations=1)
     1.1: kPhi 0.025992 -> 0.025992  n=1.000  phase=0.000
     2.1: kPhi 0.033735 -> 0.033735  n=1.000  phase=0.000
     3.1: kPhi -0.064416 -> -0.064416  n=1.000  phase=0.000
     4.1: kPhi -0.027226 -> -0.027226  n=1.000  phase=0.000
     5.1: kPhi -0.031701 -> -0.031701  n=1.000  phase=0.000
     6.1: kPhi 0.063751 -> 0.063751  n=1.000  phase=0.000
  center bond (8, 15): objective 1.411431 -> 1.411323  global RMSE 0.595590 -> 0.595550  (accepted, iterations=1)
     1.1: kPhi 0.305481 -> 0.306259  n=2.000  phase=180.000
     2.1: kPhi 0.930077 -> 0.925775  n=2.000  phase=180.000
     3.1: kPhi 0.627640 -> 0.630178  n=2.000  phase=180.000
     4.1: kPhi 1.146682 -> 1.147870  n=2.000  phase=180.000
  center bond (18, 20): objective 1.411323 -> 1.411281  global RMSE 0.595550 -> 0.595507  (accepted, iterations=1)
     1.1: kPhi 1.303634 -> 1.305905  n=2.000  phase=180.000
     2.1: kPhi 1.394896 -> 1.392423  n=2.000  phase=180.000
     3.1: kPhi 0.637986 -> 0.638002  n=2.000  phase=180.000
     4.1: kPhi 0.614832 -> 0.614885  n=2.000  phase=180.000
  per-scan RMSE:
    (3, 14): 0.250811 -> 0.250810
    (6, 13): 0.396718 -> 0.396717
    (8, 15): 0.651378 -> 0.651306
    (18, 20): 0.879957 -> 0.879788

cycle 81: accepted=2 rejected=2  objective 1.411281 -> 1.411135  global RMSE 0.595507 -> 0.595426
  center bond (3, 14): objective 1.411281 -> 1.411281  global RMSE 0.595507 -> 0.595507  (rejected, iterations=1)
     1.1: kPhi -0.024021 -> -0.024021  n=1.000  phase=0.000
     2.1: kPhi 0.062585 -> 0.062585  n=1.000  phase=0.000
     3.1: kPhi -0.038561 -> -0.038561  n=1.000  phase=0.000
     4.1: kPhi 0.025223 -> 0.025223  n=1.000  phase=0.000
     5.1: kPhi -0.066886 -> -0.066886  n=1.000  phase=0.000
     6.1: kPhi 0.041635 -> 0.041635  n=1.000  phase=0.000
  center bond (6, 13): objective 1.411281 -> 1.411281  global RMSE 0.595507 -> 0.595507  (rejected, iterations=1)
     1.1: kPhi 0.025992 -> 0.025992  n=1.000  phase=0.000
     2.1: kPhi 0.033735 -> 0.033735  n=1.000  phase=0.000
     3.1: kPhi -0.064416 -> -0.064416  n=1.000  phase=0.000
     4.1: kPhi -0.027226 -> -0.027226  n=1.000  phase=0.000
     5.1: kPhi -0.031701 -> -0.031701  n=1.000  phase=0.000
     6.1: kPhi 0.063751 -> 0.063751  n=1.000  phase=0.000
  center bond (8, 15): objective 1.411281 -> 1.411176  global RMSE 0.595507 -> 0.595468  (accepted, iterations=1)
     1.1: kPhi 0.306259 -> 0.307022  n=2.000  phase=180.000
     2.1: kPhi 0.925775 -> 0.921517  n=2.000  phase=180.000
     3.1: kPhi 0.630178 -> 0.632688  n=2.000  phase=180.000
     4.1: kPhi 1.147870 -> 1.149054  n=2.000  phase=180.000
  center bond (18, 20): objective 1.411176 -> 1.411135  global RMSE 0.595468 -> 0.595426  (accepted, iterations=1)
     1.1: kPhi 1.305905 -> 1.308147  n=2.000  phase=180.000
     2.1: kPhi 1.392423 -> 1.389981  n=2.000  phase=180.000
     3.1: kPhi 0.638002 -> 0.638018  n=2.000  phase=180.000
     4.1: kPhi 0.614885 -> 0.614937  n=2.000  phase=180.000
  per-scan RMSE:
    (3, 14): 0.250810 -> 0.250809
    (6, 13): 0.396717 -> 0.396717
    (8, 15): 0.651306 -> 0.651235
    (18, 20): 0.879788 -> 0.879621

cycle 82: accepted=2 rejected=2  objective 1.411135 -> 1.410992  global RMSE 0.595426 -> 0.595346
  center bond (3, 14): objective 1.411135 -> 1.411135  global RMSE 0.595426 -> 0.595426  (rejected, iterations=1)
     1.1: kPhi -0.024021 -> -0.024021  n=1.000  phase=0.000
     2.1: kPhi 0.062585 -> 0.062585  n=1.000  phase=0.000
     3.1: kPhi -0.038561 -> -0.038561  n=1.000  phase=0.000
     4.1: kPhi 0.025223 -> 0.025223  n=1.000  phase=0.000
     5.1: kPhi -0.066886 -> -0.066886  n=1.000  phase=0.000
     6.1: kPhi 0.041635 -> 0.041635  n=1.000  phase=0.000
  center bond (6, 13): objective 1.411135 -> 1.411135  global RMSE 0.595426 -> 0.595426  (rejected, iterations=1)
     1.1: kPhi 0.025992 -> 0.025992  n=1.000  phase=0.000
     2.1: kPhi 0.033735 -> 0.033735  n=1.000  phase=0.000
     3.1: kPhi -0.064416 -> -0.064416  n=1.000  phase=0.000
     4.1: kPhi -0.027226 -> -0.027226  n=1.000  phase=0.000
     5.1: kPhi -0.031701 -> -0.031701  n=1.000  phase=0.000
     6.1: kPhi 0.063751 -> 0.063751  n=1.000  phase=0.000
  center bond (8, 15): objective 1.411135 -> 1.411032  global RMSE 0.595426 -> 0.595387  (accepted, iterations=1)
     1.1: kPhi 0.307022 -> 0.307771  n=2.000  phase=180.000
     2.1: kPhi 0.921517 -> 0.917304  n=2.000  phase=180.000
     3.1: kPhi 0.632688 -> 0.635171  n=2.000  phase=180.000
     4.1: kPhi 1.149054 -> 1.150232  n=2.000  phase=180.000
  center bond (18, 20): objective 1.411032 -> 1.410992  global RMSE 0.595387 -> 0.595346  (accepted, iterations=1)
     1.1: kPhi 1.308147 -> 1.310362  n=2.000  phase=180.000
     2.1: kPhi 1.389981 -> 1.387570  n=2.000  phase=180.000
     3.1: kPhi 0.638018 -> 0.638034  n=2.000  phase=180.000
     4.1: kPhi 0.614937 -> 0.614988  n=2.000  phase=180.000
  per-scan RMSE:
    (3, 14): 0.250809 -> 0.250809
    (6, 13): 0.396717 -> 0.396716
    (8, 15): 0.651235 -> 0.651163
    (18, 20): 0.879621 -> 0.879457

cycle 83: accepted=2 rejected=2  objective 1.410992 -> 1.410852  global RMSE 0.595346 -> 0.595266
  center bond (3, 14): objective 1.410992 -> 1.410992  global RMSE 0.595346 -> 0.595346  (rejected, iterations=1)
     1.1: kPhi -0.024021 -> -0.024021  n=1.000  phase=0.000
     2.1: kPhi 0.062585 -> 0.062585  n=1.000  phase=0.000
     3.1: kPhi -0.038561 -> -0.038561  n=1.000  phase=0.000
     4.1: kPhi 0.025223 -> 0.025223  n=1.000  phase=0.000
     5.1: kPhi -0.066886 -> -0.066886  n=1.000  phase=0.000
     6.1: kPhi 0.041635 -> 0.041635  n=1.000  phase=0.000
  center bond (6, 13): objective 1.410992 -> 1.410992  global RMSE 0.595346 -> 0.595346  (rejected, iterations=1)
     1.1: kPhi 0.025992 -> 0.025992  n=1.000  phase=0.000
     2.1: kPhi 0.033735 -> 0.033735  n=1.000  phase=0.000
     3.1: kPhi -0.064416 -> -0.064416  n=1.000  phase=0.000
     4.1: kPhi -0.027226 -> -0.027226  n=1.000  phase=0.000
     5.1: kPhi -0.031701 -> -0.031701  n=1.000  phase=0.000
     6.1: kPhi 0.063751 -> 0.063751  n=1.000  phase=0.000
  center bond (8, 15): objective 1.410992 -> 1.410891  global RMSE 0.595346 -> 0.595307  (accepted, iterations=1)
     1.1: kPhi 0.307771 -> 0.308506  n=2.000  phase=180.000
     2.1: kPhi 0.917304 -> 0.913135  n=2.000  phase=180.000
     3.1: kPhi 0.635171 -> 0.637627  n=2.000  phase=180.000
     4.1: kPhi 1.150232 -> 1.151406  n=2.000  phase=180.000
  center bond (18, 20): objective 1.410891 -> 1.410852  global RMSE 0.595307 -> 0.595266  (accepted, iterations=1)
     1.1: kPhi 1.310362 -> 1.312551  n=2.000  phase=180.000
     2.1: kPhi 1.387570 -> 1.385190  n=2.000  phase=180.000
     3.1: kPhi 0.638034 -> 0.638049  n=2.000  phase=180.000
     4.1: kPhi 0.614988 -> 0.615039  n=2.000  phase=180.000
  per-scan RMSE:
    (3, 14): 0.250809 -> 0.250808
    (6, 13): 0.396716 -> 0.396716
    (8, 15): 0.651163 -> 0.651092
    (18, 20): 0.879457 -> 0.879295

cycle 84: accepted=2 rejected=2  objective 1.410852 -> 1.410715  global RMSE 0.595266 -> 0.595188
  center bond (3, 14): objective 1.410852 -> 1.410852  global RMSE 0.595266 -> 0.595266  (rejected, iterations=1)
     1.1: kPhi -0.024021 -> -0.024021  n=1.000  phase=0.000
     2.1: kPhi 0.062585 -> 0.062585  n=1.000  phase=0.000
     3.1: kPhi -0.038561 -> -0.038561  n=1.000  phase=0.000
     4.1: kPhi 0.025223 -> 0.025223  n=1.000  phase=0.000
     5.1: kPhi -0.066886 -> -0.066886  n=1.000  phase=0.000
     6.1: kPhi 0.041635 -> 0.041635  n=1.000  phase=0.000
  center bond (6, 13): objective 1.410852 -> 1.410852  global RMSE 0.595266 -> 0.595266  (rejected, iterations=1)
     1.1: kPhi 0.025992 -> 0.025992  n=1.000  phase=0.000
     2.1: kPhi 0.033735 -> 0.033735  n=1.000  phase=0.000
     3.1: kPhi -0.064416 -> -0.064416  n=1.000  phase=0.000
     4.1: kPhi -0.027226 -> -0.027226  n=1.000  phase=0.000
     5.1: kPhi -0.031701 -> -0.031701  n=1.000  phase=0.000
     6.1: kPhi 0.063751 -> 0.063751  n=1.000  phase=0.000
  center bond (8, 15): objective 1.410852 -> 1.410753  global RMSE 0.595266 -> 0.595228  (accepted, iterations=1)
     1.1: kPhi 0.308506 -> 0.309228  n=2.000  phase=180.000
     2.1: kPhi 0.913135 -> 0.909009  n=2.000  phase=180.000
     3.1: kPhi 0.637627 -> 0.640056  n=2.000  phase=180.000
     4.1: kPhi 1.151406 -> 1.152575  n=2.000  phase=180.000
  center bond (18, 20): objective 1.410753 -> 1.410715  global RMSE 0.595228 -> 0.595188  (accepted, iterations=1)
     1.1: kPhi 1.312551 -> 1.314713  n=2.000  phase=180.000
     2.1: kPhi 1.385190 -> 1.382840  n=2.000  phase=180.000
     3.1: kPhi 0.638049 -> 0.638064  n=2.000  phase=180.000
     4.1: kPhi 0.615039 -> 0.615089  n=2.000  phase=180.000
  per-scan RMSE:
    (3, 14): 0.250808 -> 0.250807
    (6, 13): 0.396716 -> 0.396715
    (8, 15): 0.651092 -> 0.651021
    (18, 20): 0.879295 -> 0.879135

cycle 85: accepted=2 rejected=2  objective 1.410715 -> 1.410581  global RMSE 0.595188 -> 0.595110
  center bond (3, 14): objective 1.410715 -> 1.410715  global RMSE 0.595188 -> 0.595188  (rejected, iterations=1)
     1.1: kPhi -0.024021 -> -0.024021  n=1.000  phase=0.000
     2.1: kPhi 0.062585 -> 0.062585  n=1.000  phase=0.000
     3.1: kPhi -0.038561 -> -0.038561  n=1.000  phase=0.000
     4.1: kPhi 0.025223 -> 0.025223  n=1.000  phase=0.000
     5.1: kPhi -0.066886 -> -0.066886  n=1.000  phase=0.000
     6.1: kPhi 0.041635 -> 0.041635  n=1.000  phase=0.000
  center bond (6, 13): objective 1.410715 -> 1.410715  global RMSE 0.595188 -> 0.595188  (rejected, iterations=1)
     1.1: kPhi 0.025992 -> 0.025992  n=1.000  phase=0.000
     2.1: kPhi 0.033735 -> 0.033735  n=1.000  phase=0.000
     3.1: kPhi -0.064416 -> -0.064416  n=1.000  phase=0.000
     4.1: kPhi -0.027226 -> -0.027226  n=1.000  phase=0.000
     5.1: kPhi -0.031701 -> -0.031701  n=1.000  phase=0.000
     6.1: kPhi 0.063751 -> 0.063751  n=1.000  phase=0.000
  center bond (8, 15): objective 1.410715 -> 1.410618  global RMSE 0.595188 -> 0.595150  (accepted, iterations=1)
     1.1: kPhi 0.309228 -> 0.309935  n=2.000  phase=180.000
     2.1: kPhi 0.909009 -> 0.904927  n=2.000  phase=180.000
     3.1: kPhi 0.640056 -> 0.642458  n=2.000  phase=180.000
     4.1: kPhi 1.152575 -> 1.153739  n=2.000  phase=180.000
  center bond (18, 20): objective 1.410618 -> 1.410581  global RMSE 0.595150 -> 0.595110  (accepted, iterations=1)
     1.1: kPhi 1.314713 -> 1.316848  n=2.000  phase=180.000
     2.1: kPhi 1.382840 -> 1.380519  n=2.000  phase=180.000
     3.1: kPhi 0.638064 -> 0.638079  n=2.000  phase=180.000
     4.1: kPhi 0.615089 -> 0.615138  n=2.000  phase=180.000
  per-scan RMSE:
    (3, 14): 0.250807 -> 0.250806
    (6, 13): 0.396715 -> 0.396715
    (8, 15): 0.651021 -> 0.650951
    (18, 20): 0.879135 -> 0.878978

cycle 86: accepted=2 rejected=2  objective 1.410581 -> 1.410450  global RMSE 0.595110 -> 0.595034
  center bond (3, 14): objective 1.410581 -> 1.410581  global RMSE 0.595110 -> 0.595110  (rejected, iterations=1)
     1.1: kPhi -0.024021 -> -0.024021  n=1.000  phase=0.000
     2.1: kPhi 0.062585 -> 0.062585  n=1.000  phase=0.000
     3.1: kPhi -0.038561 -> -0.038561  n=1.000  phase=0.000
     4.1: kPhi 0.025223 -> 0.025223  n=1.000  phase=0.000
     5.1: kPhi -0.066886 -> -0.066886  n=1.000  phase=0.000
     6.1: kPhi 0.041635 -> 0.041635  n=1.000  phase=0.000
  center bond (6, 13): objective 1.410581 -> 1.410581  global RMSE 0.595110 -> 0.595110  (rejected, iterations=1)
     1.1: kPhi 0.025992 -> 0.025992  n=1.000  phase=0.000
     2.1: kPhi 0.033735 -> 0.033735  n=1.000  phase=0.000
     3.1: kPhi -0.064416 -> -0.064416  n=1.000  phase=0.000
     4.1: kPhi -0.027226 -> -0.027226  n=1.000  phase=0.000
     5.1: kPhi -0.031701 -> -0.031701  n=1.000  phase=0.000
     6.1: kPhi 0.063751 -> 0.063751  n=1.000  phase=0.000
  center bond (8, 15): objective 1.410581 -> 1.410486  global RMSE 0.595110 -> 0.595072  (accepted, iterations=1)
     1.1: kPhi 0.309935 -> 0.310630  n=2.000  phase=180.000
     2.1: kPhi 0.904927 -> 0.900886  n=2.000  phase=180.000
     3.1: kPhi 0.642458 -> 0.644834  n=2.000  phase=180.000
     4.1: kPhi 1.153739 -> 1.154897  n=2.000  phase=180.000
  center bond (18, 20): objective 1.410486 -> 1.410450  global RMSE 0.595072 -> 0.595034  (accepted, iterations=1)
     1.1: kPhi 1.316848 -> 1.318957  n=2.000  phase=180.000
     2.1: kPhi 1.380519 -> 1.378228  n=2.000  phase=180.000
     3.1: kPhi 0.638079 -> 0.638093  n=2.000  phase=180.000
     4.1: kPhi 0.615138 -> 0.615186  n=2.000  phase=180.000
  per-scan RMSE:
    (3, 14): 0.250806 -> 0.250806
    (6, 13): 0.396715 -> 0.396714
    (8, 15): 0.650951 -> 0.650881
    (18, 20): 0.878978 -> 0.878822

cycle 87: accepted=2 rejected=2  objective 1.410450 -> 1.410322  global RMSE 0.595034 -> 0.594958
  center bond (3, 14): objective 1.410450 -> 1.410450  global RMSE 0.595034 -> 0.595034  (rejected, iterations=1)
     1.1: kPhi -0.024021 -> -0.024021  n=1.000  phase=0.000
     2.1: kPhi 0.062585 -> 0.062585  n=1.000  phase=0.000
     3.1: kPhi -0.038561 -> -0.038561  n=1.000  phase=0.000
     4.1: kPhi 0.025223 -> 0.025223  n=1.000  phase=0.000
     5.1: kPhi -0.066886 -> -0.066886  n=1.000  phase=0.000
     6.1: kPhi 0.041635 -> 0.041635  n=1.000  phase=0.000
  center bond (6, 13): objective 1.410450 -> 1.410450  global RMSE 0.595034 -> 0.595034  (rejected, iterations=1)
     1.1: kPhi 0.025992 -> 0.025992  n=1.000  phase=0.000
     2.1: kPhi 0.033735 -> 0.033735  n=1.000  phase=0.000
     3.1: kPhi -0.064416 -> -0.064416  n=1.000  phase=0.000
     4.1: kPhi -0.027226 -> -0.027226  n=1.000  phase=0.000
     5.1: kPhi -0.031701 -> -0.031701  n=1.000  phase=0.000
     6.1: kPhi 0.063751 -> 0.063751  n=1.000  phase=0.000
  center bond (8, 15): objective 1.410450 -> 1.410357  global RMSE 0.595034 -> 0.594996  (accepted, iterations=1)
     1.1: kPhi 0.310630 -> 0.311313  n=2.000  phase=180.000
     2.1: kPhi 0.900886 -> 0.896888  n=2.000  phase=180.000
     3.1: kPhi 0.644834 -> 0.647184  n=2.000  phase=180.000
     4.1: kPhi 1.154897 -> 1.156050  n=2.000  phase=180.000
  center bond (18, 20): objective 1.410357 -> 1.410322  global RMSE 0.594996 -> 0.594958  (accepted, iterations=1)
     1.1: kPhi 1.318957 -> 1.321041  n=2.000  phase=180.000
     2.1: kPhi 1.378228 -> 1.375965  n=2.000  phase=180.000
     3.1: kPhi 0.638093 -> 0.638107  n=2.000  phase=180.000
     4.1: kPhi 0.615186 -> 0.615234  n=2.000  phase=180.000
  per-scan RMSE:
    (3, 14): 0.250806 -> 0.250805
    (6, 13): 0.396714 -> 0.396714
    (8, 15): 0.650881 -> 0.650810
    (18, 20): 0.878822 -> 0.878669

cycle 88: accepted=2 rejected=2  objective 1.410322 -> 1.410197  global RMSE 0.594958 -> 0.594883
  center bond (3, 14): objective 1.410322 -> 1.410322  global RMSE 0.594958 -> 0.594958  (rejected, iterations=1)
     1.1: kPhi -0.024021 -> -0.024021  n=1.000  phase=0.000
     2.1: kPhi 0.062585 -> 0.062585  n=1.000  phase=0.000
     3.1: kPhi -0.038561 -> -0.038561  n=1.000  phase=0.000
     4.1: kPhi 0.025223 -> 0.025223  n=1.000  phase=0.000
     5.1: kPhi -0.066886 -> -0.066886  n=1.000  phase=0.000
     6.1: kPhi 0.041635 -> 0.041635  n=1.000  phase=0.000
  center bond (6, 13): objective 1.410322 -> 1.410322  global RMSE 0.594958 -> 0.594958  (rejected, iterations=1)
     1.1: kPhi 0.025992 -> 0.025992  n=1.000  phase=0.000
     2.1: kPhi 0.033735 -> 0.033735  n=1.000  phase=0.000
     3.1: kPhi -0.064416 -> -0.064416  n=1.000  phase=0.000
     4.1: kPhi -0.027226 -> -0.027226  n=1.000  phase=0.000
     5.1: kPhi -0.031701 -> -0.031701  n=1.000  phase=0.000
     6.1: kPhi 0.063751 -> 0.063751  n=1.000  phase=0.000
  center bond (8, 15): objective 1.410322 -> 1.410231  global RMSE 0.594958 -> 0.594920  (accepted, iterations=1)
     1.1: kPhi 0.311313 -> 0.311982  n=2.000  phase=180.000
     2.1: kPhi 0.896888 -> 0.892931  n=2.000  phase=180.000
     3.1: kPhi 0.647184 -> 0.649509  n=2.000  phase=180.000
     4.1: kPhi 1.156050 -> 1.157197  n=2.000  phase=180.000
  center bond (18, 20): objective 1.410231 -> 1.410197  global RMSE 0.594920 -> 0.594883  (accepted, iterations=1)
     1.1: kPhi 1.321041 -> 1.323099  n=2.000  phase=180.000
     2.1: kPhi 1.375965 -> 1.373731  n=2.000  phase=180.000
     3.1: kPhi 0.638107 -> 0.638121  n=2.000  phase=180.000
     4.1: kPhi 0.615234 -> 0.615281  n=2.000  phase=180.000
  per-scan RMSE:
    (3, 14): 0.250805 -> 0.250804
    (6, 13): 0.396714 -> 0.396713
    (8, 15): 0.650810 -> 0.650741
    (18, 20): 0.878669 -> 0.878518

cycle 89: accepted=2 rejected=2  objective 1.410197 -> 1.410074  global RMSE 0.594883 -> 0.594808
  center bond (3, 14): objective 1.410197 -> 1.410197  global RMSE 0.594883 -> 0.594883  (rejected, iterations=1)
     1.1: kPhi -0.024021 -> -0.024021  n=1.000  phase=0.000
     2.1: kPhi 0.062585 -> 0.062585  n=1.000  phase=0.000
     3.1: kPhi -0.038561 -> -0.038561  n=1.000  phase=0.000
     4.1: kPhi 0.025223 -> 0.025223  n=1.000  phase=0.000
     5.1: kPhi -0.066886 -> -0.066886  n=1.000  phase=0.000
     6.1: kPhi 0.041635 -> 0.041635  n=1.000  phase=0.000
  center bond (6, 13): objective 1.410197 -> 1.410197  global RMSE 0.594883 -> 0.594883  (rejected, iterations=1)
     1.1: kPhi 0.025992 -> 0.025992  n=1.000  phase=0.000
     2.1: kPhi 0.033735 -> 0.033735  n=1.000  phase=0.000
     3.1: kPhi -0.064416 -> -0.064416  n=1.000  phase=0.000
     4.1: kPhi -0.027226 -> -0.027226  n=1.000  phase=0.000
     5.1: kPhi -0.031701 -> -0.031701  n=1.000  phase=0.000
     6.1: kPhi 0.063751 -> 0.063751  n=1.000  phase=0.000
  center bond (8, 15): objective 1.410197 -> 1.410108  global RMSE 0.594883 -> 0.594846  (accepted, iterations=1)
     1.1: kPhi 0.311982 -> 0.312640  n=2.000  phase=180.000
     2.1: kPhi 0.892931 -> 0.889015  n=2.000  phase=180.000
     3.1: kPhi 0.649509 -> 0.651809  n=2.000  phase=180.000
     4.1: kPhi 1.157197 -> 1.158338  n=2.000  phase=180.000
  center bond (18, 20): objective 1.410108 -> 1.410074  global RMSE 0.594846 -> 0.594808  (accepted, iterations=1)
     1.1: kPhi 1.323099 -> 1.325132  n=2.000  phase=180.000
     2.1: kPhi 1.373731 -> 1.371525  n=2.000  phase=180.000
     3.1: kPhi 0.638121 -> 0.638134  n=2.000  phase=180.000
     4.1: kPhi 0.615281 -> 0.615328  n=2.000  phase=180.000
  per-scan RMSE:
    (3, 14): 0.250804 -> 0.250803
    (6, 13): 0.396713 -> 0.396712
    (8, 15): 0.650741 -> 0.650671
    (18, 20): 0.878518 -> 0.878369

cycle 90: accepted=2 rejected=2  objective 1.410074 -> 1.409954  global RMSE 0.594808 -> 0.594735
  center bond (3, 14): objective 1.410074 -> 1.410074  global RMSE 0.594808 -> 0.594808  (rejected, iterations=1)
     1.1: kPhi -0.024021 -> -0.024021  n=1.000  phase=0.000
     2.1: kPhi 0.062585 -> 0.062585  n=1.000  phase=0.000
     3.1: kPhi -0.038561 -> -0.038561  n=1.000  phase=0.000
     4.1: kPhi 0.025223 -> 0.025223  n=1.000  phase=0.000
     5.1: kPhi -0.066886 -> -0.066886  n=1.000  phase=0.000
     6.1: kPhi 0.041635 -> 0.041635  n=1.000  phase=0.000
  center bond (6, 13): objective 1.410074 -> 1.410074  global RMSE 0.594808 -> 0.594808  (rejected, iterations=1)
     1.1: kPhi 0.025992 -> 0.025992  n=1.000  phase=0.000
     2.1: kPhi 0.033735 -> 0.033735  n=1.000  phase=0.000
     3.1: kPhi -0.064416 -> -0.064416  n=1.000  phase=0.000
     4.1: kPhi -0.027226 -> -0.027226  n=1.000  phase=0.000
     5.1: kPhi -0.031701 -> -0.031701  n=1.000  phase=0.000
     6.1: kPhi 0.063751 -> 0.063751  n=1.000  phase=0.000
  center bond (8, 15): objective 1.410074 -> 1.409987  global RMSE 0.594808 -> 0.594772  (accepted, iterations=1)
     1.1: kPhi 0.312640 -> 0.313286  n=2.000  phase=180.000
     2.1: kPhi 0.889015 -> 0.885140  n=2.000  phase=180.000
     3.1: kPhi 0.651809 -> 0.654083  n=2.000  phase=180.000
     4.1: kPhi 1.158338 -> 1.159474  n=2.000  phase=180.000
  center bond (18, 20): objective 1.409987 -> 1.409954  global RMSE 0.594772 -> 0.594735  (accepted, iterations=1)
     1.1: kPhi 1.325132 -> 1.327140  n=2.000  phase=180.000
     2.1: kPhi 1.371525 -> 1.369347  n=2.000  phase=180.000
     3.1: kPhi 0.638134 -> 0.638147  n=2.000  phase=180.000
     4.1: kPhi 0.615328 -> 0.615373  n=2.000  phase=180.000
  per-scan RMSE:
    (3, 14): 0.250803 -> 0.250803
    (6, 13): 0.396712 -> 0.396712
    (8, 15): 0.650671 -> 0.650602
    (18, 20): 0.878369 -> 0.878222

cycle 91: accepted=2 rejected=2  objective 1.409954 -> 1.409836  global RMSE 0.594735 -> 0.594663
  center bond (3, 14): objective 1.409954 -> 1.409954  global RMSE 0.594735 -> 0.594735  (rejected, iterations=1)
     1.1: kPhi -0.024021 -> -0.024021  n=1.000  phase=0.000
     2.1: kPhi 0.062585 -> 0.062585  n=1.000  phase=0.000
     3.1: kPhi -0.038561 -> -0.038561  n=1.000  phase=0.000
     4.1: kPhi 0.025223 -> 0.025223  n=1.000  phase=0.000
     5.1: kPhi -0.066886 -> -0.066886  n=1.000  phase=0.000
     6.1: kPhi 0.041635 -> 0.041635  n=1.000  phase=0.000
  center bond (6, 13): objective 1.409954 -> 1.409954  global RMSE 0.594735 -> 0.594735  (rejected, iterations=1)
     1.1: kPhi 0.025992 -> 0.025992  n=1.000  phase=0.000
     2.1: kPhi 0.033735 -> 0.033735  n=1.000  phase=0.000
     3.1: kPhi -0.064416 -> -0.064416  n=1.000  phase=0.000
     4.1: kPhi -0.027226 -> -0.027226  n=1.000  phase=0.000
     5.1: kPhi -0.031701 -> -0.031701  n=1.000  phase=0.000
     6.1: kPhi 0.063751 -> 0.063751  n=1.000  phase=0.000
  center bond (8, 15): objective 1.409954 -> 1.409869  global RMSE 0.594735 -> 0.594699  (accepted, iterations=1)
     1.1: kPhi 0.313286 -> 0.313921  n=2.000  phase=180.000
     2.1: kPhi 0.885140 -> 0.881306  n=2.000  phase=180.000
     3.1: kPhi 0.654083 -> 0.656333  n=2.000  phase=180.000
     4.1: kPhi 1.159474 -> 1.160603  n=2.000  phase=180.000
  center bond (18, 20): objective 1.409869 -> 1.409836  global RMSE 0.594699 -> 0.594663  (accepted, iterations=1)
     1.1: kPhi 1.327140 -> 1.329124  n=2.000  phase=180.000
     2.1: kPhi 1.369347 -> 1.367196  n=2.000  phase=180.000
     3.1: kPhi 0.638147 -> 0.638160  n=2.000  phase=180.000
     4.1: kPhi 0.615373 -> 0.615419  n=2.000  phase=180.000
  per-scan RMSE:
    (3, 14): 0.250803 -> 0.250802
    (6, 13): 0.396712 -> 0.396711
    (8, 15): 0.650602 -> 0.650533
    (18, 20): 0.878222 -> 0.878077

cycle 92: accepted=2 rejected=2  objective 1.409836 -> 1.409722  global RMSE 0.594663 -> 0.594591
  center bond (3, 14): objective 1.409836 -> 1.409836  global RMSE 0.594663 -> 0.594663  (rejected, iterations=1)
     1.1: kPhi -0.024021 -> -0.024021  n=1.000  phase=0.000
     2.1: kPhi 0.062585 -> 0.062585  n=1.000  phase=0.000
     3.1: kPhi -0.038561 -> -0.038561  n=1.000  phase=0.000
     4.1: kPhi 0.025223 -> 0.025223  n=1.000  phase=0.000
     5.1: kPhi -0.066886 -> -0.066886  n=1.000  phase=0.000
     6.1: kPhi 0.041635 -> 0.041635  n=1.000  phase=0.000
  center bond (6, 13): objective 1.409836 -> 1.409836  global RMSE 0.594663 -> 0.594663  (rejected, iterations=1)
     1.1: kPhi 0.025992 -> 0.025992  n=1.000  phase=0.000
     2.1: kPhi 0.033735 -> 0.033735  n=1.000  phase=0.000
     3.1: kPhi -0.064416 -> -0.064416  n=1.000  phase=0.000
     4.1: kPhi -0.027226 -> -0.027226  n=1.000  phase=0.000
     5.1: kPhi -0.031701 -> -0.031701  n=1.000  phase=0.000
     6.1: kPhi 0.063751 -> 0.063751  n=1.000  phase=0.000
  center bond (8, 15): objective 1.409836 -> 1.409753  global RMSE 0.594663 -> 0.594626  (accepted, iterations=1)
     1.1: kPhi 0.313921 -> 0.314544  n=2.000  phase=180.000
     2.1: kPhi 0.881306 -> 0.877510  n=2.000  phase=180.000
     3.1: kPhi 0.656333 -> 0.658558  n=2.000  phase=180.000
     4.1: kPhi 1.160603 -> 1.161726  n=2.000  phase=180.000
  center bond (18, 20): objective 1.409753 -> 1.409722  global RMSE 0.594626 -> 0.594591  (accepted, iterations=1)
     1.1: kPhi 1.329124 -> 1.331083  n=2.000  phase=180.000
     2.1: kPhi 1.367196 -> 1.365072  n=2.000  phase=180.000
     3.1: kPhi 0.638160 -> 0.638173  n=2.000  phase=180.000
     4.1: kPhi 0.615419 -> 0.615463  n=2.000  phase=180.000
  per-scan RMSE:
    (3, 14): 0.250802 -> 0.250801
    (6, 13): 0.396711 -> 0.396711
    (8, 15): 0.650533 -> 0.650465
    (18, 20): 0.878077 -> 0.877934

cycle 93: accepted=2 rejected=2  objective 1.409722 -> 1.409609  global RMSE 0.594591 -> 0.594520
  center bond (3, 14): objective 1.409722 -> 1.409722  global RMSE 0.594591 -> 0.594591  (rejected, iterations=1)
     1.1: kPhi -0.024021 -> -0.024021  n=1.000  phase=0.000
     2.1: kPhi 0.062585 -> 0.062585  n=1.000  phase=0.000
     3.1: kPhi -0.038561 -> -0.038561  n=1.000  phase=0.000
     4.1: kPhi 0.025223 -> 0.025223  n=1.000  phase=0.000
     5.1: kPhi -0.066886 -> -0.066886  n=1.000  phase=0.000
     6.1: kPhi 0.041635 -> 0.041635  n=1.000  phase=0.000
  center bond (6, 13): objective 1.409722 -> 1.409722  global RMSE 0.594591 -> 0.594591  (rejected, iterations=1)
     1.1: kPhi 0.025992 -> 0.025992  n=1.000  phase=0.000
     2.1: kPhi 0.033735 -> 0.033735  n=1.000  phase=0.000
     3.1: kPhi -0.064416 -> -0.064416  n=1.000  phase=0.000
     4.1: kPhi -0.027226 -> -0.027226  n=1.000  phase=0.000
     5.1: kPhi -0.031701 -> -0.031701  n=1.000  phase=0.000
     6.1: kPhi 0.063751 -> 0.063751  n=1.000  phase=0.000
  center bond (8, 15): objective 1.409722 -> 1.409640  global RMSE 0.594591 -> 0.594555  (accepted, iterations=1)
     1.1: kPhi 0.314544 -> 0.315156  n=2.000  phase=180.000
     2.1: kPhi 0.877510 -> 0.873755  n=2.000  phase=180.000
     3.1: kPhi 0.658558 -> 0.660760  n=2.000  phase=180.000
     4.1: kPhi 1.161726 -> 1.162844  n=2.000  phase=180.000
  center bond (18, 20): objective 1.409640 -> 1.409609  global RMSE 0.594555 -> 0.594520  (accepted, iterations=1)
     1.1: kPhi 1.331083 -> 1.333019  n=2.000  phase=180.000
     2.1: kPhi 1.365072 -> 1.362975  n=2.000  phase=180.000
     3.1: kPhi 0.638173 -> 0.638185  n=2.000  phase=180.000
     4.1: kPhi 0.615463 -> 0.615507  n=2.000  phase=180.000
  per-scan RMSE:
    (3, 14): 0.250801 -> 0.250800
    (6, 13): 0.396711 -> 0.396710
    (8, 15): 0.650465 -> 0.650397
    (18, 20): 0.877934 -> 0.877793

cycle 94: accepted=2 rejected=2  objective 1.409609 -> 1.409499  global RMSE 0.594520 -> 0.594450
  center bond (3, 14): objective 1.409609 -> 1.409609  global RMSE 0.594520 -> 0.594520  (rejected, iterations=1)
     1.1: kPhi -0.024021 -> -0.024021  n=1.000  phase=0.000
     2.1: kPhi 0.062585 -> 0.062585  n=1.000  phase=0.000
     3.1: kPhi -0.038561 -> -0.038561  n=1.000  phase=0.000
     4.1: kPhi 0.025223 -> 0.025223  n=1.000  phase=0.000
     5.1: kPhi -0.066886 -> -0.066886  n=1.000  phase=0.000
     6.1: kPhi 0.041635 -> 0.041635  n=1.000  phase=0.000
  center bond (6, 13): objective 1.409609 -> 1.409609  global RMSE 0.594520 -> 0.594520  (rejected, iterations=1)
     1.1: kPhi 0.025992 -> 0.025992  n=1.000  phase=0.000
     2.1: kPhi 0.033735 -> 0.033735  n=1.000  phase=0.000
     3.1: kPhi -0.064416 -> -0.064416  n=1.000  phase=0.000
     4.1: kPhi -0.027226 -> -0.027226  n=1.000  phase=0.000
     5.1: kPhi -0.031701 -> -0.031701  n=1.000  phase=0.000
     6.1: kPhi 0.063751 -> 0.063751  n=1.000  phase=0.000
  center bond (8, 15): objective 1.409609 -> 1.409529  global RMSE 0.594520 -> 0.594484  (accepted, iterations=1)
     1.1: kPhi 0.315156 -> 0.315757  n=2.000  phase=180.000
     2.1: kPhi 0.873755 -> 0.870038  n=2.000  phase=180.000
     3.1: kPhi 0.660760 -> 0.662937  n=2.000  phase=180.000
     4.1: kPhi 1.162844 -> 1.163955  n=2.000  phase=180.000
  center bond (18, 20): objective 1.409529 -> 1.409499  global RMSE 0.594484 -> 0.594450  (accepted, iterations=1)
     1.1: kPhi 1.333019 -> 1.334931  n=2.000  phase=180.000
     2.1: kPhi 1.362975 -> 1.360905  n=2.000  phase=180.000
     3.1: kPhi 0.638185 -> 0.638197  n=2.000  phase=180.000
     4.1: kPhi 0.615507 -> 0.615550  n=2.000  phase=180.000
  per-scan RMSE:
    (3, 14): 0.250800 -> 0.250799
    (6, 13): 0.396710 -> 0.396710
    (8, 15): 0.650397 -> 0.650329
    (18, 20): 0.877793 -> 0.877653

cycle 95: accepted=2 rejected=2  objective 1.409499 -> 1.409392  global RMSE 0.594450 -> 0.594381
  center bond (3, 14): objective 1.409499 -> 1.409499  global RMSE 0.594450 -> 0.594450  (rejected, iterations=1)
     1.1: kPhi -0.024021 -> -0.024021  n=1.000  phase=0.000
     2.1: kPhi 0.062585 -> 0.062585  n=1.000  phase=0.000
     3.1: kPhi -0.038561 -> -0.038561  n=1.000  phase=0.000
     4.1: kPhi 0.025223 -> 0.025223  n=1.000  phase=0.000
     5.1: kPhi -0.066886 -> -0.066886  n=1.000  phase=0.000
     6.1: kPhi 0.041635 -> 0.041635  n=1.000  phase=0.000
  center bond (6, 13): objective 1.409499 -> 1.409499  global RMSE 0.594450 -> 0.594450  (rejected, iterations=1)
     1.1: kPhi 0.025992 -> 0.025992  n=1.000  phase=0.000
     2.1: kPhi 0.033735 -> 0.033735  n=1.000  phase=0.000
     3.1: kPhi -0.064416 -> -0.064416  n=1.000  phase=0.000
     4.1: kPhi -0.027226 -> -0.027226  n=1.000  phase=0.000
     5.1: kPhi -0.031701 -> -0.031701  n=1.000  phase=0.000
     6.1: kPhi 0.063751 -> 0.063751  n=1.000  phase=0.000
  center bond (8, 15): objective 1.409499 -> 1.409421  global RMSE 0.594450 -> 0.594415  (accepted, iterations=1)
     1.1: kPhi 0.315757 -> 0.316348  n=2.000  phase=180.000
     2.1: kPhi 0.870038 -> 0.866359  n=2.000  phase=180.000
     3.1: kPhi 0.662937 -> 0.665091  n=2.000  phase=180.000
     4.1: kPhi 1.163955 -> 1.165059  n=2.000  phase=180.000
  center bond (18, 20): objective 1.409421 -> 1.409392  global RMSE 0.594415 -> 0.594381  (accepted, iterations=1)
     1.1: kPhi 1.334931 -> 1.336819  n=2.000  phase=180.000
     2.1: kPhi 1.360905 -> 1.358860  n=2.000  phase=180.000
     3.1: kPhi 0.638197 -> 0.638209  n=2.000  phase=180.000
     4.1: kPhi 0.615550 -> 0.615593  n=2.000  phase=180.000
  per-scan RMSE:
    (3, 14): 0.250799 -> 0.250799
    (6, 13): 0.396710 -> 0.396709
    (8, 15): 0.650329 -> 0.650262
    (18, 20): 0.877653 -> 0.877516

cycle 96: accepted=2 rejected=2  objective 1.409392 -> 1.409286  global RMSE 0.594381 -> 0.594312
  center bond (3, 14): objective 1.409392 -> 1.409392  global RMSE 0.594381 -> 0.594381  (rejected, iterations=1)
     1.1: kPhi -0.024021 -> -0.024021  n=1.000  phase=0.000
     2.1: kPhi 0.062585 -> 0.062585  n=1.000  phase=0.000
     3.1: kPhi -0.038561 -> -0.038561  n=1.000  phase=0.000
     4.1: kPhi 0.025223 -> 0.025223  n=1.000  phase=0.000
     5.1: kPhi -0.066886 -> -0.066886  n=1.000  phase=0.000
     6.1: kPhi 0.041635 -> 0.041635  n=1.000  phase=0.000
  center bond (6, 13): objective 1.409392 -> 1.409392  global RMSE 0.594381 -> 0.594381  (rejected, iterations=1)
     1.1: kPhi 0.025992 -> 0.025992  n=1.000  phase=0.000
     2.1: kPhi 0.033735 -> 0.033735  n=1.000  phase=0.000
     3.1: kPhi -0.064416 -> -0.064416  n=1.000  phase=0.000
     4.1: kPhi -0.027226 -> -0.027226  n=1.000  phase=0.000
     5.1: kPhi -0.031701 -> -0.031701  n=1.000  phase=0.000
     6.1: kPhi 0.063751 -> 0.063751  n=1.000  phase=0.000
  center bond (8, 15): objective 1.409392 -> 1.409315  global RMSE 0.594381 -> 0.594346  (accepted, iterations=1)
     1.1: kPhi 0.316348 -> 0.316929  n=2.000  phase=180.000
     2.1: kPhi 0.866359 -> 0.862719  n=2.000  phase=180.000
     3.1: kPhi 0.665091 -> 0.667222  n=2.000  phase=180.000
     4.1: kPhi 1.165059 -> 1.166157  n=2.000  phase=180.000
  center bond (18, 20): objective 1.409315 -> 1.409286  global RMSE 0.594346 -> 0.594312  (accepted, iterations=1)
     1.1: kPhi 1.336819 -> 1.338684  n=2.000  phase=180.000
     2.1: kPhi 1.358860 -> 1.356841  n=2.000  phase=180.000
     3.1: kPhi 0.638209 -> 0.638220  n=2.000  phase=180.000
     4.1: kPhi 0.615593 -> 0.615635  n=2.000  phase=180.000
  per-scan RMSE:
    (3, 14): 0.250799 -> 0.250798
    (6, 13): 0.396709 -> 0.396709
    (8, 15): 0.650262 -> 0.650195
    (18, 20): 0.877516 -> 0.877381

cycle 97: accepted=2 rejected=2  objective 1.409286 -> 1.409184  global RMSE 0.594312 -> 0.594244
  center bond (3, 14): objective 1.409286 -> 1.409286  global RMSE 0.594312 -> 0.594312  (rejected, iterations=1)
     1.1: kPhi -0.024021 -> -0.024021  n=1.000  phase=0.000
     2.1: kPhi 0.062585 -> 0.062585  n=1.000  phase=0.000
     3.1: kPhi -0.038561 -> -0.038561  n=1.000  phase=0.000
     4.1: kPhi 0.025223 -> 0.025223  n=1.000  phase=0.000
     5.1: kPhi -0.066886 -> -0.066886  n=1.000  phase=0.000
     6.1: kPhi 0.041635 -> 0.041635  n=1.000  phase=0.000
  center bond (6, 13): objective 1.409286 -> 1.409286  global RMSE 0.594312 -> 0.594312  (rejected, iterations=1)
     1.1: kPhi 0.025992 -> 0.025992  n=1.000  phase=0.000
     2.1: kPhi 0.033735 -> 0.033735  n=1.000  phase=0.000
     3.1: kPhi -0.064416 -> -0.064416  n=1.000  phase=0.000
     4.1: kPhi -0.027226 -> -0.027226  n=1.000  phase=0.000
     5.1: kPhi -0.031701 -> -0.031701  n=1.000  phase=0.000
     6.1: kPhi 0.063751 -> 0.063751  n=1.000  phase=0.000
  center bond (8, 15): objective 1.409286 -> 1.409211  global RMSE 0.594312 -> 0.594277  (accepted, iterations=1)
     1.1: kPhi 0.316929 -> 0.317500  n=2.000  phase=180.000
     2.1: kPhi 0.862719 -> 0.859117  n=2.000  phase=180.000
     3.1: kPhi 0.667222 -> 0.669329  n=2.000  phase=180.000
     4.1: kPhi 1.166157 -> 1.167249  n=2.000  phase=180.000
  center bond (18, 20): objective 1.409211 -> 1.409184  global RMSE 0.594277 -> 0.594244  (accepted, iterations=1)
     1.1: kPhi 1.338684 -> 1.340527  n=2.000  phase=180.000
     2.1: kPhi 1.356841 -> 1.354848  n=2.000  phase=180.000
     3.1: kPhi 0.638220 -> 0.638231  n=2.000  phase=180.000
     4.1: kPhi 0.615635 -> 0.615677  n=2.000  phase=180.000
  per-scan RMSE:
    (3, 14): 0.250798 -> 0.250797
    (6, 13): 0.396709 -> 0.396708
    (8, 15): 0.650195 -> 0.650128
    (18, 20): 0.877381 -> 0.877247

cycle 98: accepted=2 rejected=2  objective 1.409184 -> 1.409083  global RMSE 0.594244 -> 0.594177
  center bond (3, 14): objective 1.409184 -> 1.409184  global RMSE 0.594244 -> 0.594244  (rejected, iterations=1)
     1.1: kPhi -0.024021 -> -0.024021  n=1.000  phase=0.000
     2.1: kPhi 0.062585 -> 0.062585  n=1.000  phase=0.000
     3.1: kPhi -0.038561 -> -0.038561  n=1.000  phase=0.000
     4.1: kPhi 0.025223 -> 0.025223  n=1.000  phase=0.000
     5.1: kPhi -0.066886 -> -0.066886  n=1.000  phase=0.000
     6.1: kPhi 0.041635 -> 0.041635  n=1.000  phase=0.000
  center bond (6, 13): objective 1.409184 -> 1.409184  global RMSE 0.594244 -> 0.594244  (rejected, iterations=1)
     1.1: kPhi 0.025992 -> 0.025992  n=1.000  phase=0.000
     2.1: kPhi 0.033735 -> 0.033735  n=1.000  phase=0.000
     3.1: kPhi -0.064416 -> -0.064416  n=1.000  phase=0.000
     4.1: kPhi -0.027226 -> -0.027226  n=1.000  phase=0.000
     5.1: kPhi -0.031701 -> -0.031701  n=1.000  phase=0.000
     6.1: kPhi 0.063751 -> 0.063751  n=1.000  phase=0.000
  center bond (8, 15): objective 1.409184 -> 1.409110  global RMSE 0.594244 -> 0.594210  (accepted, iterations=1)
     1.1: kPhi 0.317500 -> 0.318061  n=2.000  phase=180.000
     2.1: kPhi 0.859117 -> 0.855551  n=2.000  phase=180.000
     3.1: kPhi 0.669329 -> 0.671414  n=2.000  phase=180.000
     4.1: kPhi 1.167249 -> 1.168334  n=2.000  phase=180.000
  center bond (18, 20): objective 1.409110 -> 1.409083  global RMSE 0.594210 -> 0.594177  (accepted, iterations=1)
     1.1: kPhi 1.340527 -> 1.342347  n=2.000  phase=180.000
     2.1: kPhi 1.354848 -> 1.352879  n=2.000  phase=180.000
     3.1: kPhi 0.638231 -> 0.638242  n=2.000  phase=180.000
     4.1: kPhi 0.615677 -> 0.615718  n=2.000  phase=180.000
  per-scan RMSE:
    (3, 14): 0.250797 -> 0.250796
    (6, 13): 0.396708 -> 0.396708
    (8, 15): 0.650128 -> 0.650062
    (18, 20): 0.877247 -> 0.877115

cycle 99: accepted=2 rejected=2  objective 1.409083 -> 1.408984  global RMSE 0.594177 -> 0.594111
  center bond (3, 14): objective 1.409083 -> 1.409083  global RMSE 0.594177 -> 0.594177  (rejected, iterations=1)
     1.1: kPhi -0.024021 -> -0.024021  n=1.000  phase=0.000
     2.1: kPhi 0.062585 -> 0.062585  n=1.000  phase=0.000
     3.1: kPhi -0.038561 -> -0.038561  n=1.000  phase=0.000
     4.1: kPhi 0.025223 -> 0.025223  n=1.000  phase=0.000
     5.1: kPhi -0.066886 -> -0.066886  n=1.000  phase=0.000
     6.1: kPhi 0.041635 -> 0.041635  n=1.000  phase=0.000
  center bond (6, 13): objective 1.409083 -> 1.409083  global RMSE 0.594177 -> 0.594177  (rejected, iterations=1)
     1.1: kPhi 0.025992 -> 0.025992  n=1.000  phase=0.000
     2.1: kPhi 0.033735 -> 0.033735  n=1.000  phase=0.000
     3.1: kPhi -0.064416 -> -0.064416  n=1.000  phase=0.000
     4.1: kPhi -0.027226 -> -0.027226  n=1.000  phase=0.000
     5.1: kPhi -0.031701 -> -0.031701  n=1.000  phase=0.000
     6.1: kPhi 0.063751 -> 0.063751  n=1.000  phase=0.000
  center bond (8, 15): objective 1.409083 -> 1.409010  global RMSE 0.594177 -> 0.594143  (accepted, iterations=1)
     1.1: kPhi 0.318061 -> 0.318612  n=2.000  phase=180.000
     2.1: kPhi 0.855551 -> 0.852023  n=2.000  phase=180.000
     3.1: kPhi 0.671414 -> 0.673476  n=2.000  phase=180.000
     4.1: kPhi 1.168334 -> 1.169413  n=2.000  phase=180.000
  center bond (18, 20): objective 1.409010 -> 1.408984  global RMSE 0.594143 -> 0.594111  (accepted, iterations=1)
     1.1: kPhi 1.342347 -> 1.344144  n=2.000  phase=180.000
     2.1: kPhi 1.352879 -> 1.350935  n=2.000  phase=180.000
     3.1: kPhi 0.638242 -> 0.638253  n=2.000  phase=180.000
     4.1: kPhi 0.615718 -> 0.615758  n=2.000  phase=180.000
  per-scan RMSE:
    (3, 14): 0.250796 -> 0.250796
    (6, 13): 0.396708 -> 0.396707
    (8, 15): 0.650062 -> 0.649996
    (18, 20): 0.877115 -> 0.876984

cycle 100: accepted=2 rejected=2  objective 1.408984 -> 1.408888  global RMSE 0.594111 -> 0.594046
  center bond (3, 14): objective 1.408984 -> 1.408984  global RMSE 0.594111 -> 0.594111  (rejected, iterations=1)
     1.1: kPhi -0.024021 -> -0.024021  n=1.000  phase=0.000
     2.1: kPhi 0.062585 -> 0.062585  n=1.000  phase=0.000
     3.1: kPhi -0.038561 -> -0.038561  n=1.000  phase=0.000
     4.1: kPhi 0.025223 -> 0.025223  n=1.000  phase=0.000
     5.1: kPhi -0.066886 -> -0.066886  n=1.000  phase=0.000
     6.1: kPhi 0.041635 -> 0.041635  n=1.000  phase=0.000
  center bond (6, 13): objective 1.408984 -> 1.408984  global RMSE 0.594111 -> 0.594111  (rejected, iterations=1)
     1.1: kPhi 0.025992 -> 0.025992  n=1.000  phase=0.000
     2.1: kPhi 0.033735 -> 0.033735  n=1.000  phase=0.000
     3.1: kPhi -0.064416 -> -0.064416  n=1.000  phase=0.000
     4.1: kPhi -0.027226 -> -0.027226  n=1.000  phase=0.000
     5.1: kPhi -0.031701 -> -0.031701  n=1.000  phase=0.000
     6.1: kPhi 0.063751 -> 0.063751  n=1.000  phase=0.000
  center bond (8, 15): objective 1.408984 -> 1.408913  global RMSE 0.594111 -> 0.594077  (accepted, iterations=1)
     1.1: kPhi 0.318612 -> 0.319154  n=2.000  phase=180.000
     2.1: kPhi 0.852023 -> 0.848531  n=2.000  phase=180.000
     3.1: kPhi 0.673476 -> 0.675517  n=2.000  phase=180.000
     4.1: kPhi 1.169413 -> 1.170485  n=2.000  phase=180.000
  center bond (18, 20): objective 1.408913 -> 1.408888  global RMSE 0.594077 -> 0.594046  (accepted, iterations=1)
     1.1: kPhi 1.344144 -> 1.345920  n=2.000  phase=180.000
     2.1: kPhi 1.350935 -> 1.349016  n=2.000  phase=180.000
     3.1: kPhi 0.638253 -> 0.638264  n=2.000  phase=180.000
     4.1: kPhi 0.615758 -> 0.615798  n=2.000  phase=180.000
  per-scan RMSE:
    (3, 14): 0.250796 -> 0.250795
    (6, 13): 0.396707 -> 0.396707
    (8, 15): 0.649996 -> 0.649931
    (18, 20): 0.876984 -> 0.876856

cycle 101: accepted=2 rejected=2  objective 1.408888 -> 1.408793  global RMSE 0.594046 -> 0.593981
  center bond (3, 14): objective 1.408888 -> 1.408888  global RMSE 0.594046 -> 0.594046  (rejected, iterations=1)
     1.1: kPhi -0.024021 -> -0.024021  n=1.000  phase=0.000
     2.1: kPhi 0.062585 -> 0.062585  n=1.000  phase=0.000
     3.1: kPhi -0.038561 -> -0.038561  n=1.000  phase=0.000
     4.1: kPhi 0.025223 -> 0.025223  n=1.000  phase=0.000
     5.1: kPhi -0.066886 -> -0.066886  n=1.000  phase=0.000
     6.1: kPhi 0.041635 -> 0.041635  n=1.000  phase=0.000
  center bond (6, 13): objective 1.408888 -> 1.408888  global RMSE 0.594046 -> 0.594046  (rejected, iterations=1)
     1.1: kPhi 0.025992 -> 0.025992  n=1.000  phase=0.000
     2.1: kPhi 0.033735 -> 0.033735  n=1.000  phase=0.000
     3.1: kPhi -0.064416 -> -0.064416  n=1.000  phase=0.000
     4.1: kPhi -0.027226 -> -0.027226  n=1.000  phase=0.000
     5.1: kPhi -0.031701 -> -0.031701  n=1.000  phase=0.000
     6.1: kPhi 0.063751 -> 0.063751  n=1.000  phase=0.000
  center bond (8, 15): objective 1.408888 -> 1.408818  global RMSE 0.594046 -> 0.594012  (accepted, iterations=1)
     1.1: kPhi 0.319154 -> 0.319687  n=2.000  phase=180.000
     2.1: kPhi 0.848531 -> 0.845075  n=2.000  phase=180.000
     3.1: kPhi 0.675517 -> 0.677535  n=2.000  phase=180.000
     4.1: kPhi 1.170485 -> 1.171550  n=2.000  phase=180.000
  center bond (18, 20): objective 1.408818 -> 1.408793  global RMSE 0.594012 -> 0.593981  (accepted, iterations=1)
     1.1: kPhi 1.345920 -> 1.347673  n=2.000  phase=180.000
     2.1: kPhi 1.349016 -> 1.347121  n=2.000  phase=180.000
     3.1: kPhi 0.638264 -> 0.638274  n=2.000  phase=180.000
     4.1: kPhi 0.615798 -> 0.615837  n=2.000  phase=180.000
  per-scan RMSE:
    (3, 14): 0.250795 -> 0.250794
    (6, 13): 0.396707 -> 0.396706
    (8, 15): 0.649931 -> 0.649866
    (18, 20): 0.876856 -> 0.876729

cycle 102: accepted=2 rejected=2  objective 1.408793 -> 1.408701  global RMSE 0.593981 -> 0.593917
  center bond (3, 14): objective 1.408793 -> 1.408793  global RMSE 0.593981 -> 0.593981  (rejected, iterations=1)
     1.1: kPhi -0.024021 -> -0.024021  n=1.000  phase=0.000
     2.1: kPhi 0.062585 -> 0.062585  n=1.000  phase=0.000
     3.1: kPhi -0.038561 -> -0.038561  n=1.000  phase=0.000
     4.1: kPhi 0.025223 -> 0.025223  n=1.000  phase=0.000
     5.1: kPhi -0.066886 -> -0.066886  n=1.000  phase=0.000
     6.1: kPhi 0.041635 -> 0.041635  n=1.000  phase=0.000
  center bond (6, 13): objective 1.408793 -> 1.408793  global RMSE 0.593981 -> 0.593981  (rejected, iterations=1)
     1.1: kPhi 0.025992 -> 0.025992  n=1.000  phase=0.000
     2.1: kPhi 0.033735 -> 0.033735  n=1.000  phase=0.000
     3.1: kPhi -0.064416 -> -0.064416  n=1.000  phase=0.000
     4.1: kPhi -0.027226 -> -0.027226  n=1.000  phase=0.000
     5.1: kPhi -0.031701 -> -0.031701  n=1.000  phase=0.000
     6.1: kPhi 0.063751 -> 0.063751  n=1.000  phase=0.000
  center bond (8, 15): objective 1.408793 -> 1.408725  global RMSE 0.593981 -> 0.593947  (accepted, iterations=1)
     1.1: kPhi 0.319687 -> 0.320212  n=2.000  phase=180.000
     2.1: kPhi 0.845075 -> 0.841654  n=2.000  phase=180.000
     3.1: kPhi 0.677535 -> 0.679531  n=2.000  phase=180.000
     4.1: kPhi 1.171550 -> 1.172608  n=2.000  phase=180.000
  center bond (18, 20): objective 1.408725 -> 1.408701  global RMSE 0.593947 -> 0.593917  (accepted, iterations=1)
     1.1: kPhi 1.347673 -> 1.349405  n=2.000  phase=180.000
     2.1: kPhi 1.347121 -> 1.345250  n=2.000  phase=180.000
     3.1: kPhi 0.638274 -> 0.638284  n=2.000  phase=180.000
     4.1: kPhi 0.615837 -> 0.615876  n=2.000  phase=180.000
  per-scan RMSE:
    (3, 14): 0.250794 -> 0.250793
    (6, 13): 0.396706 -> 0.396706
    (8, 15): 0.649866 -> 0.649801
    (18, 20): 0.876729 -> 0.876604

cycle 103: accepted=2 rejected=2  objective 1.408701 -> 1.408611  global RMSE 0.593917 -> 0.593854
  center bond (3, 14): objective 1.408701 -> 1.408701  global RMSE 0.593917 -> 0.593917  (rejected, iterations=1)
     1.1: kPhi -0.024021 -> -0.024021  n=1.000  phase=0.000
     2.1: kPhi 0.062585 -> 0.062585  n=1.000  phase=0.000
     3.1: kPhi -0.038561 -> -0.038561  n=1.000  phase=0.000
     4.1: kPhi 0.025223 -> 0.025223  n=1.000  phase=0.000
     5.1: kPhi -0.066886 -> -0.066886  n=1.000  phase=0.000
     6.1: kPhi 0.041635 -> 0.041635  n=1.000  phase=0.000
  center bond (6, 13): objective 1.408701 -> 1.408701  global RMSE 0.593917 -> 0.593917  (rejected, iterations=1)
     1.1: kPhi 0.025992 -> 0.025992  n=1.000  phase=0.000
     2.1: kPhi 0.033735 -> 0.033735  n=1.000  phase=0.000
     3.1: kPhi -0.064416 -> -0.064416  n=1.000  phase=0.000
     4.1: kPhi -0.027226 -> -0.027226  n=1.000  phase=0.000
     5.1: kPhi -0.031701 -> -0.031701  n=1.000  phase=0.000
     6.1: kPhi 0.063751 -> 0.063751  n=1.000  phase=0.000
  center bond (8, 15): objective 1.408701 -> 1.408635  global RMSE 0.593917 -> 0.593884  (accepted, iterations=1)
     1.1: kPhi 0.320212 -> 0.320727  n=2.000  phase=180.000
     2.1: kPhi 0.841654 -> 0.838270  n=2.000  phase=180.000
     3.1: kPhi 0.679531 -> 0.681506  n=2.000  phase=180.000
     4.1: kPhi 1.172608 -> 1.173660  n=2.000  phase=180.000
  center bond (18, 20): objective 1.408635 -> 1.408611  global RMSE 0.593884 -> 0.593854  (accepted, iterations=1)
     1.1: kPhi 1.349405 -> 1.351116  n=2.000  phase=180.000
     2.1: kPhi 1.345250 -> 1.343402  n=2.000  phase=180.000
     3.1: kPhi 0.638284 -> 0.638294  n=2.000  phase=180.000
     4.1: kPhi 0.615876 -> 0.615914  n=2.000  phase=180.000
  per-scan RMSE:
    (3, 14): 0.250793 -> 0.250793
    (6, 13): 0.396706 -> 0.396705
    (8, 15): 0.649801 -> 0.649737
    (18, 20): 0.876604 -> 0.876480

cycle 104: accepted=2 rejected=2  objective 1.408611 -> 1.408522  global RMSE 0.593854 -> 0.593791
  center bond (3, 14): objective 1.408611 -> 1.408611  global RMSE 0.593854 -> 0.593854  (rejected, iterations=1)
     1.1: kPhi -0.024021 -> -0.024021  n=1.000  phase=0.000
     2.1: kPhi 0.062585 -> 0.062585  n=1.000  phase=0.000
     3.1: kPhi -0.038561 -> -0.038561  n=1.000  phase=0.000
     4.1: kPhi 0.025223 -> 0.025223  n=1.000  phase=0.000
     5.1: kPhi -0.066886 -> -0.066886  n=1.000  phase=0.000
     6.1: kPhi 0.041635 -> 0.041635  n=1.000  phase=0.000
  center bond (6, 13): objective 1.408611 -> 1.408611  global RMSE 0.593854 -> 0.593854  (rejected, iterations=1)
     1.1: kPhi 0.025992 -> 0.025992  n=1.000  phase=0.000
     2.1: kPhi 0.033735 -> 0.033735  n=1.000  phase=0.000
     3.1: kPhi -0.064416 -> -0.064416  n=1.000  phase=0.000
     4.1: kPhi -0.027226 -> -0.027226  n=1.000  phase=0.000
     5.1: kPhi -0.031701 -> -0.031701  n=1.000  phase=0.000
     6.1: kPhi 0.063751 -> 0.063751  n=1.000  phase=0.000
  center bond (8, 15): objective 1.408611 -> 1.408546  global RMSE 0.593854 -> 0.593821  (accepted, iterations=1)
     1.1: kPhi 0.320727 -> 0.321234  n=2.000  phase=180.000
     2.1: kPhi 0.838270 -> 0.834920  n=2.000  phase=180.000
     3.1: kPhi 0.681506 -> 0.683459  n=2.000  phase=180.000
     4.1: kPhi 1.173660 -> 1.174704  n=2.000  phase=180.000
  center bond (18, 20): objective 1.408546 -> 1.408522  global RMSE 0.593821 -> 0.593791  (accepted, iterations=1)
     1.1: kPhi 1.351116 -> 1.352806  n=2.000  phase=180.000
     2.1: kPhi 1.343402 -> 1.341577  n=2.000  phase=180.000
     3.1: kPhi 0.638294 -> 0.638304  n=2.000  phase=180.000
     4.1: kPhi 0.615914 -> 0.615952  n=2.000  phase=180.000
  per-scan RMSE:
    (3, 14): 0.250793 -> 0.250792
    (6, 13): 0.396705 -> 0.396705
    (8, 15): 0.649737 -> 0.649674
    (18, 20): 0.876480 -> 0.876358

cycle 105: accepted=2 rejected=2  objective 1.408522 -> 1.408436  global RMSE 0.593791 -> 0.593729
  center bond (3, 14): objective 1.408522 -> 1.408522  global RMSE 0.593791 -> 0.593791  (rejected, iterations=1)
     1.1: kPhi -0.024021 -> -0.024021  n=1.000  phase=0.000
     2.1: kPhi 0.062585 -> 0.062585  n=1.000  phase=0.000
     3.1: kPhi -0.038561 -> -0.038561  n=1.000  phase=0.000
     4.1: kPhi 0.025223 -> 0.025223  n=1.000  phase=0.000
     5.1: kPhi -0.066886 -> -0.066886  n=1.000  phase=0.000
     6.1: kPhi 0.041635 -> 0.041635  n=1.000  phase=0.000
  center bond (6, 13): objective 1.408522 -> 1.408522  global RMSE 0.593791 -> 0.593791  (rejected, iterations=1)
     1.1: kPhi 0.025992 -> 0.025992  n=1.000  phase=0.000
     2.1: kPhi 0.033735 -> 0.033735  n=1.000  phase=0.000
     3.1: kPhi -0.064416 -> -0.064416  n=1.000  phase=0.000
     4.1: kPhi -0.027226 -> -0.027226  n=1.000  phase=0.000
     5.1: kPhi -0.031701 -> -0.031701  n=1.000  phase=0.000
     6.1: kPhi 0.063751 -> 0.063751  n=1.000  phase=0.000
  center bond (8, 15): objective 1.408522 -> 1.408459  global RMSE 0.593791 -> 0.593758  (accepted, iterations=1)
     1.1: kPhi 0.321234 -> 0.321732  n=2.000  phase=180.000
     2.1: kPhi 0.834920 -> 0.831604  n=2.000  phase=180.000
     3.1: kPhi 0.683459 -> 0.685392  n=2.000  phase=180.000
     4.1: kPhi 1.174704 -> 1.175742  n=2.000  phase=180.000
  center bond (18, 20): objective 1.408459 -> 1.408436  global RMSE 0.593758 -> 0.593729  (accepted, iterations=1)
     1.1: kPhi 1.352806 -> 1.354475  n=2.000  phase=180.000
     2.1: kPhi 1.341577 -> 1.339775  n=2.000  phase=180.000
     3.1: kPhi 0.638304 -> 0.638313  n=2.000  phase=180.000
     4.1: kPhi 0.615952 -> 0.615989  n=2.000  phase=180.000
  per-scan RMSE:
    (3, 14): 0.250792 -> 0.250791
    (6, 13): 0.396705 -> 0.396704
    (8, 15): 0.649674 -> 0.649610
    (18, 20): 0.876358 -> 0.876238

cycle 106: accepted=2 rejected=2  objective 1.408436 -> 1.408351  global RMSE 0.593729 -> 0.593668
  center bond (3, 14): objective 1.408436 -> 1.408436  global RMSE 0.593729 -> 0.593729  (rejected, iterations=1)
     1.1: kPhi -0.024021 -> -0.024021  n=1.000  phase=0.000
     2.1: kPhi 0.062585 -> 0.062585  n=1.000  phase=0.000
     3.1: kPhi -0.038561 -> -0.038561  n=1.000  phase=0.000
     4.1: kPhi 0.025223 -> 0.025223  n=1.000  phase=0.000
     5.1: kPhi -0.066886 -> -0.066886  n=1.000  phase=0.000
     6.1: kPhi 0.041635 -> 0.041635  n=1.000  phase=0.000
  center bond (6, 13): objective 1.408436 -> 1.408436  global RMSE 0.593729 -> 0.593729  (rejected, iterations=1)
     1.1: kPhi 0.025992 -> 0.025992  n=1.000  phase=0.000
     2.1: kPhi 0.033735 -> 0.033735  n=1.000  phase=0.000
     3.1: kPhi -0.064416 -> -0.064416  n=1.000  phase=0.000
     4.1: kPhi -0.027226 -> -0.027226  n=1.000  phase=0.000
     5.1: kPhi -0.031701 -> -0.031701  n=1.000  phase=0.000
     6.1: kPhi 0.063751 -> 0.063751  n=1.000  phase=0.000
  center bond (8, 15): objective 1.408436 -> 1.408373  global RMSE 0.593729 -> 0.593697  (accepted, iterations=1)
     1.1: kPhi 0.321732 -> 0.322223  n=2.000  phase=180.000
     2.1: kPhi 0.831604 -> 0.828323  n=2.000  phase=180.000
     3.1: kPhi 0.685392 -> 0.687304  n=2.000  phase=180.000
     4.1: kPhi 1.175742 -> 1.176773  n=2.000  phase=180.000
  center bond (18, 20): objective 1.408373 -> 1.408351  global RMSE 0.593697 -> 0.593668  (accepted, iterations=1)
     1.1: kPhi 1.354475 -> 1.356124  n=2.000  phase=180.000
     2.1: kPhi 1.339775 -> 1.337996  n=2.000  phase=180.000
     3.1: kPhi 0.638313 -> 0.638323  n=2.000  phase=180.000
     4.1: kPhi 0.615989 -> 0.616026  n=2.000  phase=180.000
  per-scan RMSE:
    (3, 14): 0.250791 -> 0.250790
    (6, 13): 0.396704 -> 0.396704
    (8, 15): 0.649610 -> 0.649548
    (18, 20): 0.876238 -> 0.876119

cycle 107: accepted=2 rejected=2  objective 1.408351 -> 1.408269  global RMSE 0.593668 -> 0.593607
  center bond (3, 14): objective 1.408351 -> 1.408351  global RMSE 0.593668 -> 0.593668  (rejected, iterations=1)
     1.1: kPhi -0.024021 -> -0.024021  n=1.000  phase=0.000
     2.1: kPhi 0.062585 -> 0.062585  n=1.000  phase=0.000
     3.1: kPhi -0.038561 -> -0.038561  n=1.000  phase=0.000
     4.1: kPhi 0.025223 -> 0.025223  n=1.000  phase=0.000
     5.1: kPhi -0.066886 -> -0.066886  n=1.000  phase=0.000
     6.1: kPhi 0.041635 -> 0.041635  n=1.000  phase=0.000
  center bond (6, 13): objective 1.408351 -> 1.408351  global RMSE 0.593668 -> 0.593668  (rejected, iterations=1)
     1.1: kPhi 0.025992 -> 0.025992  n=1.000  phase=0.000
     2.1: kPhi 0.033735 -> 0.033735  n=1.000  phase=0.000
     3.1: kPhi -0.064416 -> -0.064416  n=1.000  phase=0.000
     4.1: kPhi -0.027226 -> -0.027226  n=1.000  phase=0.000
     5.1: kPhi -0.031701 -> -0.031701  n=1.000  phase=0.000
     6.1: kPhi 0.063751 -> 0.063751  n=1.000  phase=0.000
  center bond (8, 15): objective 1.408351 -> 1.408290  global RMSE 0.593668 -> 0.593636  (accepted, iterations=1)
     1.1: kPhi 0.322223 -> 0.322706  n=2.000  phase=180.000
     2.1: kPhi 0.828323 -> 0.825075  n=2.000  phase=180.000
     3.1: kPhi 0.687304 -> 0.689195  n=2.000  phase=180.000
     4.1: kPhi 1.176773 -> 1.177796  n=2.000  phase=180.000
  center bond (18, 20): objective 1.408290 -> 1.408269  global RMSE 0.593636 -> 0.593607  (accepted, iterations=1)
     1.1: kPhi 1.356124 -> 1.357752  n=2.000  phase=180.000
     2.1: kPhi 1.337996 -> 1.336239  n=2.000  phase=180.000
     3.1: kPhi 0.638323 -> 0.638332  n=2.000  phase=180.000
     4.1: kPhi 0.616026 -> 0.616062  n=2.000  phase=180.000
  per-scan RMSE:
    (3, 14): 0.250790 -> 0.250790
    (6, 13): 0.396704 -> 0.396703
    (8, 15): 0.649548 -> 0.649485
    (18, 20): 0.876119 -> 0.876002

cycle 108: accepted=2 rejected=2  objective 1.408269 -> 1.408187  global RMSE 0.593607 -> 0.593547
  center bond (3, 14): objective 1.408269 -> 1.408269  global RMSE 0.593607 -> 0.593607  (rejected, iterations=1)
     1.1: kPhi -0.024021 -> -0.024021  n=1.000  phase=0.000
     2.1: kPhi 0.062585 -> 0.062585  n=1.000  phase=0.000
     3.1: kPhi -0.038561 -> -0.038561  n=1.000  phase=0.000
     4.1: kPhi 0.025223 -> 0.025223  n=1.000  phase=0.000
     5.1: kPhi -0.066886 -> -0.066886  n=1.000  phase=0.000
     6.1: kPhi 0.041635 -> 0.041635  n=1.000  phase=0.000
  center bond (6, 13): objective 1.408269 -> 1.408269  global RMSE 0.593607 -> 0.593607  (rejected, iterations=1)
     1.1: kPhi 0.025992 -> 0.025992  n=1.000  phase=0.000
     2.1: kPhi 0.033735 -> 0.033735  n=1.000  phase=0.000
     3.1: kPhi -0.064416 -> -0.064416  n=1.000  phase=0.000
     4.1: kPhi -0.027226 -> -0.027226  n=1.000  phase=0.000
     5.1: kPhi -0.031701 -> -0.031701  n=1.000  phase=0.000
     6.1: kPhi 0.063751 -> 0.063751  n=1.000  phase=0.000
  center bond (8, 15): objective 1.408269 -> 1.408208  global RMSE 0.593607 -> 0.593576  (accepted, iterations=1)
     1.1: kPhi 0.322706 -> 0.323180  n=2.000  phase=180.000
     2.1: kPhi 0.825075 -> 0.821861  n=2.000  phase=180.000
     3.1: kPhi 0.689195 -> 0.691066  n=2.000  phase=180.000
     4.1: kPhi 1.177796 -> 1.178813  n=2.000  phase=180.000
  center bond (18, 20): objective 1.408208 -> 1.408187  global RMSE 0.593576 -> 0.593547  (accepted, iterations=1)
     1.1: kPhi 1.357752 -> 1.359361  n=2.000  phase=180.000
     2.1: kPhi 1.336239 -> 1.334504  n=2.000  phase=180.000
     3.1: kPhi 0.638332 -> 0.638341  n=2.000  phase=180.000
     4.1: kPhi 0.616062 -> 0.616098  n=2.000  phase=180.000
  per-scan RMSE:
    (3, 14): 0.250790 -> 0.250789
    (6, 13): 0.396703 -> 0.396703
    (8, 15): 0.649485 -> 0.649423
    (18, 20): 0.876002 -> 0.875886

cycle 109: accepted=2 rejected=2  objective 1.408187 -> 1.408108  global RMSE 0.593547 -> 0.593488
  center bond (3, 14): objective 1.408187 -> 1.408187  global RMSE 0.593547 -> 0.593547  (rejected, iterations=1)
     1.1: kPhi -0.024021 -> -0.024021  n=1.000  phase=0.000
     2.1: kPhi 0.062585 -> 0.062585  n=1.000  phase=0.000
     3.1: kPhi -0.038561 -> -0.038561  n=1.000  phase=0.000
     4.1: kPhi 0.025223 -> 0.025223  n=1.000  phase=0.000
     5.1: kPhi -0.066886 -> -0.066886  n=1.000  phase=0.000
     6.1: kPhi 0.041635 -> 0.041635  n=1.000  phase=0.000
  center bond (6, 13): objective 1.408187 -> 1.408187  global RMSE 0.593547 -> 0.593547  (rejected, iterations=1)
     1.1: kPhi 0.025992 -> 0.025992  n=1.000  phase=0.000
     2.1: kPhi 0.033735 -> 0.033735  n=1.000  phase=0.000
     3.1: kPhi -0.064416 -> -0.064416  n=1.000  phase=0.000
     4.1: kPhi -0.027226 -> -0.027226  n=1.000  phase=0.000
     5.1: kPhi -0.031701 -> -0.031701  n=1.000  phase=0.000
     6.1: kPhi 0.063751 -> 0.063751  n=1.000  phase=0.000
  center bond (8, 15): objective 1.408187 -> 1.408129  global RMSE 0.593547 -> 0.593516  (accepted, iterations=1)
     1.1: kPhi 0.323180 -> 0.323647  n=2.000  phase=180.000
     2.1: kPhi 0.821861 -> 0.818680  n=2.000  phase=180.000
     3.1: kPhi 0.691066 -> 0.692917  n=2.000  phase=180.000
     4.1: kPhi 1.178813 -> 1.179823  n=2.000  phase=180.000
  center bond (18, 20): objective 1.408129 -> 1.408108  global RMSE 0.593516 -> 0.593488  (accepted, iterations=1)
     1.1: kPhi 1.359361 -> 1.360949  n=2.000  phase=180.000
     2.1: kPhi 1.334504 -> 1.332791  n=2.000  phase=180.000
     3.1: kPhi 0.638341 -> 0.638350  n=2.000  phase=180.000
     4.1: kPhi 0.616098 -> 0.616133  n=2.000  phase=180.000
  per-scan RMSE:
    (3, 14): 0.250789 -> 0.250788
    (6, 13): 0.396703 -> 0.396702
    (8, 15): 0.649423 -> 0.649362
    (18, 20): 0.875886 -> 0.875771

cycle 110: accepted=2 rejected=2  objective 1.408108 -> 1.408031  global RMSE 0.593488 -> 0.593430
  center bond (3, 14): objective 1.408108 -> 1.408108  global RMSE 0.593488 -> 0.593488  (rejected, iterations=1)
     1.1: kPhi -0.024021 -> -0.024021  n=1.000  phase=0.000
     2.1: kPhi 0.062585 -> 0.062585  n=1.000  phase=0.000
     3.1: kPhi -0.038561 -> -0.038561  n=1.000  phase=0.000
     4.1: kPhi 0.025223 -> 0.025223  n=1.000  phase=0.000
     5.1: kPhi -0.066886 -> -0.066886  n=1.000  phase=0.000
     6.1: kPhi 0.041635 -> 0.041635  n=1.000  phase=0.000
  center bond (6, 13): objective 1.408108 -> 1.408108  global RMSE 0.593488 -> 0.593488  (rejected, iterations=1)
     1.1: kPhi 0.025992 -> 0.025992  n=1.000  phase=0.000
     2.1: kPhi 0.033735 -> 0.033735  n=1.000  phase=0.000
     3.1: kPhi -0.064416 -> -0.064416  n=1.000  phase=0.000
     4.1: kPhi -0.027226 -> -0.027226  n=1.000  phase=0.000
     5.1: kPhi -0.031701 -> -0.031701  n=1.000  phase=0.000
     6.1: kPhi 0.063751 -> 0.063751  n=1.000  phase=0.000
  center bond (8, 15): objective 1.408108 -> 1.408051  global RMSE 0.593488 -> 0.593457  (accepted, iterations=1)
     1.1: kPhi 0.323647 -> 0.324107  n=2.000  phase=180.000
     2.1: kPhi 0.818680 -> 0.815532  n=2.000  phase=180.000
     3.1: kPhi 0.692917 -> 0.694748  n=2.000  phase=180.000
     4.1: kPhi 1.179823 -> 1.180826  n=2.000  phase=180.000
  center bond (18, 20): objective 1.408051 -> 1.408031  global RMSE 0.593457 -> 0.593430  (accepted, iterations=1)
     1.1: kPhi 1.360949 -> 1.362518  n=2.000  phase=180.000
     2.1: kPhi 1.332791 -> 1.331099  n=2.000  phase=180.000
     3.1: kPhi 0.638350 -> 0.638358  n=2.000  phase=180.000
     4.1: kPhi 0.616133 -> 0.616167  n=2.000  phase=180.000
  per-scan RMSE:
    (3, 14): 0.250788 -> 0.250787
    (6, 13): 0.396702 -> 0.396702
    (8, 15): 0.649362 -> 0.649301
    (18, 20): 0.875771 -> 0.875658

cycle 111: accepted=2 rejected=2  objective 1.408031 -> 1.407955  global RMSE 0.593430 -> 0.593372
  center bond (3, 14): objective 1.408031 -> 1.408031  global RMSE 0.593430 -> 0.593430  (rejected, iterations=1)
     1.1: kPhi -0.024021 -> -0.024021  n=1.000  phase=0.000
     2.1: kPhi 0.062585 -> 0.062585  n=1.000  phase=0.000
     3.1: kPhi -0.038561 -> -0.038561  n=1.000  phase=0.000
     4.1: kPhi 0.025223 -> 0.025223  n=1.000  phase=0.000
     5.1: kPhi -0.066886 -> -0.066886  n=1.000  phase=0.000
     6.1: kPhi 0.041635 -> 0.041635  n=1.000  phase=0.000
  center bond (6, 13): objective 1.408031 -> 1.408031  global RMSE 0.593430 -> 0.593430  (rejected, iterations=1)
     1.1: kPhi 0.025992 -> 0.025992  n=1.000  phase=0.000
     2.1: kPhi 0.033735 -> 0.033735  n=1.000  phase=0.000
     3.1: kPhi -0.064416 -> -0.064416  n=1.000  phase=0.000
     4.1: kPhi -0.027226 -> -0.027226  n=1.000  phase=0.000
     5.1: kPhi -0.031701 -> -0.031701  n=1.000  phase=0.000
     6.1: kPhi 0.063751 -> 0.063751  n=1.000  phase=0.000
  center bond (8, 15): objective 1.408031 -> 1.407974  global RMSE 0.593430 -> 0.593399  (accepted, iterations=1)
     1.1: kPhi 0.324107 -> 0.324560  n=2.000  phase=180.000
     2.1: kPhi 0.815532 -> 0.812417  n=2.000  phase=180.000
     3.1: kPhi 0.694748 -> 0.696560  n=2.000  phase=180.000
     4.1: kPhi 1.180826 -> 1.181821  n=2.000  phase=180.000
  center bond (18, 20): objective 1.407974 -> 1.407955  global RMSE 0.593399 -> 0.593372  (accepted, iterations=1)
     1.1: kPhi 1.362518 -> 1.364068  n=2.000  phase=180.000
     2.1: kPhi 1.331099 -> 1.329429  n=2.000  phase=180.000
     3.1: kPhi 0.638358 -> 0.638367  n=2.000  phase=180.000
     4.1: kPhi 0.616167 -> 0.616202  n=2.000  phase=180.000
  per-scan RMSE:
    (3, 14): 0.250787 -> 0.250787
    (6, 13): 0.396702 -> 0.396701
    (8, 15): 0.649301 -> 0.649240
    (18, 20): 0.875658 -> 0.875547

cycle 112: accepted=2 rejected=2  objective 1.407955 -> 1.407881  global RMSE 0.593372 -> 0.593315
  center bond (3, 14): objective 1.407955 -> 1.407955  global RMSE 0.593372 -> 0.593372  (rejected, iterations=1)
     1.1: kPhi -0.024021 -> -0.024021  n=1.000  phase=0.000
     2.1: kPhi 0.062585 -> 0.062585  n=1.000  phase=0.000
     3.1: kPhi -0.038561 -> -0.038561  n=1.000  phase=0.000
     4.1: kPhi 0.025223 -> 0.025223  n=1.000  phase=0.000
     5.1: kPhi -0.066886 -> -0.066886  n=1.000  phase=0.000
     6.1: kPhi 0.041635 -> 0.041635  n=1.000  phase=0.000
  center bond (6, 13): objective 1.407955 -> 1.407955  global RMSE 0.593372 -> 0.593372  (rejected, iterations=1)
     1.1: kPhi 0.025992 -> 0.025992  n=1.000  phase=0.000
     2.1: kPhi 0.033735 -> 0.033735  n=1.000  phase=0.000
     3.1: kPhi -0.064416 -> -0.064416  n=1.000  phase=0.000
     4.1: kPhi -0.027226 -> -0.027226  n=1.000  phase=0.000
     5.1: kPhi -0.031701 -> -0.031701  n=1.000  phase=0.000
     6.1: kPhi 0.063751 -> 0.063751  n=1.000  phase=0.000
  center bond (8, 15): objective 1.407955 -> 1.407899  global RMSE 0.593372 -> 0.593341  (accepted, iterations=1)
     1.1: kPhi 0.324560 -> 0.325005  n=2.000  phase=180.000
     2.1: kPhi 0.812417 -> 0.809333  n=2.000  phase=180.000
     3.1: kPhi 0.696560 -> 0.698352  n=2.000  phase=180.000
     4.1: kPhi 1.181821 -> 1.182810  n=2.000  phase=180.000
  center bond (18, 20): objective 1.407899 -> 1.407881  global RMSE 0.593341 -> 0.593315  (accepted, iterations=1)
     1.1: kPhi 1.364068 -> 1.365598  n=2.000  phase=180.000
     2.1: kPhi 1.329429 -> 1.327780  n=2.000  phase=180.000
     3.1: kPhi 0.638367 -> 0.638375  n=2.000  phase=180.000
     4.1: kPhi 0.616202 -> 0.616235  n=2.000  phase=180.000
  per-scan RMSE:
    (3, 14): 0.250787 -> 0.250786
    (6, 13): 0.396701 -> 0.396701
    (8, 15): 0.649240 -> 0.649180
    (18, 20): 0.875547 -> 0.875437

cycle 113: accepted=2 rejected=2  objective 1.407881 -> 1.407808  global RMSE 0.593315 -> 0.593258
  center bond (3, 14): objective 1.407881 -> 1.407881  global RMSE 0.593315 -> 0.593315  (rejected, iterations=1)
     1.1: kPhi -0.024021 -> -0.024021  n=1.000  phase=0.000
     2.1: kPhi 0.062585 -> 0.062585  n=1.000  phase=0.000
     3.1: kPhi -0.038561 -> -0.038561  n=1.000  phase=0.000
     4.1: kPhi 0.025223 -> 0.025223  n=1.000  phase=0.000
     5.1: kPhi -0.066886 -> -0.066886  n=1.000  phase=0.000
     6.1: kPhi 0.041635 -> 0.041635  n=1.000  phase=0.000
  center bond (6, 13): objective 1.407881 -> 1.407881  global RMSE 0.593315 -> 0.593315  (rejected, iterations=1)
     1.1: kPhi 0.025992 -> 0.025992  n=1.000  phase=0.000
     2.1: kPhi 0.033735 -> 0.033735  n=1.000  phase=0.000
     3.1: kPhi -0.064416 -> -0.064416  n=1.000  phase=0.000
     4.1: kPhi -0.027226 -> -0.027226  n=1.000  phase=0.000
     5.1: kPhi -0.031701 -> -0.031701  n=1.000  phase=0.000
     6.1: kPhi 0.063751 -> 0.063751  n=1.000  phase=0.000
  center bond (8, 15): objective 1.407881 -> 1.407826  global RMSE 0.593315 -> 0.593284  (accepted, iterations=1)
     1.1: kPhi 0.325005 -> 0.325443  n=2.000  phase=180.000
     2.1: kPhi 0.809333 -> 0.806281  n=2.000  phase=180.000
     3.1: kPhi 0.698352 -> 0.700125  n=2.000  phase=180.000
     4.1: kPhi 1.182810 -> 1.183791  n=2.000  phase=180.000
  center bond (18, 20): objective 1.407826 -> 1.407808  global RMSE 0.593284 -> 0.593258  (accepted, iterations=1)
     1.1: kPhi 1.365598 -> 1.367110  n=2.000  phase=180.000
     2.1: kPhi 1.327780 -> 1.326151  n=2.000  phase=180.000
     3.1: kPhi 0.638375 -> 0.638383  n=2.000  phase=180.000
     4.1: kPhi 0.616235 -> 0.616269  n=2.000  phase=180.000
  per-scan RMSE:
    (3, 14): 0.250786 -> 0.250785
    (6, 13): 0.396701 -> 0.396701
    (8, 15): 0.649180 -> 0.649121
    (18, 20): 0.875437 -> 0.875328

cycle 114: accepted=2 rejected=2  objective 1.407808 -> 1.407737  global RMSE 0.593258 -> 0.593202
  center bond (3, 14): objective 1.407808 -> 1.407808  global RMSE 0.593258 -> 0.593258  (rejected, iterations=1)
     1.1: kPhi -0.024021 -> -0.024021  n=1.000  phase=0.000
     2.1: kPhi 0.062585 -> 0.062585  n=1.000  phase=0.000
     3.1: kPhi -0.038561 -> -0.038561  n=1.000  phase=0.000
     4.1: kPhi 0.025223 -> 0.025223  n=1.000  phase=0.000
     5.1: kPhi -0.066886 -> -0.066886  n=1.000  phase=0.000
     6.1: kPhi 0.041635 -> 0.041635  n=1.000  phase=0.000
  center bond (6, 13): objective 1.407808 -> 1.407808  global RMSE 0.593258 -> 0.593258  (rejected, iterations=1)
     1.1: kPhi 0.025992 -> 0.025992  n=1.000  phase=0.000
     2.1: kPhi 0.033735 -> 0.033735  n=1.000  phase=0.000
     3.1: kPhi -0.064416 -> -0.064416  n=1.000  phase=0.000
     4.1: kPhi -0.027226 -> -0.027226  n=1.000  phase=0.000
     5.1: kPhi -0.031701 -> -0.031701  n=1.000  phase=0.000
     6.1: kPhi 0.063751 -> 0.063751  n=1.000  phase=0.000
  center bond (8, 15): objective 1.407808 -> 1.407755  global RMSE 0.593258 -> 0.593228  (accepted, iterations=1)
     1.1: kPhi 0.325443 -> 0.325875  n=2.000  phase=180.000
     2.1: kPhi 0.806281 -> 0.803261  n=2.000  phase=180.000
     3.1: kPhi 0.700125 -> 0.701878  n=2.000  phase=180.000
     4.1: kPhi 1.183791 -> 1.184766  n=2.000  phase=180.000
  center bond (18, 20): objective 1.407755 -> 1.407737  global RMSE 0.593228 -> 0.593202  (accepted, iterations=1)
     1.1: kPhi 1.367110 -> 1.368603  n=2.000  phase=180.000
     2.1: kPhi 1.326151 -> 1.324542  n=2.000  phase=180.000
     3.1: kPhi 0.638383 -> 0.638391  n=2.000  phase=180.000
     4.1: kPhi 0.616269 -> 0.616302  n=2.000  phase=180.000
  per-scan RMSE:
    (3, 14): 0.250785 -> 0.250784
    (6, 13): 0.396701 -> 0.396700
    (8, 15): 0.649121 -> 0.649062
    (18, 20): 0.875328 -> 0.875221

cycle 115: accepted=2 rejected=2  objective 1.407737 -> 1.407667  global RMSE 0.593202 -> 0.593147
  center bond (3, 14): objective 1.407737 -> 1.407737  global RMSE 0.593202 -> 0.593202  (rejected, iterations=1)
     1.1: kPhi -0.024021 -> -0.024021  n=1.000  phase=0.000
     2.1: kPhi 0.062585 -> 0.062585  n=1.000  phase=0.000
     3.1: kPhi -0.038561 -> -0.038561  n=1.000  phase=0.000
     4.1: kPhi 0.025223 -> 0.025223  n=1.000  phase=0.000
     5.1: kPhi -0.066886 -> -0.066886  n=1.000  phase=0.000
     6.1: kPhi 0.041635 -> 0.041635  n=1.000  phase=0.000
  center bond (6, 13): objective 1.407737 -> 1.407737  global RMSE 0.593202 -> 0.593202  (rejected, iterations=1)
     1.1: kPhi 0.025992 -> 0.025992  n=1.000  phase=0.000
     2.1: kPhi 0.033735 -> 0.033735  n=1.000  phase=0.000
     3.1: kPhi -0.064416 -> -0.064416  n=1.000  phase=0.000
     4.1: kPhi -0.027226 -> -0.027226  n=1.000  phase=0.000
     5.1: kPhi -0.031701 -> -0.031701  n=1.000  phase=0.000
     6.1: kPhi 0.063751 -> 0.063751  n=1.000  phase=0.000
  center bond (8, 15): objective 1.407737 -> 1.407685  global RMSE 0.593202 -> 0.593173  (accepted, iterations=1)
     1.1: kPhi 0.325875 -> 0.326300  n=2.000  phase=180.000
     2.1: kPhi 0.803261 -> 0.800271  n=2.000  phase=180.000
     3.1: kPhi 0.701878 -> 0.703614  n=2.000  phase=180.000
     4.1: kPhi 1.184766 -> 1.185733  n=2.000  phase=180.000
  center bond (18, 20): objective 1.407685 -> 1.407667  global RMSE 0.593173 -> 0.593147  (accepted, iterations=1)
     1.1: kPhi 1.368603 -> 1.370078  n=2.000  phase=180.000
     2.1: kPhi 1.324542 -> 1.322954  n=2.000  phase=180.000
     3.1: kPhi 0.638391 -> 0.638398  n=2.000  phase=180.000
     4.1: kPhi 0.616302 -> 0.616334  n=2.000  phase=180.000
  per-scan RMSE:
    (3, 14): 0.250784 -> 0.250784
    (6, 13): 0.396700 -> 0.396700
    (8, 15): 0.649062 -> 0.649003
    (18, 20): 0.875221 -> 0.875115

cycle 116: accepted=2 rejected=2  objective 1.407667 -> 1.407599  global RMSE 0.593147 -> 0.593092
  center bond (3, 14): objective 1.407667 -> 1.407667  global RMSE 0.593147 -> 0.593147  (rejected, iterations=1)
     1.1: kPhi -0.024021 -> -0.024021  n=1.000  phase=0.000
     2.1: kPhi 0.062585 -> 0.062585  n=1.000  phase=0.000
     3.1: kPhi -0.038561 -> -0.038561  n=1.000  phase=0.000
     4.1: kPhi 0.025223 -> 0.025223  n=1.000  phase=0.000
     5.1: kPhi -0.066886 -> -0.066886  n=1.000  phase=0.000
     6.1: kPhi 0.041635 -> 0.041635  n=1.000  phase=0.000
  center bond (6, 13): objective 1.407667 -> 1.407667  global RMSE 0.593147 -> 0.593147  (rejected, iterations=1)
     1.1: kPhi 0.025992 -> 0.025992  n=1.000  phase=0.000
     2.1: kPhi 0.033735 -> 0.033735  n=1.000  phase=0.000
     3.1: kPhi -0.064416 -> -0.064416  n=1.000  phase=0.000
     4.1: kPhi -0.027226 -> -0.027226  n=1.000  phase=0.000
     5.1: kPhi -0.031701 -> -0.031701  n=1.000  phase=0.000
     6.1: kPhi 0.063751 -> 0.063751  n=1.000  phase=0.000
  center bond (8, 15): objective 1.407667 -> 1.407616  global RMSE 0.593147 -> 0.593118  (accepted, iterations=1)
     1.1: kPhi 0.326300 -> 0.326718  n=2.000  phase=180.000
     2.1: kPhi 0.800271 -> 0.797312  n=2.000  phase=180.000
     3.1: kPhi 0.703614 -> 0.705330  n=2.000  phase=180.000
     4.1: kPhi 1.185733 -> 1.186693  n=2.000  phase=180.000
  center bond (18, 20): objective 1.407616 -> 1.407599  global RMSE 0.593118 -> 0.593092  (accepted, iterations=1)
     1.1: kPhi 1.370078 -> 1.371534  n=2.000  phase=180.000
     2.1: kPhi 1.322954 -> 1.321386  n=2.000  phase=180.000
     3.1: kPhi 0.638398 -> 0.638406  n=2.000  phase=180.000
     4.1: kPhi 0.616334 -> 0.616366  n=2.000  phase=180.000
  per-scan RMSE:
    (3, 14): 0.250784 -> 0.250783
    (6, 13): 0.396700 -> 0.396699
    (8, 15): 0.649003 -> 0.648945
    (18, 20): 0.875115 -> 0.875010

cycle 117: accepted=3 rejected=1  objective 1.407599 -> 1.407532  global RMSE 0.593092 -> 0.593042
  center bond (3, 14): objective 1.407599 -> 1.407599  global RMSE 0.593092 -> 0.593092  (rejected, iterations=1)
     1.1: kPhi -0.024021 -> -0.024021  n=1.000  phase=0.000
     2.1: kPhi 0.062585 -> 0.062585  n=1.000  phase=0.000
     3.1: kPhi -0.038561 -> -0.038561  n=1.000  phase=0.000
     4.1: kPhi 0.025223 -> 0.025223  n=1.000  phase=0.000
     5.1: kPhi -0.066886 -> -0.066886  n=1.000  phase=0.000
     6.1: kPhi 0.041635 -> 0.041635  n=1.000  phase=0.000
  center bond (6, 13): objective 1.407599 -> 1.407599  global RMSE 0.593092 -> 0.593096  (accepted, iterations=1)
     1.1: kPhi 0.025992 -> 0.025915  n=1.000  phase=0.000
     2.1: kPhi 0.033735 -> 0.033746  n=1.000  phase=0.000
     3.1: kPhi -0.064416 -> -0.064350  n=1.000  phase=0.000
     4.1: kPhi -0.027226 -> -0.027205  n=1.000  phase=0.000
     5.1: kPhi -0.031701 -> -0.031712  n=1.000  phase=0.000
     6.1: kPhi 0.063751 -> 0.063742  n=1.000  phase=0.000
  center bond (8, 15): objective 1.407599 -> 1.407549  global RMSE 0.593096 -> 0.593067  (accepted, iterations=1)
     1.1: kPhi 0.326718 -> 0.327132  n=2.000  phase=180.000
     2.1: kPhi 0.797312 -> 0.794386  n=2.000  phase=180.000
     3.1: kPhi 0.705330 -> 0.707030  n=2.000  phase=180.000
     4.1: kPhi 1.186693 -> 1.187648  n=2.000  phase=180.000
  center bond (18, 20): objective 1.407549 -> 1.407532  global RMSE 0.593067 -> 0.593042  (accepted, iterations=1)
     1.1: kPhi 1.371534 -> 1.372973  n=2.000  phase=180.000
     2.1: kPhi 1.321386 -> 1.319837  n=2.000  phase=180.000
     3.1: kPhi 0.638406 -> 0.638413  n=2.000  phase=180.000
     4.1: kPhi 0.616366 -> 0.616397  n=2.000  phase=180.000
  per-scan RMSE:
    (3, 14): 0.250783 -> 0.250783
    (6, 13): 0.396699 -> 0.396723
    (8, 15): 0.648945 -> 0.648885
    (18, 20): 0.875010 -> 0.874908

cycle 118: accepted=2 rejected=2  objective 1.407532 -> 1.407467  global RMSE 0.593042 -> 0.592989
  center bond (3, 14): objective 1.407532 -> 1.407532  global RMSE 0.593042 -> 0.593042  (rejected, iterations=1)
     1.1: kPhi -0.024021 -> -0.024021  n=1.000  phase=0.000
     2.1: kPhi 0.062585 -> 0.062585  n=1.000  phase=0.000
     3.1: kPhi -0.038561 -> -0.038561  n=1.000  phase=0.000
     4.1: kPhi 0.025223 -> 0.025223  n=1.000  phase=0.000
     5.1: kPhi -0.066886 -> -0.066886  n=1.000  phase=0.000
     6.1: kPhi 0.041635 -> 0.041635  n=1.000  phase=0.000
  center bond (6, 13): objective 1.407532 -> 1.407532  global RMSE 0.593042 -> 0.593042  (rejected, iterations=1)
     1.1: kPhi 0.025915 -> 0.025915  n=1.000  phase=0.000
     2.1: kPhi 0.033746 -> 0.033746  n=1.000  phase=0.000
     3.1: kPhi -0.064350 -> -0.064350  n=1.000  phase=0.000
     4.1: kPhi -0.027205 -> -0.027205  n=1.000  phase=0.000
     5.1: kPhi -0.031712 -> -0.031712  n=1.000  phase=0.000
     6.1: kPhi 0.063742 -> 0.063742  n=1.000  phase=0.000
  center bond (8, 15): objective 1.407532 -> 1.407484  global RMSE 0.593042 -> 0.593013  (accepted, iterations=1)
     1.1: kPhi 0.327132 -> 0.327538  n=2.000  phase=180.000
     2.1: kPhi 0.794386 -> 0.791487  n=2.000  phase=180.000
     3.1: kPhi 0.707030 -> 0.708710  n=2.000  phase=180.000
     4.1: kPhi 1.187648 -> 1.188593  n=2.000  phase=180.000
  center bond (18, 20): objective 1.407484 -> 1.407467  global RMSE 0.593013 -> 0.592989  (accepted, iterations=1)
     1.1: kPhi 1.372973 -> 1.374395  n=2.000  phase=180.000
     2.1: kPhi 1.319837 -> 1.318309  n=2.000  phase=180.000
     3.1: kPhi 0.638413 -> 0.638421  n=2.000  phase=180.000
     4.1: kPhi 0.616397 -> 0.616429  n=2.000  phase=180.000
  per-scan RMSE:
    (3, 14): 0.250783 -> 0.250783
    (6, 13): 0.396723 -> 0.396723
    (8, 15): 0.648885 -> 0.648827
    (18, 20): 0.874908 -> 0.874806

cycle 119: accepted=2 rejected=2  objective 1.407467 -> 1.407403  global RMSE 0.592989 -> 0.592936
  center bond (3, 14): objective 1.407467 -> 1.407467  global RMSE 0.592989 -> 0.592989  (rejected, iterations=1)
     1.1: kPhi -0.024021 -> -0.024021  n=1.000  phase=0.000
     2.1: kPhi 0.062585 -> 0.062585  n=1.000  phase=0.000
     3.1: kPhi -0.038561 -> -0.038561  n=1.000  phase=0.000
     4.1: kPhi 0.025223 -> 0.025223  n=1.000  phase=0.000
     5.1: kPhi -0.066886 -> -0.066886  n=1.000  phase=0.000
     6.1: kPhi 0.041635 -> 0.041635  n=1.000  phase=0.000
  center bond (6, 13): objective 1.407467 -> 1.407467  global RMSE 0.592989 -> 0.592989  (rejected, iterations=1)
     1.1: kPhi 0.025915 -> 0.025915  n=1.000  phase=0.000
     2.1: kPhi 0.033746 -> 0.033746  n=1.000  phase=0.000
     3.1: kPhi -0.064350 -> -0.064350  n=1.000  phase=0.000
     4.1: kPhi -0.027205 -> -0.027205  n=1.000  phase=0.000
     5.1: kPhi -0.031712 -> -0.031712  n=1.000  phase=0.000
     6.1: kPhi 0.063742 -> 0.063742  n=1.000  phase=0.000
  center bond (8, 15): objective 1.407467 -> 1.407419  global RMSE 0.592989 -> 0.592960  (accepted, iterations=1)
     1.1: kPhi 0.327538 -> 0.327937  n=2.000  phase=180.000
     2.1: kPhi 0.791487 -> 0.788618  n=2.000  phase=180.000
     3.1: kPhi 0.708710 -> 0.710371  n=2.000  phase=180.000
     4.1: kPhi 1.188593 -> 1.189531  n=2.000  phase=180.000
  center bond (18, 20): objective 1.407419 -> 1.407403  global RMSE 0.592960 -> 0.592936  (accepted, iterations=1)
     1.1: kPhi 1.374395 -> 1.375798  n=2.000  phase=180.000
     2.1: kPhi 1.318309 -> 1.316799  n=2.000  phase=180.000
     3.1: kPhi 0.638421 -> 0.638428  n=2.000  phase=180.000
     4.1: kPhi 0.616429 -> 0.616460  n=2.000  phase=180.000
  per-scan RMSE:
    (3, 14): 0.250783 -> 0.250782
    (6, 13): 0.396723 -> 0.396722
    (8, 15): 0.648827 -> 0.648770
    (18, 20): 0.874806 -> 0.874705

cycle 120: accepted=2 rejected=2  objective 1.407403 -> 1.407341  global RMSE 0.592936 -> 0.592884
  center bond (3, 14): objective 1.407403 -> 1.407403  global RMSE 0.592936 -> 0.592936  (rejected, iterations=1)
     1.1: kPhi -0.024021 -> -0.024021  n=1.000  phase=0.000
     2.1: kPhi 0.062585 -> 0.062585  n=1.000  phase=0.000
     3.1: kPhi -0.038561 -> -0.038561  n=1.000  phase=0.000
     4.1: kPhi 0.025223 -> 0.025223  n=1.000  phase=0.000
     5.1: kPhi -0.066886 -> -0.066886  n=1.000  phase=0.000
     6.1: kPhi 0.041635 -> 0.041635  n=1.000  phase=0.000
  center bond (6, 13): objective 1.407403 -> 1.407403  global RMSE 0.592936 -> 0.592936  (rejected, iterations=1)
     1.1: kPhi 0.025915 -> 0.025915  n=1.000  phase=0.000
     2.1: kPhi 0.033746 -> 0.033746  n=1.000  phase=0.000
     3.1: kPhi -0.064350 -> -0.064350  n=1.000  phase=0.000
     4.1: kPhi -0.027205 -> -0.027205  n=1.000  phase=0.000
     5.1: kPhi -0.031712 -> -0.031712  n=1.000  phase=0.000
     6.1: kPhi 0.063742 -> 0.063742  n=1.000  phase=0.000
  center bond (8, 15): objective 1.407403 -> 1.407357  global RMSE 0.592936 -> 0.592907  (accepted, iterations=1)
     1.1: kPhi 0.327937 -> 0.328330  n=2.000  phase=180.000
     2.1: kPhi 0.788618 -> 0.785779  n=2.000  phase=180.000
     3.1: kPhi 0.710371 -> 0.712016  n=2.000  phase=180.000
     4.1: kPhi 1.189531 -> 1.190462  n=2.000  phase=180.000
  center bond (18, 20): objective 1.407357 -> 1.407341  global RMSE 0.592907 -> 0.592884  (accepted, iterations=1)
     1.1: kPhi 1.375798 -> 1.377184  n=2.000  phase=180.000
     2.1: kPhi 1.316799 -> 1.315308  n=2.000  phase=180.000
     3.1: kPhi 0.638428 -> 0.638435  n=2.000  phase=180.000
     4.1: kPhi 0.616460 -> 0.616490  n=2.000  phase=180.000
  per-scan RMSE:
    (3, 14): 0.250782 -> 0.250781
    (6, 13): 0.396722 -> 0.396722
    (8, 15): 0.648770 -> 0.648713
    (18, 20): 0.874705 -> 0.874606

cycle 121: accepted=2 rejected=2  objective 1.407341 -> 1.407280  global RMSE 0.592884 -> 0.592832
  center bond (3, 14): objective 1.407341 -> 1.407341  global RMSE 0.592884 -> 0.592884  (rejected, iterations=1)
     1.1: kPhi -0.024021 -> -0.024021  n=1.000  phase=0.000
     2.1: kPhi 0.062585 -> 0.062585  n=1.000  phase=0.000
     3.1: kPhi -0.038561 -> -0.038561  n=1.000  phase=0.000
     4.1: kPhi 0.025223 -> 0.025223  n=1.000  phase=0.000
     5.1: kPhi -0.066886 -> -0.066886  n=1.000  phase=0.000
     6.1: kPhi 0.041635 -> 0.041635  n=1.000  phase=0.000
  center bond (6, 13): objective 1.407341 -> 1.407341  global RMSE 0.592884 -> 0.592884  (rejected, iterations=1)
     1.1: kPhi 0.025915 -> 0.025915  n=1.000  phase=0.000
     2.1: kPhi 0.033746 -> 0.033746  n=1.000  phase=0.000
     3.1: kPhi -0.064350 -> -0.064350  n=1.000  phase=0.000
     4.1: kPhi -0.027205 -> -0.027205  n=1.000  phase=0.000
     5.1: kPhi -0.031712 -> -0.031712  n=1.000  phase=0.000
     6.1: kPhi 0.063742 -> 0.063742  n=1.000  phase=0.000
  center bond (8, 15): objective 1.407341 -> 1.407295  global RMSE 0.592884 -> 0.592855  (accepted, iterations=1)
     1.1: kPhi 0.328330 -> 0.328718  n=2.000  phase=180.000
     2.1: kPhi 0.785779 -> 0.782969  n=2.000  phase=180.000
     3.1: kPhi 0.712016 -> 0.713643  n=2.000  phase=180.000
     4.1: kPhi 1.190462 -> 1.191387  n=2.000  phase=180.000
  center bond (18, 20): objective 1.407295 -> 1.407280  global RMSE 0.592855 -> 0.592832  (accepted, iterations=1)
     1.1: kPhi 1.377184 -> 1.378553  n=2.000  phase=180.000
     2.1: kPhi 1.315308 -> 1.313835  n=2.000  phase=180.000
     3.1: kPhi 0.638435 -> 0.638442  n=2.000  phase=180.000
     4.1: kPhi 0.616490 -> 0.616520  n=2.000  phase=180.000
  per-scan RMSE:
    (3, 14): 0.250781 -> 0.250781
    (6, 13): 0.396722 -> 0.396722
    (8, 15): 0.648713 -> 0.648658
    (18, 20): 0.874606 -> 0.874508

cycle 122: accepted=2 rejected=2  objective 1.407280 -> 1.407220  global RMSE 0.592832 -> 0.592781
  center bond (3, 14): objective 1.407280 -> 1.407280  global RMSE 0.592832 -> 0.592832  (rejected, iterations=1)
     1.1: kPhi -0.024021 -> -0.024021  n=1.000  phase=0.000
     2.1: kPhi 0.062585 -> 0.062585  n=1.000  phase=0.000
     3.1: kPhi -0.038561 -> -0.038561  n=1.000  phase=0.000
     4.1: kPhi 0.025223 -> 0.025223  n=1.000  phase=0.000
     5.1: kPhi -0.066886 -> -0.066886  n=1.000  phase=0.000
     6.1: kPhi 0.041635 -> 0.041635  n=1.000  phase=0.000
  center bond (6, 13): objective 1.407280 -> 1.407280  global RMSE 0.592832 -> 0.592832  (rejected, iterations=1)
     1.1: kPhi 0.025915 -> 0.025915  n=1.000  phase=0.000
     2.1: kPhi 0.033746 -> 0.033746  n=1.000  phase=0.000
     3.1: kPhi -0.064350 -> -0.064350  n=1.000  phase=0.000
     4.1: kPhi -0.027205 -> -0.027205  n=1.000  phase=0.000
     5.1: kPhi -0.031712 -> -0.031712  n=1.000  phase=0.000
     6.1: kPhi 0.063742 -> 0.063742  n=1.000  phase=0.000
  center bond (8, 15): objective 1.407280 -> 1.407235  global RMSE 0.592832 -> 0.592804  (accepted, iterations=1)
     1.1: kPhi 0.328718 -> 0.329100  n=2.000  phase=180.000
     2.1: kPhi 0.782969 -> 0.780187  n=2.000  phase=180.000
     3.1: kPhi 0.713643 -> 0.715252  n=2.000  phase=180.000
     4.1: kPhi 1.191387 -> 1.192304  n=2.000  phase=180.000
  center bond (18, 20): objective 1.407235 -> 1.407220  global RMSE 0.592804 -> 0.592781  (accepted, iterations=1)
     1.1: kPhi 1.378553 -> 1.379905  n=2.000  phase=180.000
     2.1: kPhi 1.313835 -> 1.312381  n=2.000  phase=180.000
     3.1: kPhi 0.638442 -> 0.638449  n=2.000  phase=180.000
     4.1: kPhi 0.616520 -> 0.616550  n=2.000  phase=180.000
  per-scan RMSE:
    (3, 14): 0.250781 -> 0.250780
    (6, 13): 0.396722 -> 0.396721
    (8, 15): 0.648658 -> 0.648602
    (18, 20): 0.874508 -> 0.874410

cycle 123: accepted=2 rejected=2  objective 1.407220 -> 1.407162  global RMSE 0.592781 -> 0.592730
  center bond (3, 14): objective 1.407220 -> 1.407220  global RMSE 0.592781 -> 0.592781  (rejected, iterations=1)
     1.1: kPhi -0.024021 -> -0.024021  n=1.000  phase=0.000
     2.1: kPhi 0.062585 -> 0.062585  n=1.000  phase=0.000
     3.1: kPhi -0.038561 -> -0.038561  n=1.000  phase=0.000
     4.1: kPhi 0.025223 -> 0.025223  n=1.000  phase=0.000
     5.1: kPhi -0.066886 -> -0.066886  n=1.000  phase=0.000
     6.1: kPhi 0.041635 -> 0.041635  n=1.000  phase=0.000
  center bond (6, 13): objective 1.407220 -> 1.407220  global RMSE 0.592781 -> 0.592781  (rejected, iterations=1)
     1.1: kPhi 0.025915 -> 0.025915  n=1.000  phase=0.000
     2.1: kPhi 0.033746 -> 0.033746  n=1.000  phase=0.000
     3.1: kPhi -0.064350 -> -0.064350  n=1.000  phase=0.000
     4.1: kPhi -0.027205 -> -0.027205  n=1.000  phase=0.000
     5.1: kPhi -0.031712 -> -0.031712  n=1.000  phase=0.000
     6.1: kPhi 0.063742 -> 0.063742  n=1.000  phase=0.000
  center bond (8, 15): objective 1.407220 -> 1.407176  global RMSE 0.592781 -> 0.592753  (accepted, iterations=1)
     1.1: kPhi 0.329100 -> 0.329477  n=2.000  phase=180.000
     2.1: kPhi 0.780187 -> 0.777435  n=2.000  phase=180.000
     3.1: kPhi 0.715252 -> 0.716845  n=2.000  phase=180.000
     4.1: kPhi 1.192304 -> 1.193214  n=2.000  phase=180.000
  center bond (18, 20): objective 1.407176 -> 1.407162  global RMSE 0.592753 -> 0.592730  (accepted, iterations=1)
     1.1: kPhi 1.379905 -> 1.381240  n=2.000  phase=180.000
     2.1: kPhi 1.312381 -> 1.310945  n=2.000  phase=180.000
     3.1: kPhi 0.638449 -> 0.638455  n=2.000  phase=180.000
     4.1: kPhi 0.616550 -> 0.616579  n=2.000  phase=180.000
  per-scan RMSE:
    (3, 14): 0.250780 -> 0.250779
    (6, 13): 0.396721 -> 0.396721
    (8, 15): 0.648602 -> 0.648548
    (18, 20): 0.874410 -> 0.874315

cycle 124: accepted=2 rejected=2  objective 1.407162 -> 1.407104  global RMSE 0.592730 -> 0.592680
  center bond (3, 14): objective 1.407162 -> 1.407162  global RMSE 0.592730 -> 0.592730  (rejected, iterations=1)
     1.1: kPhi -0.024021 -> -0.024021  n=1.000  phase=0.000
     2.1: kPhi 0.062585 -> 0.062585  n=1.000  phase=0.000
     3.1: kPhi -0.038561 -> -0.038561  n=1.000  phase=0.000
     4.1: kPhi 0.025223 -> 0.025223  n=1.000  phase=0.000
     5.1: kPhi -0.066886 -> -0.066886  n=1.000  phase=0.000
     6.1: kPhi 0.041635 -> 0.041635  n=1.000  phase=0.000
  center bond (6, 13): objective 1.407162 -> 1.407162  global RMSE 0.592730 -> 0.592730  (rejected, iterations=1)
     1.1: kPhi 0.025915 -> 0.025915  n=1.000  phase=0.000
     2.1: kPhi 0.033746 -> 0.033746  n=1.000  phase=0.000
     3.1: kPhi -0.064350 -> -0.064350  n=1.000  phase=0.000
     4.1: kPhi -0.027205 -> -0.027205  n=1.000  phase=0.000
     5.1: kPhi -0.031712 -> -0.031712  n=1.000  phase=0.000
     6.1: kPhi 0.063742 -> 0.063742  n=1.000  phase=0.000
  center bond (8, 15): objective 1.407162 -> 1.407118  global RMSE 0.592730 -> 0.592703  (accepted, iterations=1)
     1.1: kPhi 0.329477 -> 0.329848  n=2.000  phase=180.000
     2.1: kPhi 0.777435 -> 0.774711  n=2.000  phase=180.000
     3.1: kPhi 0.716845 -> 0.718420  n=2.000  phase=180.000
     4.1: kPhi 1.193214 -> 1.194118  n=2.000  phase=180.000
  center bond (18, 20): objective 1.407118 -> 1.407104  global RMSE 0.592703 -> 0.592680  (accepted, iterations=1)
     1.1: kPhi 1.381240 -> 1.382559  n=2.000  phase=180.000
     2.1: kPhi 1.310945 -> 1.309527  n=2.000  phase=180.000
     3.1: kPhi 0.638455 -> 0.638462  n=2.000  phase=180.000
     4.1: kPhi 0.616579 -> 0.616607  n=2.000  phase=180.000
  per-scan RMSE:
    (3, 14): 0.250779 -> 0.250778
    (6, 13): 0.396721 -> 0.396720
    (8, 15): 0.648548 -> 0.648493
    (18, 20): 0.874315 -> 0.874220

cycle 125: accepted=2 rejected=2  objective 1.407104 -> 1.407048  global RMSE 0.592680 -> 0.592631
  center bond (3, 14): objective 1.407104 -> 1.407104  global RMSE 0.592680 -> 0.592680  (rejected, iterations=1)
     1.1: kPhi -0.024021 -> -0.024021  n=1.000  phase=0.000
     2.1: kPhi 0.062585 -> 0.062585  n=1.000  phase=0.000
     3.1: kPhi -0.038561 -> -0.038561  n=1.000  phase=0.000
     4.1: kPhi 0.025223 -> 0.025223  n=1.000  phase=0.000
     5.1: kPhi -0.066886 -> -0.066886  n=1.000  phase=0.000
     6.1: kPhi 0.041635 -> 0.041635  n=1.000  phase=0.000
  center bond (6, 13): objective 1.407104 -> 1.407104  global RMSE 0.592680 -> 0.592680  (rejected, iterations=1)
     1.1: kPhi 0.025915 -> 0.025915  n=1.000  phase=0.000
     2.1: kPhi 0.033746 -> 0.033746  n=1.000  phase=0.000
     3.1: kPhi -0.064350 -> -0.064350  n=1.000  phase=0.000
     4.1: kPhi -0.027205 -> -0.027205  n=1.000  phase=0.000
     5.1: kPhi -0.031712 -> -0.031712  n=1.000  phase=0.000
     6.1: kPhi 0.063742 -> 0.063742  n=1.000  phase=0.000
  center bond (8, 15): objective 1.407104 -> 1.407062  global RMSE 0.592680 -> 0.592653  (accepted, iterations=1)
     1.1: kPhi 0.329848 -> 0.330213  n=2.000  phase=180.000
     2.1: kPhi 0.774711 -> 0.772014  n=2.000  phase=180.000
     3.1: kPhi 0.718420 -> 0.719979  n=2.000  phase=180.000
     4.1: kPhi 1.194118 -> 1.195014  n=2.000  phase=180.000
  center bond (18, 20): objective 1.407062 -> 1.407048  global RMSE 0.592653 -> 0.592631  (accepted, iterations=1)
     1.1: kPhi 1.382559 -> 1.383861  n=2.000  phase=180.000
     2.1: kPhi 1.309527 -> 1.308127  n=2.000  phase=180.000
     3.1: kPhi 0.638462 -> 0.638468  n=2.000  phase=180.000
     4.1: kPhi 0.616607 -> 0.616635  n=2.000  phase=180.000
  per-scan RMSE:
    (3, 14): 0.250778 -> 0.250778
    (6, 13): 0.396720 -> 0.396720
    (8, 15): 0.648493 -> 0.648439
    (18, 20): 0.874220 -> 0.874126

cycle 126: accepted=2 rejected=2  objective 1.407048 -> 1.406993  global RMSE 0.592631 -> 0.592582
  center bond (3, 14): objective 1.407048 -> 1.407048  global RMSE 0.592631 -> 0.592631  (rejected, iterations=1)
     1.1: kPhi -0.024021 -> -0.024021  n=1.000  phase=0.000
     2.1: kPhi 0.062585 -> 0.062585  n=1.000  phase=0.000
     3.1: kPhi -0.038561 -> -0.038561  n=1.000  phase=0.000
     4.1: kPhi 0.025223 -> 0.025223  n=1.000  phase=0.000
     5.1: kPhi -0.066886 -> -0.066886  n=1.000  phase=0.000
     6.1: kPhi 0.041635 -> 0.041635  n=1.000  phase=0.000
  center bond (6, 13): objective 1.407048 -> 1.407048  global RMSE 0.592631 -> 0.592631  (rejected, iterations=1)
     1.1: kPhi 0.025915 -> 0.025915  n=1.000  phase=0.000
     2.1: kPhi 0.033746 -> 0.033746  n=1.000  phase=0.000
     3.1: kPhi -0.064350 -> -0.064350  n=1.000  phase=0.000
     4.1: kPhi -0.027205 -> -0.027205  n=1.000  phase=0.000
     5.1: kPhi -0.031712 -> -0.031712  n=1.000  phase=0.000
     6.1: kPhi 0.063742 -> 0.063742  n=1.000  phase=0.000
  center bond (8, 15): objective 1.407048 -> 1.407007  global RMSE 0.592631 -> 0.592604  (accepted, iterations=1)
     1.1: kPhi 0.330213 -> 0.330574  n=2.000  phase=180.000
     2.1: kPhi 0.772014 -> 0.769345  n=2.000  phase=180.000
     3.1: kPhi 0.719979 -> 0.721521  n=2.000  phase=180.000
     4.1: kPhi 1.195014 -> 1.195903  n=2.000  phase=180.000
  center bond (18, 20): objective 1.407007 -> 1.406993  global RMSE 0.592604 -> 0.592582  (accepted, iterations=1)
     1.1: kPhi 1.383861 -> 1.385148  n=2.000  phase=180.000
     2.1: kPhi 1.308127 -> 1.306744  n=2.000  phase=180.000
     3.1: kPhi 0.638468 -> 0.638474  n=2.000  phase=180.000
     4.1: kPhi 0.616635 -> 0.616663  n=2.000  phase=180.000
  per-scan RMSE:
    (3, 14): 0.250778 -> 0.250777
    (6, 13): 0.396720 -> 0.396719
    (8, 15): 0.648439 -> 0.648386
    (18, 20): 0.874126 -> 0.874034

cycle 127: accepted=2 rejected=2  objective 1.406993 -> 1.406940  global RMSE 0.592582 -> 0.592534
  center bond (3, 14): objective 1.406993 -> 1.406993  global RMSE 0.592582 -> 0.592582  (rejected, iterations=1)
     1.1: kPhi -0.024021 -> -0.024021  n=1.000  phase=0.000
     2.1: kPhi 0.062585 -> 0.062585  n=1.000  phase=0.000
     3.1: kPhi -0.038561 -> -0.038561  n=1.000  phase=0.000
     4.1: kPhi 0.025223 -> 0.025223  n=1.000  phase=0.000
     5.1: kPhi -0.066886 -> -0.066886  n=1.000  phase=0.000
     6.1: kPhi 0.041635 -> 0.041635  n=1.000  phase=0.000
  center bond (6, 13): objective 1.406993 -> 1.406993  global RMSE 0.592582 -> 0.592582  (rejected, iterations=1)
     1.1: kPhi 0.025915 -> 0.025915  n=1.000  phase=0.000
     2.1: kPhi 0.033746 -> 0.033746  n=1.000  phase=0.000
     3.1: kPhi -0.064350 -> -0.064350  n=1.000  phase=0.000
     4.1: kPhi -0.027205 -> -0.027205  n=1.000  phase=0.000
     5.1: kPhi -0.031712 -> -0.031712  n=1.000  phase=0.000
     6.1: kPhi 0.063742 -> 0.063742  n=1.000  phase=0.000
  center bond (8, 15): objective 1.406993 -> 1.406953  global RMSE 0.592582 -> 0.592555  (accepted, iterations=1)
     1.1: kPhi 0.330574 -> 0.330929  n=2.000  phase=180.000
     2.1: kPhi 0.769345 -> 0.766704  n=2.000  phase=180.000
     3.1: kPhi 0.721521 -> 0.723047  n=2.000  phase=180.000
     4.1: kPhi 1.195903 -> 1.196785  n=2.000  phase=180.000
  center bond (18, 20): objective 1.406953 -> 1.406940  global RMSE 0.592555 -> 0.592534  (accepted, iterations=1)
     1.1: kPhi 1.385148 -> 1.386418  n=2.000  phase=180.000
     2.1: kPhi 1.306744 -> 1.305379  n=2.000  phase=180.000
     3.1: kPhi 0.638474 -> 0.638480  n=2.000  phase=180.000
     4.1: kPhi 0.616663 -> 0.616691  n=2.000  phase=180.000
  per-scan RMSE:
    (3, 14): 0.250777 -> 0.250776
    (6, 13): 0.396719 -> 0.396719
    (8, 15): 0.648386 -> 0.648333
    (18, 20): 0.874034 -> 0.873942

cycle 128: accepted=2 rejected=2  objective 1.406940 -> 1.406887  global RMSE 0.592534 -> 0.592486
  center bond (3, 14): objective 1.406940 -> 1.406940  global RMSE 0.592534 -> 0.592534  (rejected, iterations=1)
     1.1: kPhi -0.024021 -> -0.024021  n=1.000  phase=0.000
     2.1: kPhi 0.062585 -> 0.062585  n=1.000  phase=0.000
     3.1: kPhi -0.038561 -> -0.038561  n=1.000  phase=0.000
     4.1: kPhi 0.025223 -> 0.025223  n=1.000  phase=0.000
     5.1: kPhi -0.066886 -> -0.066886  n=1.000  phase=0.000
     6.1: kPhi 0.041635 -> 0.041635  n=1.000  phase=0.000
  center bond (6, 13): objective 1.406940 -> 1.406940  global RMSE 0.592534 -> 0.592534  (rejected, iterations=1)
     1.1: kPhi 0.025915 -> 0.025915  n=1.000  phase=0.000
     2.1: kPhi 0.033746 -> 0.033746  n=1.000  phase=0.000
     3.1: kPhi -0.064350 -> -0.064350  n=1.000  phase=0.000
     4.1: kPhi -0.027205 -> -0.027205  n=1.000  phase=0.000
     5.1: kPhi -0.031712 -> -0.031712  n=1.000  phase=0.000
     6.1: kPhi 0.063742 -> 0.063742  n=1.000  phase=0.000
  center bond (8, 15): objective 1.406940 -> 1.406900  global RMSE 0.592534 -> 0.592507  (accepted, iterations=1)
     1.1: kPhi 0.330929 -> 0.331279  n=2.000  phase=180.000
     2.1: kPhi 0.766704 -> 0.764090  n=2.000  phase=180.000
     3.1: kPhi 0.723047 -> 0.724556  n=2.000  phase=180.000
     4.1: kPhi 1.196785 -> 1.197660  n=2.000  phase=180.000
  center bond (18, 20): objective 1.406900 -> 1.406887  global RMSE 0.592507 -> 0.592486  (accepted, iterations=1)
     1.1: kPhi 1.386418 -> 1.387673  n=2.000  phase=180.000
     2.1: kPhi 1.305379 -> 1.304031  n=2.000  phase=180.000
     3.1: kPhi 0.638480 -> 0.638486  n=2.000  phase=180.000
     4.1: kPhi 0.616691 -> 0.616718  n=2.000  phase=180.000
  per-scan RMSE:
    (3, 14): 0.250776 -> 0.250776
    (6, 13): 0.396719 -> 0.396719
    (8, 15): 0.648333 -> 0.648281
    (18, 20): 0.873942 -> 0.873852

cycle 129: accepted=2 rejected=2  objective 1.406887 -> 1.406836  global RMSE 0.592486 -> 0.592439
  center bond (3, 14): objective 1.406887 -> 1.406887  global RMSE 0.592486 -> 0.592486  (rejected, iterations=1)
     1.1: kPhi -0.024021 -> -0.024021  n=1.000  phase=0.000
     2.1: kPhi 0.062585 -> 0.062585  n=1.000  phase=0.000
     3.1: kPhi -0.038561 -> -0.038561  n=1.000  phase=0.000
     4.1: kPhi 0.025223 -> 0.025223  n=1.000  phase=0.000
     5.1: kPhi -0.066886 -> -0.066886  n=1.000  phase=0.000
     6.1: kPhi 0.041635 -> 0.041635  n=1.000  phase=0.000
  center bond (6, 13): objective 1.406887 -> 1.406887  global RMSE 0.592486 -> 0.592486  (rejected, iterations=1)
     1.1: kPhi 0.025915 -> 0.025915  n=1.000  phase=0.000
     2.1: kPhi 0.033746 -> 0.033746  n=1.000  phase=0.000
     3.1: kPhi -0.064350 -> -0.064350  n=1.000  phase=0.000
     4.1: kPhi -0.027205 -> -0.027205  n=1.000  phase=0.000
     5.1: kPhi -0.031712 -> -0.031712  n=1.000  phase=0.000
     6.1: kPhi 0.063742 -> 0.063742  n=1.000  phase=0.000
  center bond (8, 15): objective 1.406887 -> 1.406848  global RMSE 0.592486 -> 0.592460  (accepted, iterations=1)
     1.1: kPhi 0.331279 -> 0.331624  n=2.000  phase=180.000
     2.1: kPhi 0.764090 -> 0.761502  n=2.000  phase=180.000
     3.1: kPhi 0.724556 -> 0.726049  n=2.000  phase=180.000
     4.1: kPhi 1.197660 -> 1.198527  n=2.000  phase=180.000
  center bond (18, 20): objective 1.406848 -> 1.406836  global RMSE 0.592460 -> 0.592439  (accepted, iterations=1)
     1.1: kPhi 1.387673 -> 1.388912  n=2.000  phase=180.000
     2.1: kPhi 1.304031 -> 1.302699  n=2.000  phase=180.000
     3.1: kPhi 0.638486 -> 0.638492  n=2.000  phase=180.000
     4.1: kPhi 0.616718 -> 0.616745  n=2.000  phase=180.000
  per-scan RMSE:
    (3, 14): 0.250776 -> 0.250775
    (6, 13): 0.396719 -> 0.396718
    (8, 15): 0.648281 -> 0.648229
    (18, 20): 0.873852 -> 0.873763

cycle 130: accepted=2 rejected=2  objective 1.406836 -> 1.406786  global RMSE 0.592439 -> 0.592392
  center bond (3, 14): objective 1.406836 -> 1.406836  global RMSE 0.592439 -> 0.592439  (rejected, iterations=1)
     1.1: kPhi -0.024021 -> -0.024021  n=1.000  phase=0.000
     2.1: kPhi 0.062585 -> 0.062585  n=1.000  phase=0.000
     3.1: kPhi -0.038561 -> -0.038561  n=1.000  phase=0.000
     4.1: kPhi 0.025223 -> 0.025223  n=1.000  phase=0.000
     5.1: kPhi -0.066886 -> -0.066886  n=1.000  phase=0.000
     6.1: kPhi 0.041635 -> 0.041635  n=1.000  phase=0.000
  center bond (6, 13): objective 1.406836 -> 1.406836  global RMSE 0.592439 -> 0.592439  (rejected, iterations=1)
     1.1: kPhi 0.025915 -> 0.025915  n=1.000  phase=0.000
     2.1: kPhi 0.033746 -> 0.033746  n=1.000  phase=0.000
     3.1: kPhi -0.064350 -> -0.064350  n=1.000  phase=0.000
     4.1: kPhi -0.027205 -> -0.027205  n=1.000  phase=0.000
     5.1: kPhi -0.031712 -> -0.031712  n=1.000  phase=0.000
     6.1: kPhi 0.063742 -> 0.063742  n=1.000  phase=0.000
  center bond (8, 15): objective 1.406836 -> 1.406798  global RMSE 0.592439 -> 0.592413  (accepted, iterations=1)
     1.1: kPhi 0.331624 -> 0.331964  n=2.000  phase=180.000
     2.1: kPhi 0.761502 -> 0.758941  n=2.000  phase=180.000
     3.1: kPhi 0.726049 -> 0.727527  n=2.000  phase=180.000
     4.1: kPhi 1.198527 -> 1.199388  n=2.000  phase=180.000
  center bond (18, 20): objective 1.406798 -> 1.406786  global RMSE 0.592413 -> 0.592392  (accepted, iterations=1)
     1.1: kPhi 1.388912 -> 1.390136  n=2.000  phase=180.000
     2.1: kPhi 1.302699 -> 1.301384  n=2.000  phase=180.000
     3.1: kPhi 0.638492 -> 0.638498  n=2.000  phase=180.000
     4.1: kPhi 0.616745 -> 0.616771  n=2.000  phase=180.000
  per-scan RMSE:
    (3, 14): 0.250775 -> 0.250774
    (6, 13): 0.396718 -> 0.396718
    (8, 15): 0.648229 -> 0.648177
    (18, 20): 0.873763 -> 0.873675

cycle 131: accepted=2 rejected=2  objective 1.406786 -> 1.406736  global RMSE 0.592392 -> 0.592346
  center bond (3, 14): objective 1.406786 -> 1.406786  global RMSE 0.592392 -> 0.592392  (rejected, iterations=1)
     1.1: kPhi -0.024021 -> -0.024021  n=1.000  phase=0.000
     2.1: kPhi 0.062585 -> 0.062585  n=1.000  phase=0.000
     3.1: kPhi -0.038561 -> -0.038561  n=1.000  phase=0.000
     4.1: kPhi 0.025223 -> 0.025223  n=1.000  phase=0.000
     5.1: kPhi -0.066886 -> -0.066886  n=1.000  phase=0.000
     6.1: kPhi 0.041635 -> 0.041635  n=1.000  phase=0.000
  center bond (6, 13): objective 1.406786 -> 1.406786  global RMSE 0.592392 -> 0.592392  (rejected, iterations=1)
     1.1: kPhi 0.025915 -> 0.025915  n=1.000  phase=0.000
     2.1: kPhi 0.033746 -> 0.033746  n=1.000  phase=0.000
     3.1: kPhi -0.064350 -> -0.064350  n=1.000  phase=0.000
     4.1: kPhi -0.027205 -> -0.027205  n=1.000  phase=0.000
     5.1: kPhi -0.031712 -> -0.031712  n=1.000  phase=0.000
     6.1: kPhi 0.063742 -> 0.063742  n=1.000  phase=0.000
  center bond (8, 15): objective 1.406786 -> 1.406748  global RMSE 0.592392 -> 0.592366  (accepted, iterations=1)
     1.1: kPhi 0.331964 -> 0.332299  n=2.000  phase=180.000
     2.1: kPhi 0.758941 -> 0.756406  n=2.000  phase=180.000
     3.1: kPhi 0.727527 -> 0.728989  n=2.000  phase=180.000
     4.1: kPhi 1.199388 -> 1.200242  n=2.000  phase=180.000
  center bond (18, 20): objective 1.406748 -> 1.406736  global RMSE 0.592366 -> 0.592346  (accepted, iterations=1)
     1.1: kPhi 1.390136 -> 1.391344  n=2.000  phase=180.000
     2.1: kPhi 1.301384 -> 1.300086  n=2.000  phase=180.000
     3.1: kPhi 0.638498 -> 0.638503  n=2.000  phase=180.000
     4.1: kPhi 0.616771 -> 0.616797  n=2.000  phase=180.000
  per-scan RMSE:
    (3, 14): 0.250774 -> 0.250774
    (6, 13): 0.396718 -> 0.396717
    (8, 15): 0.648177 -> 0.648126
    (18, 20): 0.873675 -> 0.873588

cycle 132: accepted=2 rejected=2  objective 1.406736 -> 1.406688  global RMSE 0.592346 -> 0.592300
  center bond (3, 14): objective 1.406736 -> 1.406736  global RMSE 0.592346 -> 0.592346  (rejected, iterations=1)
     1.1: kPhi -0.024021 -> -0.024021  n=1.000  phase=0.000
     2.1: kPhi 0.062585 -> 0.062585  n=1.000  phase=0.000
     3.1: kPhi -0.038561 -> -0.038561  n=1.000  phase=0.000
     4.1: kPhi 0.025223 -> 0.025223  n=1.000  phase=0.000
     5.1: kPhi -0.066886 -> -0.066886  n=1.000  phase=0.000
     6.1: kPhi 0.041635 -> 0.041635  n=1.000  phase=0.000
  center bond (6, 13): objective 1.406736 -> 1.406736  global RMSE 0.592346 -> 0.592346  (rejected, iterations=1)
     1.1: kPhi 0.025915 -> 0.025915  n=1.000  phase=0.000
     2.1: kPhi 0.033746 -> 0.033746  n=1.000  phase=0.000
     3.1: kPhi -0.064350 -> -0.064350  n=1.000  phase=0.000
     4.1: kPhi -0.027205 -> -0.027205  n=1.000  phase=0.000
     5.1: kPhi -0.031712 -> -0.031712  n=1.000  phase=0.000
     6.1: kPhi 0.063742 -> 0.063742  n=1.000  phase=0.000
  center bond (8, 15): objective 1.406736 -> 1.406700  global RMSE 0.592346 -> 0.592321  (accepted, iterations=1)
     1.1: kPhi 0.332299 -> 0.332630  n=2.000  phase=180.000
     2.1: kPhi 0.756406 -> 0.753897  n=2.000  phase=180.000
     3.1: kPhi 0.728989 -> 0.730435  n=2.000  phase=180.000
     4.1: kPhi 1.200242 -> 1.201089  n=2.000  phase=180.000
  center bond (18, 20): objective 1.406700 -> 1.406688  global RMSE 0.592321 -> 0.592300  (accepted, iterations=1)
     1.1: kPhi 1.391344 -> 1.392538  n=2.000  phase=180.000
     2.1: kPhi 1.300086 -> 1.298804  n=2.000  phase=180.000
     3.1: kPhi 0.638503 -> 0.638509  n=2.000  phase=180.000
     4.1: kPhi 0.616797 -> 0.616823  n=2.000  phase=180.000
  per-scan RMSE:
    (3, 14): 0.250774 -> 0.250773
    (6, 13): 0.396717 -> 0.396717
    (8, 15): 0.648126 -> 0.648076
    (18, 20): 0.873588 -> 0.873502

cycle 133: accepted=2 rejected=2  objective 1.406688 -> 1.406641  global RMSE 0.592300 -> 0.592255
  center bond (3, 14): objective 1.406688 -> 1.406688  global RMSE 0.592300 -> 0.592300  (rejected, iterations=1)
     1.1: kPhi -0.024021 -> -0.024021  n=1.000  phase=0.000
     2.1: kPhi 0.062585 -> 0.062585  n=1.000  phase=0.000
     3.1: kPhi -0.038561 -> -0.038561  n=1.000  phase=0.000
     4.1: kPhi 0.025223 -> 0.025223  n=1.000  phase=0.000
     5.1: kPhi -0.066886 -> -0.066886  n=1.000  phase=0.000
     6.1: kPhi 0.041635 -> 0.041635  n=1.000  phase=0.000
  center bond (6, 13): objective 1.406688 -> 1.406688  global RMSE 0.592300 -> 0.592300  (rejected, iterations=1)
     1.1: kPhi 0.025915 -> 0.025915  n=1.000  phase=0.000
     2.1: kPhi 0.033746 -> 0.033746  n=1.000  phase=0.000
     3.1: kPhi -0.064350 -> -0.064350  n=1.000  phase=0.000
     4.1: kPhi -0.027205 -> -0.027205  n=1.000  phase=0.000
     5.1: kPhi -0.031712 -> -0.031712  n=1.000  phase=0.000
     6.1: kPhi 0.063742 -> 0.063742  n=1.000  phase=0.000
  center bond (8, 15): objective 1.406688 -> 1.406652  global RMSE 0.592300 -> 0.592275  (accepted, iterations=1)
     1.1: kPhi 0.332630 -> 0.332956  n=2.000  phase=180.000
     2.1: kPhi 0.753897 -> 0.751414  n=2.000  phase=180.000
     3.1: kPhi 0.730435 -> 0.731866  n=2.000  phase=180.000
     4.1: kPhi 1.201089 -> 1.201930  n=2.000  phase=180.000
  center bond (18, 20): objective 1.406652 -> 1.406641  global RMSE 0.592275 -> 0.592255  (accepted, iterations=1)
     1.1: kPhi 1.392538 -> 1.393717  n=2.000  phase=180.000
     2.1: kPhi 1.298804 -> 1.297538  n=2.000  phase=180.000
     3.1: kPhi 0.638509 -> 0.638514  n=2.000  phase=180.000
     4.1: kPhi 0.616823 -> 0.616849  n=2.000  phase=180.000
  per-scan RMSE:
    (3, 14): 0.250773 -> 0.250772
    (6, 13): 0.396717 -> 0.396717
    (8, 15): 0.648076 -> 0.648026
    (18, 20): 0.873502 -> 0.873417

cycle 134: accepted=2 rejected=2  objective 1.406641 -> 1.406595  global RMSE 0.592255 -> 0.592211
  center bond (3, 14): objective 1.406641 -> 1.406641  global RMSE 0.592255 -> 0.592255  (rejected, iterations=1)
     1.1: kPhi -0.024021 -> -0.024021  n=1.000  phase=0.000
     2.1: kPhi 0.062585 -> 0.062585  n=1.000  phase=0.000
     3.1: kPhi -0.038561 -> -0.038561  n=1.000  phase=0.000
     4.1: kPhi 0.025223 -> 0.025223  n=1.000  phase=0.000
     5.1: kPhi -0.066886 -> -0.066886  n=1.000  phase=0.000
     6.1: kPhi 0.041635 -> 0.041635  n=1.000  phase=0.000
  center bond (6, 13): objective 1.406641 -> 1.406641  global RMSE 0.592255 -> 0.592255  (rejected, iterations=1)
     1.1: kPhi 0.025915 -> 0.025915  n=1.000  phase=0.000
     2.1: kPhi 0.033746 -> 0.033746  n=1.000  phase=0.000
     3.1: kPhi -0.064350 -> -0.064350  n=1.000  phase=0.000
     4.1: kPhi -0.027205 -> -0.027205  n=1.000  phase=0.000
     5.1: kPhi -0.031712 -> -0.031712  n=1.000  phase=0.000
     6.1: kPhi 0.063742 -> 0.063742  n=1.000  phase=0.000
  center bond (8, 15): objective 1.406641 -> 1.406606  global RMSE 0.592255 -> 0.592230  (accepted, iterations=1)
     1.1: kPhi 0.332956 -> 0.333277  n=2.000  phase=180.000
     2.1: kPhi 0.751414 -> 0.748956  n=2.000  phase=180.000
     3.1: kPhi 0.731866 -> 0.733282  n=2.000  phase=180.000
     4.1: kPhi 1.201930 -> 1.202763  n=2.000  phase=180.000
  center bond (18, 20): objective 1.406606 -> 1.406595  global RMSE 0.592230 -> 0.592211  (accepted, iterations=1)
     1.1: kPhi 1.393717 -> 1.394881  n=2.000  phase=180.000
     2.1: kPhi 1.297538 -> 1.296287  n=2.000  phase=180.000
     3.1: kPhi 0.638514 -> 0.638519  n=2.000  phase=180.000
     4.1: kPhi 0.616849 -> 0.616874  n=2.000  phase=180.000
  per-scan RMSE:
    (3, 14): 0.250772 -> 0.250772
    (6, 13): 0.396717 -> 0.396716
    (8, 15): 0.648026 -> 0.647976
    (18, 20): 0.873417 -> 0.873333

cycle 135: accepted=2 rejected=2  objective 1.406595 -> 1.406550  global RMSE 0.592211 -> 0.592166
  center bond (3, 14): objective 1.406595 -> 1.406595  global RMSE 0.592211 -> 0.592211  (rejected, iterations=1)
     1.1: kPhi -0.024021 -> -0.024021  n=1.000  phase=0.000
     2.1: kPhi 0.062585 -> 0.062585  n=1.000  phase=0.000
     3.1: kPhi -0.038561 -> -0.038561  n=1.000  phase=0.000
     4.1: kPhi 0.025223 -> 0.025223  n=1.000  phase=0.000
     5.1: kPhi -0.066886 -> -0.066886  n=1.000  phase=0.000
     6.1: kPhi 0.041635 -> 0.041635  n=1.000  phase=0.000
  center bond (6, 13): objective 1.406595 -> 1.406595  global RMSE 0.592211 -> 0.592211  (rejected, iterations=1)
     1.1: kPhi 0.025915 -> 0.025915  n=1.000  phase=0.000
     2.1: kPhi 0.033746 -> 0.033746  n=1.000  phase=0.000
     3.1: kPhi -0.064350 -> -0.064350  n=1.000  phase=0.000
     4.1: kPhi -0.027205 -> -0.027205  n=1.000  phase=0.000
     5.1: kPhi -0.031712 -> -0.031712  n=1.000  phase=0.000
     6.1: kPhi 0.063742 -> 0.063742  n=1.000  phase=0.000
  center bond (8, 15): objective 1.406595 -> 1.406561  global RMSE 0.592211 -> 0.592186  (accepted, iterations=1)
     1.1: kPhi 0.333277 -> 0.333595  n=2.000  phase=180.000
     2.1: kPhi 0.748956 -> 0.746524  n=2.000  phase=180.000
     3.1: kPhi 0.733282 -> 0.734682  n=2.000  phase=180.000
     4.1: kPhi 1.202763 -> 1.203589  n=2.000  phase=180.000
  center bond (18, 20): objective 1.406561 -> 1.406550  global RMSE 0.592186 -> 0.592166  (accepted, iterations=1)
     1.1: kPhi 1.394881 -> 1.396031  n=2.000  phase=180.000
     2.1: kPhi 1.296287 -> 1.295053  n=2.000  phase=180.000
     3.1: kPhi 0.638519 -> 0.638525  n=2.000  phase=180.000
     4.1: kPhi 0.616874 -> 0.616898  n=2.000  phase=180.000
  per-scan RMSE:
    (3, 14): 0.250772 -> 0.250771
    (6, 13): 0.396716 -> 0.396716
    (8, 15): 0.647976 -> 0.647927
    (18, 20): 0.873333 -> 0.873250

cycle 136: accepted=2 rejected=2  objective 1.406550 -> 1.406506  global RMSE 0.592166 -> 0.592123
  center bond (3, 14): objective 1.406550 -> 1.406550  global RMSE 0.592166 -> 0.592166  (rejected, iterations=1)
     1.1: kPhi -0.024021 -> -0.024021  n=1.000  phase=0.000
     2.1: kPhi 0.062585 -> 0.062585  n=1.000  phase=0.000
     3.1: kPhi -0.038561 -> -0.038561  n=1.000  phase=0.000
     4.1: kPhi 0.025223 -> 0.025223  n=1.000  phase=0.000
     5.1: kPhi -0.066886 -> -0.066886  n=1.000  phase=0.000
     6.1: kPhi 0.041635 -> 0.041635  n=1.000  phase=0.000
  center bond (6, 13): objective 1.406550 -> 1.406550  global RMSE 0.592166 -> 0.592166  (rejected, iterations=1)
     1.1: kPhi 0.025915 -> 0.025915  n=1.000  phase=0.000
     2.1: kPhi 0.033746 -> 0.033746  n=1.000  phase=0.000
     3.1: kPhi -0.064350 -> -0.064350  n=1.000  phase=0.000
     4.1: kPhi -0.027205 -> -0.027205  n=1.000  phase=0.000
     5.1: kPhi -0.031712 -> -0.031712  n=1.000  phase=0.000
     6.1: kPhi 0.063742 -> 0.063742  n=1.000  phase=0.000
  center bond (8, 15): objective 1.406550 -> 1.406516  global RMSE 0.592166 -> 0.592142  (accepted, iterations=1)
     1.1: kPhi 0.333595 -> 0.333907  n=2.000  phase=180.000
     2.1: kPhi 0.746524 -> 0.744116  n=2.000  phase=180.000
     3.1: kPhi 0.734682 -> 0.736068  n=2.000  phase=180.000
     4.1: kPhi 1.203589 -> 1.204409  n=2.000  phase=180.000
  center bond (18, 20): objective 1.406516 -> 1.406506  global RMSE 0.592142 -> 0.592123  (accepted, iterations=1)
     1.1: kPhi 1.396031 -> 1.397166  n=2.000  phase=180.000
     2.1: kPhi 1.295053 -> 1.293833  n=2.000  phase=180.000
     3.1: kPhi 0.638525 -> 0.638530  n=2.000  phase=180.000
     4.1: kPhi 0.616898 -> 0.616923  n=2.000  phase=180.000
  per-scan RMSE:
    (3, 14): 0.250771 -> 0.250770
    (6, 13): 0.396716 -> 0.396715
    (8, 15): 0.647927 -> 0.647878
    (18, 20): 0.873250 -> 0.873168

cycle 137: accepted=2 rejected=2  objective 1.406506 -> 1.406462  global RMSE 0.592123 -> 0.592080
  center bond (3, 14): objective 1.406506 -> 1.406506  global RMSE 0.592123 -> 0.592123  (rejected, iterations=1)
     1.1: kPhi -0.024021 -> -0.024021  n=1.000  phase=0.000
     2.1: kPhi 0.062585 -> 0.062585  n=1.000  phase=0.000
     3.1: kPhi -0.038561 -> -0.038561  n=1.000  phase=0.000
     4.1: kPhi 0.025223 -> 0.025223  n=1.000  phase=0.000
     5.1: kPhi -0.066886 -> -0.066886  n=1.000  phase=0.000
     6.1: kPhi 0.041635 -> 0.041635  n=1.000  phase=0.000
  center bond (6, 13): objective 1.406506 -> 1.406506  global RMSE 0.592123 -> 0.592123  (rejected, iterations=1)
     1.1: kPhi 0.025915 -> 0.025915  n=1.000  phase=0.000
     2.1: kPhi 0.033746 -> 0.033746  n=1.000  phase=0.000
     3.1: kPhi -0.064350 -> -0.064350  n=1.000  phase=0.000
     4.1: kPhi -0.027205 -> -0.027205  n=1.000  phase=0.000
     5.1: kPhi -0.031712 -> -0.031712  n=1.000  phase=0.000
     6.1: kPhi 0.063742 -> 0.063742  n=1.000  phase=0.000
  center bond (8, 15): objective 1.406506 -> 1.406473  global RMSE 0.592123 -> 0.592098  (accepted, iterations=1)
     1.1: kPhi 0.333907 -> 0.334216  n=2.000  phase=180.000
     2.1: kPhi 0.744116 -> 0.741733  n=2.000  phase=180.000
     3.1: kPhi 0.736068 -> 0.737440  n=2.000  phase=180.000
     4.1: kPhi 1.204409 -> 1.205221  n=2.000  phase=180.000
  center bond (18, 20): objective 1.406473 -> 1.406462  global RMSE 0.592098 -> 0.592080  (accepted, iterations=1)
     1.1: kPhi 1.397166 -> 1.398288  n=2.000  phase=180.000
     2.1: kPhi 1.293833 -> 1.292629  n=2.000  phase=180.000
     3.1: kPhi 0.638530 -> 0.638535  n=2.000  phase=180.000
     4.1: kPhi 0.616923 -> 0.616947  n=2.000  phase=180.000
  per-scan RMSE:
    (3, 14): 0.250770 -> 0.250770
    (6, 13): 0.396715 -> 0.396715
    (8, 15): 0.647878 -> 0.647830
    (18, 20): 0.873168 -> 0.873087

cycle 138: accepted=2 rejected=2  objective 1.406462 -> 1.406420  global RMSE 0.592080 -> 0.592037
  center bond (3, 14): objective 1.406462 -> 1.406462  global RMSE 0.592080 -> 0.592080  (rejected, iterations=1)
     1.1: kPhi -0.024021 -> -0.024021  n=1.000  phase=0.000
     2.1: kPhi 0.062585 -> 0.062585  n=1.000  phase=0.000
     3.1: kPhi -0.038561 -> -0.038561  n=1.000  phase=0.000
     4.1: kPhi 0.025223 -> 0.025223  n=1.000  phase=0.000
     5.1: kPhi -0.066886 -> -0.066886  n=1.000  phase=0.000
     6.1: kPhi 0.041635 -> 0.041635  n=1.000  phase=0.000
  center bond (6, 13): objective 1.406462 -> 1.406462  global RMSE 0.592080 -> 0.592080  (rejected, iterations=1)
     1.1: kPhi 0.025915 -> 0.025915  n=1.000  phase=0.000
     2.1: kPhi 0.033746 -> 0.033746  n=1.000  phase=0.000
     3.1: kPhi -0.064350 -> -0.064350  n=1.000  phase=0.000
     4.1: kPhi -0.027205 -> -0.027205  n=1.000  phase=0.000
     5.1: kPhi -0.031712 -> -0.031712  n=1.000  phase=0.000
     6.1: kPhi 0.063742 -> 0.063742  n=1.000  phase=0.000
  center bond (8, 15): objective 1.406462 -> 1.406430  global RMSE 0.592080 -> 0.592056  (accepted, iterations=1)
     1.1: kPhi 0.334216 -> 0.334520  n=2.000  phase=180.000
     2.1: kPhi 0.741733 -> 0.739374  n=2.000  phase=180.000
     3.1: kPhi 0.737440 -> 0.738796  n=2.000  phase=180.000
     4.1: kPhi 1.205221 -> 1.206027  n=2.000  phase=180.000
  center bond (18, 20): objective 1.406430 -> 1.406420  global RMSE 0.592056 -> 0.592037  (accepted, iterations=1)
     1.1: kPhi 1.398288 -> 1.399395  n=2.000  phase=180.000
     2.1: kPhi 1.292629 -> 1.291440  n=2.000  phase=180.000
     3.1: kPhi 0.638535 -> 0.638540  n=2.000  phase=180.000
     4.1: kPhi 0.616947 -> 0.616971  n=2.000  phase=180.000
  per-scan RMSE:
    (3, 14): 0.250770 -> 0.250769
    (6, 13): 0.396715 -> 0.396715
    (8, 15): 0.647830 -> 0.647782
    (18, 20): 0.873087 -> 0.873007

cycle 139: accepted=2 rejected=2  objective 1.406420 -> 1.406379  global RMSE 0.592037 -> 0.591995
  center bond (3, 14): objective 1.406420 -> 1.406420  global RMSE 0.592037 -> 0.592037  (rejected, iterations=1)
     1.1: kPhi -0.024021 -> -0.024021  n=1.000  phase=0.000
     2.1: kPhi 0.062585 -> 0.062585  n=1.000  phase=0.000
     3.1: kPhi -0.038561 -> -0.038561  n=1.000  phase=0.000
     4.1: kPhi 0.025223 -> 0.025223  n=1.000  phase=0.000
     5.1: kPhi -0.066886 -> -0.066886  n=1.000  phase=0.000
     6.1: kPhi 0.041635 -> 0.041635  n=1.000  phase=0.000
  center bond (6, 13): objective 1.406420 -> 1.406420  global RMSE 0.592037 -> 0.592037  (rejected, iterations=1)
     1.1: kPhi 0.025915 -> 0.025915  n=1.000  phase=0.000
     2.1: kPhi 0.033746 -> 0.033746  n=1.000  phase=0.000
     3.1: kPhi -0.064350 -> -0.064350  n=1.000  phase=0.000
     4.1: kPhi -0.027205 -> -0.027205  n=1.000  phase=0.000
     5.1: kPhi -0.031712 -> -0.031712  n=1.000  phase=0.000
     6.1: kPhi 0.063742 -> 0.063742  n=1.000  phase=0.000
  center bond (8, 15): objective 1.406420 -> 1.406388  global RMSE 0.592037 -> 0.592013  (accepted, iterations=1)
     1.1: kPhi 0.334520 -> 0.334820  n=2.000  phase=180.000
     2.1: kPhi 0.739374 -> 0.737039  n=2.000  phase=180.000
     3.1: kPhi 0.738796 -> 0.740138  n=2.000  phase=180.000
     4.1: kPhi 1.206027 -> 1.206826  n=2.000  phase=180.000
  center bond (18, 20): objective 1.406388 -> 1.406379  global RMSE 0.592013 -> 0.591995  (accepted, iterations=1)
     1.1: kPhi 1.399395 -> 1.400489  n=2.000  phase=180.000
     2.1: kPhi 1.291440 -> 1.290266  n=2.000  phase=180.000
     3.1: kPhi 0.638540 -> 0.638545  n=2.000  phase=180.000
     4.1: kPhi 0.616971 -> 0.616994  n=2.000  phase=180.000
  per-scan RMSE:
    (3, 14): 0.250769 -> 0.250768
    (6, 13): 0.396715 -> 0.396714
    (8, 15): 0.647782 -> 0.647735
    (18, 20): 0.873007 -> 0.872928

cycle 140: accepted=2 rejected=2  objective 1.406379 -> 1.406338  global RMSE 0.591995 -> 0.591953
  center bond (3, 14): objective 1.406379 -> 1.406379  global RMSE 0.591995 -> 0.591995  (rejected, iterations=1)
     1.1: kPhi -0.024021 -> -0.024021  n=1.000  phase=0.000
     2.1: kPhi 0.062585 -> 0.062585  n=1.000  phase=0.000
     3.1: kPhi -0.038561 -> -0.038561  n=1.000  phase=0.000
     4.1: kPhi 0.025223 -> 0.025223  n=1.000  phase=0.000
     5.1: kPhi -0.066886 -> -0.066886  n=1.000  phase=0.000
     6.1: kPhi 0.041635 -> 0.041635  n=1.000  phase=0.000
  center bond (6, 13): objective 1.406379 -> 1.406379  global RMSE 0.591995 -> 0.591995  (rejected, iterations=1)
     1.1: kPhi 0.025915 -> 0.025915  n=1.000  phase=0.000
     2.1: kPhi 0.033746 -> 0.033746  n=1.000  phase=0.000
     3.1: kPhi -0.064350 -> -0.064350  n=1.000  phase=0.000
     4.1: kPhi -0.027205 -> -0.027205  n=1.000  phase=0.000
     5.1: kPhi -0.031712 -> -0.031712  n=1.000  phase=0.000
     6.1: kPhi 0.063742 -> 0.063742  n=1.000  phase=0.000
  center bond (8, 15): objective 1.406379 -> 1.406348  global RMSE 0.591995 -> 0.591971  (accepted, iterations=1)
     1.1: kPhi 0.334820 -> 0.335117  n=2.000  phase=180.000
     2.1: kPhi 0.737039 -> 0.734729  n=2.000  phase=180.000
     3.1: kPhi 0.740138 -> 0.741466  n=2.000  phase=180.000
     4.1: kPhi 1.206826 -> 1.207619  n=2.000  phase=180.000
  center bond (18, 20): objective 1.406348 -> 1.406338  global RMSE 0.591971 -> 0.591953  (accepted, iterations=1)
     1.1: kPhi 1.400489 -> 1.401569  n=2.000  phase=180.000
     2.1: kPhi 1.290266 -> 1.289106  n=2.000  phase=180.000
     3.1: kPhi 0.638545 -> 0.638549  n=2.000  phase=180.000
     4.1: kPhi 0.616994 -> 0.617017  n=2.000  phase=180.000
  per-scan RMSE:
    (3, 14): 0.250768 -> 0.250768
    (6, 13): 0.396714 -> 0.396714
    (8, 15): 0.647735 -> 0.647688
    (18, 20): 0.872928 -> 0.872850

cycle 141: accepted=2 rejected=2  objective 1.406338 -> 1.406299  global RMSE 0.591953 -> 0.591912
  center bond (3, 14): objective 1.406338 -> 1.406338  global RMSE 0.591953 -> 0.591953  (rejected, iterations=1)
     1.1: kPhi -0.024021 -> -0.024021  n=1.000  phase=0.000
     2.1: kPhi 0.062585 -> 0.062585  n=1.000  phase=0.000
     3.1: kPhi -0.038561 -> -0.038561  n=1.000  phase=0.000
     4.1: kPhi 0.025223 -> 0.025223  n=1.000  phase=0.000
     5.1: kPhi -0.066886 -> -0.066886  n=1.000  phase=0.000
     6.1: kPhi 0.041635 -> 0.041635  n=1.000  phase=0.000
  center bond (6, 13): objective 1.406338 -> 1.406338  global RMSE 0.591953 -> 0.591953  (rejected, iterations=1)
     1.1: kPhi 0.025915 -> 0.025915  n=1.000  phase=0.000
     2.1: kPhi 0.033746 -> 0.033746  n=1.000  phase=0.000
     3.1: kPhi -0.064350 -> -0.064350  n=1.000  phase=0.000
     4.1: kPhi -0.027205 -> -0.027205  n=1.000  phase=0.000
     5.1: kPhi -0.031712 -> -0.031712  n=1.000  phase=0.000
     6.1: kPhi 0.063742 -> 0.063742  n=1.000  phase=0.000
  center bond (8, 15): objective 1.406338 -> 1.406308  global RMSE 0.591953 -> 0.591930  (accepted, iterations=1)
     1.1: kPhi 0.335117 -> 0.335409  n=2.000  phase=180.000
     2.1: kPhi 0.734729 -> 0.732441  n=2.000  phase=180.000
     3.1: kPhi 0.741466 -> 0.742780  n=2.000  phase=180.000
     4.1: kPhi 1.207619 -> 1.208404  n=2.000  phase=180.000
  center bond (18, 20): objective 1.406308 -> 1.406299  global RMSE 0.591930 -> 0.591912  (accepted, iterations=1)
     1.1: kPhi 1.401569 -> 1.402636  n=2.000  phase=180.000
     2.1: kPhi 1.289106 -> 1.287961  n=2.000  phase=180.000
     3.1: kPhi 0.638549 -> 0.638554  n=2.000  phase=180.000
     4.1: kPhi 0.617017 -> 0.617040  n=2.000  phase=180.000
  per-scan RMSE:
    (3, 14): 0.250768 -> 0.250767
    (6, 13): 0.396714 -> 0.396714
    (8, 15): 0.647688 -> 0.647642
    (18, 20): 0.872850 -> 0.872773

cycle 142: accepted=2 rejected=2  objective 1.406299 -> 1.406260  global RMSE 0.591912 -> 0.591871
  center bond (3, 14): objective 1.406299 -> 1.406299  global RMSE 0.591912 -> 0.591912  (rejected, iterations=1)
     1.1: kPhi -0.024021 -> -0.024021  n=1.000  phase=0.000
     2.1: kPhi 0.062585 -> 0.062585  n=1.000  phase=0.000
     3.1: kPhi -0.038561 -> -0.038561  n=1.000  phase=0.000
     4.1: kPhi 0.025223 -> 0.025223  n=1.000  phase=0.000
     5.1: kPhi -0.066886 -> -0.066886  n=1.000  phase=0.000
     6.1: kPhi 0.041635 -> 0.041635  n=1.000  phase=0.000
  center bond (6, 13): objective 1.406299 -> 1.406299  global RMSE 0.591912 -> 0.591912  (rejected, iterations=1)
     1.1: kPhi 0.025915 -> 0.025915  n=1.000  phase=0.000
     2.1: kPhi 0.033746 -> 0.033746  n=1.000  phase=0.000
     3.1: kPhi -0.064350 -> -0.064350  n=1.000  phase=0.000
     4.1: kPhi -0.027205 -> -0.027205  n=1.000  phase=0.000
     5.1: kPhi -0.031712 -> -0.031712  n=1.000  phase=0.000
     6.1: kPhi 0.063742 -> 0.063742  n=1.000  phase=0.000
  center bond (8, 15): objective 1.406299 -> 1.406269  global RMSE 0.591912 -> 0.591889  (accepted, iterations=1)
     1.1: kPhi 0.335409 -> 0.335697  n=2.000  phase=180.000
     2.1: kPhi 0.732441 -> 0.730178  n=2.000  phase=180.000
     3.1: kPhi 0.742780 -> 0.744080  n=2.000  phase=180.000
     4.1: kPhi 1.208404 -> 1.209183  n=2.000  phase=180.000
  center bond (18, 20): objective 1.406269 -> 1.406260  global RMSE 0.591889 -> 0.591871  (accepted, iterations=1)
     1.1: kPhi 1.402636 -> 1.403689  n=2.000  phase=180.000
     2.1: kPhi 1.287961 -> 1.286830  n=2.000  phase=180.000
     3.1: kPhi 0.638554 -> 0.638559  n=2.000  phase=180.000
     4.1: kPhi 0.617040 -> 0.617063  n=2.000  phase=180.000
  per-scan RMSE:
    (3, 14): 0.250767 -> 0.250767
    (6, 13): 0.396714 -> 0.396713
    (8, 15): 0.647642 -> 0.647596
    (18, 20): 0.872773 -> 0.872696

cycle 143: accepted=2 rejected=2  objective 1.406260 -> 1.406222  global RMSE 0.591871 -> 0.591830
  center bond (3, 14): objective 1.406260 -> 1.406260  global RMSE 0.591871 -> 0.591871  (rejected, iterations=1)
     1.1: kPhi -0.024021 -> -0.024021  n=1.000  phase=0.000
     2.1: kPhi 0.062585 -> 0.062585  n=1.000  phase=0.000
     3.1: kPhi -0.038561 -> -0.038561  n=1.000  phase=0.000
     4.1: kPhi 0.025223 -> 0.025223  n=1.000  phase=0.000
     5.1: kPhi -0.066886 -> -0.066886  n=1.000  phase=0.000
     6.1: kPhi 0.041635 -> 0.041635  n=1.000  phase=0.000
  center bond (6, 13): objective 1.406260 -> 1.406260  global RMSE 0.591871 -> 0.591871  (rejected, iterations=1)
     1.1: kPhi 0.025915 -> 0.025915  n=1.000  phase=0.000
     2.1: kPhi 0.033746 -> 0.033746  n=1.000  phase=0.000
     3.1: kPhi -0.064350 -> -0.064350  n=1.000  phase=0.000
     4.1: kPhi -0.027205 -> -0.027205  n=1.000  phase=0.000
     5.1: kPhi -0.031712 -> -0.031712  n=1.000  phase=0.000
     6.1: kPhi 0.063742 -> 0.063742  n=1.000  phase=0.000
  center bond (8, 15): objective 1.406260 -> 1.406231  global RMSE 0.591871 -> 0.591848  (accepted, iterations=1)
     1.1: kPhi 0.335697 -> 0.335982  n=2.000  phase=180.000
     2.1: kPhi 0.730178 -> 0.727937  n=2.000  phase=180.000
     3.1: kPhi 0.744080 -> 0.745367  n=2.000  phase=180.000
     4.1: kPhi 1.209183 -> 1.209956  n=2.000  phase=180.000
  center bond (18, 20): objective 1.406231 -> 1.406222  global RMSE 0.591848 -> 0.591830  (accepted, iterations=1)
     1.1: kPhi 1.403689 -> 1.404730  n=2.000  phase=180.000
     2.1: kPhi 1.286830 -> 1.285714  n=2.000  phase=180.000
     3.1: kPhi 0.638559 -> 0.638563  n=2.000  phase=180.000
     4.1: kPhi 0.617063 -> 0.617085  n=2.000  phase=180.000
  per-scan RMSE:
    (3, 14): 0.250767 -> 0.250766
    (6, 13): 0.396713 -> 0.396713
    (8, 15): 0.647596 -> 0.647550
    (18, 20): 0.872696 -> 0.872621

cycle 144: accepted=2 rejected=2  objective 1.406222 -> 1.406185  global RMSE 0.591830 -> 0.591791
  center bond (3, 14): objective 1.406222 -> 1.406222  global RMSE 0.591830 -> 0.591830  (rejected, iterations=1)
     1.1: kPhi -0.024021 -> -0.024021  n=1.000  phase=0.000
     2.1: kPhi 0.062585 -> 0.062585  n=1.000  phase=0.000
     3.1: kPhi -0.038561 -> -0.038561  n=1.000  phase=0.000
     4.1: kPhi 0.025223 -> 0.025223  n=1.000  phase=0.000
     5.1: kPhi -0.066886 -> -0.066886  n=1.000  phase=0.000
     6.1: kPhi 0.041635 -> 0.041635  n=1.000  phase=0.000
  center bond (6, 13): objective 1.406222 -> 1.406222  global RMSE 0.591830 -> 0.591830  (rejected, iterations=1)
     1.1: kPhi 0.025915 -> 0.025915  n=1.000  phase=0.000
     2.1: kPhi 0.033746 -> 0.033746  n=1.000  phase=0.000
     3.1: kPhi -0.064350 -> -0.064350  n=1.000  phase=0.000
     4.1: kPhi -0.027205 -> -0.027205  n=1.000  phase=0.000
     5.1: kPhi -0.031712 -> -0.031712  n=1.000  phase=0.000
     6.1: kPhi 0.063742 -> 0.063742  n=1.000  phase=0.000
  center bond (8, 15): objective 1.406222 -> 1.406193  global RMSE 0.591830 -> 0.591808  (accepted, iterations=1)
     1.1: kPhi 0.335982 -> 0.336263  n=2.000  phase=180.000
     2.1: kPhi 0.727937 -> 0.725719  n=2.000  phase=180.000
     3.1: kPhi 0.745367 -> 0.746639  n=2.000  phase=180.000
     4.1: kPhi 1.209956 -> 1.210722  n=2.000  phase=180.000
  center bond (18, 20): objective 1.406193 -> 1.406185  global RMSE 0.591808 -> 0.591791  (accepted, iterations=1)
     1.1: kPhi 1.404730 -> 1.405757  n=2.000  phase=180.000
     2.1: kPhi 1.285714 -> 1.284611  n=2.000  phase=180.000
     3.1: kPhi 0.638563 -> 0.638568  n=2.000  phase=180.000
     4.1: kPhi 0.617085 -> 0.617107  n=2.000  phase=180.000
  per-scan RMSE:
    (3, 14): 0.250766 -> 0.250765
    (6, 13): 0.396713 -> 0.396713
    (8, 15): 0.647550 -> 0.647505
    (18, 20): 0.872621 -> 0.872546

cycle 145: accepted=2 rejected=2  objective 1.406185 -> 1.406148  global RMSE 0.591791 -> 0.591751
  center bond (3, 14): objective 1.406185 -> 1.406185  global RMSE 0.591791 -> 0.591791  (rejected, iterations=1)
     1.1: kPhi -0.024021 -> -0.024021  n=1.000  phase=0.000
     2.1: kPhi 0.062585 -> 0.062585  n=1.000  phase=0.000
     3.1: kPhi -0.038561 -> -0.038561  n=1.000  phase=0.000
     4.1: kPhi 0.025223 -> 0.025223  n=1.000  phase=0.000
     5.1: kPhi -0.066886 -> -0.066886  n=1.000  phase=0.000
     6.1: kPhi 0.041635 -> 0.041635  n=1.000  phase=0.000
  center bond (6, 13): objective 1.406185 -> 1.406185  global RMSE 0.591791 -> 0.591791  (rejected, iterations=1)
     1.1: kPhi 0.025915 -> 0.025915  n=1.000  phase=0.000
     2.1: kPhi 0.033746 -> 0.033746  n=1.000  phase=0.000
     3.1: kPhi -0.064350 -> -0.064350  n=1.000  phase=0.000
     4.1: kPhi -0.027205 -> -0.027205  n=1.000  phase=0.000
     5.1: kPhi -0.031712 -> -0.031712  n=1.000  phase=0.000
     6.1: kPhi 0.063742 -> 0.063742  n=1.000  phase=0.000
  center bond (8, 15): objective 1.406185 -> 1.406157  global RMSE 0.591791 -> 0.591768  (accepted, iterations=1)
     1.1: kPhi 0.336263 -> 0.336540  n=2.000  phase=180.000
     2.1: kPhi 0.725719 -> 0.723524  n=2.000  phase=180.000
     3.1: kPhi 0.746639 -> 0.747899  n=2.000  phase=180.000
     4.1: kPhi 1.210722 -> 1.211481  n=2.000  phase=180.000
  center bond (18, 20): objective 1.406157 -> 1.406148  global RMSE 0.591768 -> 0.591751  (accepted, iterations=1)
     1.1: kPhi 1.405757 -> 1.406772  n=2.000  phase=180.000
     2.1: kPhi 1.284611 -> 1.283522  n=2.000  phase=180.000
     3.1: kPhi 0.638568 -> 0.638572  n=2.000  phase=180.000
     4.1: kPhi 0.617107 -> 0.617129  n=2.000  phase=180.000
  per-scan RMSE:
    (3, 14): 0.250765 -> 0.250765
    (6, 13): 0.396713 -> 0.396712
    (8, 15): 0.647505 -> 0.647461
    (18, 20): 0.872546 -> 0.872473

cycle 146: accepted=2 rejected=2  objective 1.406148 -> 1.406113  global RMSE 0.591751 -> 0.591712
  center bond (3, 14): objective 1.406148 -> 1.406148  global RMSE 0.591751 -> 0.591751  (rejected, iterations=1)
     1.1: kPhi -0.024021 -> -0.024021  n=1.000  phase=0.000
     2.1: kPhi 0.062585 -> 0.062585  n=1.000  phase=0.000
     3.1: kPhi -0.038561 -> -0.038561  n=1.000  phase=0.000
     4.1: kPhi 0.025223 -> 0.025223  n=1.000  phase=0.000
     5.1: kPhi -0.066886 -> -0.066886  n=1.000  phase=0.000
     6.1: kPhi 0.041635 -> 0.041635  n=1.000  phase=0.000
  center bond (6, 13): objective 1.406148 -> 1.406148  global RMSE 0.591751 -> 0.591751  (rejected, iterations=1)
     1.1: kPhi 0.025915 -> 0.025915  n=1.000  phase=0.000
     2.1: kPhi 0.033746 -> 0.033746  n=1.000  phase=0.000
     3.1: kPhi -0.064350 -> -0.064350  n=1.000  phase=0.000
     4.1: kPhi -0.027205 -> -0.027205  n=1.000  phase=0.000
     5.1: kPhi -0.031712 -> -0.031712  n=1.000  phase=0.000
     6.1: kPhi 0.063742 -> 0.063742  n=1.000  phase=0.000
  center bond (8, 15): objective 1.406148 -> 1.406121  global RMSE 0.591751 -> 0.591729  (accepted, iterations=1)
     1.1: kPhi 0.336540 -> 0.336813  n=2.000  phase=180.000
     2.1: kPhi 0.723524 -> 0.721351  n=2.000  phase=180.000
     3.1: kPhi 0.747899 -> 0.749144  n=2.000  phase=180.000
     4.1: kPhi 1.211481 -> 1.212234  n=2.000  phase=180.000
  center bond (18, 20): objective 1.406121 -> 1.406113  global RMSE 0.591729 -> 0.591712  (accepted, iterations=1)
     1.1: kPhi 1.406772 -> 1.407774  n=2.000  phase=180.000
     2.1: kPhi 1.283522 -> 1.282447  n=2.000  phase=180.000
     3.1: kPhi 0.638572 -> 0.638576  n=2.000  phase=180.000
     4.1: kPhi 0.617129 -> 0.617150  n=2.000  phase=180.000
  per-scan RMSE:
    (3, 14): 0.250765 -> 0.250764
    (6, 13): 0.396712 -> 0.396712
    (8, 15): 0.647461 -> 0.647417
    (18, 20): 0.872473 -> 0.872400

cycle 147: accepted=2 rejected=2  objective 1.406113 -> 1.406078  global RMSE 0.591712 -> 0.591673
  center bond (3, 14): objective 1.406113 -> 1.406113  global RMSE 0.591712 -> 0.591712  (rejected, iterations=1)
     1.1: kPhi -0.024021 -> -0.024021  n=1.000  phase=0.000
     2.1: kPhi 0.062585 -> 0.062585  n=1.000  phase=0.000
     3.1: kPhi -0.038561 -> -0.038561  n=1.000  phase=0.000
     4.1: kPhi 0.025223 -> 0.025223  n=1.000  phase=0.000
     5.1: kPhi -0.066886 -> -0.066886  n=1.000  phase=0.000
     6.1: kPhi 0.041635 -> 0.041635  n=1.000  phase=0.000
  center bond (6, 13): objective 1.406113 -> 1.406113  global RMSE 0.591712 -> 0.591712  (rejected, iterations=1)
     1.1: kPhi 0.025915 -> 0.025915  n=1.000  phase=0.000
     2.1: kPhi 0.033746 -> 0.033746  n=1.000  phase=0.000
     3.1: kPhi -0.064350 -> -0.064350  n=1.000  phase=0.000
     4.1: kPhi -0.027205 -> -0.027205  n=1.000  phase=0.000
     5.1: kPhi -0.031712 -> -0.031712  n=1.000  phase=0.000
     6.1: kPhi 0.063742 -> 0.063742  n=1.000  phase=0.000
  center bond (8, 15): objective 1.406113 -> 1.406086  global RMSE 0.591712 -> 0.591690  (accepted, iterations=1)
     1.1: kPhi 0.336813 -> 0.337083  n=2.000  phase=180.000
     2.1: kPhi 0.721351 -> 0.719201  n=2.000  phase=180.000
     3.1: kPhi 0.749144 -> 0.750377  n=2.000  phase=180.000
     4.1: kPhi 1.212234 -> 1.212980  n=2.000  phase=180.000
  center bond (18, 20): objective 1.406086 -> 1.406078  global RMSE 0.591690 -> 0.591673  (accepted, iterations=1)
     1.1: kPhi 1.407774 -> 1.408764  n=2.000  phase=180.000
     2.1: kPhi 1.282447 -> 1.281385  n=2.000  phase=180.000
     3.1: kPhi 0.638576 -> 0.638581  n=2.000  phase=180.000
     4.1: kPhi 0.617150 -> 0.617172  n=2.000  phase=180.000
  per-scan RMSE:
    (3, 14): 0.250764 -> 0.250764
    (6, 13): 0.396712 -> 0.396712
    (8, 15): 0.647417 -> 0.647373
    (18, 20): 0.872400 -> 0.872328

cycle 148: accepted=2 rejected=2  objective 1.406078 -> 1.406044  global RMSE 0.591673 -> 0.591635
  center bond (3, 14): objective 1.406078 -> 1.406078  global RMSE 0.591673 -> 0.591673  (rejected, iterations=1)
     1.1: kPhi -0.024021 -> -0.024021  n=1.000  phase=0.000
     2.1: kPhi 0.062585 -> 0.062585  n=1.000  phase=0.000
     3.1: kPhi -0.038561 -> -0.038561  n=1.000  phase=0.000
     4.1: kPhi 0.025223 -> 0.025223  n=1.000  phase=0.000
     5.1: kPhi -0.066886 -> -0.066886  n=1.000  phase=0.000
     6.1: kPhi 0.041635 -> 0.041635  n=1.000  phase=0.000
  center bond (6, 13): objective 1.406078 -> 1.406078  global RMSE 0.591673 -> 0.591673  (rejected, iterations=1)
     1.1: kPhi 0.025915 -> 0.025915  n=1.000  phase=0.000
     2.1: kPhi 0.033746 -> 0.033746  n=1.000  phase=0.000
     3.1: kPhi -0.064350 -> -0.064350  n=1.000  phase=0.000
     4.1: kPhi -0.027205 -> -0.027205  n=1.000  phase=0.000
     5.1: kPhi -0.031712 -> -0.031712  n=1.000  phase=0.000
     6.1: kPhi 0.063742 -> 0.063742  n=1.000  phase=0.000
  center bond (8, 15): objective 1.406078 -> 1.406051  global RMSE 0.591673 -> 0.591652  (accepted, iterations=1)
     1.1: kPhi 0.337083 -> 0.337350  n=2.000  phase=180.000
     2.1: kPhi 0.719201 -> 0.717072  n=2.000  phase=180.000
     3.1: kPhi 0.750377 -> 0.751597  n=2.000  phase=180.000
     4.1: kPhi 1.212980 -> 1.213720  n=2.000  phase=180.000
  center bond (18, 20): objective 1.406051 -> 1.406044  global RMSE 0.591652 -> 0.591635  (accepted, iterations=1)
     1.1: kPhi 1.408764 -> 1.409741  n=2.000  phase=180.000
     2.1: kPhi 1.281385 -> 1.280336  n=2.000  phase=180.000
     3.1: kPhi 0.638581 -> 0.638585  n=2.000  phase=180.000
     4.1: kPhi 0.617172 -> 0.617192  n=2.000  phase=180.000
  per-scan RMSE:
    (3, 14): 0.250764 -> 0.250763
    (6, 13): 0.396712 -> 0.396711
    (8, 15): 0.647373 -> 0.647330
    (18, 20): 0.872328 -> 0.872257

cycle 149: accepted=2 rejected=2  objective 1.406044 -> 1.406010  global RMSE 0.591635 -> 0.591598
  center bond (3, 14): objective 1.406044 -> 1.406044  global RMSE 0.591635 -> 0.591635  (rejected, iterations=1)
     1.1: kPhi -0.024021 -> -0.024021  n=1.000  phase=0.000
     2.1: kPhi 0.062585 -> 0.062585  n=1.000  phase=0.000
     3.1: kPhi -0.038561 -> -0.038561  n=1.000  phase=0.000
     4.1: kPhi 0.025223 -> 0.025223  n=1.000  phase=0.000
     5.1: kPhi -0.066886 -> -0.066886  n=1.000  phase=0.000
     6.1: kPhi 0.041635 -> 0.041635  n=1.000  phase=0.000
  center bond (6, 13): objective 1.406044 -> 1.406044  global RMSE 0.591635 -> 0.591635  (rejected, iterations=1)
     1.1: kPhi 0.025915 -> 0.025915  n=1.000  phase=0.000
     2.1: kPhi 0.033746 -> 0.033746  n=1.000  phase=0.000
     3.1: kPhi -0.064350 -> -0.064350  n=1.000  phase=0.000
     4.1: kPhi -0.027205 -> -0.027205  n=1.000  phase=0.000
     5.1: kPhi -0.031712 -> -0.031712  n=1.000  phase=0.000
     6.1: kPhi 0.063742 -> 0.063742  n=1.000  phase=0.000
  center bond (8, 15): objective 1.406044 -> 1.406018  global RMSE 0.591635 -> 0.591614  (accepted, iterations=1)
     1.1: kPhi 0.337350 -> 0.337613  n=2.000  phase=180.000
     2.1: kPhi 0.717072 -> 0.714965  n=2.000  phase=180.000
     3.1: kPhi 0.751597 -> 0.752804  n=2.000  phase=180.000
     4.1: kPhi 1.213720 -> 1.214453  n=2.000  phase=180.000
  center bond (18, 20): objective 1.406018 -> 1.406010  global RMSE 0.591614 -> 0.591598  (accepted, iterations=1)
     1.1: kPhi 1.409741 -> 1.410707  n=2.000  phase=180.000
     2.1: kPhi 1.280336 -> 1.279301  n=2.000  phase=180.000
     3.1: kPhi 0.638585 -> 0.638589  n=2.000  phase=180.000
     4.1: kPhi 0.617192 -> 0.617213  n=2.000  phase=180.000
  per-scan RMSE:
    (3, 14): 0.250763 -> 0.250762
    (6, 13): 0.396711 -> 0.396711
    (8, 15): 0.647330 -> 0.647287
    (18, 20): 0.872257 -> 0.872186

cycle 150: accepted=2 rejected=2  objective 1.406010 -> 1.405978  global RMSE 0.591598 -> 0.591560
  center bond (3, 14): objective 1.406010 -> 1.406010  global RMSE 0.591598 -> 0.591598  (rejected, iterations=1)
     1.1: kPhi -0.024021 -> -0.024021  n=1.000  phase=0.000
     2.1: kPhi 0.062585 -> 0.062585  n=1.000  phase=0.000
     3.1: kPhi -0.038561 -> -0.038561  n=1.000  phase=0.000
     4.1: kPhi 0.025223 -> 0.025223  n=1.000  phase=0.000
     5.1: kPhi -0.066886 -> -0.066886  n=1.000  phase=0.000
     6.1: kPhi 0.041635 -> 0.041635  n=1.000  phase=0.000
  center bond (6, 13): objective 1.406010 -> 1.406010  global RMSE 0.591598 -> 0.591598  (rejected, iterations=1)
     1.1: kPhi 0.025915 -> 0.025915  n=1.000  phase=0.000
     2.1: kPhi 0.033746 -> 0.033746  n=1.000  phase=0.000
     3.1: kPhi -0.064350 -> -0.064350  n=1.000  phase=0.000
     4.1: kPhi -0.027205 -> -0.027205  n=1.000  phase=0.000
     5.1: kPhi -0.031712 -> -0.031712  n=1.000  phase=0.000
     6.1: kPhi 0.063742 -> 0.063742  n=1.000  phase=0.000
  center bond (8, 15): objective 1.406010 -> 1.405985  global RMSE 0.591598 -> 0.591576  (accepted, iterations=1)
     1.1: kPhi 0.337613 -> 0.337873  n=2.000  phase=180.000
     2.1: kPhi 0.714965 -> 0.712880  n=2.000  phase=180.000
     3.1: kPhi 0.752804 -> 0.753998  n=2.000  phase=180.000
     4.1: kPhi 1.214453 -> 1.215180  n=2.000  phase=180.000
  center bond (18, 20): objective 1.405985 -> 1.405978  global RMSE 0.591576 -> 0.591560  (accepted, iterations=1)
     1.1: kPhi 1.410707 -> 1.411660  n=2.000  phase=180.000
     2.1: kPhi 1.279301 -> 1.278278  n=2.000  phase=180.000
     3.1: kPhi 0.638589 -> 0.638593  n=2.000  phase=180.000
     4.1: kPhi 0.617213 -> 0.617233  n=2.000  phase=180.000
  per-scan RMSE:
    (3, 14): 0.250762 -> 0.250762
    (6, 13): 0.396711 -> 0.396711
    (8, 15): 0.647287 -> 0.647245
    (18, 20): 0.872186 -> 0.872117

cycle 151: accepted=2 rejected=2  objective 1.405978 -> 1.405946  global RMSE 0.591560 -> 0.591523
  center bond (3, 14): objective 1.405978 -> 1.405978  global RMSE 0.591560 -> 0.591560  (rejected, iterations=1)
     1.1: kPhi -0.024021 -> -0.024021  n=1.000  phase=0.000
     2.1: kPhi 0.062585 -> 0.062585  n=1.000  phase=0.000
     3.1: kPhi -0.038561 -> -0.038561  n=1.000  phase=0.000
     4.1: kPhi 0.025223 -> 0.025223  n=1.000  phase=0.000
     5.1: kPhi -0.066886 -> -0.066886  n=1.000  phase=0.000
     6.1: kPhi 0.041635 -> 0.041635  n=1.000  phase=0.000
  center bond (6, 13): objective 1.405978 -> 1.405978  global RMSE 0.591560 -> 0.591560  (rejected, iterations=1)
     1.1: kPhi 0.025915 -> 0.025915  n=1.000  phase=0.000
     2.1: kPhi 0.033746 -> 0.033746  n=1.000  phase=0.000
     3.1: kPhi -0.064350 -> -0.064350  n=1.000  phase=0.000
     4.1: kPhi -0.027205 -> -0.027205  n=1.000  phase=0.000
     5.1: kPhi -0.031712 -> -0.031712  n=1.000  phase=0.000
     6.1: kPhi 0.063742 -> 0.063742  n=1.000  phase=0.000
  center bond (8, 15): objective 1.405978 -> 1.405953  global RMSE 0.591560 -> 0.591539  (accepted, iterations=1)
     1.1: kPhi 0.337873 -> 0.338129  n=2.000  phase=180.000
     2.1: kPhi 0.712880 -> 0.710816  n=2.000  phase=180.000
     3.1: kPhi 0.753998 -> 0.755179  n=2.000  phase=180.000
     4.1: kPhi 1.215180 -> 1.215901  n=2.000  phase=180.000
  center bond (18, 20): objective 1.405953 -> 1.405946  global RMSE 0.591539 -> 0.591523  (accepted, iterations=1)
     1.1: kPhi 1.411660 -> 1.412601  n=2.000  phase=180.000
     2.1: kPhi 1.278278 -> 1.277268  n=2.000  phase=180.000
     3.1: kPhi 0.638593 -> 0.638597  n=2.000  phase=180.000
     4.1: kPhi 0.617233 -> 0.617254  n=2.000  phase=180.000
  per-scan RMSE:
    (3, 14): 0.250762 -> 0.250761
    (6, 13): 0.396711 -> 0.396710
    (8, 15): 0.647245 -> 0.647203
    (18, 20): 0.872117 -> 0.872048

cycle 152: accepted=2 rejected=2  objective 1.405946 -> 1.405914  global RMSE 0.591523 -> 0.591487
  center bond (3, 14): objective 1.405946 -> 1.405946  global RMSE 0.591523 -> 0.591523  (rejected, iterations=1)
     1.1: kPhi -0.024021 -> -0.024021  n=1.000  phase=0.000
     2.1: kPhi 0.062585 -> 0.062585  n=1.000  phase=0.000
     3.1: kPhi -0.038561 -> -0.038561  n=1.000  phase=0.000
     4.1: kPhi 0.025223 -> 0.025223  n=1.000  phase=0.000
     5.1: kPhi -0.066886 -> -0.066886  n=1.000  phase=0.000
     6.1: kPhi 0.041635 -> 0.041635  n=1.000  phase=0.000
  center bond (6, 13): objective 1.405946 -> 1.405946  global RMSE 0.591523 -> 0.591523  (rejected, iterations=1)
     1.1: kPhi 0.025915 -> 0.025915  n=1.000  phase=0.000
     2.1: kPhi 0.033746 -> 0.033746  n=1.000  phase=0.000
     3.1: kPhi -0.064350 -> -0.064350  n=1.000  phase=0.000
     4.1: kPhi -0.027205 -> -0.027205  n=1.000  phase=0.000
     5.1: kPhi -0.031712 -> -0.031712  n=1.000  phase=0.000
     6.1: kPhi 0.063742 -> 0.063742  n=1.000  phase=0.000
  center bond (8, 15): objective 1.405946 -> 1.405921  global RMSE 0.591523 -> 0.591502  (accepted, iterations=1)
     1.1: kPhi 0.338129 -> 0.338383  n=2.000  phase=180.000
     2.1: kPhi 0.710816 -> 0.708773  n=2.000  phase=180.000
     3.1: kPhi 0.755179 -> 0.756348  n=2.000  phase=180.000
     4.1: kPhi 1.215901 -> 1.216615  n=2.000  phase=180.000
  center bond (18, 20): objective 1.405921 -> 1.405914  global RMSE 0.591502 -> 0.591487  (accepted, iterations=1)
     1.1: kPhi 1.412601 -> 1.413531  n=2.000  phase=180.000
     2.1: kPhi 1.277268 -> 1.276271  n=2.000  phase=180.000
     3.1: kPhi 0.638597 -> 0.638601  n=2.000  phase=180.000
     4.1: kPhi 0.617254 -> 0.617273  n=2.000  phase=180.000
  per-scan RMSE:
    (3, 14): 0.250761 -> 0.250761
    (6, 13): 0.396710 -> 0.396710
    (8, 15): 0.647203 -> 0.647161
    (18, 20): 0.872048 -> 0.871980

cycle 153: accepted=2 rejected=2  objective 1.405914 -> 1.405884  global RMSE 0.591487 -> 0.591451
  center bond (3, 14): objective 1.405914 -> 1.405914  global RMSE 0.591487 -> 0.591487  (rejected, iterations=1)
     1.1: kPhi -0.024021 -> -0.024021  n=1.000  phase=0.000
     2.1: kPhi 0.062585 -> 0.062585  n=1.000  phase=0.000
     3.1: kPhi -0.038561 -> -0.038561  n=1.000  phase=0.000
     4.1: kPhi 0.025223 -> 0.025223  n=1.000  phase=0.000
     5.1: kPhi -0.066886 -> -0.066886  n=1.000  phase=0.000
     6.1: kPhi 0.041635 -> 0.041635  n=1.000  phase=0.000
  center bond (6, 13): objective 1.405914 -> 1.405914  global RMSE 0.591487 -> 0.591487  (rejected, iterations=1)
     1.1: kPhi 0.025915 -> 0.025915  n=1.000  phase=0.000
     2.1: kPhi 0.033746 -> 0.033746  n=1.000  phase=0.000
     3.1: kPhi -0.064350 -> -0.064350  n=1.000  phase=0.000
     4.1: kPhi -0.027205 -> -0.027205  n=1.000  phase=0.000
     5.1: kPhi -0.031712 -> -0.031712  n=1.000  phase=0.000
     6.1: kPhi 0.063742 -> 0.063742  n=1.000  phase=0.000
  center bond (8, 15): objective 1.405914 -> 1.405890  global RMSE 0.591487 -> 0.591466  (accepted, iterations=1)
     1.1: kPhi 0.338383 -> 0.338633  n=2.000  phase=180.000
     2.1: kPhi 0.708773 -> 0.706751  n=2.000  phase=180.000
     3.1: kPhi 0.756348 -> 0.757505  n=2.000  phase=180.000
     4.1: kPhi 1.216615 -> 1.217323  n=2.000  phase=180.000
  center bond (18, 20): objective 1.405890 -> 1.405884  global RMSE 0.591466 -> 0.591451  (accepted, iterations=1)
     1.1: kPhi 1.413531 -> 1.414449  n=2.000  phase=180.000
     2.1: kPhi 1.276271 -> 1.275286  n=2.000  phase=180.000
     3.1: kPhi 0.638601 -> 0.638604  n=2.000  phase=180.000
     4.1: kPhi 0.617273 -> 0.617293  n=2.000  phase=180.000
  per-scan RMSE:
    (3, 14): 0.250761 -> 0.250760
    (6, 13): 0.396710 -> 0.396710
    (8, 15): 0.647161 -> 0.647120
    (18, 20): 0.871980 -> 0.871913

cycle 154: accepted=2 rejected=2  objective 1.405884 -> 1.405854  global RMSE 0.591451 -> 0.591415
  center bond (3, 14): objective 1.405884 -> 1.405884  global RMSE 0.591451 -> 0.591451  (rejected, iterations=1)
     1.1: kPhi -0.024021 -> -0.024021  n=1.000  phase=0.000
     2.1: kPhi 0.062585 -> 0.062585  n=1.000  phase=0.000
     3.1: kPhi -0.038561 -> -0.038561  n=1.000  phase=0.000
     4.1: kPhi 0.025223 -> 0.025223  n=1.000  phase=0.000
     5.1: kPhi -0.066886 -> -0.066886  n=1.000  phase=0.000
     6.1: kPhi 0.041635 -> 0.041635  n=1.000  phase=0.000
  center bond (6, 13): objective 1.405884 -> 1.405884  global RMSE 0.591451 -> 0.591451  (rejected, iterations=1)
     1.1: kPhi 0.025915 -> 0.025915  n=1.000  phase=0.000
     2.1: kPhi 0.033746 -> 0.033746  n=1.000  phase=0.000
     3.1: kPhi -0.064350 -> -0.064350  n=1.000  phase=0.000
     4.1: kPhi -0.027205 -> -0.027205  n=1.000  phase=0.000
     5.1: kPhi -0.031712 -> -0.031712  n=1.000  phase=0.000
     6.1: kPhi 0.063742 -> 0.063742  n=1.000  phase=0.000
  center bond (8, 15): objective 1.405884 -> 1.405860  global RMSE 0.591451 -> 0.591430  (accepted, iterations=1)
     1.1: kPhi 0.338633 -> 0.338880  n=2.000  phase=180.000
     2.1: kPhi 0.706751 -> 0.704749  n=2.000  phase=180.000
     3.1: kPhi 0.757505 -> 0.758649  n=2.000  phase=180.000
     4.1: kPhi 1.217323 -> 1.218025  n=2.000  phase=180.000
  center bond (18, 20): objective 1.405860 -> 1.405854  global RMSE 0.591430 -> 0.591415  (accepted, iterations=1)
     1.1: kPhi 1.414449 -> 1.415356  n=2.000  phase=180.000
     2.1: kPhi 1.275286 -> 1.274313  n=2.000  phase=180.000
     3.1: kPhi 0.638604 -> 0.638608  n=2.000  phase=180.000
     4.1: kPhi 0.617293 -> 0.617312  n=2.000  phase=180.000
  per-scan RMSE:
    (3, 14): 0.250760 -> 0.250759
    (6, 13): 0.396710 -> 0.396709
    (8, 15): 0.647120 -> 0.647079
    (18, 20): 0.871913 -> 0.871847

cycle 155: accepted=2 rejected=2  objective 1.405854 -> 1.405824  global RMSE 0.591415 -> 0.591380
  center bond (3, 14): objective 1.405854 -> 1.405854  global RMSE 0.591415 -> 0.591415  (rejected, iterations=1)
     1.1: kPhi -0.024021 -> -0.024021  n=1.000  phase=0.000
     2.1: kPhi 0.062585 -> 0.062585  n=1.000  phase=0.000
     3.1: kPhi -0.038561 -> -0.038561  n=1.000  phase=0.000
     4.1: kPhi 0.025223 -> 0.025223  n=1.000  phase=0.000
     5.1: kPhi -0.066886 -> -0.066886  n=1.000  phase=0.000
     6.1: kPhi 0.041635 -> 0.041635  n=1.000  phase=0.000
  center bond (6, 13): objective 1.405854 -> 1.405854  global RMSE 0.591415 -> 0.591415  (rejected, iterations=1)
     1.1: kPhi 0.025915 -> 0.025915  n=1.000  phase=0.000
     2.1: kPhi 0.033746 -> 0.033746  n=1.000  phase=0.000
     3.1: kPhi -0.064350 -> -0.064350  n=1.000  phase=0.000
     4.1: kPhi -0.027205 -> -0.027205  n=1.000  phase=0.000
     5.1: kPhi -0.031712 -> -0.031712  n=1.000  phase=0.000
     6.1: kPhi 0.063742 -> 0.063742  n=1.000  phase=0.000
  center bond (8, 15): objective 1.405854 -> 1.405831  global RMSE 0.591415 -> 0.591395  (accepted, iterations=1)
     1.1: kPhi 0.338880 -> 0.339124  n=2.000  phase=180.000
     2.1: kPhi 0.704749 -> 0.702768  n=2.000  phase=180.000
     3.1: kPhi 0.758649 -> 0.759781  n=2.000  phase=180.000
     4.1: kPhi 1.218025 -> 1.218720  n=2.000  phase=180.000
  center bond (18, 20): objective 1.405831 -> 1.405824  global RMSE 0.591395 -> 0.591380  (accepted, iterations=1)
     1.1: kPhi 1.415356 -> 1.416251  n=2.000  phase=180.000
     2.1: kPhi 1.274313 -> 1.273353  n=2.000  phase=180.000
     3.1: kPhi 0.638608 -> 0.638612  n=2.000  phase=180.000
     4.1: kPhi 0.617312 -> 0.617331  n=2.000  phase=180.000
  per-scan RMSE:
    (3, 14): 0.250759 -> 0.250759
    (6, 13): 0.396709 -> 0.396709
    (8, 15): 0.647079 -> 0.647039
    (18, 20): 0.871847 -> 0.871781

cycle 156: accepted=2 rejected=2  objective 1.405824 -> 1.405796  global RMSE 0.591380 -> 0.591345
  center bond (3, 14): objective 1.405824 -> 1.405824  global RMSE 0.591380 -> 0.591380  (rejected, iterations=1)
     1.1: kPhi -0.024021 -> -0.024021  n=1.000  phase=0.000
     2.1: kPhi 0.062585 -> 0.062585  n=1.000  phase=0.000
     3.1: kPhi -0.038561 -> -0.038561  n=1.000  phase=0.000
     4.1: kPhi 0.025223 -> 0.025223  n=1.000  phase=0.000
     5.1: kPhi -0.066886 -> -0.066886  n=1.000  phase=0.000
     6.1: kPhi 0.041635 -> 0.041635  n=1.000  phase=0.000
  center bond (6, 13): objective 1.405824 -> 1.405824  global RMSE 0.591380 -> 0.591380  (rejected, iterations=1)
     1.1: kPhi 0.025915 -> 0.025915  n=1.000  phase=0.000
     2.1: kPhi 0.033746 -> 0.033746  n=1.000  phase=0.000
     3.1: kPhi -0.064350 -> -0.064350  n=1.000  phase=0.000
     4.1: kPhi -0.027205 -> -0.027205  n=1.000  phase=0.000
     5.1: kPhi -0.031712 -> -0.031712  n=1.000  phase=0.000
     6.1: kPhi 0.063742 -> 0.063742  n=1.000  phase=0.000
  center bond (8, 15): objective 1.405824 -> 1.405802  global RMSE 0.591380 -> 0.591360  (accepted, iterations=1)
     1.1: kPhi 0.339124 -> 0.339364  n=2.000  phase=180.000
     2.1: kPhi 0.702768 -> 0.700807  n=2.000  phase=180.000
     3.1: kPhi 0.759781 -> 0.760902  n=2.000  phase=180.000
     4.1: kPhi 1.218720 -> 1.219410  n=2.000  phase=180.000
  center bond (18, 20): objective 1.405802 -> 1.405796  global RMSE 0.591360 -> 0.591345  (accepted, iterations=1)
     1.1: kPhi 1.416251 -> 1.417135  n=2.000  phase=180.000
     2.1: kPhi 1.273353 -> 1.272404  n=2.000  phase=180.000
     3.1: kPhi 0.638612 -> 0.638615  n=2.000  phase=180.000
     4.1: kPhi 0.617331 -> 0.617350  n=2.000  phase=180.000
  per-scan RMSE:
    (3, 14): 0.250759 -> 0.250758
    (6, 13): 0.396709 -> 0.396709
    (8, 15): 0.647039 -> 0.646999
    (18, 20): 0.871781 -> 0.871717

cycle 157: accepted=2 rejected=2  objective 1.405796 -> 1.405768  global RMSE 0.591345 -> 0.591310
  center bond (3, 14): objective 1.405796 -> 1.405796  global RMSE 0.591345 -> 0.591345  (rejected, iterations=1)
     1.1: kPhi -0.024021 -> -0.024021  n=1.000  phase=0.000
     2.1: kPhi 0.062585 -> 0.062585  n=1.000  phase=0.000
     3.1: kPhi -0.038561 -> -0.038561  n=1.000  phase=0.000
     4.1: kPhi 0.025223 -> 0.025223  n=1.000  phase=0.000
     5.1: kPhi -0.066886 -> -0.066886  n=1.000  phase=0.000
     6.1: kPhi 0.041635 -> 0.041635  n=1.000  phase=0.000
  center bond (6, 13): objective 1.405796 -> 1.405796  global RMSE 0.591345 -> 0.591345  (rejected, iterations=1)
     1.1: kPhi 0.025915 -> 0.025915  n=1.000  phase=0.000
     2.1: kPhi 0.033746 -> 0.033746  n=1.000  phase=0.000
     3.1: kPhi -0.064350 -> -0.064350  n=1.000  phase=0.000
     4.1: kPhi -0.027205 -> -0.027205  n=1.000  phase=0.000
     5.1: kPhi -0.031712 -> -0.031712  n=1.000  phase=0.000
     6.1: kPhi 0.063742 -> 0.063742  n=1.000  phase=0.000
  center bond (8, 15): objective 1.405796 -> 1.405774  global RMSE 0.591345 -> 0.591325  (accepted, iterations=1)
     1.1: kPhi 0.339364 -> 0.339602  n=2.000  phase=180.000
     2.1: kPhi 0.700807 -> 0.698866  n=2.000  phase=180.000
     3.1: kPhi 0.760902 -> 0.762010  n=2.000  phase=180.000
     4.1: kPhi 1.219410 -> 1.220093  n=2.000  phase=180.000
  center bond (18, 20): objective 1.405774 -> 1.405768  global RMSE 0.591325 -> 0.591310  (accepted, iterations=1)
     1.1: kPhi 1.417135 -> 1.418008  n=2.000  phase=180.000
     2.1: kPhi 1.272404 -> 1.271467  n=2.000  phase=180.000
     3.1: kPhi 0.638615 -> 0.638619  n=2.000  phase=180.000
     4.1: kPhi 0.617350 -> 0.617369  n=2.000  phase=180.000
  per-scan RMSE:
    (3, 14): 0.250758 -> 0.250758
    (6, 13): 0.396709 -> 0.396708
    (8, 15): 0.646999 -> 0.646960
    (18, 20): 0.871717 -> 0.871653

cycle 158: accepted=2 rejected=2  objective 1.405768 -> 1.405740  global RMSE 0.591310 -> 0.591276
  center bond (3, 14): objective 1.405768 -> 1.405768  global RMSE 0.591310 -> 0.591310  (rejected, iterations=1)
     1.1: kPhi -0.024021 -> -0.024021  n=1.000  phase=0.000
     2.1: kPhi 0.062585 -> 0.062585  n=1.000  phase=0.000
     3.1: kPhi -0.038561 -> -0.038561  n=1.000  phase=0.000
     4.1: kPhi 0.025223 -> 0.025223  n=1.000  phase=0.000
     5.1: kPhi -0.066886 -> -0.066886  n=1.000  phase=0.000
     6.1: kPhi 0.041635 -> 0.041635  n=1.000  phase=0.000
  center bond (6, 13): objective 1.405768 -> 1.405768  global RMSE 0.591310 -> 0.591310  (rejected, iterations=1)
     1.1: kPhi 0.025915 -> 0.025915  n=1.000  phase=0.000
     2.1: kPhi 0.033746 -> 0.033746  n=1.000  phase=0.000
     3.1: kPhi -0.064350 -> -0.064350  n=1.000  phase=0.000
     4.1: kPhi -0.027205 -> -0.027205  n=1.000  phase=0.000
     5.1: kPhi -0.031712 -> -0.031712  n=1.000  phase=0.000
     6.1: kPhi 0.063742 -> 0.063742  n=1.000  phase=0.000
  center bond (8, 15): objective 1.405768 -> 1.405746  global RMSE 0.591310 -> 0.591291  (accepted, iterations=1)
     1.1: kPhi 0.339602 -> 0.339837  n=2.000  phase=180.000
     2.1: kPhi 0.698866 -> 0.696945  n=2.000  phase=180.000
     3.1: kPhi 0.762010 -> 0.763107  n=2.000  phase=180.000
     4.1: kPhi 1.220093 -> 1.220770  n=2.000  phase=180.000
  center bond (18, 20): objective 1.405746 -> 1.405740  global RMSE 0.591291 -> 0.591276  (accepted, iterations=1)
     1.1: kPhi 1.418008 -> 1.418871  n=2.000  phase=180.000
     2.1: kPhi 1.271467 -> 1.270542  n=2.000  phase=180.000
     3.1: kPhi 0.638619 -> 0.638622  n=2.000  phase=180.000
     4.1: kPhi 0.617369 -> 0.617387  n=2.000  phase=180.000
  per-scan RMSE:
    (3, 14): 0.250758 -> 0.250757
    (6, 13): 0.396708 -> 0.396708
    (8, 15): 0.646960 -> 0.646921
    (18, 20): 0.871653 -> 0.871589

cycle 159: accepted=2 rejected=2  objective 1.405740 -> 1.405713  global RMSE 0.591276 -> 0.591243
  center bond (3, 14): objective 1.405740 -> 1.405740  global RMSE 0.591276 -> 0.591276  (rejected, iterations=1)
     1.1: kPhi -0.024021 -> -0.024021  n=1.000  phase=0.000
     2.1: kPhi 0.062585 -> 0.062585  n=1.000  phase=0.000
     3.1: kPhi -0.038561 -> -0.038561  n=1.000  phase=0.000
     4.1: kPhi 0.025223 -> 0.025223  n=1.000  phase=0.000
     5.1: kPhi -0.066886 -> -0.066886  n=1.000  phase=0.000
     6.1: kPhi 0.041635 -> 0.041635  n=1.000  phase=0.000
  center bond (6, 13): objective 1.405740 -> 1.405740  global RMSE 0.591276 -> 0.591276  (rejected, iterations=1)
     1.1: kPhi 0.025915 -> 0.025915  n=1.000  phase=0.000
     2.1: kPhi 0.033746 -> 0.033746  n=1.000  phase=0.000
     3.1: kPhi -0.064350 -> -0.064350  n=1.000  phase=0.000
     4.1: kPhi -0.027205 -> -0.027205  n=1.000  phase=0.000
     5.1: kPhi -0.031712 -> -0.031712  n=1.000  phase=0.000
     6.1: kPhi 0.063742 -> 0.063742  n=1.000  phase=0.000
  center bond (8, 15): objective 1.405740 -> 1.405719  global RMSE 0.591276 -> 0.591257  (accepted, iterations=1)
     1.1: kPhi 0.339837 -> 0.340069  n=2.000  phase=180.000
     2.1: kPhi 0.696945 -> 0.695043  n=2.000  phase=180.000
     3.1: kPhi 0.763107 -> 0.764192  n=2.000  phase=180.000
     4.1: kPhi 1.220770 -> 1.221442  n=2.000  phase=180.000
  center bond (18, 20): objective 1.405719 -> 1.405713  global RMSE 0.591257 -> 0.591243  (accepted, iterations=1)
     1.1: kPhi 1.418871 -> 1.419722  n=2.000  phase=180.000
     2.1: kPhi 1.270542 -> 1.269629  n=2.000  phase=180.000
     3.1: kPhi 0.638622 -> 0.638626  n=2.000  phase=180.000
     4.1: kPhi 0.617387 -> 0.617405  n=2.000  phase=180.000
  per-scan RMSE:
    (3, 14): 0.250757 -> 0.250757
    (6, 13): 0.396708 -> 0.396708
    (8, 15): 0.646921 -> 0.646882
    (18, 20): 0.871589 -> 0.871527

cycle 160: accepted=2 rejected=2  objective 1.405713 -> 1.405687  global RMSE 0.591243 -> 0.591209
  center bond (3, 14): objective 1.405713 -> 1.405713  global RMSE 0.591243 -> 0.591243  (rejected, iterations=1)
     1.1: kPhi -0.024021 -> -0.024021  n=1.000  phase=0.000
     2.1: kPhi 0.062585 -> 0.062585  n=1.000  phase=0.000
     3.1: kPhi -0.038561 -> -0.038561  n=1.000  phase=0.000
     4.1: kPhi 0.025223 -> 0.025223  n=1.000  phase=0.000
     5.1: kPhi -0.066886 -> -0.066886  n=1.000  phase=0.000
     6.1: kPhi 0.041635 -> 0.041635  n=1.000  phase=0.000
  center bond (6, 13): objective 1.405713 -> 1.405713  global RMSE 0.591243 -> 0.591243  (rejected, iterations=1)
     1.1: kPhi 0.025915 -> 0.025915  n=1.000  phase=0.000
     2.1: kPhi 0.033746 -> 0.033746  n=1.000  phase=0.000
     3.1: kPhi -0.064350 -> -0.064350  n=1.000  phase=0.000
     4.1: kPhi -0.027205 -> -0.027205  n=1.000  phase=0.000
     5.1: kPhi -0.031712 -> -0.031712  n=1.000  phase=0.000
     6.1: kPhi 0.063742 -> 0.063742  n=1.000  phase=0.000
  center bond (8, 15): objective 1.405713 -> 1.405692  global RMSE 0.591243 -> 0.591223  (accepted, iterations=1)
     1.1: kPhi 0.340069 -> 0.340299  n=2.000  phase=180.000
     2.1: kPhi 0.695043 -> 0.693161  n=2.000  phase=180.000
     3.1: kPhi 0.764192 -> 0.765266  n=2.000  phase=180.000
     4.1: kPhi 1.221442 -> 1.222107  n=2.000  phase=180.000
  center bond (18, 20): objective 1.405692 -> 1.405687  global RMSE 0.591223 -> 0.591209  (accepted, iterations=1)
     1.1: kPhi 1.419722 -> 1.420563  n=2.000  phase=180.000
     2.1: kPhi 1.269629 -> 1.268727  n=2.000  phase=180.000
     3.1: kPhi 0.638626 -> 0.638629  n=2.000  phase=180.000
     4.1: kPhi 0.617405 -> 0.617423  n=2.000  phase=180.000
  per-scan RMSE:
    (3, 14): 0.250757 -> 0.250756
    (6, 13): 0.396708 -> 0.396707
    (8, 15): 0.646882 -> 0.646844
    (18, 20): 0.871527 -> 0.871465

cycle 161: accepted=2 rejected=2  objective 1.405687 -> 1.405661  global RMSE 0.591209 -> 0.591176
  center bond (3, 14): objective 1.405687 -> 1.405687  global RMSE 0.591209 -> 0.591209  (rejected, iterations=1)
     1.1: kPhi -0.024021 -> -0.024021  n=1.000  phase=0.000
     2.1: kPhi 0.062585 -> 0.062585  n=1.000  phase=0.000
     3.1: kPhi -0.038561 -> -0.038561  n=1.000  phase=0.000
     4.1: kPhi 0.025223 -> 0.025223  n=1.000  phase=0.000
     5.1: kPhi -0.066886 -> -0.066886  n=1.000  phase=0.000
     6.1: kPhi 0.041635 -> 0.041635  n=1.000  phase=0.000
  center bond (6, 13): objective 1.405687 -> 1.405687  global RMSE 0.591209 -> 0.591209  (rejected, iterations=1)
     1.1: kPhi 0.025915 -> 0.025915  n=1.000  phase=0.000
     2.1: kPhi 0.033746 -> 0.033746  n=1.000  phase=0.000
     3.1: kPhi -0.064350 -> -0.064350  n=1.000  phase=0.000
     4.1: kPhi -0.027205 -> -0.027205  n=1.000  phase=0.000
     5.1: kPhi -0.031712 -> -0.031712  n=1.000  phase=0.000
     6.1: kPhi 0.063742 -> 0.063742  n=1.000  phase=0.000
  center bond (8, 15): objective 1.405687 -> 1.405666  global RMSE 0.591209 -> 0.591190  (accepted, iterations=1)
     1.1: kPhi 0.340299 -> 0.340525  n=2.000  phase=180.000
     2.1: kPhi 0.693161 -> 0.691298  n=2.000  phase=180.000
     3.1: kPhi 0.765266 -> 0.766328  n=2.000  phase=180.000
     4.1: kPhi 1.222107 -> 1.222766  n=2.000  phase=180.000
  center bond (18, 20): objective 1.405666 -> 1.405661  global RMSE 0.591190 -> 0.591176  (accepted, iterations=1)
     1.1: kPhi 1.420563 -> 1.421394  n=2.000  phase=180.000
     2.1: kPhi 1.268727 -> 1.267836  n=2.000  phase=180.000
     3.1: kPhi 0.638629 -> 0.638633  n=2.000  phase=180.000
     4.1: kPhi 0.617423 -> 0.617441  n=2.000  phase=180.000
  per-scan RMSE:
    (3, 14): 0.250756 -> 0.250756
    (6, 13): 0.396707 -> 0.396707
    (8, 15): 0.646844 -> 0.646806
    (18, 20): 0.871465 -> 0.871403

cycle 162: accepted=2 rejected=2  objective 1.405661 -> 1.405636  global RMSE 0.591176 -> 0.591144
  center bond (3, 14): objective 1.405661 -> 1.405661  global RMSE 0.591176 -> 0.591176  (rejected, iterations=1)
     1.1: kPhi -0.024021 -> -0.024021  n=1.000  phase=0.000
     2.1: kPhi 0.062585 -> 0.062585  n=1.000  phase=0.000
     3.1: kPhi -0.038561 -> -0.038561  n=1.000  phase=0.000
     4.1: kPhi 0.025223 -> 0.025223  n=1.000  phase=0.000
     5.1: kPhi -0.066886 -> -0.066886  n=1.000  phase=0.000
     6.1: kPhi 0.041635 -> 0.041635  n=1.000  phase=0.000
  center bond (6, 13): objective 1.405661 -> 1.405661  global RMSE 0.591176 -> 0.591176  (rejected, iterations=1)
     1.1: kPhi 0.025915 -> 0.025915  n=1.000  phase=0.000
     2.1: kPhi 0.033746 -> 0.033746  n=1.000  phase=0.000
     3.1: kPhi -0.064350 -> -0.064350  n=1.000  phase=0.000
     4.1: kPhi -0.027205 -> -0.027205  n=1.000  phase=0.000
     5.1: kPhi -0.031712 -> -0.031712  n=1.000  phase=0.000
     6.1: kPhi 0.063742 -> 0.063742  n=1.000  phase=0.000
  center bond (8, 15): objective 1.405661 -> 1.405641  global RMSE 0.591176 -> 0.591157  (accepted, iterations=1)
     1.1: kPhi 0.340525 -> 0.340749  n=2.000  phase=180.000
     2.1: kPhi 0.691298 -> 0.689453  n=2.000  phase=180.000
     3.1: kPhi 0.766328 -> 0.767380  n=2.000  phase=180.000
     4.1: kPhi 1.222766 -> 1.223419  n=2.000  phase=180.000
  center bond (18, 20): objective 1.405641 -> 1.405636  global RMSE 0.591157 -> 0.591144  (accepted, iterations=1)
     1.1: kPhi 1.421394 -> 1.422214  n=2.000  phase=180.000
     2.1: kPhi 1.267836 -> 1.266956  n=2.000  phase=180.000
     3.1: kPhi 0.638633 -> 0.638636  n=2.000  phase=180.000
     4.1: kPhi 0.617441 -> 0.617458  n=2.000  phase=180.000
  per-scan RMSE:
    (3, 14): 0.250756 -> 0.250755
    (6, 13): 0.396707 -> 0.396707
    (8, 15): 0.646806 -> 0.646769
    (18, 20): 0.871403 -> 0.871343

cycle 163: accepted=2 rejected=2  objective 1.405636 -> 1.405611  global RMSE 0.591144 -> 0.591111
  center bond (3, 14): objective 1.405636 -> 1.405636  global RMSE 0.591144 -> 0.591144  (rejected, iterations=1)
     1.1: kPhi -0.024021 -> -0.024021  n=1.000  phase=0.000
     2.1: kPhi 0.062585 -> 0.062585  n=1.000  phase=0.000
     3.1: kPhi -0.038561 -> -0.038561  n=1.000  phase=0.000
     4.1: kPhi 0.025223 -> 0.025223  n=1.000  phase=0.000
     5.1: kPhi -0.066886 -> -0.066886  n=1.000  phase=0.000
     6.1: kPhi 0.041635 -> 0.041635  n=1.000  phase=0.000
  center bond (6, 13): objective 1.405636 -> 1.405636  global RMSE 0.591144 -> 0.591144  (rejected, iterations=1)
     1.1: kPhi 0.025915 -> 0.025915  n=1.000  phase=0.000
     2.1: kPhi 0.033746 -> 0.033746  n=1.000  phase=0.000
     3.1: kPhi -0.064350 -> -0.064350  n=1.000  phase=0.000
     4.1: kPhi -0.027205 -> -0.027205  n=1.000  phase=0.000
     5.1: kPhi -0.031712 -> -0.031712  n=1.000  phase=0.000
     6.1: kPhi 0.063742 -> 0.063742  n=1.000  phase=0.000
  center bond (8, 15): objective 1.405636 -> 1.405616  global RMSE 0.591144 -> 0.591125  (accepted, iterations=1)
     1.1: kPhi 0.340749 -> 0.340970  n=2.000  phase=180.000
     2.1: kPhi 0.689453 -> 0.687628  n=2.000  phase=180.000
     3.1: kPhi 0.767380 -> 0.768420  n=2.000  phase=180.000
     4.1: kPhi 1.223419 -> 1.224067  n=2.000  phase=180.000
  center bond (18, 20): objective 1.405616 -> 1.405611  global RMSE 0.591125 -> 0.591111  (accepted, iterations=1)
     1.1: kPhi 1.422214 -> 1.423024  n=2.000  phase=180.000
     2.1: kPhi 1.266956 -> 1.266088  n=2.000  phase=180.000
     3.1: kPhi 0.638636 -> 0.638639  n=2.000  phase=180.000
     4.1: kPhi 0.617458 -> 0.617475  n=2.000  phase=180.000
  per-scan RMSE:
    (3, 14): 0.250755 -> 0.250755
    (6, 13): 0.396707 -> 0.396706
    (8, 15): 0.646769 -> 0.646732
    (18, 20): 0.871343 -> 0.871283

cycle 164: accepted=2 rejected=2  objective 1.405611 -> 1.405587  global RMSE 0.591111 -> 0.591079
  center bond (3, 14): objective 1.405611 -> 1.405611  global RMSE 0.591111 -> 0.591111  (rejected, iterations=1)
     1.1: kPhi -0.024021 -> -0.024021  n=1.000  phase=0.000
     2.1: kPhi 0.062585 -> 0.062585  n=1.000  phase=0.000
     3.1: kPhi -0.038561 -> -0.038561  n=1.000  phase=0.000
     4.1: kPhi 0.025223 -> 0.025223  n=1.000  phase=0.000
     5.1: kPhi -0.066886 -> -0.066886  n=1.000  phase=0.000
     6.1: kPhi 0.041635 -> 0.041635  n=1.000  phase=0.000
  center bond (6, 13): objective 1.405611 -> 1.405611  global RMSE 0.591111 -> 0.591111  (rejected, iterations=1)
     1.1: kPhi 0.025915 -> 0.025915  n=1.000  phase=0.000
     2.1: kPhi 0.033746 -> 0.033746  n=1.000  phase=0.000
     3.1: kPhi -0.064350 -> -0.064350  n=1.000  phase=0.000
     4.1: kPhi -0.027205 -> -0.027205  n=1.000  phase=0.000
     5.1: kPhi -0.031712 -> -0.031712  n=1.000  phase=0.000
     6.1: kPhi 0.063742 -> 0.063742  n=1.000  phase=0.000
  center bond (8, 15): objective 1.405611 -> 1.405592  global RMSE 0.591111 -> 0.591093  (accepted, iterations=1)
     1.1: kPhi 0.340970 -> 0.341188  n=2.000  phase=180.000
     2.1: kPhi 0.687628 -> 0.685821  n=2.000  phase=180.000
     3.1: kPhi 0.768420 -> 0.769449  n=2.000  phase=180.000
     4.1: kPhi 1.224067 -> 1.224708  n=2.000  phase=180.000
  center bond (18, 20): objective 1.405592 -> 1.405587  global RMSE 0.591093 -> 0.591079  (accepted, iterations=1)
     1.1: kPhi 1.423024 -> 1.423824  n=2.000  phase=180.000
     2.1: kPhi 1.266088 -> 1.265230  n=2.000  phase=180.000
     3.1: kPhi 0.638639 -> 0.638642  n=2.000  phase=180.000
     4.1: kPhi 0.617475 -> 0.617492  n=2.000  phase=180.000
  per-scan RMSE:
    (3, 14): 0.250755 -> 0.250754
    (6, 13): 0.396706 -> 0.396706
    (8, 15): 0.646732 -> 0.646695
    (18, 20): 0.871283 -> 0.871224

cycle 165: accepted=2 rejected=2  objective 1.405587 -> 1.405563  global RMSE 0.591079 -> 0.591048
  center bond (3, 14): objective 1.405587 -> 1.405587  global RMSE 0.591079 -> 0.591079  (rejected, iterations=1)
     1.1: kPhi -0.024021 -> -0.024021  n=1.000  phase=0.000
     2.1: kPhi 0.062585 -> 0.062585  n=1.000  phase=0.000
     3.1: kPhi -0.038561 -> -0.038561  n=1.000  phase=0.000
     4.1: kPhi 0.025223 -> 0.025223  n=1.000  phase=0.000
     5.1: kPhi -0.066886 -> -0.066886  n=1.000  phase=0.000
     6.1: kPhi 0.041635 -> 0.041635  n=1.000  phase=0.000
  center bond (6, 13): objective 1.405587 -> 1.405587  global RMSE 0.591079 -> 0.591079  (rejected, iterations=1)
     1.1: kPhi 0.025915 -> 0.025915  n=1.000  phase=0.000
     2.1: kPhi 0.033746 -> 0.033746  n=1.000  phase=0.000
     3.1: kPhi -0.064350 -> -0.064350  n=1.000  phase=0.000
     4.1: kPhi -0.027205 -> -0.027205  n=1.000  phase=0.000
     5.1: kPhi -0.031712 -> -0.031712  n=1.000  phase=0.000
     6.1: kPhi 0.063742 -> 0.063742  n=1.000  phase=0.000
  center bond (8, 15): objective 1.405587 -> 1.405568  global RMSE 0.591079 -> 0.591061  (accepted, iterations=1)
     1.1: kPhi 0.341188 -> 0.341404  n=2.000  phase=180.000
     2.1: kPhi 0.685821 -> 0.684033  n=2.000  phase=180.000
     3.1: kPhi 0.769449 -> 0.770468  n=2.000  phase=180.000
     4.1: kPhi 1.224708 -> 1.225344  n=2.000  phase=180.000
  center bond (18, 20): objective 1.405568 -> 1.405563  global RMSE 0.591061 -> 0.591048  (accepted, iterations=1)
     1.1: kPhi 1.423824 -> 1.424614  n=2.000  phase=180.000
     2.1: kPhi 1.265230 -> 1.264382  n=2.000  phase=180.000
     3.1: kPhi 0.638642 -> 0.638645  n=2.000  phase=180.000
     4.1: kPhi 0.617492 -> 0.617509  n=2.000  phase=180.000
  per-scan RMSE:
    (3, 14): 0.250754 -> 0.250754
    (6, 13): 0.396706 -> 0.396706
    (8, 15): 0.646695 -> 0.646659
    (18, 20): 0.871224 -> 0.871166

cycle 166: accepted=2 rejected=2  objective 1.405563 -> 1.405540  global RMSE 0.591048 -> 0.591017
  center bond (3, 14): objective 1.405563 -> 1.405563  global RMSE 0.591048 -> 0.591048  (rejected, iterations=1)
     1.1: kPhi -0.024021 -> -0.024021  n=1.000  phase=0.000
     2.1: kPhi 0.062585 -> 0.062585  n=1.000  phase=0.000
     3.1: kPhi -0.038561 -> -0.038561  n=1.000  phase=0.000
     4.1: kPhi 0.025223 -> 0.025223  n=1.000  phase=0.000
     5.1: kPhi -0.066886 -> -0.066886  n=1.000  phase=0.000
     6.1: kPhi 0.041635 -> 0.041635  n=1.000  phase=0.000
  center bond (6, 13): objective 1.405563 -> 1.405563  global RMSE 0.591048 -> 0.591048  (rejected, iterations=1)
     1.1: kPhi 0.025915 -> 0.025915  n=1.000  phase=0.000
     2.1: kPhi 0.033746 -> 0.033746  n=1.000  phase=0.000
     3.1: kPhi -0.064350 -> -0.064350  n=1.000  phase=0.000
     4.1: kPhi -0.027205 -> -0.027205  n=1.000  phase=0.000
     5.1: kPhi -0.031712 -> -0.031712  n=1.000  phase=0.000
     6.1: kPhi 0.063742 -> 0.063742  n=1.000  phase=0.000
  center bond (8, 15): objective 1.405563 -> 1.405545  global RMSE 0.591048 -> 0.591030  (accepted, iterations=1)
     1.1: kPhi 0.341404 -> 0.341617  n=2.000  phase=180.000
     2.1: kPhi 0.684033 -> 0.682263  n=2.000  phase=180.000
     3.1: kPhi 0.770468 -> 0.771475  n=2.000  phase=180.000
     4.1: kPhi 1.225344 -> 1.225974  n=2.000  phase=180.000
  center bond (18, 20): objective 1.405545 -> 1.405540  global RMSE 0.591030 -> 0.591017  (accepted, iterations=1)
     1.1: kPhi 1.424614 -> 1.425394  n=2.000  phase=180.000
     2.1: kPhi 1.264382 -> 1.263546  n=2.000  phase=180.000
     3.1: kPhi 0.638645 -> 0.638648  n=2.000  phase=180.000
     4.1: kPhi 0.617509 -> 0.617526  n=2.000  phase=180.000
  per-scan RMSE:
    (3, 14): 0.250754 -> 0.250753
    (6, 13): 0.396706 -> 0.396706
    (8, 15): 0.646659 -> 0.646623
    (18, 20): 0.871166 -> 0.871108

cycle 167: accepted=2 rejected=2  objective 1.405540 -> 1.405517  global RMSE 0.591017 -> 0.590986
  center bond (3, 14): objective 1.405540 -> 1.405540  global RMSE 0.591017 -> 0.591017  (rejected, iterations=1)
     1.1: kPhi -0.024021 -> -0.024021  n=1.000  phase=0.000
     2.1: kPhi 0.062585 -> 0.062585  n=1.000  phase=0.000
     3.1: kPhi -0.038561 -> -0.038561  n=1.000  phase=0.000
     4.1: kPhi 0.025223 -> 0.025223  n=1.000  phase=0.000
     5.1: kPhi -0.066886 -> -0.066886  n=1.000  phase=0.000
     6.1: kPhi 0.041635 -> 0.041635  n=1.000  phase=0.000
  center bond (6, 13): objective 1.405540 -> 1.405540  global RMSE 0.591017 -> 0.591017  (rejected, iterations=1)
     1.1: kPhi 0.025915 -> 0.025915  n=1.000  phase=0.000
     2.1: kPhi 0.033746 -> 0.033746  n=1.000  phase=0.000
     3.1: kPhi -0.064350 -> -0.064350  n=1.000  phase=0.000
     4.1: kPhi -0.027205 -> -0.027205  n=1.000  phase=0.000
     5.1: kPhi -0.031712 -> -0.031712  n=1.000  phase=0.000
     6.1: kPhi 0.063742 -> 0.063742  n=1.000  phase=0.000
  center bond (8, 15): objective 1.405540 -> 1.405522  global RMSE 0.591017 -> 0.590999  (accepted, iterations=1)
     1.1: kPhi 0.341617 -> 0.341828  n=2.000  phase=180.000
     2.1: kPhi 0.682263 -> 0.680511  n=2.000  phase=180.000
     3.1: kPhi 0.771475 -> 0.772472  n=2.000  phase=180.000
     4.1: kPhi 1.225974 -> 1.226599  n=2.000  phase=180.000
  center bond (18, 20): objective 1.405522 -> 1.405517  global RMSE 0.590999 -> 0.590986  (accepted, iterations=1)
     1.1: kPhi 1.425394 -> 1.426164  n=2.000  phase=180.000
     2.1: kPhi 1.263546 -> 1.262720  n=2.000  phase=180.000
     3.1: kPhi 0.638648 -> 0.638651  n=2.000  phase=180.000
     4.1: kPhi 0.617526 -> 0.617542  n=2.000  phase=180.000
  per-scan RMSE:
    (3, 14): 0.250753 -> 0.250753
    (6, 13): 0.396706 -> 0.396705
    (8, 15): 0.646623 -> 0.646588
    (18, 20): 0.871108 -> 0.871051

cycle 168: accepted=2 rejected=2  objective 1.405517 -> 1.405495  global RMSE 0.590986 -> 0.590955
  center bond (3, 14): objective 1.405517 -> 1.405517  global RMSE 0.590986 -> 0.590986  (rejected, iterations=1)
     1.1: kPhi -0.024021 -> -0.024021  n=1.000  phase=0.000
     2.1: kPhi 0.062585 -> 0.062585  n=1.000  phase=0.000
     3.1: kPhi -0.038561 -> -0.038561  n=1.000  phase=0.000
     4.1: kPhi 0.025223 -> 0.025223  n=1.000  phase=0.000
     5.1: kPhi -0.066886 -> -0.066886  n=1.000  phase=0.000
     6.1: kPhi 0.041635 -> 0.041635  n=1.000  phase=0.000
  center bond (6, 13): objective 1.405517 -> 1.405517  global RMSE 0.590986 -> 0.590986  (rejected, iterations=1)
     1.1: kPhi 0.025915 -> 0.025915  n=1.000  phase=0.000
     2.1: kPhi 0.033746 -> 0.033746  n=1.000  phase=0.000
     3.1: kPhi -0.064350 -> -0.064350  n=1.000  phase=0.000
     4.1: kPhi -0.027205 -> -0.027205  n=1.000  phase=0.000
     5.1: kPhi -0.031712 -> -0.031712  n=1.000  phase=0.000
     6.1: kPhi 0.063742 -> 0.063742  n=1.000  phase=0.000
  center bond (8, 15): objective 1.405517 -> 1.405500  global RMSE 0.590986 -> 0.590968  (accepted, iterations=1)
     1.1: kPhi 0.341828 -> 0.342036  n=2.000  phase=180.000
     2.1: kPhi 0.680511 -> 0.678776  n=2.000  phase=180.000
     3.1: kPhi 0.772472 -> 0.773459  n=2.000  phase=180.000
     4.1: kPhi 1.226599 -> 1.227217  n=2.000  phase=180.000
  center bond (18, 20): objective 1.405500 -> 1.405495  global RMSE 0.590968 -> 0.590955  (accepted, iterations=1)
     1.1: kPhi 1.426164 -> 1.426925  n=2.000  phase=180.000
     2.1: kPhi 1.262720 -> 1.261904  n=2.000  phase=180.000
     3.1: kPhi 0.638651 -> 0.638654  n=2.000  phase=180.000
     4.1: kPhi 0.617542 -> 0.617558  n=2.000  phase=180.000
  per-scan RMSE:
    (3, 14): 0.250753 -> 0.250752
    (6, 13): 0.396705 -> 0.396705
    (8, 15): 0.646588 -> 0.646553
    (18, 20): 0.871051 -> 0.870994

cycle 169: accepted=2 rejected=2  objective 1.405495 -> 1.405473  global RMSE 0.590955 -> 0.590925
  center bond (3, 14): objective 1.405495 -> 1.405495  global RMSE 0.590955 -> 0.590955  (rejected, iterations=1)
     1.1: kPhi -0.024021 -> -0.024021  n=1.000  phase=0.000
     2.1: kPhi 0.062585 -> 0.062585  n=1.000  phase=0.000
     3.1: kPhi -0.038561 -> -0.038561  n=1.000  phase=0.000
     4.1: kPhi 0.025223 -> 0.025223  n=1.000  phase=0.000
     5.1: kPhi -0.066886 -> -0.066886  n=1.000  phase=0.000
     6.1: kPhi 0.041635 -> 0.041635  n=1.000  phase=0.000
  center bond (6, 13): objective 1.405495 -> 1.405495  global RMSE 0.590955 -> 0.590955  (rejected, iterations=1)
     1.1: kPhi 0.025915 -> 0.025915  n=1.000  phase=0.000
     2.1: kPhi 0.033746 -> 0.033746  n=1.000  phase=0.000
     3.1: kPhi -0.064350 -> -0.064350  n=1.000  phase=0.000
     4.1: kPhi -0.027205 -> -0.027205  n=1.000  phase=0.000
     5.1: kPhi -0.031712 -> -0.031712  n=1.000  phase=0.000
     6.1: kPhi 0.063742 -> 0.063742  n=1.000  phase=0.000
  center bond (8, 15): objective 1.405495 -> 1.405478  global RMSE 0.590955 -> 0.590938  (accepted, iterations=1)
     1.1: kPhi 0.342036 -> 0.342242  n=2.000  phase=180.000
     2.1: kPhi 0.678776 -> 0.677060  n=2.000  phase=180.000
     3.1: kPhi 0.773459 -> 0.774435  n=2.000  phase=180.000
     4.1: kPhi 1.227217 -> 1.227830  n=2.000  phase=180.000
  center bond (18, 20): objective 1.405478 -> 1.405473  global RMSE 0.590938 -> 0.590925  (accepted, iterations=1)
     1.1: kPhi 1.426925 -> 1.427676  n=2.000  phase=180.000
     2.1: kPhi 1.261904 -> 1.261098  n=2.000  phase=180.000
     3.1: kPhi 0.638654 -> 0.638657  n=2.000  phase=180.000
     4.1: kPhi 0.617558 -> 0.617574  n=2.000  phase=180.000
  per-scan RMSE:
    (3, 14): 0.250752 -> 0.250752
    (6, 13): 0.396705 -> 0.396705
    (8, 15): 0.646553 -> 0.646518
    (18, 20): 0.870994 -> 0.870938

cycle 170: accepted=2 rejected=2  objective 1.405473 -> 1.405452  global RMSE 0.590925 -> 0.590895
  center bond (3, 14): objective 1.405473 -> 1.405473  global RMSE 0.590925 -> 0.590925  (rejected, iterations=1)
     1.1: kPhi -0.024021 -> -0.024021  n=1.000  phase=0.000
     2.1: kPhi 0.062585 -> 0.062585  n=1.000  phase=0.000
     3.1: kPhi -0.038561 -> -0.038561  n=1.000  phase=0.000
     4.1: kPhi 0.025223 -> 0.025223  n=1.000  phase=0.000
     5.1: kPhi -0.066886 -> -0.066886  n=1.000  phase=0.000
     6.1: kPhi 0.041635 -> 0.041635  n=1.000  phase=0.000
  center bond (6, 13): objective 1.405473 -> 1.405473  global RMSE 0.590925 -> 0.590925  (rejected, iterations=1)
     1.1: kPhi 0.025915 -> 0.025915  n=1.000  phase=0.000
     2.1: kPhi 0.033746 -> 0.033746  n=1.000  phase=0.000
     3.1: kPhi -0.064350 -> -0.064350  n=1.000  phase=0.000
     4.1: kPhi -0.027205 -> -0.027205  n=1.000  phase=0.000
     5.1: kPhi -0.031712 -> -0.031712  n=1.000  phase=0.000
     6.1: kPhi 0.063742 -> 0.063742  n=1.000  phase=0.000
  center bond (8, 15): objective 1.405473 -> 1.405456  global RMSE 0.590925 -> 0.590908  (accepted, iterations=1)
     1.1: kPhi 0.342242 -> 0.342446  n=2.000  phase=180.000
     2.1: kPhi 0.677060 -> 0.675361  n=2.000  phase=180.000
     3.1: kPhi 0.774435 -> 0.775401  n=2.000  phase=180.000
     4.1: kPhi 1.227830 -> 1.228438  n=2.000  phase=180.000
  center bond (18, 20): objective 1.405456 -> 1.405452  global RMSE 0.590908 -> 0.590895  (accepted, iterations=1)
     1.1: kPhi 1.427676 -> 1.428418  n=2.000  phase=180.000
     2.1: kPhi 1.261098 -> 1.260302  n=2.000  phase=180.000
     3.1: kPhi 0.638657 -> 0.638660  n=2.000  phase=180.000
     4.1: kPhi 0.617574 -> 0.617590  n=2.000  phase=180.000
  per-scan RMSE:
    (3, 14): 0.250752 -> 0.250751
    (6, 13): 0.396705 -> 0.396704
    (8, 15): 0.646518 -> 0.646484
    (18, 20): 0.870938 -> 0.870883

cycle 171: accepted=2 rejected=2  objective 1.405452 -> 1.405431  global RMSE 0.590895 -> 0.590866
  center bond (3, 14): objective 1.405452 -> 1.405452  global RMSE 0.590895 -> 0.590895  (rejected, iterations=1)
     1.1: kPhi -0.024021 -> -0.024021  n=1.000  phase=0.000
     2.1: kPhi 0.062585 -> 0.062585  n=1.000  phase=0.000
     3.1: kPhi -0.038561 -> -0.038561  n=1.000  phase=0.000
     4.1: kPhi 0.025223 -> 0.025223  n=1.000  phase=0.000
     5.1: kPhi -0.066886 -> -0.066886  n=1.000  phase=0.000
     6.1: kPhi 0.041635 -> 0.041635  n=1.000  phase=0.000
  center bond (6, 13): objective 1.405452 -> 1.405452  global RMSE 0.590895 -> 0.590895  (rejected, iterations=1)
     1.1: kPhi 0.025915 -> 0.025915  n=1.000  phase=0.000
     2.1: kPhi 0.033746 -> 0.033746  n=1.000  phase=0.000
     3.1: kPhi -0.064350 -> -0.064350  n=1.000  phase=0.000
     4.1: kPhi -0.027205 -> -0.027205  n=1.000  phase=0.000
     5.1: kPhi -0.031712 -> -0.031712  n=1.000  phase=0.000
     6.1: kPhi 0.063742 -> 0.063742  n=1.000  phase=0.000
  center bond (8, 15): objective 1.405452 -> 1.405436  global RMSE 0.590895 -> 0.590878  (accepted, iterations=1)
     1.1: kPhi 0.342446 -> 0.342647  n=2.000  phase=180.000
     2.1: kPhi 0.675361 -> 0.673679  n=2.000  phase=180.000
     3.1: kPhi 0.775401 -> 0.776357  n=2.000  phase=180.000
     4.1: kPhi 1.228438 -> 1.229040  n=2.000  phase=180.000
  center bond (18, 20): objective 1.405436 -> 1.405431  global RMSE 0.590878 -> 0.590866  (accepted, iterations=1)
     1.1: kPhi 1.428418 -> 1.429150  n=2.000  phase=180.000
     2.1: kPhi 1.260302 -> 1.259516  n=2.000  phase=180.000
     3.1: kPhi 0.638660 -> 0.638663  n=2.000  phase=180.000
     4.1: kPhi 0.617590 -> 0.617605  n=2.000  phase=180.000
  per-scan RMSE:
    (3, 14): 0.250751 -> 0.250751
    (6, 13): 0.396704 -> 0.396704
    (8, 15): 0.646484 -> 0.646450
    (18, 20): 0.870883 -> 0.870828

cycle 172: accepted=2 rejected=2  objective 1.405431 -> 1.405411  global RMSE 0.590866 -> 0.590837
  center bond (3, 14): objective 1.405431 -> 1.405431  global RMSE 0.590866 -> 0.590866  (rejected, iterations=1)
     1.1: kPhi -0.024021 -> -0.024021  n=1.000  phase=0.000
     2.1: kPhi 0.062585 -> 0.062585  n=1.000  phase=0.000
     3.1: kPhi -0.038561 -> -0.038561  n=1.000  phase=0.000
     4.1: kPhi 0.025223 -> 0.025223  n=1.000  phase=0.000
     5.1: kPhi -0.066886 -> -0.066886  n=1.000  phase=0.000
     6.1: kPhi 0.041635 -> 0.041635  n=1.000  phase=0.000
  center bond (6, 13): objective 1.405431 -> 1.405431  global RMSE 0.590866 -> 0.590866  (rejected, iterations=1)
     1.1: kPhi 0.025915 -> 0.025915  n=1.000  phase=0.000
     2.1: kPhi 0.033746 -> 0.033746  n=1.000  phase=0.000
     3.1: kPhi -0.064350 -> -0.064350  n=1.000  phase=0.000
     4.1: kPhi -0.027205 -> -0.027205  n=1.000  phase=0.000
     5.1: kPhi -0.031712 -> -0.031712  n=1.000  phase=0.000
     6.1: kPhi 0.063742 -> 0.063742  n=1.000  phase=0.000
  center bond (8, 15): objective 1.405431 -> 1.405415  global RMSE 0.590866 -> 0.590849  (accepted, iterations=1)
     1.1: kPhi 0.342647 -> 0.342846  n=2.000  phase=180.000
     2.1: kPhi 0.673679 -> 0.672014  n=2.000  phase=180.000
     3.1: kPhi 0.776357 -> 0.777302  n=2.000  phase=180.000
     4.1: kPhi 1.229040 -> 1.229636  n=2.000  phase=180.000
  center bond (18, 20): objective 1.405415 -> 1.405411  global RMSE 0.590849 -> 0.590837  (accepted, iterations=1)
     1.1: kPhi 1.429150 -> 1.429873  n=2.000  phase=180.000
     2.1: kPhi 1.259516 -> 1.258740  n=2.000  phase=180.000
     3.1: kPhi 0.638663 -> 0.638666  n=2.000  phase=180.000
     4.1: kPhi 0.617605 -> 0.617621  n=2.000  phase=180.000
  per-scan RMSE:
    (3, 14): 0.250751 -> 0.250750
    (6, 13): 0.396704 -> 0.396704
    (8, 15): 0.646450 -> 0.646416
    (18, 20): 0.870828 -> 0.870774

cycle 173: accepted=2 rejected=2  objective 1.405411 -> 1.405391  global RMSE 0.590837 -> 0.590808
  center bond (3, 14): objective 1.405411 -> 1.405411  global RMSE 0.590837 -> 0.590837  (rejected, iterations=1)
     1.1: kPhi -0.024021 -> -0.024021  n=1.000  phase=0.000
     2.1: kPhi 0.062585 -> 0.062585  n=1.000  phase=0.000
     3.1: kPhi -0.038561 -> -0.038561  n=1.000  phase=0.000
     4.1: kPhi 0.025223 -> 0.025223  n=1.000  phase=0.000
     5.1: kPhi -0.066886 -> -0.066886  n=1.000  phase=0.000
     6.1: kPhi 0.041635 -> 0.041635  n=1.000  phase=0.000
  center bond (6, 13): objective 1.405411 -> 1.405411  global RMSE 0.590837 -> 0.590837  (rejected, iterations=1)
     1.1: kPhi 0.025915 -> 0.025915  n=1.000  phase=0.000
     2.1: kPhi 0.033746 -> 0.033746  n=1.000  phase=0.000
     3.1: kPhi -0.064350 -> -0.064350  n=1.000  phase=0.000
     4.1: kPhi -0.027205 -> -0.027205  n=1.000  phase=0.000
     5.1: kPhi -0.031712 -> -0.031712  n=1.000  phase=0.000
     6.1: kPhi 0.063742 -> 0.063742  n=1.000  phase=0.000
  center bond (8, 15): objective 1.405411 -> 1.405395  global RMSE 0.590837 -> 0.590820  (accepted, iterations=1)
     1.1: kPhi 0.342846 -> 0.343042  n=2.000  phase=180.000
     2.1: kPhi 0.672014 -> 0.670366  n=2.000  phase=180.000
     3.1: kPhi 0.777302 -> 0.778238  n=2.000  phase=180.000
     4.1: kPhi 1.229636 -> 1.230227  n=2.000  phase=180.000
  center bond (18, 20): objective 1.405395 -> 1.405391  global RMSE 0.590820 -> 0.590808  (accepted, iterations=1)
     1.1: kPhi 1.429873 -> 1.430588  n=2.000  phase=180.000
     2.1: kPhi 1.258740 -> 1.257974  n=2.000  phase=180.000
     3.1: kPhi 0.638666 -> 0.638668  n=2.000  phase=180.000
     4.1: kPhi 0.617621 -> 0.617636  n=2.000  phase=180.000
  per-scan RMSE:
    (3, 14): 0.250750 -> 0.250750
    (6, 13): 0.396704 -> 0.396704
    (8, 15): 0.646416 -> 0.646383
    (18, 20): 0.870774 -> 0.870721

cycle 174: accepted=2 rejected=2  objective 1.405391 -> 1.405371  global RMSE 0.590808 -> 0.590779
  center bond (3, 14): objective 1.405391 -> 1.405391  global RMSE 0.590808 -> 0.590808  (rejected, iterations=1)
     1.1: kPhi -0.024021 -> -0.024021  n=1.000  phase=0.000
     2.1: kPhi 0.062585 -> 0.062585  n=1.000  phase=0.000
     3.1: kPhi -0.038561 -> -0.038561  n=1.000  phase=0.000
     4.1: kPhi 0.025223 -> 0.025223  n=1.000  phase=0.000
     5.1: kPhi -0.066886 -> -0.066886  n=1.000  phase=0.000
     6.1: kPhi 0.041635 -> 0.041635  n=1.000  phase=0.000
  center bond (6, 13): objective 1.405391 -> 1.405391  global RMSE 0.590808 -> 0.590808  (rejected, iterations=1)
     1.1: kPhi 0.025915 -> 0.025915  n=1.000  phase=0.000
     2.1: kPhi 0.033746 -> 0.033746  n=1.000  phase=0.000
     3.1: kPhi -0.064350 -> -0.064350  n=1.000  phase=0.000
     4.1: kPhi -0.027205 -> -0.027205  n=1.000  phase=0.000
     5.1: kPhi -0.031712 -> -0.031712  n=1.000  phase=0.000
     6.1: kPhi 0.063742 -> 0.063742  n=1.000  phase=0.000
  center bond (8, 15): objective 1.405391 -> 1.405375  global RMSE 0.590808 -> 0.590791  (accepted, iterations=1)
     1.1: kPhi 0.343042 -> 0.343236  n=2.000  phase=180.000
     2.1: kPhi 0.670366 -> 0.668735  n=2.000  phase=180.000
     3.1: kPhi 0.778238 -> 0.779164  n=2.000  phase=180.000
     4.1: kPhi 1.230227 -> 1.230813  n=2.000  phase=180.000
  center bond (18, 20): objective 1.405375 -> 1.405371  global RMSE 0.590791 -> 0.590779  (accepted, iterations=1)
     1.1: kPhi 1.430588 -> 1.431293  n=2.000  phase=180.000
     2.1: kPhi 1.257974 -> 1.257217  n=2.000  phase=180.000
     3.1: kPhi 0.638668 -> 0.638671  n=2.000  phase=180.000
     4.1: kPhi 0.617636 -> 0.617651  n=2.000  phase=180.000
  per-scan RMSE:
    (3, 14): 0.250750 -> 0.250749
    (6, 13): 0.396704 -> 0.396703
    (8, 15): 0.646383 -> 0.646350
    (18, 20): 0.870721 -> 0.870668

cycle 175: accepted=2 rejected=2  objective 1.405371 -> 1.405352  global RMSE 0.590779 -> 0.590751
  center bond (3, 14): objective 1.405371 -> 1.405371  global RMSE 0.590779 -> 0.590779  (rejected, iterations=1)
     1.1: kPhi -0.024021 -> -0.024021  n=1.000  phase=0.000
     2.1: kPhi 0.062585 -> 0.062585  n=1.000  phase=0.000
     3.1: kPhi -0.038561 -> -0.038561  n=1.000  phase=0.000
     4.1: kPhi 0.025223 -> 0.025223  n=1.000  phase=0.000
     5.1: kPhi -0.066886 -> -0.066886  n=1.000  phase=0.000
     6.1: kPhi 0.041635 -> 0.041635  n=1.000  phase=0.000
  center bond (6, 13): objective 1.405371 -> 1.405371  global RMSE 0.590779 -> 0.590779  (rejected, iterations=1)
     1.1: kPhi 0.025915 -> 0.025915  n=1.000  phase=0.000
     2.1: kPhi 0.033746 -> 0.033746  n=1.000  phase=0.000
     3.1: kPhi -0.064350 -> -0.064350  n=1.000  phase=0.000
     4.1: kPhi -0.027205 -> -0.027205  n=1.000  phase=0.000
     5.1: kPhi -0.031712 -> -0.031712  n=1.000  phase=0.000
     6.1: kPhi 0.063742 -> 0.063742  n=1.000  phase=0.000
  center bond (8, 15): objective 1.405371 -> 1.405356  global RMSE 0.590779 -> 0.590762  (accepted, iterations=1)
     1.1: kPhi 0.343236 -> 0.343428  n=2.000  phase=180.000
     2.1: kPhi 0.668735 -> 0.667121  n=2.000  phase=180.000
     3.1: kPhi 0.779164 -> 0.780080  n=2.000  phase=180.000
     4.1: kPhi 1.230813 -> 1.231393  n=2.000  phase=180.000
  center bond (18, 20): objective 1.405356 -> 1.405352  global RMSE 0.590762 -> 0.590751  (accepted, iterations=1)
     1.1: kPhi 1.431293 -> 1.431990  n=2.000  phase=180.000
     2.1: kPhi 1.257217 -> 1.256470  n=2.000  phase=180.000
     3.1: kPhi 0.638671 -> 0.638674  n=2.000  phase=180.000
     4.1: kPhi 0.617651 -> 0.617666  n=2.000  phase=180.000
  per-scan RMSE:
    (3, 14): 0.250749 -> 0.250749
    (6, 13): 0.396703 -> 0.396703
    (8, 15): 0.646350 -> 0.646318
    (18, 20): 0.870668 -> 0.870616

cycle 176: accepted=2 rejected=2  objective 1.405352 -> 1.405334  global RMSE 0.590751 -> 0.590723
  center bond (3, 14): objective 1.405352 -> 1.405352  global RMSE 0.590751 -> 0.590751  (rejected, iterations=1)
     1.1: kPhi -0.024021 -> -0.024021  n=1.000  phase=0.000
     2.1: kPhi 0.062585 -> 0.062585  n=1.000  phase=0.000
     3.1: kPhi -0.038561 -> -0.038561  n=1.000  phase=0.000
     4.1: kPhi 0.025223 -> 0.025223  n=1.000  phase=0.000
     5.1: kPhi -0.066886 -> -0.066886  n=1.000  phase=0.000
     6.1: kPhi 0.041635 -> 0.041635  n=1.000  phase=0.000
  center bond (6, 13): objective 1.405352 -> 1.405352  global RMSE 0.590751 -> 0.590751  (rejected, iterations=1)
     1.1: kPhi 0.025915 -> 0.025915  n=1.000  phase=0.000
     2.1: kPhi 0.033746 -> 0.033746  n=1.000  phase=0.000
     3.1: kPhi -0.064350 -> -0.064350  n=1.000  phase=0.000
     4.1: kPhi -0.027205 -> -0.027205  n=1.000  phase=0.000
     5.1: kPhi -0.031712 -> -0.031712  n=1.000  phase=0.000
     6.1: kPhi 0.063742 -> 0.063742  n=1.000  phase=0.000
  center bond (8, 15): objective 1.405352 -> 1.405337  global RMSE 0.590751 -> 0.590734  (accepted, iterations=1)
     1.1: kPhi 0.343428 -> 0.343618  n=2.000  phase=180.000
     2.1: kPhi 0.667121 -> 0.665523  n=2.000  phase=180.000
     3.1: kPhi 0.780080 -> 0.780987  n=2.000  phase=180.000
     4.1: kPhi 1.231393 -> 1.231968  n=2.000  phase=180.000
  center bond (18, 20): objective 1.405337 -> 1.405334  global RMSE 0.590734 -> 0.590723  (accepted, iterations=1)
     1.1: kPhi 1.431990 -> 1.432678  n=2.000  phase=180.000
     2.1: kPhi 1.256470 -> 1.255732  n=2.000  phase=180.000
     3.1: kPhi 0.638674 -> 0.638676  n=2.000  phase=180.000
     4.1: kPhi 0.617666 -> 0.617680  n=2.000  phase=180.000
  per-scan RMSE:
    (3, 14): 0.250749 -> 0.250748
    (6, 13): 0.396703 -> 0.396703
    (8, 15): 0.646318 -> 0.646286
    (18, 20): 0.870616 -> 0.870564

cycle 177: accepted=2 rejected=2  objective 1.405334 -> 1.405315  global RMSE 0.590723 -> 0.590695
  center bond (3, 14): objective 1.405334 -> 1.405334  global RMSE 0.590723 -> 0.590723  (rejected, iterations=1)
     1.1: kPhi -0.024021 -> -0.024021  n=1.000  phase=0.000
     2.1: kPhi 0.062585 -> 0.062585  n=1.000  phase=0.000
     3.1: kPhi -0.038561 -> -0.038561  n=1.000  phase=0.000
     4.1: kPhi 0.025223 -> 0.025223  n=1.000  phase=0.000
     5.1: kPhi -0.066886 -> -0.066886  n=1.000  phase=0.000
     6.1: kPhi 0.041635 -> 0.041635  n=1.000  phase=0.000
  center bond (6, 13): objective 1.405334 -> 1.405334  global RMSE 0.590723 -> 0.590723  (rejected, iterations=1)
     1.1: kPhi 0.025915 -> 0.025915  n=1.000  phase=0.000
     2.1: kPhi 0.033746 -> 0.033746  n=1.000  phase=0.000
     3.1: kPhi -0.064350 -> -0.064350  n=1.000  phase=0.000
     4.1: kPhi -0.027205 -> -0.027205  n=1.000  phase=0.000
     5.1: kPhi -0.031712 -> -0.031712  n=1.000  phase=0.000
     6.1: kPhi 0.063742 -> 0.063742  n=1.000  phase=0.000
  center bond (8, 15): objective 1.405334 -> 1.405319  global RMSE 0.590723 -> 0.590707  (accepted, iterations=1)
     1.1: kPhi 0.343618 -> 0.343805  n=2.000  phase=180.000
     2.1: kPhi 0.665523 -> 0.663941  n=2.000  phase=180.000
     3.1: kPhi 0.780987 -> 0.781884  n=2.000  phase=180.000
     4.1: kPhi 1.231968 -> 1.232537  n=2.000  phase=180.000
  center bond (18, 20): objective 1.405319 -> 1.405315  global RMSE 0.590707 -> 0.590695  (accepted, iterations=1)
     1.1: kPhi 1.432678 -> 1.433357  n=2.000  phase=180.000
     2.1: kPhi 1.255732 -> 1.255003  n=2.000  phase=180.000
     3.1: kPhi 0.638676 -> 0.638679  n=2.000  phase=180.000
     4.1: kPhi 0.617680 -> 0.617694  n=2.000  phase=180.000
  per-scan RMSE:
    (3, 14): 0.250748 -> 0.250748
    (6, 13): 0.396703 -> 0.396703
    (8, 15): 0.646286 -> 0.646254
    (18, 20): 0.870564 -> 0.870513

cycle 178: accepted=2 rejected=2  objective 1.405315 -> 1.405297  global RMSE 0.590695 -> 0.590668
  center bond (3, 14): objective 1.405315 -> 1.405315  global RMSE 0.590695 -> 0.590695  (rejected, iterations=1)
     1.1: kPhi -0.024021 -> -0.024021  n=1.000  phase=0.000
     2.1: kPhi 0.062585 -> 0.062585  n=1.000  phase=0.000
     3.1: kPhi -0.038561 -> -0.038561  n=1.000  phase=0.000
     4.1: kPhi 0.025223 -> 0.025223  n=1.000  phase=0.000
     5.1: kPhi -0.066886 -> -0.066886  n=1.000  phase=0.000
     6.1: kPhi 0.041635 -> 0.041635  n=1.000  phase=0.000
  center bond (6, 13): objective 1.405315 -> 1.405315  global RMSE 0.590695 -> 0.590695  (rejected, iterations=1)
     1.1: kPhi 0.025915 -> 0.025915  n=1.000  phase=0.000
     2.1: kPhi 0.033746 -> 0.033746  n=1.000  phase=0.000
     3.1: kPhi -0.064350 -> -0.064350  n=1.000  phase=0.000
     4.1: kPhi -0.027205 -> -0.027205  n=1.000  phase=0.000
     5.1: kPhi -0.031712 -> -0.031712  n=1.000  phase=0.000
     6.1: kPhi 0.063742 -> 0.063742  n=1.000  phase=0.000
  center bond (8, 15): objective 1.405315 -> 1.405301  global RMSE 0.590695 -> 0.590679  (accepted, iterations=1)
     1.1: kPhi 0.343805 -> 0.343991  n=2.000  phase=180.000
     2.1: kPhi 0.663941 -> 0.662375  n=2.000  phase=180.000
     3.1: kPhi 0.781884 -> 0.782771  n=2.000  phase=180.000
     4.1: kPhi 1.232537 -> 1.233101  n=2.000  phase=180.000
  center bond (18, 20): objective 1.405301 -> 1.405297  global RMSE 0.590679 -> 0.590668  (accepted, iterations=1)
     1.1: kPhi 1.433357 -> 1.434028  n=2.000  phase=180.000
     2.1: kPhi 1.255003 -> 1.254283  n=2.000  phase=180.000
     3.1: kPhi 0.638679 -> 0.638681  n=2.000  phase=180.000
     4.1: kPhi 0.617694 -> 0.617709  n=2.000  phase=180.000
  per-scan RMSE:
    (3, 14): 0.250748 -> 0.250747
    (6, 13): 0.396703 -> 0.396702
    (8, 15): 0.646254 -> 0.646222
    (18, 20): 0.870513 -> 0.870463

cycle 179: accepted=2 rejected=2  objective 1.405297 -> 1.405280  global RMSE 0.590668 -> 0.590641
  center bond (3, 14): objective 1.405297 -> 1.405297  global RMSE 0.590668 -> 0.590668  (rejected, iterations=1)
     1.1: kPhi -0.024021 -> -0.024021  n=1.000  phase=0.000
     2.1: kPhi 0.062585 -> 0.062585  n=1.000  phase=0.000
     3.1: kPhi -0.038561 -> -0.038561  n=1.000  phase=0.000
     4.1: kPhi 0.025223 -> 0.025223  n=1.000  phase=0.000
     5.1: kPhi -0.066886 -> -0.066886  n=1.000  phase=0.000
     6.1: kPhi 0.041635 -> 0.041635  n=1.000  phase=0.000
  center bond (6, 13): objective 1.405297 -> 1.405297  global RMSE 0.590668 -> 0.590668  (rejected, iterations=1)
     1.1: kPhi 0.025915 -> 0.025915  n=1.000  phase=0.000
     2.1: kPhi 0.033746 -> 0.033746  n=1.000  phase=0.000
     3.1: kPhi -0.064350 -> -0.064350  n=1.000  phase=0.000
     4.1: kPhi -0.027205 -> -0.027205  n=1.000  phase=0.000
     5.1: kPhi -0.031712 -> -0.031712  n=1.000  phase=0.000
     6.1: kPhi 0.063742 -> 0.063742  n=1.000  phase=0.000
  center bond (8, 15): objective 1.405297 -> 1.405283  global RMSE 0.590668 -> 0.590652  (accepted, iterations=1)
     1.1: kPhi 0.343991 -> 0.344174  n=2.000  phase=180.000
     2.1: kPhi 0.662375 -> 0.660825  n=2.000  phase=180.000
     3.1: kPhi 0.782771 -> 0.783649  n=2.000  phase=180.000
     4.1: kPhi 1.233101 -> 1.233660  n=2.000  phase=180.000
  center bond (18, 20): objective 1.405283 -> 1.405280  global RMSE 0.590652 -> 0.590641  (accepted, iterations=1)
     1.1: kPhi 1.434028 -> 1.434690  n=2.000  phase=180.000
     2.1: kPhi 1.254283 -> 1.253572  n=2.000  phase=180.000
     3.1: kPhi 0.638681 -> 0.638684  n=2.000  phase=180.000
     4.1: kPhi 0.617709 -> 0.617723  n=2.000  phase=180.000
  per-scan RMSE:
    (3, 14): 0.250747 -> 0.250747
    (6, 13): 0.396702 -> 0.396702
    (8, 15): 0.646222 -> 0.646191
    (18, 20): 0.870463 -> 0.870413

cycle 180: accepted=2 rejected=2  objective 1.405280 -> 1.405263  global RMSE 0.590641 -> 0.590614
  center bond (3, 14): objective 1.405280 -> 1.405280  global RMSE 0.590641 -> 0.590641  (rejected, iterations=1)
     1.1: kPhi -0.024021 -> -0.024021  n=1.000  phase=0.000
     2.1: kPhi 0.062585 -> 0.062585  n=1.000  phase=0.000
     3.1: kPhi -0.038561 -> -0.038561  n=1.000  phase=0.000
     4.1: kPhi 0.025223 -> 0.025223  n=1.000  phase=0.000
     5.1: kPhi -0.066886 -> -0.066886  n=1.000  phase=0.000
     6.1: kPhi 0.041635 -> 0.041635  n=1.000  phase=0.000
  center bond (6, 13): objective 1.405280 -> 1.405280  global RMSE 0.590641 -> 0.590641  (rejected, iterations=1)
     1.1: kPhi 0.025915 -> 0.025915  n=1.000  phase=0.000
     2.1: kPhi 0.033746 -> 0.033746  n=1.000  phase=0.000
     3.1: kPhi -0.064350 -> -0.064350  n=1.000  phase=0.000
     4.1: kPhi -0.027205 -> -0.027205  n=1.000  phase=0.000
     5.1: kPhi -0.031712 -> -0.031712  n=1.000  phase=0.000
     6.1: kPhi 0.063742 -> 0.063742  n=1.000  phase=0.000
  center bond (8, 15): objective 1.405280 -> 1.405266  global RMSE 0.590641 -> 0.590625  (accepted, iterations=1)
     1.1: kPhi 0.344174 -> 0.344356  n=2.000  phase=180.000
     2.1: kPhi 0.660825 -> 0.659291  n=2.000  phase=180.000
     3.1: kPhi 0.783649 -> 0.784518  n=2.000  phase=180.000
     4.1: kPhi 1.233660 -> 1.234214  n=2.000  phase=180.000
  center bond (18, 20): objective 1.405266 -> 1.405263  global RMSE 0.590625 -> 0.590614  (accepted, iterations=1)
     1.1: kPhi 1.434690 -> 1.435345  n=2.000  phase=180.000
     2.1: kPhi 1.253572 -> 1.252870  n=2.000  phase=180.000
     3.1: kPhi 0.638684 -> 0.638686  n=2.000  phase=180.000
     4.1: kPhi 0.617723 -> 0.617737  n=2.000  phase=180.000
  per-scan RMSE:
    (3, 14): 0.250747 -> 0.250746
    (6, 13): 0.396702 -> 0.396702
    (8, 15): 0.646191 -> 0.646161
    (18, 20): 0.870413 -> 0.870363

cycle 181: accepted=2 rejected=2  objective 1.405263 -> 1.405246  global RMSE 0.590614 -> 0.590588
  center bond (3, 14): objective 1.405263 -> 1.405263  global RMSE 0.590614 -> 0.590614  (rejected, iterations=1)
     1.1: kPhi -0.024021 -> -0.024021  n=1.000  phase=0.000
     2.1: kPhi 0.062585 -> 0.062585  n=1.000  phase=0.000
     3.1: kPhi -0.038561 -> -0.038561  n=1.000  phase=0.000
     4.1: kPhi 0.025223 -> 0.025223  n=1.000  phase=0.000
     5.1: kPhi -0.066886 -> -0.066886  n=1.000  phase=0.000
     6.1: kPhi 0.041635 -> 0.041635  n=1.000  phase=0.000
  center bond (6, 13): objective 1.405263 -> 1.405263  global RMSE 0.590614 -> 0.590614  (rejected, iterations=1)
     1.1: kPhi 0.025915 -> 0.025915  n=1.000  phase=0.000
     2.1: kPhi 0.033746 -> 0.033746  n=1.000  phase=0.000
     3.1: kPhi -0.064350 -> -0.064350  n=1.000  phase=0.000
     4.1: kPhi -0.027205 -> -0.027205  n=1.000  phase=0.000
     5.1: kPhi -0.031712 -> -0.031712  n=1.000  phase=0.000
     6.1: kPhi 0.063742 -> 0.063742  n=1.000  phase=0.000
  center bond (8, 15): objective 1.405263 -> 1.405249  global RMSE 0.590614 -> 0.590599  (accepted, iterations=1)
     1.1: kPhi 0.344356 -> 0.344535  n=2.000  phase=180.000
     2.1: kPhi 0.659291 -> 0.657773  n=2.000  phase=180.000
     3.1: kPhi 0.784518 -> 0.785378  n=2.000  phase=180.000
     4.1: kPhi 1.234214 -> 1.234763  n=2.000  phase=180.000
  center bond (18, 20): objective 1.405249 -> 1.405246  global RMSE 0.590599 -> 0.590588  (accepted, iterations=1)
     1.1: kPhi 1.435345 -> 1.435991  n=2.000  phase=180.000
     2.1: kPhi 1.252870 -> 1.252177  n=2.000  phase=180.000
     3.1: kPhi 0.638686 -> 0.638689  n=2.000  phase=180.000
     4.1: kPhi 0.617737 -> 0.617750  n=2.000  phase=180.000
  per-scan RMSE:
    (3, 14): 0.250746 -> 0.250746
    (6, 13): 0.396702 -> 0.396702
    (8, 15): 0.646161 -> 0.646130
    (18, 20): 0.870363 -> 0.870314

cycle 182: accepted=2 rejected=2  objective 1.405246 -> 1.405229  global RMSE 0.590588 -> 0.590562
  center bond (3, 14): objective 1.405246 -> 1.405246  global RMSE 0.590588 -> 0.590588  (rejected, iterations=1)
     1.1: kPhi -0.024021 -> -0.024021  n=1.000  phase=0.000
     2.1: kPhi 0.062585 -> 0.062585  n=1.000  phase=0.000
     3.1: kPhi -0.038561 -> -0.038561  n=1.000  phase=0.000
     4.1: kPhi 0.025223 -> 0.025223  n=1.000  phase=0.000
     5.1: kPhi -0.066886 -> -0.066886  n=1.000  phase=0.000
     6.1: kPhi 0.041635 -> 0.041635  n=1.000  phase=0.000
  center bond (6, 13): objective 1.405246 -> 1.405246  global RMSE 0.590588 -> 0.590588  (rejected, iterations=1)
     1.1: kPhi 0.025915 -> 0.025915  n=1.000  phase=0.000
     2.1: kPhi 0.033746 -> 0.033746  n=1.000  phase=0.000
     3.1: kPhi -0.064350 -> -0.064350  n=1.000  phase=0.000
     4.1: kPhi -0.027205 -> -0.027205  n=1.000  phase=0.000
     5.1: kPhi -0.031712 -> -0.031712  n=1.000  phase=0.000
     6.1: kPhi 0.063742 -> 0.063742  n=1.000  phase=0.000
  center bond (8, 15): objective 1.405246 -> 1.405233  global RMSE 0.590588 -> 0.590573  (accepted, iterations=1)
     1.1: kPhi 0.344535 -> 0.344712  n=2.000  phase=180.000
     2.1: kPhi 0.657773 -> 0.656270  n=2.000  phase=180.000
     3.1: kPhi 0.785378 -> 0.786229  n=2.000  phase=180.000
     4.1: kPhi 1.234763 -> 1.235306  n=2.000  phase=180.000
  center bond (18, 20): objective 1.405233 -> 1.405229  global RMSE 0.590573 -> 0.590562  (accepted, iterations=1)
     1.1: kPhi 1.435991 -> 1.436628  n=2.000  phase=180.000
     2.1: kPhi 1.252177 -> 1.251492  n=2.000  phase=180.000
     3.1: kPhi 0.638689 -> 0.638691  n=2.000  phase=180.000
     4.1: kPhi 0.617750 -> 0.617764  n=2.000  phase=180.000
  per-scan RMSE:
    (3, 14): 0.250746 -> 0.250745
    (6, 13): 0.396702 -> 0.396701
    (8, 15): 0.646130 -> 0.646100
    (18, 20): 0.870314 -> 0.870266

cycle 183: accepted=2 rejected=2  objective 1.405229 -> 1.405213  global RMSE 0.590562 -> 0.590536
  center bond (3, 14): objective 1.405229 -> 1.405229  global RMSE 0.590562 -> 0.590562  (rejected, iterations=1)
     1.1: kPhi -0.024021 -> -0.024021  n=1.000  phase=0.000
     2.1: kPhi 0.062585 -> 0.062585  n=1.000  phase=0.000
     3.1: kPhi -0.038561 -> -0.038561  n=1.000  phase=0.000
     4.1: kPhi 0.025223 -> 0.025223  n=1.000  phase=0.000
     5.1: kPhi -0.066886 -> -0.066886  n=1.000  phase=0.000
     6.1: kPhi 0.041635 -> 0.041635  n=1.000  phase=0.000
  center bond (6, 13): objective 1.405229 -> 1.405229  global RMSE 0.590562 -> 0.590562  (rejected, iterations=1)
     1.1: kPhi 0.025915 -> 0.025915  n=1.000  phase=0.000
     2.1: kPhi 0.033746 -> 0.033746  n=1.000  phase=0.000
     3.1: kPhi -0.064350 -> -0.064350  n=1.000  phase=0.000
     4.1: kPhi -0.027205 -> -0.027205  n=1.000  phase=0.000
     5.1: kPhi -0.031712 -> -0.031712  n=1.000  phase=0.000
     6.1: kPhi 0.063742 -> 0.063742  n=1.000  phase=0.000
  center bond (8, 15): objective 1.405229 -> 1.405216  global RMSE 0.590562 -> 0.590547  (accepted, iterations=1)
     1.1: kPhi 0.344712 -> 0.344888  n=2.000  phase=180.000
     2.1: kPhi 0.656270 -> 0.654782  n=2.000  phase=180.000
     3.1: kPhi 0.786229 -> 0.787071  n=2.000  phase=180.000
     4.1: kPhi 1.235306 -> 1.235845  n=2.000  phase=180.000
  center bond (18, 20): objective 1.405216 -> 1.405213  global RMSE 0.590547 -> 0.590536  (accepted, iterations=1)
     1.1: kPhi 1.436628 -> 1.437258  n=2.000  phase=180.000
     2.1: kPhi 1.251492 -> 1.250816  n=2.000  phase=180.000
     3.1: kPhi 0.638691 -> 0.638693  n=2.000  phase=180.000
     4.1: kPhi 0.617764 -> 0.617777  n=2.000  phase=180.000
  per-scan RMSE:
    (3, 14): 0.250745 -> 0.250745
    (6, 13): 0.396701 -> 0.396701
    (8, 15): 0.646100 -> 0.646070
    (18, 20): 0.870266 -> 0.870218

cycle 184: accepted=2 rejected=2  objective 1.405213 -> 1.405198  global RMSE 0.590536 -> 0.590511
  center bond (3, 14): objective 1.405213 -> 1.405213  global RMSE 0.590536 -> 0.590536  (rejected, iterations=1)
     1.1: kPhi -0.024021 -> -0.024021  n=1.000  phase=0.000
     2.1: kPhi 0.062585 -> 0.062585  n=1.000  phase=0.000
     3.1: kPhi -0.038561 -> -0.038561  n=1.000  phase=0.000
     4.1: kPhi 0.025223 -> 0.025223  n=1.000  phase=0.000
     5.1: kPhi -0.066886 -> -0.066886  n=1.000  phase=0.000
     6.1: kPhi 0.041635 -> 0.041635  n=1.000  phase=0.000
  center bond (6, 13): objective 1.405213 -> 1.405213  global RMSE 0.590536 -> 0.590536  (rejected, iterations=1)
     1.1: kPhi 0.025915 -> 0.025915  n=1.000  phase=0.000
     2.1: kPhi 0.033746 -> 0.033746  n=1.000  phase=0.000
     3.1: kPhi -0.064350 -> -0.064350  n=1.000  phase=0.000
     4.1: kPhi -0.027205 -> -0.027205  n=1.000  phase=0.000
     5.1: kPhi -0.031712 -> -0.031712  n=1.000  phase=0.000
     6.1: kPhi 0.063742 -> 0.063742  n=1.000  phase=0.000
  center bond (8, 15): objective 1.405213 -> 1.405201  global RMSE 0.590536 -> 0.590521  (accepted, iterations=1)
     1.1: kPhi 0.344888 -> 0.345061  n=2.000  phase=180.000
     2.1: kPhi 0.654782 -> 0.653309  n=2.000  phase=180.000
     3.1: kPhi 0.787071 -> 0.787904  n=2.000  phase=180.000
     4.1: kPhi 1.235845 -> 1.236378  n=2.000  phase=180.000
  center bond (18, 20): objective 1.405201 -> 1.405198  global RMSE 0.590521 -> 0.590511  (accepted, iterations=1)
     1.1: kPhi 1.437258 -> 1.437880  n=2.000  phase=180.000
     2.1: kPhi 1.250816 -> 1.250149  n=2.000  phase=180.000
     3.1: kPhi 0.638693 -> 0.638696  n=2.000  phase=180.000
     4.1: kPhi 0.617777 -> 0.617790  n=2.000  phase=180.000
  per-scan RMSE:
    (3, 14): 0.250745 -> 0.250745
    (6, 13): 0.396701 -> 0.396701
    (8, 15): 0.646070 -> 0.646041
    (18, 20): 0.870218 -> 0.870171

cycle 185: accepted=2 rejected=2  objective 1.405198 -> 1.405182  global RMSE 0.590511 -> 0.590485
  center bond (3, 14): objective 1.405198 -> 1.405198  global RMSE 0.590511 -> 0.590511  (rejected, iterations=1)
     1.1: kPhi -0.024021 -> -0.024021  n=1.000  phase=0.000
     2.1: kPhi 0.062585 -> 0.062585  n=1.000  phase=0.000
     3.1: kPhi -0.038561 -> -0.038561  n=1.000  phase=0.000
     4.1: kPhi 0.025223 -> 0.025223  n=1.000  phase=0.000
     5.1: kPhi -0.066886 -> -0.066886  n=1.000  phase=0.000
     6.1: kPhi 0.041635 -> 0.041635  n=1.000  phase=0.000
  center bond (6, 13): objective 1.405198 -> 1.405198  global RMSE 0.590511 -> 0.590511  (rejected, iterations=1)
     1.1: kPhi 0.025915 -> 0.025915  n=1.000  phase=0.000
     2.1: kPhi 0.033746 -> 0.033746  n=1.000  phase=0.000
     3.1: kPhi -0.064350 -> -0.064350  n=1.000  phase=0.000
     4.1: kPhi -0.027205 -> -0.027205  n=1.000  phase=0.000
     5.1: kPhi -0.031712 -> -0.031712  n=1.000  phase=0.000
     6.1: kPhi 0.063742 -> 0.063742  n=1.000  phase=0.000
  center bond (8, 15): objective 1.405198 -> 1.405185  global RMSE 0.590511 -> 0.590496  (accepted, iterations=1)
     1.1: kPhi 0.345061 -> 0.345232  n=2.000  phase=180.000
     2.1: kPhi 0.653309 -> 0.651852  n=2.000  phase=180.000
     3.1: kPhi 0.787904 -> 0.788728  n=2.000  phase=180.000
     4.1: kPhi 1.236378 -> 1.236907  n=2.000  phase=180.000
  center bond (18, 20): objective 1.405185 -> 1.405182  global RMSE 0.590496 -> 0.590485  (accepted, iterations=1)
     1.1: kPhi 1.437880 -> 1.438495  n=2.000  phase=180.000
     2.1: kPhi 1.250149 -> 1.249489  n=2.000  phase=180.000
     3.1: kPhi 0.638696 -> 0.638698  n=2.000  phase=180.000
     4.1: kPhi 0.617790 -> 0.617803  n=2.000  phase=180.000
  per-scan RMSE:
    (3, 14): 0.250745 -> 0.250744
    (6, 13): 0.396701 -> 0.396701
    (8, 15): 0.646041 -> 0.646012
    (18, 20): 0.870171 -> 0.870124

cycle 186: accepted=2 rejected=2  objective 1.405182 -> 1.405167  global RMSE 0.590485 -> 0.590460
  center bond (3, 14): objective 1.405182 -> 1.405182  global RMSE 0.590485 -> 0.590485  (rejected, iterations=1)
     1.1: kPhi -0.024021 -> -0.024021  n=1.000  phase=0.000
     2.1: kPhi 0.062585 -> 0.062585  n=1.000  phase=0.000
     3.1: kPhi -0.038561 -> -0.038561  n=1.000  phase=0.000
     4.1: kPhi 0.025223 -> 0.025223  n=1.000  phase=0.000
     5.1: kPhi -0.066886 -> -0.066886  n=1.000  phase=0.000
     6.1: kPhi 0.041635 -> 0.041635  n=1.000  phase=0.000
  center bond (6, 13): objective 1.405182 -> 1.405182  global RMSE 0.590485 -> 0.590485  (rejected, iterations=1)
     1.1: kPhi 0.025915 -> 0.025915  n=1.000  phase=0.000
     2.1: kPhi 0.033746 -> 0.033746  n=1.000  phase=0.000
     3.1: kPhi -0.064350 -> -0.064350  n=1.000  phase=0.000
     4.1: kPhi -0.027205 -> -0.027205  n=1.000  phase=0.000
     5.1: kPhi -0.031712 -> -0.031712  n=1.000  phase=0.000
     6.1: kPhi 0.063742 -> 0.063742  n=1.000  phase=0.000
  center bond (8, 15): objective 1.405182 -> 1.405170  global RMSE 0.590485 -> 0.590470  (accepted, iterations=1)
     1.1: kPhi 0.345232 -> 0.345402  n=2.000  phase=180.000
     2.1: kPhi 0.651852 -> 0.650409  n=2.000  phase=180.000
     3.1: kPhi 0.788728 -> 0.789544  n=2.000  phase=180.000
     4.1: kPhi 1.236907 -> 1.237431  n=2.000  phase=180.000
  center bond (18, 20): objective 1.405170 -> 1.405167  global RMSE 0.590470 -> 0.590460  (accepted, iterations=1)
     1.1: kPhi 1.438495 -> 1.439101  n=2.000  phase=180.000
     2.1: kPhi 1.249489 -> 1.248838  n=2.000  phase=180.000
     3.1: kPhi 0.638698 -> 0.638700  n=2.000  phase=180.000
     4.1: kPhi 0.617803 -> 0.617816  n=2.000  phase=180.000
  per-scan RMSE:
    (3, 14): 0.250744 -> 0.250744
    (6, 13): 0.396701 -> 0.396700
    (8, 15): 0.646012 -> 0.645983
    (18, 20): 0.870124 -> 0.870078

cycle 187: accepted=2 rejected=2  objective 1.405167 -> 1.405152  global RMSE 0.590460 -> 0.590436
  center bond (3, 14): objective 1.405167 -> 1.405167  global RMSE 0.590460 -> 0.590460  (rejected, iterations=1)
     1.1: kPhi -0.024021 -> -0.024021  n=1.000  phase=0.000
     2.1: kPhi 0.062585 -> 0.062585  n=1.000  phase=0.000
     3.1: kPhi -0.038561 -> -0.038561  n=1.000  phase=0.000
     4.1: kPhi 0.025223 -> 0.025223  n=1.000  phase=0.000
     5.1: kPhi -0.066886 -> -0.066886  n=1.000  phase=0.000
     6.1: kPhi 0.041635 -> 0.041635  n=1.000  phase=0.000
  center bond (6, 13): objective 1.405167 -> 1.405167  global RMSE 0.590460 -> 0.590460  (rejected, iterations=1)
     1.1: kPhi 0.025915 -> 0.025915  n=1.000  phase=0.000
     2.1: kPhi 0.033746 -> 0.033746  n=1.000  phase=0.000
     3.1: kPhi -0.064350 -> -0.064350  n=1.000  phase=0.000
     4.1: kPhi -0.027205 -> -0.027205  n=1.000  phase=0.000
     5.1: kPhi -0.031712 -> -0.031712  n=1.000  phase=0.000
     6.1: kPhi 0.063742 -> 0.063742  n=1.000  phase=0.000
  center bond (8, 15): objective 1.405167 -> 1.405155  global RMSE 0.590460 -> 0.590446  (accepted, iterations=1)
     1.1: kPhi 0.345402 -> 0.345570  n=2.000  phase=180.000
     2.1: kPhi 0.650409 -> 0.648981  n=2.000  phase=180.000
     3.1: kPhi 0.789544 -> 0.790351  n=2.000  phase=180.000
     4.1: kPhi 1.237431 -> 1.237949  n=2.000  phase=180.000
  center bond (18, 20): objective 1.405155 -> 1.405152  global RMSE 0.590446 -> 0.590436  (accepted, iterations=1)
     1.1: kPhi 1.439101 -> 1.439700  n=2.000  phase=180.000
     2.1: kPhi 1.248838 -> 1.248195  n=2.000  phase=180.000
     3.1: kPhi 0.638700 -> 0.638702  n=2.000  phase=180.000
     4.1: kPhi 0.617816 -> 0.617829  n=2.000  phase=180.000
  per-scan RMSE:
    (3, 14): 0.250744 -> 0.250743
    (6, 13): 0.396700 -> 0.396700
    (8, 15): 0.645983 -> 0.645955
    (18, 20): 0.870078 -> 0.870033

cycle 188: accepted=2 rejected=2  objective 1.405152 -> 1.405138  global RMSE 0.590436 -> 0.590411
  center bond (3, 14): objective 1.405152 -> 1.405152  global RMSE 0.590436 -> 0.590436  (rejected, iterations=1)
     1.1: kPhi -0.024021 -> -0.024021  n=1.000  phase=0.000
     2.1: kPhi 0.062585 -> 0.062585  n=1.000  phase=0.000
     3.1: kPhi -0.038561 -> -0.038561  n=1.000  phase=0.000
     4.1: kPhi 0.025223 -> 0.025223  n=1.000  phase=0.000
     5.1: kPhi -0.066886 -> -0.066886  n=1.000  phase=0.000
     6.1: kPhi 0.041635 -> 0.041635  n=1.000  phase=0.000
  center bond (6, 13): objective 1.405152 -> 1.405152  global RMSE 0.590436 -> 0.590436  (rejected, iterations=1)
     1.1: kPhi 0.025915 -> 0.025915  n=1.000  phase=0.000
     2.1: kPhi 0.033746 -> 0.033746  n=1.000  phase=0.000
     3.1: kPhi -0.064350 -> -0.064350  n=1.000  phase=0.000
     4.1: kPhi -0.027205 -> -0.027205  n=1.000  phase=0.000
     5.1: kPhi -0.031712 -> -0.031712  n=1.000  phase=0.000
     6.1: kPhi 0.063742 -> 0.063742  n=1.000  phase=0.000
  center bond (8, 15): objective 1.405152 -> 1.405141  global RMSE 0.590436 -> 0.590421  (accepted, iterations=1)
     1.1: kPhi 0.345570 -> 0.345735  n=2.000  phase=180.000
     2.1: kPhi 0.648981 -> 0.647567  n=2.000  phase=180.000
     3.1: kPhi 0.790351 -> 0.791149  n=2.000  phase=180.000
     4.1: kPhi 1.237949 -> 1.238463  n=2.000  phase=180.000
  center bond (18, 20): objective 1.405141 -> 1.405138  global RMSE 0.590421 -> 0.590411  (accepted, iterations=1)
     1.1: kPhi 1.439700 -> 1.440292  n=2.000  phase=180.000
     2.1: kPhi 1.248195 -> 1.247560  n=2.000  phase=180.000
     3.1: kPhi 0.638702 -> 0.638704  n=2.000  phase=180.000
     4.1: kPhi 0.617829 -> 0.617841  n=2.000  phase=180.000
  per-scan RMSE:
    (3, 14): 0.250743 -> 0.250743
    (6, 13): 0.396700 -> 0.396700
    (8, 15): 0.645955 -> 0.645926
    (18, 20): 0.870033 -> 0.869987

cycle 189: accepted=2 rejected=2  objective 1.405138 -> 1.405124  global RMSE 0.590411 -> 0.590387
  center bond (3, 14): objective 1.405138 -> 1.405138  global RMSE 0.590411 -> 0.590411  (rejected, iterations=1)
     1.1: kPhi -0.024021 -> -0.024021  n=1.000  phase=0.000
     2.1: kPhi 0.062585 -> 0.062585  n=1.000  phase=0.000
     3.1: kPhi -0.038561 -> -0.038561  n=1.000  phase=0.000
     4.1: kPhi 0.025223 -> 0.025223  n=1.000  phase=0.000
     5.1: kPhi -0.066886 -> -0.066886  n=1.000  phase=0.000
     6.1: kPhi 0.041635 -> 0.041635  n=1.000  phase=0.000
  center bond (6, 13): objective 1.405138 -> 1.405138  global RMSE 0.590411 -> 0.590411  (rejected, iterations=1)
     1.1: kPhi 0.025915 -> 0.025915  n=1.000  phase=0.000
     2.1: kPhi 0.033746 -> 0.033746  n=1.000  phase=0.000
     3.1: kPhi -0.064350 -> -0.064350  n=1.000  phase=0.000
     4.1: kPhi -0.027205 -> -0.027205  n=1.000  phase=0.000
     5.1: kPhi -0.031712 -> -0.031712  n=1.000  phase=0.000
     6.1: kPhi 0.063742 -> 0.063742  n=1.000  phase=0.000
  center bond (8, 15): objective 1.405138 -> 1.405126  global RMSE 0.590411 -> 0.590397  (accepted, iterations=1)
     1.1: kPhi 0.345735 -> 0.345900  n=2.000  phase=180.000
     2.1: kPhi 0.647567 -> 0.646168  n=2.000  phase=180.000
     3.1: kPhi 0.791149 -> 0.791939  n=2.000  phase=180.000
     4.1: kPhi 1.238463 -> 1.238972  n=2.000  phase=180.000
  center bond (18, 20): objective 1.405126 -> 1.405124  global RMSE 0.590397 -> 0.590387  (accepted, iterations=1)
     1.1: kPhi 1.440292 -> 1.440876  n=2.000  phase=180.000
     2.1: kPhi 1.247560 -> 1.246933  n=2.000  phase=180.000
     3.1: kPhi 0.638704 -> 0.638706  n=2.000  phase=180.000
     4.1: kPhi 0.617841 -> 0.617854  n=2.000  phase=180.000
  per-scan RMSE:
    (3, 14): 0.250743 -> 0.250742
    (6, 13): 0.396700 -> 0.396700
    (8, 15): 0.645926 -> 0.645899
    (18, 20): 0.869987 -> 0.869943

cycle 190: accepted=2 rejected=2  objective 1.405124 -> 1.405110  global RMSE 0.590387 -> 0.590363
  center bond (3, 14): objective 1.405124 -> 1.405124  global RMSE 0.590387 -> 0.590387  (rejected, iterations=1)
     1.1: kPhi -0.024021 -> -0.024021  n=1.000  phase=0.000
     2.1: kPhi 0.062585 -> 0.062585  n=1.000  phase=0.000
     3.1: kPhi -0.038561 -> -0.038561  n=1.000  phase=0.000
     4.1: kPhi 0.025223 -> 0.025223  n=1.000  phase=0.000
     5.1: kPhi -0.066886 -> -0.066886  n=1.000  phase=0.000
     6.1: kPhi 0.041635 -> 0.041635  n=1.000  phase=0.000
  center bond (6, 13): objective 1.405124 -> 1.405124  global RMSE 0.590387 -> 0.590387  (rejected, iterations=1)
     1.1: kPhi 0.025915 -> 0.025915  n=1.000  phase=0.000
     2.1: kPhi 0.033746 -> 0.033746  n=1.000  phase=0.000
     3.1: kPhi -0.064350 -> -0.064350  n=1.000  phase=0.000
     4.1: kPhi -0.027205 -> -0.027205  n=1.000  phase=0.000
     5.1: kPhi -0.031712 -> -0.031712  n=1.000  phase=0.000
     6.1: kPhi 0.063742 -> 0.063742  n=1.000  phase=0.000
  center bond (8, 15): objective 1.405124 -> 1.405112  global RMSE 0.590387 -> 0.590373  (accepted, iterations=1)
     1.1: kPhi 0.345900 -> 0.346062  n=2.000  phase=180.000
     2.1: kPhi 0.646168 -> 0.644782  n=2.000  phase=180.000
     3.1: kPhi 0.791939 -> 0.792721  n=2.000  phase=180.000
     4.1: kPhi 1.238972 -> 1.239476  n=2.000  phase=180.000
  center bond (18, 20): objective 1.405112 -> 1.405110  global RMSE 0.590373 -> 0.590363  (accepted, iterations=1)
     1.1: kPhi 1.440876 -> 1.441453  n=2.000  phase=180.000
     2.1: kPhi 1.246933 -> 1.246314  n=2.000  phase=180.000
     3.1: kPhi 0.638706 -> 0.638709  n=2.000  phase=180.000
     4.1: kPhi 0.617854 -> 0.617866  n=2.000  phase=180.000
  per-scan RMSE:
    (3, 14): 0.250742 -> 0.250742
    (6, 13): 0.396700 -> 0.396700
    (8, 15): 0.645899 -> 0.645871
    (18, 20): 0.869943 -> 0.869899

cycle 191: accepted=2 rejected=2  objective 1.405110 -> 1.405096  global RMSE 0.590363 -> 0.590340
  center bond (3, 14): objective 1.405110 -> 1.405110  global RMSE 0.590363 -> 0.590363  (rejected, iterations=1)
     1.1: kPhi -0.024021 -> -0.024021  n=1.000  phase=0.000
     2.1: kPhi 0.062585 -> 0.062585  n=1.000  phase=0.000
     3.1: kPhi -0.038561 -> -0.038561  n=1.000  phase=0.000
     4.1: kPhi 0.025223 -> 0.025223  n=1.000  phase=0.000
     5.1: kPhi -0.066886 -> -0.066886  n=1.000  phase=0.000
     6.1: kPhi 0.041635 -> 0.041635  n=1.000  phase=0.000
  center bond (6, 13): objective 1.405110 -> 1.405110  global RMSE 0.590363 -> 0.590363  (rejected, iterations=1)
     1.1: kPhi 0.025915 -> 0.025915  n=1.000  phase=0.000
     2.1: kPhi 0.033746 -> 0.033746  n=1.000  phase=0.000
     3.1: kPhi -0.064350 -> -0.064350  n=1.000  phase=0.000
     4.1: kPhi -0.027205 -> -0.027205  n=1.000  phase=0.000
     5.1: kPhi -0.031712 -> -0.031712  n=1.000  phase=0.000
     6.1: kPhi 0.063742 -> 0.063742  n=1.000  phase=0.000
  center bond (8, 15): objective 1.405110 -> 1.405099  global RMSE 0.590363 -> 0.590349  (accepted, iterations=1)
     1.1: kPhi 0.346062 -> 0.346222  n=2.000  phase=180.000
     2.1: kPhi 0.644782 -> 0.643411  n=2.000  phase=180.000
     3.1: kPhi 0.792721 -> 0.793495  n=2.000  phase=180.000
     4.1: kPhi 1.239476 -> 1.239976  n=2.000  phase=180.000
  center bond (18, 20): objective 1.405099 -> 1.405096  global RMSE 0.590349 -> 0.590340  (accepted, iterations=1)
     1.1: kPhi 1.441453 -> 1.442022  n=2.000  phase=180.000
     2.1: kPhi 1.246314 -> 1.245702  n=2.000  phase=180.000
     3.1: kPhi 0.638709 -> 0.638711  n=2.000  phase=180.000
     4.1: kPhi 0.617866 -> 0.617878  n=2.000  phase=180.000
  per-scan RMSE:
    (3, 14): 0.250742 -> 0.250742
    (6, 13): 0.396700 -> 0.396699
    (8, 15): 0.645871 -> 0.645844
    (18, 20): 0.869899 -> 0.869855

cycle 192: accepted=2 rejected=2  objective 1.405096 -> 1.405083  global RMSE 0.590340 -> 0.590316
  center bond (3, 14): objective 1.405096 -> 1.405096  global RMSE 0.590340 -> 0.590340  (rejected, iterations=1)
     1.1: kPhi -0.024021 -> -0.024021  n=1.000  phase=0.000
     2.1: kPhi 0.062585 -> 0.062585  n=1.000  phase=0.000
     3.1: kPhi -0.038561 -> -0.038561  n=1.000  phase=0.000
     4.1: kPhi 0.025223 -> 0.025223  n=1.000  phase=0.000
     5.1: kPhi -0.066886 -> -0.066886  n=1.000  phase=0.000
     6.1: kPhi 0.041635 -> 0.041635  n=1.000  phase=0.000
  center bond (6, 13): objective 1.405096 -> 1.405096  global RMSE 0.590340 -> 0.590340  (rejected, iterations=1)
     1.1: kPhi 0.025915 -> 0.025915  n=1.000  phase=0.000
     2.1: kPhi 0.033746 -> 0.033746  n=1.000  phase=0.000
     3.1: kPhi -0.064350 -> -0.064350  n=1.000  phase=0.000
     4.1: kPhi -0.027205 -> -0.027205  n=1.000  phase=0.000
     5.1: kPhi -0.031712 -> -0.031712  n=1.000  phase=0.000
     6.1: kPhi 0.063742 -> 0.063742  n=1.000  phase=0.000
  center bond (8, 15): objective 1.405096 -> 1.405085  global RMSE 0.590340 -> 0.590326  (accepted, iterations=1)
     1.1: kPhi 0.346222 -> 0.346381  n=2.000  phase=180.000
     2.1: kPhi 0.643411 -> 0.642054  n=2.000  phase=180.000
     3.1: kPhi 0.793495 -> 0.794260  n=2.000  phase=180.000
     4.1: kPhi 1.239976 -> 1.240471  n=2.000  phase=180.000
  center bond (18, 20): objective 1.405085 -> 1.405083  global RMSE 0.590326 -> 0.590316  (accepted, iterations=1)
     1.1: kPhi 1.442022 -> 1.442585  n=2.000  phase=180.000
     2.1: kPhi 1.245702 -> 1.245098  n=2.000  phase=180.000
     3.1: kPhi 0.638711 -> 0.638713  n=2.000  phase=180.000
     4.1: kPhi 0.617878 -> 0.617890  n=2.000  phase=180.000
  per-scan RMSE:
    (3, 14): 0.250742 -> 0.250741
    (6, 13): 0.396699 -> 0.396699
    (8, 15): 0.645844 -> 0.645817
    (18, 20): 0.869855 -> 0.869812

cycle 193: accepted=2 rejected=2  objective 1.405083 -> 1.405070  global RMSE 0.590316 -> 0.590293
  center bond (3, 14): objective 1.405083 -> 1.405083  global RMSE 0.590316 -> 0.590316  (rejected, iterations=1)
     1.1: kPhi -0.024021 -> -0.024021  n=1.000  phase=0.000
     2.1: kPhi 0.062585 -> 0.062585  n=1.000  phase=0.000
     3.1: kPhi -0.038561 -> -0.038561  n=1.000  phase=0.000
     4.1: kPhi 0.025223 -> 0.025223  n=1.000  phase=0.000
     5.1: kPhi -0.066886 -> -0.066886  n=1.000  phase=0.000
     6.1: kPhi 0.041635 -> 0.041635  n=1.000  phase=0.000
  center bond (6, 13): objective 1.405083 -> 1.405083  global RMSE 0.590316 -> 0.590316  (rejected, iterations=1)
     1.1: kPhi 0.025915 -> 0.025915  n=1.000  phase=0.000
     2.1: kPhi 0.033746 -> 0.033746  n=1.000  phase=0.000
     3.1: kPhi -0.064350 -> -0.064350  n=1.000  phase=0.000
     4.1: kPhi -0.027205 -> -0.027205  n=1.000  phase=0.000
     5.1: kPhi -0.031712 -> -0.031712  n=1.000  phase=0.000
     6.1: kPhi 0.063742 -> 0.063742  n=1.000  phase=0.000
  center bond (8, 15): objective 1.405083 -> 1.405072  global RMSE 0.590316 -> 0.590302  (accepted, iterations=1)
     1.1: kPhi 0.346381 -> 0.346538  n=2.000  phase=180.000
     2.1: kPhi 0.642054 -> 0.640711  n=2.000  phase=180.000
     3.1: kPhi 0.794260 -> 0.795018  n=2.000  phase=180.000
     4.1: kPhi 1.240471 -> 1.240961  n=2.000  phase=180.000
  center bond (18, 20): objective 1.405072 -> 1.405070  global RMSE 0.590302 -> 0.590293  (accepted, iterations=1)
     1.1: kPhi 1.442585 -> 1.443140  n=2.000  phase=180.000
     2.1: kPhi 1.245098 -> 1.244502  n=2.000  phase=180.000
     3.1: kPhi 0.638713 -> 0.638715  n=2.000  phase=180.000
     4.1: kPhi 0.617890 -> 0.617901  n=2.000  phase=180.000
  per-scan RMSE:
    (3, 14): 0.250741 -> 0.250741
    (6, 13): 0.396699 -> 0.396699
    (8, 15): 0.645817 -> 0.645790
    (18, 20): 0.869812 -> 0.869769

cycle 194: accepted=2 rejected=2  objective 1.405070 -> 1.405057  global RMSE 0.590293 -> 0.590270
  center bond (3, 14): objective 1.405070 -> 1.405070  global RMSE 0.590293 -> 0.590293  (rejected, iterations=1)
     1.1: kPhi -0.024021 -> -0.024021  n=1.000  phase=0.000
     2.1: kPhi 0.062585 -> 0.062585  n=1.000  phase=0.000
     3.1: kPhi -0.038561 -> -0.038561  n=1.000  phase=0.000
     4.1: kPhi 0.025223 -> 0.025223  n=1.000  phase=0.000
     5.1: kPhi -0.066886 -> -0.066886  n=1.000  phase=0.000
     6.1: kPhi 0.041635 -> 0.041635  n=1.000  phase=0.000
  center bond (6, 13): objective 1.405070 -> 1.405070  global RMSE 0.590293 -> 0.590293  (rejected, iterations=1)
     1.1: kPhi 0.025915 -> 0.025915  n=1.000  phase=0.000
     2.1: kPhi 0.033746 -> 0.033746  n=1.000  phase=0.000
     3.1: kPhi -0.064350 -> -0.064350  n=1.000  phase=0.000
     4.1: kPhi -0.027205 -> -0.027205  n=1.000  phase=0.000
     5.1: kPhi -0.031712 -> -0.031712  n=1.000  phase=0.000
     6.1: kPhi 0.063742 -> 0.063742  n=1.000  phase=0.000
  center bond (8, 15): objective 1.405070 -> 1.405060  global RMSE 0.590293 -> 0.590279  (accepted, iterations=1)
     1.1: kPhi 0.346538 -> 0.346693  n=2.000  phase=180.000
     2.1: kPhi 0.640711 -> 0.639381  n=2.000  phase=180.000
     3.1: kPhi 0.795018 -> 0.795767  n=2.000  phase=180.000
     4.1: kPhi 1.240961 -> 1.241446  n=2.000  phase=180.000
  center bond (18, 20): objective 1.405060 -> 1.405057  global RMSE 0.590279 -> 0.590270  (accepted, iterations=1)
     1.1: kPhi 1.443140 -> 1.443689  n=2.000  phase=180.000
     2.1: kPhi 1.244502 -> 1.243913  n=2.000  phase=180.000
     3.1: kPhi 0.638715 -> 0.638717  n=2.000  phase=180.000
     4.1: kPhi 0.617901 -> 0.617913  n=2.000  phase=180.000
  per-scan RMSE:
    (3, 14): 0.250741 -> 0.250740
    (6, 13): 0.396699 -> 0.396699
    (8, 15): 0.645790 -> 0.645764
    (18, 20): 0.869769 -> 0.869727

cycle 195: accepted=2 rejected=2  objective 1.405057 -> 1.405045  global RMSE 0.590270 -> 0.590248
  center bond (3, 14): objective 1.405057 -> 1.405057  global RMSE 0.590270 -> 0.590270  (rejected, iterations=1)
     1.1: kPhi -0.024021 -> -0.024021  n=1.000  phase=0.000
     2.1: kPhi 0.062585 -> 0.062585  n=1.000  phase=0.000
     3.1: kPhi -0.038561 -> -0.038561  n=1.000  phase=0.000
     4.1: kPhi 0.025223 -> 0.025223  n=1.000  phase=0.000
     5.1: kPhi -0.066886 -> -0.066886  n=1.000  phase=0.000
     6.1: kPhi 0.041635 -> 0.041635  n=1.000  phase=0.000
  center bond (6, 13): objective 1.405057 -> 1.405057  global RMSE 0.590270 -> 0.590270  (rejected, iterations=1)
     1.1: kPhi 0.025915 -> 0.025915  n=1.000  phase=0.000
     2.1: kPhi 0.033746 -> 0.033746  n=1.000  phase=0.000
     3.1: kPhi -0.064350 -> -0.064350  n=1.000  phase=0.000
     4.1: kPhi -0.027205 -> -0.027205  n=1.000  phase=0.000
     5.1: kPhi -0.031712 -> -0.031712  n=1.000  phase=0.000
     6.1: kPhi 0.063742 -> 0.063742  n=1.000  phase=0.000
  center bond (8, 15): objective 1.405057 -> 1.405047  global RMSE 0.590270 -> 0.590257  (accepted, iterations=1)
     1.1: kPhi 0.346693 -> 0.346847  n=2.000  phase=180.000
     2.1: kPhi 0.639381 -> 0.638065  n=2.000  phase=180.000
     3.1: kPhi 0.795767 -> 0.796509  n=2.000  phase=180.000
     4.1: kPhi 1.241446 -> 1.241927  n=2.000  phase=180.000
  center bond (18, 20): objective 1.405047 -> 1.405045  global RMSE 0.590257 -> 0.590248  (accepted, iterations=1)
     1.1: kPhi 1.443689 -> 1.444230  n=2.000  phase=180.000
     2.1: kPhi 1.243913 -> 1.243331  n=2.000  phase=180.000
     3.1: kPhi 0.638717 -> 0.638719  n=2.000  phase=180.000
     4.1: kPhi 0.617913 -> 0.617924  n=2.000  phase=180.000
  per-scan RMSE:
    (3, 14): 0.250740 -> 0.250740
    (6, 13): 0.396699 -> 0.396698
    (8, 15): 0.645764 -> 0.645738
    (18, 20): 0.869727 -> 0.869685

cycle 196: accepted=2 rejected=2  objective 1.405045 -> 1.405032  global RMSE 0.590248 -> 0.590225
  center bond (3, 14): objective 1.405045 -> 1.405045  global RMSE 0.590248 -> 0.590248  (rejected, iterations=1)
     1.1: kPhi -0.024021 -> -0.024021  n=1.000  phase=0.000
     2.1: kPhi 0.062585 -> 0.062585  n=1.000  phase=0.000
     3.1: kPhi -0.038561 -> -0.038561  n=1.000  phase=0.000
     4.1: kPhi 0.025223 -> 0.025223  n=1.000  phase=0.000
     5.1: kPhi -0.066886 -> -0.066886  n=1.000  phase=0.000
     6.1: kPhi 0.041635 -> 0.041635  n=1.000  phase=0.000
  center bond (6, 13): objective 1.405045 -> 1.405045  global RMSE 0.590248 -> 0.590248  (rejected, iterations=1)
     1.1: kPhi 0.025915 -> 0.025915  n=1.000  phase=0.000
     2.1: kPhi 0.033746 -> 0.033746  n=1.000  phase=0.000
     3.1: kPhi -0.064350 -> -0.064350  n=1.000  phase=0.000
     4.1: kPhi -0.027205 -> -0.027205  n=1.000  phase=0.000
     5.1: kPhi -0.031712 -> -0.031712  n=1.000  phase=0.000
     6.1: kPhi 0.063742 -> 0.063742  n=1.000  phase=0.000
  center bond (8, 15): objective 1.405045 -> 1.405035  global RMSE 0.590248 -> 0.590234  (accepted, iterations=1)
     1.1: kPhi 0.346847 -> 0.346999  n=2.000  phase=180.000
     2.1: kPhi 0.638065 -> 0.636762  n=2.000  phase=180.000
     3.1: kPhi 0.796509 -> 0.797243  n=2.000  phase=180.000
     4.1: kPhi 1.241927 -> 1.242404  n=2.000  phase=180.000
  center bond (18, 20): objective 1.405035 -> 1.405032  global RMSE 0.590234 -> 0.590225  (accepted, iterations=1)
     1.1: kPhi 1.444230 -> 1.444765  n=2.000  phase=180.000
     2.1: kPhi 1.243331 -> 1.242757  n=2.000  phase=180.000
     3.1: kPhi 0.638719 -> 0.638720  n=2.000  phase=180.000
     4.1: kPhi 0.617924 -> 0.617936  n=2.000  phase=180.000
  per-scan RMSE:
    (3, 14): 0.250740 -> 0.250740
    (6, 13): 0.396698 -> 0.396698
    (8, 15): 0.645738 -> 0.645712
    (18, 20): 0.869685 -> 0.869643

cycle 197: accepted=2 rejected=2  objective 1.405032 -> 1.405020  global RMSE 0.590225 -> 0.590203
  center bond (3, 14): objective 1.405032 -> 1.405032  global RMSE 0.590225 -> 0.590225  (rejected, iterations=1)
     1.1: kPhi -0.024021 -> -0.024021  n=1.000  phase=0.000
     2.1: kPhi 0.062585 -> 0.062585  n=1.000  phase=0.000
     3.1: kPhi -0.038561 -> -0.038561  n=1.000  phase=0.000
     4.1: kPhi 0.025223 -> 0.025223  n=1.000  phase=0.000
     5.1: kPhi -0.066886 -> -0.066886  n=1.000  phase=0.000
     6.1: kPhi 0.041635 -> 0.041635  n=1.000  phase=0.000
  center bond (6, 13): objective 1.405032 -> 1.405032  global RMSE 0.590225 -> 0.590225  (rejected, iterations=1)
     1.1: kPhi 0.025915 -> 0.025915  n=1.000  phase=0.000
     2.1: kPhi 0.033746 -> 0.033746  n=1.000  phase=0.000
     3.1: kPhi -0.064350 -> -0.064350  n=1.000  phase=0.000
     4.1: kPhi -0.027205 -> -0.027205  n=1.000  phase=0.000
     5.1: kPhi -0.031712 -> -0.031712  n=1.000  phase=0.000
     6.1: kPhi 0.063742 -> 0.063742  n=1.000  phase=0.000
  center bond (8, 15): objective 1.405032 -> 1.405023  global RMSE 0.590225 -> 0.590212  (accepted, iterations=1)
     1.1: kPhi 0.346999 -> 0.347150  n=2.000  phase=180.000
     2.1: kPhi 0.636762 -> 0.635473  n=2.000  phase=180.000
     3.1: kPhi 0.797243 -> 0.797969  n=2.000  phase=180.000
     4.1: kPhi 1.242404 -> 1.242876  n=2.000  phase=180.000
  center bond (18, 20): objective 1.405023 -> 1.405020  global RMSE 0.590212 -> 0.590203  (accepted, iterations=1)
     1.1: kPhi 1.444765 -> 1.445293  n=2.000  phase=180.000
     2.1: kPhi 1.242757 -> 1.242190  n=2.000  phase=180.000
     3.1: kPhi 0.638720 -> 0.638722  n=2.000  phase=180.000
     4.1: kPhi 0.617936 -> 0.617947  n=2.000  phase=180.000
  per-scan RMSE:
    (3, 14): 0.250740 -> 0.250739
    (6, 13): 0.396698 -> 0.396698
    (8, 15): 0.645712 -> 0.645687
    (18, 20): 0.869643 -> 0.869602

cycle 198: accepted=2 rejected=2  objective 1.405020 -> 1.405009  global RMSE 0.590203 -> 0.590181
  center bond (3, 14): objective 1.405020 -> 1.405020  global RMSE 0.590203 -> 0.590203  (rejected, iterations=1)
     1.1: kPhi -0.024021 -> -0.024021  n=1.000  phase=0.000
     2.1: kPhi 0.062585 -> 0.062585  n=1.000  phase=0.000
     3.1: kPhi -0.038561 -> -0.038561  n=1.000  phase=0.000
     4.1: kPhi 0.025223 -> 0.025223  n=1.000  phase=0.000
     5.1: kPhi -0.066886 -> -0.066886  n=1.000  phase=0.000
     6.1: kPhi 0.041635 -> 0.041635  n=1.000  phase=0.000
  center bond (6, 13): objective 1.405020 -> 1.405020  global RMSE 0.590203 -> 0.590203  (rejected, iterations=1)
     1.1: kPhi 0.025915 -> 0.025915  n=1.000  phase=0.000
     2.1: kPhi 0.033746 -> 0.033746  n=1.000  phase=0.000
     3.1: kPhi -0.064350 -> -0.064350  n=1.000  phase=0.000
     4.1: kPhi -0.027205 -> -0.027205  n=1.000  phase=0.000
     5.1: kPhi -0.031712 -> -0.031712  n=1.000  phase=0.000
     6.1: kPhi 0.063742 -> 0.063742  n=1.000  phase=0.000
  center bond (8, 15): objective 1.405020 -> 1.405011  global RMSE 0.590203 -> 0.590190  (accepted, iterations=1)
     1.1: kPhi 0.347150 -> 0.347298  n=2.000  phase=180.000
     2.1: kPhi 0.635473 -> 0.634196  n=2.000  phase=180.000
     3.1: kPhi 0.797969 -> 0.798688  n=2.000  phase=180.000
     4.1: kPhi 1.242876 -> 1.243343  n=2.000  phase=180.000
  center bond (18, 20): objective 1.405011 -> 1.405009  global RMSE 0.590190 -> 0.590181  (accepted, iterations=1)
     1.1: kPhi 1.445293 -> 1.445815  n=2.000  phase=180.000
     2.1: kPhi 1.242190 -> 1.241629  n=2.000  phase=180.000
     3.1: kPhi 0.638722 -> 0.638724  n=2.000  phase=180.000
     4.1: kPhi 0.617947 -> 0.617958  n=2.000  phase=180.000
  per-scan RMSE:
    (3, 14): 0.250739 -> 0.250739
    (6, 13): 0.396698 -> 0.396698
    (8, 15): 0.645687 -> 0.645662
    (18, 20): 0.869602 -> 0.869562

cycle 199: accepted=2 rejected=2  objective 1.405009 -> 1.404997  global RMSE 0.590181 -> 0.590160
  center bond (3, 14): objective 1.405009 -> 1.405009  global RMSE 0.590181 -> 0.590181  (rejected, iterations=1)
     1.1: kPhi -0.024021 -> -0.024021  n=1.000  phase=0.000
     2.1: kPhi 0.062585 -> 0.062585  n=1.000  phase=0.000
     3.1: kPhi -0.038561 -> -0.038561  n=1.000  phase=0.000
     4.1: kPhi 0.025223 -> 0.025223  n=1.000  phase=0.000
     5.1: kPhi -0.066886 -> -0.066886  n=1.000  phase=0.000
     6.1: kPhi 0.041635 -> 0.041635  n=1.000  phase=0.000
  center bond (6, 13): objective 1.405009 -> 1.405009  global RMSE 0.590181 -> 0.590181  (rejected, iterations=1)
     1.1: kPhi 0.025915 -> 0.025915  n=1.000  phase=0.000
     2.1: kPhi 0.033746 -> 0.033746  n=1.000  phase=0.000
     3.1: kPhi -0.064350 -> -0.064350  n=1.000  phase=0.000
     4.1: kPhi -0.027205 -> -0.027205  n=1.000  phase=0.000
     5.1: kPhi -0.031712 -> -0.031712  n=1.000  phase=0.000
     6.1: kPhi 0.063742 -> 0.063742  n=1.000  phase=0.000
  center bond (8, 15): objective 1.405009 -> 1.404999  global RMSE 0.590181 -> 0.590168  (accepted, iterations=1)
     1.1: kPhi 0.347298 -> 0.347446  n=2.000  phase=180.000
     2.1: kPhi 0.634196 -> 0.632932  n=2.000  phase=180.000
     3.1: kPhi 0.798688 -> 0.799399  n=2.000  phase=180.000
     4.1: kPhi 1.243343 -> 1.243806  n=2.000  phase=180.000
  center bond (18, 20): objective 1.404999 -> 1.404997  global RMSE 0.590168 -> 0.590160  (accepted, iterations=1)
     1.1: kPhi 1.445815 -> 1.446330  n=2.000  phase=180.000
     2.1: kPhi 1.241629 -> 1.241076  n=2.000  phase=180.000
     3.1: kPhi 0.638724 -> 0.638726  n=2.000  phase=180.000
     4.1: kPhi 0.617958 -> 0.617969  n=2.000  phase=180.000
  per-scan RMSE:
    (3, 14): 0.250739 -> 0.250738
    (6, 13): 0.396698 -> 0.396698
    (8, 15): 0.645662 -> 0.645637
    (18, 20): 0.869562 -> 0.869522

cycle 200: accepted=2 rejected=2  objective 1.404997 -> 1.404986  global RMSE 0.590160 -> 0.590138
  center bond (3, 14): objective 1.404997 -> 1.404997  global RMSE 0.590160 -> 0.590160  (rejected, iterations=1)
     1.1: kPhi -0.024021 -> -0.024021  n=1.000  phase=0.000
     2.1: kPhi 0.062585 -> 0.062585  n=1.000  phase=0.000
     3.1: kPhi -0.038561 -> -0.038561  n=1.000  phase=0.000
     4.1: kPhi 0.025223 -> 0.025223  n=1.000  phase=0.000
     5.1: kPhi -0.066886 -> -0.066886  n=1.000  phase=0.000
     6.1: kPhi 0.041635 -> 0.041635  n=1.000  phase=0.000
  center bond (6, 13): objective 1.404997 -> 1.404997  global RMSE 0.590160 -> 0.590160  (rejected, iterations=1)
     1.1: kPhi 0.025915 -> 0.025915  n=1.000  phase=0.000
     2.1: kPhi 0.033746 -> 0.033746  n=1.000  phase=0.000
     3.1: kPhi -0.064350 -> -0.064350  n=1.000  phase=0.000
     4.1: kPhi -0.027205 -> -0.027205  n=1.000  phase=0.000
     5.1: kPhi -0.031712 -> -0.031712  n=1.000  phase=0.000
     6.1: kPhi 0.063742 -> 0.063742  n=1.000  phase=0.000
  center bond (8, 15): objective 1.404997 -> 1.404988  global RMSE 0.590160 -> 0.590147  (accepted, iterations=1)
     1.1: kPhi 0.347446 -> 0.347591  n=2.000  phase=180.000
     2.1: kPhi 0.632932 -> 0.631682  n=2.000  phase=180.000
     3.1: kPhi 0.799399 -> 0.800102  n=2.000  phase=180.000
     4.1: kPhi 1.243806 -> 1.244265  n=2.000  phase=180.000
  center bond (18, 20): objective 1.404988 -> 1.404986  global RMSE 0.590147 -> 0.590138  (accepted, iterations=1)
     1.1: kPhi 1.446330 -> 1.446838  n=2.000  phase=180.000
     2.1: kPhi 1.241076 -> 1.240530  n=2.000  phase=180.000
     3.1: kPhi 0.638726 -> 0.638728  n=2.000  phase=180.000
     4.1: kPhi 0.617969 -> 0.617980  n=2.000  phase=180.000
  per-scan RMSE:
    (3, 14): 0.250738 -> 0.250738
    (6, 13): 0.396698 -> 0.396697
    (8, 15): 0.645637 -> 0.645612
    (18, 20): 0.869522 -> 0.869482
[Final] Exporting final GROMACS topology and coordinates...
        Writing final corrected parameter report...

============================================================================================================
                                    Parmfit Correction Parameter Report                                     
============================================================================================================
mol2:   /home/hungn/Desktop/MyRepo/MLP/MAPLE/maple/function/dispatcher/parmfit/example/PPI_ff.mol2
frcmod: /home/hungn/Desktop/MyRepo/MLP/MAPLE/maple/function/dispatcher/parmfit/example/PPI_ff.frcmod
Display convention: left = original assigned parameter | right = corrected system parameter
Only changed force-field items are shown below.


------------------------------------------------------------------------------------------------------------
                                                   BONDS                                                    
------------------------------------------------------------------------------------------------------------
(1,2)            ca-ca             k=354.250000  r=1.399000           | 	 k=307.680298  r=1.421185          
(1,6)            ca-ca             k=354.250000  r=1.399000           | 	 k=334.902481  r=1.406597          
(1,7)            ca-cc             k=296.500000  r=1.453000           | 	 k=283.164455  r=1.434694          
(2,3)            ca-ca             k=354.250000  r=1.399000           | 	 k=342.986956  r=1.393617          
(2,9)            ca-ss             k=213.480000  r=1.785000           | 	 k=173.211644  r=1.756143          
(3,4)            ca-ca             k=354.250000  r=1.399000           | 	 k=329.744792  r=1.409008          
(3,14)           ca-c3             k=243.910000  r=1.515000           | 	 k=270.189827  r=1.503925          
(4,5)            ca-ca             k=354.250000  r=1.399000           | 	 k=311.127985  r=1.421760          
(4,10)           ca-cc             k=296.500000  r=1.453000           | 	 k=291.952111  r=1.442985          
(5,6)            ca-ca             k=354.250000  r=1.399000           | 	 k=347.653125  r=1.392638          
(5,12)           ca-ss             k=213.480000  r=1.785000           | 	 k=185.368194  r=1.746451          
(6,13)           ca-c3             k=243.910000  r=1.515000           | 	 k=273.540022  r=1.500638          
(7,8)            cc-cd             k=386.240000  r=1.373000           | 	 k=502.367996  r=1.362187          
(7,29)           cc-ha             k=364.120000  r=1.084000           | 	 k=394.892033  r=1.086687          
(8,9)            cd-ss             k=226.530000  r=1.762000           | 	 k=182.296991  r=1.755267          
(8,15)           cd-cd             k=321.490000  r=1.428000           | 	 k=284.913085  r=1.456120          
(10,11)          cc-cd             k=386.240000  r=1.373000           | 	 k=552.397650  r=1.350165          
(10,30)          cc-ha             k=364.120000  r=1.084000           | 	 k=393.122257  r=1.086401          
(11,12)          cd-ss             k=226.530000  r=1.762000           | 	 k=211.777399  r=1.732730          
(11,31)          cd-h4             k=367.290000  r=1.082000           | 	 k=414.124648  r=1.082948          
(13,32)          c3-hc             k=345.250000  r=1.096000           | 	 k=359.891910  r=1.096359          
(13,33)          c3-hc             k=345.250000  r=1.096000           | 	 k=367.689063  r=1.093231          
(13,34)          c3-hc             k=345.250000  r=1.096000           | 	 k=359.847143  r=1.096402          
(14,35)          c3-hc             k=345.250000  r=1.096000           | 	 k=369.058439  r=1.092532          
(14,36)          c3-hc             k=345.250000  r=1.096000           | 	 k=359.619919  r=1.097202          
(14,37)          c3-hc             k=345.250000  r=1.096000           | 	 k=359.004747  r=1.097180          
(15,16)          cd-cc             k=386.240000  r=1.373000           | 	 k=450.571602  r=1.374936          
(15,19)          cd-ss             k=226.530000  r=1.762000           | 	 k=207.723128  r=1.732156          
(16,17)          cc-cc             k=322.020000  r=1.427000           | 	 k=348.708053  r=1.418492          
(16,38)          cc-ha             k=364.120000  r=1.084000           | 	 k=397.882902  r=1.084843          
(17,18)          cc-cd             k=386.240000  r=1.373000           | 	 k=423.736879  r=1.377147          
(17,39)          cc-ha             k=364.120000  r=1.084000           | 	 k=406.777608  r=1.085036          
(18,19)          cd-ss             k=226.530000  r=1.762000           | 	 k=196.168843  r=1.741852          
(18,20)          cd-ca             k=288.790000  r=1.461000           | 	 k=261.567803  r=1.464597          
(20,21)          ca-ca             k=354.250000  r=1.399000           | 	 k=313.429507  r=1.441751          
(20,25)          ca-ca             k=354.250000  r=1.399000           | 	 k=415.278535  r=1.382227          
(21,22)          ca-ca             k=354.250000  r=1.399000           | 	 k=261.193855  r=1.449590          
(21,26)          ca-nc             k=329.990000  r=1.385000           | 	 k=436.534485  r=1.330883          
(22,23)          ca-ca             k=354.250000  r=1.399000           | 	 k=367.279719  r=1.423425          
(22,28)          ca-nc             k=329.990000  r=1.385000           | 	 k=415.587291  r=1.333091          
(23,24)          ca-ca             k=354.250000  r=1.399000           | 	 k=498.152824  r=1.360449          
(23,40)          ca-ha             k=360.690000  r=1.086000           | 	 k=408.128642  r=1.084746          
(24,25)          ca-ca             k=354.250000  r=1.399000           | 	 k=331.880829  r=1.418469          
(24,41)          ca-ha             k=360.690000  r=1.086000           | 	 k=391.885752  r=1.087341          
(25,42)          ca-ha             k=360.690000  r=1.086000           | 	 k=392.159461  r=1.084839          
(26,27)          nc-ss             k=319.400000  r=1.670000           | 	 k=247.421042  r=1.618577          
(27,28)          ss-nc             k=319.400000  r=1.670000           | 	 k=253.821856  r=1.618272          

------------------------------------------------------------------------------------------------------------
                                                   ANGLES                                                   
------------------------------------------------------------------------------------------------------------
(2,1,6)          ca-ca-ca                k=63.670000  theta=120.0200          | 	 k=106.545149  theta=120.2039        
(2,1,7)          ca-ca-cc                k=62.190000  theta=120.9100          | 	 k=93.408708  theta=112.0678         
(6,1,7)          ca-ca-cc                k=62.190000  theta=120.9100          | 	 k=105.986603  theta=127.7282        
(1,2,3)          ca-ca-ca                k=63.670000  theta=120.0200          | 	 k=85.994842  theta=122.8356         
(1,2,9)          ca-ca-ss                k=63.090000  theta=120.0600          | 	 k=75.875052  theta=110.2162         
(3,2,9)          ca-ca-ss                k=63.090000  theta=120.0600          | 	 k=95.404537  theta=126.9482         
(2,3,4)          ca-ca-ca                k=63.670000  theta=120.0200          | 	 k=67.792678  theta=117.1023         
(2,3,14)         ca-ca-c3                k=60.740000  theta=120.8300          | 	 k=66.551155  theta=122.1479         
(4,3,14)         ca-ca-c3                k=60.740000  theta=120.8300          | 	 k=67.085409  theta=120.7498         
(3,4,5)          ca-ca-ca                k=63.670000  theta=120.0200          | 	 k=110.726889  theta=119.8283        
(3,4,10)         ca-ca-cc                k=62.190000  theta=120.9100          | 	 k=98.795908  theta=128.6532         
(5,4,10)         ca-ca-cc                k=62.190000  theta=120.9100          | 	 k=88.593821  theta=111.5185         
(4,5,6)          ca-ca-ca                k=63.670000  theta=120.0200          | 	 k=95.199573  theta=123.1561         
(4,5,12)         ca-ca-ss                k=63.090000  theta=120.0600          | 	 k=91.137412  theta=110.5111         
(6,5,12)         ca-ca-ss                k=63.090000  theta=120.0600          | 	 k=105.142154  theta=126.3328        
(1,6,5)          ca-ca-ca                k=63.670000  theta=120.0200          | 	 k=63.616565  theta=116.8737         
(1,6,13)         ca-ca-c3                k=60.740000  theta=120.8300          | 	 k=63.581527  theta=120.3859         
(5,6,13)         ca-ca-c3                k=60.740000  theta=120.8300          | 	 k=63.273496  theta=122.7404         
(1,7,8)          ca-cc-cd                k=64.000000  theta=116.0300          | 	 k=66.586341  theta=114.1432         
(1,7,29)         ca-cc-ha                k=42.980000  theta=122.9000          | 	 k=29.194544  theta=122.7278         
(8,7,29)         cd-cc-ha                k=45.300000  theta=121.4000          | 	 k=29.759332  theta=123.1290         
(7,8,9)          cc-cd-ss                k=65.840000  theta=113.3500          | 	 k=72.499341  theta=111.5264         
(7,8,15)         cc-cd-cd                k=64.570000  theta=116.2100          | 	 k=64.168282  theta=127.4272         
(9,8,15)         ss-cd-cd                k=63.380000  theta=120.2700          | 	 k=61.653645  theta=121.0464         
(2,9,8)          ca-ss-cd                k=100.960000  theta=90.4300          | 	 k=180.770719  theta=92.0464         
(4,10,11)        ca-cc-cd                k=64.000000  theta=116.0300          | 	 k=64.948064  theta=113.1947         
(4,10,30)        ca-cc-ha                k=42.980000  theta=122.9000          | 	 k=30.527434  theta=123.4314         
(11,10,30)       cd-cc-ha                k=45.300000  theta=121.4000          | 	 k=29.608980  theta=123.3739         
(10,11,12)       cc-cd-ss                k=65.840000  theta=113.3500          | 	 k=68.551511  theta=113.0190         
(10,11,31)       cc-cd-h4                k=44.200000  theta=127.6400          | 	 k=29.496549  theta=127.5007         
(12,11,31)       ss-cd-h4                k=41.890000  theta=120.2000          | 	 k=29.635394  theta=119.4803         
(5,12,11)        ca-ss-cd                k=100.960000  theta=90.4300          | 	 k=135.754544  theta=91.7567         
(6,13,32)        ca-c3-hc                k=43.610000  theta=110.6300          | 	 k=55.679792  theta=110.5390         
(6,13,33)        ca-c3-hc                k=43.610000  theta=110.6300          | 	 k=42.350824  theta=112.2090         
(6,13,34)        ca-c3-hc                k=43.610000  theta=110.6300          | 	 k=55.739581  theta=110.5553         
(32,13,33)       hc-c3-hc                k=35.800000  theta=107.7300          | 	 k=33.302846  theta=108.2200         
(32,13,34)       hc-c3-hc                k=35.800000  theta=107.7300          | 	 k=29.909979  theta=106.9222         
(33,13,34)       hc-c3-hc                k=35.800000  theta=107.7300          | 	 k=33.202217  theta=108.2084         
(3,14,35)        ca-c3-hc                k=43.610000  theta=110.6300          | 	 k=42.500563  theta=111.0354         
(3,14,36)        ca-c3-hc                k=43.610000  theta=110.6300          | 	 k=57.806810  theta=111.1600         
(3,14,37)        ca-c3-hc                k=43.610000  theta=110.6300          | 	 k=57.880734  theta=111.1545         
(35,14,36)       hc-c3-hc                k=35.800000  theta=107.7300          | 	 k=32.576822  theta=108.1328         
(35,14,37)       hc-c3-hc                k=35.800000  theta=107.7300          | 	 k=32.577030  theta=108.1395         
(36,14,37)       hc-c3-hc                k=35.800000  theta=107.7300          | 	 k=28.383948  theta=107.0568         
(8,15,16)        cd-cd-cc                k=64.570000  theta=116.2100          | 	 k=72.604241  theta=129.7995         
(8,15,19)        cd-cd-ss                k=63.380000  theta=120.2700          | 	 k=60.548521  theta=119.8462         
(16,15,19)       cc-cd-ss                k=65.840000  theta=113.3500          | 	 k=69.184485  theta=110.3543         
(15,16,17)       cd-cc-cc                k=63.770000  theta=119.1900          | 	 k=78.218927  theta=113.3568         
(15,16,38)       cd-cc-ha                k=45.300000  theta=121.4000          | 	 k=29.009780  theta=123.0148         
(17,16,38)       cc-cc-ha                k=44.200000  theta=119.7100          | 	 k=31.584631  theta=123.6284         
(16,17,18)       cc-cc-cd                k=63.770000  theta=119.1900          | 	 k=78.372269  theta=113.6733         
(16,17,39)       cc-cc-ha                k=44.200000  theta=119.7100          | 	 k=33.759847  theta=125.4714         
(18,17,39)       cd-cc-ha                k=45.300000  theta=121.4000          | 	 k=31.235209  theta=120.8553         
(17,18,19)       cc-cd-ss                k=65.840000  theta=113.3500          | 	 k=72.302209  theta=109.7792         
(17,18,20)       cc-cd-ca                k=61.640000  theta=124.2900          | 	 k=82.426043  theta=130.8836         
(19,18,20)       ss-cd-ca                k=63.130000  theta=119.8200          | 	 k=66.821611  theta=119.3372         
(15,19,18)       cd-ss-cd                k=101.890000  theta=89.9300          | 	 k=104.654167  theta=92.8364         
(18,20,21)       cd-ca-ca                k=62.020000  theta=120.8300          | 	 k=82.738116  theta=123.2568         
(18,20,25)       cd-ca-ca                k=62.020000  theta=120.8300          | 	 k=78.360453  theta=120.6268         
(21,20,25)       ca-ca-ca                k=63.670000  theta=120.0200          | 	 k=103.787197  theta=116.1164        
(20,21,22)       ca-ca-ca                k=63.670000  theta=120.0200          | 	 k=106.004826  theta=120.0406        
(20,21,26)       ca-ca-nc                k=67.400000  theta=121.8700          | 	 k=79.829399  theta=127.9574         
(22,21,26)       ca-ca-nc                k=67.400000  theta=121.8700          | 	 k=80.231083  theta=112.0021         
(21,22,23)       ca-ca-ca                k=63.670000  theta=120.0200          | 	 k=77.204204  theta=120.8228         
(21,22,28)       ca-ca-nc                k=67.400000  theta=121.8700          | 	 k=64.295628  theta=113.7805         
(23,22,28)       ca-ca-nc                k=67.400000  theta=121.8700          | 	 k=71.496227  theta=125.3967         
(22,23,24)       ca-ca-ca                k=63.670000  theta=120.0200          | 	 k=98.061666  theta=117.5943         
(22,23,40)       ca-ca-ha                k=44.900000  theta=119.8800          | 	 k=36.644840  theta=119.9111         
(24,23,40)       ca-ca-ha                k=44.900000  theta=119.8800          | 	 k=37.145181  theta=122.4946         
(23,24,25)       ca-ca-ca                k=63.670000  theta=120.0200          | 	 k=108.582906  theta=122.1805        
(23,24,41)       ca-ca-ha                k=44.900000  theta=119.8800          | 	 k=33.764716  theta=120.1261         
(25,24,41)       ca-ca-ha                k=44.900000  theta=119.8800          | 	 k=34.972055  theta=117.6935         
(20,25,24)       ca-ca-ca                k=63.670000  theta=120.0200          | 	 k=91.586612  theta=123.2454         
(20,25,42)       ca-ca-ha                k=44.900000  theta=119.8800          | 	 k=31.159729  theta=119.0180         
(24,25,42)       ca-ca-ha                k=44.900000  theta=119.8800          | 	 k=34.951225  theta=117.7366         
(21,26,27)       ca-nc-ss                k=87.290000  theta=106.5300          | 	 k=141.450430  theta=107.4984        
(26,27,28)       nc-ss-nc                k=115.960000  theta=98.1600          | 	 k=71.938512  theta=100.3425         
(22,28,27)       ca-nc-ss                k=87.290000  theta=106.5300          | 	 k=129.358879  theta=106.3765        

------------------------------------------------------------------------------------------------------------
                                                 DIHEDRALS                                                  
------------------------------------------------------------------------------------------------------------
(2,3,14,35)        ca-ca-c3-hc                term=1 k=0.000000  n=1.000  phase=0.0000  |  k=-0.024021  n=1.000  phase=0.0000
(2,3,14,36)        ca-ca-c3-hc                term=1 k=0.000000  n=1.000  phase=0.0000  |  k=0.062585  n=1.000  phase=0.0000 
(2,3,14,37)        ca-ca-c3-hc                term=1 k=0.000000  n=1.000  phase=0.0000  |  k=-0.038561  n=1.000  phase=0.0000
(4,3,14,35)        ca-ca-c3-hc                term=1 k=0.000000  n=1.000  phase=0.0000  |  k=0.025223  n=1.000  phase=0.0000 
(4,3,14,36)        ca-ca-c3-hc                term=1 k=0.000000  n=1.000  phase=0.0000  |  k=-0.066886  n=1.000  phase=0.0000
(4,3,14,37)        ca-ca-c3-hc                term=1 k=0.000000  n=1.000  phase=0.0000  |  k=0.041635  n=1.000  phase=0.0000 
(1,6,13,32)        ca-ca-c3-hc                term=1 k=0.000000  n=1.000  phase=0.0000  |  k=0.025915  n=1.000  phase=0.0000 
(1,6,13,33)        ca-ca-c3-hc                term=1 k=0.000000  n=1.000  phase=0.0000  |  k=0.033746  n=1.000  phase=0.0000 
(1,6,13,34)        ca-ca-c3-hc                term=1 k=0.000000  n=1.000  phase=0.0000  |  k=-0.064350  n=1.000  phase=0.0000
(5,6,13,32)        ca-ca-c3-hc                term=1 k=0.000000  n=1.000  phase=0.0000  |  k=-0.027205  n=1.000  phase=0.0000
(5,6,13,33)        ca-ca-c3-hc                term=1 k=0.000000  n=1.000  phase=0.0000  |  k=-0.031712  n=1.000  phase=0.0000
(5,6,13,34)        ca-ca-c3-hc                term=1 k=0.000000  n=1.000  phase=0.0000  |  k=0.063742  n=1.000  phase=0.0000 
(7,8,15,16)        cc-cd-cd-cc                term=1 k=4.000000  n=2.000  phase=180.0000 |  k=0.347591  n=2.000  phase=180.0000
(7,8,15,19)        cc-cd-cd-ss                term=1 k=4.000000  n=2.000  phase=180.0000 |  k=0.631682  n=2.000  phase=180.0000
(9,8,15,16)        ss-cd-cd-cc                term=1 k=4.000000  n=2.000  phase=180.0000 |  k=0.800102  n=2.000  phase=180.0000
(9,8,15,19)        ss-cd-cd-ss                term=1 k=4.000000  n=2.000  phase=180.0000 |  k=1.244265  n=2.000  phase=180.0000
(17,18,20,21)      cc-cd-ca-ca                term=1 k=3.770000  n=2.000  phase=180.0000 |  k=1.446838  n=2.000  phase=180.0000
(17,18,20,25)      cc-cd-ca-ca                term=1 k=3.770000  n=2.000  phase=180.0000 |  k=1.240530  n=2.000  phase=180.0000
(19,18,20,21)      ss-cd-ca-ca                term=1 k=0.700000  n=2.000  phase=180.0000 |  k=0.638728  n=2.000  phase=180.0000
(19,18,20,25)      ss-cd-ca-ca                term=1 k=0.700000  n=2.000  phase=180.0000 |  k=0.617980  n=2.000  phase=180.0000



Program started: 2026-03-24 05:22:47

======================================================================
                      TIMING SUMMARY
======================================================================
Input Reading.......................................   0.001 s  (   0.0 %)
  Settings Parsing....................................   0.000 s  (  18.2 %)
  Coordinate Section Parsing..........................   0.000 s  (  26.3 %)
  Post-Processing Expansion...........................   0.000 s  (   0.3 %)
MLP Initialization..................................   0.128 s  (   0.1 %)
Job Dispatching.....................................  95.568 s  (  99.9 %)
  Parmfit optimization................................  95.564 s  ( 100.0 %)
    Parmfit correction..................................  95.548 s  ( 100.0 %)
      Scan (×4)...........................................  83.427 s  (  87.3 %)
======================================================================
Total wall time: 95.697 s
Total CPU time: 679.566 s
======================================================================

Program ended: 2026-03-24 05:24:22
TOTAL RUN TIME: 0 days 0 hours 1 minutes 35 seconds 697 msec
