
----------------------------------------------------------------------
            Scanning combination 1/73: [0.10]

======================================================================
LBFGS Parameters
======================================================================
memory:     5
curvature:  70.0
max_step:   0.2
max_iter:   256
write_traj: False
traj_every: 1
verbose:    0
======================================================================


                             Coordinates                              
----------------------------------------------------------------------
0    C               -0.7223               0.9648               0.2245
1    C               -1.4269              -0.2687               0.1832
2    C               -2.8145              -0.3501               0.2843
3    C               -3.5194               0.8608               0.4329
4    C               -2.8095               2.0920               0.4731
5    C               -1.4230               2.1754               0.3721
6    C                0.6952               0.7803               0.1012
7    C                1.0784              -0.5204              -0.0291
8    S               -0.3022              -1.6040              -0.0072
9    C               -4.9421               1.0658               0.5593
10   C               -5.2828               2.3661               0.6864
11   S               -3.9156               3.4302               0.6625
12   C               -0.6832               3.4803               0.4157
13   C               -3.5444              -1.6642               0.2391
14   C                2.4336              -1.0335              -0.1724
15   C                2.8746              -2.3288              -0.3064
16   C                4.2845              -2.4339              -0.4209
17   C                4.9349              -1.2209              -0.3757
18   S                3.7737               0.0639              -0.1888
19   C                6.3602              -0.8937              -0.4568
20   C                7.3921              -1.8884              -0.6127
21   C                8.7829              -1.4861              -0.6851
22   C                9.1501              -0.1132              -0.6040
23   C                8.1514               0.7987              -0.4570
24   C                6.7865               0.4192              -0.3849
25   N                7.2494              -3.2083              -0.7063
26   S                8.7276              -3.8474              -0.8676
27   N                9.6304              -2.5049              -0.8291
28   H                1.3986               1.6086               0.1117
29   H               -5.6664               0.2561               0.5530
30   H               -6.2779               2.7792               0.7956
31   H               -0.1008               3.6231              -0.5021
32   H               -1.3569               4.3338               0.5293
33   H                0.0281               3.4919               1.2500
34   H               -2.8469              -2.4963               0.1175
35   H               -4.1176              -1.8308               1.1597
36   H               -4.2581              -1.6923              -0.5938
37   H                2.2053              -3.1825              -0.3221
38   H                4.8399              -3.3591              -0.5347
39   H               10.1954               0.1713              -0.6597
40   H                8.3854               1.8585              -0.3906
41   H                6.0492               1.2062              -0.2673


Energy:                -2548.714831 Convergence criteria  Is converged 
Maximum Force:             0.002776     0.002850  Yes
RMS Force:                 0.001485     0.001900  Yes
Maximum Displacement:      0.000038     0.003150  Yes
RMS Displacement:          0.000021     0.002100  Yes

LBFGS converged at iteration 1.
Final frame written to /home/hungn/Desktop/MyRepo/MLP/MAPLE/maple/function/dispatcher/parmfit/example/PPI_torsionfit_18-20_opt.xyz
Complete trajectory written to /home/hungn/Desktop/MyRepo/MLP/MAPLE/maple/function/dispatcher/parmfit/example/PPI_torsionfit_18-20_traj.xyz

----------------------------------------------------------------------
            Scanning combination 2/73: [5.10]

======================================================================
LBFGS Parameters
======================================================================
memory:     5
curvature:  70.0
max_step:   0.2
max_iter:   256
write_traj: False
traj_every: 1
verbose:    0
======================================================================


                             Coordinates                              
----------------------------------------------------------------------
0    C               -0.7150               0.9629               0.2240
1    C               -1.4184              -0.2740               0.1826
2    C               -2.8027              -0.3611               0.2826
3    C               -3.5002               0.8520               0.4306
4    C               -2.7951               2.0860               0.4716
5    C               -1.4092               2.1778               0.3713
6    C                0.6974               0.7708               0.1000
7    C                1.0743              -0.5305              -0.0313
8    S               -0.3007              -1.6119              -0.0070
9    C               -4.9210               1.0490               0.5562
10   C               -5.2703               2.3459               0.6838
11   S               -3.9085               3.4168               0.6610
12   C               -0.6691               3.4871               0.4151
13   C               -3.5451              -1.6694               0.2386
14   C                2.4256              -1.0353              -0.1827
15   C                2.8815              -2.3267              -0.2987
16   C                4.2900              -2.4077              -0.4092
17   C                4.9198              -1.1822              -0.3987
18   S                3.7435               0.0872              -0.2312
19   C                6.3450              -0.8608              -0.4420
20   C                7.3570              -1.8734              -0.6152
21   C                8.7535              -1.4951              -0.6856
22   C                9.1465              -0.1292              -0.6006
23   C                8.1621               0.8000              -0.4483
24   C                6.7890               0.4460              -0.3679
25   N                7.1899              -3.1911              -0.7106
26   S                8.6569              -3.8557              -0.8747
27   N                9.5820              -2.5289              -0.8324
28   H                1.4102               1.5886               0.1090
29   H               -5.6320               0.2296               0.5481
30   H               -6.2679               2.7523               0.7928
31   H               -0.0873               3.6384              -0.5029
32   H               -1.3475               4.3369               0.5291
33   H                0.0421               3.5069               1.2506
34   H               -2.8624              -2.5134               0.1174
35   H               -4.1206              -1.8252               1.1601
36   H               -4.2608              -1.6867              -0.5933
37   H                2.2251              -3.1895              -0.3041
38   H                4.8593              -3.3245              -0.5114
39   H               10.1976               0.1348              -0.6665
40   H                8.4172               1.8544              -0.3887
41   H                6.0658               1.2477              -0.2453


Energy:                -2548.715104 Convergence criteria  Is converged 
Maximum Force:             0.001463     0.002850  Yes
RMS Force:                 0.000738     0.001900  Yes
Maximum Displacement:      0.001069     0.003150  Yes
RMS Displacement:          0.000624     0.002100  Yes

LBFGS converged at iteration 16.
Final frame written to /home/hungn/Desktop/MyRepo/MLP/MAPLE/maple/function/dispatcher/parmfit/example/PPI_torsionfit_18-20_opt.xyz
Complete trajectory written to /home/hungn/Desktop/MyRepo/MLP/MAPLE/maple/function/dispatcher/parmfit/example/PPI_torsionfit_18-20_traj.xyz

----------------------------------------------------------------------
            Scanning combination 3/73: [10.10]

======================================================================
LBFGS Parameters
======================================================================
memory:     5
curvature:  70.0
max_step:   0.2
max_iter:   256
write_traj: False
traj_every: 1
verbose:    0
======================================================================


                             Coordinates                              
----------------------------------------------------------------------
0    C               -0.7214               0.9637               0.2248
1    C               -1.4208              -0.2728               0.1849
2    C               -2.8049              -0.3598               0.2844
3    C               -3.5108               0.8515               0.4322
4    C               -2.8059               2.0853               0.4734
5    C               -1.4200               2.1738               0.3737
6    C                0.6917               0.7778               0.0915
7    C                1.0745              -0.5209              -0.0479
8    S               -0.2980              -1.6059              -0.0108
9    C               -4.9326               1.0542               0.5576
10   C               -5.2811               2.3523               0.6850
11   S               -3.9165               3.4189               0.6618
12   C               -0.6744               3.4760               0.4152
13   C               -3.5367              -1.6727               0.2380
14   C                2.4270              -1.0242              -0.2010
15   C                2.8856              -2.3170              -0.2798
16   C                4.2927              -2.4005              -0.3921
17   C                4.9224              -1.1762              -0.4273
18   S                3.7433               0.0986              -0.3084
19   C                6.3502              -0.8619              -0.4409
20   C                7.3588              -1.8727              -0.6308
21   C                8.7570              -1.4976              -0.6991
22   C                9.1552              -0.1346              -0.6037
23   C                8.1737               0.7935              -0.4289
24   C                6.7998               0.4426              -0.3446
25   N                7.1887              -3.1896              -0.7342
26   S                8.6544              -3.8570              -0.8956
27   N                9.5821              -2.5327              -0.8474
28   H                1.4011               1.5971               0.1077
29   H               -5.6485               0.2392               0.5500
30   H               -6.2766               2.7670               0.7945
31   H               -0.0930               3.6172              -0.5046
32   H               -1.3502               4.3270               0.5286
33   H                0.0372               3.4867               1.2503
34   H               -2.8535              -2.5174               0.1166
35   H               -4.1093              -1.8283               1.1606
36   H               -4.2490              -1.6888              -0.5961
37   H                2.2334              -3.1840              -0.2561
38   H                4.8589              -3.3229              -0.4588
39   H               10.2084               0.1262              -0.6660
40   H                8.4292               1.8470              -0.3655
41   H                6.0753               1.2408              -0.2150


Energy:                -2548.714821 Convergence criteria  Is converged 
Maximum Force:             0.002544     0.002850  Yes
RMS Force:                 0.001541     0.001900  Yes
Maximum Displacement:      0.002484     0.003150  Yes
RMS Displacement:          0.000967     0.002100  Yes

LBFGS converged at iteration 10.
Final frame written to /home/hungn/Desktop/MyRepo/MLP/MAPLE/maple/function/dispatcher/parmfit/example/PPI_torsionfit_18-20_opt.xyz
Complete trajectory written to /home/hungn/Desktop/MyRepo/MLP/MAPLE/maple/function/dispatcher/parmfit/example/PPI_torsionfit_18-20_traj.xyz

----------------------------------------------------------------------
            Scanning combination 4/73: [15.10]

======================================================================
LBFGS Parameters
======================================================================
memory:     5
curvature:  70.0
max_step:   0.2
max_iter:   256
write_traj: False
traj_every: 1
verbose:    0
======================================================================


                             Coordinates                              
----------------------------------------------------------------------
0    C               -0.7218               0.9693               0.2054
1    C               -1.4197              -0.2698               0.1651
2    C               -2.8028              -0.3624               0.2799
3    C               -3.5084               0.8464               0.4343
4    C               -2.8071               2.0824               0.4769
5    C               -1.4220               2.1776               0.3707
6    C                0.6905               0.7886               0.0514
7    C                1.0708              -0.5090              -0.1032
8    S               -0.2982              -1.6005              -0.0507
9    C               -4.9309               1.0397               0.5605
10   C               -5.2823               2.3360               0.6886
11   S               -3.9233               3.4106               0.6696
12   C               -0.6847               3.4864               0.4182
13   C               -3.5365              -1.6749               0.2395
14   C                2.4242              -1.0113              -0.2538
15   C                2.8911              -2.3023              -0.2029
16   C                4.2993              -2.3875              -0.3089
17   C                4.9213              -1.1667              -0.4445
18   S                3.7328               0.1059              -0.4782
19   C                6.3502              -0.8560              -0.4725
20   C                7.3533              -1.8720              -0.6718
21   C                8.7534              -1.5071              -0.7319
22   C                9.1619              -0.1507              -0.5926
23   C                8.1888               0.7801              -0.3853
24   C                6.8114               0.4377              -0.3221
25   N                7.1714              -3.1837              -0.8103
26   S                8.6297              -3.8580              -1.0041
27   N                9.5700              -2.5442              -0.9164
28   H                1.3987               1.6115               0.0660
29   H               -5.6426               0.2196               0.5504
30   H               -6.2806               2.7425               0.7942
31   H               -0.1027               3.6360              -0.5000
32   H               -1.3637               4.3355               0.5339
33   H                0.0255               3.5007               1.2544
34   H               -2.8512              -2.5178               0.1197
35   H               -4.1115              -1.8290               1.1614
36   H               -4.2515              -1.6944              -0.5927
37   H                2.2462              -3.1650              -0.0831
38   H                4.8744              -3.3063              -0.2975
39   H               10.2168               0.1013              -0.6415
40   H                8.4594               1.8248              -0.2598
41   H                6.0972               1.2351              -0.1396


Energy:                -2548.714950 Convergence criteria  Is converged 
Maximum Force:             0.001350     0.002850  Yes
RMS Force:                 0.000676     0.001900  Yes
Maximum Displacement:      0.002447     0.003150  Yes
RMS Displacement:          0.001058     0.002100  Yes

LBFGS converged at iteration 23.
Final frame written to /home/hungn/Desktop/MyRepo/MLP/MAPLE/maple/function/dispatcher/parmfit/example/PPI_torsionfit_18-20_opt.xyz
Complete trajectory written to /home/hungn/Desktop/MyRepo/MLP/MAPLE/maple/function/dispatcher/parmfit/example/PPI_torsionfit_18-20_traj.xyz

----------------------------------------------------------------------
            Scanning combination 5/73: [20.10]

======================================================================
LBFGS Parameters
======================================================================
memory:     5
curvature:  70.0
max_step:   0.2
max_iter:   256
write_traj: False
traj_every: 1
verbose:    0
======================================================================


                             Coordinates                              
----------------------------------------------------------------------
0    C               -0.7232               0.9699               0.2009
1    C               -1.4203              -0.2693               0.1633
2    C               -2.8033              -0.3625               0.2800
3    C               -3.5091               0.8465               0.4342
4    C               -2.8083               2.0827               0.4766
5    C               -1.4233               2.1779               0.3682
6    C                0.6894               0.7885               0.0506
7    C                1.0722              -0.5086              -0.0982
8    S               -0.2976              -1.5987              -0.0549
9    C               -4.9312               1.0405               0.5602
10   C               -5.2836               2.3367               0.6894
11   S               -3.9244               3.4110               0.6700
12   C               -0.6846               3.4857               0.4184
13   C               -3.5363              -1.6754               0.2391
14   C                2.4257              -1.0110              -0.2521
15   C                2.8925              -2.3015              -0.1935
16   C                4.3006              -2.3856              -0.3003
17   C                4.9222              -1.1683              -0.4670
18   S                3.7340               0.1055              -0.4819
19   C                6.3522              -0.8587              -0.4560
20   C                7.3534              -1.8707              -0.6794
21   C                8.7537              -1.5071              -0.7364
22   C                9.1621              -0.1522              -0.5880
23   C                8.1894               0.7785              -0.3791
24   C                6.8126               0.4360              -0.3106
25   N                7.1704              -3.1819              -0.8198
26   S                8.6286              -3.8578              -1.0068
27   N                9.5697              -2.5445              -0.9218
28   H                1.3970               1.6110               0.0622
29   H               -5.6418               0.2202               0.5506
30   H               -6.2822               2.7425               0.7959
31   H               -0.1026               3.6374              -0.4990
32   H               -1.3628               4.3348               0.5339
33   H                0.0264               3.5018               1.2540
34   H               -2.8508              -2.5178               0.1198
35   H               -4.1107              -1.8311               1.1608
36   H               -4.2515              -1.6984              -0.5928
37   H                2.2438              -3.1626              -0.0798
38   H                4.8750              -3.3049              -0.2882
39   H               10.2160               0.1008              -0.6416
40   H                8.4589               1.8240              -0.2628
41   H                6.0986               1.2356              -0.1419


Energy:                -2548.714498 Convergence criteria  Is converged 
Maximum Force:             0.001697     0.002850  Yes
RMS Force:                 0.000709     0.001900  Yes
Maximum Displacement:      0.001730     0.003150  Yes
RMS Displacement:          0.000738     0.002100  Yes

LBFGS converged at iteration 7.
Final frame written to /home/hungn/Desktop/MyRepo/MLP/MAPLE/maple/function/dispatcher/parmfit/example/PPI_torsionfit_18-20_opt.xyz
Complete trajectory written to /home/hungn/Desktop/MyRepo/MLP/MAPLE/maple/function/dispatcher/parmfit/example/PPI_torsionfit_18-20_traj.xyz

----------------------------------------------------------------------
            Scanning combination 6/73: [25.10]

======================================================================
LBFGS Parameters
======================================================================
memory:     5
curvature:  70.0
max_step:   0.2
max_iter:   256
write_traj: False
traj_every: 1
verbose:    0
======================================================================


                             Coordinates                              
----------------------------------------------------------------------
0    C               -0.7255               0.9745               0.1880
1    C               -1.4206              -0.2657               0.1520
2    C               -2.8039              -0.3623               0.2710
3    C               -3.5118               0.8455               0.4271
4    C               -2.8119               2.0826               0.4701
5    C               -1.4274               2.1804               0.3592
6    C                0.6883               0.7971               0.0367
7    C                1.0745              -0.4987              -0.1115
8    S               -0.2933              -1.5914              -0.0633
9    C               -4.9334               1.0389               0.5604
10   C               -5.2855               2.3349               0.6957
11   S               -3.9273               3.4098               0.6718
12   C               -0.6883               3.4874               0.4159
13   C               -3.5317              -1.6791               0.2363
14   C                2.4270              -1.0048              -0.2746
15   C                2.8947              -2.2897              -0.1483
16   C                4.3029              -2.3798              -0.2518
17   C                4.9228              -1.1733              -0.4859
18   S                3.7297               0.0924              -0.6153
19   C                6.3534              -0.8648              -0.4638
20   C                7.3546              -1.8721              -0.7030
21   C                8.7555              -1.5100              -0.7432
22   C                9.1634              -0.1573              -0.5733
23   C                8.1914               0.7687              -0.3456
24   C                6.8148               0.4241              -0.2803
25   N                7.1690              -3.1779              -0.8844
26   S                8.6259              -3.8502              -1.0904
27   N                9.5699              -2.5426              -0.9597
28   H                1.3931               1.6220               0.0473
29   H               -5.6450               0.2195               0.5529
30   H               -6.2834               2.7403               0.8075
31   H               -0.1049               3.6434              -0.4996
32   H               -1.3638               4.3377               0.5354
33   H                0.0223               3.4969               1.2519
34   H               -2.8410              -2.5177               0.1206
35   H               -4.1032              -1.8353               1.1596
36   H               -4.2487              -1.7126              -0.5938
37   H                2.2471              -3.1429               0.0208
38   H                4.8747              -3.2981              -0.1805
39   H               10.2157               0.1006              -0.6382
40   H                8.4577               1.8152              -0.2263
41   H                6.0998               1.2132              -0.0709


Energy:                -2548.714173 Convergence criteria  Is converged 
Maximum Force:             0.002445     0.002850  Yes
RMS Force:                 0.001025     0.001900  Yes
Maximum Displacement:      0.002168     0.003150  Yes
RMS Displacement:          0.000885     0.002100  Yes

LBFGS converged at iteration 13.
Final frame written to /home/hungn/Desktop/MyRepo/MLP/MAPLE/maple/function/dispatcher/parmfit/example/PPI_torsionfit_18-20_opt.xyz
Complete trajectory written to /home/hungn/Desktop/MyRepo/MLP/MAPLE/maple/function/dispatcher/parmfit/example/PPI_torsionfit_18-20_traj.xyz

----------------------------------------------------------------------
            Scanning combination 7/73: [30.10]

======================================================================
LBFGS Parameters
======================================================================
memory:     5
curvature:  70.0
max_step:   0.2
max_iter:   256
write_traj: False
traj_every: 1
verbose:    0
======================================================================


                             Coordinates                              
----------------------------------------------------------------------
0    C               -0.7224               0.9796               0.1485
1    C               -1.4174              -0.2612               0.1126
2    C               -2.7975              -0.3623               0.2530
3    C               -3.5053               0.8432               0.4214
4    C               -2.8079               2.0818               0.4620
5    C               -1.4241               2.1838               0.3387
6    C                0.6898               0.8002              -0.0169
7    C                1.0726              -0.4971              -0.1654
8    S               -0.2957              -1.5878              -0.1199
9    C               -4.9264               1.0308               0.5660
10   C               -5.2826               2.3248               0.7052
11   S               -3.9270               3.4038               0.6809
12   C               -0.6902               3.4942               0.4054
13   C               -3.5224              -1.6808               0.2295
14   C                2.4268              -1.0091              -0.2836
15   C                2.9029              -2.2722              -0.0289
16   C                4.3114              -2.3642              -0.1358
17   C                4.9199              -1.1772              -0.4702
18   S                3.7226               0.0661              -0.7071
19   C                6.3480              -0.8661              -0.4891
20   C                7.3419              -1.8680              -0.7667
21   C                8.7420              -1.5075              -0.8040
22   C                9.1566              -0.1675              -0.5597
23   C                8.1896               0.7514              -0.2825
24   C                6.8108               0.4114              -0.2486
25   N                7.1486              -3.1646              -1.0031
26   S                8.6006              -3.8293              -1.2597
27   N                9.5503              -2.5319              -1.0764
28   H                1.3963               1.6240              -0.0109
29   H               -5.6337               0.2074               0.5608
30   H               -6.2819               2.7267               0.8217
31   H               -0.1102               3.6613              -0.5106
32   H               -1.3719               4.3389               0.5345
33   H                0.0217               3.5010               1.2408
34   H               -2.8314              -2.5198               0.1175
35   H               -4.0906              -1.8292               1.1563
36   H               -4.2414              -1.7211              -0.5985
37   H                2.2615              -3.1025               0.2451
38   H                4.8952              -3.2677               0.0046
39   H               10.2118               0.0845              -0.5977
40   H                8.4651               1.7836              -0.0858
41   H                6.0911               1.1878              -0.0072


Energy:                -2548.714238 Convergence criteria  Is converged 
Maximum Force:             0.001241     0.002850  Yes
RMS Force:                 0.000555     0.001900  Yes
Maximum Displacement:      0.002899     0.003150  Yes
RMS Displacement:          0.001207     0.002100  Yes

LBFGS converged at iteration 27.
Final frame written to /home/hungn/Desktop/MyRepo/MLP/MAPLE/maple/function/dispatcher/parmfit/example/PPI_torsionfit_18-20_opt.xyz
Complete trajectory written to /home/hungn/Desktop/MyRepo/MLP/MAPLE/maple/function/dispatcher/parmfit/example/PPI_torsionfit_18-20_traj.xyz

----------------------------------------------------------------------
            Scanning combination 8/73: [35.10]

======================================================================
LBFGS Parameters
======================================================================
memory:     5
curvature:  70.0
max_step:   0.2
max_iter:   256
write_traj: False
traj_every: 1
verbose:    0
======================================================================


                             Coordinates                              
----------------------------------------------------------------------
0    C               -0.7226               0.9790               0.1483
1    C               -1.4177              -0.2618               0.1125
2    C               -2.7979              -0.3622               0.2525
3    C               -3.5058               0.8434               0.4202
4    C               -2.8082               2.0819               0.4617
5    C               -1.4243               2.1830               0.3389
6    C                0.6896               0.8001              -0.0182
7    C                1.0722              -0.4973              -0.1643
8    S               -0.2961              -1.5889              -0.1197
9    C               -4.9269               1.0308               0.5656
10   C               -5.2822               2.3250               0.7063
11   S               -3.9271               3.4045               0.6789
12   C               -0.6903               3.4934               0.4043
13   C               -3.5224              -1.6808               0.2296
14   C                2.4275              -1.0073              -0.2798
15   C                2.9029              -2.2694              -0.0223
16   C                4.3107              -2.3615              -0.1305
17   C                4.9203              -1.1832              -0.4933
18   S                3.7231               0.0656              -0.7100
19   C                6.3489              -0.8706              -0.4705
20   C                7.3424              -1.8654              -0.7733
21   C                8.7425              -1.5058              -0.8101
22   C                9.1569              -0.1672              -0.5612
23   C                8.1891               0.7511              -0.2829
24   C                6.8109               0.4090              -0.2378
25   N                7.1479              -3.1617              -1.0089
26   S                8.5992              -3.8287              -1.2609
27   N                9.5502              -2.5321              -1.0781
28   H                1.3971               1.6236              -0.0106
29   H               -5.6345               0.2074               0.5600
30   H               -6.2813               2.7264               0.8238
31   H               -0.1102               3.6611              -0.5116
32   H               -1.3718               4.3381               0.5342
33   H                0.0213               3.4999               1.2396
34   H               -2.8307              -2.5194               0.1174
35   H               -4.0911              -1.8299               1.1561
36   H               -4.2410              -1.7199              -0.5988
37   H                2.2620              -3.1016               0.2452
38   H                4.8937              -3.2651               0.0119
39   H               10.2125               0.0834              -0.5957
40   H                8.4656               1.7829              -0.0861
41   H                6.0927               1.1894              -0.0061


Energy:                -2548.713617 Convergence criteria  Is converged 
Maximum Force:             0.001118     0.002850  Yes
RMS Force:                 0.000548     0.001900  Yes
Maximum Displacement:      0.001050     0.003150  Yes
RMS Displacement:          0.000335     0.002100  Yes

LBFGS converged at iteration 7.
Final frame written to /home/hungn/Desktop/MyRepo/MLP/MAPLE/maple/function/dispatcher/parmfit/example/PPI_torsionfit_18-20_opt.xyz
Complete trajectory written to /home/hungn/Desktop/MyRepo/MLP/MAPLE/maple/function/dispatcher/parmfit/example/PPI_torsionfit_18-20_traj.xyz

----------------------------------------------------------------------
            Scanning combination 9/73: [40.10]

======================================================================
LBFGS Parameters
======================================================================
memory:     5
curvature:  70.0
max_step:   0.2
max_iter:   256
write_traj: False
traj_every: 1
verbose:    0
======================================================================


                             Coordinates                              
----------------------------------------------------------------------
0    C               -0.7223               0.9797               0.1456
1    C               -1.4163              -0.2616               0.1124
2    C               -2.7975              -0.3624               0.2500
3    C               -3.5072               0.8429               0.4150
4    C               -2.8101               2.0815               0.4539
5    C               -1.4261               2.1824               0.3324
6    C                0.6914               0.8039              -0.0202
7    C                1.0757              -0.4924              -0.1679
8    S               -0.2910              -1.5863              -0.1141
9    C               -4.9283               1.0305               0.5640
10   C               -5.2829               2.3251               0.7081
11   S               -3.9281               3.4045               0.6721
12   C               -0.6913               3.4913               0.3976
13   C               -3.5220              -1.6811               0.2269
14   C                2.4298              -1.0057              -0.2966
15   C                2.9050              -2.2575               0.0057
16   C                4.3134              -2.3532              -0.0947
17   C                4.9214              -1.1925              -0.5124
18   S                3.7204               0.0401              -0.8050
19   C                6.3497              -0.8774              -0.4729
20   C                7.3433              -1.8635              -0.7987
21   C                8.7433              -1.5042              -0.8232
22   C                9.1562              -0.1687              -0.5545
23   C                8.1880               0.7425              -0.2554
24   C                6.8103               0.3958              -0.2074
25   N                7.1486              -3.1555              -1.0571
26   S                8.5996              -3.8179              -1.3196
27   N                9.5509              -2.5254              -1.1101
28   H                1.3980               1.6283              -0.0113
29   H               -5.6373               0.2087               0.5583
30   H               -6.2804               2.7263               0.8378
31   H               -0.1125               3.6581              -0.5193
32   H               -1.3711               4.3367               0.5303
33   H                0.0221               3.4938               1.2314
34   H               -2.8300              -2.5192               0.1141
35   H               -4.0914              -1.8314               1.1528
36   H               -4.2404              -1.7192              -0.6018
37   H                2.2629              -3.0756               0.3103
38   H                4.8920              -3.2509               0.0965
39   H               10.2099               0.0893              -0.6006
40   H                8.4604               1.7760              -0.0591
41   H                6.0909               1.1632               0.0630


Energy:                -2548.712844 Convergence criteria  Is converged 
Maximum Force:             0.002350     0.002850  Yes
RMS Force:                 0.000868     0.001900  Yes
Maximum Displacement:      0.001978     0.003150  Yes
RMS Displacement:          0.000567     0.002100  Yes

LBFGS converged at iteration 14.
Final frame written to /home/hungn/Desktop/MyRepo/MLP/MAPLE/maple/function/dispatcher/parmfit/example/PPI_torsionfit_18-20_opt.xyz
Complete trajectory written to /home/hungn/Desktop/MyRepo/MLP/MAPLE/maple/function/dispatcher/parmfit/example/PPI_torsionfit_18-20_traj.xyz

----------------------------------------------------------------------
            Scanning combination 10/73: [45.10]

======================================================================
LBFGS Parameters
======================================================================
memory:     5
curvature:  70.0
max_step:   0.2
max_iter:   256
write_traj: False
traj_every: 1
verbose:    0
======================================================================


                             Coordinates                              
----------------------------------------------------------------------
0    C               -0.7218               0.9797               0.1450
1    C               -1.4161              -0.2613               0.1123
2    C               -2.7971              -0.3623               0.2497
3    C               -3.5065               0.8429               0.4151
4    C               -2.8093               2.0815               0.4537
5    C               -1.4254               2.1828               0.3318
6    C                0.6914               0.8030              -0.0233
7    C                1.0750              -0.4928              -0.1755
8    S               -0.2919              -1.5867              -0.1157
9    C               -4.9276               1.0301               0.5642
10   C               -5.2827               2.3247               0.7079
11   S               -3.9278               3.4041               0.6729
12   C               -0.6909               3.4922               0.3971
13   C               -3.5215              -1.6809               0.2261
14   C                2.4297              -1.0060              -0.3003
15   C                2.9039              -2.2532               0.0210
16   C                4.3106              -2.3490              -0.0844
17   C                4.9232              -1.2026              -0.5345
18   S                3.7238               0.0376              -0.8054
19   C                6.3499              -0.8843              -0.4559
20   C                7.3447              -1.8611              -0.8055
21   C                8.7435              -1.5008              -0.8328
22   C                9.1544              -0.1663              -0.5611
23   C                8.1848               0.7414              -0.2527
24   C                6.8083               0.3903              -0.1941
25   N                7.1488              -3.1522              -1.0680
26   S                8.5997              -3.8156              -1.3247
27   N                9.5514              -2.5233              -1.1157
28   H                1.3980               1.6270              -0.0127
29   H               -5.6364               0.2082               0.5592
30   H               -6.2803               2.7256               0.8370
31   H               -0.1129               3.6590              -0.5202
32   H               -1.3710               4.3375               0.5296
33   H                0.0229               3.4952               1.2306
34   H               -2.8297              -2.5194               0.1135
35   H               -4.0904              -1.8307               1.1523
36   H               -4.2400              -1.7195              -0.6024
37   H                2.2626              -3.0742               0.3209
38   H                4.8922              -3.2446               0.1073
39   H               10.2092               0.0878              -0.5966
40   H                8.4602               1.7722              -0.0491
41   H                6.0884               1.1626               0.0599


Energy:                -2548.711533 Convergence criteria  Is converged 
Maximum Force:             0.002277     0.002850  Yes
RMS Force:                 0.001209     0.001900  Yes
Maximum Displacement:      0.001868     0.003150  Yes
RMS Displacement:          0.000719     0.002100  Yes

LBFGS converged at iteration 7.
Final frame written to /home/hungn/Desktop/MyRepo/MLP/MAPLE/maple/function/dispatcher/parmfit/example/PPI_torsionfit_18-20_opt.xyz
Complete trajectory written to /home/hungn/Desktop/MyRepo/MLP/MAPLE/maple/function/dispatcher/parmfit/example/PPI_torsionfit_18-20_traj.xyz

----------------------------------------------------------------------
            Scanning combination 11/73: [50.10]

======================================================================
LBFGS Parameters
======================================================================
memory:     5
curvature:  70.0
max_step:   0.2
max_iter:   256
write_traj: False
traj_every: 1
verbose:    0
======================================================================


                             Coordinates                              
----------------------------------------------------------------------
0    C               -0.7138               0.9846               0.1157
1    C               -1.4099              -0.2559               0.0875
2    C               -2.7881              -0.3594               0.2398
3    C               -3.4968               0.8440               0.4130
4    C               -2.8002               2.0829               0.4520
5    C               -1.4166               2.1860               0.3197
6    C                0.6965               0.8029              -0.0774
7    C                1.0724              -0.4943              -0.2349
8    S               -0.2965              -1.5828              -0.1704
9    C               -4.9173               1.0279               0.5677
10   C               -5.2736               2.3209               0.7126
11   S               -3.9207               3.4030               0.6761
12   C               -0.6868               3.4985               0.3829
13   C               -3.5104              -1.6785               0.2185
14   C                2.4258              -1.0225              -0.3206
15   C                2.8952              -2.2250               0.1435
16   C                4.3048              -2.3394               0.0441
17   C                4.9141              -1.2407              -0.5112
18   S                3.7197              -0.0426              -0.9341
19   C                6.3424              -0.9173              -0.4942
20   C                7.3477              -1.8665              -0.8808
21   C                8.7407              -1.4805              -0.8975
22   C                9.1339              -0.1588              -0.5499
23   C                8.1561               0.7133              -0.1799
24   C                6.7842               0.3439              -0.1562
25   N                7.1737              -3.1435              -1.2200
26   S                8.6353              -3.7624              -1.5285
27   N                9.5658              -2.4674              -1.2503
28   H                1.4108               1.6208              -0.0609
29   H               -5.6238               0.2035               0.5648
30   H               -6.2728               2.7199               0.8368
31   H               -0.1143               3.6713              -0.5369
32   H               -1.3702               4.3405               0.5206
33   H                0.0304               3.5045               1.2133
34   H               -2.8197              -2.5177               0.1053
35   H               -4.0774              -1.8258               1.1460
36   H               -4.2295              -1.7168              -0.6093
37   H                2.2496              -2.9847               0.5714
38   H                4.8847              -3.1990               0.3609
39   H               10.1859               0.1089              -0.5666
40   H                8.4193               1.7256               0.1111
41   H                6.0467               1.0774               0.1529


Energy:                -2548.711518 Convergence criteria  Is converged 
Maximum Force:             0.002726     0.002850  Yes
RMS Force:                 0.001233     0.001900  Yes
Maximum Displacement:      0.001969     0.003150  Yes
RMS Displacement:          0.000878     0.002100  Yes

LBFGS converged at iteration 20.
Final frame written to /home/hungn/Desktop/MyRepo/MLP/MAPLE/maple/function/dispatcher/parmfit/example/PPI_torsionfit_18-20_opt.xyz
Complete trajectory written to /home/hungn/Desktop/MyRepo/MLP/MAPLE/maple/function/dispatcher/parmfit/example/PPI_torsionfit_18-20_traj.xyz

----------------------------------------------------------------------
            Scanning combination 12/73: [55.10]

======================================================================
LBFGS Parameters
======================================================================
memory:     5
curvature:  70.0
max_step:   0.2
max_iter:   256
write_traj: False
traj_every: 1
verbose:    0
======================================================================


                             Coordinates                              
----------------------------------------------------------------------
0    C               -0.7146               0.9839               0.1103
1    C               -1.4108              -0.2565               0.0794
2    C               -2.7888              -0.3598               0.2380
3    C               -3.4966               0.8441               0.4140
4    C               -2.7999               2.0829               0.4501
5    C               -1.4165               2.1858               0.3150
6    C                0.6972               0.8020              -0.0729
7    C                1.0743              -0.4951              -0.2253
8    S               -0.2954              -1.5835              -0.1732
9    C               -4.9172               1.0287               0.5681
10   C               -5.2741               2.3223               0.7119
11   S               -3.9200               3.4033               0.6767
12   C               -0.6857               3.4977               0.3822
13   C               -3.5121              -1.6788               0.2184
14   C                2.4277              -1.0216              -0.3141
15   C                2.8984              -2.2204               0.1549
16   C                4.3065              -2.3325               0.0580
17   C                4.9177              -1.2524              -0.5313
18   S                3.7206              -0.0483              -0.9397
19   C                6.3447              -0.9236              -0.4783
20   C                7.3477              -1.8634              -0.8892
21   C                8.7410              -1.4780              -0.9043
22   C                9.1349              -0.1595              -0.5411
23   C                8.1556               0.7136              -0.1723
24   C                6.7848               0.3400              -0.1423
25   N                7.1696              -3.1398              -1.2299
26   S                8.6302              -3.7610              -1.5383
27   N                9.5631              -2.4678              -1.2576
28   H                1.4103               1.6211              -0.0665
29   H               -5.6234               0.2044               0.5647
30   H               -6.2728               2.7214               0.8395
31   H               -0.1137               3.6703              -0.5377
32   H               -1.3695               4.3395               0.5201
33   H                0.0324               3.5041               1.2123
34   H               -2.8200              -2.5167               0.1053
35   H               -4.0792              -1.8276               1.1457
36   H               -4.2315              -1.7186              -0.6093
37   H                2.2529              -2.9853               0.5720
38   H                4.8774              -3.1997               0.3697
39   H               10.1863               0.1118              -0.5674
40   H                8.4166               1.7305               0.1068
41   H                6.0492               1.0813               0.1541


Energy:                -2548.710347 Convergence criteria  Is converged 
Maximum Force:             0.002132     0.002850  Yes
RMS Force:                 0.001058     0.001900  Yes
Maximum Displacement:      0.002775     0.003150  Yes
RMS Displacement:          0.001417     0.002100  Yes

LBFGS converged at iteration 7.
Final frame written to /home/hungn/Desktop/MyRepo/MLP/MAPLE/maple/function/dispatcher/parmfit/example/PPI_torsionfit_18-20_opt.xyz
Complete trajectory written to /home/hungn/Desktop/MyRepo/MLP/MAPLE/maple/function/dispatcher/parmfit/example/PPI_torsionfit_18-20_traj.xyz

----------------------------------------------------------------------
            Scanning combination 13/73: [60.10]

======================================================================
LBFGS Parameters
======================================================================
memory:     5
curvature:  70.0
max_step:   0.2
max_iter:   256
write_traj: False
traj_every: 1
verbose:    0
======================================================================


                             Coordinates                              
----------------------------------------------------------------------
0    C               -0.7105               0.9770               0.0688
1    C               -1.4119              -0.2610               0.0449
2    C               -2.7890              -0.3585               0.2089
3    C               -3.4918               0.8474               0.3876
4    C               -2.7904               2.0838               0.4200
5    C               -1.4070               2.1815               0.2779
6    C                0.7000               0.7846              -0.1157
7    C                1.0697              -0.5169              -0.2519
8    S               -0.3043              -1.5965              -0.1970
9    C               -4.9094               1.0357               0.5635
10   C               -5.2594               2.3292               0.7215
11   S               -3.9033               3.4067               0.6668
12   C               -0.6712               3.4906               0.3526
13   C               -3.5131              -1.6764               0.2037
14   C                2.4236              -1.0495              -0.2919
15   C                2.8978              -2.1999               0.2846
16   C                4.3100              -2.3156               0.2003
17   C                4.9102              -1.2796              -0.4706
18   S                3.7114              -0.1277              -0.9926
19   C                6.3378              -0.9477              -0.4848
20   C                7.3413              -1.8552              -0.9614
21   C                8.7307              -1.4534              -0.9711
22   C                9.1198              -0.1555              -0.5330
23   C                8.1377               0.6853              -0.1031
24   C                6.7714               0.2974              -0.0826
25   N                7.1689              -3.0999              -1.4059
26   S                8.6327              -3.6759              -1.7900
27   N                9.5576              -2.4001              -1.4162
28   H                1.4230               1.5947              -0.1088
29   H               -5.6188               0.2140               0.5671
30   H               -6.2542               2.7297               0.8733
31   H               -0.1011               3.6720              -0.5669
32   H               -1.3517               4.3331               0.5020
33   H                0.0485               3.4857               1.1812
34   H               -2.8220              -2.5157               0.0947
35   H               -4.0734              -1.8156               1.1367
36   H               -4.2368              -1.7222              -0.6196
37   H                2.2520              -2.9065               0.7926
38   H                4.8831              -3.1330               0.6234
39   H               10.1687               0.1238              -0.5468
40   H                8.3909               1.6854               0.2364
41   H                6.0299               1.0038               0.2779


Energy:                -2548.709982 Convergence criteria  Is converged 
Maximum Force:             0.002174     0.002850  Yes
RMS Force:                 0.001055     0.001900  Yes
Maximum Displacement:      0.002010     0.003150  Yes
RMS Displacement:          0.000781     0.002100  Yes

LBFGS converged at iteration 22.
Final frame written to /home/hungn/Desktop/MyRepo/MLP/MAPLE/maple/function/dispatcher/parmfit/example/PPI_torsionfit_18-20_opt.xyz
Complete trajectory written to /home/hungn/Desktop/MyRepo/MLP/MAPLE/maple/function/dispatcher/parmfit/example/PPI_torsionfit_18-20_traj.xyz

----------------------------------------------------------------------
            Scanning combination 14/73: [65.10]

======================================================================
LBFGS Parameters
======================================================================
memory:     5
curvature:  70.0
max_step:   0.2
max_iter:   256
write_traj: False
traj_every: 1
verbose:    0
======================================================================


                             Coordinates                              
----------------------------------------------------------------------
0    C               -0.7104               0.9763               0.0666
1    C               -1.4124              -0.2613               0.0428
2    C               -2.7896              -0.3589               0.2084
3    C               -3.4917               0.8474               0.3883
4    C               -2.7898               2.0834               0.4199
5    C               -1.4066               2.1808               0.2761
6    C                0.7010               0.7844              -0.1131
7    C                1.0715              -0.5169              -0.2454
8    S               -0.3038              -1.5963              -0.1982
9    C               -4.9092               1.0362               0.5642
10   C               -5.2588               2.3300               0.7212
11   S               -3.9021               3.4069               0.6668
12   C               -0.6706               3.4895               0.3511
13   C               -3.5147              -1.6769               0.2032
14   C                2.4258              -1.0490              -0.2906
15   C                2.8983              -2.1943               0.2961
16   C                4.3091              -2.3081               0.2105
17   C                4.9138              -1.2935              -0.4897
18   S                3.7161              -0.1327              -0.9974
19   C                6.3403              -0.9536              -0.4666
20   C                7.3410              -1.8486              -0.9688
21   C                8.7305              -1.4499              -0.9771
22   C                9.1196              -0.1551              -0.5315
23   C                8.1374               0.6847              -0.0976
24   C                6.7721               0.2940              -0.0702
25   N                7.1633              -3.0934              -1.4107
26   S                8.6251              -3.6742              -1.7930
27   N                9.5541              -2.4001              -1.4223
28   H                1.4218               1.5965              -0.1113
29   H               -5.6183               0.2142               0.5675
30   H               -6.2535               2.7311               0.8722
31   H               -0.1007               3.6703              -0.5685
32   H               -1.3507               4.3322               0.5006
33   H                0.0497               3.4847               1.1792
34   H               -2.8243              -2.5167               0.0938
35   H               -4.0757              -1.8168               1.1356
36   H               -4.2391              -1.7237              -0.6196
37   H                2.2543              -2.9116               0.7929
38   H                4.8819              -3.1298               0.6245
39   H               10.1678               0.1246              -0.5484
40   H                8.3926               1.6857               0.2371
41   H                6.0322               1.0073               0.2779


Energy:                -2548.708767 Convergence criteria  Is converged 
Maximum Force:             0.002187     0.002850  Yes
RMS Force:                 0.000925     0.001900  Yes
Maximum Displacement:      0.001119     0.003150  Yes
RMS Displacement:          0.000653     0.002100  Yes

LBFGS converged at iteration 7.
Final frame written to /home/hungn/Desktop/MyRepo/MLP/MAPLE/maple/function/dispatcher/parmfit/example/PPI_torsionfit_18-20_opt.xyz
Complete trajectory written to /home/hungn/Desktop/MyRepo/MLP/MAPLE/maple/function/dispatcher/parmfit/example/PPI_torsionfit_18-20_traj.xyz

----------------------------------------------------------------------
            Scanning combination 15/73: [70.10]

======================================================================
LBFGS Parameters
======================================================================
memory:     5
curvature:  70.0
max_step:   0.2
max_iter:   256
write_traj: False
traj_every: 1
verbose:    0
======================================================================


                             Coordinates                              
----------------------------------------------------------------------
0    C               -0.7131               0.9159               0.0184
1    C               -1.4255              -0.3152               0.0454
2    C               -2.8100              -0.3808               0.1647
3    C               -3.4909               0.8423               0.3280
4    C               -2.7692               2.0677               0.3281
5    C               -1.3889               2.1385               0.1661
6    C                0.6975               0.7087              -0.1057
7    C                1.0667              -0.5971              -0.1225
8    S               -0.3133              -1.6701              -0.0533
9    C               -4.8996               1.0610               0.5374
10   C               -5.2206               2.3626               0.6926
11   S               -3.8485               3.4147               0.5850
12   C               -0.6191               3.4283               0.1902
13   C               -3.5635              -1.6826               0.1485
14   C                2.4328              -1.0925              -0.0877
15   C                2.9401              -2.1961               0.5488
16   C                4.3576              -2.2632               0.4696
17   C                4.9181              -1.2350              -0.2450
18   S                3.6968              -0.1384              -0.7941
19   C                6.3402              -0.9005              -0.3580
20   C                7.2454              -1.7360              -1.0842
21   C                8.6414              -1.3746              -1.1782
22   C                9.1240              -0.1777              -0.5762
23   C                8.2229               0.6150               0.0696
24   C                6.8484               0.2653               0.1680
25   N                6.9599              -2.8701              -1.7219
26   S                8.3461              -3.4080              -2.3648
27   N                9.3675              -2.2491              -1.8768
28   H                1.4227               1.5150              -0.1514
29   H               -5.6247               0.2539               0.5727
30   H               -6.2016               2.7847               0.8729
31   H               -0.0755               3.5770              -0.7506
32   H               -1.2692               4.2919               0.3496
33   H                0.1300               3.4112               0.9922
34   H               -2.8923              -2.5350               0.0183
35   H               -4.1140              -1.8251               1.0869
36   H               -4.3015              -1.7007              -0.6634
37   H                2.3212              -2.9133               1.0776
38   H                4.9566              -3.0481               0.9167
39   H               10.1780               0.0716              -0.6484
40   H                8.5495               1.5478               0.5198
41   H                6.1747               0.9352               0.6911


Energy:                -2548.709259 Convergence criteria  Is converged 
Maximum Force:             0.001447     0.002850  Yes
RMS Force:                 0.000788     0.001900  Yes
Maximum Displacement:      0.001353     0.003150  Yes
RMS Displacement:          0.000833     0.002100  Yes

LBFGS converged at iteration 46.
Final frame written to /home/hungn/Desktop/MyRepo/MLP/MAPLE/maple/function/dispatcher/parmfit/example/PPI_torsionfit_18-20_opt.xyz
Complete trajectory written to /home/hungn/Desktop/MyRepo/MLP/MAPLE/maple/function/dispatcher/parmfit/example/PPI_torsionfit_18-20_traj.xyz

----------------------------------------------------------------------
            Scanning combination 16/73: [75.10]

======================================================================
LBFGS Parameters
======================================================================
memory:     5
curvature:  70.0
max_step:   0.2
max_iter:   256
write_traj: False
traj_every: 1
verbose:    0
======================================================================


                             Coordinates                              
----------------------------------------------------------------------
0    C               -0.7093               0.9260               0.0483
1    C               -1.4193              -0.3072               0.0715
2    C               -2.8043              -0.3796               0.1875
3    C               -3.4900               0.8414               0.3454
4    C               -2.7736               2.0702               0.3397
5    C               -1.3920               2.1470               0.1844
6    C                0.7028               0.7226              -0.0866
7    C                1.0742              -0.5837              -0.1200
8    S               -0.3049              -1.6573              -0.0478
9    C               -4.9024               1.0553               0.5361
10   C               -5.2315               2.3573               0.6715
11   S               -3.8631               3.4148               0.5662
12   C               -0.6329               3.4443               0.1824
13   C               -3.5581              -1.6823               0.1551
14   C                2.4371              -1.0945              -0.1049
15   C                2.9407              -2.1885               0.5511
16   C                4.3580              -2.2606               0.4796
17   C                4.9228              -1.2617              -0.2708
18   S                3.7043              -0.1767              -0.8514
19   C                6.3468              -0.9264              -0.3576
20   C                7.2532              -1.7393              -1.1068
21   C                8.6452              -1.3634              -1.2044
22   C                9.1205              -0.1712              -0.5864
23   C                8.2194               0.5952               0.0905
24   C                6.8497               0.2279               0.1980
25   N                6.9776              -2.8805              -1.7364
26   S                8.3676              -3.4029              -2.3857
27   N                9.3775              -2.2303              -1.9061
28   H                1.4212               1.5353              -0.1301
29   H               -5.6236               0.2447               0.5697
30   H               -6.2161               2.7766               0.8376
31   H               -0.0972               3.5801              -0.7652
32   H               -1.2881               4.3067               0.3292
33   H                0.1218               3.4503               0.9791
34   H               -2.8902              -2.5353               0.0123
35   H               -4.1133              -1.8394               1.0887
36   H               -4.2944              -1.6865              -0.6588
37   H                2.3185              -2.8951               1.0892
38   H                4.9555              -3.0301               0.9548
39   H               10.1681               0.0994              -0.6786
40   H                8.5434               1.5178               0.5628
41   H                6.1755               0.8786               0.7435


Energy:                -2548.708532 Convergence criteria  Is converged 
Maximum Force:             0.001580     0.002850  Yes
RMS Force:                 0.000581     0.001900  Yes
Maximum Displacement:      0.000803     0.003150  Yes
RMS Displacement:          0.000453     0.002100  Yes

LBFGS converged at iteration 16.
Final frame written to /home/hungn/Desktop/MyRepo/MLP/MAPLE/maple/function/dispatcher/parmfit/example/PPI_torsionfit_18-20_opt.xyz
Complete trajectory written to /home/hungn/Desktop/MyRepo/MLP/MAPLE/maple/function/dispatcher/parmfit/example/PPI_torsionfit_18-20_traj.xyz

----------------------------------------------------------------------
            Scanning combination 17/73: [80.10]

======================================================================
LBFGS Parameters
======================================================================
memory:     5
curvature:  70.0
max_step:   0.2
max_iter:   256
write_traj: False
traj_every: 1
verbose:    0
======================================================================


                             Coordinates                              
----------------------------------------------------------------------
0    C               -0.7087               0.9261               0.0487
1    C               -1.4189              -0.3067               0.0718
2    C               -2.8038              -0.3788               0.1871
3    C               -3.4898               0.8417               0.3452
4    C               -2.7734               2.0703               0.3397
5    C               -1.3917               2.1469               0.1842
6    C                0.7032               0.7219              -0.0865
7    C                1.0738              -0.5841              -0.1228
8    S               -0.3054              -1.6578              -0.0453
9    C               -4.9022               1.0550               0.5361
10   C               -5.2318               2.3568               0.6704
11   S               -3.8634               3.4145               0.5668
12   C               -0.6338               3.4446               0.1815
13   C               -3.5567              -1.6815               0.1555
14   C                2.4378              -1.0923              -0.1054
15   C                2.9394              -2.1806               0.5600
16   C                4.3553              -2.2536               0.4869
17   C                4.9244              -1.2794              -0.2921
18   S                3.7071              -0.1791              -0.8559
19   C                6.3507              -0.9412              -0.3409
20   C                7.2546              -1.7333              -1.1142
21   C                8.6458              -1.3586              -1.2107
22   C                9.1196              -0.1683              -0.5906
23   C                8.2175               0.5930               0.0932
24   C                6.8493               0.2183               0.2101
25   N                6.9769              -2.8745              -1.7424
26   S                8.3669              -3.3997              -2.3886
27   N                9.3782              -2.2282              -1.9092
28   H                1.4232               1.5332              -0.1284
29   H               -5.6234               0.2443               0.5701
30   H               -6.2171               2.7758               0.8339
31   H               -0.0980               3.5806              -0.7662
32   H               -1.2907               4.3058               0.3281
33   H                0.1204               3.4517               0.9785
34   H               -2.8880              -2.5337               0.0123
35   H               -4.1110              -1.8384               1.0896
36   H               -4.2932              -1.6863              -0.6580
37   H                2.3173              -2.8920               1.0929
38   H                4.9515              -3.0259               0.9592
39   H               10.1684               0.0986              -0.6770
40   H                8.5424               1.5163               0.5632
41   H                6.1746               0.8776               0.7458


Energy:                -2548.707052 Convergence criteria  Is converged 
Maximum Force:             0.002197     0.002850  Yes
RMS Force:                 0.000960     0.001900  Yes
Maximum Displacement:      0.000907     0.003150  Yes
RMS Displacement:          0.000386     0.002100  Yes

LBFGS converged at iteration 7.
Final frame written to /home/hungn/Desktop/MyRepo/MLP/MAPLE/maple/function/dispatcher/parmfit/example/PPI_torsionfit_18-20_opt.xyz
Complete trajectory written to /home/hungn/Desktop/MyRepo/MLP/MAPLE/maple/function/dispatcher/parmfit/example/PPI_torsionfit_18-20_traj.xyz

----------------------------------------------------------------------
            Scanning combination 18/73: [85.10]

======================================================================
LBFGS Parameters
======================================================================
memory:     5
curvature:  70.0
max_step:   0.2
max_iter:   256
write_traj: False
traj_every: 1
verbose:    0
======================================================================


                             Coordinates                              
----------------------------------------------------------------------
0    C               -0.6984               0.9359               0.0453
1    C               -1.4074              -0.2979               0.0709
2    C               -2.7908              -0.3755               0.1922
3    C               -3.4816               0.8416               0.3467
4    C               -2.7695               2.0723               0.3383
5    C               -1.3873               2.1542               0.1815
6    C                0.7138               0.7283              -0.1012
7    C                1.0803              -0.5791              -0.1475
8    S               -0.2987              -1.6494              -0.0610
9    C               -4.8961               1.0489               0.5282
10   C               -5.2324               2.3499               0.6515
11   S               -3.8674               3.4126               0.5535
12   C               -0.6417               3.4593               0.1699
13   C               -3.5372              -1.6812               0.1643
14   C                2.4397              -1.1028              -0.1160
15   C                2.9273              -2.1444               0.6291
16   C                4.3427              -2.2467               0.5639
17   C                4.9214              -1.3286              -0.2736
18   S                3.7167              -0.2778              -0.9449
19   C                6.3485              -0.9896              -0.3598
20   C                7.2602              -1.7417              -1.1649
21   C                8.6430              -1.3341              -1.2586
22   C                9.1026              -0.1622              -0.5931
23   C                8.1978               0.5455               0.1393
24   C                6.8383               0.1414               0.2516
25   N                6.9992              -2.8551              -1.8460
26   S                8.3919              -3.3182              -2.5332
27   N                9.3847              -2.1510              -2.0082
28   H                1.4401               1.5345              -0.1368
29   H               -5.6137               0.2350               0.5632
30   H               -6.2219               2.7649               0.7988
31   H               -0.1063               3.5939              -0.7782
32   H               -1.3094               4.3139               0.3068
33   H                0.1099               3.4835               0.9690
34   H               -2.8659              -2.5302               0.0149
35   H               -4.0834              -1.8410               1.1024
36   H               -4.2785              -1.6865              -0.6447
37   H                2.2914              -2.7794               1.2371
38   H                4.9240              -2.9749               1.1189
39   H               10.1447               0.1303              -0.6821
40   H                8.5093               1.4508               0.6515
41   H                6.1576               0.7496               0.8374


Energy:                -2548.706274 Convergence criteria  Is converged 
Maximum Force:             0.001704     0.002850  Yes
RMS Force:                 0.000727     0.001900  Yes
Maximum Displacement:      0.003029     0.003150  Yes
RMS Displacement:          0.001458     0.002100  Yes

LBFGS converged at iteration 21.
Final frame written to /home/hungn/Desktop/MyRepo/MLP/MAPLE/maple/function/dispatcher/parmfit/example/PPI_torsionfit_18-20_opt.xyz
Complete trajectory written to /home/hungn/Desktop/MyRepo/MLP/MAPLE/maple/function/dispatcher/parmfit/example/PPI_torsionfit_18-20_traj.xyz

----------------------------------------------------------------------
            Scanning combination 19/73: [90.10]

======================================================================
LBFGS Parameters
======================================================================
memory:     5
curvature:  70.0
max_step:   0.2
max_iter:   256
write_traj: False
traj_every: 1
verbose:    0
======================================================================


                             Coordinates                              
----------------------------------------------------------------------
0    C               -0.6983               0.9355               0.0427
1    C               -1.4074              -0.2983               0.0689
2    C               -2.7910              -0.3756               0.1913
3    C               -3.4814               0.8418               0.3459
4    C               -2.7693               2.0724               0.3375
5    C               -1.3871               2.1537               0.1799
6    C                0.7144               0.7283              -0.1009
7    C                1.0815              -0.5786              -0.1434
8    S               -0.2977              -1.6496              -0.0610
9    C               -4.8958               1.0493               0.5277
10   C               -5.2323               2.3501               0.6508
11   S               -3.8672               3.4128               0.5528
12   C               -0.6414               3.4588               0.1691
13   C               -3.5376              -1.6814               0.1647
14   C                2.4419              -1.1018              -0.1167
15   C                2.9278              -2.1349               0.6398
16   C                4.3420              -2.2354               0.5773
17   C                4.9247              -1.3473              -0.2895
18   S                3.7221              -0.2835              -0.9500
19   C                6.3526              -1.0024              -0.3457
20   C                7.2588              -1.7318              -1.1767
21   C                8.6422              -1.3279              -1.2666
22   C                9.1024              -0.1620              -0.5913
23   C                8.1960               0.5442               0.1433
24   C                6.8382               0.1333               0.2614
25   N                6.9950              -2.8477              -1.8523
26   S                8.3868              -3.3164              -2.5362
27   N                9.3821              -2.1502              -2.0130
28   H                1.4402               1.5350              -0.1384
29   H               -5.6129               0.2348               0.5630
30   H               -6.2220               2.7654               0.7980
31   H               -0.1056               3.5935              -0.7787
32   H               -1.3094               4.3131               0.3060
33   H                0.1101               3.4833               0.9683
34   H               -2.8656              -2.5298               0.0153
35   H               -4.0834              -1.8415               1.1031
36   H               -4.2796              -1.6882              -0.6436
37   H                2.2925              -2.7801               1.2380
38   H                4.9203              -2.9731               1.1228
39   H               10.1439               0.1315              -0.6813
40   H                8.5085               1.4500               0.6542
41   H                6.1585               0.7494               0.8399


Energy:                -2548.704784 Convergence criteria  Is converged 
Maximum Force:             0.002389     0.002850  Yes
RMS Force:                 0.001102     0.001900  Yes
Maximum Displacement:      0.001025     0.003150  Yes
RMS Displacement:          0.000559     0.002100  Yes

LBFGS converged at iteration 7.
Final frame written to /home/hungn/Desktop/MyRepo/MLP/MAPLE/maple/function/dispatcher/parmfit/example/PPI_torsionfit_18-20_opt.xyz
Complete trajectory written to /home/hungn/Desktop/MyRepo/MLP/MAPLE/maple/function/dispatcher/parmfit/example/PPI_torsionfit_18-20_traj.xyz

----------------------------------------------------------------------
            Scanning combination 20/73: [95.10]

======================================================================
LBFGS Parameters
======================================================================
memory:     5
curvature:  70.0
max_step:   0.2
max_iter:   256
write_traj: False
traj_every: 1
verbose:    0
======================================================================


                             Coordinates                              
----------------------------------------------------------------------
0    C               -0.6874               0.9345               0.0206
1    C               -1.3979              -0.2986               0.0522
2    C               -2.7803              -0.3767               0.1809
3    C               -3.4715               0.8400               0.3312
4    C               -2.7595               2.0705               0.3177
5    C               -1.3771               2.1525               0.1590
6    C                0.7250               0.7218              -0.1267
7    C                1.0862              -0.5873              -0.1632
8    S               -0.2936              -1.6531              -0.0736
9    C               -4.8857               1.0460               0.5161
10   C               -5.2226               2.3476               0.6372
11   S               -3.8581               3.4104               0.5332
12   C               -0.6343               3.4591               0.1524
13   C               -3.5247              -1.6832               0.1701
14   C                2.4431              -1.1197              -0.1093
15   C                2.9250              -2.0927               0.7265
16   C                4.3398              -2.2102               0.6674
17   C                4.9180              -1.3777              -0.2544
18   S                3.7188              -0.3875              -1.0213
19   C                6.3437              -1.0361              -0.3512
20   C                7.2433              -1.7279              -1.2200
21   C                8.6200              -1.3005              -1.3147
22   C                9.0798              -0.1617              -0.5935
23   C                8.1837               0.4921               0.1975
24   C                6.8328               0.0617               0.3167
25   N                6.9796              -2.8001              -1.9611
26   S                8.3615              -3.2037              -2.7056
27   N                9.3538              -2.0604              -2.1290
28   H                1.4562               1.5238              -0.1684
29   H               -5.6029               0.2323               0.5553
30   H               -6.2118               2.7616               0.7865
31   H               -0.0940               3.5968              -0.7924
32   H               -1.3054               4.3115               0.2871
33   H                0.1122               3.4845               0.9563
34   H               -2.8547              -2.5332               0.0201
35   H               -4.0605              -1.8358               1.1154
36   H               -4.2744              -1.6944              -0.6308
37   H                2.2847              -2.6614               1.3937
38   H                4.9230              -2.8888               1.2813
39   H               10.1155               0.1504              -0.6879
40   H                8.4938               1.3730               0.7516
41   H                6.1543               0.6194               0.9535


Energy:                -2548.704120 Convergence criteria  Is converged 
Maximum Force:             0.001572     0.002850  Yes
RMS Force:                 0.000945     0.001900  Yes
Maximum Displacement:      0.002374     0.003150  Yes
RMS Displacement:          0.001202     0.002100  Yes

LBFGS converged at iteration 21.
Final frame written to /home/hungn/Desktop/MyRepo/MLP/MAPLE/maple/function/dispatcher/parmfit/example/PPI_torsionfit_18-20_opt.xyz
Complete trajectory written to /home/hungn/Desktop/MyRepo/MLP/MAPLE/maple/function/dispatcher/parmfit/example/PPI_torsionfit_18-20_traj.xyz

----------------------------------------------------------------------
            Scanning combination 21/73: [100.10]

======================================================================
LBFGS Parameters
======================================================================
memory:     5
curvature:  70.0
max_step:   0.2
max_iter:   256
write_traj: False
traj_every: 1
verbose:    0
======================================================================


                             Coordinates                              
----------------------------------------------------------------------
0    C               -0.6881               0.9335               0.0183
1    C               -1.3985              -0.2998               0.0513
2    C               -2.7812              -0.3771               0.1807
3    C               -3.4714               0.8403               0.3308
4    C               -2.7594               2.0707               0.3169
5    C               -1.3770               2.1519               0.1573
6    C                0.7247               0.7211              -0.1272
7    C                1.0872              -0.5872              -0.1600
8    S               -0.2928              -1.6539              -0.0733
9    C               -4.8855               1.0466               0.5155
10   C               -5.2226               2.3485               0.6365
11   S               -3.8578               3.4110               0.5323
12   C               -0.6335               3.4583               0.1513
13   C               -3.5262              -1.6837               0.1703
14   C                2.4457              -1.1178              -0.1091
15   C                2.9262              -2.0817               0.7365
16   C                4.3393              -2.1966               0.6805
17   C                4.9224              -1.3977              -0.2675
18   S                3.7255              -0.3945              -1.0246
19   C                6.3485              -1.0498              -0.3373
20   C                7.2407              -1.7153              -1.2329
21   C                8.6181              -1.2911              -1.3253
22   C                9.0800              -0.1608              -0.5918
23   C                8.1821               0.4901               0.2023
24   C                6.8334               0.0522               0.3273
25   N                6.9736              -2.7911              -1.9674
26   S                8.3551              -3.2033              -2.7061
27   N                9.3503              -2.0596              -2.1338
28   H                1.4559               1.5230              -0.1700
29   H               -5.6016               0.2323               0.5550
30   H               -6.2117               2.7627               0.7856
31   H               -0.0930               3.5961              -0.7933
32   H               -1.3045               4.3108               0.2858
33   H                0.1133               3.4842               0.9551
34   H               -2.8552              -2.5328               0.0203
35   H               -4.0615              -1.8372               1.1158
36   H               -4.2764              -1.6966              -0.6302
37   H                2.2864              -2.6625               1.3933
38   H                4.9199              -2.8865               1.2835
39   H               10.1157               0.1512              -0.6873
40   H                8.4943               1.3707               0.7553
41   H                6.1565               0.6205               0.9558


Energy:                -2548.702667 Convergence criteria  Is converged 
Maximum Force:             0.002282     0.002850  Yes
RMS Force:                 0.001172     0.001900  Yes
Maximum Displacement:      0.001056     0.003150  Yes
RMS Displacement:          0.000585     0.002100  Yes

LBFGS converged at iteration 7.
Final frame written to /home/hungn/Desktop/MyRepo/MLP/MAPLE/maple/function/dispatcher/parmfit/example/PPI_torsionfit_18-20_opt.xyz
Complete trajectory written to /home/hungn/Desktop/MyRepo/MLP/MAPLE/maple/function/dispatcher/parmfit/example/PPI_torsionfit_18-20_traj.xyz

----------------------------------------------------------------------
            Scanning combination 22/73: [105.10]

======================================================================
LBFGS Parameters
======================================================================
memory:     5
curvature:  70.0
max_step:   0.2
max_iter:   256
write_traj: False
traj_every: 1
verbose:    0
======================================================================


                             Coordinates                              
----------------------------------------------------------------------
0    C               -0.6939               0.8271              -0.0696
1    C               -1.4168              -0.3910               0.0589
2    C               -2.8057              -0.4268               0.1496
3    C               -3.4706               0.8151               0.2307
4    C               -2.7313               2.0272               0.1547
5    C               -1.3508               2.0661              -0.0056
6    C                0.7126               0.5987              -0.1804
7    C                1.0764              -0.7028              -0.0581
8    S               -0.3094              -1.7566               0.1103
9    C               -4.8748               1.0707               0.4340
10   C               -5.1720               2.3866               0.5146
11   S               -3.7850               3.4063               0.3299
12   C               -0.5594               3.3411              -0.0539
13   C               -3.5825              -1.7136               0.1948
14   C                2.4522              -1.1647               0.0717
15   C                2.9811              -2.0495               0.9781
16   C                4.4027              -2.0416               0.9794
17   C                4.9384              -1.1730               0.0658
18   S                3.7033              -0.3668              -0.8273
19   C                6.3526              -0.8925              -0.1641
20   C                7.0107              -1.4211              -1.3159
21   C                8.4041              -1.1191              -1.5508
22   C                9.1186              -0.2678              -0.6566
23   C                8.4553               0.2095               0.4362
24   C                7.0891              -0.1068               0.6894
25   N                6.4821              -2.2143              -2.2409
26   S                7.6604              -2.5311              -3.3070
27   N                8.8864              -1.6965              -2.6518
28   H                1.4453               1.3903              -0.3012
29   H               -5.6160               0.2835               0.5221
30   H               -6.1408               2.8384               0.6831
31   H               -0.0141               3.4343              -1.0013
32   H               -1.1931               4.2227               0.0656
33   H                0.1883               3.3479               0.7491
34   H               -2.9388              -2.5800               0.0238
35   H               -4.0739              -1.8426               1.1680
36   H               -4.3733              -1.7146              -0.5656
37   H                2.3693              -2.6547               1.6386
38   H                5.0253              -2.6602               1.6150
39   H               10.1557              -0.0205              -0.8620
40   H                8.9727               0.8476               1.1463
41   H                6.6164               0.2941               1.5785


Energy:                -2548.706430 Convergence criteria  Is converged 
Maximum Force:             0.002797     0.002850  Yes
RMS Force:                 0.001589     0.001900  Yes
Maximum Displacement:      0.002458     0.003150  Yes
RMS Displacement:          0.001464     0.002100  Yes

LBFGS converged at iteration 45.
Final frame written to /home/hungn/Desktop/MyRepo/MLP/MAPLE/maple/function/dispatcher/parmfit/example/PPI_torsionfit_18-20_opt.xyz
Complete trajectory written to /home/hungn/Desktop/MyRepo/MLP/MAPLE/maple/function/dispatcher/parmfit/example/PPI_torsionfit_18-20_traj.xyz

----------------------------------------------------------------------
            Scanning combination 23/73: [110.10]

======================================================================
LBFGS Parameters
======================================================================
memory:     5
curvature:  70.0
max_step:   0.2
max_iter:   256
write_traj: False
traj_every: 1
verbose:    0
======================================================================


                             Coordinates                              
----------------------------------------------------------------------
0    C               -0.6923               0.8299              -0.0663
1    C               -1.4161              -0.3881               0.0590
2    C               -2.8047              -0.4258               0.1546
3    C               -3.4700               0.8153               0.2374
4    C               -2.7314               2.0276               0.1551
5    C               -1.3508               2.0685              -0.0071
6    C                0.7147               0.6010              -0.1745
7    C                1.0774              -0.7016              -0.0628
8    S               -0.3098              -1.7539               0.1080
9    C               -4.8753               1.0698               0.4342
10   C               -5.1748               2.3850               0.5098
11   S               -3.7871               3.4055               0.3297
12   C               -0.5609               3.3449              -0.0543
13   C               -3.5811              -1.7135               0.1959
14   C                2.4527              -1.1620               0.0753
15   C                2.9791              -2.0402               0.9888
16   C                4.3994              -2.0379               0.9875
17   C                4.9405              -1.2048               0.0459
18   S                3.7065              -0.3728              -0.8270
19   C                6.3575              -0.9150              -0.1586
20   C                7.0108              -1.4083              -1.3268
21   C                8.4024              -1.1040              -1.5592
22   C                9.1186              -0.2673              -0.6545
23   C                8.4533               0.2032               0.4409
24   C                7.0889              -0.1237               0.6954
25   N                6.4826              -2.2042              -2.2501
26   S                7.6654              -2.5319              -3.3071
27   N                8.8872              -1.6880              -2.6561
28   H                1.4455               1.3939              -0.2995
29   H               -5.6144               0.2803               0.5229
30   H               -6.1454               2.8340               0.6774
31   H               -0.0177               3.4336              -1.0027
32   H               -1.1953               4.2270               0.0619
33   H                0.1904               3.3555               0.7459
34   H               -2.9382              -2.5800               0.0237
35   H               -4.0729              -1.8452               1.1682
36   H               -4.3715              -1.7166              -0.5651
37   H                2.3662              -2.6536               1.6403
38   H                5.0217              -2.6523               1.6277
39   H               10.1574              -0.0275              -0.8581
40   H                8.9733               0.8480               1.1434
41   H                6.6155               0.2941               1.5775


Energy:                -2548.706265 Convergence criteria  Is converged 
Maximum Force:             0.002602     0.002850  Yes
RMS Force:                 0.001548     0.001900  Yes
Maximum Displacement:      0.001394     0.003150  Yes
RMS Displacement:          0.000624     0.002100  Yes

LBFGS converged at iteration 7.
Final frame written to /home/hungn/Desktop/MyRepo/MLP/MAPLE/maple/function/dispatcher/parmfit/example/PPI_torsionfit_18-20_opt.xyz
Complete trajectory written to /home/hungn/Desktop/MyRepo/MLP/MAPLE/maple/function/dispatcher/parmfit/example/PPI_torsionfit_18-20_traj.xyz

----------------------------------------------------------------------
            Scanning combination 24/73: [115.10]

======================================================================
LBFGS Parameters
======================================================================
memory:     5
curvature:  70.0
max_step:   0.2
max_iter:   256
write_traj: False
traj_every: 1
verbose:    0
======================================================================


                             Coordinates                              
----------------------------------------------------------------------
0    C               -0.6851               0.8464              -0.0497
1    C               -1.4055              -0.3750               0.0689
2    C               -2.7941              -0.4219               0.1705
3    C               -3.4656               0.8153               0.2542
4    C               -2.7347               2.0325               0.1692
5    C               -1.3530               2.0815               0.0059
6    C                0.7257               0.6214              -0.1609
7    C                1.0909              -0.6831              -0.0625
8    S               -0.2957              -1.7369               0.0935
9    C               -4.8749               1.0589               0.4368
10   C               -5.1875               2.3717               0.4930
11   S               -3.8056               3.4025               0.3199
12   C               -0.5734               3.3642              -0.0668
13   C               -3.5663              -1.7138               0.2037
14   C                2.4603              -1.1706               0.0767
15   C                2.9715              -2.0212               1.0250
16   C                4.3923              -2.0395               1.0371
17   C                4.9466              -1.2620               0.0519
18   S                3.7231              -0.4817              -0.8866
19   C                6.3586              -0.9628              -0.1778
20   C                7.0173              -1.4140              -1.3627
21   C                8.4091              -1.0932              -1.5799
22   C                9.1159              -0.2726              -0.6517
23   C                8.4417               0.1680               0.4483
24   C                7.0828              -0.1830               0.6926
25   N                6.5012              -2.1777              -2.3201
26   S                7.6898              -2.4531              -3.3860
27   N                8.9030              -1.6274              -2.6967
28   H                1.4506               1.4210              -0.2790
29   H               -5.6065               0.2624               0.5274
30   H               -6.1665               2.8124               0.6345
31   H               -0.0388               3.4401              -1.0215
32   H               -1.2124               4.2447               0.0376
33   H                0.1851               3.3968               0.7258
34   H               -2.9205              -2.5772               0.0272
35   H               -4.0620              -1.8559               1.1727
36   H               -4.3547              -1.7155              -0.5597
37   H                2.3379              -2.5789               1.7070
38   H                4.9953              -2.6065               1.7382
39   H               10.1575              -0.0242              -0.8337
40   H                8.9428               0.8126               1.1654
41   H                6.6009               0.1944               1.5888


Energy:                -2548.706645 Convergence criteria  Is converged 
Maximum Force:             0.002295     0.002850  Yes
RMS Force:                 0.001418     0.001900  Yes
Maximum Displacement:      0.002499     0.003150  Yes
RMS Displacement:          0.001269     0.002100  Yes

LBFGS converged at iteration 13.
Final frame written to /home/hungn/Desktop/MyRepo/MLP/MAPLE/maple/function/dispatcher/parmfit/example/PPI_torsionfit_18-20_opt.xyz
Complete trajectory written to /home/hungn/Desktop/MyRepo/MLP/MAPLE/maple/function/dispatcher/parmfit/example/PPI_torsionfit_18-20_traj.xyz

----------------------------------------------------------------------
            Scanning combination 25/73: [120.10]

======================================================================
LBFGS Parameters
======================================================================
memory:     5
curvature:  70.0
max_step:   0.2
max_iter:   256
write_traj: False
traj_every: 1
verbose:    0
======================================================================


                             Coordinates                              
----------------------------------------------------------------------
0    C               -0.6772               0.8521              -0.0411
1    C               -1.3961              -0.3700               0.0809
2    C               -2.7825              -0.4202               0.1765
3    C               -3.4587               0.8132               0.2525
4    C               -2.7326               2.0319               0.1651
5    C               -1.3505               2.0851               0.0046
6    C                0.7321               0.6205              -0.1505
7    C                1.0887              -0.6859              -0.0565
8    S               -0.2945              -1.7367               0.1052
9    C               -4.8688               1.0498               0.4294
10   C               -5.1881               2.3610               0.4758
11   S               -3.8108               3.3976               0.3039
12   C               -0.5874               3.3762              -0.0838
13   C               -3.5446              -1.7151               0.2123
14   C                2.4558              -1.1769               0.0715
15   C                2.9699              -1.9696               1.0662
16   C                4.3885              -2.0042               1.0525
17   C                4.9367              -1.2817               0.0258
18   S                3.7105              -0.5401              -0.9387
19   C                6.3521              -0.9981              -0.1896
20   C                7.0147              -1.4251              -1.3813
21   C                8.3995              -1.0738              -1.5972
22   C                9.1058              -0.2853              -0.6419
23   C                8.4369               0.1032               0.4821
24   C                7.0801              -0.2594               0.7124
25   N                6.5034              -2.1640              -2.3592
26   S                7.6817              -2.3687              -3.4521
27   N                8.8886              -1.5508              -2.7428
28   H                1.4709               1.4095              -0.2540
29   H               -5.5951               0.2491               0.5234
30   H               -6.1701               2.7975               0.6064
31   H               -0.0573               3.4535              -1.0410
32   H               -1.2436               4.2450               0.0127
33   H                0.1703               3.4318               0.7081
34   H               -2.8915              -2.5731               0.0364
35   H               -4.0349              -1.8555               1.1840
36   H               -4.3321              -1.7209              -0.5513
37   H                2.3451              -2.4641               1.8027
38   H                5.0037              -2.5451               1.7619
39   H               10.1349              -0.0016              -0.8384
40   H                8.9414               0.7167               1.2226
41   H                6.6024               0.0910               1.6210


Energy:                -2548.706962 Convergence criteria  Is converged 
Maximum Force:             0.002680     0.002850  Yes
RMS Force:                 0.001232     0.001900  Yes
Maximum Displacement:      0.002915     0.003150  Yes
RMS Displacement:          0.001246     0.002100  Yes

LBFGS converged at iteration 16.
Final frame written to /home/hungn/Desktop/MyRepo/MLP/MAPLE/maple/function/dispatcher/parmfit/example/PPI_torsionfit_18-20_opt.xyz
Complete trajectory written to /home/hungn/Desktop/MyRepo/MLP/MAPLE/maple/function/dispatcher/parmfit/example/PPI_torsionfit_18-20_traj.xyz

----------------------------------------------------------------------
            Scanning combination 26/73: [125.10]

======================================================================
LBFGS Parameters
======================================================================
memory:     5
curvature:  70.0
max_step:   0.2
max_iter:   256
write_traj: False
traj_every: 1
verbose:    0
======================================================================


                             Coordinates                              
----------------------------------------------------------------------
0    C               -0.6777               0.8534              -0.0404
1    C               -1.3964              -0.3690               0.0798
2    C               -2.7832              -0.4209               0.1769
3    C               -3.4594               0.8126               0.2527
4    C               -2.7334               2.0319               0.1644
5    C               -1.3511               2.0863               0.0039
6    C                0.7323               0.6237              -0.1497
7    C                1.0909              -0.6820              -0.0588
8    S               -0.2927              -1.7340               0.1056
9    C               -4.8698               1.0496               0.4289
10   C               -5.1892               2.3601               0.4743
11   S               -3.8123               3.3972               0.3012
12   C               -0.5874               3.3773              -0.0858
13   C               -3.5455              -1.7169               0.2140
14   C                2.4590              -1.1703               0.0762
15   C                2.9697              -1.9549               1.0785
16   C                4.3871              -1.9974               1.0660
17   C                4.9419              -1.3123               0.0152
18   S                3.7172              -0.5548              -0.9431
19   C                6.3575              -1.0205              -0.1821
20   C                7.0121              -1.4056              -1.3924
21   C                8.3974              -1.0588              -1.6073
22   C                9.1037              -0.2764              -0.6468
23   C                8.4358               0.0988               0.4809
24   C                7.0828              -0.2748               0.7184
25   N                6.4985              -2.1433              -2.3704
26   S                7.6821              -2.3674              -3.4531
27   N                8.8895              -1.5480              -2.7465
28   H                1.4673               1.4159              -0.2564
29   H               -5.5963               0.2485               0.5224
30   H               -6.1718               2.7967               0.6043
31   H               -0.0568               3.4532              -1.0430
32   H               -1.2423               4.2471               0.0101
33   H                0.1703               3.4331               0.7061
34   H               -2.8928              -2.5751               0.0378
35   H               -4.0369              -1.8594               1.1850
36   H               -4.3336              -1.7242              -0.5490
37   H                2.3431              -2.4636               1.8042
38   H                5.0006              -2.5372               1.7782
39   H               10.1401              -0.0090              -0.8326
40   H                8.9427               0.7078               1.2243
41   H                6.6043               0.0816               1.6246


Energy:                -2548.706497 Convergence criteria  Is converged 
Maximum Force:             0.002549     0.002850  Yes
RMS Force:                 0.001223     0.001900  Yes
Maximum Displacement:      0.002795     0.003150  Yes
RMS Displacement:          0.001195     0.002100  Yes

LBFGS converged at iteration 8.
Final frame written to /home/hungn/Desktop/MyRepo/MLP/MAPLE/maple/function/dispatcher/parmfit/example/PPI_torsionfit_18-20_opt.xyz
Complete trajectory written to /home/hungn/Desktop/MyRepo/MLP/MAPLE/maple/function/dispatcher/parmfit/example/PPI_torsionfit_18-20_traj.xyz

----------------------------------------------------------------------
            Scanning combination 27/73: [130.10]

======================================================================
LBFGS Parameters
======================================================================
memory:     5
curvature:  70.0
max_step:   0.2
max_iter:   256
write_traj: False
traj_every: 1
verbose:    0
======================================================================


                             Coordinates                              
----------------------------------------------------------------------
0    C               -0.7019               0.9353               0.0186
1    C               -1.3570              -0.3030               0.2747
2    C               -2.7415              -0.4327               0.2948
3    C               -3.4887               0.7545               0.1747
4    C               -2.8313               1.9922              -0.0647
5    C               -1.4488               2.1089              -0.1842
6    C                0.7234               0.7898               0.0314
7    C                1.1509              -0.4681               0.3179
8    S               -0.1828              -1.5739               0.5604
9    C               -4.9165               0.9244               0.2653
10   C               -5.3142               2.2034               0.1016
11   S               -3.9945               3.2891              -0.1795
12   C               -0.7698               3.4167              -0.4850
13   C               -3.4330              -1.7601               0.4515
14   C                2.5297              -0.8957               0.4813
15   C                3.0563              -1.8631               1.3018
16   C                4.4696              -1.9460               1.2073
17   C                5.0125              -1.0704               0.2967
18   S                3.7762              -0.0856              -0.4063
19   C                6.4210              -0.9466              -0.0688
20   C                6.8435              -0.9374              -1.4419
21   C                8.2493              -0.8557              -1.7617
22   C                9.2268              -0.7592              -0.7274
23   C                8.7885              -0.7616               0.5639
24   C                7.4061              -0.8570               0.8918
25   N                6.0756              -1.0277              -2.5241
26   S                7.0586              -1.0042              -3.8071
27   N                8.4978              -0.8831              -3.0725
28   H                1.4072               1.6119              -0.1563
29   H               -5.5964               0.1025               0.4646
30   H               -6.3258               2.5893               0.1194
31   H               -0.2285               3.3713              -1.4388
32   H               -1.4904               4.2361              -0.5435
33   H               -0.0385               3.6675               0.2936
34   H               -2.7411              -2.5939               0.3096
35   H               -3.8876              -1.8599               1.4457
36   H               -4.2432              -1.8616              -0.2803
37   H                2.4495              -2.4774               1.9585
38   H                5.0755              -2.6498               1.7684
39   H               10.2787              -0.6970              -0.9913
40   H                9.5090              -0.6943               1.3757
41   H                7.1232              -0.8292               1.9407


Energy:                -2548.711855 Convergence criteria  Is converged 
Maximum Force:             0.002309     0.002850  Yes
RMS Force:                 0.001330     0.001900  Yes
Maximum Displacement:      0.003093     0.003150  Yes
RMS Displacement:          0.001727     0.002100  Yes

LBFGS converged at iteration 67.
Final frame written to /home/hungn/Desktop/MyRepo/MLP/MAPLE/maple/function/dispatcher/parmfit/example/PPI_torsionfit_18-20_opt.xyz
Complete trajectory written to /home/hungn/Desktop/MyRepo/MLP/MAPLE/maple/function/dispatcher/parmfit/example/PPI_torsionfit_18-20_traj.xyz

----------------------------------------------------------------------
            Scanning combination 28/73: [135.10]

======================================================================
LBFGS Parameters
======================================================================
memory:     5
curvature:  70.0
max_step:   0.2
max_iter:   256
write_traj: False
traj_every: 1
verbose:    0
======================================================================


                             Coordinates                              
----------------------------------------------------------------------
0    C               -0.7070               0.9447               0.0304
1    C               -1.3599              -0.2920               0.2908
2    C               -2.7444              -0.4285               0.3049
3    C               -3.4970               0.7546               0.1716
4    C               -2.8410               1.9931              -0.0721
5    C               -1.4574               2.1152              -0.1789
6    C                0.7198               0.8011               0.0408
7    C                1.1482              -0.4558               0.3280
8    S               -0.1843              -1.5599               0.5789
9    C               -4.9263               0.9213               0.2571
10   C               -5.3255               2.1998               0.0896
11   S               -4.0066               3.2871              -0.1947
12   C               -0.7669               3.4154              -0.4821
13   C               -3.4228              -1.7620               0.4656
14   C                2.5271              -0.8984               0.4655
15   C                3.0518              -1.8342               1.3214
16   C                4.4640              -1.9324               1.2225
17   C                5.0061              -1.1061               0.2653
18   S                3.7697              -0.1520              -0.4810
19   C                6.4155              -0.9807              -0.0964
20   C                6.8556              -0.9400              -1.4637
21   C                8.2649              -0.8399              -1.7652
22   C                9.2298              -0.7527              -0.7202
23   C                8.7744              -0.7732               0.5648
24   C                7.3920              -0.9051               0.8720
25   N                6.1032              -1.0189              -2.5565
26   S                7.1007              -0.9610              -3.8267
27   N                8.5299              -0.8425              -3.0732
28   H                1.4034               1.6239              -0.1445
29   H               -5.6081               0.0984               0.4484
30   H               -6.3369               2.5858               0.1214
31   H               -0.2139               3.3515              -1.4280
32   H               -1.4699               4.2490              -0.5555
33   H               -0.0363               3.6553               0.3002
34   H               -2.7195              -2.5882               0.3331
35   H               -3.8786              -1.8641               1.4589
36   H               -4.2271              -1.8772              -0.2707
37   H                2.4421              -2.4170               2.0038
38   H                5.0609              -2.6181               1.8155
39   H               10.2834              -0.6716              -0.9687
40   H                9.4804              -0.6907               1.3864
41   H                7.1038              -0.9351               1.9176


Energy:                -2548.712272 Convergence criteria  Is converged 
Maximum Force:             0.001565     0.002850  Yes
RMS Force:                 0.000854     0.001900  Yes
Maximum Displacement:      0.001324     0.003150  Yes
RMS Displacement:          0.000645     0.002100  Yes

LBFGS converged at iteration 16.
Final frame written to /home/hungn/Desktop/MyRepo/MLP/MAPLE/maple/function/dispatcher/parmfit/example/PPI_torsionfit_18-20_opt.xyz
Complete trajectory written to /home/hungn/Desktop/MyRepo/MLP/MAPLE/maple/function/dispatcher/parmfit/example/PPI_torsionfit_18-20_traj.xyz

----------------------------------------------------------------------
            Scanning combination 29/73: [140.10]

======================================================================
LBFGS Parameters
======================================================================
memory:     5
curvature:  70.0
max_step:   0.2
max_iter:   256
write_traj: False
traj_every: 1
verbose:    0
======================================================================


                             Coordinates                              
----------------------------------------------------------------------
0    C               -0.7070               0.9445               0.0316
1    C               -1.3604              -0.2917               0.2925
2    C               -2.7447              -0.4282               0.3057
3    C               -3.4966               0.7550               0.1721
4    C               -2.8404               1.9931              -0.0717
5    C               -1.4569               2.1151              -0.1790
6    C                0.7194               0.7996               0.0400
7    C                1.1475              -0.4582               0.3228
8    S               -0.1858              -1.5605               0.5805
9    C               -4.9256               0.9212               0.2564
10   C               -5.3249               2.1996               0.0885
11   S               -4.0059               3.2871              -0.1944
12   C               -0.7674               3.4158              -0.4815
13   C               -3.4231              -1.7615               0.4665
14   C                2.5276              -0.8956               0.4651
15   C                3.0535              -1.8196               1.3327
16   C                4.4643              -1.9214               1.2314
17   C                5.0026              -1.1335               0.2415
18   S                3.7700              -0.1607              -0.4921
19   C                6.4163              -1.0094              -0.1011
20   C                6.8572              -0.9264              -1.4642
21   C                8.2658              -0.8273              -1.7639
22   C                9.2296              -0.7457              -0.7193
23   C                8.7719              -0.7781               0.5654
24   C                7.3891              -0.9215               0.8714
25   N                6.1039              -1.0063              -2.5559
26   S                7.1034              -0.9619              -3.8248
27   N                8.5316              -0.8383              -3.0713
28   H                1.4032               1.6227              -0.1434
29   H               -5.6064               0.0978               0.4485
30   H               -6.3367               2.5845               0.1179
31   H               -0.2139               3.3523              -1.4268
32   H               -1.4727               4.2475              -0.5566
33   H               -0.0369               3.6569               0.3007
34   H               -2.7192              -2.5874               0.3361
35   H               -3.8781              -1.8627               1.4601
36   H               -4.2272              -1.8778              -0.2700
37   H                2.4440              -2.4106               2.0080
38   H                5.0630              -2.6091               1.8201
39   H               10.2835              -0.6687              -0.9676
40   H                9.4787              -0.6975               1.3859
41   H                7.1006              -0.9341               1.9185


Energy:                -2548.711970 Convergence criteria  Is converged 
Maximum Force:             0.002315     0.002850  Yes
RMS Force:                 0.001276     0.001900  Yes
Maximum Displacement:      0.001531     0.003150  Yes
RMS Displacement:          0.000618     0.002100  Yes

LBFGS converged at iteration 7.
Final frame written to /home/hungn/Desktop/MyRepo/MLP/MAPLE/maple/function/dispatcher/parmfit/example/PPI_torsionfit_18-20_opt.xyz
Complete trajectory written to /home/hungn/Desktop/MyRepo/MLP/MAPLE/maple/function/dispatcher/parmfit/example/PPI_torsionfit_18-20_traj.xyz

----------------------------------------------------------------------
            Scanning combination 30/73: [145.10]

======================================================================
LBFGS Parameters
======================================================================
memory:     5
curvature:  70.0
max_step:   0.2
max_iter:   256
write_traj: False
traj_every: 1
verbose:    0
======================================================================


                             Coordinates                              
----------------------------------------------------------------------
0    C               -0.7012               0.9454               0.0345
1    C               -1.3561              -0.2899               0.2990
2    C               -2.7402              -0.4274               0.3149
3    C               -3.4929               0.7543               0.1766
4    C               -2.8370               1.9921              -0.0677
5    C               -1.4531               2.1154              -0.1742
6    C                0.7262               0.7949               0.0345
7    C                1.1491              -0.4662               0.3097
8    S               -0.1845              -1.5604               0.5841
9    C               -4.9226               0.9183               0.2530
10   C               -5.3231               2.1951               0.0772
11   S               -4.0040               3.2841              -0.1985
12   C               -0.7707               3.4191              -0.4792
13   C               -3.4195              -1.7594               0.4813
14   C                2.5258              -0.9263               0.4324
15   C                3.0554              -1.7760               1.3702
16   C                4.4628              -1.9048               1.2561
17   C                4.9966              -1.1766               0.2162
18   S                3.7509              -0.3104              -0.6214
19   C                6.4075              -1.0405              -0.1269
20   C                6.8621              -0.9356              -1.4863
21   C                8.2723              -0.8076              -1.7666
22   C                9.2246              -0.7388              -0.7100
23   C                8.7562              -0.8189               0.5678
24   C                7.3735              -0.9801               0.8537
25   N                6.1221              -0.9717              -2.5898
26   S                7.1362              -0.8646              -3.8441
27   N                8.5538              -0.7607              -3.0700
28   H                1.4142               1.6154              -0.1500
29   H               -5.6033               0.0946               0.4439
30   H               -6.3361               2.5778               0.0933
31   H               -0.2110               3.3561              -1.4210
32   H               -1.4833               4.2439              -0.5631
33   H               -0.0486               3.6715               0.3071
34   H               -2.7166              -2.5875               0.3598
35   H               -3.8803              -1.8529               1.4730
36   H               -4.2201              -1.8798              -0.2582
37   H                2.4511              -2.2792               2.1187
38   H                5.0588              -2.5477               1.8966
39   H               10.2774              -0.6199              -0.9442
40   H                9.4523              -0.7581               1.3993
41   H                7.0728              -1.0383               1.8948


Energy:                -2548.712435 Convergence criteria  Is converged 
Maximum Force:             0.002596     0.002850  Yes
RMS Force:                 0.001066     0.001900  Yes
Maximum Displacement:      0.001856     0.003150  Yes
RMS Displacement:          0.000900     0.002100  Yes

LBFGS converged at iteration 17.
Final frame written to /home/hungn/Desktop/MyRepo/MLP/MAPLE/maple/function/dispatcher/parmfit/example/PPI_torsionfit_18-20_opt.xyz
Complete trajectory written to /home/hungn/Desktop/MyRepo/MLP/MAPLE/maple/function/dispatcher/parmfit/example/PPI_torsionfit_18-20_traj.xyz

----------------------------------------------------------------------
            Scanning combination 31/73: [150.10]

======================================================================
LBFGS Parameters
======================================================================
memory:     5
curvature:  70.0
max_step:   0.2
max_iter:   256
write_traj: False
traj_every: 1
verbose:    0
======================================================================


                             Coordinates                              
----------------------------------------------------------------------
0    C               -0.7026               0.9442               0.0344
1    C               -1.3571              -0.2909               0.3005
2    C               -2.7411              -0.4274               0.3164
3    C               -3.4930               0.7547               0.1769
4    C               -2.8370               1.9923              -0.0676
5    C               -1.4531               2.1152              -0.1738
6    C                0.7240               0.7920               0.0307
7    C                1.1482              -0.4681               0.3063
8    S               -0.1852              -1.5627               0.5831
9    C               -4.9226               0.9185               0.2521
10   C               -5.3231               2.1953               0.0760
11   S               -4.0039               3.2843              -0.1997
12   C               -0.7700               3.4190              -0.4786
13   C               -3.4201              -1.7594               0.4830
14   C                2.5278              -0.9184               0.4362
15   C                3.0573              -1.7632               1.3777
16   C                4.4644              -1.8914               1.2650
17   C                4.9947              -1.2050               0.1969
18   S                3.7512              -0.3214              -0.6310
19   C                6.4087              -1.0684              -0.1329
20   C                6.8624              -0.9178              -1.4867
21   C                8.2725              -0.7919              -1.7658
22   C                9.2248              -0.7332              -0.7089
23   C                8.7543              -0.8226               0.5684
24   C                7.3715              -0.9985               0.8524
25   N                6.1212              -0.9586              -2.5890
26   S                7.1369              -0.8643              -3.8431
27   N                8.5541              -0.7549              -3.0692
28   H                1.4149               1.6100              -0.1508
29   H               -5.6025               0.0942               0.4432
30   H               -6.3362               2.5774               0.0919
31   H               -0.2098               3.3559              -1.4201
32   H               -1.4827               4.2435              -0.5637
33   H               -0.0482               3.6727               0.3077
34   H               -2.7163              -2.5868               0.3624
35   H               -3.8807              -1.8521               1.4748
36   H               -4.2200              -1.8806              -0.2572
37   H                2.4519              -2.2710               2.1212
38   H                5.0607              -2.5342               1.9040
39   H               10.2792              -0.6228              -0.9425
40   H                9.4502              -0.7631               1.4002
41   H                7.0715              -1.0416               1.8955


Energy:                -2548.711924 Convergence criteria  Is converged 
Maximum Force:             0.002411     0.002850  Yes
RMS Force:                 0.001237     0.001900  Yes
Maximum Displacement:      0.001627     0.003150  Yes
RMS Displacement:          0.000598     0.002100  Yes

LBFGS converged at iteration 7.
Final frame written to /home/hungn/Desktop/MyRepo/MLP/MAPLE/maple/function/dispatcher/parmfit/example/PPI_torsionfit_18-20_opt.xyz
Complete trajectory written to /home/hungn/Desktop/MyRepo/MLP/MAPLE/maple/function/dispatcher/parmfit/example/PPI_torsionfit_18-20_traj.xyz

----------------------------------------------------------------------
            Scanning combination 32/73: [155.10]

======================================================================
LBFGS Parameters
======================================================================
memory:     5
curvature:  70.0
max_step:   0.2
max_iter:   256
write_traj: False
traj_every: 1
verbose:    0
======================================================================


                             Coordinates                              
----------------------------------------------------------------------
0    C               -0.6996               0.9298               0.0192
1    C               -1.3574              -0.3014               0.2986
2    C               -2.7414              -0.4311               0.3278
3    C               -3.4887               0.7525               0.1794
4    C               -2.8301               1.9880              -0.0686
5    C               -1.4455               2.1065              -0.1762
6    C                0.7252               0.7652              -0.0042
7    C                1.1430              -0.4955               0.2756
8    S               -0.1903              -1.5810               0.5699
9    C               -4.9179               0.9178               0.2458
10   C               -5.3170               2.1936               0.0606
11   S               -3.9955               3.2807              -0.2116
12   C               -0.7609               3.4119              -0.4741
13   C               -3.4232              -1.7591               0.5105
14   C                2.5231              -0.9472               0.4015
15   C                3.0620              -1.6957               1.4149
16   C                4.4662              -1.8402               1.2965
17   C                4.9875              -1.2162               0.1850
18   S                3.7270              -0.4560              -0.7366
19   C                6.3989              -1.0841              -0.1498
20   C                6.8583              -0.9095              -1.5001
21   C                8.2671              -0.7492              -1.7639
22   C                9.2165              -0.7357              -0.7024
23   C                8.7452              -0.8989               0.5662
24   C                7.3621              -1.0753               0.8367
25   N                6.1240              -0.9102              -2.6084
26   S                7.1457              -0.7250              -3.8480
27   N                8.5549              -0.6300              -3.0608
28   H                1.4279               1.5705              -0.1970
29   H               -5.5973               0.0931               0.4363
30   H               -6.3302               2.5755               0.0668
31   H               -0.1898               3.3500              -1.4090
32   H               -1.4751               4.2340              -0.5694
33   H               -0.0489               3.6718               0.3194
34   H               -2.7188              -2.5881               0.4068
35   H               -3.8892              -1.8357               1.5011
36   H               -4.2181              -1.8916              -0.2334
37   H                2.4646              -2.0946               2.2286
38   H                5.0678              -2.4213               1.9879
39   H               10.2695              -0.5963              -0.9238
40   H                9.4357              -0.8916               1.4051
41   H                7.0602              -1.1810               1.8734


Energy:                -2548.712259 Convergence criteria  Is converged 
Maximum Force:             0.001679     0.002850  Yes
RMS Force:                 0.000790     0.001900  Yes
Maximum Displacement:      0.001728     0.003150  Yes
RMS Displacement:          0.000655     0.002100  Yes

LBFGS converged at iteration 25.
Final frame written to /home/hungn/Desktop/MyRepo/MLP/MAPLE/maple/function/dispatcher/parmfit/example/PPI_torsionfit_18-20_opt.xyz
Complete trajectory written to /home/hungn/Desktop/MyRepo/MLP/MAPLE/maple/function/dispatcher/parmfit/example/PPI_torsionfit_18-20_traj.xyz

----------------------------------------------------------------------
            Scanning combination 33/73: [160.10]

======================================================================
LBFGS Parameters
======================================================================
memory:     5
curvature:  70.0
max_step:   0.2
max_iter:   256
write_traj: False
traj_every: 1
verbose:    0
======================================================================


                             Coordinates                              
----------------------------------------------------------------------
0    C               -0.6991               0.9304               0.0198
1    C               -1.3572              -0.3010               0.2963
2    C               -2.7415              -0.4314               0.3270
3    C               -3.4893               0.7519               0.1795
4    C               -2.8300               1.9868              -0.0698
5    C               -1.4455               2.1059              -0.1774
6    C                0.7261               0.7670              -0.0044
7    C                1.1441              -0.4946               0.2708
8    S               -0.1899              -1.5793               0.5703
9    C               -4.9189               0.9177               0.2460
10   C               -5.3172               2.1937               0.0601
11   S               -3.9947               3.2799              -0.2121
12   C               -0.7607               3.4109              -0.4746
13   C               -3.4237              -1.7592               0.5121
14   C                2.5253              -0.9439               0.4024
15   C                3.0636              -1.6821               1.4236
16   C                4.4675              -1.8260               1.3077
17   C                4.9871              -1.2482               0.1709
18   S                3.7299              -0.4688              -0.7415
19   C                6.4002              -1.1130              -0.1550
20   C                6.8583              -0.8927              -1.4988
21   C                8.2677              -0.7379              -1.7631
22   C                9.2170              -0.7313              -0.7017
23   C                8.7432              -0.8993               0.5660
24   C                7.3608              -1.0912               0.8345
25   N                6.1224              -0.8880              -2.6058
26   S                7.1456              -0.7226              -3.8470
27   N                8.5556              -0.6303              -3.0610
28   H                1.4249               1.5748              -0.2008
29   H               -5.5996               0.0939               0.4360
30   H               -6.3303               2.5763               0.0659
31   H               -0.1887               3.3482              -1.4089
32   H               -1.4745               4.2334              -0.5696
33   H               -0.0497               3.6686               0.3204
34   H               -2.7207              -2.5895               0.4094
35   H               -3.8911              -1.8353               1.5021
36   H               -4.2189              -1.8924              -0.2311
37   H                2.4648              -2.0958               2.2284
38   H                5.0679              -2.4093               1.9973
39   H               10.2711              -0.6000              -0.9242
40   H                9.4350              -0.8923               1.4035
41   H                7.0603              -1.1848               1.8733


Energy:                -2548.711603 Convergence criteria  Is converged 
Maximum Force:             0.002393     0.002850  Yes
RMS Force:                 0.001136     0.001900  Yes
Maximum Displacement:      0.001686     0.003150  Yes
RMS Displacement:          0.000629     0.002100  Yes

LBFGS converged at iteration 7.
Final frame written to /home/hungn/Desktop/MyRepo/MLP/MAPLE/maple/function/dispatcher/parmfit/example/PPI_torsionfit_18-20_opt.xyz
Complete trajectory written to /home/hungn/Desktop/MyRepo/MLP/MAPLE/maple/function/dispatcher/parmfit/example/PPI_torsionfit_18-20_traj.xyz

----------------------------------------------------------------------
            Scanning combination 34/73: [165.10]

======================================================================
LBFGS Parameters
======================================================================
memory:     5
curvature:  70.0
max_step:   0.2
max_iter:   256
write_traj: False
traj_every: 1
verbose:    0
======================================================================


                             Coordinates                              
----------------------------------------------------------------------
0    C               -0.6954               0.9273               0.0099
1    C               -1.3531              -0.3033               0.2914
2    C               -2.7384              -0.4337               0.3277
3    C               -3.4887               0.7482               0.1768
4    C               -2.8295               1.9826              -0.0753
5    C               -1.4449               2.1015              -0.1838
6    C                0.7325               0.7671              -0.0188
7    C                1.1516              -0.4948               0.2600
8    S               -0.1816              -1.5773               0.5630
9    C               -4.9189               0.9160               0.2440
10   C               -5.3160               2.1922               0.0560
11   S               -3.9930               3.2765              -0.2189
12   C               -0.7591               3.4061              -0.4766
13   C               -3.4238              -1.7590               0.5225
14   C                2.5277              -0.9706               0.3823
15   C                3.0659              -1.6496               1.4443
16   C                4.4690              -1.8042               1.3363
17   C                4.9877              -1.2864               0.1681
18   S                3.7226              -0.5960              -0.8057
19   C                6.3984              -1.1412              -0.1632
20   C                6.8545              -0.8883              -1.5040
21   C                8.2645              -0.7327              -1.7649
22   C                9.2135              -0.7436              -0.7025
23   C                8.7401              -0.9318               0.5613
24   C                7.3607              -1.1425               0.8238
25   N                6.1162              -0.8252              -2.6093
26   S                7.1403              -0.6112              -3.8424
27   N                8.5524              -0.5771              -3.0575
28   H                1.4250               1.5794              -0.2219
29   H               -5.6037               0.0957               0.4354
30   H               -6.3285               2.5769               0.0612
31   H               -0.1827               3.3426              -1.4080
32   H               -1.4704               4.2305              -0.5731
33   H               -0.0513               3.6589               0.3228
34   H               -2.7242              -2.5932               0.4286
35   H               -3.8946              -1.8244               1.5118
36   H               -4.2188              -1.8954              -0.2205
37   H                2.4687              -1.9989               2.2804
38   H                5.0656              -2.3291               2.0750
39   H               10.2651              -0.5858              -0.9197
40   H                9.4276              -0.9202               1.4026
41   H                7.0643              -1.2870               1.8570


Energy:                -2548.711174 Convergence criteria  Is converged 
Maximum Force:             0.002729     0.002850  Yes
RMS Force:                 0.001218     0.001900  Yes
Maximum Displacement:      0.002395     0.003150  Yes
RMS Displacement:          0.001123     0.002100  Yes

LBFGS converged at iteration 15.
Final frame written to /home/hungn/Desktop/MyRepo/MLP/MAPLE/maple/function/dispatcher/parmfit/example/PPI_torsionfit_18-20_opt.xyz
Complete trajectory written to /home/hungn/Desktop/MyRepo/MLP/MAPLE/maple/function/dispatcher/parmfit/example/PPI_torsionfit_18-20_traj.xyz

----------------------------------------------------------------------
            Scanning combination 35/73: [170.10]

======================================================================
LBFGS Parameters
======================================================================
memory:     5
curvature:  70.0
max_step:   0.2
max_iter:   256
write_traj: False
traj_every: 1
verbose:    0
======================================================================


                             Coordinates                              
----------------------------------------------------------------------
0    C               -0.6959               0.9254               0.0094
1    C               -1.3543              -0.3045               0.2917
2    C               -2.7391              -0.4337               0.3282
3    C               -3.4880               0.7487               0.1765
4    C               -2.8282               1.9826              -0.0761
5    C               -1.4435               2.1009              -0.1844
6    C                0.7306               0.7610              -0.0225
7    C                1.1486              -0.5009               0.2523
8    S               -0.1853              -1.5817               0.5621
9    C               -4.9179               0.9160               0.2435
10   C               -5.3149               2.1921               0.0552
11   S               -3.9918               3.2764              -0.2201
12   C               -0.7578               3.4059              -0.4769
13   C               -3.4238              -1.7587               0.5240
14   C                2.5289              -0.9620               0.3841
15   C                3.0676              -1.6295               1.4529
16   C                4.4696              -1.7866               1.3438
17   C                4.9858              -1.3156               0.1554
18   S                3.7214              -0.6051              -0.8122
19   C                6.3990              -1.1715              -0.1687
20   C                6.8524              -0.8702              -1.5000
21   C                8.2619              -0.7149              -1.7616
22   C                9.2127              -0.7335              -0.7015
23   C                8.7398              -0.9399               0.5597
24   C                7.3610              -1.1634               0.8207
25   N                6.1137              -0.8094              -2.6049
26   S                7.1387              -0.6110              -3.8399
27   N                8.5498              -0.5653              -3.0547
28   H                1.4275               1.5698              -0.2228
29   H               -5.6014               0.0947               0.4354
30   H               -6.3276               2.5760               0.0606
31   H               -0.1813               3.3433              -1.4083
32   H               -1.4699               4.2296              -0.5738
33   H               -0.0502               3.6601               0.3223
34   H               -2.7235              -2.5925               0.4314
35   H               -3.8940              -1.8227               1.5135
36   H               -4.2181              -1.8964              -0.2195
37   H                2.4688              -1.9890               2.2836
38   H                5.0670              -2.3131               2.0811
39   H               10.2664              -0.5909              -0.9204
40   H                9.4279              -0.9319               1.4005
41   H                7.0646              -1.2895               1.8568


Energy:                -2548.709996 Convergence criteria  Is converged 
Maximum Force:             0.002819     0.002850  Yes
RMS Force:                 0.001056     0.001900  Yes
Maximum Displacement:      0.001218     0.003150  Yes
RMS Displacement:          0.000450     0.002100  Yes

LBFGS converged at iteration 8.
Final frame written to /home/hungn/Desktop/MyRepo/MLP/MAPLE/maple/function/dispatcher/parmfit/example/PPI_torsionfit_18-20_opt.xyz
Complete trajectory written to /home/hungn/Desktop/MyRepo/MLP/MAPLE/maple/function/dispatcher/parmfit/example/PPI_torsionfit_18-20_traj.xyz

----------------------------------------------------------------------
            Scanning combination 36/73: [175.10]

======================================================================
LBFGS Parameters
======================================================================
memory:     5
curvature:  70.0
max_step:   0.2
max_iter:   256
write_traj: False
traj_every: 1
verbose:    0
======================================================================


                             Coordinates                              
----------------------------------------------------------------------
0    C               -0.6898               0.9046              -0.0172
1    C               -1.3527              -0.3215               0.2740
2    C               -2.7361              -0.4420               0.3277
3    C               -3.4786               0.7430               0.1725
4    C               -2.8148               1.9732              -0.0863
5    C               -1.4301               2.0865              -0.1992
6    C                0.7332               0.7254              -0.0647
7    C                1.1403              -0.5380               0.2170
8    S               -0.1938              -1.6099               0.5334
9    C               -4.9071               0.9145               0.2408
10   C               -5.3003               2.1907               0.0467
11   S               -3.9742               3.2701              -0.2328
12   C               -0.7424               3.3929              -0.4849
13   C               -3.4240              -1.7609               0.5450
14   C                2.5194              -0.9911               0.3679
15   C                3.0697              -1.5396               1.4967
16   C                4.4700              -1.7031               1.3897
17   C                4.9765              -1.3064               0.1706
18   S                3.6930              -0.7528              -0.8710
19   C                6.3867              -1.1878              -0.1710
20   C                6.8349              -0.8652              -1.4996
21   C                8.2386              -0.6570              -1.7518
22   C                9.1985              -0.7387              -0.7029
23   C                8.7387              -1.0412               0.5433
24   C                7.3614              -1.2710               0.8022
25   N                6.0919              -0.7560              -2.5983
26   S                7.1065              -0.4301              -3.8140
27   N                8.5168              -0.3976              -3.0292
28   H                1.4427               1.5203              -0.2738
29   H               -5.5914               0.0948               0.4365
30   H               -6.3121               2.5765               0.0490
31   H               -0.1614               3.3356              -1.4139
32   H               -1.4562               4.2151              -0.5827
33   H               -0.0400               3.6478               0.3188
34   H               -2.7267              -2.5988               0.4710
35   H               -3.8970              -1.8034               1.5341
36   H               -4.2151              -1.9093              -0.1995
37   H                2.4832              -1.7750               2.3779
38   H                5.0739              -2.1445               2.1735
39   H               10.2471              -0.5609              -0.9196
40   H                9.4370              -1.1051               1.3733
41   H                7.0810              -1.4850               1.8273


Energy:                -2548.710093 Convergence criteria  Is converged 
Maximum Force:             0.002513     0.002850  Yes
RMS Force:                 0.001034     0.001900  Yes
Maximum Displacement:      0.002795     0.003150  Yes
RMS Displacement:          0.000981     0.002100  Yes

LBFGS converged at iteration 23.
Final frame written to /home/hungn/Desktop/MyRepo/MLP/MAPLE/maple/function/dispatcher/parmfit/example/PPI_torsionfit_18-20_opt.xyz
Complete trajectory written to /home/hungn/Desktop/MyRepo/MLP/MAPLE/maple/function/dispatcher/parmfit/example/PPI_torsionfit_18-20_traj.xyz

----------------------------------------------------------------------
            Scanning combination 37/73: [180.10]

======================================================================
LBFGS Parameters
======================================================================
memory:     5
curvature:  70.0
max_step:   0.2
max_iter:   256
write_traj: False
traj_every: 1
verbose:    0
======================================================================


                             Coordinates                              
----------------------------------------------------------------------
0    C               -0.6900               0.9028              -0.0208
1    C               -1.3530              -0.3230               0.2721
2    C               -2.7376              -0.4428               0.3278
3    C               -3.4800               0.7428               0.1719
4    C               -2.8160               1.9729              -0.0875
5    C               -1.4311               2.0847              -0.2018
6    C                0.7343               0.7266              -0.0652
7    C                1.1439              -0.5352               0.2176
8    S               -0.1904              -1.6086               0.5334
9    C               -4.9087               0.9154               0.2402
10   C               -5.3018               2.1917               0.0461
11   S               -3.9753               3.2706              -0.2342
12   C               -0.7420               3.3905              -0.4856
13   C               -3.4272              -1.7617               0.5466
14   C                2.5247              -0.9905               0.3668
15   C                3.0732              -1.5248               1.5022
16   C                4.4724              -1.6921               1.3987
17   C                4.9803              -1.3448               0.1638
18   S                3.7025              -0.7555              -0.8693
19   C                6.3899              -1.2129              -0.1765
20   C                6.8327              -0.8426              -1.4954
21   C                8.2370              -0.6449              -1.7517
22   C                9.1977              -0.7360              -0.7042
23   C                8.7397              -1.0457               0.5404
24   C                7.3636              -1.2820               0.7987
25   N                6.0885              -0.7326              -2.5939
26   S                7.1039              -0.4260              -3.8137
27   N                8.5158              -0.3990              -3.0317
28   H                1.4400               1.5244              -0.2789
29   H               -5.5927               0.0959               0.4363
30   H               -6.3133               2.5785               0.0490
31   H               -0.1604               3.3327              -1.4140
32   H               -1.4541               4.2142              -0.5836
33   H               -0.0392               3.6445               0.3181
34   H               -2.7285              -2.5986               0.4733
35   H               -3.9010              -1.8044               1.5357
36   H               -4.2189              -1.9125              -0.1973
37   H                2.4802              -1.7762               2.3766
38   H                5.0738              -2.1286               2.1876
39   H               10.2474              -0.5646              -0.9189
40   H                9.4353              -1.1118               1.3730
41   H                7.0816              -1.4919               1.8246


Energy:                -2548.708976 Convergence criteria  Is converged 
Maximum Force:             0.002809     0.002850  Yes
RMS Force:                 0.001144     0.001900  Yes
Maximum Displacement:      0.002058     0.003150  Yes
RMS Displacement:          0.000780     0.002100  Yes

LBFGS converged at iteration 9.
Final frame written to /home/hungn/Desktop/MyRepo/MLP/MAPLE/maple/function/dispatcher/parmfit/example/PPI_torsionfit_18-20_opt.xyz
Complete trajectory written to /home/hungn/Desktop/MyRepo/MLP/MAPLE/maple/function/dispatcher/parmfit/example/PPI_torsionfit_18-20_traj.xyz

----------------------------------------------------------------------
            Scanning combination 38/73: [185.10]

======================================================================
LBFGS Parameters
======================================================================
memory:     5
curvature:  70.0
max_step:   0.2
max_iter:   256
write_traj: False
traj_every: 1
verbose:    0
======================================================================


                             Coordinates                              
----------------------------------------------------------------------
0    C               -0.7141               0.8448              -0.0913
1    C               -1.3724              -0.3675               0.2553
2    C               -2.7588              -0.4707               0.3275
3    C               -3.4955               0.7157               0.1333
4    C               -2.8264               1.9332              -0.1716
5    C               -1.4437               2.0272              -0.2979
6    C                0.7088               0.6815              -0.1223
7    C                1.1343              -0.5510               0.2467
8    S               -0.1948              -1.6275               0.5918
9    C               -4.9211               0.9069               0.2201
10   C               -5.3033               2.1831               0.0004
11   S               -3.9715               3.2403              -0.3327
12   C               -0.7224               3.3116              -0.5904
13   C               -3.4588              -1.7693               0.6203
14   C                2.5290              -0.9435               0.4442
15   C                3.0939              -1.4112               1.6019
16   C                4.5048              -1.5104               1.5195
17   C                5.0018              -1.1628               0.2795
18   S                3.7073              -0.6628              -0.7796
19   C                6.4023              -1.1290              -0.1234
20   C                6.8159              -0.6462              -1.4168
21   C                8.2187              -0.5558              -1.7355
22   C                9.2170              -0.9014              -0.7798
23   C                8.7903              -1.3701               0.4265
24   C                7.4111              -1.5004               0.7416
25   N                6.0340              -0.2832              -2.4316
26   S                7.0129               0.1176              -3.6524
27   N                8.4557              -0.1357              -2.9783
28   H                1.3980               1.4755              -0.3927
29   H               -5.6113               0.1012               0.4491
30   H               -6.3085               2.5853               0.0157
31   H               -0.1380               3.2289              -1.5151
32   H               -1.4065               4.1572              -0.6915
33   H               -0.0137               3.5409               0.2158
34   H               -2.7609              -2.6099               0.6178
35   H               -3.9516              -1.7411               1.6010
36   H               -4.2385              -1.9667              -0.1258
37   H                2.5010              -1.6558               2.4770
38   H                5.1243              -1.8144               2.3570
39   H               10.2676              -0.7978              -1.0334
40   H                9.5161              -1.6519               1.1849
41   H                7.1642              -1.9158               1.7119


Energy:                -2548.710177 Convergence criteria  Is converged 
Maximum Force:             0.001903     0.002850  Yes
RMS Force:                 0.001120     0.001900  Yes
Maximum Displacement:      0.002071     0.003150  Yes
RMS Displacement:          0.001053     0.002100  Yes

LBFGS converged at iteration 45.
Final frame written to /home/hungn/Desktop/MyRepo/MLP/MAPLE/maple/function/dispatcher/parmfit/example/PPI_torsionfit_18-20_opt.xyz
Complete trajectory written to /home/hungn/Desktop/MyRepo/MLP/MAPLE/maple/function/dispatcher/parmfit/example/PPI_torsionfit_18-20_traj.xyz

----------------------------------------------------------------------
            Scanning combination 39/73: [190.10]

======================================================================
LBFGS Parameters
======================================================================
memory:     5
curvature:  70.0
max_step:   0.2
max_iter:   256
write_traj: False
traj_every: 1
verbose:    0
======================================================================


                             Coordinates                              
----------------------------------------------------------------------
0    C               -0.7016               0.8596              -0.0686
1    C               -1.3620              -0.3519               0.2830
2    C               -2.7481              -0.4659               0.3474
3    C               -3.4899               0.7146               0.1439
4    C               -2.8233               1.9312              -0.1686
5    C               -1.4395               2.0350              -0.2906
6    C                0.7227               0.6896              -0.1065
7    C                1.1396              -0.5494               0.2533
8    S               -0.1901              -1.6152               0.6138
9    C               -4.9176               0.8998               0.2199
10   C               -5.3041               2.1721              -0.0134
11   S               -3.9748               3.2301              -0.3514
12   C               -0.7388               3.3263              -0.6072
13   C               -3.4461              -1.7690               0.6292
14   C                2.5279              -0.9694               0.4354
15   C                3.0994              -1.3944               1.6057
16   C                4.5049              -1.5221               1.5085
17   C                4.9940              -1.2304               0.2506
18   S                3.6911              -0.7836              -0.8202
19   C                6.3951              -1.1590              -0.1423
20   C                6.8137              -0.6417              -1.4212
21   C                8.2185              -0.5421              -1.7269
22   C                9.2102              -0.9206              -0.7781
23   C                8.7790              -1.3979               0.4222
24   C                7.3987              -1.5153               0.7342
25   N                6.0406              -0.2470              -2.4307
26   S                7.0298               0.2018              -3.6265
27   N                8.4675              -0.0748              -2.9496
28   H                1.4202               1.4786              -0.3743
29   H               -5.6092               0.0955               0.4500
30   H               -6.3116               2.5691              -0.0017
31   H               -0.1643               3.2418              -1.5378
32   H               -1.4384               4.1592              -0.7142
33   H               -0.0254               3.5815               0.1868
34   H               -2.7520              -2.6129               0.6258
35   H               -3.9466              -1.7483               1.6059
36   H               -4.2213              -1.9620              -0.1225
37   H                2.5214              -1.5734               2.5065
38   H                5.1220              -1.8216               2.3477
39   H               10.2603              -0.8176              -1.0299
40   H                9.5020              -1.6978               1.1761
41   H                7.1431              -1.9039               1.7127


Energy:                -2548.710055 Convergence criteria  Is converged 
Maximum Force:             0.001405     0.002850  Yes
RMS Force:                 0.000790     0.001900  Yes
Maximum Displacement:      0.002706     0.003150  Yes
RMS Displacement:          0.001140     0.002100  Yes

LBFGS converged at iteration 16.
Final frame written to /home/hungn/Desktop/MyRepo/MLP/MAPLE/maple/function/dispatcher/parmfit/example/PPI_torsionfit_18-20_opt.xyz
Complete trajectory written to /home/hungn/Desktop/MyRepo/MLP/MAPLE/maple/function/dispatcher/parmfit/example/PPI_torsionfit_18-20_traj.xyz

----------------------------------------------------------------------
            Scanning combination 40/73: [195.10]

======================================================================
LBFGS Parameters
======================================================================
memory:     5
curvature:  70.0
max_step:   0.2
max_iter:   256
write_traj: False
traj_every: 1
verbose:    0
======================================================================


                             Coordinates                              
----------------------------------------------------------------------
0    C               -0.7025               0.8597              -0.0673
1    C               -1.3625              -0.3517               0.2849
2    C               -2.7483              -0.4651               0.3481
3    C               -3.4896               0.7155               0.1440
4    C               -2.8233               1.9321              -0.1688
5    C               -1.4396               2.0353              -0.2904
6    C                0.7211               0.6880              -0.1067
7    C                1.1384              -0.5511               0.2506
8    S               -0.1913              -1.6159               0.6159
9    C               -4.9171               0.8994               0.2203
10   C               -5.3043               2.1715              -0.0140
11   S               -3.9755               3.2304              -0.3516
12   C               -0.7390               3.3261              -0.6090
13   C               -3.4453              -1.7682               0.6300
14   C                2.5286              -0.9648               0.4367
15   C                3.1017              -1.3754               1.6105
16   C                4.5078              -1.5047               1.5129
17   C                4.9916              -1.2625               0.2420
18   S                3.6896              -0.7935              -0.8226
19   C                6.3926              -1.1889              -0.1548
20   C                6.8140              -0.6267              -1.4137
21   C                8.2189              -0.5285              -1.7207
22   C                9.2111              -0.9167              -0.7759
23   C                8.7781              -1.4000               0.4209
24   C                7.3977              -1.5327               0.7258
25   N                6.0407              -0.2310              -2.4234
26   S                7.0293               0.2042              -3.6248
27   N                8.4672              -0.0712              -2.9478
28   H                1.4193               1.4770              -0.3721
29   H               -5.6068               0.0939               0.4511
30   H               -6.3120               2.5673              -0.0055
31   H               -0.1651               3.2412              -1.5401
32   H               -1.4400               4.1579              -0.7162
33   H               -0.0257               3.5824               0.1847
34   H               -2.7493              -2.6105               0.6267
35   H               -3.9451              -1.7473               1.6070
36   H               -4.2201              -1.9628              -0.1219
37   H                2.5209              -1.5719               2.5061
38   H                5.1247              -1.8100               2.3498
39   H               10.2621              -0.8225              -1.0301
40   H                9.5012              -1.6979               1.1763
41   H                7.1434              -1.9113               1.7093


Energy:                -2548.708894 Convergence criteria  Is converged 
Maximum Force:             0.002534     0.002850  Yes
RMS Force:                 0.001316     0.001900  Yes
Maximum Displacement:      0.002092     0.003150  Yes
RMS Displacement:          0.000936     0.002100  Yes

LBFGS converged at iteration 7.
Final frame written to /home/hungn/Desktop/MyRepo/MLP/MAPLE/maple/function/dispatcher/parmfit/example/PPI_torsionfit_18-20_opt.xyz
Complete trajectory written to /home/hungn/Desktop/MyRepo/MLP/MAPLE/maple/function/dispatcher/parmfit/example/PPI_torsionfit_18-20_traj.xyz

----------------------------------------------------------------------
            Scanning combination 41/73: [200.10]

======================================================================
LBFGS Parameters
======================================================================
memory:     5
curvature:  70.0
max_step:   0.2
max_iter:   256
write_traj: False
traj_every: 1
verbose:    0
======================================================================


                             Coordinates                              
----------------------------------------------------------------------
0    C               -0.6979               0.8523              -0.0667
1    C               -1.3591              -0.3570               0.2921
2    C               -2.7444              -0.4687               0.3666
3    C               -3.4851               0.7096               0.1524
4    C               -2.8191               1.9224              -0.1750
5    C               -1.4356               2.0251              -0.3019
6    C                0.7252               0.6794              -0.1027
7    C                1.1385              -0.5598               0.2589
8    S               -0.1908              -1.6237               0.6229
9    C               -4.9132               0.8905               0.2174
10   C               -5.3034               2.1566              -0.0404
11   S               -3.9740               3.2147              -0.3820
12   C               -0.7429               3.3134              -0.6465
13   C               -3.4388              -1.7708               0.6624
14   C                2.5302              -0.9622               0.4503
15   C                3.1193              -1.2869               1.6432
16   C                4.5231              -1.4265               1.5340
17   C                4.9869              -1.2458               0.2471
18   S                3.6710              -0.8734              -0.8350
19   C                6.3815              -1.2119              -0.1685
20   C                6.8074              -0.6161              -1.4081
21   C                8.2136              -0.4680              -1.6855
22   C                9.1995              -0.9259              -0.7655
23   C                8.7607              -1.5353               0.3725
24   C                7.3783              -1.6746               0.6652
25   N                6.0382              -0.1726              -2.4007
26   S                7.0320               0.3883              -3.5444
27   N                8.4668               0.1051              -2.8625
28   H                1.4262               1.4627              -0.3775
29   H               -5.5990               0.0833               0.4560
30   H               -6.3135               2.5483              -0.0508
31   H               -0.1777               3.2146              -1.5813
32   H               -1.4513               4.1377              -0.7627
33   H               -0.0245               3.5902               0.1355
34   H               -2.7390              -2.6096               0.6679
35   H               -3.9411              -1.7456               1.6381
36   H               -4.2114              -1.9783              -0.0881
37   H                2.5551              -1.3688               2.5659
38   H                5.1626              -1.6256               2.3873
39   H               10.2518              -0.7927              -0.9947
40   H                9.4788              -1.9281               1.0874
41   H                7.1128              -2.1674               1.5939


Energy:                -2548.708948 Convergence criteria  Is converged 
Maximum Force:             0.002025     0.002850  Yes
RMS Force:                 0.001141     0.001900  Yes
Maximum Displacement:      0.002178     0.003150  Yes
RMS Displacement:          0.000910     0.002100  Yes

LBFGS converged at iteration 30.
Final frame written to /home/hungn/Desktop/MyRepo/MLP/MAPLE/maple/function/dispatcher/parmfit/example/PPI_torsionfit_18-20_opt.xyz
Complete trajectory written to /home/hungn/Desktop/MyRepo/MLP/MAPLE/maple/function/dispatcher/parmfit/example/PPI_torsionfit_18-20_traj.xyz

----------------------------------------------------------------------
            Scanning combination 42/73: [205.10]

======================================================================
LBFGS Parameters
======================================================================
memory:     5
curvature:  70.0
max_step:   0.2
max_iter:   256
write_traj: False
traj_every: 1
verbose:    0
======================================================================


                             Coordinates                              
----------------------------------------------------------------------
0    C               -0.7010               0.8526              -0.0672
1    C               -1.3595              -0.3567               0.2963
2    C               -2.7445              -0.4697               0.3666
3    C               -3.4862               0.7082               0.1501
4    C               -2.8220               1.9223              -0.1766
5    C               -1.4387               2.0256              -0.3024
6    C                0.7221               0.6798              -0.1070
7    C                1.1382              -0.5569               0.2595
8    S               -0.1885              -1.6216               0.6250
9    C               -4.9138               0.8896               0.2169
10   C               -5.3037               2.1560              -0.0401
11   S               -3.9766               3.2149              -0.3830
12   C               -0.7435               3.3127              -0.6480
13   C               -3.4382              -1.7714               0.6628
14   C                2.5292              -0.9624               0.4518
15   C                3.1220              -1.2656               1.6483
16   C                4.5253              -1.4085               1.5365
17   C                4.9869              -1.2772               0.2428
18   S                3.6698              -0.8916              -0.8350
19   C                6.3804              -1.2389              -0.1819
20   C                6.8078              -0.5993              -1.3990
21   C                8.2142              -0.4594              -1.6807
22   C                9.2003              -0.9265              -0.7661
23   C                8.7613              -1.5382               0.3693
24   C                7.3793              -1.6884               0.6570
25   N                6.0396              -0.1509              -2.3905
26   S                7.0343               0.3965              -3.5397
27   N                8.4689               0.1000              -2.8635
28   H                1.4239               1.4640              -0.3757
29   H               -5.6007               0.0842               0.4564
30   H               -6.3132               2.5471              -0.0512
31   H               -0.1774               3.2145              -1.5828
32   H               -1.4495               4.1387              -0.7650
33   H               -0.0250               3.5882               0.1345
34   H               -2.7384              -2.6105               0.6695
35   H               -3.9389              -1.7419               1.6391
36   H               -4.2108              -1.9778              -0.0882
37   H                2.5556              -1.3728               2.5676
38   H                5.1638              -1.6165               2.3879
39   H               10.2526              -0.7987              -0.9969
40   H                9.4787              -1.9214               1.0896
41   H                7.1129              -2.1734               1.5894


Energy:                -2548.707891 Convergence criteria  Is converged 
Maximum Force:             0.002474     0.002850  Yes
RMS Force:                 0.001012     0.001900  Yes
Maximum Displacement:      0.001621     0.003150  Yes
RMS Displacement:          0.000600     0.002100  Yes

LBFGS converged at iteration 8.
Final frame written to /home/hungn/Desktop/MyRepo/MLP/MAPLE/maple/function/dispatcher/parmfit/example/PPI_torsionfit_18-20_opt.xyz
Complete trajectory written to /home/hungn/Desktop/MyRepo/MLP/MAPLE/maple/function/dispatcher/parmfit/example/PPI_torsionfit_18-20_traj.xyz

----------------------------------------------------------------------
            Scanning combination 43/73: [210.10]

======================================================================
LBFGS Parameters
======================================================================
memory:     5
curvature:  70.0
max_step:   0.2
max_iter:   256
write_traj: False
traj_every: 1
verbose:    0
======================================================================


                             Coordinates                              
----------------------------------------------------------------------
0    C               -0.7337               0.8683              -0.0582
1    C               -1.3538              -0.3226               0.4140
2    C               -2.7369              -0.4847               0.4476
3    C               -3.5161               0.6408               0.1119
4    C               -2.8864               1.8409              -0.3172
5    C               -1.5062               1.9797              -0.4311
6    C                0.6951               0.7612              -0.0521
7    C                1.1589              -0.4142               0.4376
8    S               -0.1352              -1.4869               0.9091
9    C               -4.9494               0.7862               0.1581
10   C               -5.3739               2.0177              -0.1969
11   S               -4.0752               3.0770              -0.6366
12   C               -0.8372               3.2445              -0.8898
13   C               -3.3980              -1.7805               0.8300
14   C                2.5669              -0.7567               0.6223
15   C                3.1903              -1.1300               1.7831
16   C                4.5969              -1.2355               1.6352
17   C                5.0341              -0.9847               0.3526
18   S                3.6985              -0.5480              -0.6663
19   C                6.4092              -1.0641              -0.1277
20   C                6.9281              -0.2523              -1.1971
21   C                8.2923              -0.4329              -1.6383
22   C                9.1463              -1.3887              -1.0157
23   C                8.6371              -2.0981               0.0304
24   C                7.2995              -1.9278               0.4746
25   N                6.2898               0.6907              -1.8828
26   S                7.3395               1.2827              -2.9614
27   N                8.6413               0.3787              -2.6378
28   H                1.3601               1.5531              -0.3837
29   H               -5.6148              -0.0160               0.4604
30   H               -6.3929               2.3844              -0.2145
31   H               -0.2627               3.0690              -1.8071
32   H               -1.5545               4.0445              -1.0895
33   H               -0.1232               3.5991              -0.1351
34   H               -2.6743              -2.5937               0.9195
35   H               -3.9184              -1.6893               1.7915
36   H               -4.1508              -2.0664               0.0842
37   H                2.6481              -1.3089               2.7061
38   H                5.2668              -1.4687               2.4561
39   H               10.1631              -1.5190              -1.3726
40   H                9.2620              -2.8184               0.5510
41   H                6.9673              -2.5315               1.3127


Energy:                -2548.710520 Convergence criteria  Is converged 
Maximum Force:             0.001772     0.002850  Yes
RMS Force:                 0.001148     0.001900  Yes
Maximum Displacement:      0.001798     0.003150  Yes
RMS Displacement:          0.000981     0.002100  Yes

LBFGS converged at iteration 59.
Final frame written to /home/hungn/Desktop/MyRepo/MLP/MAPLE/maple/function/dispatcher/parmfit/example/PPI_torsionfit_18-20_opt.xyz
Complete trajectory written to /home/hungn/Desktop/MyRepo/MLP/MAPLE/maple/function/dispatcher/parmfit/example/PPI_torsionfit_18-20_traj.xyz

----------------------------------------------------------------------
            Scanning combination 44/73: [215.10]

======================================================================
LBFGS Parameters
======================================================================
memory:     5
curvature:  70.0
max_step:   0.2
max_iter:   256
write_traj: False
traj_every: 1
verbose:    0
======================================================================


                             Coordinates                              
----------------------------------------------------------------------
0    C               -0.7241               0.8978              -0.0604
1    C               -1.3355              -0.2922               0.4264
2    C               -2.7151              -0.4652               0.4791
3    C               -3.5047               0.6491               0.1351
4    C               -2.8884               1.8507              -0.3099
5    C               -1.5093               2.0013              -0.4343
6    C                0.7050               0.7840              -0.0759
7    C                1.1701              -0.3886               0.4215
8    S               -0.1165              -1.4546               0.9157
9    C               -4.9401               0.7713               0.1670
10   C               -5.3808               1.9863              -0.2237
11   S               -4.0951               3.0612              -0.6627
12   C               -0.8660               3.2690              -0.9218
13   C               -3.3556              -1.7668               0.8785
14   C                2.5728              -0.7378               0.6151
15   C                3.1910              -1.0865               1.7866
16   C                4.5910              -1.2537               1.6337
17   C                5.0249              -1.0497               0.3419
18   S                3.6986              -0.5964              -0.6832
19   C                6.3944              -1.1456              -0.1483
20   C                6.9082              -0.2882              -1.1813
21   C                8.2950              -0.3803              -1.5669
22   C                9.1621              -1.3385              -0.9684
23   C                8.6351              -2.1527              -0.0110
24   C                7.2789              -2.0500               0.4005
25   N                6.2456               0.6371              -1.8707
26   S                7.3063               1.3203              -2.8809
27   N                8.6428               0.4858              -2.5192
28   H                1.3724               1.5621              -0.4329
29   H               -5.5952              -0.0351               0.4805
30   H               -6.4059               2.3297              -0.2811
31   H               -0.2924               3.0883              -1.8396
32   H               -1.6048               4.0472              -1.1299
33   H               -0.1630               3.6583              -0.1747
34   H               -2.6203              -2.5700               0.9675
35   H               -3.8776              -1.6790               1.8399
36   H               -4.1026              -2.0724               0.1358
37   H                2.6509              -1.1859               2.7221
38   H                5.2578              -1.4832               2.4583
39   H               10.1989              -1.3945              -1.2844
40   H                9.2594              -2.9086               0.4573
41   H                6.9287              -2.7249               1.1750


Energy:                -2548.710761 Convergence criteria  Is converged 
Maximum Force:             0.001741     0.002850  Yes
RMS Force:                 0.000851     0.001900  Yes
Maximum Displacement:      0.002129     0.003150  Yes
RMS Displacement:          0.001224     0.002100  Yes

LBFGS converged at iteration 30.
Final frame written to /home/hungn/Desktop/MyRepo/MLP/MAPLE/maple/function/dispatcher/parmfit/example/PPI_torsionfit_18-20_opt.xyz
Complete trajectory written to /home/hungn/Desktop/MyRepo/MLP/MAPLE/maple/function/dispatcher/parmfit/example/PPI_torsionfit_18-20_traj.xyz

----------------------------------------------------------------------
            Scanning combination 45/73: [220.10]

======================================================================
LBFGS Parameters
======================================================================
memory:     5
curvature:  70.0
max_step:   0.2
max_iter:   256
write_traj: False
traj_every: 1
verbose:    0
======================================================================


                             Coordinates                              
----------------------------------------------------------------------
0    C               -0.7253               0.8977              -0.0618
1    C               -1.3359              -0.2916               0.4283
2    C               -2.7155              -0.4653               0.4795
3    C               -3.5056               0.6486               0.1341
4    C               -2.8901               1.8505              -0.3116
5    C               -1.5110               2.0011              -0.4362
6    C                0.7043               0.7847              -0.0773
7    C                1.1700              -0.3858               0.4230
8    S               -0.1158              -1.4530               0.9174
9    C               -4.9408               0.7713               0.1667
10   C               -5.3818               1.9855              -0.2236
11   S               -4.0972               3.0613              -0.6631
12   C               -0.8669               3.2689              -0.9227
13   C               -3.3556              -1.7669               0.8796
14   C                2.5730              -0.7363               0.6182
15   C                3.1960              -1.0710               1.7910
16   C                4.5953              -1.2418               1.6338
17   C                5.0195              -1.0829               0.3324
18   S                3.6933              -0.6139              -0.6860
19   C                6.3868              -1.1657              -0.1694
20   C                6.9118              -0.2765              -1.1696
21   C                8.2971              -0.3757              -1.5617
22   C                9.1633              -1.3357              -0.9653
23   C                8.6351              -2.1541              -0.0124
24   C                7.2752              -2.0607               0.3885
25   N                6.2525               0.6540              -1.8551
26   S                7.3093               1.3256              -2.8767
27   N                8.6429               0.4840              -2.5208
28   H                1.3707               1.5654              -0.4327
29   H               -5.5955              -0.0353               0.4815
30   H               -6.4073               2.3285              -0.2827
31   H               -0.2929               3.0888              -1.8402
32   H               -1.6041               4.0481              -1.1324
33   H               -0.1632               3.6575              -0.1757
34   H               -2.6188              -2.5687               0.9704
35   H               -3.8758              -1.6761               1.8417
36   H               -4.1034              -2.0732               0.1375
37   H                2.6540              -1.1895               2.7232
38   H                5.2630              -1.4730               2.4578
39   H               10.1984              -1.3976              -1.2844
40   H                9.2617              -2.9020               0.4650
41   H                6.9266              -2.7305               1.1680


Energy:                -2548.709804 Convergence criteria  Is converged 
Maximum Force:             0.002222     0.002850  Yes
RMS Force:                 0.000966     0.001900  Yes
Maximum Displacement:      0.002531     0.003150  Yes
RMS Displacement:          0.000892     0.002100  Yes

LBFGS converged at iteration 8.
Final frame written to /home/hungn/Desktop/MyRepo/MLP/MAPLE/maple/function/dispatcher/parmfit/example/PPI_torsionfit_18-20_opt.xyz
Complete trajectory written to /home/hungn/Desktop/MyRepo/MLP/MAPLE/maple/function/dispatcher/parmfit/example/PPI_torsionfit_18-20_traj.xyz

----------------------------------------------------------------------
            Scanning combination 46/73: [225.10]

======================================================================
LBFGS Parameters
======================================================================
memory:     5
curvature:  70.0
max_step:   0.2
max_iter:   256
write_traj: False
traj_every: 1
verbose:    0
======================================================================


                             Coordinates                              
----------------------------------------------------------------------
0    C               -0.7273               0.9014              -0.0632
1    C               -1.3387              -0.2863               0.4298
2    C               -2.7178              -0.4623               0.4807
3    C               -3.5091               0.6487               0.1311
4    C               -2.8948               1.8498              -0.3187
5    C               -1.5153               2.0017              -0.4432
6    C                0.7039               0.7882              -0.0727
7    C                1.1664              -0.3830               0.4322
8    S               -0.1209              -1.4436               0.9294
9    C               -4.9445               0.7696               0.1653
10   C               -5.3873               1.9817              -0.2278
11   S               -4.1041               3.0584              -0.6710
12   C               -0.8712               3.2689              -0.9306
13   C               -3.3544              -1.7627               0.8898
14   C                2.5646              -0.7617               0.6180
15   C                3.2074              -1.0473               1.7935
16   C                4.6044              -1.2239               1.6186
17   C                5.0093              -1.1219               0.3070
18   S                3.6586              -0.7473              -0.7157
19   C                6.3799              -1.1930              -0.1909
20   C                6.9138              -0.2788              -1.1633
21   C                8.2990              -0.3784              -1.5595
22   C                9.1632              -1.3438              -0.9694
23   C                8.6336              -2.1679              -0.0220
24   C                7.2668              -2.0945               0.3588
25   N                6.2698               0.6914              -1.8059
26   S                7.3317               1.3881              -2.8045
27   N                8.6531               0.5083              -2.4908
28   H                1.3701               1.5676              -0.4316
29   H               -5.5976              -0.0372               0.4841
30   H               -6.4138               2.3228              -0.2873
31   H               -0.2953               3.0876              -1.8468
32   H               -1.6073               4.0490              -1.1415
33   H               -0.1684               3.6565              -0.1822
34   H               -2.6158              -2.5624               0.9838
35   H               -3.8720              -1.6672               1.8527
36   H               -4.1032              -2.0757               0.1518
37   H                2.6893              -1.1108               2.7444
38   H                5.2929              -1.4092               2.4364
39   H               10.2052              -1.3860              -1.2689
40   H                9.2665              -2.9010               0.4700
41   H                6.9063              -2.7947               1.1063


Energy:                -2548.708935 Convergence criteria  Is converged 
Maximum Force:             0.002652     0.002850  Yes
RMS Force:                 0.001002     0.001900  Yes
Maximum Displacement:      0.001081     0.003150  Yes
RMS Displacement:          0.000639     0.002100  Yes

LBFGS converged at iteration 15.
Final frame written to /home/hungn/Desktop/MyRepo/MLP/MAPLE/maple/function/dispatcher/parmfit/example/PPI_torsionfit_18-20_opt.xyz
Complete trajectory written to /home/hungn/Desktop/MyRepo/MLP/MAPLE/maple/function/dispatcher/parmfit/example/PPI_torsionfit_18-20_traj.xyz

----------------------------------------------------------------------
            Scanning combination 47/73: [230.10]

======================================================================
LBFGS Parameters
======================================================================
memory:     5
curvature:  70.0
max_step:   0.2
max_iter:   256
write_traj: False
traj_every: 1
verbose:    0
======================================================================


                             Coordinates                              
----------------------------------------------------------------------
0    C               -0.7266               0.8943              -0.0593
1    C               -1.3419              -0.2899               0.4380
2    C               -2.7215              -0.4616               0.4926
3    C               -3.5103               0.6481               0.1345
4    C               -2.8934               1.8451              -0.3216
5    C               -1.5129               1.9951              -0.4433
6    C                0.7042               0.7717              -0.0729
7    C                1.1614              -0.4029               0.4276
8    S               -0.1292              -1.4552               0.9324
9    C               -4.9457               0.7691               0.1631
10   C               -5.3872               1.9796              -0.2396
11   S               -4.1018               3.0512              -0.6880
12   C               -0.8732               3.2621              -0.9386
13   C               -3.3602              -1.7584               0.9089
14   C                2.5618              -0.7788               0.6100
15   C                3.2224              -0.9871               1.7914
16   C                4.6145              -1.1879               1.6067
17   C                5.0036              -1.1467               0.2882
18   S                3.6353              -0.8625              -0.7396
19   C                6.3759              -1.2165              -0.2078
20   C                6.9155              -0.2776              -1.1516
21   C                8.3088              -0.3553              -1.5262
22   C                9.1658              -1.3428              -0.9613
23   C                8.6227              -2.2078              -0.0592
24   C                7.2541              -2.1387               0.3194
25   N                6.2763               0.7124              -1.7666
26   S                7.3502               1.4524              -2.7203
27   N                8.6744               0.5735              -2.4113
28   H                1.3776               1.5449              -0.4319
29   H               -5.5998              -0.0352               0.4841
30   H               -6.4129               2.3213              -0.3002
31   H               -0.2995               3.0795              -1.8559
32   H               -1.6148               4.0364              -1.1522
33   H               -0.1712               3.6601              -0.1949
34   H               -2.6224              -2.5585               1.0050
35   H               -3.8770              -1.6584               1.8718
36   H               -4.1098              -2.0735               0.1725
37   H                2.7212              -0.9734               2.7535
38   H                5.3170              -1.3297               2.4217
39   H               10.2105              -1.3772              -1.2538
40   H                9.2469              -2.9682               0.4017
41   H                6.8885              -2.8539               1.0495


Energy:                -2548.708124 Convergence criteria  Is converged 
Maximum Force:             0.001157     0.002850  Yes
RMS Force:                 0.000600     0.001900  Yes
Maximum Displacement:      0.002153     0.003150  Yes
RMS Displacement:          0.000874     0.002100  Yes

LBFGS converged at iteration 18.
Final frame written to /home/hungn/Desktop/MyRepo/MLP/MAPLE/maple/function/dispatcher/parmfit/example/PPI_torsionfit_18-20_opt.xyz
Complete trajectory written to /home/hungn/Desktop/MyRepo/MLP/MAPLE/maple/function/dispatcher/parmfit/example/PPI_torsionfit_18-20_traj.xyz

----------------------------------------------------------------------
            Scanning combination 48/73: [235.10]

======================================================================
LBFGS Parameters
======================================================================
memory:     5
curvature:  70.0
max_step:   0.2
max_iter:   256
write_traj: False
traj_every: 1
verbose:    0
======================================================================


                             Coordinates                              
----------------------------------------------------------------------
0    C               -0.7275               0.8932              -0.0598
1    C               -1.3422              -0.2909               0.4381
2    C               -2.7218              -0.4621               0.4926
3    C               -3.5106               0.6476               0.1343
4    C               -2.8937               1.8446              -0.3219
5    C               -1.5133               1.9945              -0.4437
6    C                0.7029               0.7701              -0.0753
7    C                1.1616              -0.4035               0.4254
8    S               -0.1287              -1.4567               0.9305
9    C               -4.9460               0.7693               0.1632
10   C               -5.3871               1.9793              -0.2398
11   S               -4.1016               3.0509              -0.6882
12   C               -0.8728               3.2610              -0.9395
13   C               -3.3608              -1.7583               0.9103
14   C                2.5635              -0.7736               0.6118
15   C                3.2266              -0.9713               1.7936
16   C                4.6189              -1.1712               1.6081
17   C                5.0007              -1.1753               0.2867
18   S                3.6333              -0.8737              -0.7379
19   C                6.3685              -1.2345              -0.2278
20   C                6.9179              -0.2678              -1.1384
21   C                8.3108              -0.3481              -1.5165
22   C                9.1667              -1.3403              -0.9592
23   C                8.6224              -2.2103              -0.0629
24   C                7.2507              -2.1497               0.3048
25   N                6.2808               0.7242              -1.7531
26   S                7.3518               1.4557              -2.7163
27   N                8.6746               0.5740              -2.4092
28   H                1.3757               1.5446              -0.4322
29   H               -5.6004              -0.0349               0.4850
30   H               -6.4130               2.3209              -0.3026
31   H               -0.2988               3.0780              -1.8566
32   H               -1.6134               4.0360              -1.1536
33   H               -0.1709               3.6580              -0.1952
34   H               -2.6237              -2.5589               1.0076
35   H               -3.8771              -1.6565               1.8733
36   H               -4.1108              -2.0739               0.1747
37   H                2.7220              -0.9700               2.7536
38   H                5.3192              -1.3158               2.4250
39   H               10.2097              -1.3795              -1.2554
40   H                9.2460              -2.9695               0.3996
41   H                6.8870              -2.8568               1.0433


Energy:                -2548.706800 Convergence criteria  Is converged 
Maximum Force:             0.001713     0.002850  Yes
RMS Force:                 0.000935     0.001900  Yes
Maximum Displacement:      0.001919     0.003150  Yes
RMS Displacement:          0.000878     0.002100  Yes

LBFGS converged at iteration 8.
Final frame written to /home/hungn/Desktop/MyRepo/MLP/MAPLE/maple/function/dispatcher/parmfit/example/PPI_torsionfit_18-20_opt.xyz
Complete trajectory written to /home/hungn/Desktop/MyRepo/MLP/MAPLE/maple/function/dispatcher/parmfit/example/PPI_torsionfit_18-20_traj.xyz

----------------------------------------------------------------------
            Scanning combination 49/73: [240.10]

======================================================================
LBFGS Parameters
======================================================================
memory:     5
curvature:  70.0
max_step:   0.2
max_iter:   256
write_traj: False
traj_every: 1
verbose:    0
======================================================================


                             Coordinates                              
----------------------------------------------------------------------
0    C               -0.7324               0.8753              -0.0671
1    C               -1.3484              -0.3112               0.4228
2    C               -2.7291              -0.4693               0.4955
3    C               -3.5147               0.6422               0.1333
4    C               -2.8952               1.8354              -0.3292
5    C               -1.5142               1.9801              -0.4503
6    C                0.6978               0.7524              -0.0777
7    C                1.1587              -0.4256               0.4097
8    S               -0.1345              -1.4925               0.8805
9    C               -4.9498               0.7680               0.1616
10   C               -5.3884               1.9760              -0.2508
11   S               -4.1004               3.0422              -0.7049
12   C               -0.8678               3.2427              -0.9501
13   C               -3.3730              -1.7550               0.9360
14   C                2.5654              -0.7877               0.6043
15   C                3.2509              -0.8628               1.7888
16   C                4.6399              -1.0881               1.6011
17   C                5.0042              -1.1765               0.2810
18   S                3.6148              -1.0416              -0.7472
19   C                6.3759              -1.2616              -0.2164
20   C                6.9180              -0.2734              -1.1019
21   C                8.3126              -0.3293              -1.4742
22   C                9.1599              -1.3583              -0.9713
23   C                8.6094              -2.2795              -0.1306
24   C                7.2395              -2.2284               0.2503
25   N                6.2796               0.7571              -1.6476
26   S                7.3575               1.5565              -2.5486
27   N                8.6804               0.6555              -2.2961
28   H                1.3694               1.5343              -0.4185
29   H               -5.6059              -0.0317               0.4899
30   H               -6.4139               2.3175              -0.3187
31   H               -0.2924               3.0540              -1.8654
32   H               -1.6050               4.0193              -1.1698
33   H               -0.1659               3.6420              -0.2068
34   H               -2.6383              -2.5562               1.0446
35   H               -3.8851              -1.6332               1.8989
36   H               -4.1267              -2.0799               0.2082
37   H                2.7770              -0.7276               2.7550
38   H                5.3665              -1.1440               2.4059
39   H               10.2069              -1.3779              -1.2562
40   H                9.2289              -3.0718               0.2798
41   H                6.8650              -2.9883               0.9285


Energy:                -2548.706524 Convergence criteria  Is converged 
Maximum Force:             0.001381     0.002850  Yes
RMS Force:                 0.000807     0.001900  Yes
Maximum Displacement:      0.003007     0.003150  Yes
RMS Displacement:          0.001004     0.002100  Yes

LBFGS converged at iteration 24.
Final frame written to /home/hungn/Desktop/MyRepo/MLP/MAPLE/maple/function/dispatcher/parmfit/example/PPI_torsionfit_18-20_opt.xyz
Complete trajectory written to /home/hungn/Desktop/MyRepo/MLP/MAPLE/maple/function/dispatcher/parmfit/example/PPI_torsionfit_18-20_traj.xyz

----------------------------------------------------------------------
            Scanning combination 50/73: [245.10]

======================================================================
LBFGS Parameters
======================================================================
memory:     5
curvature:  70.0
max_step:   0.2
max_iter:   256
write_traj: False
traj_every: 1
verbose:    0
======================================================================


                             Coordinates                              
----------------------------------------------------------------------
0    C               -0.7309               0.8758              -0.0679
1    C               -1.3482              -0.3111               0.4193
2    C               -2.7288              -0.4699               0.4945
3    C               -3.5144               0.6416               0.1336
4    C               -2.8943               1.8343              -0.3296
5    C               -1.5135               1.9794              -0.4513
6    C                0.6996               0.7542              -0.0762
7    C                1.1590              -0.4259               0.4088
8    S               -0.1360              -1.4923               0.8781
9    C               -4.9497               0.7675               0.1621
10   C               -5.3878               1.9754              -0.2509
11   S               -4.0991               3.0411              -0.7049
12   C               -0.8681               3.2419              -0.9505
13   C               -3.3729              -1.7553               0.9370
14   C                2.5658              -0.7869               0.6068
15   C                3.2536              -0.8473               1.7905
16   C                4.6425              -1.0711               1.6021
17   C                5.0006              -1.2073               0.2832
18   S                3.6126              -1.0506              -0.7432
19   C                6.3670              -1.2764              -0.2344
20   C                6.9194              -0.2652              -1.0905
21   C                8.3136              -0.3250              -1.4678
22   C                9.1609              -1.3569              -0.9695
23   C                8.6090              -2.2796              -0.1336
24   C                7.2369              -2.2341               0.2381
25   N                6.2855               0.7679              -1.6368
26   S                7.3616               1.5582              -2.5487
27   N                8.6821               0.6541              -2.2955
28   H                1.3682               1.5382              -0.4198
29   H               -5.6065              -0.0320               0.4900
30   H               -6.4131               2.3178              -0.3194
31   H               -0.2923               3.0521              -1.8650
32   H               -1.6053               4.0187              -1.1702
33   H               -0.1664               3.6400              -0.2067
34   H               -2.6399              -2.5580               1.0468
35   H               -3.8859              -1.6329               1.8995
36   H               -4.1272              -2.0804               0.2099
37   H                2.7760              -0.7278               2.7566
38   H                5.3648              -1.1344               2.4090
39   H               10.2069              -1.3803              -1.2597
40   H                9.2276              -3.0726               0.2775
41   H                6.8645              -2.9860               0.9256


Energy:                -2548.705563 Convergence criteria  Is converged 
Maximum Force:             0.002211     0.002850  Yes
RMS Force:                 0.000947     0.001900  Yes
Maximum Displacement:      0.001207     0.003150  Yes
RMS Displacement:          0.000467     0.002100  Yes

LBFGS converged at iteration 7.
Final frame written to /home/hungn/Desktop/MyRepo/MLP/MAPLE/maple/function/dispatcher/parmfit/example/PPI_torsionfit_18-20_opt.xyz
Complete trajectory written to /home/hungn/Desktop/MyRepo/MLP/MAPLE/maple/function/dispatcher/parmfit/example/PPI_torsionfit_18-20_traj.xyz

----------------------------------------------------------------------
            Scanning combination 51/73: [250.10]

======================================================================
LBFGS Parameters
======================================================================
memory:     5
curvature:  70.0
max_step:   0.2
max_iter:   256
write_traj: False
traj_every: 1
verbose:    0
======================================================================


                             Coordinates                              
----------------------------------------------------------------------
0    C               -0.7322               0.8672              -0.0711
1    C               -1.3487              -0.3264               0.3988
2    C               -2.7296              -0.4790               0.4859
3    C               -3.5152               0.6332               0.1260
4    C               -2.8949               1.8256              -0.3378
5    C               -1.5140               1.9710              -0.4561
6    C                0.6986               0.7534              -0.0670
7    C                1.1632              -0.4348               0.3936
8    S               -0.1339              -1.5179               0.8274
9    C               -4.9506               0.7610               0.1592
10   C               -5.3886               1.9691              -0.2537
11   S               -4.0997               3.0328              -0.7123
12   C               -0.8673               3.2326              -0.9565
13   C               -3.3756              -1.7566               0.9472
14   C                2.5729              -0.7919               0.6006
15   C                3.2727              -0.7582               1.7802
16   C                4.6621              -0.9941               1.5979
17   C                5.0052              -1.2151               0.2895
18   S                3.6080              -1.1892              -0.7310
19   C                6.3712              -1.3057              -0.2215
20   C                6.9148              -0.2761              -1.0562
21   C                8.3074              -0.3215              -1.4405
22   C                9.1512              -1.3767              -0.9834
23   C                8.5987              -2.3331              -0.1839
24   C                7.2278              -2.2960               0.1991
25   N                6.2779               0.7842              -1.5449
26   S                7.3540               1.6208              -2.4156
27   N                8.6739               0.7010              -2.2149
28   H                1.3559               1.5594              -0.3802
29   H               -5.6079              -0.0367               0.4909
30   H               -6.4139               2.3124              -0.3203
31   H               -0.2873               3.0403              -1.8680
32   H               -1.6032               4.0091              -1.1820
33   H               -0.1692               3.6326              -0.2106
34   H               -2.6452              -2.5595               1.0711
35   H               -3.8880              -1.6161               1.9075
36   H               -4.1313              -2.0918               0.2263
37   H                2.8090              -0.5367               2.7348
38   H                5.4030              -0.9771               2.3912
39   H               10.1963              -1.3931              -1.2784
40   H                9.2193              -3.1427               0.1900
41   H                6.8503              -3.0808               0.8453


Energy:                -2548.705183 Convergence criteria  Is converged 
Maximum Force:             0.001987     0.002850  Yes
RMS Force:                 0.000925     0.001900  Yes
Maximum Displacement:      0.001332     0.003150  Yes
RMS Displacement:          0.000739     0.002100  Yes

LBFGS converged at iteration 21.
Final frame written to /home/hungn/Desktop/MyRepo/MLP/MAPLE/maple/function/dispatcher/parmfit/example/PPI_torsionfit_18-20_opt.xyz
Complete trajectory written to /home/hungn/Desktop/MyRepo/MLP/MAPLE/maple/function/dispatcher/parmfit/example/PPI_torsionfit_18-20_traj.xyz

----------------------------------------------------------------------
            Scanning combination 52/73: [255.10]

======================================================================
LBFGS Parameters
======================================================================
memory:     5
curvature:  70.0
max_step:   0.2
max_iter:   256
write_traj: False
traj_every: 1
verbose:    0
======================================================================


                             Coordinates                              
----------------------------------------------------------------------
0    C               -0.7325               0.8669              -0.0725
1    C               -1.3481              -0.3279               0.3962
2    C               -2.7290              -0.4805               0.4860
3    C               -3.5147               0.6321               0.1268
4    C               -2.8952               1.8247              -0.3373
5    C               -1.5146               1.9704              -0.4564
6    C                0.6987               0.7563              -0.0659
7    C                1.1630              -0.4321               0.3952
8    S               -0.1320              -1.5180               0.8230
9    C               -4.9499               0.7604               0.1593
10   C               -5.3875               1.9684              -0.2542
11   S               -4.0991               3.0322              -0.7125
12   C               -0.8674               3.2318              -0.9562
13   C               -3.3757              -1.7577               0.9480
14   C                2.5714              -0.7906               0.6030
15   C                3.2739              -0.7398               1.7799
16   C                4.6620              -0.9788               1.5955
17   C                5.0026              -1.2454               0.2947
18   S                3.6034              -1.2000              -0.7259
19   C                6.3642              -1.3180              -0.2387
20   C                6.9174              -0.2681              -1.0435
21   C                8.3091              -0.3173              -1.4322
22   C                9.1518              -1.3764              -0.9855
23   C                8.5989              -2.3343              -0.1892
24   C                7.2270              -2.3006               0.1891
25   N                6.2827               0.7915              -1.5359
26   S                7.3586               1.6209              -2.4144
27   N                8.6766               0.6991              -2.2138
28   H                1.3579               1.5603              -0.3799
29   H               -5.6075              -0.0371               0.4904
30   H               -6.4124               2.3122              -0.3207
31   H               -0.2869               3.0388              -1.8672
32   H               -1.6035               4.0077              -1.1820
33   H               -0.1693               3.6325              -0.2104
34   H               -2.6455              -2.5607               1.0724
35   H               -3.8888              -1.6161               1.9079
36   H               -4.1313              -2.0924               0.2266
37   H                2.8086              -0.5329               2.7369
38   H                5.3981              -0.9651               2.3927
39   H               10.1962              -1.3929              -1.2804
40   H                9.2169              -3.1446               0.1860
41   H                6.8495              -3.0801               0.8417


Energy:                -2548.704142 Convergence criteria  Is converged 
Maximum Force:             0.001978     0.002850  Yes
RMS Force:                 0.000786     0.001900  Yes
Maximum Displacement:      0.001957     0.003150  Yes
RMS Displacement:          0.000726     0.002100  Yes

LBFGS converged at iteration 8.
Final frame written to /home/hungn/Desktop/MyRepo/MLP/MAPLE/maple/function/dispatcher/parmfit/example/PPI_torsionfit_18-20_opt.xyz
Complete trajectory written to /home/hungn/Desktop/MyRepo/MLP/MAPLE/maple/function/dispatcher/parmfit/example/PPI_torsionfit_18-20_traj.xyz

----------------------------------------------------------------------
            Scanning combination 53/73: [260.10]

======================================================================
LBFGS Parameters
======================================================================
memory:     5
curvature:  70.0
max_step:   0.2
max_iter:   256
write_traj: False
traj_every: 1
verbose:    0
======================================================================


                             Coordinates                              
----------------------------------------------------------------------
0    C               -0.7313               0.8650              -0.0741
1    C               -1.3467              -0.3349               0.3822
2    C               -2.7272              -0.4870               0.4806
3    C               -3.5138               0.6262               0.1246
4    C               -2.8951               1.8197              -0.3383
5    C               -1.5150               1.9676              -0.4570
6    C                0.7011               0.7597              -0.0587
7    C                1.1646              -0.4344               0.3904
8    S               -0.1301              -1.5293               0.7911
9    C               -4.9489               0.7544               0.1581
10   C               -5.3867               1.9625              -0.2550
11   S               -4.0989               3.0269              -0.7127
12   C               -0.8684               3.2289              -0.9565
13   C               -3.3738              -1.7619               0.9502
14   C                2.5700              -0.8051               0.6075
15   C                3.2844              -0.6687               1.7701
16   C                4.6729              -0.9107               1.5862
17   C                5.0016              -1.2605               0.3032
18   S                3.5895              -1.3253              -0.6962
19   C                6.3631              -1.3427              -0.2307
20   C                6.9125              -0.2793              -1.0203
21   C                8.3023              -0.3195              -1.4153
22   C                9.1437              -1.3922              -0.9983
23   C                8.5924              -2.3685              -0.2242
24   C                7.2200              -2.3467               0.1572
25   N                6.2785               0.7984              -1.4714
26   S                7.3572               1.6604              -2.3170
27   N                8.6711               0.7241              -2.1599
28   H                1.3567               1.5705              -0.3636
29   H               -5.6065              -0.0433               0.4889
30   H               -6.4113               2.3066              -0.3227
31   H               -0.2834               3.0332              -1.8640
32   H               -1.6042               4.0035              -1.1878
33   H               -0.1741               3.6316              -0.2084
34   H               -2.6454              -2.5653               1.0829
35   H               -3.8895              -1.6129               1.9077
36   H               -4.1282              -2.1015               0.2300
37   H                2.8359              -0.3832               2.7146
38   H                5.4208              -0.8320               2.3667
39   H               10.1920              -1.3901              -1.2799
40   H                9.2109              -3.1884               0.1309
41   H                6.8344              -3.1568               0.7652


Energy:                -2548.703436 Convergence criteria  Is converged 
Maximum Force:             0.002756     0.002850  Yes
RMS Force:                 0.001337     0.001900  Yes
Maximum Displacement:      0.002115     0.003150  Yes
RMS Displacement:          0.000866     0.002100  Yes

LBFGS converged at iteration 15.
Final frame written to /home/hungn/Desktop/MyRepo/MLP/MAPLE/maple/function/dispatcher/parmfit/example/PPI_torsionfit_18-20_opt.xyz
Complete trajectory written to /home/hungn/Desktop/MyRepo/MLP/MAPLE/maple/function/dispatcher/parmfit/example/PPI_torsionfit_18-20_traj.xyz

----------------------------------------------------------------------
            Scanning combination 54/73: [265.10]

======================================================================
LBFGS Parameters
======================================================================
memory:     5
curvature:  70.0
max_step:   0.2
max_iter:   256
write_traj: False
traj_every: 1
verbose:    0
======================================================================


                             Coordinates                              
----------------------------------------------------------------------
0    C               -0.7283               0.8532              -0.0741
1    C               -1.3455              -0.3502               0.3711
2    C               -2.7260              -0.4971               0.4745
3    C               -3.5109               0.6176               0.1205
4    C               -2.8908               1.8113              -0.3393
5    C               -1.5100               1.9580              -0.4551
6    C                0.7024               0.7468              -0.0492
7    C                1.1642              -0.4504               0.3873
8    S               -0.1309              -1.5539               0.7667
9    C               -4.9458               0.7463               0.1541
10   C               -5.3833               1.9552              -0.2567
11   S               -4.0947               3.0197              -0.7125
12   C               -0.8646               3.2210              -0.9525
13   C               -3.3743              -1.7686               0.9498
14   C                2.5753              -0.7857               0.6078
15   C                3.2949              -0.5708               1.7552
16   C                4.6815              -0.8339               1.5822
17   C                5.0027              -1.2582               0.3202
18   S                3.5909              -1.3540              -0.6759
19   C                6.3605              -1.3625              -0.2225
20   C                6.9115              -0.2854              -0.9901
21   C                8.3037              -0.3131              -1.3751
22   C                9.1363              -1.4072              -0.9988
23   C                8.5743              -2.4146              -0.2714
24   C                7.2049              -2.3895               0.1250
25   N                6.2731               0.7957              -1.4272
26   S                7.3536               1.6786              -2.2469
27   N                8.6740               0.7516              -2.0884
28   H                1.3678               1.5569              -0.3331
29   H               -5.6033              -0.0520               0.4833
30   H               -6.4083               2.2988              -0.3217
31   H               -0.2734               3.0274              -1.8565
32   H               -1.6046               3.9898              -1.1897
33   H               -0.1771               3.6314              -0.2022
34   H               -2.6446              -2.5691               1.0912
35   H               -3.8939              -1.6124               1.9042
36   H               -4.1254              -2.1144               0.2291
37   H                2.8454              -0.2233               2.6785
38   H                5.4333              -0.7137               2.3546
39   H               10.1800              -1.4124              -1.2962
40   H                9.1833              -3.2611               0.0322
41   H                6.8194              -3.2067               0.7243


Energy:                -2548.702733 Convergence criteria  Is converged 
Maximum Force:             0.002332     0.002850  Yes
RMS Force:                 0.000963     0.001900  Yes
Maximum Displacement:      0.001557     0.003150  Yes
RMS Displacement:          0.000695     0.002100  Yes

LBFGS converged at iteration 17.
Final frame written to /home/hungn/Desktop/MyRepo/MLP/MAPLE/maple/function/dispatcher/parmfit/example/PPI_torsionfit_18-20_opt.xyz
Complete trajectory written to /home/hungn/Desktop/MyRepo/MLP/MAPLE/maple/function/dispatcher/parmfit/example/PPI_torsionfit_18-20_traj.xyz

----------------------------------------------------------------------
            Scanning combination 55/73: [270.10]

======================================================================
LBFGS Parameters
======================================================================
memory:     5
curvature:  70.0
max_step:   0.2
max_iter:   256
write_traj: False
traj_every: 1
verbose:    0
======================================================================


                             Coordinates                              
----------------------------------------------------------------------
0    C               -0.7308               0.8542              -0.0750
1    C               -1.3449              -0.3512               0.3689
2    C               -2.7253              -0.5007               0.4727
3    C               -3.5118               0.6139               0.1191
4    C               -2.8930               1.8090              -0.3400
5    C               -1.5133               1.9577              -0.4560
6    C                0.7000               0.7545              -0.0506
7    C                1.1665              -0.4409               0.3870
8    S               -0.1258              -1.5508               0.7609
9    C               -4.9468               0.7431               0.1533
10   C               -5.3839               1.9525              -0.2563
11   S               -4.0961               3.0178              -0.7113
12   C               -0.8656               3.2201              -0.9518
13   C               -3.3733              -1.7726               0.9489
14   C                2.5760              -0.7836               0.6138
15   C                3.2982              -0.5555               1.7566
16   C                4.6860              -0.8095               1.5823
17   C                5.0027              -1.2768               0.3324
18   S                3.5812              -1.4153              -0.6487
19   C                6.3531              -1.3672              -0.2367
20   C                6.9178              -0.2759              -0.9750
21   C                8.3050              -0.3190              -1.3802
22   C                9.1354              -1.4157              -1.0043
23   C                8.5678              -2.4237              -0.2850
24   C                7.1959              -2.3981               0.1033
25   N                6.2884               0.8174              -1.3980
26   S                7.3715               1.6923              -2.2235
27   N                8.6804               0.7450              -2.0898
28   H                1.3557               1.5710              -0.3390
29   H               -5.6046              -0.0553               0.4821
30   H               -6.4082               2.2980              -0.3232
31   H               -0.2711               3.0238              -1.8529
32   H               -1.6008               3.9924              -1.1925
33   H               -0.1798               3.6270              -0.1981
34   H               -2.6455              -2.5746               1.0938
35   H               -3.8946              -1.6142               1.9019
36   H               -4.1236              -2.1193               0.2277
37   H                2.8522              -0.1982               2.6787
38   H                5.4362              -0.6683               2.3534
39   H               10.1806              -1.4192              -1.2999
40   H                9.1773              -3.2656               0.0312
41   H                6.8085              -3.2194               0.6959


Energy:                -2548.701567 Convergence criteria  Is converged 
Maximum Force:             0.002831     0.002850  Yes
RMS Force:                 0.001267     0.001900  Yes
Maximum Displacement:      0.002035     0.003150  Yes
RMS Displacement:          0.001048     0.002100  Yes

LBFGS converged at iteration 11.
Final frame written to /home/hungn/Desktop/MyRepo/MLP/MAPLE/maple/function/dispatcher/parmfit/example/PPI_torsionfit_18-20_opt.xyz
Complete trajectory written to /home/hungn/Desktop/MyRepo/MLP/MAPLE/maple/function/dispatcher/parmfit/example/PPI_torsionfit_18-20_traj.xyz

----------------------------------------------------------------------
            Scanning combination 56/73: [275.10]

======================================================================
LBFGS Parameters
======================================================================
memory:     5
curvature:  70.0
max_step:   0.2
max_iter:   256
write_traj: False
traj_every: 1
verbose:    0
======================================================================


                             Coordinates                              
----------------------------------------------------------------------
0    C               -0.7289               0.8456              -0.0756
1    C               -1.3470              -0.3592               0.3649
2    C               -2.7272              -0.5047               0.4673
3    C               -3.5127               0.6095               0.1144
4    C               -2.8931               1.8048              -0.3419
5    C               -1.5113               1.9516              -0.4551
6    C                0.7019               0.7355              -0.0436
7    C                1.1621              -0.4623               0.3965
8    S               -0.1354              -1.5677               0.7588
9    C               -4.9479               0.7351               0.1490
10   C               -5.3882               1.9444              -0.2581
11   S               -4.1004               3.0120              -0.7120
12   C               -0.8651               3.2165              -0.9481
13   C               -3.3722              -1.7763               0.9439
14   C                2.5733              -0.7930               0.6299
15   C                3.3105              -0.4661               1.7392
16   C                4.6990              -0.7138               1.5626
17   C                5.0031              -1.2653               0.3446
18   S                3.5712              -1.5050              -0.5971
19   C                6.3533              -1.3858              -0.2209
20   C                6.9220              -0.2827              -0.9386
21   C                8.3065              -0.3213              -1.3494
22   C                9.1255              -1.4409              -1.0196
23   C                8.5524              -2.4667              -0.3288
24   C                7.1807              -2.4461               0.0624
25   N                6.2983               0.8292              -1.3176
26   S                7.3835               1.7263              -2.1169
27   N                8.6850               0.7642              -2.0259
28   H                1.3774               1.5372              -0.3255
29   H               -5.6040              -0.0652               0.4762
30   H               -6.4147               2.2845              -0.3203
31   H               -0.2645               3.0239              -1.8461
32   H               -1.6054               3.9825              -1.1937
33   H               -0.1863               3.6308              -0.1919
34   H               -2.6378              -2.5707               1.0931
35   H               -3.8966              -1.6183               1.8950
36   H               -4.1166              -2.1305               0.2205
37   H                2.8778              -0.0337               2.6342
38   H                5.4593              -0.4947               2.3043
39   H               10.1699              -1.4445              -1.3177
40   H                9.1553              -3.3251              -0.0441
41   H                6.7845              -3.2952               0.6082


Energy:                -2548.700799 Convergence criteria  Is converged 
Maximum Force:             0.002053     0.002850  Yes
RMS Force:                 0.000972     0.001900  Yes
Maximum Displacement:      0.002025     0.003150  Yes
RMS Displacement:          0.000626     0.002100  Yes

LBFGS converged at iteration 15.
Final frame written to /home/hungn/Desktop/MyRepo/MLP/MAPLE/maple/function/dispatcher/parmfit/example/PPI_torsionfit_18-20_opt.xyz
Complete trajectory written to /home/hungn/Desktop/MyRepo/MLP/MAPLE/maple/function/dispatcher/parmfit/example/PPI_torsionfit_18-20_traj.xyz

----------------------------------------------------------------------
            Scanning combination 57/73: [280.10]

======================================================================
LBFGS Parameters
======================================================================
memory:     5
curvature:  70.0
max_step:   0.2
max_iter:   256
write_traj: False
traj_every: 1
verbose:    0
======================================================================


                             Coordinates                              
----------------------------------------------------------------------
0    C               -0.7339               0.8239              -0.0790
1    C               -1.3476              -0.3834               0.3597
2    C               -2.7291              -0.5320               0.4631
3    C               -3.5151               0.5839               0.1109
4    C               -2.8940               1.7801              -0.3421
5    C               -1.5146               1.9294              -0.4551
6    C                0.6957               0.7303              -0.0455
7    C                1.1680              -0.4604               0.3986
8    S               -0.1244              -1.5806               0.7542
9    C               -4.9509               0.7144               0.1419
10   C               -5.3854               1.9272              -0.2639
11   S               -4.0941               2.9921              -0.7102
12   C               -0.8625               3.1936              -0.9385
13   C               -3.3808              -1.8031               0.9377
14   C                2.5843              -0.7519               0.6545
15   C                3.3146              -0.3120               1.7284
16   C                4.7078              -0.5577               1.5827
17   C                5.0249              -1.1978               0.4100
18   S                3.5991              -1.5463              -0.5040
19   C                6.3702              -1.3670              -0.1622
20   C                6.9575              -0.2698              -0.8757
21   C                8.3324              -0.3382              -1.3124
22   C                9.1099              -1.5064              -1.0627
23   C                8.4999              -2.5518              -0.4358
24   C                7.1450              -2.4899               0.0072
25   N                6.3654               0.8761              -1.2034
26   S                7.4687               1.7675              -1.9850
27   N                8.7389               0.7614              -1.9481
28   H                1.3471               1.5483              -0.3394
29   H               -5.6136              -0.0824               0.4640
30   H               -6.4090               2.2740              -0.3302
31   H               -0.2471               2.9954              -1.8249
32   H               -1.5966               3.9615              -1.1959
33   H               -0.1946               3.6037              -0.1704
34   H               -2.6552              -2.6033               1.1004
35   H               -3.9202              -1.6420               1.8801
36   H               -4.1192              -2.1578               0.2081
37   H                2.8661               0.1918               2.5774
38   H                5.4557              -0.2612               2.3104
39   H               10.1473              -1.5384              -1.3826
40   H                9.0579              -3.4676              -0.2594
41   H                6.7286              -3.3546               0.5130


Energy:                -2548.700838 Convergence criteria  Is converged 
Maximum Force:             0.001780     0.002850  Yes
RMS Force:                 0.001092     0.001900  Yes
Maximum Displacement:      0.003011     0.003150  Yes
RMS Displacement:          0.001073     0.002100  Yes

LBFGS converged at iteration 22.
Final frame written to /home/hungn/Desktop/MyRepo/MLP/MAPLE/maple/function/dispatcher/parmfit/example/PPI_torsionfit_18-20_opt.xyz
Complete trajectory written to /home/hungn/Desktop/MyRepo/MLP/MAPLE/maple/function/dispatcher/parmfit/example/PPI_torsionfit_18-20_traj.xyz

----------------------------------------------------------------------
            Scanning combination 58/73: [285.10]

======================================================================
LBFGS Parameters
======================================================================
memory:     5
curvature:  70.0
max_step:   0.2
max_iter:   256
write_traj: False
traj_every: 1
verbose:    0
======================================================================


                             Coordinates                              
----------------------------------------------------------------------
0    C               -0.7343               0.8237              -0.0787
1    C               -1.3475              -0.3839               0.3601
2    C               -2.7289              -0.5323               0.4631
3    C               -3.5151               0.5837               0.1108
4    C               -2.8945               1.7803              -0.3423
5    C               -1.5150               1.9292              -0.4551
6    C                0.6953               0.7308              -0.0453
7    C                1.1680              -0.4600               0.3993
8    S               -0.1233              -1.5806               0.7543
9    C               -4.9507               0.7146               0.1417
10   C               -5.3852               1.9268              -0.2637
11   S               -4.0947               2.9923              -0.7103
12   C               -0.8627               3.1935              -0.9385
13   C               -3.3808              -1.8034               0.9376
14   C                2.5841              -0.7531               0.6549
15   C                3.3142              -0.3102               1.7275
16   C                4.7090              -0.5440               1.5763
17   C                5.0267              -1.2190               0.4222
18   S                3.5991              -1.5463              -0.5024
19   C                6.3632              -1.3723              -0.1799
20   C                6.9623              -0.2628              -0.8639
21   C                8.3336              -0.3378              -1.3113
22   C                9.1091              -1.5072              -1.0638
23   C                8.4991              -2.5517              -0.4362
24   C                7.1441              -2.4887               0.0048
25   N                6.3665               0.8783              -1.2017
26   S                7.4696               1.7674              -1.9847
27   N                8.7396               0.7611              -1.9487
28   H                1.3473               1.5478              -0.3392
29   H               -5.6131              -0.0827               0.4640
30   H               -6.4090               2.2737              -0.3302
31   H               -0.2472               2.9959              -1.8250
32   H               -1.5965               3.9616              -1.1961
33   H               -0.1949               3.6039              -0.1704
34   H               -2.6545              -2.6030               1.1002
35   H               -3.9198              -1.6415               1.8801
36   H               -4.1189              -2.1578               0.2076
37   H                2.8660               0.1918               2.5777
38   H                5.4558              -0.2598               2.3100
39   H               10.1466              -1.5391              -1.3834
40   H                9.0572              -3.4674              -0.2581
41   H                6.7277              -3.3529               0.5132


Energy:                -2548.699894 Convergence criteria  Is converged 
Maximum Force:             0.002639     0.002850  Yes
RMS Force:                 0.001284     0.001900  Yes
Maximum Displacement:      0.002037     0.003150  Yes
RMS Displacement:          0.000759     0.002100  Yes

LBFGS converged at iteration 4.
Final frame written to /home/hungn/Desktop/MyRepo/MLP/MAPLE/maple/function/dispatcher/parmfit/example/PPI_torsionfit_18-20_opt.xyz
Complete trajectory written to /home/hungn/Desktop/MyRepo/MLP/MAPLE/maple/function/dispatcher/parmfit/example/PPI_torsionfit_18-20_traj.xyz

----------------------------------------------------------------------
            Scanning combination 59/73: [290.10]

======================================================================
LBFGS Parameters
======================================================================
memory:     5
curvature:  70.0
max_step:   0.2
max_iter:   256
write_traj: False
traj_every: 1
verbose:    0
======================================================================


                             Coordinates                              
----------------------------------------------------------------------
0    C               -0.7350               0.8175              -0.0660
1    C               -1.3462              -0.3936               0.3697
2    C               -2.7264              -0.5479               0.4594
3    C               -3.5133               0.5661               0.1033
4    C               -2.8972               1.7657              -0.3485
5    C               -1.5170               1.9204              -0.4548
6    C                0.6932               0.7240              -0.0136
7    C                1.1628              -0.4646               0.4401
8    S               -0.1244              -1.5875               0.7827
9    C               -4.9482               0.6905               0.1337
10   C               -5.3894               1.9003              -0.2698
11   S               -4.1046               2.9722              -0.7181
12   C               -0.8733               3.1911              -0.9409
13   C               -3.3715              -1.8235               0.9289
14   C                2.5781              -0.7542               0.6928
15   C                3.3301              -0.2063               1.6982
16   C                4.7204              -0.4391               1.5315
17   C                5.0185              -1.1774               0.4155
18   S                3.5709              -1.6493              -0.4147
19   C                6.3605              -1.3517              -0.1605
20   C                6.9995              -0.2372              -0.7972
21   C                8.3585              -0.3553              -1.2697
22   C                9.0727              -1.5768              -1.1110
23   C                8.4303              -2.6168              -0.5094
24   C                7.0901              -2.5103              -0.0354
25   N                6.4603               0.9524              -1.0657
26   S                7.5968               1.8240              -1.8167
27   N                8.8129               0.7541              -1.8550
28   H                1.3574               1.5291              -0.3116
29   H               -5.6029              -0.1127               0.4562
30   H               -6.4154               2.2411              -0.3318
31   H               -0.2533               3.0045              -1.8271
32   H               -1.6154               3.9495              -1.2039
33   H               -0.2142               3.6187              -0.1742
34   H               -2.6355              -2.6135               1.0953
35   H               -3.9150              -1.6653               1.8695
36   H               -4.1000              -2.1851               0.1926
37   H                2.8913               0.3744               2.5031
38   H                5.4977              -0.0534               2.1823
39   H               10.0955              -1.6469              -1.4683
40   H                8.9511              -3.5605              -0.3749
41   H                6.6468              -3.3678               0.4603


Energy:                -2548.700179 Convergence criteria  Is converged 
Maximum Force:             0.002472     0.002850  Yes
RMS Force:                 0.001358     0.001900  Yes
Maximum Displacement:      0.002643     0.003150  Yes
RMS Displacement:          0.001411     0.002100  Yes

LBFGS converged at iteration 25.
Final frame written to /home/hungn/Desktop/MyRepo/MLP/MAPLE/maple/function/dispatcher/parmfit/example/PPI_torsionfit_18-20_opt.xyz
Complete trajectory written to /home/hungn/Desktop/MyRepo/MLP/MAPLE/maple/function/dispatcher/parmfit/example/PPI_torsionfit_18-20_traj.xyz

----------------------------------------------------------------------
            Scanning combination 60/73: [295.10]

======================================================================
LBFGS Parameters
======================================================================
memory:     5
curvature:  70.0
max_step:   0.2
max_iter:   256
write_traj: False
traj_every: 1
verbose:    0
======================================================================


                             Coordinates                              
----------------------------------------------------------------------
0    C               -0.7378               0.8190              -0.0625
1    C               -1.3453              -0.3924               0.3741
2    C               -2.7256              -0.5501               0.4610
3    C               -3.5158               0.5615               0.1044
4    C               -2.9008               1.7613              -0.3470
5    C               -1.5222               1.9174              -0.4526
6    C                0.6905               0.7343              -0.0168
7    C                1.1676              -0.4534               0.4330
8    S               -0.1175              -1.5806               0.7823
9    C               -4.9513               0.6856               0.1332
10   C               -5.3910               1.8957              -0.2714
11   S               -4.1060               2.9676              -0.7176
12   C               -0.8770               3.1844              -0.9392
13   C               -3.3714              -1.8260               0.9274
14   C                2.5825              -0.7412               0.6919
15   C                3.3310              -0.1852               1.6968
16   C                4.7226              -0.4141               1.5361
17   C                5.0261              -1.1819               0.4388
18   S                3.5752              -1.6820              -0.3755
19   C                6.3524              -1.3480              -0.1808
20   C                7.0110              -0.2315              -0.7966
21   C                8.3642              -0.3649              -1.2819
22   C                9.0764              -1.5874              -1.1153
23   C                8.4203              -2.6245              -0.5231
24   C                7.0750              -2.5126              -0.0656
25   N                6.4898               0.9699              -1.0486
26   S                7.6339               1.8311              -1.7993
27   N                8.8312               0.7415              -1.8613
28   H                1.3384               1.5517              -0.3184
29   H               -5.6074              -0.1171               0.4552
30   H               -6.4158               2.2395              -0.3376
31   H               -0.2554               2.9909              -1.8225
32   H               -1.6173               3.9437              -1.2040
33   H               -0.2184               3.6054              -0.1688
34   H               -2.6387              -2.6187               1.0950
35   H               -3.9175              -1.6667               1.8662
36   H               -4.1001              -2.1849               0.1902
37   H                2.8931               0.3861               2.5076
38   H                5.4839              -0.0268               2.2046
39   H               10.1015              -1.6576              -1.4648
40   H                8.9370              -3.5671              -0.3695
41   H                6.6261              -3.3730               0.4197


Energy:                -2548.699481 Convergence criteria  Is converged 
Maximum Force:             0.002738     0.002850  Yes
RMS Force:                 0.001329     0.001900  Yes
Maximum Displacement:      0.001660     0.003150  Yes
RMS Displacement:          0.000779     0.002100  Yes

LBFGS converged at iteration 11.
Final frame written to /home/hungn/Desktop/MyRepo/MLP/MAPLE/maple/function/dispatcher/parmfit/example/PPI_torsionfit_18-20_opt.xyz
Complete trajectory written to /home/hungn/Desktop/MyRepo/MLP/MAPLE/maple/function/dispatcher/parmfit/example/PPI_torsionfit_18-20_traj.xyz

----------------------------------------------------------------------
            Scanning combination 61/73: [300.10]

======================================================================
LBFGS Parameters
======================================================================
memory:     5
curvature:  70.0
max_step:   0.2
max_iter:   256
write_traj: False
traj_every: 1
verbose:    0
======================================================================


                             Coordinates                              
----------------------------------------------------------------------
0    C               -0.7717               0.8019               0.0181
1    C               -1.3395              -0.4333               0.4396
2    C               -2.7164              -0.6425               0.4796
3    C               -3.5354               0.4436               0.1023
4    C               -2.9497               1.6613              -0.3421
5    C               -1.5775               1.8639              -0.4179
6    C                0.6486               0.7895               0.1122
7    C                1.1733              -0.3726               0.5689
8    S               -0.0661              -1.5651               0.8819
9    C               -4.9749               0.5247               0.1026
10   C               -5.4450               1.7195              -0.3151
11   S               -4.1825               2.8264              -0.7460
12   C               -0.9445               3.1302              -0.9205
13   C               -3.3320              -1.9458               0.9150
14   C                2.6117              -0.5343               0.7744
15   C                3.3682               0.2245               1.6292
16   C                4.7615               0.0973               1.3990
17   C                5.0564              -0.7242               0.3417
18   S                3.6167              -1.4734              -0.2770
19   C                6.3803              -1.1024              -0.1541
20   C                7.3234              -0.1286              -0.6237
21   C                8.6024              -0.5591              -1.1389
22   C                8.9259              -1.9422              -1.2158
23   C                7.9901              -2.8385              -0.7933
24   C                6.7305              -2.4257              -0.2810
25   N                7.1795               1.1968              -0.6605
26   S                8.5429               1.8070              -1.2820
27   N                9.3834               0.4466              -1.5383
28   H                1.2567               1.6437              -0.1701
29   H               -5.6107              -0.2978               0.4166
30   H               -6.4797               2.0325              -0.3973
31   H               -0.2881               2.9156              -1.7734
32   H               -1.6826               3.8731              -1.2331
33   H               -0.3137               3.5779              -0.1422
34   H               -2.5795              -2.7167               1.0932
35   H               -3.9089              -1.8240               1.8407
36   H               -4.0298              -2.3243               0.1579
37   H                2.9263               0.8756               2.3746
38   H                5.5344               0.6207               1.9495
39   H                9.8935              -2.2438              -1.6035
40   H                8.2002              -3.9022              -0.8421
41   H                6.0196              -3.1769               0.0474


Energy:                -2548.703886 Convergence criteria  Is converged 
Maximum Force:             0.002847     0.002850  Yes
RMS Force:                 0.001612     0.001900  Yes
Maximum Displacement:      0.002846     0.003150  Yes
RMS Displacement:          0.001490     0.002100  Yes

LBFGS converged at iteration 42.
Final frame written to /home/hungn/Desktop/MyRepo/MLP/MAPLE/maple/function/dispatcher/parmfit/example/PPI_torsionfit_18-20_opt.xyz
Complete trajectory written to /home/hungn/Desktop/MyRepo/MLP/MAPLE/maple/function/dispatcher/parmfit/example/PPI_torsionfit_18-20_traj.xyz

----------------------------------------------------------------------
            Scanning combination 62/73: [305.10]

======================================================================
LBFGS Parameters
======================================================================
memory:     5
curvature:  70.0
max_step:   0.2
max_iter:   256
write_traj: False
traj_every: 1
verbose:    0
======================================================================


                             Coordinates                              
----------------------------------------------------------------------
0    C               -0.7882               0.8747               0.0049
1    C               -1.3293              -0.3698               0.4362
2    C               -2.6994              -0.6162               0.4800
3    C               -3.5513               0.4427               0.1051
4    C               -3.0028               1.6756              -0.3418
5    C               -1.6331               1.9136              -0.4261
6    C                0.6422               0.8800               0.0902
7    C                1.1888              -0.2727               0.5581
8    S               -0.0373              -1.4740               0.8882
9    C               -4.9928               0.4756               0.1043
10   C               -5.5003               1.6528              -0.3177
11   S               -4.2753               2.8015              -0.7434
12   C               -1.0603               3.2069              -0.9356
13   C               -3.2766              -1.9348               0.9148
14   C                2.6283              -0.4769               0.7701
15   C                3.4131               0.2410               1.6365
16   C                4.8032               0.0610               1.4112
17   C                5.0766              -0.7927               0.3721
18   S                3.6086              -1.5019              -0.2365
19   C                6.3963              -1.1711              -0.1519
20   C                7.3505              -0.1864              -0.5831
21   C                8.6216              -0.6007              -1.1304
22   C                8.9562              -1.9797              -1.2278
23   C                8.0282              -2.8866              -0.8137
24   C                6.7580              -2.4903              -0.3044
25   N                7.2171               1.1412              -0.5670
26   S                8.5656               1.7684              -1.1994
27   N                9.3945               0.4147              -1.5188
28   H                1.2484               1.7287              -0.2109
29   H               -5.6051              -0.3641               0.4185
30   H               -6.5442               1.9276              -0.4097
31   H               -0.3987               3.0283              -1.7929
32   H               -1.8409               3.9050              -1.2492
33   H               -0.4577               3.6981              -0.1611
34   H               -2.5024              -2.6852               1.0890
35   H               -3.8547              -1.8235               1.8409
36   H               -3.9649              -2.3250               0.1553
37   H                2.9966               0.8978               2.3912
38   H                5.5882               0.5905               1.9408
39   H                9.9210              -2.2674              -1.6341
40   H                8.2542              -3.9480              -0.8711
41   H                6.0555              -3.2601              -0.0042


Energy:                -2548.705633 Convergence criteria  Is converged 
Maximum Force:             0.002511     0.002850  Yes
RMS Force:                 0.001173     0.001900  Yes
Maximum Displacement:      0.003090     0.003150  Yes
RMS Displacement:          0.001829     0.002100  Yes

LBFGS converged at iteration 21.
Final frame written to /home/hungn/Desktop/MyRepo/MLP/MAPLE/maple/function/dispatcher/parmfit/example/PPI_torsionfit_18-20_opt.xyz
Complete trajectory written to /home/hungn/Desktop/MyRepo/MLP/MAPLE/maple/function/dispatcher/parmfit/example/PPI_torsionfit_18-20_traj.xyz

----------------------------------------------------------------------
            Scanning combination 63/73: [310.10]

======================================================================
LBFGS Parameters
======================================================================
memory:     5
curvature:  70.0
max_step:   0.2
max_iter:   256
write_traj: False
traj_every: 1
verbose:    0
======================================================================


                             Coordinates                              
----------------------------------------------------------------------
0    C               -0.7859               0.8752               0.0073
1    C               -1.3253              -0.3706               0.4382
2    C               -2.6955              -0.6191               0.4813
3    C               -3.5479               0.4397               0.1057
4    C               -3.0004               1.6731              -0.3410
5    C               -1.6316               1.9131              -0.4231
6    C                0.6437               0.8832               0.0887
7    C                1.1912              -0.2703               0.5494
8    S               -0.0312              -1.4715               0.8908
9    C               -4.9894               0.4724               0.1039
10   C               -5.4975               1.6501              -0.3185
11   S               -4.2728               2.7983              -0.7455
12   C               -1.0605               3.2065              -0.9332
13   C               -3.2740              -1.9382               0.9163
14   C                2.6296              -0.4688               0.7623
15   C                3.4117               0.2626               1.6185
16   C                4.8017               0.0713               1.4040
17   C                5.0764              -0.8119               0.3917
18   S                3.6074              -1.5004              -0.2354
19   C                6.3872              -1.1711              -0.1672
20   C                7.3486              -0.1860              -0.5809
21   C                8.6208              -0.6021              -1.1261
22   C                8.9530              -1.9820              -1.2287
23   C                8.0207              -2.8869              -0.8205
24   C                6.7506              -2.4892              -0.3153
25   N                7.2178               1.1420              -0.5657
26   S                8.5712               1.7666              -1.1897
27   N                9.3991               0.4119              -1.5068
28   H                1.2446               1.7386              -0.2068
29   H               -5.6017              -0.3671               0.4171
30   H               -6.5411               1.9256              -0.4088
31   H               -0.3987               3.0277              -1.7899
32   H               -1.8415               3.9036              -1.2478
33   H               -0.4573               3.6996              -0.1605
34   H               -2.4992              -2.6881               1.0913
35   H               -3.8521              -1.8262               1.8428
36   H               -3.9624              -2.3280               0.1558
37   H                2.9889               0.9055               2.3821
38   H                5.5898               0.5848               1.9443
39   H                9.9191              -2.2734              -1.6285
40   H                8.2404              -3.9488              -0.8755
41   H                6.0497              -3.2528               0.0001


Energy:                -2548.705831 Convergence criteria  Is converged 
Maximum Force:             0.002273     0.002850  Yes
RMS Force:                 0.001300     0.001900  Yes
Maximum Displacement:      0.002845     0.003150  Yes
RMS Displacement:          0.001681     0.002100  Yes

LBFGS converged at iteration 8.
Final frame written to /home/hungn/Desktop/MyRepo/MLP/MAPLE/maple/function/dispatcher/parmfit/example/PPI_torsionfit_18-20_opt.xyz
Complete trajectory written to /home/hungn/Desktop/MyRepo/MLP/MAPLE/maple/function/dispatcher/parmfit/example/PPI_torsionfit_18-20_traj.xyz

----------------------------------------------------------------------
            Scanning combination 64/73: [315.10]

======================================================================
LBFGS Parameters
======================================================================
memory:     5
curvature:  70.0
max_step:   0.2
max_iter:   256
write_traj: False
traj_every: 1
verbose:    0
======================================================================


                             Coordinates                              
----------------------------------------------------------------------
0    C               -0.7821               0.8837               0.0137
1    C               -1.3135              -0.3681               0.4375
2    C               -2.6811              -0.6258               0.4863
3    C               -3.5391               0.4279               0.1088
4    C               -2.9990               1.6651              -0.3377
5    C               -1.6329               1.9164              -0.4162
6    C                0.6462               0.9034               0.0940
7    C                1.1985              -0.2537               0.5427
8    S               -0.0142              -1.4665               0.8714
9    C               -4.9804               0.4521               0.1032
10   C               -5.4943               1.6262              -0.3204
11   S               -4.2764               2.7814              -0.7470
12   C               -1.0651               3.2114              -0.9249
13   C               -3.2498              -1.9490               0.9243
14   C                2.6302              -0.4558               0.7633
15   C                3.4133               0.3244               1.5734
16   C                4.8003               0.1151               1.3736
17   C                5.0711              -0.8143               0.4009
18   S                3.6015              -1.5591              -0.1601
19   C                6.3723              -1.1781              -0.1680
20   C                7.3488              -0.1963              -0.5574
21   C                8.6209              -0.6186              -1.0969
22   C                8.9319              -2.0009              -1.2274
23   C                7.9795              -2.9020              -0.8583
24   C                6.7129              -2.4977              -0.3533
25   N                7.2354               1.1329              -0.5203
26   S                8.6106               1.7519              -1.0994
27   N                9.4240               0.3924              -1.4337
28   H                1.2342               1.7708              -0.1945
29   H               -5.5872              -0.3923               0.4147
30   H               -6.5389               1.8988              -0.4103
31   H               -0.3984               3.0321              -1.7777
32   H               -1.8451               3.9078              -1.2436
33   H               -0.4653               3.7044              -0.1499
34   H               -2.4714              -2.6950               1.1007
35   H               -3.8289              -1.8414               1.8508
36   H               -3.9346              -2.3446               0.1637
37   H                2.9936               1.0390               2.2724
38   H                5.5873               0.6400               1.9024
39   H                9.9058              -2.2945              -1.6073
40   H                8.1860              -3.9653              -0.9367
41   H                5.9907              -3.2595              -0.0800


Energy:                -2548.706115 Convergence criteria  Is converged 
Maximum Force:             0.002000     0.002850  Yes
RMS Force:                 0.001095     0.001900  Yes
Maximum Displacement:      0.001629     0.003150  Yes
RMS Displacement:          0.000643     0.002100  Yes

LBFGS converged at iteration 15.
Final frame written to /home/hungn/Desktop/MyRepo/MLP/MAPLE/maple/function/dispatcher/parmfit/example/PPI_torsionfit_18-20_opt.xyz
Complete trajectory written to /home/hungn/Desktop/MyRepo/MLP/MAPLE/maple/function/dispatcher/parmfit/example/PPI_torsionfit_18-20_traj.xyz

----------------------------------------------------------------------
            Scanning combination 65/73: [320.10]

======================================================================
LBFGS Parameters
======================================================================
memory:     5
curvature:  70.0
max_step:   0.2
max_iter:   256
write_traj: False
traj_every: 1
verbose:    0
======================================================================


                             Coordinates                              
----------------------------------------------------------------------
0    C               -0.7848               0.8828               0.0122
1    C               -1.3155              -0.3687               0.4365
2    C               -2.6824              -0.6257               0.4852
3    C               -3.5402               0.4280               0.1083
4    C               -3.0005               1.6658              -0.3374
5    C               -1.6343               1.9169              -0.4168
6    C                0.6425               0.9015               0.0966
7    C                1.1964              -0.2537               0.5463
8    S               -0.0162              -1.4677               0.8721
9    C               -4.9811               0.4510               0.1031
10   C               -5.4948               1.6245              -0.3201
11   S               -4.2784               2.7813              -0.7464
12   C               -1.0652               3.2122              -0.9241
13   C               -3.2487              -1.9487               0.9238
14   C                2.6311              -0.4471               0.7587
15   C                3.4159               0.3347               1.5659
16   C                4.8036               0.1234               1.3685
17   C                5.0744              -0.8277               0.4167
18   S                3.6012              -1.5553              -0.1586
19   C                6.3648              -1.1791              -0.1860
20   C                7.3525              -0.1982              -0.5469
21   C                8.6250              -0.6207              -1.0854
22   C                8.9344              -2.0029              -1.2220
23   C                7.9802              -2.9029              -0.8597
24   C                6.7093              -2.4982              -0.3671
25   N                7.2407               1.1311              -0.5070
26   S                8.6117               1.7492              -1.0967
27   N                9.4242               0.3899              -1.4319
28   H                1.2367               1.7637              -0.1902
29   H               -5.5874              -0.3940               0.4152
30   H               -6.5398               1.8948              -0.4109
31   H               -0.3992               3.0335              -1.7779
32   H               -1.8468               3.9067              -1.2425
33   H               -0.4669               3.7069              -0.1484
34   H               -2.4691              -2.6934               1.1001
35   H               -3.8275              -1.8405               1.8499
36   H               -3.9335              -2.3462               0.1648
37   H                2.9943               1.0412               2.2715
38   H                5.5917               0.6545               1.8901
39   H                9.9038              -2.2984              -1.6122
40   H                8.1824              -3.9671              -0.9430
41   H                5.9926              -3.2586              -0.0778


Energy:                -2548.705747 Convergence criteria  Is converged 
Maximum Force:             0.002365     0.002850  Yes
RMS Force:                 0.001254     0.001900  Yes
Maximum Displacement:      0.001042     0.003150  Yes
RMS Displacement:          0.000473     0.002100  Yes

LBFGS converged at iteration 7.
Final frame written to /home/hungn/Desktop/MyRepo/MLP/MAPLE/maple/function/dispatcher/parmfit/example/PPI_torsionfit_18-20_opt.xyz
Complete trajectory written to /home/hungn/Desktop/MyRepo/MLP/MAPLE/maple/function/dispatcher/parmfit/example/PPI_torsionfit_18-20_traj.xyz

----------------------------------------------------------------------
            Scanning combination 66/73: [325.10]

======================================================================
LBFGS Parameters
======================================================================
memory:     5
curvature:  70.0
max_step:   0.2
max_iter:   256
write_traj: False
traj_every: 1
verbose:    0
======================================================================


                             Coordinates                              
----------------------------------------------------------------------
0    C               -0.8220               0.9147               0.0811
1    C               -1.3118              -0.3641               0.4735
2    C               -2.6723              -0.6575               0.5107
3    C               -3.5576               0.3742               0.1263
4    C               -3.0517               1.6319              -0.3059
5    C               -1.6946               1.9246              -0.3585
6    C                0.5993               0.9842               0.1740
7    C                1.1995              -0.1701               0.5592
8    S                0.0275              -1.4285               0.8815
9    C               -4.9986               0.3549               0.0925
10   C               -5.5406               1.5132              -0.3376
11   S               -4.3544               2.7081              -0.7418
12   C               -1.1412               3.2279              -0.8620
13   C               -3.2078              -1.9983               0.9368
14   C                2.6445              -0.3125               0.6783
15   C                3.4479               0.6062               1.3027
16   C                4.8262               0.3680               1.1106
17   C                5.0806              -0.7014               0.2883
18   S                3.5975              -1.5177              -0.1291
19   C                6.3924              -1.1814              -0.1434
20   C                7.4786              -0.2705              -0.3936
21   C                8.7131              -0.7527              -0.9703
22   C                8.8831              -2.1344              -1.2664
23   C                7.8561              -2.9753              -0.9613
24   C                6.6314              -2.5116              -0.4092
25   N                7.5195               1.0362              -0.1365
26   S                8.9679               1.5757              -0.6088
27   N                9.6277               0.2007              -1.1486
28   H                1.1595               1.8818              -0.0719
29   H               -5.5876              -0.5071               0.3914
30   H               -6.5915               1.7546              -0.4438
31   H               -0.4481               3.0491              -1.6938
32   H               -1.9212               3.9088              -1.2103
33   H               -0.5697               3.7397              -0.0776
34   H               -2.4093              -2.7230               1.1151
35   H               -3.7978              -1.9119               1.8591
36   H               -3.8745              -2.4042               0.1653
37   H                3.0412               1.4327               1.8761
38   H                5.6317               0.9903               1.4851
39   H                9.8098              -2.4804              -1.7140
40   H                7.9571              -4.0383              -1.1568
41   H                5.8571              -3.2378              -0.1899


Energy:                -2548.708684 Convergence criteria  Is converged 
Maximum Force:             0.002849     0.002850  Yes
RMS Force:                 0.001496     0.001900  Yes
Maximum Displacement:      0.002479     0.003150  Yes
RMS Displacement:          0.001538     0.002100  Yes

LBFGS converged at iteration 37.
Final frame written to /home/hungn/Desktop/MyRepo/MLP/MAPLE/maple/function/dispatcher/parmfit/example/PPI_torsionfit_18-20_opt.xyz
Complete trajectory written to /home/hungn/Desktop/MyRepo/MLP/MAPLE/maple/function/dispatcher/parmfit/example/PPI_torsionfit_18-20_traj.xyz

----------------------------------------------------------------------
            Scanning combination 67/73: [330.10]

======================================================================
LBFGS Parameters
======================================================================
memory:     5
curvature:  70.0
max_step:   0.2
max_iter:   256
write_traj: False
traj_every: 1
verbose:    0
======================================================================


                             Coordinates                              
----------------------------------------------------------------------
0    C               -0.8214               0.9212               0.0663
1    C               -1.3091              -0.3588               0.4574
2    C               -2.6698              -0.6549               0.5019
3    C               -3.5597               0.3743               0.1262
4    C               -3.0589               1.6345              -0.3015
5    C               -1.7015               1.9312              -0.3606
6    C                0.6027               0.9895               0.1531
7    C                1.2071              -0.1616               0.5445
8    S                0.0338              -1.4254               0.8493
9    C               -5.0005               0.3459               0.0967
10   C               -5.5511               1.5024              -0.3321
11   S               -4.3699               2.7066              -0.7257
12   C               -1.1670               3.2448              -0.8585
13   C               -3.1994              -1.9961               0.9331
14   C                2.6528              -0.3020               0.6914
15   C                3.4606               0.6150               1.3173
16   C                4.8395               0.3890               1.1101
17   C                5.0947              -0.7090               0.3246
18   S                3.6095              -1.5286              -0.0780
19   C                6.3940              -1.1891              -0.1432
20   C                7.4876              -0.2830              -0.3790
21   C                8.7216              -0.7695              -0.9512
22   C                8.8888              -2.1492              -1.2525
23   C                7.8501              -2.9870              -0.9742
24   C                6.6209              -2.5178              -0.4337
25   N                7.5266               1.0274              -0.1406
26   S                8.9732               1.5637              -0.6230
27   N                9.6351               0.1824              -1.1433
28   H                1.1632               1.8866              -0.0928
29   H               -5.5801              -0.5215               0.3944
30   H               -6.6031               1.7313              -0.4487
31   H               -0.4728               3.0876              -1.6939
32   H               -1.9639               3.9099              -1.2000
33   H               -0.6057               3.7642              -0.0716
34   H               -2.3954              -2.7126               1.1149
35   H               -3.7884              -1.9078               1.8554
36   H               -3.8647              -2.4172               0.1688
37   H                3.0620               1.4364               1.9027
38   H                5.6434               1.0295               1.4583
39   H                9.8288              -2.4934              -1.6717
40   H                7.9482              -4.0498              -1.1749
41   H                5.8353              -3.2398              -0.2391


Energy:                -2548.709542 Convergence criteria  Is converged 
Maximum Force:             0.002494     0.002850  Yes
RMS Force:                 0.001067     0.001900  Yes
Maximum Displacement:      0.002305     0.003150  Yes
RMS Displacement:          0.001461     0.002100  Yes

LBFGS converged at iteration 14.
Final frame written to /home/hungn/Desktop/MyRepo/MLP/MAPLE/maple/function/dispatcher/parmfit/example/PPI_torsionfit_18-20_opt.xyz
Complete trajectory written to /home/hungn/Desktop/MyRepo/MLP/MAPLE/maple/function/dispatcher/parmfit/example/PPI_torsionfit_18-20_traj.xyz

----------------------------------------------------------------------
            Scanning combination 68/73: [335.10]

======================================================================
LBFGS Parameters
======================================================================
memory:     5
curvature:  70.0
max_step:   0.2
max_iter:   256
write_traj: False
traj_every: 1
verbose:    0
======================================================================


                             Coordinates                              
----------------------------------------------------------------------
0    C               -0.8196               0.9238               0.0635
1    C               -1.3085              -0.3553               0.4550
2    C               -2.6678              -0.6547               0.5012
3    C               -3.5589               0.3725               0.1255
4    C               -3.0581               1.6329              -0.3015
5    C               -1.7014               1.9327              -0.3613
6    C                0.6042               0.9913               0.1526
7    C                1.2060              -0.1604               0.5484
8    S                0.0306              -1.4229               0.8492
9    C               -4.9999               0.3427               0.0967
10   C               -5.5502               1.4998              -0.3309
11   S               -4.3692               2.7040              -0.7250
12   C               -1.1696               3.2476              -0.8574
13   C               -3.1953              -1.9963               0.9333
14   C                2.6515              -0.3025               0.6957
15   C                3.4599               0.6238               1.3059
16   C                4.8392               0.3925               1.1042
17   C                5.0959              -0.7223               0.3451
18   S                3.6070              -1.5320              -0.0707
19   C                6.3877              -1.1863              -0.1615
20   C                7.4892              -0.2837              -0.3755
21   C                8.7248              -0.7707              -0.9465
22   C                8.8920              -2.1519              -1.2450
23   C                7.8489              -2.9868              -0.9776
24   C                6.6161              -2.5156              -0.4484
25   N                7.5304               1.0263              -0.1348
26   S                8.9759               1.5632              -0.6205
27   N                9.6382               0.1811              -1.1395
28   H                1.1610               1.8908              -0.0945
29   H               -5.5811              -0.5242               0.3937
30   H               -6.6021               1.7287              -0.4459
31   H               -0.4756               3.0895              -1.6927
32   H               -1.9676               3.9116              -1.1989
33   H               -0.6091               3.7660              -0.0693
34   H               -2.3938              -2.7155               1.1163
35   H               -3.7860              -1.9075               1.8542
36   H               -3.8608              -2.4159               0.1688
37   H                3.0605               1.4407               1.8964
38   H                5.6438               1.0308               1.4546
39   H                9.8280              -2.4990              -1.6721
40   H                7.9460              -4.0506              -1.1747
41   H                5.8351              -3.2394              -0.2398


Energy:                -2548.709521 Convergence criteria  Is converged 
Maximum Force:             0.001725     0.002850  Yes
RMS Force:                 0.001026     0.001900  Yes
Maximum Displacement:      0.002309     0.003150  Yes
RMS Displacement:          0.001040     0.002100  Yes

LBFGS converged at iteration 7.
Final frame written to /home/hungn/Desktop/MyRepo/MLP/MAPLE/maple/function/dispatcher/parmfit/example/PPI_torsionfit_18-20_opt.xyz
Complete trajectory written to /home/hungn/Desktop/MyRepo/MLP/MAPLE/maple/function/dispatcher/parmfit/example/PPI_torsionfit_18-20_traj.xyz

----------------------------------------------------------------------
            Scanning combination 69/73: [340.10]

======================================================================
LBFGS Parameters
======================================================================
memory:     5
curvature:  70.0
max_step:   0.2
max_iter:   256
write_traj: False
traj_every: 1
verbose:    0
======================================================================


                             Coordinates                              
----------------------------------------------------------------------
0    C               -0.8168               0.9331               0.0580
1    C               -1.3015              -0.3476               0.4506
2    C               -2.6578              -0.6567               0.4955
3    C               -3.5549               0.3638               0.1193
4    C               -3.0612               1.6280              -0.3045
5    C               -1.7061               1.9381              -0.3627
6    C                0.6075               1.0034               0.1494
7    C                1.2102              -0.1474               0.5531
8    S                0.0365              -1.4106               0.8514
9    C               -4.9958               0.3254               0.0949
10   C               -5.5538               1.4811              -0.3236
11   S               -4.3805               2.6926              -0.7195
12   C               -1.1889               3.2630              -0.8487
13   C               -3.1772              -2.0001               0.9310
14   C                2.6519              -0.2973               0.7181
15   C                3.4641               0.6640               1.2669
16   C                4.8414               0.4225               1.0692
17   C                5.0957              -0.7312               0.3667
18   S                3.6082              -1.5888               0.0571
19   C                6.3815              -1.1979              -0.1564
20   C                7.4915              -0.2980              -0.3597
21   C                8.7292              -0.7873              -0.9272
22   C                8.8888              -2.1655              -1.2426
23   C                7.8330              -2.9928              -1.0051
24   C                6.5973              -2.5209              -0.4816
25   N                7.5425               1.0082              -0.1023
26   S                9.0029               1.5370              -0.5526
27   N                9.6563               0.1575              -1.0887
28   H                1.1609               1.9054              -0.0983
29   H               -5.5704              -0.5472               0.3896
30   H               -6.6081               1.7068              -0.4280
31   H               -0.4923               3.1214              -1.6848
32   H               -1.9952               3.9194              -1.1861
33   H               -0.6372               3.7830              -0.0554
34   H               -2.3735              -2.7155               1.1195
35   H               -3.7705              -1.9098               1.8499
36   H               -3.8391              -2.4260               0.1671
37   H                3.0696               1.5239               1.7972
38   H                5.6475               1.0755               1.3863
39   H                9.8360              -2.5171              -1.6413
40   H                7.9246              -4.0547              -1.2147
41   H                5.8009              -3.2416              -0.3306


Energy:                -2548.709708 Convergence criteria  Is converged 
Maximum Force:             0.002369     0.002850  Yes
RMS Force:                 0.001062     0.001900  Yes
Maximum Displacement:      0.003133     0.003150  Yes
RMS Displacement:          0.001481     0.002100  Yes

LBFGS converged at iteration 14.
Final frame written to /home/hungn/Desktop/MyRepo/MLP/MAPLE/maple/function/dispatcher/parmfit/example/PPI_torsionfit_18-20_opt.xyz
Complete trajectory written to /home/hungn/Desktop/MyRepo/MLP/MAPLE/maple/function/dispatcher/parmfit/example/PPI_torsionfit_18-20_traj.xyz

----------------------------------------------------------------------
            Scanning combination 70/73: [345.10]

======================================================================
LBFGS Parameters
======================================================================
memory:     5
curvature:  70.0
max_step:   0.2
max_iter:   256
write_traj: False
traj_every: 1
verbose:    0
======================================================================


                             Coordinates                              
----------------------------------------------------------------------
0    C               -0.8182               0.9315               0.0591
1    C               -1.3009              -0.3508               0.4497
2    C               -2.6576              -0.6581               0.4952
3    C               -3.5547               0.3634               0.1201
4    C               -3.0625               1.6281              -0.3042
5    C               -1.7072               1.9372              -0.3624
6    C                0.6056               1.0034               0.1536
7    C                1.2107              -0.1458               0.5560
8    S                0.0397              -1.4118               0.8535
9    C               -4.9952               0.3246               0.0953
10   C               -5.5541               1.4797              -0.3238
11   S               -4.3825               2.6928              -0.7187
12   C               -1.1900               3.2631              -0.8473
13   C               -3.1771              -2.0013               0.9310
14   C                2.6533              -0.2904               0.7123
15   C                3.4660               0.6738               1.2552
16   C                4.8428               0.4271               1.0644
17   C                5.0998              -0.7405               0.3867
18   S                3.6071              -1.5852               0.0566
19   C                6.3747              -1.1952              -0.1726
20   C                7.4942              -0.3020              -0.3493
21   C                8.7323              -0.7920              -0.9143
22   C                8.8901              -2.1685              -1.2349
23   C                7.8307              -2.9927              -1.0094
24   C                6.5921              -2.5181              -0.4964
25   N                7.5459               1.0043              -0.0910
26   S                9.0024               1.5342              -0.5528
27   N                9.6577               0.1530              -1.0820
28   H                1.1631               1.9012              -0.0980
29   H               -5.5690              -0.5485               0.3894
30   H               -6.6084               1.7044              -0.4282
31   H               -0.4929               3.1240              -1.6833
32   H               -1.9964               3.9194              -1.1842
33   H               -0.6388               3.7846              -0.0546
34   H               -2.3714              -2.7144               1.1192
35   H               -3.7696              -1.9111               1.8507
36   H               -3.8374              -2.4276               0.1657
37   H                3.0713               1.5305               1.7894
38   H                5.6465               1.0871               1.3738
39   H                9.8331              -2.5191              -1.6452
40   H                7.9205              -4.0544              -1.2215
41   H                5.8014              -3.2409              -0.3262


Energy:                -2548.709278 Convergence criteria  Is converged 
Maximum Force:             0.002663     0.002850  Yes
RMS Force:                 0.001234     0.001900  Yes
Maximum Displacement:      0.001807     0.003150  Yes
RMS Displacement:          0.000889     0.002100  Yes

LBFGS converged at iteration 7.
Final frame written to /home/hungn/Desktop/MyRepo/MLP/MAPLE/maple/function/dispatcher/parmfit/example/PPI_torsionfit_18-20_opt.xyz
Complete trajectory written to /home/hungn/Desktop/MyRepo/MLP/MAPLE/maple/function/dispatcher/parmfit/example/PPI_torsionfit_18-20_traj.xyz

----------------------------------------------------------------------
            Scanning combination 71/73: [350.10]

======================================================================
LBFGS Parameters
======================================================================
memory:     5
curvature:  70.0
max_step:   0.2
max_iter:   256
write_traj: False
traj_every: 1
verbose:    0
======================================================================


                             Coordinates                              
----------------------------------------------------------------------
0    C               -0.8319               0.9477               0.0976
1    C               -1.2883              -0.3444               0.4896
2    C               -2.6376              -0.6841               0.5101
3    C               -3.5511               0.3220               0.1307
4    C               -3.0821               1.6000              -0.2797
5    C               -1.7350               1.9387              -0.3242
6    C                0.5866               1.0478               0.1768
7    C                1.2182              -0.0899               0.5670
8    S                0.0746              -1.3726               0.9068
9    C               -4.9901               0.2562               0.0968
10   C               -5.5690               1.4048              -0.3134
11   S               -4.4187               2.6435              -0.6912
12   C               -1.2376               3.2786              -0.7908
13   C               -3.1345              -2.0428               0.9260
14   C                2.6644              -0.1877               0.6505
15   C                3.4742               0.8584               1.0185
16   C                4.8481               0.6005               0.8429
17   C                5.1018              -0.6417               0.3092
18   S                3.6168              -1.5352               0.1227
19   C                6.3864              -1.1854              -0.1264
20   C                7.5628              -0.3563              -0.2319
21   C                8.7831              -0.8970              -0.7913
22   C                8.8443              -2.2497              -1.2282
23   C                7.7265              -3.0137              -1.0767
24   C                6.5226              -2.5013              -0.5230
25   N                7.7019               0.9180               0.1309
26   S                9.2201               1.3598              -0.2147
27   N                9.7877              -0.0219              -0.8362
28   H                1.1247               1.9536              -0.0861
29   H               -5.5465              -0.6310               0.3816
30   H               -6.6267               1.6118              -0.4194
31   H               -0.5324               3.1638              -1.6237
32   H               -2.0530               3.9251              -1.1239
33   H               -0.7001               3.7979               0.0127
34   H               -2.3172              -2.7404               1.1219
35   H               -3.7433              -1.9720               1.8366
36   H               -3.7741              -2.4801               0.1488
37   H                3.0838               1.7894               1.4153
38   H                5.6551               1.2954               1.0456
39   H                9.7618              -2.6304              -1.6656
40   H                7.7354              -4.0523              -1.3957
41   H                5.6854              -3.1840              -0.4201


Energy:                -2548.710918 Convergence criteria  Is converged 
Maximum Force:             0.001322     0.002850  Yes
RMS Force:                 0.000866     0.001900  Yes
Maximum Displacement:      0.002605     0.003150  Yes
RMS Displacement:          0.001112     0.002100  Yes

LBFGS converged at iteration 30.
Final frame written to /home/hungn/Desktop/MyRepo/MLP/MAPLE/maple/function/dispatcher/parmfit/example/PPI_torsionfit_18-20_opt.xyz
Complete trajectory written to /home/hungn/Desktop/MyRepo/MLP/MAPLE/maple/function/dispatcher/parmfit/example/PPI_torsionfit_18-20_traj.xyz

----------------------------------------------------------------------
            Scanning combination 72/73: [355.10]

======================================================================
LBFGS Parameters
======================================================================
memory:     5
curvature:  70.0
max_step:   0.2
max_iter:   256
write_traj: False
traj_every: 1
verbose:    0
======================================================================


                             Coordinates                              
----------------------------------------------------------------------
0    C               -0.8384               0.9603               0.0888
1    C               -1.2884              -0.3345               0.4773
2    C               -2.6371              -0.6768               0.5161
3    C               -3.5594               0.3238               0.1430
4    C               -3.0975               1.6042              -0.2683
5    C               -1.7516               1.9488              -0.3188
6    C                0.5825               1.0646               0.1603
7    C                1.2206              -0.0722               0.5470
8    S                0.0808              -1.3635               0.8684
9    C               -4.9986               0.2476               0.1028
10   C               -5.5835               1.3915              -0.3125
11   S               -4.4400               2.6371              -0.6877
12   C               -1.2602               3.2898              -0.7867
13   C               -3.1238              -2.0395               0.9292
14   C                2.6673              -0.1769               0.6548
15   C                3.4799               0.8665               1.0250
16   C                4.8547               0.6079               0.8432
17   C                5.1119              -0.6456               0.3339
18   S                3.6231              -1.5407               0.1697
19   C                6.3872              -1.1870              -0.1431
20   C                7.5757              -0.3700              -0.2248
21   C                8.7934              -0.9103              -0.7929
22   C                8.8578              -2.2647              -1.2235
23   C                7.7344              -3.0222              -1.0813
24   C                6.5219              -2.5002              -0.5523
25   N                7.7209               0.9001               0.1470
26   S                9.2372               1.3420              -0.2070
27   N                9.7984              -0.0364              -0.8411
28   H                1.1144               1.9744              -0.1033
29   H               -5.5537              -0.6427               0.3809
30   H               -6.6422               1.5905              -0.4248
31   H               -0.5563               3.1706              -1.6200
32   H               -2.0759               3.9360              -1.1203
33   H               -0.7207               3.8099               0.0149
34   H               -2.3019              -2.7325               1.1221
35   H               -3.7352              -1.9795               1.8387
36   H               -3.7581              -2.4746               0.1469
37   H                3.0855               1.7928               1.4302
38   H                5.6604               1.3083               1.0356
39   H                9.7826              -2.6527              -1.6386
40   H                7.7520              -4.0681              -1.3743
41   H                5.6772              -3.1772              -0.4780


Energy:                -2548.711140 Convergence criteria  Is converged 
Maximum Force:             0.001696     0.002850  Yes
RMS Force:                 0.000781     0.001900  Yes
Maximum Displacement:      0.001881     0.003150  Yes
RMS Displacement:          0.000918     0.002100  Yes

LBFGS converged at iteration 14.
Final frame written to /home/hungn/Desktop/MyRepo/MLP/MAPLE/maple/function/dispatcher/parmfit/example/PPI_torsionfit_18-20_opt.xyz
Complete trajectory written to /home/hungn/Desktop/MyRepo/MLP/MAPLE/maple/function/dispatcher/parmfit/example/PPI_torsionfit_18-20_traj.xyz

----------------------------------------------------------------------
            Scanning combination 73/73: [360.10]

======================================================================
LBFGS Parameters
======================================================================
memory:     5
curvature:  70.0
max_step:   0.2
max_iter:   256
write_traj: False
traj_every: 1
verbose:    0
======================================================================


                             Coordinates                              
----------------------------------------------------------------------
0    C               -0.8387               0.9629               0.0880
1    C               -1.2879              -0.3327               0.4750
2    C               -2.6358              -0.6777               0.5111
3    C               -3.5585               0.3227               0.1402
4    C               -3.0992               1.6049              -0.2686
5    C               -1.7531               1.9509              -0.3194
6    C                0.5826               1.0667               0.1609
7    C                1.2214              -0.0694               0.5499
8    S                0.0812              -1.3608               0.8689
9    C               -4.9971               0.2437               0.1036
10   C               -5.5849               1.3864              -0.3095
11   S               -4.4454               2.6367              -0.6813
12   C               -1.2668               3.2948              -0.7856
13   C               -3.1204              -2.0405               0.9273
14   C                2.6687              -0.1747               0.6549
15   C                3.4846               0.8726               1.0097
16   C                4.8578               0.6079               0.8334
17   C                5.1163              -0.6554               0.3536
18   S                3.6224              -1.5365               0.1613
19   C                6.3831              -1.1820              -0.1605
20   C                7.5779              -0.3715              -0.2191
21   C                8.7982              -0.9174              -0.7762
22   C                8.8576              -2.2699              -1.2114
23   C                7.7309              -3.0239              -1.0791
24   C                6.5164              -2.4966              -0.5626
25   N                7.7235               0.9008               0.1460
26   S                9.2415               1.3395              -0.2059
27   N                9.8044              -0.0441              -0.8269
28   H                1.1157               1.9754              -0.1036
29   H               -5.5480              -0.6482               0.3854
30   H               -6.6440               1.5812              -0.4249
31   H               -0.5651               3.1836              -1.6220
32   H               -2.0879               3.9356              -1.1157
33   H               -0.7298               3.8171               0.0163
34   H               -2.2963              -2.7302               1.1230
35   H               -3.7308              -1.9766               1.8373
36   H               -3.7554              -2.4820               0.1491
37   H                3.0991               1.8003               1.4186
38   H                5.6656               1.3039               1.0325
39   H                9.7795              -2.6584              -1.6322
40   H                7.7406              -4.0654              -1.3870
41   H                5.6732              -3.1744              -0.4777


Energy:                -2548.710650 Convergence criteria  Is converged 
Maximum Force:             0.002101     0.002850  Yes
RMS Force:                 0.001146     0.001900  Yes
Maximum Displacement:      0.002178     0.003150  Yes
RMS Displacement:          0.001078     0.002100  Yes

LBFGS converged at iteration 9.
Final frame written to /home/hungn/Desktop/MyRepo/MLP/MAPLE/maple/function/dispatcher/parmfit/example/PPI_torsionfit_18-20_opt.xyz
Complete trajectory written to /home/hungn/Desktop/MyRepo/MLP/MAPLE/maple/function/dispatcher/parmfit/example/PPI_torsionfit_18-20_traj.xyz

======================================================================
Scan completed! Total points: 73Results saved to: /home/hungn/Desktop/MyRepo/MLP/MAPLE/maple/function/dispatcher/parmfit/example/PPI_torsionfit_18-20_scan_final.xyz
Energy range: -2548.715104 to -2548.699481 eV
