
----------------------------------------------------------------------
            Scanning combination 1/73: [179.98]

======================================================================
LBFGS Parameters
======================================================================
memory:     5
curvature:  70.0
max_step:   0.2
max_iter:   256
write_traj: False
traj_every: 1
verbose:    0
======================================================================


                             Coordinates                              
----------------------------------------------------------------------
0    C               -0.7223               0.9648               0.2245
1    C               -1.4269              -0.2687               0.1832
2    C               -2.8145              -0.3501               0.2843
3    C               -3.5194               0.8608               0.4329
4    C               -2.8095               2.0920               0.4731
5    C               -1.4230               2.1754               0.3721
6    C                0.6952               0.7803               0.1012
7    C                1.0784              -0.5204              -0.0291
8    S               -0.3022              -1.6040              -0.0072
9    C               -4.9421               1.0658               0.5593
10   C               -5.2828               2.3661               0.6864
11   S               -3.9156               3.4302               0.6625
12   C               -0.6832               3.4803               0.4157
13   C               -3.5444              -1.6642               0.2391
14   C                2.4336              -1.0335              -0.1724
15   C                2.8746              -2.3288              -0.3064
16   C                4.2845              -2.4339              -0.4209
17   C                4.9349              -1.2209              -0.3757
18   S                3.7737               0.0639              -0.1888
19   C                6.3602              -0.8937              -0.4568
20   C                7.3921              -1.8884              -0.6127
21   C                8.7829              -1.4861              -0.6851
22   C                9.1501              -0.1132              -0.6040
23   C                8.1514               0.7987              -0.4570
24   C                6.7865               0.4192              -0.3849
25   N                7.2494              -3.2083              -0.7063
26   S                8.7276              -3.8474              -0.8676
27   N                9.6304              -2.5049              -0.8291
28   H                1.3986               1.6086               0.1117
29   H               -5.6664               0.2561               0.5530
30   H               -6.2779               2.7792               0.7956
31   H               -0.1008               3.6231              -0.5021
32   H               -1.3569               4.3338               0.5293
33   H                0.0281               3.4919               1.2500
34   H               -2.8469              -2.4963               0.1175
35   H               -4.1176              -1.8308               1.1597
36   H               -4.2581              -1.6923              -0.5938
37   H                2.2053              -3.1825              -0.3221
38   H                4.8399              -3.3591              -0.5347
39   H               10.1954               0.1713              -0.6597
40   H                8.3854               1.8585              -0.3906
41   H                6.0492               1.2062              -0.2673


Energy:                -2548.714831 Convergence criteria  Is converged 
Maximum Force:             0.002776     0.002850  Yes
RMS Force:                 0.001485     0.001900  Yes
Maximum Displacement:      0.000038     0.003150  Yes
RMS Displacement:          0.000021     0.002100  Yes

LBFGS converged at iteration 1.
Final frame written to /home/hungn/Desktop/MyRepo/MLP/MAPLE/maple/function/dispatcher/parmfit/example/PPI_torsionfit_8-15_opt.xyz
Complete trajectory written to /home/hungn/Desktop/MyRepo/MLP/MAPLE/maple/function/dispatcher/parmfit/example/PPI_torsionfit_8-15_traj.xyz

----------------------------------------------------------------------
            Scanning combination 2/73: [184.98]

======================================================================
LBFGS Parameters
======================================================================
memory:     5
curvature:  70.0
max_step:   0.2
max_iter:   256
write_traj: False
traj_every: 1
verbose:    0
======================================================================


                             Coordinates                              
----------------------------------------------------------------------
0    C               -0.7189               0.9663               0.2102
1    C               -1.4213              -0.2709               0.1810
2    C               -2.8059              -0.3579               0.2799
3    C               -3.5068               0.8550               0.4298
4    C               -2.8008               2.0891               0.4660
5    C               -1.4152               2.1798               0.3582
6    C                0.6955               0.7738               0.0928
7    C                1.0753              -0.5311               0.0081
8    S               -0.3016              -1.6131               0.0392
9    C               -4.9280               1.0549               0.5581
10   C               -5.2739               2.3536               0.6857
11   S               -3.9103               3.4225               0.6630
12   C               -0.6735               3.4875               0.4107
13   C               -3.5429              -1.6697               0.2388
14   C                2.4280              -1.0399              -0.1314
15   C                2.8752              -2.3275              -0.3133
16   C                4.2839              -2.4136              -0.4346
17   C                4.9244              -1.1963              -0.3705
18   S                3.7572               0.0717              -0.1311
19   C                6.3493              -0.8745              -0.4566
20   C                7.3712              -1.8793              -0.6108
21   C                8.7653              -1.4900              -0.6840
22   C                9.1473              -0.1217              -0.6045
23   C                8.1564               0.8008              -0.4570
24   C                6.7867               0.4343              -0.3838
25   N                7.2151              -3.1980              -0.7026
26   S                8.6875              -3.8504              -0.8646
27   N                9.6034              -2.5167              -0.8282
28   H                1.4046               1.5963               0.0732
29   H               -5.6416               0.2366               0.5495
30   H               -6.2701               2.7643               0.7940
31   H               -0.0872               3.6421              -0.5036
32   H               -1.3490               4.3390               0.5281
33   H                0.0353               3.5019               1.2485
34   H               -2.8633              -2.5169               0.1177
35   H               -4.1173              -1.8271               1.1604
36   H               -4.2578              -1.6887              -0.5931
37   H                2.2165              -3.1871              -0.3588
38   H                4.8440              -3.3309              -0.5669
39   H               10.1973               0.1452              -0.6621
40   H                8.4050               1.8565              -0.3925
41   H                6.0579               1.2291              -0.2667


Energy:                -2548.715044 Convergence criteria  Is converged 
Maximum Force:             0.002687     0.002850  Yes
RMS Force:                 0.001098     0.001900  Yes
Maximum Displacement:      0.001874     0.003150  Yes
RMS Displacement:          0.000884     0.002100  Yes

LBFGS converged at iteration 12.
Final frame written to /home/hungn/Desktop/MyRepo/MLP/MAPLE/maple/function/dispatcher/parmfit/example/PPI_torsionfit_8-15_opt.xyz
Complete trajectory written to /home/hungn/Desktop/MyRepo/MLP/MAPLE/maple/function/dispatcher/parmfit/example/PPI_torsionfit_8-15_traj.xyz

----------------------------------------------------------------------
            Scanning combination 3/73: [189.98]

======================================================================
LBFGS Parameters
======================================================================
memory:     5
curvature:  70.0
max_step:   0.2
max_iter:   256
write_traj: False
traj_every: 1
verbose:    0
======================================================================


                             Coordinates                              
----------------------------------------------------------------------
0    C               -0.7186               0.9624               0.2041
1    C               -1.4191              -0.2750               0.2013
2    C               -2.8057              -0.3579               0.2852
3    C               -3.5078               0.8547               0.4240
4    C               -2.8018               2.0880               0.4551
5    C               -1.4161               2.1755               0.3466
6    C                0.6961               0.7730               0.0847
7    C                1.0820              -0.5316               0.0383
8    S               -0.2922              -1.6160               0.0955
9    C               -4.9289               1.0541               0.5544
10   C               -5.2755               2.3520               0.6827
11   S               -3.9121               3.4207               0.6548
12   C               -0.6738               3.4803               0.4018
13   C               -3.5424              -1.6680               0.2400
14   C                2.4355              -1.0400              -0.0961
15   C                2.8800              -2.3189              -0.3312
16   C                4.2868              -2.4048              -0.4601
17   C                4.9275              -1.1906              -0.3479
18   S                3.7654               0.0695              -0.0534
19   C                6.3492              -0.8643              -0.4445
20   C                7.3630              -1.8751              -0.6073
21   C                8.7584              -1.4953              -0.6838
22   C                9.1486              -0.1285              -0.6069
23   C                8.1632               0.7992              -0.4593
24   C                6.7912               0.4436              -0.3802
25   N                7.1967              -3.1923              -0.7026
26   S                8.6635              -3.8566              -0.8647
27   N                9.5873              -2.5290              -0.8280
28   H                1.4007               1.5968               0.0386
29   H               -5.6440               0.2378               0.5504
30   H               -6.2719               2.7598               0.7989
31   H               -0.0881               3.6353              -0.5124
32   H               -1.3511               4.3296               0.5216
33   H                0.0328               3.4880               1.2412
34   H               -2.8540              -2.5074               0.1174
35   H               -4.1172              -1.8275               1.1609
36   H               -4.2575              -1.6872              -0.5918
37   H                2.2163              -3.1740              -0.3987
38   H                4.8491              -3.3176              -0.6247
39   H               10.1991               0.1384              -0.6631
40   H                8.4165               1.8538              -0.3959
41   H                6.0659               1.2437              -0.2684


Energy:                -2548.714907 Convergence criteria  Is converged 
Maximum Force:             0.001469     0.002850  Yes
RMS Force:                 0.000886     0.001900  Yes
Maximum Displacement:      0.002038     0.003150  Yes
RMS Displacement:          0.000893     0.002100  Yes

LBFGS converged at iteration 12.
Final frame written to /home/hungn/Desktop/MyRepo/MLP/MAPLE/maple/function/dispatcher/parmfit/example/PPI_torsionfit_8-15_opt.xyz
Complete trajectory written to /home/hungn/Desktop/MyRepo/MLP/MAPLE/maple/function/dispatcher/parmfit/example/PPI_torsionfit_8-15_traj.xyz

----------------------------------------------------------------------
            Scanning combination 4/73: [194.98]

======================================================================
LBFGS Parameters
======================================================================
memory:     5
curvature:  70.0
max_step:   0.2
max_iter:   256
write_traj: False
traj_every: 1
verbose:    0
======================================================================


                             Coordinates                              
----------------------------------------------------------------------
0    C               -0.7209               0.9615               0.2165
1    C               -1.4190              -0.2781               0.2349
2    C               -2.8063              -0.3634               0.2958
3    C               -3.5086               0.8511               0.4195
4    C               -2.8037               2.0862               0.4438
5    C               -1.4182               2.1766               0.3390
6    C                0.6923               0.7719               0.0898
7    C                1.0804              -0.5318               0.0721
8    S               -0.2898              -1.6191               0.1633
9    C               -4.9292               1.0501               0.5525
10   C               -5.2763               2.3484               0.6759
11   S               -3.9148               3.4189               0.6348
12   C               -0.6742               3.4826               0.3831
13   C               -3.5420              -1.6754               0.2449
14   C                2.4353              -1.0366              -0.0616
15   C                2.8766              -2.3029              -0.3600
16   C                4.2831              -2.3846              -0.4933
17   C                4.9283              -1.1812              -0.3131
18   S                3.7701               0.0643               0.0569
19   C                6.3504              -0.8590              -0.4282
20   C                7.3592              -1.8743              -0.6009
21   C                8.7563              -1.5014              -0.6829
22   C                9.1545              -0.1373              -0.6075
23   C                8.1738               0.7960              -0.4600
24   C                6.7996               0.4470              -0.3742
25   N                7.1872              -3.1910              -0.6968
26   S                8.6504              -3.8618              -0.8655
27   N                9.5802              -2.5385              -0.8312
28   H                1.3973               1.5940               0.0166
29   H               -5.6427               0.2322               0.5547
30   H               -6.2721               2.7573               0.7922
31   H               -0.0910               3.6381              -0.5331
32   H               -1.3473               4.3351               0.5054
33   H                0.0367               3.4883               1.2189
34   H               -2.8551              -2.5160               0.1195
35   H               -4.1165              -1.8402               1.1653
36   H               -4.2576              -1.6924              -0.5869
37   H                2.2106              -3.1507              -0.4719
38   H                4.8405              -3.2870              -0.7175
39   H               10.2068               0.1213              -0.6701
40   H                8.4337               1.8492              -0.4021
41   H                6.0792               1.2512              -0.2621


Energy:                -2548.714710 Convergence criteria  Is converged 
Maximum Force:             0.001109     0.002850  Yes
RMS Force:                 0.000567     0.001900  Yes
Maximum Displacement:      0.000676     0.003150  Yes
RMS Displacement:          0.000316     0.002100  Yes

LBFGS converged at iteration 17.
Final frame written to /home/hungn/Desktop/MyRepo/MLP/MAPLE/maple/function/dispatcher/parmfit/example/PPI_torsionfit_8-15_opt.xyz
Complete trajectory written to /home/hungn/Desktop/MyRepo/MLP/MAPLE/maple/function/dispatcher/parmfit/example/PPI_torsionfit_8-15_traj.xyz

----------------------------------------------------------------------
            Scanning combination 5/73: [199.98]

======================================================================
LBFGS Parameters
======================================================================
memory:     5
curvature:  70.0
max_step:   0.2
max_iter:   256
write_traj: False
traj_every: 1
verbose:    0
======================================================================


                             Coordinates                              
----------------------------------------------------------------------
0    C               -0.7212               0.9620               0.2027
1    C               -1.4183              -0.2776               0.2298
2    C               -2.8049              -0.3633               0.3006
3    C               -3.5087               0.8505               0.4251
4    C               -2.8043               2.0857               0.4455
5    C               -1.4193               2.1760               0.3323
6    C                0.6930               0.7721               0.0857
7    C                1.0848              -0.5308               0.1079
8    S               -0.2884              -1.6185               0.1788
9    C               -4.9301               1.0498               0.5529
10   C               -5.2782               2.3484               0.6715
11   S               -3.9164               3.4187               0.6306
12   C               -0.6756               3.4812               0.3811
13   C               -3.5398              -1.6753               0.2481
14   C                2.4371              -1.0431              -0.0256
15   C                2.8754              -2.2982              -0.3744
16   C                4.2808              -2.3785              -0.5155
17   C                4.9274              -1.1781              -0.3210
18   S                3.7731               0.0601               0.0825
19   C                6.3508              -0.8585              -0.4245
20   C                7.3589              -1.8747              -0.5963
21   C                8.7561              -1.5028              -0.6812
22   C                9.1553              -0.1388              -0.6081
23   C                8.1752               0.7953              -0.4590
24   C                6.8010               0.4467              -0.3695
25   N                7.1857              -3.1909              -0.6941
26   S                8.6478              -3.8631              -0.8662
27   N                9.5788              -2.5405              -0.8324
28   H                1.3961               1.5959               0.0072
29   H               -5.6434               0.2316               0.5552
30   H               -6.2740               2.7577               0.7895
31   H               -0.0964               3.6319              -0.5376
32   H               -1.3497               4.3328               0.5027
33   H                0.0387               3.4916               1.2147
34   H               -2.8544              -2.5170               0.1206
35   H               -4.1148              -1.8414               1.1678
36   H               -4.2541              -1.6886              -0.5849
37   H                2.2106              -3.1457              -0.5003
38   H                4.8393              -3.2822              -0.7300
39   H               10.2077               0.1190              -0.6725
40   H                8.4358               1.8484              -0.4035
41   H                6.0801               1.2509              -0.2597


Energy:                -2548.714129 Convergence criteria  Is converged 
Maximum Force:             0.002363     0.002850  Yes
RMS Force:                 0.000990     0.001900  Yes
Maximum Displacement:      0.002618     0.003150  Yes
RMS Displacement:          0.000763     0.002100  Yes

LBFGS converged at iteration 8.
Final frame written to /home/hungn/Desktop/MyRepo/MLP/MAPLE/maple/function/dispatcher/parmfit/example/PPI_torsionfit_8-15_opt.xyz
Complete trajectory written to /home/hungn/Desktop/MyRepo/MLP/MAPLE/maple/function/dispatcher/parmfit/example/PPI_torsionfit_8-15_traj.xyz

----------------------------------------------------------------------
            Scanning combination 6/73: [204.98]

======================================================================
LBFGS Parameters
======================================================================
memory:     5
curvature:  70.0
max_step:   0.2
max_iter:   256
write_traj: False
traj_every: 1
verbose:    0
======================================================================


                             Coordinates                              
----------------------------------------------------------------------
0    C               -0.7197               0.9597               0.2189
1    C               -1.4145              -0.2802               0.2730
2    C               -2.8026              -0.3664               0.3084
3    C               -3.5088               0.8480               0.4169
4    C               -2.8064               2.0842               0.4250
5    C               -1.4206               2.1747               0.3210
6    C                0.6936               0.7677               0.0944
7    C                1.0868              -0.5328               0.1420
8    S               -0.2808              -1.6189               0.2746
9    C               -4.9295               1.0465               0.5510
10   C               -5.2784               2.3458               0.6633
11   S               -3.9179               3.4174               0.6136
12   C               -0.6785               3.4814               0.3547
13   C               -3.5367              -1.6784               0.2555
14   C                2.4406              -1.0416               0.0063
15   C                2.8720              -2.2779              -0.4082
16   C                4.2767              -2.3596              -0.5531
17   C                4.9316              -1.1802              -0.2769
18   S                3.7867               0.0315               0.2282
19   C                6.3524              -0.8577              -0.4100
20   C                7.3563              -1.8755              -0.5920
21   C                8.7541              -1.5072              -0.6818
22   C                9.1562              -0.1437              -0.6117
23   C                8.1794               0.7922              -0.4579
24   C                6.8047               0.4473              -0.3611
25   N                7.1778              -3.1909              -0.6895
26   S                8.6379              -3.8671              -0.8624
27   N                9.5737              -2.5476              -0.8332
28   H                1.3983               1.5855              -0.0224
29   H               -5.6422               0.2279               0.5619
30   H               -6.2745               2.7546               0.7777
31   H               -0.0997               3.6391              -0.5644
32   H               -1.3537               4.3315               0.4816
33   H                0.0358               3.4866               1.1872
34   H               -2.8505              -2.5189               0.1260
35   H               -4.1087              -1.8449               1.1772
36   H               -4.2535              -1.6915              -0.5751
37   H                2.1971              -3.1046              -0.5942
38   H                4.8241              -3.2452              -0.8546
39   H               10.2095               0.1105              -0.6787
40   H                8.4436               1.8451              -0.4029
41   H                6.0852               1.2524              -0.2520


Energy:                -2548.713843 Convergence criteria  Is converged 
Maximum Force:             0.002369     0.002850  Yes
RMS Force:                 0.001153     0.001900  Yes
Maximum Displacement:      0.001873     0.003150  Yes
RMS Displacement:          0.000632     0.002100  Yes

LBFGS converged at iteration 14.
Final frame written to /home/hungn/Desktop/MyRepo/MLP/MAPLE/maple/function/dispatcher/parmfit/example/PPI_torsionfit_8-15_opt.xyz
Complete trajectory written to /home/hungn/Desktop/MyRepo/MLP/MAPLE/maple/function/dispatcher/parmfit/example/PPI_torsionfit_8-15_traj.xyz

----------------------------------------------------------------------
            Scanning combination 7/73: [209.98]

======================================================================
LBFGS Parameters
======================================================================
memory:     5
curvature:  70.0
max_step:   0.2
max_iter:   256
write_traj: False
traj_every: 1
verbose:    0
======================================================================


                             Coordinates                              
----------------------------------------------------------------------
0    C               -0.7198               0.9596               0.2058
1    C               -1.4142              -0.2799               0.2709
2    C               -2.8020              -0.3665               0.3150
3    C               -3.5084               0.8476               0.4209
4    C               -2.8055               2.0836               0.4295
5    C               -1.4203               2.1743               0.3160
6    C                0.6951               0.7678               0.0876
7    C                1.0908              -0.5315               0.1743
8    S               -0.2807              -1.6180               0.2806
9    C               -4.9299               1.0462               0.5492
10   C               -5.2790               2.3453               0.6605
11   S               -3.9185               3.4171               0.6071
12   C               -0.6787               3.4813               0.3544
13   C               -3.5361              -1.6786               0.2584
14   C                2.4415              -1.0512               0.0388
15   C                2.8691              -2.2721              -0.4249
16   C                4.2737              -2.3522              -0.5747
17   C                4.9302              -1.1789              -0.2808
18   S                3.7883               0.0273               0.2416
19   C                6.3524              -0.8583              -0.4035
20   C                7.3563              -1.8759              -0.5883
21   C                8.7540              -1.5080              -0.6805
22   C                9.1565              -0.1447              -0.6100
23   C                8.1794               0.7918              -0.4577
24   C                6.8047               0.4464              -0.3586
25   N                7.1776              -3.1916              -0.6875
26   S                8.6373              -3.8677              -0.8638
27   N                9.5731              -2.5482              -0.8345
28   H                1.3972               1.5881              -0.0276
29   H               -5.6423               0.2274               0.5618
30   H               -6.2751               2.7542               0.7766
31   H               -0.1046               3.6337              -0.5673
32   H               -1.3536               4.3322               0.4790
33   H                0.0396               3.4923               1.1845
34   H               -2.8496              -2.5186               0.1272
35   H               -4.1091              -1.8484               1.1786
36   H               -4.2524              -1.6901              -0.5729
37   H                2.1967              -3.1014              -0.6138
38   H                4.8248              -3.2416              -0.8604
39   H               10.2095               0.1099              -0.6807
40   H                8.4438               1.8443              -0.4044
41   H                6.0854               1.2521              -0.2500


Energy:                -2548.713044 Convergence criteria  Is converged 
Maximum Force:             0.002509     0.002850  Yes
RMS Force:                 0.000925     0.001900  Yes
Maximum Displacement:      0.001510     0.003150  Yes
RMS Displacement:          0.000549     0.002100  Yes

LBFGS converged at iteration 8.
Final frame written to /home/hungn/Desktop/MyRepo/MLP/MAPLE/maple/function/dispatcher/parmfit/example/PPI_torsionfit_8-15_opt.xyz
Complete trajectory written to /home/hungn/Desktop/MyRepo/MLP/MAPLE/maple/function/dispatcher/parmfit/example/PPI_torsionfit_8-15_traj.xyz

----------------------------------------------------------------------
            Scanning combination 8/73: [214.98]

======================================================================
LBFGS Parameters
======================================================================
memory:     5
curvature:  70.0
max_step:   0.2
max_iter:   256
write_traj: False
traj_every: 1
verbose:    0
======================================================================


                             Coordinates                              
----------------------------------------------------------------------
0    C               -0.7158               0.9561               0.2278
1    C               -1.4095              -0.2826               0.3153
2    C               -2.7980              -0.3700               0.3277
3    C               -3.5062               0.8445               0.4168
4    C               -2.8048               2.0815               0.4095
5    C               -1.4187               2.1719               0.3041
6    C                0.6985               0.7605               0.1065
7    C                1.0932              -0.5361               0.2124
8    S               -0.2734              -1.6176               0.3817
9    C               -4.9272               1.0435               0.5486
10   C               -5.2767               2.3423               0.6482
11   S               -3.9181               3.4153               0.5824
12   C               -0.6794               3.4806               0.3230
13   C               -3.5307              -1.6827               0.2712
14   C                2.4456              -1.0517               0.0704
15   C                2.8628              -2.2450              -0.4645
16   C                4.2673              -2.3282              -0.6187
17   C                4.9329              -1.1850              -0.2392
18   S                3.8035              -0.0189               0.3953
19   C                6.3523              -0.8591              -0.3852
20   C                7.3530              -1.8773              -0.5788
21   C                8.7499              -1.5117              -0.6780
22   C                9.1541              -0.1488              -0.6106
23   C                8.1795               0.7891              -0.4536
24   C                6.8049               0.4455              -0.3455
25   N                7.1706              -3.1924              -0.6778
26   S                8.6278              -3.8711              -0.8613
27   N                9.5662              -2.5534              -0.8375
28   H                1.4041               1.5702              -0.0529
29   H               -5.6393               0.2239               0.5687
30   H               -6.2737               2.7517               0.7580
31   H               -0.1083               3.6365              -0.6011
32   H               -1.3557               4.3298               0.4510
33   H                0.0415               3.4910               1.1500
34   H               -2.8433              -2.5213               0.1368
35   H               -4.1004              -1.8549               1.1931
36   H               -4.2498              -1.6926              -0.5576
37   H                2.1776              -3.0409              -0.7296
38   H                4.8038              -3.1889              -1.0019
39   H               10.2072               0.1040              -0.6877
40   H                8.4459               1.8416              -0.4050
41   H                6.0840               1.2494              -0.2357


Energy:                -2548.712721 Convergence criteria  Is converged 
Maximum Force:             0.002546     0.002850  Yes
RMS Force:                 0.001282     0.001900  Yes
Maximum Displacement:      0.001801     0.003150  Yes
RMS Displacement:          0.000818     0.002100  Yes

LBFGS converged at iteration 14.
Final frame written to /home/hungn/Desktop/MyRepo/MLP/MAPLE/maple/function/dispatcher/parmfit/example/PPI_torsionfit_8-15_opt.xyz
Complete trajectory written to /home/hungn/Desktop/MyRepo/MLP/MAPLE/maple/function/dispatcher/parmfit/example/PPI_torsionfit_8-15_traj.xyz

----------------------------------------------------------------------
            Scanning combination 9/73: [219.98]

======================================================================
LBFGS Parameters
======================================================================
memory:     5
curvature:  70.0
max_step:   0.2
max_iter:   256
write_traj: False
traj_every: 1
verbose:    0
======================================================================


                             Coordinates                              
----------------------------------------------------------------------
0    C               -0.7156               0.9557               0.2147
1    C               -1.4088              -0.2822               0.3135
2    C               -2.7971              -0.3702               0.3347
3    C               -3.5055               0.8442               0.4209
4    C               -2.8038               2.0809               0.4136
5    C               -1.4182               2.1714               0.3002
6    C                0.7001               0.7601               0.0998
7    C                1.0979              -0.5333               0.2441
8    S               -0.2733              -1.6164               0.3861
9    C               -4.9273               1.0429               0.5468
10   C               -5.2777               2.3425               0.6434
11   S               -3.9184               3.4151               0.5767
12   C               -0.6793               3.4804               0.3227
13   C               -3.5297              -1.6830               0.2748
14   C                2.4449              -1.0641               0.0991
15   C                2.8601              -2.2381              -0.4815
16   C                4.2638              -2.3191              -0.6410
17   C                4.9312              -1.1835              -0.2440
18   S                3.8046              -0.0248               0.4052
19   C                6.3522              -0.8605              -0.3778
20   C                7.3529              -1.8781              -0.5748
21   C                8.7498              -1.5122              -0.6772
22   C                9.1537              -0.1491              -0.6110
23   C                8.1784               0.7887              -0.4530
24   C                6.8042               0.4440              -0.3409
25   N                7.1704              -3.1932              -0.6762
26   S                8.6273              -3.8717              -0.8626
27   N                9.5659              -2.5539              -0.8378
28   H                1.4030               1.5733              -0.0557
29   H               -5.6390               0.2233               0.5691
30   H               -6.2742               2.7516               0.7572
31   H               -0.1128               3.6301              -0.6043
32   H               -1.3552               4.3303               0.4485
33   H                0.0454               3.4972               1.1471
34   H               -2.8424              -2.5215               0.1379
35   H               -4.1005              -1.8579               1.1953
36   H               -4.2479              -1.6913              -0.5550
37   H                2.1772              -3.0371              -0.7475
38   H                4.8057              -3.1850              -1.0058
39   H               10.2067               0.1041              -0.6889
40   H                8.4450               1.8409              -0.4057
41   H                6.0833               1.2484              -0.2340


Energy:                -2548.711721 Convergence criteria  Is converged 
Maximum Force:             0.002562     0.002850  Yes
RMS Force:                 0.000991     0.001900  Yes
Maximum Displacement:      0.001053     0.003150  Yes
RMS Displacement:          0.000417     0.002100  Yes

LBFGS converged at iteration 8.
Final frame written to /home/hungn/Desktop/MyRepo/MLP/MAPLE/maple/function/dispatcher/parmfit/example/PPI_torsionfit_8-15_opt.xyz
Complete trajectory written to /home/hungn/Desktop/MyRepo/MLP/MAPLE/maple/function/dispatcher/parmfit/example/PPI_torsionfit_8-15_traj.xyz

----------------------------------------------------------------------
            Scanning combination 10/73: [224.98]

======================================================================
LBFGS Parameters
======================================================================
memory:     5
curvature:  70.0
max_step:   0.2
max_iter:   256
write_traj: False
traj_every: 1
verbose:    0
======================================================================


                             Coordinates                              
----------------------------------------------------------------------
0    C               -0.7089               0.9512               0.2431
1    C               -1.4021              -0.2852               0.3634
2    C               -2.7908              -0.3744               0.3535
3    C               -3.5005               0.8403               0.4202
4    C               -2.8003               2.0775               0.3938
5    C               -1.4136               2.1675               0.2892
6    C                0.7056               0.7504               0.1261
7    C                1.1006              -0.5407               0.2827
8    S               -0.2654              -1.6150               0.4895
9    C               -4.9220               1.0394               0.5460
10   C               -5.2730               2.3400               0.6263
11   S               -3.9153               3.4128               0.5446
12   C               -0.6773               3.4781               0.2855
13   C               -3.5214              -1.6879               0.2947
14   C                2.4489              -1.0666               0.1247
15   C                2.8513              -2.2025              -0.5320
16   C                4.2548              -2.2883              -0.6939
17   C                4.9321              -1.1952              -0.2064
18   S                3.8189              -0.0882               0.5507
19   C                6.3501              -0.8642              -0.3559
20   C                7.3481              -1.8809              -0.5621
21   C                8.7432              -1.5153              -0.6731
22   C                9.1469              -0.1522              -0.6098
23   C                8.1732               0.7860              -0.4439
24   C                6.8000               0.4405              -0.3206
25   N                7.1631              -3.1956              -0.6631
26   S                8.6179              -3.8746              -0.8594
27   N                9.5574              -2.5575              -0.8408
28   H                1.4140               1.5505              -0.0683
29   H               -5.6334               0.2202               0.5776
30   H               -6.2701               2.7494               0.7300
31   H               -0.1164               3.6268              -0.6461
32   H               -1.3549               4.3266               0.4120
33   H                0.0521               3.4990               1.1050
34   H               -2.8332              -2.5248               0.1533
35   H               -4.0879              -1.8660               1.2175
36   H               -4.2432              -1.6944              -0.5318
37   H                2.1532              -2.9545              -0.8784
38   H                4.7810              -3.1134              -1.1607
39   H               10.1988               0.1012              -0.6977
40   H                8.4402               1.8384              -0.4007
41   H                6.0753               1.2408              -0.2083


Energy:                -2548.711304 Convergence criteria  Is converged 
Maximum Force:             0.002327     0.002850  Yes
RMS Force:                 0.001279     0.001900  Yes
Maximum Displacement:      0.002935     0.003150  Yes
RMS Displacement:          0.001092     0.002100  Yes

LBFGS converged at iteration 14.
Final frame written to /home/hungn/Desktop/MyRepo/MLP/MAPLE/maple/function/dispatcher/parmfit/example/PPI_torsionfit_8-15_opt.xyz
Complete trajectory written to /home/hungn/Desktop/MyRepo/MLP/MAPLE/maple/function/dispatcher/parmfit/example/PPI_torsionfit_8-15_traj.xyz

----------------------------------------------------------------------
            Scanning combination 11/73: [229.98]

======================================================================
LBFGS Parameters
======================================================================
memory:     5
curvature:  70.0
max_step:   0.2
max_iter:   256
write_traj: False
traj_every: 1
verbose:    0
======================================================================


                             Coordinates                              
----------------------------------------------------------------------
0    C               -0.7084               0.9504               0.2307
1    C               -1.4012              -0.2850               0.3610
2    C               -2.7896              -0.3745               0.3608
3    C               -3.4998               0.8401               0.4245
4    C               -2.7990               2.0770               0.3982
5    C               -1.4129               2.1669               0.2861
6    C                0.7077               0.7498               0.1208
7    C                1.1059              -0.5367               0.3141
8    S               -0.2655              -1.6142               0.4923
9    C               -4.9221               1.0391               0.5443
10   C               -5.2738               2.3400               0.6207
11   S               -3.9153               3.4126               0.5386
12   C               -0.6769               3.4778               0.2849
13   C               -3.5202              -1.6882               0.2990
14   C                2.4472              -1.0817               0.1498
15   C                2.8481              -2.1944              -0.5489
16   C                4.2513              -2.2774              -0.7157
17   C                4.9298              -1.1927              -0.2121
18   S                3.8196              -0.0939               0.5577
19   C                6.3498              -0.8662              -0.3493
20   C                7.3480              -1.8820              -0.5583
21   C                8.7431              -1.5159              -0.6722
22   C                9.1461              -0.1523              -0.6098
23   C                8.1717               0.7852              -0.4424
24   C                6.7990               0.4384              -0.3156
25   N                7.1631              -3.1968              -0.6617
26   S                8.6177              -3.8753              -0.8605
27   N                9.5571              -2.5579              -0.8416
28   H                1.4125               1.5544              -0.0697
29   H               -5.6330               0.2195               0.5782
30   H               -6.2707               2.7496               0.7285
31   H               -0.1208               3.6198              -0.6496
32   H               -1.3539               4.3272               0.4089
33   H                0.0561               3.5053               1.1016
34   H               -2.8322              -2.5249               0.1552
35   H               -4.0876              -1.8693               1.2204
36   H               -4.2413              -1.6933              -0.5284
37   H                2.1527              -2.9505              -0.8959
38   H                4.7839              -3.1096              -1.1640
39   H               10.1980               0.1017              -0.6988
40   H                8.4385               1.8376              -0.4004
41   H                6.0745               1.2392              -0.2050


Energy:                -2548.710108 Convergence criteria  Is converged 
Maximum Force:             0.002337     0.002850  Yes
RMS Force:                 0.000935     0.001900  Yes
Maximum Displacement:      0.001035     0.003150  Yes
RMS Displacement:          0.000453     0.002100  Yes

LBFGS converged at iteration 8.
Final frame written to /home/hungn/Desktop/MyRepo/MLP/MAPLE/maple/function/dispatcher/parmfit/example/PPI_torsionfit_8-15_opt.xyz
Complete trajectory written to /home/hungn/Desktop/MyRepo/MLP/MAPLE/maple/function/dispatcher/parmfit/example/PPI_torsionfit_8-15_traj.xyz

----------------------------------------------------------------------
            Scanning combination 12/73: [234.98]

======================================================================
LBFGS Parameters
======================================================================
memory:     5
curvature:  70.0
max_step:   0.2
max_iter:   256
write_traj: False
traj_every: 1
verbose:    0
======================================================================


                             Coordinates                              
----------------------------------------------------------------------
0    C               -0.7006               0.9447               0.2642
1    C               -1.3932              -0.2884               0.4193
2    C               -2.7811              -0.3796               0.3891
3    C               -3.4925               0.8354               0.4266
4    C               -2.7926               2.0723               0.3794
5    C               -1.4058               2.1612               0.2767
6    C                0.7143               0.7386               0.1516
7    C                1.1082              -0.5464               0.3501
8    S               -0.2578              -1.6143               0.5921
9    C               -4.9147               1.0357               0.5429
10   C               -5.2671               2.3374               0.5963
11   S               -3.9096               3.4095               0.4974
12   C               -0.6721               3.4728               0.2408
13   C               -3.5094              -1.6948               0.3299
14   C                2.4499              -1.0855               0.1653
15   C                2.8369              -2.1471              -0.6120
16   C                4.2397              -2.2358              -0.7818
17   C                4.9287              -1.2096              -0.1795
18   S                3.8316              -0.1706               0.6883
19   C                6.3458              -0.8739              -0.3230
20   C                7.3419              -1.8862              -0.5453
21   C                8.7346              -1.5192              -0.6682
22   C                9.1358              -0.1552              -0.6061
23   C                8.1625               0.7816              -0.4245
24   C                6.7915               0.4313              -0.2849
25   N                7.1551              -3.2009              -0.6496
26   S                8.6077              -3.8785              -0.8598
27   N                9.5473              -2.5610              -0.8460
28   H                1.4259               1.5285              -0.0692
29   H               -5.6253               0.2164               0.5897
30   H               -6.2648               2.7479               0.6903
31   H               -0.1245               3.6072              -0.7007
32   H               -1.3500               4.3220               0.3609
33   H                0.0680               3.5097               1.0498
34   H               -2.8196              -2.5292               0.1807
35   H               -4.0700              -1.8786               1.2551
36   H               -4.2359              -1.7001              -0.4929
37   H                2.1236              -2.8433              -1.0371
38   H                4.7564              -3.0165              -1.3293
39   H               10.1862               0.1004              -0.7061
40   H                8.4291               1.8340              -0.3826
41   H                6.0632               1.2270              -0.1618


Energy:                -2548.709525 Convergence criteria  Is converged 
Maximum Force:             0.002331     0.002850  Yes
RMS Force:                 0.001144     0.001900  Yes
Maximum Displacement:      0.001915     0.003150  Yes
RMS Displacement:          0.000850     0.002100  Yes

LBFGS converged at iteration 16.
Final frame written to /home/hungn/Desktop/MyRepo/MLP/MAPLE/maple/function/dispatcher/parmfit/example/PPI_torsionfit_8-15_opt.xyz
Complete trajectory written to /home/hungn/Desktop/MyRepo/MLP/MAPLE/maple/function/dispatcher/parmfit/example/PPI_torsionfit_8-15_traj.xyz

----------------------------------------------------------------------
            Scanning combination 13/73: [239.98]

======================================================================
LBFGS Parameters
======================================================================
memory:     5
curvature:  70.0
max_step:   0.2
max_iter:   256
write_traj: False
traj_every: 1
verbose:    0
======================================================================


                             Coordinates                              
----------------------------------------------------------------------
0    C               -0.6997               0.9435               0.2526
1    C               -1.3924              -0.2883               0.4136
2    C               -2.7806              -0.3797               0.3946
3    C               -3.4920               0.8353               0.4325
4    C               -2.7918               2.0719               0.3835
5    C               -1.4053               2.1606               0.2740
6    C                0.7168               0.7377               0.1467
7    C                1.1137              -0.5422               0.3813
8    S               -0.2572              -1.6116               0.5934
9    C               -4.9148               1.0355               0.5419
10   C               -5.2679               2.3373               0.5910
11   S               -3.9100               3.4091               0.4918
12   C               -0.6717               3.4723               0.2402
13   C               -3.5083              -1.6950               0.3350
14   C                2.4477              -1.1024               0.1886
15   C                2.8331              -2.1380              -0.6271
16   C                4.2358              -2.2244              -0.7995
17   C                4.9259              -1.2053              -0.1886
18   S                3.8311              -0.1777               0.6917
19   C                6.3457              -0.8752              -0.3194
20   C                7.3417              -1.8877              -0.5417
21   C                8.7344              -1.5199              -0.6669
22   C                9.1351              -0.1555              -0.6051
23   C                8.1615               0.7802              -0.4218
24   C                6.7913               0.4295              -0.2795
25   N                7.1555              -3.2024              -0.6482
26   S                8.6082              -3.8791              -0.8619
27   N                9.5472              -2.5611              -0.8475
28   H                1.4231               1.5339              -0.0709
29   H               -5.6250               0.2160               0.5901
30   H               -6.2653               2.7480               0.6882
31   H               -0.1283               3.5998              -0.7041
32   H               -1.3489               4.3227               0.3580
33   H                0.0718               3.5156               1.0466
34   H               -2.8187              -2.5291               0.1837
35   H               -4.0698              -1.8821               1.2588
36   H               -4.2338              -1.6988              -0.4884
37   H                2.1251              -2.8401              -1.0541
38   H                4.7593              -3.0130              -1.3311
39   H               10.1851               0.1012              -0.7068
40   H                8.4270               1.8327              -0.3810
41   H                6.0628               1.2251              -0.1576


Energy:                -2548.708090 Convergence criteria  Is converged 
Maximum Force:             0.002142     0.002850  Yes
RMS Force:                 0.001079     0.001900  Yes
Maximum Displacement:      0.002773     0.003150  Yes
RMS Displacement:          0.001077     0.002100  Yes

LBFGS converged at iteration 7.
Final frame written to /home/hungn/Desktop/MyRepo/MLP/MAPLE/maple/function/dispatcher/parmfit/example/PPI_torsionfit_8-15_opt.xyz
Complete trajectory written to /home/hungn/Desktop/MyRepo/MLP/MAPLE/maple/function/dispatcher/parmfit/example/PPI_torsionfit_8-15_traj.xyz

----------------------------------------------------------------------
            Scanning combination 14/73: [244.98]

======================================================================
LBFGS Parameters
======================================================================
memory:     5
curvature:  70.0
max_step:   0.2
max_iter:   256
write_traj: False
traj_every: 1
verbose:    0
======================================================================


                             Coordinates                              
----------------------------------------------------------------------
0    C               -0.6880               0.9395               0.3549
1    C               -1.3795              -0.2955               0.5004
2    C               -2.7678              -0.3882               0.5029
3    C               -3.4811               0.8264               0.4827
4    C               -2.7851               2.0623               0.3747
5    C               -1.3978               2.1504               0.2824
6    C                0.7298               0.7400               0.2795
7    C                1.1174              -0.5560               0.4062
8    S               -0.2469              -1.6283               0.6138
9    C               -4.9059               1.0269               0.5482
10   C               -5.2661               2.3260               0.4833
11   S               -3.9105               3.3967               0.3501
12   C               -0.6663               3.4511               0.1040
13   C               -3.4867              -1.7097               0.5123
14   C                2.4423              -1.0981               0.1250
15   C                2.8013              -1.9997              -0.8461
16   C                4.2051              -2.0987              -1.0206
17   C                4.9155              -1.2347              -0.2216
18   S                3.8393              -0.3326               0.8062
19   C                6.3418              -0.9140              -0.2819
20   C                7.3399              -1.9136              -0.5334
21   C                8.7276              -1.5329              -0.6640
22   C                9.1220              -0.1691              -0.5551
23   C                8.1514               0.7502              -0.2935
24   C                6.7857               0.3850              -0.1506
25   N                7.1623              -3.2295              -0.6499
26   S                8.6161              -3.8899              -0.8987
27   N                9.5456              -2.5647              -0.8779
28   H                1.4463               1.5453               0.1395
29   H               -5.6134               0.2094               0.6466
30   H               -6.2686               2.7351               0.4977
31   H               -0.1682               3.4894              -0.8738
32   H               -1.3358               4.3121               0.1766
33   H                0.1150               3.5597               0.8657
34   H               -2.7962              -2.5416               0.3526
35   H               -4.0053              -1.8791               1.4644
36   H               -4.2451              -1.7423              -0.2795
37   H                2.0727              -2.5757              -1.4067
38   H                4.6994              -2.7759              -1.7092
39   H               10.1670               0.0992              -0.6768
40   H                8.4138               1.8000              -0.1952
41   H                6.0544               1.1639               0.0408


Energy:                -2548.708523 Convergence criteria  Is converged 
Maximum Force:             0.001306     0.002850  Yes
RMS Force:                 0.000770     0.001900  Yes
Maximum Displacement:      0.001378     0.003150  Yes
RMS Displacement:          0.000875     0.002100  Yes

LBFGS converged at iteration 35.
Final frame written to /home/hungn/Desktop/MyRepo/MLP/MAPLE/maple/function/dispatcher/parmfit/example/PPI_torsionfit_8-15_opt.xyz
Complete trajectory written to /home/hungn/Desktop/MyRepo/MLP/MAPLE/maple/function/dispatcher/parmfit/example/PPI_torsionfit_8-15_traj.xyz

----------------------------------------------------------------------
            Scanning combination 15/73: [249.98]

======================================================================
LBFGS Parameters
======================================================================
memory:     5
curvature:  70.0
max_step:   0.2
max_iter:   256
write_traj: False
traj_every: 1
verbose:    0
======================================================================


                             Coordinates                              
----------------------------------------------------------------------
0    C               -0.6863               0.9369               0.3371
1    C               -1.3787              -0.2945               0.4996
2    C               -2.7674              -0.3878               0.5056
3    C               -3.4812               0.8264               0.4838
4    C               -2.7841               2.0609               0.3702
5    C               -1.3969               2.1490               0.2753
6    C                0.7318               0.7342               0.2626
7    C                1.1224              -0.5558               0.4330
8    S               -0.2474              -1.6257               0.6252
9    C               -4.9067               1.0265               0.5465
10   C               -5.2663               2.3257               0.4841
11   S               -3.9100               3.3959               0.3476
12   C               -0.6676               3.4513               0.1062
13   C               -3.4878              -1.7088               0.5154
14   C                2.4415              -1.1167               0.1472
15   C                2.7990              -1.9895              -0.8515
16   C                4.2027              -2.0859              -1.0298
17   C                4.9151              -1.2326              -0.2231
18   S                3.8414              -0.3436               0.8157
19   C                6.3427              -0.9141              -0.2804
20   C                7.3407              -1.9137              -0.5319
21   C                8.7290              -1.5341              -0.6602
22   C                9.1233              -0.1705              -0.5516
23   C                8.1526               0.7491              -0.2928
24   C                6.7868               0.3848              -0.1497
25   N                7.1622              -3.2287              -0.6573
26   S                8.6163              -3.8895              -0.9043
27   N                9.5466              -2.5650              -0.8785
28   H                1.4423               1.5431               0.1163
29   H               -5.6140               0.2084               0.6426
30   H               -6.2689               2.7351               0.5032
31   H               -0.1689               3.4899              -0.8703
32   H               -1.3383               4.3122               0.1758
33   H                0.1137               3.5619               0.8681
34   H               -2.7990              -2.5424               0.3578
35   H               -4.0059              -1.8767               1.4678
36   H               -4.2476              -1.7421              -0.2757
37   H                2.0744              -2.5652              -1.4160
38   H                4.6980              -2.7693              -1.7107
39   H               10.1687               0.0972              -0.6707
40   H                8.4147               1.7988              -0.1938
41   H                6.0547               1.1638               0.0381


Energy:                -2548.707091 Convergence criteria  Is converged 
Maximum Force:             0.002293     0.002850  Yes
RMS Force:                 0.001445     0.001900  Yes
Maximum Displacement:      0.002612     0.003150  Yes
RMS Displacement:          0.000942     0.002100  Yes

LBFGS converged at iteration 7.
Final frame written to /home/hungn/Desktop/MyRepo/MLP/MAPLE/maple/function/dispatcher/parmfit/example/PPI_torsionfit_8-15_opt.xyz
Complete trajectory written to /home/hungn/Desktop/MyRepo/MLP/MAPLE/maple/function/dispatcher/parmfit/example/PPI_torsionfit_8-15_traj.xyz

----------------------------------------------------------------------
            Scanning combination 16/73: [254.98]

======================================================================
LBFGS Parameters
======================================================================
memory:     5
curvature:  70.0
max_step:   0.2
max_iter:   256
write_traj: False
traj_every: 1
verbose:    0
======================================================================


                             Coordinates                              
----------------------------------------------------------------------
0    C               -0.6867               0.9292               0.3193
1    C               -1.3779              -0.2985               0.5192
2    C               -2.7664              -0.3917               0.5080
3    C               -3.4796               0.8218               0.4677
4    C               -2.7827               2.0553               0.3453
5    C               -1.3954               2.1416               0.2474
6    C                0.7292               0.7199               0.2235
7    C                1.1225              -0.5608               0.4478
8    S               -0.2423              -1.6206               0.7099
9    C               -4.9042               1.0243               0.5409
10   C               -5.2619               2.3244               0.4857
11   S               -3.9056               3.3922               0.3386
12   C               -0.6678               3.4483               0.0955
13   C               -3.4907              -1.7096               0.5327
14   C                2.4440              -1.1218               0.1703
15   C                2.7960              -1.9590              -0.8577
16   C                4.1989              -2.0611              -1.0402
17   C                4.9173              -1.2420              -0.2028
18   S                3.8494              -0.3969               0.8808
19   C                6.3442              -0.9165              -0.2748
20   C                7.3408              -1.9143              -0.5377
21   C                8.7307              -1.5366              -0.6540
22   C                9.1272              -0.1751              -0.5331
23   C                8.1556               0.7460              -0.2817
24   C                6.7881               0.3825              -0.1468
25   N                7.1591              -3.2271              -0.6820
26   S                8.6127              -3.8886              -0.9289
27   N                9.5470              -2.5675              -0.8777
28   H                1.4435               1.5117               0.0152
29   H               -5.6126               0.2076               0.6368
30   H               -6.2631               2.7352               0.5200
31   H               -0.1536               3.5069              -0.8724
32   H               -1.3460               4.3028               0.1678
33   H                0.0993               3.5525               0.8729
34   H               -2.8060              -2.5476               0.3816
35   H               -4.0064              -1.8634               1.4887
36   H               -4.2539              -1.7464              -0.2546
37   H                2.0607              -2.5011              -1.4425
38   H                4.6845              -2.7041              -1.7662
39   H               10.1746               0.0902              -0.6405
40   H                8.4196               1.7951              -0.1826
41   H                6.0552               1.1617               0.0370


Energy:                -2548.705787 Convergence criteria  Is converged 
Maximum Force:             0.001318     0.002850  Yes
RMS Force:                 0.000706     0.001900  Yes
Maximum Displacement:      0.001429     0.003150  Yes
RMS Displacement:          0.000780     0.002100  Yes

LBFGS converged at iteration 15.
Final frame written to /home/hungn/Desktop/MyRepo/MLP/MAPLE/maple/function/dispatcher/parmfit/example/PPI_torsionfit_8-15_opt.xyz
Complete trajectory written to /home/hungn/Desktop/MyRepo/MLP/MAPLE/maple/function/dispatcher/parmfit/example/PPI_torsionfit_8-15_traj.xyz

----------------------------------------------------------------------
            Scanning combination 17/73: [259.98]

======================================================================
LBFGS Parameters
======================================================================
memory:     5
curvature:  70.0
max_step:   0.2
max_iter:   256
write_traj: False
traj_every: 1
verbose:    0
======================================================================


                             Coordinates                              
----------------------------------------------------------------------
0    C               -0.6855               0.9272               0.3055
1    C               -1.3766              -0.2983               0.5163
2    C               -2.7654              -0.3915               0.5117
3    C               -3.4791               0.8216               0.4700
4    C               -2.7818               2.0549               0.3462
5    C               -1.3946               2.1402               0.2420
6    C                0.7307               0.7179               0.2141
7    C                1.1300              -0.5556               0.4742
8    S               -0.2416              -1.6170               0.7232
9    C               -4.9044               1.0237               0.5400
10   C               -5.2626               2.3240               0.4832
11   S               -3.9059               3.3915               0.3333
12   C               -0.6676               3.4472               0.0939
13   C               -3.4898              -1.7100               0.5386
14   C                2.4399              -1.1410               0.1866
15   C                2.7932              -1.9482              -0.8670
16   C                4.1952              -2.0455              -1.0540
17   C                4.9149              -1.2385              -0.2080
18   S                3.8505              -0.4074               0.8871
19   C                6.3434              -0.9180              -0.2728
20   C                7.3404              -1.9161              -0.5365
21   C                8.7304              -1.5375              -0.6524
22   C                9.1272              -0.1761              -0.5294
23   C                8.1549               0.7446              -0.2773
24   C                6.7877               0.3799              -0.1424
25   N                7.1592              -3.2285              -0.6838
26   S                8.6130              -3.8889              -0.9337
27   N                9.5469              -2.5677              -0.8791
28   H                1.4397               1.5133              -0.0021
29   H               -5.6129               0.2072               0.6374
30   H               -6.2636               2.7357               0.5209
31   H               -0.1538               3.5026              -0.8739
32   H               -1.3444               4.3028               0.1659
33   H                0.0992               3.5539               0.8714
34   H               -2.8050              -2.5480               0.3866
35   H               -4.0071              -1.8647               1.4940
36   H               -4.2522              -1.7469              -0.2496
37   H                2.0626              -2.4914              -1.4577
38   H                4.6849              -2.6954              -1.7713
39   H               10.1743               0.0899              -0.6364
40   H                8.4183               1.7939              -0.1790
41   H                6.0548               1.1596               0.0405


Energy:                -2548.703848 Convergence criteria  Is converged 
Maximum Force:             0.002097     0.002850  Yes
RMS Force:                 0.000999     0.001900  Yes
Maximum Displacement:      0.001806     0.003150  Yes
RMS Displacement:          0.000616     0.002100  Yes

LBFGS converged at iteration 8.
Final frame written to /home/hungn/Desktop/MyRepo/MLP/MAPLE/maple/function/dispatcher/parmfit/example/PPI_torsionfit_8-15_opt.xyz
Complete trajectory written to /home/hungn/Desktop/MyRepo/MLP/MAPLE/maple/function/dispatcher/parmfit/example/PPI_torsionfit_8-15_traj.xyz

----------------------------------------------------------------------
            Scanning combination 18/73: [264.98]

======================================================================
LBFGS Parameters
======================================================================
memory:     5
curvature:  70.0
max_step:   0.2
max_iter:   256
write_traj: False
traj_every: 1
verbose:    0
======================================================================


                             Coordinates                              
----------------------------------------------------------------------
0    C               -0.6881               0.9237               0.3434
1    C               -1.3655              -0.2964               0.6159
2    C               -2.7542              -0.3941               0.6527
3    C               -3.4740               0.8131               0.5388
4    C               -2.7852               2.0380               0.3132
5    C               -1.4003               2.1263               0.2107
6    C                0.7217               0.7182               0.1999
7    C                1.1207              -0.5617               0.3990
8    S               -0.2179              -1.6115               0.7887
9    C               -4.9005               1.0123               0.5824
10   C               -5.2673               2.2983               0.3991
11   S               -3.9157               3.3605               0.1750
12   C               -0.6670               3.4115              -0.0484
13   C               -3.4622              -1.7176               0.7717
14   C                2.4318              -1.1056               0.0432
15   C                2.7836              -1.7717              -1.1021
16   C                4.1887              -1.8794              -1.2684
17   C                4.9025              -1.2484              -0.2796
18   S                3.8299              -0.5597               0.8989
19   C                6.3374              -0.9566              -0.2429
20   C                7.3307              -1.9432              -0.5501
21   C                8.7223              -1.5631              -0.6300
22   C                9.1235              -0.2157              -0.4074
23   C                8.1570               0.6853              -0.0747
24   C                6.7886               0.3177               0.0233
25   N                7.1457              -3.2446              -0.7696
26   S                8.6003              -3.8938              -1.0473
27   N                9.5380              -2.5803              -0.9136
28   H                1.4188               1.5172              -0.0353
29   H               -5.6033               0.2017               0.7519
30   H               -6.2717               2.7043               0.3794
31   H               -0.1742               3.3825              -1.0283
32   H               -1.3296               4.2803              -0.0310
33   H                0.1222               3.5625               0.6983
34   H               -2.7661              -2.5531               0.6604
35   H               -3.9580              -1.8227               1.7448
36   H               -4.2368              -1.8233               0.0009
37   H                2.0545              -2.1859              -1.7899
38   H                4.6659              -2.3779              -2.1040
39   H               10.1717               0.0536              -0.4861
40   H                8.4238               1.7205               0.1187
41   H                6.0553               1.0777               0.2749


Energy:                -2548.703856 Convergence criteria  Is converged 
Maximum Force:             0.002715     0.002850  Yes
RMS Force:                 0.001513     0.001900  Yes
Maximum Displacement:      0.001819     0.003150  Yes
RMS Displacement:          0.001050     0.002100  Yes

LBFGS converged at iteration 33.
Final frame written to /home/hungn/Desktop/MyRepo/MLP/MAPLE/maple/function/dispatcher/parmfit/example/PPI_torsionfit_8-15_opt.xyz
Complete trajectory written to /home/hungn/Desktop/MyRepo/MLP/MAPLE/maple/function/dispatcher/parmfit/example/PPI_torsionfit_8-15_traj.xyz

----------------------------------------------------------------------
            Scanning combination 19/73: [269.98]

======================================================================
LBFGS Parameters
======================================================================
memory:     5
curvature:  70.0
max_step:   0.2
max_iter:   256
write_traj: False
traj_every: 1
verbose:    0
======================================================================


                             Coordinates                              
----------------------------------------------------------------------
0    C               -0.6882               0.9209               0.3228
1    C               -1.3672              -0.2965               0.6047
2    C               -2.7547              -0.3935               0.6482
3    C               -3.4749               0.8115               0.5309
4    C               -2.7862               2.0383               0.3156
5    C               -1.4012               2.1251               0.2019
6    C                0.7226               0.7121               0.1867
7    C                1.1257              -0.5622               0.4248
8    S               -0.2225              -1.6083               0.8067
9    C               -4.9011               1.0100               0.5807
10   C               -5.2676               2.2968               0.4070
11   S               -3.9187               3.3592               0.1750
12   C               -0.6711               3.4131              -0.0515
13   C               -3.4635              -1.7148               0.7795
14   C                2.4271              -1.1279               0.0624
15   C                2.7825              -1.7610              -1.1040
16   C                4.1879              -1.8623              -1.2754
17   C                4.9028              -1.2474              -0.2782
18   S                3.8320              -0.5788               0.9136
19   C                6.3383              -0.9564              -0.2500
20   C                7.3318              -1.9425              -0.5576
21   C                8.7250              -1.5643              -0.6274
22   C                9.1274              -0.2186              -0.3946
23   C                8.1598               0.6840              -0.0690
24   C                6.7895               0.3178               0.0155
25   N                7.1459              -3.2440              -0.7783
26   S                8.6005              -3.8938              -1.0555
27   N                9.5394              -2.5820              -0.9121
28   H                1.4237               1.5046              -0.0634
29   H               -5.6048               0.2003               0.7484
30   H               -6.2721               2.7009               0.3866
31   H               -0.1748               3.3892              -1.0303
32   H               -1.3379               4.2789              -0.0295
33   H                0.1128               3.5655               0.7004
34   H               -2.7692              -2.5518               0.6692
35   H               -3.9623              -1.8162               1.7519
36   H               -4.2372              -1.8129               0.0081
37   H                2.0599              -2.1691              -1.8031
38   H                4.6765              -2.3730              -2.0976
39   H               10.1755               0.0509              -0.4810
40   H                8.4278               1.7189               0.1238
41   H                6.0581               1.0783               0.2707


Energy:                -2548.702556 Convergence criteria  Is converged 
Maximum Force:             0.002224     0.002850  Yes
RMS Force:                 0.001292     0.001900  Yes
Maximum Displacement:      0.002752     0.003150  Yes
RMS Displacement:          0.001316     0.002100  Yes

LBFGS converged at iteration 9.
Final frame written to /home/hungn/Desktop/MyRepo/MLP/MAPLE/maple/function/dispatcher/parmfit/example/PPI_torsionfit_8-15_opt.xyz
Complete trajectory written to /home/hungn/Desktop/MyRepo/MLP/MAPLE/maple/function/dispatcher/parmfit/example/PPI_torsionfit_8-15_traj.xyz

----------------------------------------------------------------------
            Scanning combination 20/73: [274.98]

======================================================================
LBFGS Parameters
======================================================================
memory:     5
curvature:  70.0
max_step:   0.2
max_iter:   256
write_traj: False
traj_every: 1
verbose:    0
======================================================================


                             Coordinates                              
----------------------------------------------------------------------
0    C               -0.6903               0.9107               0.2942
1    C               -1.3667              -0.2981               0.6199
2    C               -2.7546              -0.3954               0.6475
3    C               -3.4750               0.8076               0.5155
4    C               -2.7875               2.0319               0.2900
5    C               -1.4026               2.1160               0.1657
6    C                0.7173               0.6885               0.1371
7    C                1.1235              -0.5725               0.4290
8    S               -0.2149              -1.5925               0.9005
9    C               -4.9006               1.0058               0.5771
10   C               -5.2680               2.2948               0.4175
11   S               -3.9194               3.3564               0.1802
12   C               -0.6794               3.4131              -0.0674
13   C               -3.4701              -1.7092               0.7978
14   C                2.4320              -1.1390               0.0791
15   C                2.7882              -1.7265              -1.1089
16   C                4.1930              -1.8387              -1.2760
17   C                4.9093              -1.2645              -0.2559
18   S                3.8386              -0.6669               0.9761
19   C                6.3439              -0.9585              -0.2438
20   C                7.3348              -1.9411              -0.5665
21   C                8.7298              -1.5683              -0.6210
22   C                9.1351              -0.2261              -0.3752
23   C                8.1674               0.6789              -0.0577
24   C                6.7947               0.3170               0.0171
25   N                7.1438              -3.2374              -0.8137
26   S                8.5977              -3.8906              -1.0845
27   N                9.5419              -2.5866              -0.9093
28   H                1.4191               1.4606              -0.1685
29   H               -5.6031               0.1953               0.7425
30   H               -6.2725               2.6989               0.4141
31   H               -0.1704               3.4181              -1.0400
32   H               -1.3595               4.2684              -0.0375
33   H                0.0910               3.5645               0.6992
34   H               -2.7831              -2.5528               0.6980
35   H               -3.9652              -1.7858               1.7738
36   H               -4.2489              -1.8131               0.0325
37   H                2.0656              -2.0880              -1.8329
38   H                4.6727              -2.3066              -2.1288
39   H               10.1862               0.0376              -0.4434
40   H                8.4393               1.7114               0.1418
41   H                6.0642               1.0818               0.2611


Energy:                -2548.701420 Convergence criteria  Is converged 
Maximum Force:             0.001509     0.002850  Yes
RMS Force:                 0.000838     0.001900  Yes
Maximum Displacement:      0.001435     0.003150  Yes
RMS Displacement:          0.000510     0.002100  Yes

LBFGS converged at iteration 14.
Final frame written to /home/hungn/Desktop/MyRepo/MLP/MAPLE/maple/function/dispatcher/parmfit/example/PPI_torsionfit_8-15_opt.xyz
Complete trajectory written to /home/hungn/Desktop/MyRepo/MLP/MAPLE/maple/function/dispatcher/parmfit/example/PPI_torsionfit_8-15_traj.xyz

----------------------------------------------------------------------
            Scanning combination 21/73: [279.98]

======================================================================
LBFGS Parameters
======================================================================
memory:     5
curvature:  70.0
max_step:   0.2
max_iter:   256
write_traj: False
traj_every: 1
verbose:    0
======================================================================


                             Coordinates                              
----------------------------------------------------------------------
0    C               -0.7006               0.9071               0.2799
1    C               -1.3633              -0.2923               0.6615
2    C               -2.7515              -0.3969               0.6910
3    C               -3.4778               0.8006               0.5246
4    C               -2.7946               2.0225               0.2714
5    C               -1.4122               2.1100               0.1445
6    C                0.6983               0.6869               0.0747
7    C                1.1243              -0.5576               0.4045
8    S               -0.1915              -1.5668               0.9627
9    C               -4.9034               1.0010               0.5877
10   C               -5.2707               2.2884               0.4130
11   S               -3.9255               3.3443               0.1383
12   C               -0.6864               3.4018              -0.1050
13   C               -3.4616              -1.7131               0.8592
14   C                2.4378              -1.1152               0.0568
15   C                2.7949              -1.6460              -1.1557
16   C                4.1996              -1.7662              -1.3191
17   C                4.9123              -1.2864              -0.2503
18   S                3.8400              -0.7591               1.0138
19   C                6.3489              -0.9899              -0.2181
20   C                7.3424              -1.9636              -0.5574
21   C                8.7365              -1.5844              -0.6051
22   C                9.1372              -0.2461              -0.3294
23   C                8.1653               0.6529              -0.0069
24   C                6.7944               0.2835               0.0602
25   N                7.1538              -3.2529              -0.8386
26   S                8.6091              -3.8924              -1.1385
27   N                9.5503              -2.5907              -0.9290
28   H                1.3639               1.4487              -0.3216
29   H               -5.6074               0.1933               0.7619
30   H               -6.2720               2.6997               0.4347
31   H               -0.1816               3.3939              -1.0794
32   H               -1.3602               4.2619              -0.0810
33   H                0.0894               3.5539               0.6556
34   H               -2.7697              -2.5548               0.7709
35   H               -3.9601              -1.7848               1.8342
36   H               -4.2379              -1.8290               0.0922
37   H                2.0660              -1.9496              -1.8985
38   H                4.6831              -2.1636              -2.2043
39   H               10.1882               0.0208              -0.3851
40   H                8.4301               1.6875               0.1935
41   H                6.0594               1.0412               0.3124


Energy:                -2548.700536 Convergence criteria  Is converged 
Maximum Force:             0.001716     0.002850  Yes
RMS Force:                 0.000980     0.001900  Yes
Maximum Displacement:      0.001122     0.003150  Yes
RMS Displacement:          0.000618     0.002100  Yes

LBFGS converged at iteration 17.
Final frame written to /home/hungn/Desktop/MyRepo/MLP/MAPLE/maple/function/dispatcher/parmfit/example/PPI_torsionfit_8-15_opt.xyz
Complete trajectory written to /home/hungn/Desktop/MyRepo/MLP/MAPLE/maple/function/dispatcher/parmfit/example/PPI_torsionfit_8-15_traj.xyz

----------------------------------------------------------------------
            Scanning combination 22/73: [284.98]

======================================================================
LBFGS Parameters
======================================================================
memory:     5
curvature:  70.0
max_step:   0.2
max_iter:   256
write_traj: False
traj_every: 1
verbose:    0
======================================================================


                             Coordinates                              
----------------------------------------------------------------------
0    C               -0.6996               0.9058               0.2610
1    C               -1.3622              -0.2900               0.6513
2    C               -2.7501              -0.3934               0.6939
3    C               -3.4783               0.8030               0.5344
4    C               -2.7962               2.0238               0.2736
5    C               -1.4141               2.1088               0.1317
6    C                0.7018               0.6854               0.0681
7    C                1.1328              -0.5529               0.4232
8    S               -0.1927              -1.5601               0.9716
9    C               -4.9051               0.9992               0.5950
10   C               -5.2762               2.2845               0.4123
11   S               -3.9312               3.3440               0.1455
12   C               -0.6902               3.4027              -0.1118
13   C               -3.4585              -1.7096               0.8672
14   C                2.4302              -1.1405               0.0594
15   C                2.7941              -1.6357              -1.1695
16   C                4.1993              -1.7538              -1.3296
17   C                4.9104              -1.2811              -0.2569
18   S                3.8376              -0.7799               1.0140
19   C                6.3481              -0.9896              -0.2175
20   C                7.3413              -1.9629              -0.5607
21   C                8.7363              -1.5855              -0.6067
22   C                9.1382              -0.2480              -0.3305
23   C                8.1673               0.6481               0.0011
24   C                6.7958               0.2807               0.0690
25   N                7.1523              -3.2513              -0.8454
26   S                8.6083              -3.8938              -1.1362
27   N                9.5504              -2.5933              -0.9243
28   H                1.3647               1.4531              -0.3235
29   H               -5.6064               0.1904               0.7749
30   H               -6.2798               2.6914               0.4238
31   H               -0.1884               3.3923              -1.0868
32   H               -1.3645               4.2628              -0.0876
33   H                0.0880               3.5563               0.6469
34   H               -2.7659              -2.5508               0.7823
35   H               -3.9549              -1.7756               1.8433
36   H               -4.2362              -1.8338               0.1028
37   H                2.0775              -1.9277              -1.9296
38   H                4.6872              -2.1613              -2.2070
39   H               10.1894               0.0187              -0.3833
40   H                8.4342               1.6789               0.2154
41   H                6.0624               1.0395               0.3217


Energy:                -2548.699159 Convergence criteria  Is converged 
Maximum Force:             0.002618     0.002850  Yes
RMS Force:                 0.001266     0.001900  Yes
Maximum Displacement:      0.002156     0.003150  Yes
RMS Displacement:          0.001201     0.002100  Yes

LBFGS converged at iteration 9.
Final frame written to /home/hungn/Desktop/MyRepo/MLP/MAPLE/maple/function/dispatcher/parmfit/example/PPI_torsionfit_8-15_opt.xyz
Complete trajectory written to /home/hungn/Desktop/MyRepo/MLP/MAPLE/maple/function/dispatcher/parmfit/example/PPI_torsionfit_8-15_traj.xyz

----------------------------------------------------------------------
            Scanning combination 23/73: [289.98]

======================================================================
LBFGS Parameters
======================================================================
memory:     5
curvature:  70.0
max_step:   0.2
max_iter:   256
write_traj: False
traj_every: 1
verbose:    0
======================================================================


                             Coordinates                              
----------------------------------------------------------------------
0    C               -0.8562               1.0183              -0.1737
1    C               -1.2677              -0.1481               0.5277
2    C               -2.5664              -0.3212               1.0024
3    C               -3.4794               0.7244               0.7517
4    C               -3.0431               1.9133               0.1037
5    C               -1.7321               2.1067              -0.3219
6    C                0.4995               0.9094              -0.6293
7    C                1.1244              -0.2344              -0.2602
8    S                0.0688              -1.2777               0.6622
9    C               -4.8830               0.7864               1.0766
10   C               -5.4666               1.9480               0.7100
11   S               -4.3621               3.0476              -0.0510
12   C               -1.2290               3.3986              -0.8961
13   C               -2.9925              -1.5605               1.7440
14   C                2.5073              -0.5989              -0.5897
15   C                3.0079              -0.9392              -1.8199
16   C                4.4120              -1.1621              -1.8118
17   C                4.9899              -0.9475              -0.5827
18   S                3.7740              -0.5188               0.5892
19   C                6.4114              -0.9719              -0.2182
20   C                7.3365              -1.8996              -0.8110
21   C                8.7165              -1.9264              -0.3794
22   C                9.1932              -1.0095               0.5980
23   C                8.2973              -0.1241               1.1179
24   C                6.9312              -0.1070               0.7217
25   N                7.0837              -2.8184              -1.7426
26   S                8.4557              -3.6292              -2.0074
27   N                9.4465              -2.8662              -0.9810
28   H                0.9916               1.6820              -1.2099
29   H               -5.4127              -0.0280               1.5615
30   H               -6.5020               2.2386               0.8441
31   H               -0.8989               3.2676              -1.9339
32   H               -1.9871               4.1854              -0.8762
33   H               -0.3564               3.7403              -0.3256
34   H               -2.1439              -2.2205               1.9381
35   H               -3.4510              -1.3102               2.7093
36   H               -3.7379              -2.1280               1.1716
37   H                2.3816              -1.0284              -2.6996
38   H                5.0006              -1.4886              -2.6632
39   H               10.2374              -1.0286               0.8953
40   H                8.6228               0.5920               1.8669
41   H                6.2752               0.6334               1.1689


Energy:                -2548.709526 Convergence criteria  Is converged 
Maximum Force:             0.002419     0.002850  Yes
RMS Force:                 0.001385     0.001900  Yes
Maximum Displacement:      0.002836     0.003150  Yes
RMS Displacement:          0.001468     0.002100  Yes

LBFGS converged at iteration 75.
Final frame written to /home/hungn/Desktop/MyRepo/MLP/MAPLE/maple/function/dispatcher/parmfit/example/PPI_torsionfit_8-15_opt.xyz
Complete trajectory written to /home/hungn/Desktop/MyRepo/MLP/MAPLE/maple/function/dispatcher/parmfit/example/PPI_torsionfit_8-15_traj.xyz

----------------------------------------------------------------------
            Scanning combination 24/73: [294.98]

======================================================================
LBFGS Parameters
======================================================================
memory:     5
curvature:  70.0
max_step:   0.2
max_iter:   256
write_traj: False
traj_every: 1
verbose:    0
======================================================================


                             Coordinates                              
----------------------------------------------------------------------
0    C               -0.8522               1.0162              -0.1880
1    C               -1.2633              -0.1498               0.5171
2    C               -2.5577              -0.3241               1.0018
3    C               -3.4723               0.7203               0.7558
4    C               -3.0360               1.9093               0.1082
5    C               -1.7286               2.1044              -0.3308
6    C                0.5094               0.9166              -0.6311
7    C                1.1404              -0.2166              -0.2347
8    S                0.0789              -1.2657               0.6788
9    C               -4.8765               0.7811               1.0803
10   C               -5.4586               1.9419               0.7123
11   S               -4.3559               3.0405              -0.0489
12   C               -1.2356               3.4019              -0.9058
13   C               -2.9906              -1.5610               1.7429
14   C                2.5085              -0.6160              -0.5758
15   C                3.0094              -0.9274              -1.8143
16   C                4.4127              -1.1462              -1.8090
17   C                4.9895              -0.9569              -0.5759
18   S                3.7760              -0.5552               0.6049
19   C                6.4084              -0.9854              -0.2119
20   C                7.3325              -1.9098              -0.8061
21   C                8.7138              -1.9273              -0.3820
22   C                9.1865              -1.0082               0.5968
23   C                8.2908              -0.1248               1.1178
24   C                6.9246              -0.1143               0.7250
25   N                7.0803              -2.8259              -1.7410
26   S                8.4584              -3.6217              -2.0198
27   N                9.4491              -2.8562              -0.9944
28   H                0.9968               1.6892              -1.2174
29   H               -5.4110              -0.0286               1.5687
30   H               -6.4936               2.2340               0.8428
31   H               -0.9126               3.2704              -1.9455
32   H               -1.9995               4.1830              -0.8809
33   H               -0.3641               3.7634              -0.3448
34   H               -2.1538              -2.2346               1.9433
35   H               -3.4542              -1.2950               2.7013
36   H               -3.7395              -2.1227               1.1695
37   H                2.3829              -1.0232              -2.6931
38   H                4.9976              -1.4619              -2.6653
39   H               10.2298              -1.0361               0.8965
40   H                8.6139               0.5983               1.8623
41   H                6.2625               0.6232               1.1666


Energy:                -2548.709325 Convergence criteria  Is converged 
Maximum Force:             0.002331     0.002850  Yes
RMS Force:                 0.001319     0.001900  Yes
Maximum Displacement:      0.002476     0.003150  Yes
RMS Displacement:          0.001200     0.002100  Yes

LBFGS converged at iteration 10.
Final frame written to /home/hungn/Desktop/MyRepo/MLP/MAPLE/maple/function/dispatcher/parmfit/example/PPI_torsionfit_8-15_opt.xyz
Complete trajectory written to /home/hungn/Desktop/MyRepo/MLP/MAPLE/maple/function/dispatcher/parmfit/example/PPI_torsionfit_8-15_traj.xyz

----------------------------------------------------------------------
            Scanning combination 25/73: [299.98]

======================================================================
LBFGS Parameters
======================================================================
memory:     5
curvature:  70.0
max_step:   0.2
max_iter:   256
write_traj: False
traj_every: 1
verbose:    0
======================================================================


                             Coordinates                              
----------------------------------------------------------------------
0    C               -0.8451               1.0214              -0.1819
1    C               -1.2507              -0.1329               0.5467
2    C               -2.5527              -0.3186               1.0013
3    C               -3.4662               0.7219               0.7425
4    C               -3.0356               1.9098               0.0923
5    C               -1.7287               2.1033              -0.3470
6    C                0.5125               0.9052              -0.6346
7    C                1.1473              -0.2168              -0.2097
8    S                0.0967              -1.2360               0.7447
9    C               -4.8640               0.7826               1.0812
10   C               -5.4527               1.9418               0.7195
11   S               -4.3568               3.0427              -0.0495
12   C               -1.2519               3.4011              -0.9337
13   C               -2.9908              -1.5569               1.7365
14   C                2.5084              -0.6344              -0.5535
15   C                3.0088              -0.8979              -1.8033
16   C                4.4107              -1.1284              -1.8061
17   C                4.9842              -0.9942              -0.5643
18   S                3.7704              -0.6514               0.6337
19   C                6.4048              -1.0048              -0.2076
20   C                7.3339              -1.9181              -0.8090
21   C                8.7167              -1.9274              -0.3879
22   C                9.1845              -1.0117               0.5964
23   C                8.2831              -0.1352               1.1196
24   C                6.9168              -0.1311               0.7283
25   N                7.0839              -2.8337              -1.7449
26   S                8.4675              -3.6162              -2.0332
27   N                9.4567              -2.8463              -1.0092
28   H                1.0028               1.6666              -1.2342
29   H               -5.3818              -0.0329               1.5751
30   H               -6.4905               2.2228               0.8510
31   H               -0.9367               3.2805              -1.9772
32   H               -2.0293               4.1696              -0.9061
33   H               -0.3801               3.7637              -0.3744
34   H               -2.1528              -2.2262               1.9429
35   H               -3.4509              -1.2969               2.6973
36   H               -3.7441              -2.1138               1.1633
37   H                2.3772              -0.9461              -2.6832
38   H                5.0014              -1.3942              -2.6768
39   H               10.2282              -1.0242               0.8957
40   H                8.6085               0.5893               1.8603
41   H                6.2538               0.6029               1.1752


Energy:                -2548.708995 Convergence criteria  Is converged 
Maximum Force:             0.002134     0.002850  Yes
RMS Force:                 0.001183     0.001900  Yes
Maximum Displacement:      0.001711     0.003150  Yes
RMS Displacement:          0.000843     0.002100  Yes

LBFGS converged at iteration 11.
Final frame written to /home/hungn/Desktop/MyRepo/MLP/MAPLE/maple/function/dispatcher/parmfit/example/PPI_torsionfit_8-15_opt.xyz
Complete trajectory written to /home/hungn/Desktop/MyRepo/MLP/MAPLE/maple/function/dispatcher/parmfit/example/PPI_torsionfit_8-15_traj.xyz

----------------------------------------------------------------------
            Scanning combination 26/73: [304.98]

======================================================================
LBFGS Parameters
======================================================================
memory:     5
curvature:  70.0
max_step:   0.2
max_iter:   256
write_traj: False
traj_every: 1
verbose:    0
======================================================================


                             Coordinates                              
----------------------------------------------------------------------
0    C               -0.8464               1.0175              -0.1913
1    C               -1.2521              -0.1330               0.5437
2    C               -2.5498              -0.3159               1.0113
3    C               -3.4663               0.7223               0.7550
4    C               -3.0344               1.9059               0.0960
5    C               -1.7287               2.1001              -0.3523
6    C                0.5135               0.9036              -0.6362
7    C                1.1555              -0.2050              -0.1870
8    S                0.0981              -1.2275               0.7615
9    C               -4.8687               0.7795               1.0849
10   C               -5.4553               1.9366               0.7140
11   S               -4.3578               3.0338              -0.0570
12   C               -1.2516               3.3982              -0.9430
13   C               -2.9876              -1.5556               1.7430
14   C                2.5044              -0.6457              -0.5467
15   C                3.0104              -0.8730              -1.8024
16   C                4.4108              -1.1081              -1.8055
17   C                4.9844              -0.9955              -0.5619
18   S                3.7697              -0.6742               0.6403
19   C                6.4048              -1.0160              -0.2022
20   C                7.3353              -1.9253              -0.8071
21   C                8.7189              -1.9285              -0.3898
22   C                9.1859              -1.0083               0.5909
23   C                8.2832              -0.1351               1.1196
24   C                6.9151              -0.1410               0.7332
25   N                7.0883              -2.8375              -1.7474
26   S                8.4747              -3.6146              -2.0387
27   N                9.4617              -2.8454              -1.0119
28   H                1.0022               1.6575              -1.2467
29   H               -5.3959              -0.0316               1.5788
30   H               -6.4887               2.2297               0.8550
31   H               -0.9396               3.2676              -1.9866
32   H               -2.0247               4.1700              -0.9107
33   H               -0.3809               3.7783              -0.3928
34   H               -2.1558              -2.2365               1.9377
35   H               -3.4541              -1.2927               2.7008
36   H               -3.7354              -2.1093               1.1615
37   H                2.3831              -0.9169              -2.6854
38   H                4.9960              -1.3762              -2.6777
39   H               10.2301              -1.0299               0.8879
40   H                8.6011               0.5889               1.8653
41   H                6.2440               0.5878               1.1765


Energy:                -2548.708268 Convergence criteria  Is converged 
Maximum Force:             0.002026     0.002850  Yes
RMS Force:                 0.001368     0.001900  Yes
Maximum Displacement:      0.001801     0.003150  Yes
RMS Displacement:          0.000904     0.002100  Yes

LBFGS converged at iteration 9.
Final frame written to /home/hungn/Desktop/MyRepo/MLP/MAPLE/maple/function/dispatcher/parmfit/example/PPI_torsionfit_8-15_opt.xyz
Complete trajectory written to /home/hungn/Desktop/MyRepo/MLP/MAPLE/maple/function/dispatcher/parmfit/example/PPI_torsionfit_8-15_traj.xyz

----------------------------------------------------------------------
            Scanning combination 27/73: [309.98]

======================================================================
LBFGS Parameters
======================================================================
memory:     5
curvature:  70.0
max_step:   0.2
max_iter:   256
write_traj: False
traj_every: 1
verbose:    0
======================================================================


                             Coordinates                              
----------------------------------------------------------------------
0    C               -0.8432               1.0164              -0.1784
1    C               -1.2392              -0.1106               0.5971
2    C               -2.5474              -0.3075               1.0297
3    C               -3.4652               0.7249               0.7538
4    C               -3.0382               1.8998               0.0772
5    C               -1.7336               2.0881              -0.3726
6    C                0.5081               0.8831              -0.6425
7    C                1.1580              -0.2101              -0.1651
8    S                0.1284              -1.1724               0.8705
9    C               -4.8640               0.7874               1.0899
10   C               -5.4536               1.9411               0.7121
11   S               -4.3598               3.0321              -0.0729
12   C               -1.2653               3.3760              -0.9899
13   C               -2.9898              -1.5521               1.7514
14   C                2.5097              -0.6390              -0.5229
15   C                3.0181              -0.7893              -1.7885
16   C                4.4138              -1.0541              -1.8035
17   C                4.9802              -1.0437              -0.5512
18   S                3.7583              -0.8168               0.6661
19   C                6.4029              -1.0518              -0.1935
20   C                7.3411              -1.9434              -0.8111
21   C                8.7277              -1.9317              -0.4022
22   C                9.1873              -1.0118               0.5825
23   C                8.2759              -0.1571               1.1252
24   C                6.9059              -0.1791               0.7485
25   N                7.0980              -2.8547              -1.7536
26   S                8.4926              -3.6130              -2.0582
27   N                9.4776              -2.8358              -1.0347
28   H                0.9803               1.6052              -1.3021
29   H               -5.3821              -0.0204               1.5964
30   H               -6.4885               2.2282               0.8505
31   H               -0.9637               3.2375              -2.0360
32   H               -2.0397               4.1472              -0.9571
33   H               -0.3911               3.7555              -0.4462
34   H               -2.1574              -2.2339               1.9377
35   H               -3.4534              -1.3002               2.7136
36   H               -3.7393              -2.1024               1.1685
37   H                2.3922              -0.7388              -2.6719
38   H                5.0036              -1.2435              -2.6939
39   H               10.2322              -1.0126               0.8764
40   H                8.5915               0.5661               1.8723
41   H                6.2283               0.5358               1.2047


Energy:                -2548.708161 Convergence criteria  Is converged 
Maximum Force:             0.002032     0.002850  Yes
RMS Force:                 0.001188     0.001900  Yes
Maximum Displacement:      0.002183     0.003150  Yes
RMS Displacement:          0.000718     0.002100  Yes

LBFGS converged at iteration 15.
Final frame written to /home/hungn/Desktop/MyRepo/MLP/MAPLE/maple/function/dispatcher/parmfit/example/PPI_torsionfit_8-15_opt.xyz
Complete trajectory written to /home/hungn/Desktop/MyRepo/MLP/MAPLE/maple/function/dispatcher/parmfit/example/PPI_torsionfit_8-15_traj.xyz

----------------------------------------------------------------------
            Scanning combination 28/73: [314.98]

======================================================================
LBFGS Parameters
======================================================================
memory:     5
curvature:  70.0
max_step:   0.2
max_iter:   256
write_traj: False
traj_every: 1
verbose:    0
======================================================================


                             Coordinates                              
----------------------------------------------------------------------
0    C               -0.8584               1.0005              -0.1878
1    C               -1.2464              -0.1269               0.5923
2    C               -2.5386              -0.2976               1.0830
3    C               -3.4677               0.7233               0.7943
4    C               -3.0659               1.8607               0.0409
5    C               -1.7759               2.0323              -0.4542
6    C                0.5077               0.9027              -0.6087
7    C                1.1540              -0.2107              -0.1756
8    S                0.1148              -1.2110               0.8142
9    C               -4.8602               0.8002               1.1614
10   C               -5.4675               1.9222               0.7208
11   S               -4.4065               2.9585              -0.1740
12   C               -1.3532               3.2417              -1.2396
13   C               -2.9616              -1.5043               1.8778
14   C                2.5350              -0.5523              -0.5029
15   C                3.0985              -0.4706              -1.7519
16   C                4.4874              -0.7579              -1.7569
17   C                4.9901              -1.0266              -0.5091
18   S                3.7230              -0.9980               0.6801
19   C                6.4016              -1.1289              -0.1268
20   C                7.3274              -1.9681              -0.8298
21   C                8.7274              -1.9533              -0.4719
22   C                9.2053              -1.1040               0.5655
23   C                8.2927              -0.3415               1.2310
24   C                6.9112              -0.3626               0.8981
25   N                7.0614              -2.8357              -1.8068
26   S                8.4586              -3.5417              -2.2122
27   N                9.4701              -2.7976              -1.1897
28   H                0.9977               1.6596              -1.2151
29   H               -5.3692               0.0343               1.7382
30   H               -6.5025               2.2089               0.8599
31   H               -1.1404               2.9804              -2.2843
32   H               -2.1181               4.0225              -1.2379
33   H               -0.4320               3.6650              -0.8217
34   H               -2.1383              -2.2033               2.0428
35   H               -3.3593              -1.2094               2.8576
36   H               -3.7633              -2.0440               1.3579
37   H                2.5230              -0.2152              -2.6351
38   H                5.1227              -0.7526              -2.6357
39   H               10.2655              -1.0836               0.7974
40   H                8.6169               0.3094               2.0377
41   H                6.2301               0.2743               1.4534


Energy:                -2548.709856 Convergence criteria  Is converged 
Maximum Force:             0.001576     0.002850  Yes
RMS Force:                 0.001042     0.001900  Yes
Maximum Displacement:      0.003112     0.003150  Yes
RMS Displacement:          0.001240     0.002100  Yes

LBFGS converged at iteration 38.
Final frame written to /home/hungn/Desktop/MyRepo/MLP/MAPLE/maple/function/dispatcher/parmfit/example/PPI_torsionfit_8-15_opt.xyz
Complete trajectory written to /home/hungn/Desktop/MyRepo/MLP/MAPLE/maple/function/dispatcher/parmfit/example/PPI_torsionfit_8-15_traj.xyz

----------------------------------------------------------------------
            Scanning combination 29/73: [319.98]

======================================================================
LBFGS Parameters
======================================================================
memory:     5
curvature:  70.0
max_step:   0.2
max_iter:   256
write_traj: False
traj_every: 1
verbose:    0
======================================================================


                             Coordinates                              
----------------------------------------------------------------------
0    C               -0.8642               0.9921              -0.2005
1    C               -1.2406              -0.1212               0.6043
2    C               -2.5349              -0.2968               1.0825
3    C               -3.4634               0.7210               0.7855
4    C               -3.0664               1.8565               0.0288
5    C               -1.7779               2.0275              -0.4672
6    C                0.4937               0.8865              -0.6363
7    C                1.1611              -0.1943              -0.1538
8    S                0.1338              -1.1800               0.8638
9    C               -4.8512               0.7970               1.1616
10   C               -5.4627               1.9176               0.7228
11   S               -4.4054               2.9573              -0.1731
12   C               -1.3604               3.2434              -1.2465
13   C               -2.9561              -1.5013               1.8789
14   C                2.5349              -0.5480              -0.4927
15   C                3.0961              -0.4480              -1.7409
16   C                4.4839              -0.7419              -1.7556
17   C                4.9913              -1.0230              -0.5111
18   S                3.7271              -1.0022               0.6819
19   C                6.4024              -1.1327              -0.1255
20   C                7.3286              -1.9712              -0.8282
21   C                8.7281              -1.9624              -0.4660
22   C                9.2049              -1.1247               0.5816
23   C                8.2928              -0.3568               1.2413
24   C                6.9125              -0.3717               0.9030
25   N                7.0645              -2.8234              -1.8189
26   S                8.4638              -3.5181              -2.2367
27   N                9.4728              -2.7921              -1.1986
28   H                0.9557               1.6274              -1.2817
29   H               -5.3425               0.0221               1.7410
30   H               -6.4955               2.2095               0.8669
31   H               -1.1422               2.9907              -2.2922
32   H               -2.1374               4.0119              -1.2421
33   H               -0.4481               3.6814              -0.8232
34   H               -2.1290              -2.1955               2.0414
35   H               -3.3480              -1.2014               2.8588
36   H               -3.7584              -2.0462               1.3654
37   H                2.5155              -0.1993              -2.6234
38   H                5.1053              -0.7380              -2.6448
39   H               10.2626              -1.1197               0.8267
40   H                8.6175               0.2992               2.0436
41   H                6.2321               0.2680               1.4557


Energy:                -2548.709865 Convergence criteria  Is converged 
Maximum Force:             0.001471     0.002850  Yes
RMS Force:                 0.000825     0.001900  Yes
Maximum Displacement:      0.001505     0.003150  Yes
RMS Displacement:          0.000892     0.002100  Yes

LBFGS converged at iteration 13.
Final frame written to /home/hungn/Desktop/MyRepo/MLP/MAPLE/maple/function/dispatcher/parmfit/example/PPI_torsionfit_8-15_opt.xyz
Complete trajectory written to /home/hungn/Desktop/MyRepo/MLP/MAPLE/maple/function/dispatcher/parmfit/example/PPI_torsionfit_8-15_traj.xyz

----------------------------------------------------------------------
            Scanning combination 30/73: [324.98]

======================================================================
LBFGS Parameters
======================================================================
memory:     5
curvature:  70.0
max_step:   0.2
max_iter:   256
write_traj: False
traj_every: 1
verbose:    0
======================================================================


                             Coordinates                              
----------------------------------------------------------------------
0    C               -0.8653               0.9936              -0.2125
1    C               -1.2351              -0.1072               0.6132
2    C               -2.5291              -0.2907               1.0922
3    C               -3.4655               0.7196               0.7918
4    C               -3.0718               1.8509               0.0248
5    C               -1.7856               2.0234              -0.4803
6    C                0.4921               0.8807              -0.6575
7    C                1.1694              -0.1814              -0.1449
8    S                0.1484              -1.1457               0.9007
9    C               -4.8560               0.7946               1.1671
10   C               -5.4685               1.9132               0.7247
11   S               -4.4133               2.9499              -0.1767
12   C               -1.3679               3.2411              -1.2570
13   C               -2.9478              -1.4995               1.8860
14   C                2.5317              -0.5615              -0.4969
15   C                3.1018              -0.4349              -1.7405
16   C                4.4890              -0.7331              -1.7534
17   C                4.9914              -1.0235              -0.5099
18   S                3.7234              -1.0231               0.6786
19   C                6.4030              -1.1287              -0.1306
20   C                7.3297              -1.9618              -0.8394
21   C                8.7266              -1.9638              -0.4690
22   C                9.2018              -1.1329               0.5844
23   C                8.2902              -0.3689               1.2481
24   C                6.9113              -0.3748               0.9042
25   N                7.0674              -2.8068              -1.8375
26   S                8.4636              -3.5147              -2.2434
27   N                9.4701              -2.7998              -1.1955
28   H                0.9630               1.6064              -1.3144
29   H               -5.3621               0.0273               1.7446
30   H               -6.5010               2.2024               0.8764
31   H               -1.1411               2.9902              -2.3013
32   H               -2.1420               4.0129              -1.2573
33   H               -0.4566               3.6738              -0.8258
34   H               -2.1249              -2.1996               2.0474
35   H               -3.3413              -1.2063               2.8673
36   H               -3.7519              -2.0389               1.3696
37   H                2.5260              -0.1710              -2.6206
38   H                5.1211              -0.7174              -2.6336
39   H               10.2586              -1.1331               0.8328
40   H                8.6129               0.2726               2.0627
41   H                6.2317               0.2651               1.4574


Energy:                -2548.709466 Convergence criteria  Is converged 
Maximum Force:             0.002561     0.002850  Yes
RMS Force:                 0.001087     0.001900  Yes
Maximum Displacement:      0.001699     0.003150  Yes
RMS Displacement:          0.000971     0.002100  Yes

LBFGS converged at iteration 12.
Final frame written to /home/hungn/Desktop/MyRepo/MLP/MAPLE/maple/function/dispatcher/parmfit/example/PPI_torsionfit_8-15_opt.xyz
Complete trajectory written to /home/hungn/Desktop/MyRepo/MLP/MAPLE/maple/function/dispatcher/parmfit/example/PPI_torsionfit_8-15_traj.xyz

----------------------------------------------------------------------
            Scanning combination 31/73: [329.98]

======================================================================
LBFGS Parameters
======================================================================
memory:     5
curvature:  70.0
max_step:   0.2
max_iter:   256
write_traj: False
traj_every: 1
verbose:    0
======================================================================


                             Coordinates                              
----------------------------------------------------------------------
0    C               -0.8659               0.9917              -0.2153
1    C               -1.2345              -0.1063               0.6151
2    C               -2.5291              -0.2903               1.0928
3    C               -3.4655               0.7196               0.7911
4    C               -3.0717               1.8511               0.0250
5    C               -1.7856               2.0229              -0.4804
6    C                0.4894               0.8767              -0.6646
7    C                1.1761              -0.1692              -0.1292
8    S                0.1489              -1.1443               0.9016
9    C               -4.8557               0.7946               1.1669
10   C               -5.4683               1.9131               0.7248
11   S               -4.4135               2.9498              -0.1772
12   C               -1.3679               3.2409              -1.2571
13   C               -2.9478              -1.4993               1.8859
14   C                2.5266              -0.5795              -0.5015
15   C                3.1032              -0.4265              -1.7399
16   C                4.4891              -0.7278              -1.7525
17   C                4.9909              -1.0248              -0.5106
18   S                3.7230              -1.0243               0.6768
19   C                6.4031              -1.1300              -0.1298
20   C                7.3298              -1.9621              -0.8393
21   C                8.7268              -1.9640              -0.4688
22   C                9.2019              -1.1336               0.5852
23   C                8.2900              -0.3693               1.2484
24   C                6.9111              -0.3752               0.9042
25   N                7.0674              -2.8062              -1.8374
26   S                8.4634              -3.5140              -2.2441
27   N                9.4702              -2.7997              -1.1959
28   H                0.9601               1.6061              -1.3167
29   H               -5.3602               0.0267               1.7451
30   H               -6.5010               2.2027               0.8761
31   H               -1.1416               2.9897              -2.3011
32   H               -2.1427               4.0122              -1.2578
33   H               -0.4567               3.6742              -0.8266
34   H               -2.1243              -2.1987               2.0471
35   H               -3.3407              -1.2058               2.8674
36   H               -3.7521              -2.0391               1.3700
37   H                2.5266              -0.1691              -2.6214
38   H                5.1209              -0.7171              -2.6344
39   H               10.2588              -1.1340               0.8334
40   H                8.6132               0.2723               2.0632
41   H                6.2318               0.2646               1.4578


Energy:                -2548.708488 Convergence criteria  Is converged 
Maximum Force:             0.002603     0.002850  Yes
RMS Force:                 0.001249     0.001900  Yes
Maximum Displacement:      0.002905     0.003150  Yes
RMS Displacement:          0.001319     0.002100  Yes

LBFGS converged at iteration 4.
Final frame written to /home/hungn/Desktop/MyRepo/MLP/MAPLE/maple/function/dispatcher/parmfit/example/PPI_torsionfit_8-15_opt.xyz
Complete trajectory written to /home/hungn/Desktop/MyRepo/MLP/MAPLE/maple/function/dispatcher/parmfit/example/PPI_torsionfit_8-15_traj.xyz

----------------------------------------------------------------------
            Scanning combination 32/73: [334.98]

======================================================================
LBFGS Parameters
======================================================================
memory:     5
curvature:  70.0
max_step:   0.2
max_iter:   256
write_traj: False
traj_every: 1
verbose:    0
======================================================================


                             Coordinates                              
----------------------------------------------------------------------
0    C               -0.9413               1.0516              -0.4247
1    C               -1.1017               0.0907               0.6158
2    C               -2.3172              -0.1405               1.2549
3    C               -3.3995               0.6779               0.8722
4    C               -3.2294               1.6518              -0.1496
5    C               -2.0270               1.8530              -0.8218
6    C                0.4013               1.0688              -0.9287
7    C                1.2422               0.1935              -0.3125
8    S                0.4188              -0.7137               0.9389
9    C               -4.7432               0.6932               1.3960
10   C               -5.5352               1.6146               0.8088
11   S               -4.7193               2.5201              -0.4210
12   C               -1.8626               2.8723              -1.9127
13   C               -2.5025              -1.1971               2.3119
14   C                2.6625               0.0070              -0.5633
15   C                3.3493               0.2853              -1.7217
16   C                4.7124              -0.0956              -1.6638
17   C                5.0791              -0.6471              -0.4594
18   S                3.7154              -0.7070               0.6187
19   C                6.4105              -1.0875              -0.0377
20   C                7.3291              -1.7081              -0.9535
21   C                8.6235              -2.1547              -0.4906
22   C                9.0236              -1.9549               0.8607
23   C                8.1337              -1.3494               1.6966
24   C                6.8487              -0.9251               1.2598
25   N                7.1383              -1.9687              -2.2466
26   S                8.4669              -2.7101              -2.7903
27   N                9.3574              -2.7375              -1.4394
28   H                0.7176               1.7312              -1.7293
29   H               -5.0836               0.0321               2.1868
30   H               -6.5723               1.8350               1.0313
31   H               -1.5556               2.3886              -2.8479
32   H               -2.7879               3.4221              -2.1010
33   H               -1.0806               3.5978              -1.6553
34   H               -1.6628              -1.8955               2.3495
35   H               -2.6098              -0.7446               3.3062
36   H               -3.4150              -1.7755               2.1231
37   H                2.8849               0.7252              -2.5970
38   H                5.4188              -0.0083              -2.4815
39   H               10.0091              -2.2771               1.1834
40   H                8.4024              -1.1823               2.7354
41   H                6.1985              -0.4326               1.9760


Energy:                -2548.713901 Convergence criteria  Is converged 
Maximum Force:             0.001632     0.002850  Yes
RMS Force:                 0.001100     0.001900  Yes
Maximum Displacement:      0.001162     0.003150  Yes
RMS Displacement:          0.000716     0.002100  Yes

LBFGS converged at iteration 82.
Final frame written to /home/hungn/Desktop/MyRepo/MLP/MAPLE/maple/function/dispatcher/parmfit/example/PPI_torsionfit_8-15_opt.xyz
Complete trajectory written to /home/hungn/Desktop/MyRepo/MLP/MAPLE/maple/function/dispatcher/parmfit/example/PPI_torsionfit_8-15_traj.xyz

----------------------------------------------------------------------
            Scanning combination 33/73: [339.98]

======================================================================
LBFGS Parameters
======================================================================
memory:     5
curvature:  70.0
max_step:   0.2
max_iter:   256
write_traj: False
traj_every: 1
verbose:    0
======================================================================


                             Coordinates                              
----------------------------------------------------------------------
0    C               -0.9415               1.0490              -0.4274
1    C               -1.1019               0.0908               0.6156
2    C               -2.3182              -0.1408               1.2503
3    C               -3.3983               0.6790               0.8679
4    C               -3.2298               1.6501              -0.1565
5    C               -2.0276               1.8481              -0.8308
6    C                0.4045               1.0693              -0.9213
7    C                1.2474               0.2103              -0.2861
8    S                0.4235              -0.6921               0.9678
9    C               -4.7391               0.6948               1.3968
10   C               -5.5333               1.6158               0.8115
11   S               -4.7177               2.5259              -0.4168
12   C               -1.8623               2.8716              -1.9190
13   C               -2.5012              -1.1943               2.3097
14   C                2.6567              -0.0152              -0.5653
15   C                3.3411               0.2784              -1.7203
16   C                4.7074              -0.0958              -1.6652
17   C                5.0757              -0.6530              -0.4634
18   S                3.7095              -0.7394               0.6094
19   C                6.4080              -1.0913              -0.0404
20   C                7.3294              -1.7093              -0.9539
21   C                8.6251              -2.1509              -0.4913
22   C                9.0213              -1.9535               0.8610
23   C                8.1317              -1.3472               1.6962
24   C                6.8467              -0.9271               1.2562
25   N                7.1416              -1.9657              -2.2482
26   S                8.4726              -2.7016              -2.7920
27   N                9.3623              -2.7289              -1.4404
28   H                0.7220               1.7265              -1.7246
29   H               -5.0680               0.0327               2.1917
30   H               -6.5748               1.8224               1.0262
31   H               -1.5534               2.3961              -2.8580
32   H               -2.7867               3.4237              -2.1068
33   H               -1.0822               3.5970              -1.6556
34   H               -1.6595              -1.8895               2.3497
35   H               -2.6081              -0.7438               3.3046
36   H               -3.4121              -1.7742               2.1210
37   H                2.8728               0.7276              -2.5894
38   H                5.4197               0.0037              -2.4775
39   H               10.0018              -2.2872               1.1858
40   H                8.3993              -1.1756               2.7350
41   H                6.1928              -0.4377               1.9702


Energy:                -2548.714034 Convergence criteria  Is converged 
Maximum Force:             0.002042     0.002850  Yes
RMS Force:                 0.000879     0.001900  Yes
Maximum Displacement:      0.001733     0.003150  Yes
RMS Displacement:          0.000831     0.002100  Yes

LBFGS converged at iteration 9.
Final frame written to /home/hungn/Desktop/MyRepo/MLP/MAPLE/maple/function/dispatcher/parmfit/example/PPI_torsionfit_8-15_opt.xyz
Complete trajectory written to /home/hungn/Desktop/MyRepo/MLP/MAPLE/maple/function/dispatcher/parmfit/example/PPI_torsionfit_8-15_traj.xyz

----------------------------------------------------------------------
            Scanning combination 34/73: [344.98]

======================================================================
LBFGS Parameters
======================================================================
memory:     5
curvature:  70.0
max_step:   0.2
max_iter:   256
write_traj: False
traj_every: 1
verbose:    0
======================================================================


                             Coordinates                              
----------------------------------------------------------------------
0    C               -0.9381               1.0525              -0.4265
1    C               -1.0938               0.1132               0.6347
2    C               -2.3141              -0.1333               1.2566
3    C               -3.3962               0.6799               0.8681
4    C               -3.2283               1.6477              -0.1599
5    C               -2.0259               1.8467              -0.8347
6    C                0.4051               1.0609              -0.9303
7    C                1.2501               0.2174              -0.2757
8    S                0.4358              -0.6500               1.0063
9    C               -4.7382               0.6923               1.3942
10   C               -5.5327               1.6108               0.8058
11   S               -4.7186               2.5175              -0.4256
12   C               -1.8608               2.8691              -1.9236
13   C               -2.5001              -1.1930               2.3098
14   C                2.6508              -0.0370              -0.5634
15   C                3.3403               0.2898              -1.7053
16   C                4.7035              -0.0905              -1.6575
17   C                5.0678              -0.6782              -0.4692
18   S                3.6964              -0.7970               0.5953
19   C                6.4049              -1.0994              -0.0465
20   C                7.3323              -1.7082              -0.9600
21   C                8.6270              -2.1498              -0.4937
22   C                9.0159              -1.9556               0.8614
23   C                8.1242              -1.3492               1.6931
24   C                6.8402              -0.9286               1.2512
25   N                7.1504              -1.9612              -2.2563
26   S                8.4860              -2.6914              -2.7974
27   N                9.3694              -2.7233              -1.4416
28   H                0.7260               1.7160              -1.7351
29   H               -5.0698               0.0365               2.1932
30   H               -6.5712               1.8228               1.0277
31   H               -1.5492               2.3939              -2.8620
32   H               -2.7872               3.4179              -2.1105
33   H               -1.0818               3.5960              -1.6598
34   H               -1.6587              -1.8890               2.3483
35   H               -2.6102              -0.7401               3.3032
36   H               -3.4090              -1.7769               2.1214
37   H                2.8736               0.7403              -2.5740
38   H                5.4082               0.0272              -2.4731
39   H                9.9975              -2.2823               1.1910
40   H                8.3910              -1.1758               2.7318
41   H                6.1849              -0.4394               1.9649


Energy:                -2548.713911 Convergence criteria  Is converged 
Maximum Force:             0.001763     0.002850  Yes
RMS Force:                 0.000896     0.001900  Yes
Maximum Displacement:      0.001637     0.003150  Yes
RMS Displacement:          0.000798     0.002100  Yes

LBFGS converged at iteration 10.
Final frame written to /home/hungn/Desktop/MyRepo/MLP/MAPLE/maple/function/dispatcher/parmfit/example/PPI_torsionfit_8-15_opt.xyz
Complete trajectory written to /home/hungn/Desktop/MyRepo/MLP/MAPLE/maple/function/dispatcher/parmfit/example/PPI_torsionfit_8-15_traj.xyz

----------------------------------------------------------------------
            Scanning combination 35/73: [349.98]

======================================================================
LBFGS Parameters
======================================================================
memory:     5
curvature:  70.0
max_step:   0.2
max_iter:   256
write_traj: False
traj_every: 1
verbose:    0
======================================================================


                             Coordinates                              
----------------------------------------------------------------------
0    C               -0.9351               1.0570              -0.4125
1    C               -1.0855               0.1383               0.6670
2    C               -2.3107              -0.1171               1.2745
3    C               -3.3950               0.6869               0.8720
4    C               -3.2291               1.6440              -0.1660
5    C               -2.0239               1.8434              -0.8347
6    C                0.4033               1.0495              -0.9247
7    C                1.2542               0.2241              -0.2559
8    S                0.4511              -0.6034               1.0603
9    C               -4.7382               0.6982               1.3929
10   C               -5.5349               1.6089               0.7956
11   S               -4.7208               2.5092              -0.4408
12   C               -1.8592               2.8575              -1.9324
13   C               -2.4983              -1.1836               2.3203
14   C                2.6456              -0.0511              -0.5662
15   C                3.3404               0.3091              -1.6961
16   C                4.7023              -0.0811              -1.6554
17   C                5.0574              -0.7111              -0.4862
18   S                3.6784              -0.8693               0.5627
19   C                6.3972              -1.1212              -0.0582
20   C                7.3352              -1.7174              -0.9683
21   C                8.6322              -2.1454              -0.4968
22   C                9.0125              -1.9530               0.8604
23   C                8.1120              -1.3545               1.6895
24   C                6.8255              -0.9482               1.2409
25   N                7.1638              -1.9653              -2.2668
26   S                8.5120              -2.6750              -2.8040
27   N                9.3880              -2.7035              -1.4434
28   H                0.7116               1.6689              -1.7603
29   H               -5.0635               0.0429               2.1947
30   H               -6.5761               1.8171               1.0090
31   H               -1.5444               2.3801              -2.8689
32   H               -2.7858               3.4045              -2.1252
33   H               -1.0834               3.5876              -1.6694
34   H               -1.6543              -1.8768               2.3505
35   H               -2.6107              -0.7466               3.3207
36   H               -3.4046              -1.7666               2.1190
37   H                2.8808               0.8073              -2.5421
38   H                5.4232               0.0741              -2.4509
39   H                9.9940              -2.2765               1.1928
40   H                8.3716              -1.1758               2.7290
41   H                6.1585              -0.4671               1.9493


Energy:                -2548.713733 Convergence criteria  Is converged 
Maximum Force:             0.001415     0.002850  Yes
RMS Force:                 0.000649     0.001900  Yes
Maximum Displacement:      0.000883     0.003150  Yes
RMS Displacement:          0.000432     0.002100  Yes

LBFGS converged at iteration 15.
Final frame written to /home/hungn/Desktop/MyRepo/MLP/MAPLE/maple/function/dispatcher/parmfit/example/PPI_torsionfit_8-15_opt.xyz
Complete trajectory written to /home/hungn/Desktop/MyRepo/MLP/MAPLE/maple/function/dispatcher/parmfit/example/PPI_torsionfit_8-15_traj.xyz

----------------------------------------------------------------------
            Scanning combination 36/73: [354.98]

======================================================================
LBFGS Parameters
======================================================================
memory:     5
curvature:  70.0
max_step:   0.2
max_iter:   256
write_traj: False
traj_every: 1
verbose:    0
======================================================================


                             Coordinates                              
----------------------------------------------------------------------
0    C               -0.9351               1.0570              -0.4125
1    C               -1.0855               0.1383               0.6671
2    C               -2.3107              -0.1171               1.2745
3    C               -3.3950               0.6870               0.8720
4    C               -3.2291               1.6440              -0.1660
5    C               -2.0239               1.8434              -0.8347
6    C                0.4009               1.0430              -0.9296
7    C                1.2593               0.2385              -0.2460
8    S                0.4511              -0.6034               1.0603
9    C               -4.7382               0.6982               1.3929
10   C               -5.5349               1.6089               0.7956
11   S               -4.7208               2.5092              -0.4407
12   C               -1.8592               2.8575              -1.9324
13   C               -2.4983              -1.1836               2.3203
14   C                2.6407              -0.0662              -0.5748
15   C                3.3427               0.3163              -1.6925
16   C                4.7023              -0.0811              -1.6554
17   C                5.0574              -0.7112              -0.4862
18   S                3.6784              -0.8693               0.5627
19   C                6.3972              -1.1212              -0.0582
20   C                7.3352              -1.7174              -0.9683
21   C                8.6322              -2.1454              -0.4968
22   C                9.0125              -1.9531               0.8604
23   C                8.1120              -1.3545               1.6895
24   C                6.8255              -0.9482               1.2409
25   N                7.1638              -1.9653              -2.2668
26   S                8.5120              -2.6750              -2.8040
27   N                9.3880              -2.7035              -1.4434
28   H                0.7116               1.6689              -1.7603
29   H               -5.0635               0.0429               2.1947
30   H               -6.5761               1.8171               1.0090
31   H               -1.5444               2.3801              -2.8690
32   H               -2.7858               3.4045              -2.1252
33   H               -1.0834               3.5876              -1.6693
34   H               -1.6543              -1.8768               2.3505
35   H               -2.6107              -0.7466               3.3207
36   H               -3.4046              -1.7666               2.1190
37   H                2.8808               0.8073              -2.5421
38   H                5.4232               0.0741              -2.4509
39   H                9.9939              -2.2765               1.1928
40   H                8.3716              -1.1757               2.7290
41   H                6.1585              -0.4671               1.9494


Energy:                -2548.713072 Convergence criteria  Is converged 
Maximum Force:             0.002302     0.002850  Yes
RMS Force:                 0.001081     0.001900  Yes
Maximum Displacement:      0.000020     0.003150  Yes
RMS Displacement:          0.000009     0.002100  Yes

LBFGS converged at iteration 1.
Final frame written to /home/hungn/Desktop/MyRepo/MLP/MAPLE/maple/function/dispatcher/parmfit/example/PPI_torsionfit_8-15_opt.xyz
Complete trajectory written to /home/hungn/Desktop/MyRepo/MLP/MAPLE/maple/function/dispatcher/parmfit/example/PPI_torsionfit_8-15_traj.xyz

----------------------------------------------------------------------
            Scanning combination 37/73: [359.98]

======================================================================
LBFGS Parameters
======================================================================
memory:     5
curvature:  70.0
max_step:   0.2
max_iter:   256
write_traj: False
traj_every: 1
verbose:    0
======================================================================


                             Coordinates                              
----------------------------------------------------------------------
0    C               -0.9351               1.0531              -0.4151
1    C               -1.0767               0.1579               0.6850
2    C               -2.3029              -0.1061               1.2871
3    C               -3.3919               0.6898               0.8788
4    C               -3.2267               1.6421              -0.1639
5    C               -2.0247               1.8361              -0.8393
6    C                0.3968               1.0305              -0.9427
7    C                1.2615               0.2450              -0.2435
8    S                0.4730              -0.5386               1.1092
9    C               -4.7365               0.7022               1.3986
10   C               -5.5354               1.6036               0.7892
11   S               -4.7214               2.4969              -0.4516
12   C               -1.8595               2.8435              -1.9422
13   C               -2.4913              -1.1733               2.3317
14   C                2.6356              -0.0752              -0.5803
15   C                3.3492               0.3485              -1.6762
16   C                4.7064              -0.0550              -1.6421
17   C                5.0476              -0.7412              -0.5003
18   S                3.6505              -0.9639               0.5135
19   C                6.3895              -1.1419              -0.0666
20   C                7.3371              -1.7237              -0.9745
21   C                8.6363              -2.1419              -0.4993
22   C                9.0102              -1.9500               0.8602
23   C                8.0980              -1.3684               1.6886
24   C                6.8097              -0.9713               1.2356
25   N                7.1696              -1.9708              -2.2738
26   S                8.5262              -2.6650              -2.8096
27   N                9.3992              -2.6894              -1.4467
28   H                0.6981               1.6299              -1.7956
29   H               -5.0706               0.0537               2.2024
30   H               -6.5797               1.8043               0.9940
31   H               -1.5422               2.3568              -2.8727
32   H               -2.7857               3.3896              -2.1405
33   H               -1.0833               3.5752              -1.6837
34   H               -1.6491              -1.8687               2.3657
35   H               -2.6069              -0.7338               3.3301
36   H               -3.3986              -1.7541               2.1286
37   H                2.9036               0.8885              -2.5037
38   H                5.4305               0.1375              -2.4251
39   H                9.9981              -2.2556               1.1920
40   H                8.3538              -1.1947               2.7299
41   H                6.1348              -0.5029               1.9451


Energy:                -2548.712582 Convergence criteria  Is converged 
Maximum Force:             0.002257     0.002850  Yes
RMS Force:                 0.001175     0.001900  Yes
Maximum Displacement:      0.002049     0.003150  Yes
RMS Displacement:          0.001038     0.002100  Yes

LBFGS converged at iteration 13.
Final frame written to /home/hungn/Desktop/MyRepo/MLP/MAPLE/maple/function/dispatcher/parmfit/example/PPI_torsionfit_8-15_opt.xyz
Complete trajectory written to /home/hungn/Desktop/MyRepo/MLP/MAPLE/maple/function/dispatcher/parmfit/example/PPI_torsionfit_8-15_traj.xyz

----------------------------------------------------------------------
            Scanning combination 38/73: [364.98]

======================================================================
LBFGS Parameters
======================================================================
memory:     5
curvature:  70.0
max_step:   0.2
max_iter:   256
write_traj: False
traj_every: 1
verbose:    0
======================================================================


                             Coordinates                              
----------------------------------------------------------------------
0    C               -0.9357               1.0502              -0.4170
1    C               -1.0758               0.1595               0.6870
2    C               -2.3025              -0.1043               1.2886
3    C               -3.3912               0.6922               0.8806
4    C               -3.2276               1.6417              -0.1650
5    C               -2.0251               1.8350              -0.8397
6    C                0.3969               1.0287              -0.9424
7    C                1.2680               0.2592              -0.2328
8    S                0.4732              -0.5405               1.1092
9    C               -4.7372               0.7009               1.3964
10   C               -5.5360               1.6030               0.7884
11   S               -4.7225               2.4967              -0.4526
12   C               -1.8596               2.8427              -1.9428
13   C               -2.4910              -1.1722               2.3329
14   C                2.6292              -0.0934              -0.5916
15   C                3.3507               0.3529              -1.6739
16   C                4.7088              -0.0477              -1.6383
17   C                5.0471              -0.7392              -0.4992
18   S                3.6500              -0.9641               0.5128
19   C                6.3868              -1.1475              -0.0657
20   C                7.3352              -1.7265              -0.9751
21   C                8.6361              -2.1404              -0.5009
22   C                9.0107              -1.9469               0.8581
23   C                8.0987              -1.3675               1.6874
24   C                6.8080              -0.9768               1.2360
25   N                7.1708              -1.9704              -2.2755
26   S                8.5283              -2.6648              -2.8101
27   N                9.4001              -2.6887              -1.4465
28   H                0.6956               1.6248              -1.7988
29   H               -5.0676               0.0537               2.2028
30   H               -6.5800               1.8046               0.9942
31   H               -1.5432               2.3562              -2.8737
32   H               -2.7857               3.3880              -2.1421
33   H               -1.0834               3.5748              -1.6851
34   H               -1.6474              -1.8660               2.3660
35   H               -2.6062              -0.7346               3.3325
36   H               -3.3985              -1.7528               2.1294
37   H                2.9058               0.8958              -2.4997
38   H                5.4333               0.1392              -2.4237
39   H                9.9958              -2.2566               1.1932
40   H                8.3510              -1.1950               2.7300
41   H                6.1331              -0.5052               1.9429


Energy:                -2548.711616 Convergence criteria  Is converged 
Maximum Force:             0.001599     0.002850  Yes
RMS Force:                 0.000687     0.001900  Yes
Maximum Displacement:      0.003086     0.003150  Yes
RMS Displacement:          0.001045     0.002100  Yes

LBFGS converged at iteration 6.
Final frame written to /home/hungn/Desktop/MyRepo/MLP/MAPLE/maple/function/dispatcher/parmfit/example/PPI_torsionfit_8-15_opt.xyz
Complete trajectory written to /home/hungn/Desktop/MyRepo/MLP/MAPLE/maple/function/dispatcher/parmfit/example/PPI_torsionfit_8-15_traj.xyz

----------------------------------------------------------------------
            Scanning combination 39/73: [369.98]

======================================================================
LBFGS Parameters
======================================================================
memory:     5
curvature:  70.0
max_step:   0.2
max_iter:   256
write_traj: False
traj_every: 1
verbose:    0
======================================================================


                             Coordinates                              
----------------------------------------------------------------------
0    C               -0.9357               1.0502              -0.4170
1    C               -1.0758               0.1595               0.6870
2    C               -2.3025              -0.1043               1.2886
3    C               -3.3912               0.6922               0.8806
4    C               -3.2276               1.6417              -0.1650
5    C               -2.0251               1.8350              -0.8397
6    C                0.3941               1.0218              -0.9464
7    C                1.2741               0.2738              -0.2239
8    S                0.4732              -0.5405               1.1092
9    C               -4.7372               0.7009               1.3964
10   C               -5.5360               1.6030               0.7884
11   S               -4.7225               2.4967              -0.4526
12   C               -1.8596               2.8427              -1.9428
13   C               -2.4910              -1.1722               2.3329
14   C                2.6230              -0.1075              -0.6011
15   C                3.3536               0.3593              -1.6693
16   C                4.7088              -0.0477              -1.6383
17   C                5.0471              -0.7392              -0.4992
18   S                3.6500              -0.9641               0.5128
19   C                6.3868              -1.1475              -0.0657
20   C                7.3351              -1.7265              -0.9750
21   C                8.6361              -2.1404              -0.5009
22   C                9.0107              -1.9469               0.8581
23   C                8.0987              -1.3675               1.6874
24   C                6.8080              -0.9768               1.2361
25   N                7.1708              -1.9704              -2.2755
26   S                8.5283              -2.6648              -2.8101
27   N                9.4001              -2.6888              -1.4465
28   H                0.6956               1.6248              -1.7988
29   H               -5.0676               0.0537               2.2028
30   H               -6.5800               1.8046               0.9942
31   H               -1.5432               2.3562              -2.8737
32   H               -2.7857               3.3880              -2.1421
33   H               -1.0834               3.5748              -1.6851
34   H               -1.6474              -1.8660               2.3660
35   H               -2.6062              -0.7346               3.3324
36   H               -3.3986              -1.7528               2.1293
37   H                2.9058               0.8958              -2.4997
38   H                5.4333               0.1392              -2.4237
39   H                9.9958              -2.2566               1.1932
40   H                8.3510              -1.1950               2.7300
41   H                6.1332              -0.5051               1.9429


Energy:                -2548.710054 Convergence criteria  Is converged 
Maximum Force:             0.002723     0.002850  Yes
RMS Force:                 0.001292     0.001900  Yes
Maximum Displacement:      0.000023     0.003150  Yes
RMS Displacement:          0.000010     0.002100  Yes

LBFGS converged at iteration 1.
Final frame written to /home/hungn/Desktop/MyRepo/MLP/MAPLE/maple/function/dispatcher/parmfit/example/PPI_torsionfit_8-15_opt.xyz
Complete trajectory written to /home/hungn/Desktop/MyRepo/MLP/MAPLE/maple/function/dispatcher/parmfit/example/PPI_torsionfit_8-15_traj.xyz

----------------------------------------------------------------------
            Scanning combination 40/73: [374.98]

======================================================================
LBFGS Parameters
======================================================================
memory:     5
curvature:  70.0
max_step:   0.2
max_iter:   256
write_traj: False
traj_every: 1
verbose:    0
======================================================================


                             Coordinates                              
----------------------------------------------------------------------
0    C               -0.9431               1.0271              -0.4465
1    C               -1.0599               0.1810               0.6944
2    C               -2.2714              -0.0505               1.3369
3    C               -3.3683               0.7242               0.9112
4    C               -3.2288               1.6265              -0.1787
5    C               -2.0377               1.7990              -0.8786
6    C                0.3752               0.9747              -1.0015
7    C                1.2590               0.2373              -0.2754
8    S                0.4915              -0.5244               1.1002
9    C               -4.7113               0.7255               1.4310
10   C               -5.5395               1.5656               0.7736
11   S               -4.7442               2.4332              -0.4994
12   C               -1.8948               2.7574              -2.0285
13   C               -2.4276              -1.0808               2.4240
14   C                2.6403              -0.0510              -0.6085
15   C                3.4138               0.5780              -1.5543
16   C                4.7633               0.1415              -1.5377
17   C                5.0302              -0.7765              -0.5510
18   S                3.5879              -1.1517               0.3411
19   C                6.3452              -1.2493              -0.1074
20   C                7.3254              -1.7785              -1.0103
21   C                8.6419              -2.1249              -0.5222
22   C                8.9830              -1.9443               0.8480
23   C                8.0151              -1.4745               1.6835
24   C                6.7143              -1.1457               1.2161
25   N                7.1814              -2.0353              -2.3104
26   S                8.5844              -2.6475              -2.8348
27   N                9.4465              -2.6203              -1.4640
28   H                0.6420               1.4883              -1.9185
29   H               -5.0135               0.1056               2.2686
30   H               -6.5960               1.7240               0.9527
31   H               -1.6045               2.2303              -2.9461
32   H               -2.8244               3.2969              -2.2262
33   H               -1.1104               3.4973              -1.8247
34   H               -1.5673              -1.7527               2.4620
35   H               -2.5323              -0.6142               3.4113
36   H               -3.3208              -1.6952               2.2586
37   H                3.0264               1.3216              -2.2414
38   H                5.5289               0.4827              -2.2250
39   H                9.9807              -2.2015               1.1904
40   H                8.2291              -1.3386               2.7397
41   H                5.9873              -0.7612               1.9242


Energy:                -2548.711209 Convergence criteria  Is converged 
Maximum Force:             0.002331     0.002850  Yes
RMS Force:                 0.001189     0.001900  Yes
Maximum Displacement:      0.001382     0.003150  Yes
RMS Displacement:          0.000745     0.002100  Yes

LBFGS converged at iteration 34.
Final frame written to /home/hungn/Desktop/MyRepo/MLP/MAPLE/maple/function/dispatcher/parmfit/example/PPI_torsionfit_8-15_opt.xyz
Complete trajectory written to /home/hungn/Desktop/MyRepo/MLP/MAPLE/maple/function/dispatcher/parmfit/example/PPI_torsionfit_8-15_traj.xyz

----------------------------------------------------------------------
            Scanning combination 41/73: [379.98]

======================================================================
LBFGS Parameters
======================================================================
memory:     5
curvature:  70.0
max_step:   0.2
max_iter:   256
write_traj: False
traj_every: 1
verbose:    0
======================================================================


                             Coordinates                              
----------------------------------------------------------------------
0    C               -0.9431               1.0270              -0.4465
1    C               -1.0599               0.1810               0.6944
2    C               -2.2714              -0.0505               1.3369
3    C               -3.3683               0.7242               0.9113
4    C               -3.2288               1.6265              -0.1787
5    C               -2.0377               1.7990              -0.8786
6    C                0.3726               0.9675              -1.0057
7    C                1.2644               0.2518              -0.2654
8    S                0.4915              -0.5244               1.1002
9    C               -4.7113               0.7255               1.4310
10   C               -5.5396               1.5656               0.7736
11   S               -4.7441               2.4332              -0.4994
12   C               -1.8948               2.7574              -2.0285
13   C               -2.4276              -1.0808               2.4240
14   C                2.6347              -0.0640              -0.6202
15   C                3.4164               0.5837              -1.5484
16   C                4.7633               0.1415              -1.5377
17   C                5.0302              -0.7765              -0.5510
18   S                3.5879              -1.1517               0.3411
19   C                6.3452              -1.2493              -0.1074
20   C                7.3254              -1.7785              -1.0103
21   C                8.6419              -2.1249              -0.5222
22   C                8.9830              -1.9443               0.8480
23   C                8.0151              -1.4745               1.6835
24   C                6.7143              -1.1457               1.2161
25   N                7.1814              -2.0353              -2.3104
26   S                8.5844              -2.6476              -2.8347
27   N                9.4465              -2.6203              -1.4640
28   H                0.6420               1.4882              -1.9185
29   H               -5.0135               0.1056               2.2686
30   H               -6.5960               1.7240               0.9526
31   H               -1.6045               2.2303              -2.9461
32   H               -2.8244               3.2969              -2.2262
33   H               -1.1104               3.4973              -1.8247
34   H               -1.5673              -1.7527               2.4620
35   H               -2.5323              -0.6142               3.4113
36   H               -3.3208              -1.6953               2.2586
37   H                3.0264               1.3216              -2.2414
38   H                5.5289               0.4827              -2.2250
39   H                9.9807              -2.2016               1.1904
40   H                8.2291              -1.3386               2.7397
41   H                5.9873              -0.7612               1.9242


Energy:                -2548.710054 Convergence criteria  Is converged 
Maximum Force:             0.002686     0.002850  Yes
RMS Force:                 0.001479     0.001900  Yes
Maximum Displacement:      0.000033     0.003150  Yes
RMS Displacement:          0.000017     0.002100  Yes

LBFGS converged at iteration 1.
Final frame written to /home/hungn/Desktop/MyRepo/MLP/MAPLE/maple/function/dispatcher/parmfit/example/PPI_torsionfit_8-15_opt.xyz
Complete trajectory written to /home/hungn/Desktop/MyRepo/MLP/MAPLE/maple/function/dispatcher/parmfit/example/PPI_torsionfit_8-15_traj.xyz

----------------------------------------------------------------------
            Scanning combination 42/73: [384.98]

======================================================================
LBFGS Parameters
======================================================================
memory:     5
curvature:  70.0
max_step:   0.2
max_iter:   256
write_traj: False
traj_every: 1
verbose:    0
======================================================================


                             Coordinates                              
----------------------------------------------------------------------
0    C               -0.9419               1.0258              -0.4497
1    C               -1.0514               0.1944               0.7030
2    C               -2.2654              -0.0532               1.3377
3    C               -3.3730               0.7031               0.9029
4    C               -3.2364               1.6000              -0.1919
5    C               -2.0456               1.7793              -0.8901
6    C                0.3739               0.9756              -1.0114
7    C                1.2724               0.2695              -0.2729
8    S                0.5159              -0.4631               1.1294
9    C               -4.7162               0.7133               1.4280
10   C               -5.5375               1.5642               0.7781
11   S               -4.7482               2.4136              -0.5079
12   C               -1.9040               2.7437              -2.0348
13   C               -2.4250              -1.0732               2.4331
14   C                2.6284              -0.0806              -0.6542
15   C                3.4262               0.5840              -1.5545
16   C                4.7734               0.1480              -1.5273
17   C                5.0266              -0.7886              -0.5543
18   S                3.5642              -1.2077               0.2834
19   C                6.3430              -1.2503              -0.0999
20   C                7.3232              -1.7725              -1.0064
21   C                8.6363              -2.1349              -0.5220
22   C                8.9788              -1.9648               0.8492
23   C                8.0163              -1.4862               1.6860
24   C                6.7162              -1.1444               1.2222
25   N                7.1799              -2.0063              -2.3113
26   S                8.5789              -2.6188              -2.8432
27   N                9.4380              -2.6223              -1.4702
28   H                0.6387               1.4946              -1.9280
29   H               -5.0322               0.1014               2.2670
30   H               -6.5850               1.7541               0.9774
31   H               -1.6127               2.2219              -2.9549
32   H               -2.8301               3.2904              -2.2321
33   H               -1.1158               3.4769              -1.8208
34   H               -1.5721              -1.7544               2.4880
35   H               -2.5377              -0.5960               3.4145
36   H               -3.3258              -1.6742               2.2630
37   H                3.0536               1.3458              -2.2314
38   H                5.5569               0.5125              -2.1819
39   H                9.9776              -2.2202               1.1897
40   H                8.2375              -1.3495               2.7406
41   H                5.9971              -0.7522               1.9340


Energy:                -2548.709175 Convergence criteria  Is converged 
Maximum Force:             0.002505     0.002850  Yes
RMS Force:                 0.001085     0.001900  Yes
Maximum Displacement:      0.001209     0.003150  Yes
RMS Displacement:          0.000796     0.002100  Yes

LBFGS converged at iteration 11.
Final frame written to /home/hungn/Desktop/MyRepo/MLP/MAPLE/maple/function/dispatcher/parmfit/example/PPI_torsionfit_8-15_opt.xyz
Complete trajectory written to /home/hungn/Desktop/MyRepo/MLP/MAPLE/maple/function/dispatcher/parmfit/example/PPI_torsionfit_8-15_traj.xyz

----------------------------------------------------------------------
            Scanning combination 43/73: [389.98]

======================================================================
LBFGS Parameters
======================================================================
memory:     5
curvature:  70.0
max_step:   0.2
max_iter:   256
write_traj: False
traj_every: 1
verbose:    0
======================================================================


                             Coordinates                              
----------------------------------------------------------------------
0    C               -0.9634               0.9647              -0.5547
1    C               -1.0339               0.1735               0.6311
2    C               -2.2050               0.0008               1.3642
3    C               -3.3446               0.6909               0.9065
4    C               -3.2720               1.4789              -0.2752
5    C               -2.1081               1.6332              -1.0260
6    C                0.3629               0.9742              -1.1056
7    C                1.2729               0.2820              -0.3684
8    S                0.5327              -0.5062               1.0067
9    C               -4.6646               0.7300               1.4883
10   C               -5.5313               1.4938               0.7908
11   S               -4.8182               2.2154              -0.6125
12   C               -2.0435               2.4824              -2.2658
13   C               -2.2870              -0.8541               2.6018
14   C                2.6839               0.0854              -0.6499
15   C                3.5290               0.9342              -1.3240
16   C                4.8863               0.5204              -1.2655
17   C                5.0740              -0.6201              -0.5228
18   S                3.5683              -1.2065               0.0985
19   C                6.3433              -1.2231              -0.1072
20   C                7.3258              -1.6723              -1.0473
21   C                8.5887              -2.1938              -0.5736
22   C                8.8741              -2.2594               0.8197
23   C                7.9040              -1.8475               1.6839
24   C                6.6527              -1.3507               1.2275
25   N                7.2237              -1.7035              -2.3754
26   S                8.6061              -2.3270              -2.9423
27   N                9.3994              -2.5928              -1.5554
28   H                0.6244               1.4993              -2.0210
29   H               -4.9319               0.2096               2.4029
30   H               -6.5718               1.6874               1.0209
31   H               -1.8355               1.8655              -3.1486
32   H               -2.9769               3.0238              -2.4444
33   H               -1.2310               3.2163              -2.1916
34   H               -1.4019              -1.4798               2.7409
35   H               -2.4005              -0.2321               3.4987
36   H               -3.1628              -1.5120               2.5561
37   H                3.1823               1.8307              -1.8276
38   H                5.7144               1.0474              -1.7260
39   H                9.8360              -2.6357               1.1540
40   H                8.0786              -1.8898               2.7545
41   H                5.9175              -1.0344               1.9602


Energy:                -2548.710862 Convergence criteria  Is converged 
Maximum Force:             0.001761     0.002850  Yes
RMS Force:                 0.001150     0.001900  Yes
Maximum Displacement:      0.002623     0.003150  Yes
RMS Displacement:          0.001462     0.002100  Yes

LBFGS converged at iteration 45.
Final frame written to /home/hungn/Desktop/MyRepo/MLP/MAPLE/maple/function/dispatcher/parmfit/example/PPI_torsionfit_8-15_opt.xyz
Complete trajectory written to /home/hungn/Desktop/MyRepo/MLP/MAPLE/maple/function/dispatcher/parmfit/example/PPI_torsionfit_8-15_traj.xyz

----------------------------------------------------------------------
            Scanning combination 44/73: [394.98]

======================================================================
LBFGS Parameters
======================================================================
memory:     5
curvature:  70.0
max_step:   0.2
max_iter:   256
write_traj: False
traj_every: 1
verbose:    0
======================================================================


                             Coordinates                              
----------------------------------------------------------------------
0    C               -0.9678               0.9586              -0.5528
1    C               -1.0343               0.1756               0.6367
2    C               -2.2077               0.0027               1.3637
3    C               -3.3459               0.6922               0.9021
4    C               -3.2731               1.4831              -0.2768
5    C               -2.1080               1.6345              -1.0248
6    C                0.3577               0.9678              -1.1008
7    C                1.2770               0.3029              -0.3508
8    S                0.5364              -0.4938               1.0185
9    C               -4.6628               0.7323               1.4858
10   C               -5.5316               1.4958               0.7907
11   S               -4.8208               2.2163              -0.6153
12   C               -2.0418               2.4780              -2.2669
13   C               -2.2892              -0.8515               2.6007
14   C                2.6792               0.0804              -0.6623
15   C                3.5309               0.9348              -1.3197
16   C                4.8875               0.5194              -1.2596
17   C                5.0718              -0.6258              -0.5262
18   S                3.5627              -1.2108               0.0906
19   C                6.3447              -1.2213              -0.1071
20   C                7.3275              -1.6684              -1.0473
21   C                8.5884              -2.1945              -0.5743
22   C                8.8731              -2.2626               0.8186
23   C                7.9046              -1.8494               1.6846
24   C                6.6550              -1.3495               1.2275
25   N                7.2261              -1.6938              -2.3759
26   S                8.6063              -2.3214              -2.9433
27   N                9.3998              -2.5898              -1.5568
28   H                0.6152               1.4836              -2.0199
29   H               -4.9218               0.2058               2.3991
30   H               -6.5729               1.6861               1.0192
31   H               -1.8337               1.8644              -3.1530
32   H               -2.9752               3.0183              -2.4427
33   H               -1.2338               3.2158              -2.1901
34   H               -1.4013              -1.4738               2.7332
35   H               -2.4016              -0.2331               3.5003
36   H               -3.1619              -1.5128               2.5553
37   H                3.1881               1.8314              -1.8248
38   H                5.7136               1.0409              -1.7288
39   H                9.8340              -2.6408               1.1526
40   H                8.0811              -1.8950               2.7549
41   H                5.9219              -1.0337               1.9624


Energy:                -2548.710003 Convergence criteria  Is converged 
Maximum Force:             0.002784     0.002850  Yes
RMS Force:                 0.001324     0.001900  Yes
Maximum Displacement:      0.001628     0.003150  Yes
RMS Displacement:          0.000682     0.002100  Yes

LBFGS converged at iteration 7.
Final frame written to /home/hungn/Desktop/MyRepo/MLP/MAPLE/maple/function/dispatcher/parmfit/example/PPI_torsionfit_8-15_opt.xyz
Complete trajectory written to /home/hungn/Desktop/MyRepo/MLP/MAPLE/maple/function/dispatcher/parmfit/example/PPI_torsionfit_8-15_traj.xyz

----------------------------------------------------------------------
            Scanning combination 45/73: [399.98]

======================================================================
LBFGS Parameters
======================================================================
memory:     5
curvature:  70.0
max_step:   0.2
max_iter:   256
write_traj: False
traj_every: 1
verbose:    0
======================================================================


                             Coordinates                              
----------------------------------------------------------------------
0    C               -0.9665               0.9651              -0.5465
1    C               -1.0269               0.2198               0.6669
2    C               -2.2078               0.0183               1.3750
3    C               -3.3498               0.6934               0.9014
4    C               -3.2769               1.4773              -0.2824
5    C               -2.1118               1.6231              -1.0325
6    C                0.3531               0.9466              -1.1096
7    C                1.2811               0.3242              -0.3334
8    S                0.5581              -0.3854               1.0934
9    C               -4.6683               0.7288               1.4813
10   C               -5.5359               1.4945               0.7850
11   S               -4.8238               2.2131              -0.6213
12   C               -2.0424               2.4645              -2.2762
13   C               -2.2895              -0.8482               2.6034
14   C                2.6792               0.0826              -0.6581
15   C                3.5371               0.9444              -1.2985
16   C                4.8888               0.5119              -1.2575
17   C                5.0671              -0.6420              -0.5352
18   S                3.5527              -1.2376               0.0572
19   C                6.3403              -1.2311              -0.1097
20   C                7.3294              -1.6606              -1.0508
21   C                8.5876              -2.1945              -0.5806
22   C                8.8670              -2.2807               0.8129
23   C                7.9019              -1.8645               1.6794
24   C                6.6530              -1.3567               1.2259
25   N                7.2366              -1.6605              -2.3805
26   S                8.6189              -2.2792              -2.9512
27   N                9.4024              -2.5770              -1.5653
28   H                0.5998               1.4178              -2.0568
29   H               -4.9276               0.2039               2.3949
30   H               -6.5766               1.6840               1.0121
31   H               -1.8223               1.8525              -3.1604
32   H               -2.9785               2.9988              -2.4592
33   H               -1.2390               3.2070              -2.1899
34   H               -1.3990              -1.4686               2.7311
35   H               -2.4072              -0.2394               3.5090
36   H               -3.1596              -1.5127               2.5483
37   H                3.2008               1.8521              -1.7886
38   H                5.7226               1.0327              -1.7139
39   H                9.8254              -2.6683               1.1447
40   H                8.0798              -1.9141               2.7501
41   H                5.9241              -1.0366               1.9627


Energy:                -2548.709102 Convergence criteria  Is converged 
Maximum Force:             0.002349     0.002850  Yes
RMS Force:                 0.001187     0.001900  Yes
Maximum Displacement:      0.002515     0.003150  Yes
RMS Displacement:          0.001212     0.002100  Yes

LBFGS converged at iteration 14.
Final frame written to /home/hungn/Desktop/MyRepo/MLP/MAPLE/maple/function/dispatcher/parmfit/example/PPI_torsionfit_8-15_opt.xyz
Complete trajectory written to /home/hungn/Desktop/MyRepo/MLP/MAPLE/maple/function/dispatcher/parmfit/example/PPI_torsionfit_8-15_traj.xyz

----------------------------------------------------------------------
            Scanning combination 46/73: [404.98]

======================================================================
LBFGS Parameters
======================================================================
memory:     5
curvature:  70.0
max_step:   0.2
max_iter:   256
write_traj: False
traj_every: 1
verbose:    0
======================================================================


                             Coordinates                              
----------------------------------------------------------------------
0    C               -0.9675               0.9621              -0.5483
1    C               -1.0266               0.2204               0.6675
2    C               -2.2068               0.0200               1.3756
3    C               -3.3491               0.6938               0.9021
4    C               -3.2768               1.4768              -0.2827
5    C               -2.1116               1.6234              -1.0319
6    C                0.3517               0.9393              -1.1110
7    C                1.2876               0.3431              -0.3244
8    S                0.5588              -0.3850               1.0939
9    C               -4.6686               0.7304               1.4811
10   C               -5.5358               1.4927               0.7841
11   S               -4.8235               2.2128              -0.6214
12   C               -2.0426               2.4645              -2.2761
13   C               -2.2897              -0.8478               2.6032
14   C                2.6731               0.0745              -0.6743
15   C                3.5385               0.9460              -1.2922
16   C                4.8892               0.5134              -1.2533
17   C                5.0670              -0.6415              -0.5346
18   S                3.5526              -1.2374               0.0581
19   C                6.3410              -1.2308              -0.1100
20   C                7.3296              -1.6608              -1.0509
21   C                8.5876              -2.1952              -0.5809
22   C                8.8674              -2.2801               0.8124
23   C                7.9012              -1.8650               1.6788
24   C                6.6522              -1.3583               1.2253
25   N                7.2370              -1.6602              -2.3808
26   S                8.6196              -2.2785              -2.9515
27   N                9.4030              -2.5766              -1.5653
28   H                0.5992               1.4144              -2.0556
29   H               -4.9278               0.2038               2.3946
30   H               -6.5778               1.6843               1.0122
31   H               -1.8222               1.8521              -3.1595
32   H               -2.9786               2.9981              -2.4601
33   H               -1.2392               3.2068              -2.1914
34   H               -1.3993              -1.4679               2.7310
35   H               -2.4069              -0.2396               3.5092
36   H               -3.1597              -1.5127               2.5482
37   H                3.2014               1.8515              -1.7860
38   H                5.7222               1.0332              -1.7145
39   H                9.8252              -2.6692               1.1446
40   H                8.0790              -1.9147               2.7493
41   H                5.9235              -1.0370               1.9620


Energy:                -2548.707544 Convergence criteria  Is converged 
Maximum Force:             0.002504     0.002850  Yes
RMS Force:                 0.001173     0.001900  Yes
Maximum Displacement:      0.002139     0.003150  Yes
RMS Displacement:          0.000992     0.002100  Yes

LBFGS converged at iteration 4.
Final frame written to /home/hungn/Desktop/MyRepo/MLP/MAPLE/maple/function/dispatcher/parmfit/example/PPI_torsionfit_8-15_opt.xyz
Complete trajectory written to /home/hungn/Desktop/MyRepo/MLP/MAPLE/maple/function/dispatcher/parmfit/example/PPI_torsionfit_8-15_traj.xyz

----------------------------------------------------------------------
            Scanning combination 47/73: [409.98]

======================================================================
LBFGS Parameters
======================================================================
memory:     5
curvature:  70.0
max_step:   0.2
max_iter:   256
write_traj: False
traj_every: 1
verbose:    0
======================================================================


                             Coordinates                              
----------------------------------------------------------------------
0    C               -0.9686               0.9554              -0.5492
1    C               -1.0180               0.2488               0.6871
2    C               -2.2008               0.0355               1.3883
3    C               -3.3465               0.7004               0.9084
4    C               -3.2768               1.4704              -0.2845
5    C               -2.1139               1.6090              -1.0382
6    C                0.3458               0.9245              -1.1208
7    C                1.2933               0.3738              -0.3145
8    S                0.5844              -0.2802               1.1507
9    C               -4.6680               0.7334               1.4826
10   C               -5.5381               1.4862               0.7772
11   S               -4.8250               2.1992              -0.6311
12   C               -2.0458               2.4453              -2.2850
13   C               -2.2846              -0.8390               2.6110
14   C                2.6750               0.0916              -0.6761
15   C                3.5497               0.9704              -1.2702
16   C                4.8959               0.5253              -1.2342
17   C                5.0617              -0.6494              -0.5453
18   S                3.5368              -1.2604               0.0025
19   C                6.3329              -1.2451              -0.1175
20   C                7.3286              -1.6628              -1.0573
21   C                8.5875              -2.1951              -0.5865
22   C                8.8620              -2.2901               0.8073
23   C                7.8911              -1.8842               1.6725
24   C                6.6404              -1.3801               1.2181
25   N                7.2429              -1.6493              -2.3874
26   S                8.6311              -2.2561              -2.9575
27   N                9.4094              -2.5637              -1.5705
28   H                0.5719               1.3396              -2.0993
29   H               -4.9303               0.2078               2.3951
30   H               -6.5809               1.6742               1.0006
31   H               -1.8189               1.8309              -3.1652
32   H               -2.9835               2.9744              -2.4731
33   H               -1.2476               3.1935              -2.2013
34   H               -1.3934              -1.4594               2.7330
35   H               -2.4064              -0.2409               3.5234
36   H               -3.1541              -1.5040               2.5465
37   H                3.2271               1.8978              -1.7335
38   H                5.7365               1.0540              -1.6673
39   H                9.8193              -2.6805               1.1399
40   H                8.0658              -1.9385               2.7433
41   H                5.9092              -1.0637               1.9544


Energy:                -2548.706067 Convergence criteria  Is converged 
Maximum Force:             0.002524     0.002850  Yes
RMS Force:                 0.001054     0.001900  Yes
Maximum Displacement:      0.002321     0.003150  Yes
RMS Displacement:          0.000833     0.002100  Yes

LBFGS converged at iteration 13.
Final frame written to /home/hungn/Desktop/MyRepo/MLP/MAPLE/maple/function/dispatcher/parmfit/example/PPI_torsionfit_8-15_opt.xyz
Complete trajectory written to /home/hungn/Desktop/MyRepo/MLP/MAPLE/maple/function/dispatcher/parmfit/example/PPI_torsionfit_8-15_traj.xyz

----------------------------------------------------------------------
            Scanning combination 48/73: [414.98]

======================================================================
LBFGS Parameters
======================================================================
memory:     5
curvature:  70.0
max_step:   0.2
max_iter:   256
write_traj: False
traj_every: 1
verbose:    0
======================================================================


                             Coordinates                              
----------------------------------------------------------------------
0    C               -0.9723               0.9510              -0.5501
1    C               -1.0153               0.2579               0.6936
2    C               -2.1993               0.0405               1.3914
3    C               -3.3471               0.6998               0.9076
4    C               -3.2782               1.4706              -0.2850
5    C               -2.1161               1.6078              -1.0398
6    C                0.3407               0.9153              -1.1207
7    C                1.2990               0.3923              -0.3088
8    S                0.5891              -0.2754               1.1501
9    C               -4.6687               0.7316               1.4819
10   C               -5.5390               1.4849               0.7763
11   S               -4.8267               2.1978              -0.6326
12   C               -2.0466               2.4443              -2.2871
13   C               -2.2834              -0.8376               2.6109
14   C                2.6706               0.0850              -0.6948
15   C                3.5558               0.9715              -1.2607
16   C                4.9021               0.5315              -1.2222
17   C                5.0621              -0.6505              -0.5453
18   S                3.5345              -1.2582               0.0009
19   C                6.3325              -1.2473              -0.1196
20   C                7.3289              -1.6629              -1.0589
21   C                8.5873              -2.1953              -0.5874
22   C                8.8602              -2.2913               0.8066
23   C                7.8882              -1.8866               1.6709
24   C                6.6384              -1.3819               1.2160
25   N                7.2431              -1.6484              -2.3888
26   S                8.6323              -2.2535              -2.9584
27   N                9.4098              -2.5624              -1.5713
28   H                0.5749               1.3301              -2.0959
29   H               -4.9292               0.2093               2.3968
30   H               -6.5814               1.6730               1.0002
31   H               -1.8197               1.8280              -3.1661
32   H               -2.9854               2.9714              -2.4770
33   H               -1.2472               3.1920              -2.2042
34   H               -1.3920              -1.4575               2.7332
35   H               -2.4041              -0.2396               3.5226
36   H               -3.1522              -1.5036               2.5471
37   H                3.2273               1.8970              -1.7215
38   H                5.7383               1.0587              -1.6668
39   H                9.8177              -2.6805               1.1398
40   H                8.0623              -1.9419               2.7416
41   H                5.9060              -1.0681               1.9520


Energy:                -2548.703950 Convergence criteria  Is converged 
Maximum Force:             0.002078     0.002850  Yes
RMS Force:                 0.001062     0.001900  Yes
Maximum Displacement:      0.002828     0.003150  Yes
RMS Displacement:          0.001324     0.002100  Yes

LBFGS converged at iteration 6.
Final frame written to /home/hungn/Desktop/MyRepo/MLP/MAPLE/maple/function/dispatcher/parmfit/example/PPI_torsionfit_8-15_opt.xyz
Complete trajectory written to /home/hungn/Desktop/MyRepo/MLP/MAPLE/maple/function/dispatcher/parmfit/example/PPI_torsionfit_8-15_traj.xyz

----------------------------------------------------------------------
            Scanning combination 49/73: [419.98]

======================================================================
LBFGS Parameters
======================================================================
memory:     5
curvature:  70.0
max_step:   0.2
max_iter:   256
write_traj: False
traj_every: 1
verbose:    0
======================================================================


                             Coordinates                              
----------------------------------------------------------------------
0    C               -0.9733               0.9541              -0.5563
1    C               -1.0030               0.3181               0.7174
2    C               -2.1853               0.0717               1.4080
3    C               -3.3429               0.7033               0.9128
4    C               -3.2824               1.4552              -0.2928
5    C               -2.1248               1.5870              -1.0555
6    C                0.3328               0.8862              -1.1441
7    C                1.2990               0.4123              -0.3132
8    S                0.6155              -0.1302               1.2108
9    C               -4.6647               0.7312               1.4867
10   C               -5.5398               1.4693               0.7729
11   S               -4.8355               2.1674              -0.6471
12   C               -2.0581               2.4103              -2.3106
13   C               -2.2609              -0.8154               2.6223
14   C                2.6786               0.1160              -0.6912
15   C                3.5785               1.0225              -1.2030
16   C                4.9193               0.5585              -1.1794
17   C                5.0566              -0.6625              -0.5714
18   S                3.5150              -1.2959              -0.1023
19   C                6.3169              -1.2731              -0.1345
20   C                7.3226              -1.6691              -1.0695
21   C                8.5813              -2.1968              -0.5956
22   C                8.8450              -2.3061               0.7991
23   C                7.8629              -1.9197               1.6609
24   C                6.6118              -1.4198               1.2025
25   N                7.2438              -1.6363              -2.3992
26   S                8.6419              -2.2225              -2.9671
27   N                9.4126              -2.5445              -1.5791
28   H                0.5468               1.2271              -2.1542
29   H               -4.9222               0.2185               2.4085
30   H               -6.5842               1.6510               0.9937
31   H               -1.8261               1.7892              -3.1846
32   H               -2.9992               2.9312              -2.5043
33   H               -1.2605               3.1605              -2.2278
34   H               -1.3658              -1.4317               2.7363
35   H               -2.3842              -0.2283               3.5405
36   H               -3.1268              -1.4854               2.5546
37   H                3.2724               1.9835              -1.6069
38   H                5.7737               1.1045              -1.5641
39   H                9.8048              -2.6880               1.1342
40   H                8.0327              -1.9844               2.7317
41   H                5.8722              -1.1199               1.9372


Energy:                -2548.702335 Convergence criteria  Is converged 
Maximum Force:             0.001906     0.002850  Yes
RMS Force:                 0.001306     0.001900  Yes
Maximum Displacement:      0.002403     0.003150  Yes
RMS Displacement:          0.001017     0.002100  Yes

LBFGS converged at iteration 13.
Final frame written to /home/hungn/Desktop/MyRepo/MLP/MAPLE/maple/function/dispatcher/parmfit/example/PPI_torsionfit_8-15_opt.xyz
Complete trajectory written to /home/hungn/Desktop/MyRepo/MLP/MAPLE/maple/function/dispatcher/parmfit/example/PPI_torsionfit_8-15_traj.xyz

----------------------------------------------------------------------
            Scanning combination 50/73: [424.98]

======================================================================
LBFGS Parameters
======================================================================
memory:     5
curvature:  70.0
max_step:   0.2
max_iter:   256
write_traj: False
traj_every: 1
verbose:    0
======================================================================


                             Coordinates                              
----------------------------------------------------------------------
0    C               -0.9674               0.9664              -0.5837
1    C               -0.9765               0.3967               0.7223
2    C               -2.1432               0.1648               1.4419
3    C               -3.3188               0.7403               0.9226
4    C               -3.2937               1.4034              -0.3362
5    C               -2.1446               1.5235              -1.1172
6    C                0.3430               0.8982              -1.1691
7    C                1.3049               0.4434              -0.3250
8    S                0.6462              -0.0158               1.2284
9    C               -4.6369               0.7561               1.5032
10   C               -5.5515               1.3884               0.7386
11   S               -4.8798               2.0220              -0.7285
12   C               -2.1353               2.2409              -2.4400
13   C               -2.1617              -0.6647               2.6998
14   C                2.7156               0.2263              -0.6373
15   C                3.6293               1.1924              -0.9762
16   C                4.9673               0.7154              -0.9692
17   C                5.0722              -0.5906              -0.5671
18   S                3.5134              -1.2715              -0.2649
19   C                6.2964              -1.2969              -0.1767
20   C                7.3198              -1.6350              -1.1151
21   C                8.5662              -2.1954              -0.6432
22   C                8.7888              -2.4055               0.7488
23   C                7.7669              -2.1228               1.6049
24   C                6.5289              -1.5961               1.1462
25   N                7.2711              -1.5211              -2.4410
26   S                8.6822              -2.0807              -3.0106
27   N                9.4211              -2.4835              -1.6261
28   H                0.5543               1.1740              -2.1980
29   H               -4.8568               0.3119               2.4694
30   H               -6.6072               1.5206               0.9447
31   H               -1.9199               1.5546              -3.2683
32   H               -3.0917               2.7280              -2.6485
33   H               -1.3556               3.0121              -2.4559
34   H               -1.2450              -1.2514               2.8047
35   H               -2.2638              -0.0384               3.5949
36   H               -3.0036              -1.3678               2.6936
37   H                3.3487               2.2158              -1.2009
38   H                5.8330               1.3184              -1.2162
39   H                9.7446              -2.7933               1.0878
40   H                7.8887              -2.2961               2.6701
41   H                5.7476              -1.3884               1.8696


Energy:                -2548.702744 Convergence criteria  Is converged 
Maximum Force:             0.002074     0.002850  Yes
RMS Force:                 0.001376     0.001900  Yes
Maximum Displacement:      0.002704     0.003150  Yes
RMS Displacement:          0.001721     0.002100  Yes

LBFGS converged at iteration 24.
Final frame written to /home/hungn/Desktop/MyRepo/MLP/MAPLE/maple/function/dispatcher/parmfit/example/PPI_torsionfit_8-15_opt.xyz
Complete trajectory written to /home/hungn/Desktop/MyRepo/MLP/MAPLE/maple/function/dispatcher/parmfit/example/PPI_torsionfit_8-15_traj.xyz

----------------------------------------------------------------------
            Scanning combination 51/73: [429.98]

======================================================================
LBFGS Parameters
======================================================================
memory:     5
curvature:  70.0
max_step:   0.2
max_iter:   256
write_traj: False
traj_every: 1
verbose:    0
======================================================================


                             Coordinates                              
----------------------------------------------------------------------
0    C               -0.9723               0.9577              -0.5854
1    C               -0.9775               0.3927               0.7214
2    C               -2.1438               0.1648               1.4415
3    C               -3.3203               0.7367               0.9216
4    C               -3.2946               1.4041              -0.3346
5    C               -2.1466               1.5216              -1.1167
6    C                0.3374               0.8951              -1.1691
7    C                1.3104               0.4744              -0.3204
8    S                0.6481              -0.0150               1.2252
9    C               -4.6376               0.7537               1.5036
10   C               -5.5497               1.3888               0.7400
11   S               -4.8819               2.0126              -0.7318
12   C               -2.1333               2.2373              -2.4401
13   C               -2.1636              -0.6594               2.7006
14   C                2.7127               0.2284              -0.6567
15   C                3.6375               1.1910              -0.9720
16   C                4.9745               0.7144              -0.9614
17   C                5.0721              -0.5944              -0.5700
18   S                3.5080              -1.2690              -0.2672
19   C                6.2976              -1.2959              -0.1758
20   C                7.3213              -1.6314              -1.1129
21   C                8.5661              -2.1967              -0.6436
22   C                8.7871              -2.4155               0.7468
23   C                7.7668              -2.1293               1.6037
24   C                6.5318              -1.5934               1.1467
25   N                7.2705              -1.5132              -2.4381
26   S                8.6819              -2.0682              -3.0101
27   N                9.4211              -2.4788              -1.6280
28   H                0.5533               1.1754              -2.1950
29   H               -4.8616               0.3077               2.4680
30   H               -6.6040               1.5262               0.9469
31   H               -1.9203               1.5470              -3.2665
32   H               -3.0914               2.7211              -2.6481
33   H               -1.3522               3.0086              -2.4538
34   H               -1.2472              -1.2452               2.8088
35   H               -2.2667              -0.0351               3.5963
36   H               -3.0098              -1.3562               2.6931
37   H                3.3481               2.2096              -1.2012
38   H                5.8409               1.3160              -1.2122
39   H                9.7433              -2.8038               1.0839
40   H                7.8910              -2.2993               2.6691
41   H                5.7504              -1.3863               1.8698


Energy:                -2548.701440 Convergence criteria  Is converged 
Maximum Force:             0.002802     0.002850  Yes
RMS Force:                 0.001420     0.001900  Yes
Maximum Displacement:      0.001408     0.003150  Yes
RMS Displacement:          0.000683     0.002100  Yes

LBFGS converged at iteration 7.
Final frame written to /home/hungn/Desktop/MyRepo/MLP/MAPLE/maple/function/dispatcher/parmfit/example/PPI_torsionfit_8-15_opt.xyz
Complete trajectory written to /home/hungn/Desktop/MyRepo/MLP/MAPLE/maple/function/dispatcher/parmfit/example/PPI_torsionfit_8-15_traj.xyz

----------------------------------------------------------------------
            Scanning combination 52/73: [434.98]

======================================================================
LBFGS Parameters
======================================================================
memory:     5
curvature:  70.0
max_step:   0.2
max_iter:   256
write_traj: False
traj_every: 1
verbose:    0
======================================================================


                             Coordinates                              
----------------------------------------------------------------------
0    C               -0.8964               0.9402              -0.4371
1    C               -0.9791               0.7806               0.9750
2    C               -2.1872               0.6737               1.6581
3    C               -3.3592               0.8235               0.8934
4    C               -3.2769               0.9900              -0.5165
5    C               -2.0682               1.0341              -1.2096
6    C                0.4706               0.9404              -0.8819
7    C                1.3819               0.7962               0.1136
8    S                0.6196               0.6780               1.6809
9    C               -4.7268               0.8413               1.3481
10   C               -5.6204               0.9997               0.3497
11   S               -4.8741               1.1275              -1.2084
12   C               -1.9905               1.1673              -2.7044
13   C               -2.2494               0.4029               3.1372
14   C                2.8327               0.6237              -0.0403
15   C                3.7833               1.5556              -0.3717
16   C                5.0851               1.0009              -0.5177
17   C                5.1331              -0.3491              -0.2605
18   S                3.5453              -0.9444               0.1307
19   C                6.2889              -1.2477              -0.1942
20   C                7.4586              -1.0779              -1.0120
21   C                8.5340              -2.0446              -0.9487
22   C                8.4757              -3.1472              -0.0510
23   C                7.3730              -3.2503               0.7411
24   C                6.3018              -2.3195               0.6738
25   N                7.7073              -0.1059              -1.8884
26   S                9.1442              -0.4177              -2.5599
27   N                9.5396              -1.7813              -1.7835
28   H                0.7618               1.0245              -1.9244
29   H               -5.0029               0.7453               2.3930
30   H               -6.6987               1.0611               0.4312
31   H               -1.5309               0.2765              -3.1509
32   H               -2.9778               1.2951              -3.1551
33   H               -1.3691               2.0256              -2.9886
34   H               -1.3489              -0.1096               3.4850
35   H               -2.3433               1.3301               3.7160
36   H               -3.1144              -0.2227               3.3842
37   H                3.5568               2.6083              -0.4900
38   H                5.9669               1.5543              -0.8232
39   H                9.2950              -3.8595              -0.0168
40   H                7.2921              -4.0697               1.4488
41   H                5.4641              -2.4505               1.3513


Energy:                -2548.709536 Convergence criteria  Is converged 
Maximum Force:             0.001927     0.002850  Yes
RMS Force:                 0.001010     0.001900  Yes
Maximum Displacement:      0.001572     0.003150  Yes
RMS Displacement:          0.000738     0.002100  Yes

LBFGS converged at iteration 77.
Final frame written to /home/hungn/Desktop/MyRepo/MLP/MAPLE/maple/function/dispatcher/parmfit/example/PPI_torsionfit_8-15_opt.xyz
Complete trajectory written to /home/hungn/Desktop/MyRepo/MLP/MAPLE/maple/function/dispatcher/parmfit/example/PPI_torsionfit_8-15_traj.xyz

----------------------------------------------------------------------
            Scanning combination 53/73: [439.98]

======================================================================
LBFGS Parameters
======================================================================
memory:     5
curvature:  70.0
max_step:   0.2
max_iter:   256
write_traj: False
traj_every: 1
verbose:    0
======================================================================


                             Coordinates                              
----------------------------------------------------------------------
0    C               -0.8967               0.9186              -0.4392
1    C               -0.9745               0.7792               0.9750
2    C               -2.1816               0.6736               1.6610
3    C               -3.3553               0.8289               0.8983
4    C               -3.2724               0.9991              -0.5114
5    C               -2.0669               1.0270              -1.2089
6    C                0.4650               0.9105              -0.8938
7    C                1.3828               0.8011               0.0984
8    S                0.6297               0.7112               1.6741
9    C               -4.7247               0.8425               1.3504
10   C               -5.6156               1.0065               0.3500
11   S               -4.8658               1.1580              -1.2037
12   C               -1.9882               1.1678              -2.7027
13   C               -2.2458               0.4130               3.1417
14   C                2.8280               0.6124              -0.0772
15   C                3.7846               1.5490              -0.3744
16   C                5.0889               0.9944              -0.4911
17   C                5.1288              -0.3599              -0.2565
18   S                3.5344              -0.9572               0.0969
19   C                6.2839              -1.2569              -0.1889
20   C                7.4493              -1.0765              -1.0088
21   C                8.5336              -2.0311              -0.9455
22   C                8.4812              -3.1368              -0.0513
23   C                7.3785              -3.2549               0.7394
24   C                6.2993              -2.3334               0.6731
25   N                7.6845              -0.1032              -1.8879
26   S                9.1248              -0.3981              -2.5585
27   N                9.5373              -1.7549              -1.7788
28   H                0.7452               0.9850              -1.9402
29   H               -5.0079               0.7440               2.3935
30   H               -6.6952               1.0389               0.4271
31   H               -1.5211               0.2835              -3.1552
32   H               -2.9756               1.2965              -3.1535
33   H               -1.3704               2.0323              -2.9758
34   H               -1.3504              -0.1011               3.5012
35   H               -2.3437               1.3460               3.7105
36   H               -3.1142              -0.2070               3.3890
37   H                3.5529               2.5986              -0.5120
38   H                5.9821               1.5488              -0.7557
39   H                9.3054              -3.8426              -0.0199
40   H                7.3053              -4.0770               1.4451
41   H                5.4575              -2.4768               1.3427


Energy:                -2548.709572 Convergence criteria  Is converged 
Maximum Force:             0.001409     0.002850  Yes
RMS Force:                 0.000641     0.001900  Yes
Maximum Displacement:      0.001080     0.003150  Yes
RMS Displacement:          0.000493     0.002100  Yes

LBFGS converged at iteration 16.
Final frame written to /home/hungn/Desktop/MyRepo/MLP/MAPLE/maple/function/dispatcher/parmfit/example/PPI_torsionfit_8-15_opt.xyz
Complete trajectory written to /home/hungn/Desktop/MyRepo/MLP/MAPLE/maple/function/dispatcher/parmfit/example/PPI_torsionfit_8-15_traj.xyz

----------------------------------------------------------------------
            Scanning combination 54/73: [444.98]

======================================================================
LBFGS Parameters
======================================================================
memory:     5
curvature:  70.0
max_step:   0.2
max_iter:   256
write_traj: False
traj_every: 1
verbose:    0
======================================================================


                             Coordinates                              
----------------------------------------------------------------------
0    C               -0.8969               0.9172              -0.4388
1    C               -0.9744               0.7788               0.9752
2    C               -2.1816               0.6738               1.6608
3    C               -3.3552               0.8296               0.8982
4    C               -3.2725               0.9992              -0.5117
5    C               -2.0671               1.0269              -1.2089
6    C                0.4638               0.8985              -0.8924
7    C                1.3852               0.8214               0.0990
8    S                0.6301               0.7116               1.6754
9    C               -4.7246               0.8424               1.3502
10   C               -5.6158               1.0059               0.3503
11   S               -4.8665               1.1576              -1.2036
12   C               -1.9883               1.1679              -2.7027
13   C               -2.2456               0.4137               3.1417
14   C                2.8242               0.6089              -0.0984
15   C                3.7865               1.5486              -0.3615
16   C                5.0889               0.9941              -0.4893
17   C                5.1289              -0.3597              -0.2553
18   S                3.5339              -0.9592               0.0959
19   C                6.2837              -1.2571              -0.1889
20   C                7.4491              -1.0764              -1.0091
21   C                8.5338              -2.0307              -0.9457
22   C                8.4815              -3.1367              -0.0514
23   C                7.3787              -3.2551               0.7393
24   C                6.2992              -2.3340               0.6727
25   N                7.6846              -0.1029              -1.8879
26   S                9.1251              -0.3976              -2.5585
27   N                9.5375              -1.7546              -1.7790
28   H                0.7449               0.9827              -1.9380
29   H               -5.0076               0.7435               2.3934
30   H               -6.6954               1.0396               0.4274
31   H               -1.5211               0.2838              -3.1549
32   H               -2.9755               1.2967              -3.1539
33   H               -1.3708               2.0323              -2.9763
34   H               -1.3501              -0.1008               3.5007
35   H               -2.3435               1.3467               3.7109
36   H               -3.1139              -0.2067               3.3888
37   H                3.5534               2.5968              -0.5101
38   H                5.9821               1.5489              -0.7554
39   H                9.3058              -3.8422              -0.0195
40   H                7.3053              -4.0774               1.4452
41   H                5.4575              -2.4772               1.3426


Energy:                -2548.708860 Convergence criteria  Is converged 
Maximum Force:             0.002515     0.002850  Yes
RMS Force:                 0.001088     0.001900  Yes
Maximum Displacement:      0.002021     0.003150  Yes
RMS Displacement:          0.000803     0.002100  Yes

LBFGS converged at iteration 4.
Final frame written to /home/hungn/Desktop/MyRepo/MLP/MAPLE/maple/function/dispatcher/parmfit/example/PPI_torsionfit_8-15_opt.xyz
Complete trajectory written to /home/hungn/Desktop/MyRepo/MLP/MAPLE/maple/function/dispatcher/parmfit/example/PPI_torsionfit_8-15_traj.xyz

----------------------------------------------------------------------
            Scanning combination 55/73: [449.98]

======================================================================
LBFGS Parameters
======================================================================
memory:     5
curvature:  70.0
max_step:   0.2
max_iter:   256
write_traj: False
traj_every: 1
verbose:    0
======================================================================


                             Coordinates                              
----------------------------------------------------------------------
0    C               -0.9049               0.8995              -0.4489
1    C               -0.9723               0.8028               0.9687
2    C               -2.1763               0.6865               1.6592
3    C               -3.3544               0.8269               0.8994
4    C               -3.2781               0.9895              -0.5117
5    C               -2.0765               1.0127              -1.2139
6    C                0.4511               0.8643              -0.9154
7    C                1.3802               0.8273               0.0698
8    S                0.6400               0.7903               1.6561
9    C               -4.7222               0.8402               1.3564
10   C               -5.6170               1.0055               0.3592
11   S               -4.8732               1.1497              -1.1980
12   C               -1.9964               1.1625              -2.7058
13   C               -2.2347               0.4298               3.1413
14   C                2.8232               0.6189              -0.1232
15   C                3.8011               1.5571              -0.3282
16   C                5.0994               0.9909              -0.4463
17   C                5.1187              -0.3722              -0.2752
18   S                3.5065              -0.9684              -0.0079
19   C                6.2754              -1.2680              -0.1954
20   C                7.4446              -1.0776              -1.0077
21   C                8.5341              -2.0253              -0.9437
22   C                8.4865              -3.1317              -0.0501
23   C                7.3802              -3.2597               0.7352
24   C                6.2933              -2.3456               0.6646
25   N                7.6764              -0.0998              -1.8828
26   S                9.1195              -0.3843              -2.5511
27   N                9.5377              -1.7412              -1.7745
28   H                0.7210               0.8881              -1.9666
29   H               -5.0026               0.7364               2.3997
30   H               -6.6959               1.0493               0.4404
31   H               -1.5222               0.2844              -3.1626
32   H               -2.9826               1.2916              -3.1583
33   H               -1.3808               2.0319              -2.9679
34   H               -1.3363              -0.0818               3.4969
35   H               -2.3348               1.3615               3.7119
36   H               -3.0999              -0.1931               3.3923
37   H                3.5835               2.6152              -0.4229
38   H                6.0060               1.5433              -0.6698
39   H                9.3187              -3.8283              -0.0139
40   H                7.3133              -4.0844               1.4389
41   H                5.4478              -2.4957               1.3284


Energy:                -2548.708398 Convergence criteria  Is converged 
Maximum Force:             0.002235     0.002850  Yes
RMS Force:                 0.001071     0.001900  Yes
Maximum Displacement:      0.001962     0.003150  Yes
RMS Displacement:          0.000887     0.002100  Yes

LBFGS converged at iteration 15.
Final frame written to /home/hungn/Desktop/MyRepo/MLP/MAPLE/maple/function/dispatcher/parmfit/example/PPI_torsionfit_8-15_opt.xyz
Complete trajectory written to /home/hungn/Desktop/MyRepo/MLP/MAPLE/maple/function/dispatcher/parmfit/example/PPI_torsionfit_8-15_traj.xyz

----------------------------------------------------------------------
            Scanning combination 56/73: [454.98]

======================================================================
LBFGS Parameters
======================================================================
memory:     5
curvature:  70.0
max_step:   0.2
max_iter:   256
write_traj: False
traj_every: 1
verbose:    0
======================================================================


                             Coordinates                              
----------------------------------------------------------------------
0    C               -0.9104               0.8814              -0.4775
1    C               -0.9681               0.8212               0.9429
2    C               -2.1638               0.7152               1.6474
3    C               -3.3490               0.8394               0.8976
4    C               -3.2866               0.9838              -0.5163
5    C               -2.0907               0.9949              -1.2310
6    C                0.4448               0.8195              -0.9493
7    C                1.3753               0.8044               0.0366
8    S                0.6451               0.8285               1.6244
9    C               -4.7117               0.8476               1.3690
10   C               -5.6172               0.9975               0.3800
11   S               -4.8908               1.1300              -1.1868
12   C               -2.0261               1.1440              -2.7243
13   C               -2.2001               0.4725               3.1317
14   C                2.8223               0.6125              -0.1315
15   C                3.8063               1.5603              -0.2421
16   C                5.1076               0.9969              -0.3515
17   C                5.1159              -0.3748              -0.2849
18   S                3.4972              -0.9811              -0.1028
19   C                6.2649              -1.2805              -0.2291
20   C                7.4404              -1.0804              -1.0272
21   C                8.5403              -2.0136              -0.9397
22   C                8.4872              -3.1210              -0.0472
23   C                7.3665              -3.2657               0.7138
24   C                6.2707              -2.3663               0.6195
25   N                7.6736              -0.1039              -1.9043
26   S                9.1357              -0.3683              -2.5394
27   N                9.5584              -1.7158              -1.7483
28   H                0.7185               0.7928              -2.0000
29   H               -4.9805               0.7525               2.4164
30   H               -6.6954               1.0342               0.4732
31   H               -1.5527               0.2682              -3.1856
32   H               -3.0173               1.2681              -3.1675
33   H               -1.4169               2.0160              -2.9942
34   H               -1.2885              -0.0237               3.4760
35   H               -2.3033               1.4080               3.6953
36   H               -3.0530              -0.1607               3.3986
37   H                3.5957               2.6231              -0.2665
38   H                6.0227               1.5635              -0.4853
39   H                9.3274              -3.8062               0.0084
40   H                7.2959              -4.0872               1.4208
41   H                5.4071              -2.5277               1.2568


Energy:                -2548.708129 Convergence criteria  Is converged 
Maximum Force:             0.001626     0.002850  Yes
RMS Force:                 0.000707     0.001900  Yes
Maximum Displacement:      0.000754     0.003150  Yes
RMS Displacement:          0.000322     0.002100  Yes

LBFGS converged at iteration 18.
Final frame written to /home/hungn/Desktop/MyRepo/MLP/MAPLE/maple/function/dispatcher/parmfit/example/PPI_torsionfit_8-15_opt.xyz
Complete trajectory written to /home/hungn/Desktop/MyRepo/MLP/MAPLE/maple/function/dispatcher/parmfit/example/PPI_torsionfit_8-15_traj.xyz

----------------------------------------------------------------------
            Scanning combination 57/73: [459.98]

======================================================================
LBFGS Parameters
======================================================================
memory:     5
curvature:  70.0
max_step:   0.2
max_iter:   256
write_traj: False
traj_every: 1
verbose:    0
======================================================================


                             Coordinates                              
----------------------------------------------------------------------
0    C               -0.9103               0.8803              -0.4768
1    C               -0.9679               0.8207               0.9431
2    C               -2.1638               0.7153               1.6473
3    C               -3.3490               0.8399               0.8976
4    C               -3.2866               0.9835              -0.5164
5    C               -2.0906               0.9948              -1.2309
6    C                0.4437               0.8060              -0.9464
7    C                1.3779               0.8253               0.0356
8    S                0.6456               0.8280               1.6261
9    C               -4.7118               0.8478               1.3688
10   C               -5.6175               0.9969               0.3799
11   S               -4.8910               1.1299              -1.1869
12   C               -2.0264               1.1438              -2.7244
13   C               -2.2000               0.4730               3.1317
14   C                2.8193               0.6122              -0.1539
15   C                3.8075               1.5584              -0.2274
16   C                5.1076               0.9967              -0.3495
17   C                5.1161              -0.3747              -0.2842
18   S                3.4970              -0.9829              -0.1043
19   C                6.2650              -1.2805              -0.2290
20   C                7.4405              -1.0802              -1.0271
21   C                8.5406              -2.0134              -0.9395
22   C                8.4877              -3.1206              -0.0467
23   C                7.3667              -3.2659               0.7136
24   C                6.2705              -2.3668               0.6190
25   N                7.6740              -0.1035              -1.9039
26   S                9.1359              -0.3684              -2.5396
27   N                9.5585              -1.7159              -1.7486
28   H                0.7178               0.7929              -1.9974
29   H               -4.9800               0.7528               2.4163
30   H               -6.6957               1.0344               0.4732
31   H               -1.5531               0.2679              -3.1855
32   H               -3.0175               1.2679              -3.1678
33   H               -1.4174               2.0157              -2.9950
34   H               -1.2884              -0.0232               3.4761
35   H               -2.3031               1.4088               3.6951
36   H               -3.0527              -0.1605               3.3989
37   H                3.5955               2.6209              -0.2648
38   H                6.0222               1.5637              -0.4852
39   H                9.3276              -3.8062               0.0085
40   H                7.2955              -4.0880               1.4200
41   H                5.4072              -2.5279               1.2567


Energy:                -2548.707137 Convergence criteria  Is converged 
Maximum Force:             0.002683     0.002850  Yes
RMS Force:                 0.001026     0.001900  Yes
Maximum Displacement:      0.001270     0.003150  Yes
RMS Displacement:          0.000527     0.002100  Yes

LBFGS converged at iteration 4.
Final frame written to /home/hungn/Desktop/MyRepo/MLP/MAPLE/maple/function/dispatcher/parmfit/example/PPI_torsionfit_8-15_opt.xyz
Complete trajectory written to /home/hungn/Desktop/MyRepo/MLP/MAPLE/maple/function/dispatcher/parmfit/example/PPI_torsionfit_8-15_traj.xyz

----------------------------------------------------------------------
            Scanning combination 58/73: [464.98]

======================================================================
LBFGS Parameters
======================================================================
memory:     5
curvature:  70.0
max_step:   0.2
max_iter:   256
write_traj: False
traj_every: 1
verbose:    0
======================================================================


                             Coordinates                              
----------------------------------------------------------------------
0    C               -0.9183               0.8651              -0.5170
1    C               -0.9598               0.8264               0.9051
2    C               -2.1441               0.7542               1.6301
3    C               -3.3383               0.8550               0.8941
4    C               -3.2976               0.9517              -0.5242
5    C               -2.1108               0.9582              -1.2562
6    C                0.4336               0.8002              -0.9999
7    C                1.3712               0.7880              -0.0202
8    S                0.6570               0.8171               1.5721
9    C               -4.6914               0.8705               1.3887
10   C               -5.6156               0.9771               0.4111
11   S               -4.9154               1.0596              -1.1719
12   C               -2.0784               1.0686              -2.7548
13   C               -2.1530               0.5705               3.1229
14   C                2.8220               0.6118              -0.1702
15   C                3.8085               1.5575              -0.0793
16   C                5.1156               1.0036              -0.1780
17   C                5.1205              -0.3631              -0.3073
18   S                3.4959              -0.9751              -0.3192
19   C                6.2627              -1.2812              -0.2759
20   C                7.4579              -1.0653              -1.0385
21   C                8.5598              -1.9949              -0.9285
22   C                8.4852              -3.1157              -0.0542
23   C                7.3335              -3.2902               0.6519
24   C                6.2361              -2.3961               0.5325
25   N                7.7092              -0.0809              -1.9019
26   S                9.1900              -0.3353              -2.5003
27   N                9.5987              -1.6858              -1.7061
28   H                0.7002               0.7812              -2.0523
29   H               -4.9350               0.8082               2.4441
30   H               -6.6917               1.0182               0.5245
31   H               -1.6244               0.1763              -3.2032
32   H               -3.0799               1.1866              -3.1771
33   H               -1.4715               1.9272              -3.0690
34   H               -1.2226               0.1146               3.4712
35   H               -2.2706               1.5274               3.6461
36   H               -2.9819              -0.0749               3.4329
37   H                3.5946               2.6140               0.0322
38   H                6.0353               1.5755              -0.1510
39   H                9.3276              -3.7969               0.0180
40   H                7.2371              -4.1330               1.3298
41   H                5.3452              -2.5772               1.1253


Energy:                -2548.707227 Convergence criteria  Is converged 
Maximum Force:             0.001181     0.002850  Yes
RMS Force:                 0.000836     0.001900  Yes
Maximum Displacement:      0.002243     0.003150  Yes
RMS Displacement:          0.001163     0.002100  Yes

LBFGS converged at iteration 31.
Final frame written to /home/hungn/Desktop/MyRepo/MLP/MAPLE/maple/function/dispatcher/parmfit/example/PPI_torsionfit_8-15_opt.xyz
Complete trajectory written to /home/hungn/Desktop/MyRepo/MLP/MAPLE/maple/function/dispatcher/parmfit/example/PPI_torsionfit_8-15_traj.xyz

----------------------------------------------------------------------
            Scanning combination 59/73: [469.98]

======================================================================
LBFGS Parameters
======================================================================
memory:     5
curvature:  70.0
max_step:   0.2
max_iter:   256
write_traj: False
traj_every: 1
verbose:    0
======================================================================


                             Coordinates                              
----------------------------------------------------------------------
0    C               -0.9187               0.8635              -0.5161
1    C               -0.9598               0.8258               0.9053
2    C               -2.1441               0.7536               1.6304
3    C               -3.3384               0.8543               0.8943
4    C               -3.2976               0.9527              -0.5240
5    C               -2.1110               0.9578              -1.2562
6    C                0.4327               0.7853              -0.9972
7    C                1.3739               0.8098              -0.0217
8    S                0.6576               0.8183               1.5737
9    C               -4.6918               0.8702               1.3884
10   C               -5.6156               0.9777               0.4111
11   S               -4.9155               1.0597              -1.1718
12   C               -2.0784               1.0680              -2.7549
13   C               -2.1531               0.5709               3.1233
14   C                2.8202               0.6154              -0.1929
15   C                3.8093               1.5534              -0.0647
16   C                5.1161               1.0024              -0.1763
17   C                5.1208              -0.3635              -0.3077
18   S                3.4952              -0.9767              -0.3214
19   C                6.2626              -1.2811              -0.2754
20   C                7.4582              -1.0646              -1.0375
21   C                8.5601              -1.9946              -0.9283
22   C                8.4848              -3.1164              -0.0554
23   C                7.3336              -3.2910               0.6512
24   C                6.2367              -2.3959               0.5333
25   N                7.7089              -0.0808              -1.9018
26   S                9.1900              -0.3346              -2.4998
27   N                9.5987              -1.6856              -1.7064
28   H                0.6992               0.7804              -2.0501
29   H               -4.9356               0.8088               2.4441
30   H               -6.6918               1.0177               0.5239
31   H               -1.6243               0.1756              -3.2034
32   H               -3.0797               1.1864              -3.1772
33   H               -1.4717               1.9271              -3.0685
34   H               -1.2227               0.1150               3.4718
35   H               -2.2710               1.5280               3.6466
36   H               -2.9825              -0.0742               3.4328
37   H                3.5957               2.6118               0.0335
38   H                6.0357               1.5763              -0.1513
39   H                9.3278              -3.7966               0.0183
40   H                7.2371              -4.1337               1.3294
41   H                5.3455              -2.5777               1.1251


Energy:                -2548.706252 Convergence criteria  Is converged 
Maximum Force:             0.002729     0.002850  Yes
RMS Force:                 0.001229     0.001900  Yes
Maximum Displacement:      0.001449     0.003150  Yes
RMS Displacement:          0.000644     0.002100  Yes

LBFGS converged at iteration 4.
Final frame written to /home/hungn/Desktop/MyRepo/MLP/MAPLE/maple/function/dispatcher/parmfit/example/PPI_torsionfit_8-15_opt.xyz
Complete trajectory written to /home/hungn/Desktop/MyRepo/MLP/MAPLE/maple/function/dispatcher/parmfit/example/PPI_torsionfit_8-15_traj.xyz

----------------------------------------------------------------------
            Scanning combination 60/73: [474.98]

======================================================================
LBFGS Parameters
======================================================================
memory:     5
curvature:  70.0
max_step:   0.2
max_iter:   256
write_traj: False
traj_every: 1
verbose:    0
======================================================================


                             Coordinates                              
----------------------------------------------------------------------
0    C               -0.9209               0.8398              -0.5161
1    C               -0.9552               0.8232               0.9059
2    C               -2.1397               0.7499               1.6336
3    C               -3.3372               0.8499               0.8992
4    C               -3.2972               0.9434              -0.5195
5    C               -2.1129               0.9346              -1.2537
6    C                0.4250               0.7736              -1.0107
7    C                1.3762               0.8379              -0.0467
8    S                0.6697               0.8825               1.5581
9    C               -4.6930               0.8721               1.3903
10   C               -5.6146               0.9808               0.4113
11   S               -4.9122               1.0661              -1.1696
12   C               -2.0792               1.0544              -2.7513
13   C               -2.1534               0.5783               3.1290
14   C                2.8243               0.6426              -0.2258
15   C                3.8231               1.5631              -0.0522
16   C                5.1230               0.9976              -0.1555
17   C                5.1162              -0.3644              -0.3168
18   S                3.4846              -0.9545              -0.4075
19   C                6.2580              -1.2851              -0.2727
20   C                7.4555              -1.0639              -1.0307
21   C                8.5584              -1.9929              -0.9276
22   C                8.4840              -3.1191              -0.0600
23   C                7.3327              -3.2981               0.6446
24   C                6.2338              -2.4027               0.5330
25   N                7.7052              -0.0745              -1.8893
26   S                9.1854              -0.3237              -2.4903
27   N                9.5958              -1.6789              -1.7051
28   H                0.6713               0.7303              -2.0666
29   H               -4.9436               0.8149               2.4449
30   H               -6.6922               1.0140               0.5186
31   H               -1.6233               0.1669              -3.2070
32   H               -3.0790               1.1783              -3.1752
33   H               -1.4731               1.9174              -3.0546
34   H               -1.2245               0.1243               3.4851
35   H               -2.2768               1.5370               3.6491
36   H               -2.9857              -0.0640               3.4372
37   H                3.6265               2.6192               0.0934
38   H                6.0490               1.5596              -0.1112
39   H                9.3299              -3.7964               0.0140
40   H                7.2379              -4.1458               1.3177
41   H                5.3452              -2.5891               1.1269


Energy:                -2548.705342 Convergence criteria  Is converged 
Maximum Force:             0.002536     0.002850  Yes
RMS Force:                 0.001228     0.001900  Yes
Maximum Displacement:      0.002908     0.003150  Yes
RMS Displacement:          0.001048     0.002100  Yes

LBFGS converged at iteration 12.
Final frame written to /home/hungn/Desktop/MyRepo/MLP/MAPLE/maple/function/dispatcher/parmfit/example/PPI_torsionfit_8-15_opt.xyz
Complete trajectory written to /home/hungn/Desktop/MyRepo/MLP/MAPLE/maple/function/dispatcher/parmfit/example/PPI_torsionfit_8-15_traj.xyz

----------------------------------------------------------------------
            Scanning combination 61/73: [479.98]

======================================================================
LBFGS Parameters
======================================================================
memory:     5
curvature:  70.0
max_step:   0.2
max_iter:   256
write_traj: False
traj_every: 1
verbose:    0
======================================================================


                             Coordinates                              
----------------------------------------------------------------------
0    C               -0.9222               0.8267              -0.5227
1    C               -0.9494               0.8468               0.8991
2    C               -2.1318               0.7659               1.6305
3    C               -3.3339               0.8479               0.8997
4    C               -3.2999               0.9268              -0.5198
5    C               -2.1176               0.9119              -1.2565
6    C                0.4218               0.7513              -1.0244
7    C                1.3785               0.8530              -0.0688
8    S                0.6794               0.9468               1.5385
9    C               -4.6886               0.8704               1.3946
10   C               -5.6137               0.9763               0.4187
11   S               -4.9173               1.0468              -1.1657
12   C               -2.0852               1.0325              -2.7537
13   C               -2.1426               0.5967               3.1259
14   C                2.8302               0.6675              -0.2420
15   C                3.8357               1.5697              -0.0094
16   C                5.1315               0.9912              -0.1043
17   C                5.1120              -0.3617              -0.3305
18   S                3.4783              -0.9254              -0.4935
19   C                6.2467              -1.2911              -0.2919
20   C                7.4500              -1.0631              -1.0384
21   C                8.5543              -1.9895              -0.9299
22   C                8.4746              -3.1189              -0.0673
23   C                7.3198              -3.3009               0.6311
24   C                6.2187              -2.4086               0.5130
25   N                7.7057              -0.0662              -1.8866
26   S                9.1928              -0.3071              -2.4742
27   N                9.5984              -1.6676              -1.6953
28   H                0.6548               0.6597              -2.0807
29   H               -4.9360               0.8179               2.4503
30   H               -6.6906               1.0240               0.5302
31   H               -1.6290               0.1457              -3.2096
32   H               -3.0843               1.1575              -3.1787
33   H               -1.4782               1.8957              -3.0557
34   H               -1.2109               0.1483               3.4816
35   H               -2.2727               1.5559               3.6430
36   H               -2.9707              -0.0514               3.4345
37   H                3.6541               2.6213               0.1813
38   H                6.0625               1.5387              -0.0111
39   H                9.3191              -3.7975               0.0071
40   H                7.2241              -4.1484               1.3040
41   H                5.3287              -2.5966               1.1043


Energy:                -2548.704326 Convergence criteria  Is converged 
Maximum Force:             0.002267     0.002850  Yes
RMS Force:                 0.001217     0.001900  Yes
Maximum Displacement:      0.001883     0.003150  Yes
RMS Displacement:          0.000972     0.002100  Yes

LBFGS converged at iteration 13.
Final frame written to /home/hungn/Desktop/MyRepo/MLP/MAPLE/maple/function/dispatcher/parmfit/example/PPI_torsionfit_8-15_opt.xyz
Complete trajectory written to /home/hungn/Desktop/MyRepo/MLP/MAPLE/maple/function/dispatcher/parmfit/example/PPI_torsionfit_8-15_traj.xyz

----------------------------------------------------------------------
            Scanning combination 62/73: [484.98]

======================================================================
LBFGS Parameters
======================================================================
memory:     5
curvature:  70.0
max_step:   0.2
max_iter:   256
write_traj: False
traj_every: 1
verbose:    0
======================================================================


                             Coordinates                              
----------------------------------------------------------------------
0    C               -0.9168               0.8253              -0.5503
1    C               -0.9416               0.8910               0.8711
2    C               -2.1125               0.7983               1.6172
3    C               -3.3185               0.8528               0.8946
4    C               -3.2947               0.9019              -0.5269
5    C               -2.1191               0.8822              -1.2769
6    C                0.4306               0.7258              -1.0451
7    C                1.3799               0.8447              -0.0824
8    S                0.6812               1.0349               1.5072
9    C               -4.6667               0.8853               1.4042
10   C               -5.6021               0.9612               0.4335
11   S               -4.9186               1.0012              -1.1582
12   C               -2.1049               0.9648              -2.7778
13   C               -2.1017               0.6519               3.1151
14   C                2.8334               0.6820              -0.2231
15   C                3.8290               1.5641               0.1106
16   C                5.1276               0.9906               0.0109
17   C                5.1148              -0.3321              -0.3546
18   S                3.4893              -0.8666              -0.6349
19   C                6.2358              -1.2780              -0.3237
20   C                7.4482              -1.0488              -1.0505
21   C                8.5482              -1.9790              -0.9302
22   C                8.4506              -3.1181              -0.0824
23   C                7.2760              -3.3137               0.5803
24   C                6.1814              -2.4146               0.4520
25   N                7.7127              -0.0496              -1.8921
26   S                9.2109              -0.2875              -2.4554
27   N                9.6046              -1.6518              -1.6761
28   H                0.6762               0.5932              -2.0955
29   H               -4.9012               0.8577               2.4635
30   H               -6.6775               0.9960               0.5556
31   H               -1.6592               0.0674              -3.2260
32   H               -3.1102               1.0877              -3.1891
33   H               -1.4981               1.8202              -3.1005
34   H               -1.1545               0.2340               3.4666
35   H               -2.2490               1.6145               3.6208
36   H               -2.9070              -0.0124               3.4473
37   H                3.6377               2.5934               0.3966
38   H                6.0509               1.5150               0.2307
39   H                9.2945              -3.7958               0.0048
40   H                7.1632              -4.1744               1.2329
41   H                5.2744              -2.6156               1.0129


Energy:                -2548.703955 Convergence criteria  Is converged 
Maximum Force:             0.002264     0.002850  Yes
RMS Force:                 0.001311     0.001900  Yes
Maximum Displacement:      0.001825     0.003150  Yes
RMS Displacement:          0.000780     0.002100  Yes

LBFGS converged at iteration 17.
Final frame written to /home/hungn/Desktop/MyRepo/MLP/MAPLE/maple/function/dispatcher/parmfit/example/PPI_torsionfit_8-15_opt.xyz
Complete trajectory written to /home/hungn/Desktop/MyRepo/MLP/MAPLE/maple/function/dispatcher/parmfit/example/PPI_torsionfit_8-15_traj.xyz

----------------------------------------------------------------------
            Scanning combination 63/73: [489.98]

======================================================================
LBFGS Parameters
======================================================================
memory:     5
curvature:  70.0
max_step:   0.2
max_iter:   256
write_traj: False
traj_every: 1
verbose:    0
======================================================================


                             Coordinates                              
----------------------------------------------------------------------
0    C               -0.9183               0.8142              -0.5456
1    C               -0.9397               0.8903               0.8749
2    C               -2.1126               0.8031               1.6178
3    C               -3.3186               0.8561               0.8939
4    C               -3.2960               0.9044              -0.5276
5    C               -2.1193               0.8791              -1.2750
6    C                0.4277               0.7166              -1.0404
7    C                1.3828               0.8718              -0.0899
8    S                0.6868               1.0329               1.5091
9    C               -4.6668               0.8830               1.4031
10   C               -5.6020               0.9602               0.4330
11   S               -4.9209               0.9963              -1.1595
12   C               -2.1044               0.9640              -2.7765
13   C               -2.1019               0.6548               3.1151
14   C                2.8343               0.6938              -0.2484
15   C                3.8316               1.5562               0.1242
16   C                5.1290               0.9834               0.0261
17   C                5.1130              -0.3354              -0.3507
18   S                3.4860              -0.8659              -0.6393
19   C                6.2355              -1.2791              -0.3260
20   C                7.4489              -1.0472              -1.0504
21   C                8.5487              -1.9780              -0.9311
22   C                8.4488              -3.1193              -0.0861
23   C                7.2753              -3.3137               0.5784
24   C                6.1815              -2.4142               0.4510
25   N                7.7140              -0.0468              -1.8904
26   S                9.2121              -0.2851              -2.4544
27   N                9.6056              -1.6501              -1.6760
28   H                0.6765               0.5905              -2.0900
29   H               -4.9009               0.8586               2.4625
30   H               -6.6771               0.9968               0.5551
31   H               -1.6610               0.0648              -3.2218
32   H               -3.1095               1.0841              -3.1894
33   H               -1.4974               1.8174              -3.1060
34   H               -1.1526               0.2383               3.4640
35   H               -2.2491               1.6180               3.6194
36   H               -2.9073              -0.0107               3.4457
37   H                3.6366               2.5856               0.4052
38   H                6.0517               1.5157               0.2294
39   H                9.2930              -3.7961               0.0037
40   H                7.1605              -4.1747               1.2303
41   H                5.2728              -2.6148               1.0090


Energy:                -2548.702934 Convergence criteria  Is converged 
Maximum Force:             0.001466     0.002850  Yes
RMS Force:                 0.000844     0.001900  Yes
Maximum Displacement:      0.001352     0.003150  Yes
RMS Displacement:          0.000620     0.002100  Yes

LBFGS converged at iteration 7.
Final frame written to /home/hungn/Desktop/MyRepo/MLP/MAPLE/maple/function/dispatcher/parmfit/example/PPI_torsionfit_8-15_opt.xyz
Complete trajectory written to /home/hungn/Desktop/MyRepo/MLP/MAPLE/maple/function/dispatcher/parmfit/example/PPI_torsionfit_8-15_traj.xyz

----------------------------------------------------------------------
            Scanning combination 64/73: [494.98]

======================================================================
LBFGS Parameters
======================================================================
memory:     5
curvature:  70.0
max_step:   0.2
max_iter:   256
write_traj: False
traj_every: 1
verbose:    0
======================================================================


                             Coordinates                              
----------------------------------------------------------------------
0    C               -0.8372               0.6585              -0.2715
1    C               -0.9994               1.1642               1.0487
2    C               -2.2502               1.3922               1.6140
3    C               -3.3723               1.0923               0.8143
4    C               -3.1997               0.6399              -0.5231
5    C               -1.9494               0.4456              -1.1037
6    C                0.5379               0.3942              -0.5650
7    C                1.3931               0.6937               0.4460
8    S                0.5644               1.3717               1.8249
9    C               -4.7669               1.1672               1.1678
10   C               -5.5936               0.7958               0.1671
11   S               -4.7467               0.3380              -1.2741
12   C               -1.7633              -0.0003              -2.5274
13   C               -2.4179               1.9021               3.0199
14   C                2.8366               0.4891               0.4244
15   C                3.8491               1.3257               0.8197
16   C                5.1390               0.8103               0.5292
17   C                5.1117              -0.4305              -0.0646
18   S                3.4697              -0.9494              -0.3005
19   C                6.2175              -1.3131              -0.4307
20   C                7.5273              -0.8125              -0.7452
21   C                8.5790              -1.7281              -1.1295
22   C                8.3430              -3.1309              -1.1752
23   C                7.0946              -3.5714              -0.8549
24   C                6.0492              -2.6818              -0.4904
25   N                7.9363               0.4551              -0.7467
26   S                9.4862               0.4605              -1.2066
27   N                9.7334              -1.1252              -1.4153
28   H                0.8799              -0.0106              -1.5121
29   H               -5.1109               1.4858               2.1466
30   H               -6.6758               0.7614               0.1865
31   H               -1.3292              -1.0077              -2.5723
32   H               -2.7088              -0.0169              -3.0750
33   H               -1.0722               0.6680              -3.0557
34   H               -1.4527               2.0547               3.5082
35   H               -2.9623               2.8550               3.0370
36   H               -2.9920               1.1910               3.6273
37   H                3.6659               2.2861               1.2872
38   H                6.0775               1.3232               0.7104
39   H                9.1479              -3.8044              -1.4523
40   H                6.8758              -4.6352              -0.8752
41   H                5.0823              -3.1044              -0.2357


Energy:                -2548.711841 Convergence criteria  Is converged 
Maximum Force:             0.001223     0.002850  Yes
RMS Force:                 0.000807     0.001900  Yes
Maximum Displacement:      0.001302     0.003150  Yes
RMS Displacement:          0.000607     0.002100  Yes

LBFGS converged at iteration 85.
Final frame written to /home/hungn/Desktop/MyRepo/MLP/MAPLE/maple/function/dispatcher/parmfit/example/PPI_torsionfit_8-15_opt.xyz
Complete trajectory written to /home/hungn/Desktop/MyRepo/MLP/MAPLE/maple/function/dispatcher/parmfit/example/PPI_torsionfit_8-15_traj.xyz

----------------------------------------------------------------------
            Scanning combination 65/73: [499.98]

======================================================================
LBFGS Parameters
======================================================================
memory:     5
curvature:  70.0
max_step:   0.2
max_iter:   256
write_traj: False
traj_every: 1
verbose:    0
======================================================================


                             Coordinates                              
----------------------------------------------------------------------
0    C               -0.8400               0.6385              -0.2653
1    C               -0.9983               1.1573               1.0505
2    C               -2.2481               1.3918               1.6160
3    C               -3.3717               1.0951               0.8169
4    C               -3.2001               0.6370              -0.5184
5    C               -1.9522               0.4350              -1.0989
6    C                0.5345               0.3843              -0.5678
7    C                1.3960               0.7199               0.4245
8    S                0.5702               1.3837               1.8120
9    C               -4.7665               1.1712               1.1701
10   C               -5.5930               0.8020               0.1682
11   S               -4.7461               0.3434              -1.2720
12   C               -1.7670              -0.0017              -2.5257
13   C               -2.4171               1.9021               3.0211
14   C                2.8379               0.5090               0.3916
15   C                3.8507               1.3227               0.8288
16   C                5.1391               0.7995               0.5447
17   C                5.1094              -0.4327              -0.0665
18   S                3.4651              -0.9390              -0.3199
19   C                6.2174              -1.3142              -0.4316
20   C                7.5277              -0.8121              -0.7439
21   C                8.5801              -1.7272              -1.1285
22   C                8.3466              -3.1309              -1.1748
23   C                7.0981              -3.5723              -0.8548
24   C                6.0518              -2.6827              -0.4922
25   N                7.9363               0.4556              -0.7442
26   S                9.4871               0.4617              -1.2015
27   N                9.7342              -1.1235              -1.4137
28   H                0.8792              -0.0264              -1.5115
29   H               -5.1117               1.4897               2.1485
30   H               -6.6751               0.7631               0.1839
31   H               -1.3334              -1.0086              -2.5715
32   H               -2.7114              -0.0184              -3.0755
33   H               -1.0757               0.6690              -3.0514
34   H               -1.4530               2.0591               3.5107
35   H               -2.9643               2.8528               3.0320
36   H               -2.9945               1.1925               3.6278
37   H                3.6639               2.2792               1.3023
38   H                6.0767               1.3146               0.7228
39   H                9.1519              -3.8021              -1.4569
40   H                6.8773              -4.6358              -0.8750
41   H                5.0851              -3.1035              -0.2345


Energy:                -2548.711769 Convergence criteria  Is converged 
Maximum Force:             0.002545     0.002850  Yes
RMS Force:                 0.001130     0.001900  Yes
Maximum Displacement:      0.002406     0.003150  Yes
RMS Displacement:          0.001035     0.002100  Yes

LBFGS converged at iteration 8.
Final frame written to /home/hungn/Desktop/MyRepo/MLP/MAPLE/maple/function/dispatcher/parmfit/example/PPI_torsionfit_8-15_opt.xyz
Complete trajectory written to /home/hungn/Desktop/MyRepo/MLP/MAPLE/maple/function/dispatcher/parmfit/example/PPI_torsionfit_8-15_traj.xyz

----------------------------------------------------------------------
            Scanning combination 66/73: [504.98]

======================================================================
LBFGS Parameters
======================================================================
memory:     5
curvature:  70.0
max_step:   0.2
max_iter:   256
write_traj: False
traj_every: 1
verbose:    0
======================================================================


                             Coordinates                              
----------------------------------------------------------------------
0    C               -0.8464               0.6247              -0.2746
1    C               -0.9950               1.1712               1.0304
2    C               -2.2412               1.3845               1.6134
3    C               -3.3718               1.0791               0.8272
4    C               -3.2101               0.6133              -0.5066
5    C               -1.9664               0.4044              -1.0936
6    C                0.5257               0.3618              -0.5857
7    C                1.3978               0.7259               0.3902
8    S                0.5815               1.4472               1.7570
9    C               -4.7653               1.1823               1.1813
10   C               -5.5983               0.8253               0.1806
11   S               -4.7613               0.3464              -1.2586
12   C               -1.7881              -0.0269              -2.5220
13   C               -2.4071               1.9037               3.0155
14   C                2.8405               0.5287               0.3571
15   C                3.8551               1.3110               0.8480
16   C                5.1424               0.7783               0.5777
17   C                5.1125              -0.4172              -0.1016
18   S                3.4707              -0.8704              -0.4481
19   C                6.2202              -1.3092              -0.4429
20   C                7.5333              -0.8091              -0.7380
21   C                8.5867              -1.7208              -1.1233
22   C                8.3521              -3.1238              -1.1766
23   C                7.1049              -3.5674              -0.8552
24   C                6.0564              -2.6785              -0.4946
25   N                7.9415               0.4591              -0.7251
26   S                9.4926               0.4693              -1.1778
27   N                9.7412              -1.1142              -1.4006
28   H                0.8498              -0.0835              -1.5206
29   H               -5.1064               1.5130               2.1574
30   H               -6.6809               0.8053               0.1963
31   H               -1.3528              -1.0326              -2.5841
32   H               -2.7340              -0.0344              -3.0693
33   H               -1.0974               0.6535              -3.0356
34   H               -1.4446               2.0694               3.5048
35   H               -2.9586               2.8519               3.0160
36   H               -2.9832               1.1997               3.6293
37   H                3.6833               2.2487               1.3641
38   H                6.0829               1.2508               0.8431
39   H                9.1580              -3.7923              -1.4638
40   H                6.8885              -4.6320              -0.8765
41   H                5.0884              -3.0972              -0.2379


Energy:                -2548.712000 Convergence criteria  Is converged 
Maximum Force:             0.002054     0.002850  Yes
RMS Force:                 0.001072     0.001900  Yes
Maximum Displacement:      0.001123     0.003150  Yes
RMS Displacement:          0.000757     0.002100  Yes

LBFGS converged at iteration 17.
Final frame written to /home/hungn/Desktop/MyRepo/MLP/MAPLE/maple/function/dispatcher/parmfit/example/PPI_torsionfit_8-15_opt.xyz
Complete trajectory written to /home/hungn/Desktop/MyRepo/MLP/MAPLE/maple/function/dispatcher/parmfit/example/PPI_torsionfit_8-15_traj.xyz

----------------------------------------------------------------------
            Scanning combination 67/73: [509.98]

======================================================================
LBFGS Parameters
======================================================================
memory:     5
curvature:  70.0
max_step:   0.2
max_iter:   256
write_traj: False
traj_every: 1
verbose:    0
======================================================================


                             Coordinates                              
----------------------------------------------------------------------
0    C               -0.8485               0.6109              -0.2695
1    C               -0.9946               1.1624               1.0338
2    C               -2.2406               1.3870               1.6125
3    C               -3.3714               1.0854               0.8249
4    C               -3.2107               0.6152              -0.5073
5    C               -1.9672               0.4004              -1.0923
6    C                0.5227               0.3535              -0.5836
7    C                1.3996               0.7515               0.3721
8    S                0.5840               1.4525               1.7527
9    C               -4.7644               1.1844               1.1814
10   C               -5.5988               0.8248               0.1828
11   S               -4.7628               0.3439              -1.2564
12   C               -1.7902              -0.0285              -2.5220
13   C               -2.4052               1.9064               3.0147
14   C                2.8415               0.5477               0.3275
15   C                3.8537               1.3034               0.8603
16   C                5.1404               0.7686               0.5933
17   C                5.1109              -0.4218              -0.0940
18   S                3.4698              -0.8629              -0.4629
19   C                6.2210              -1.3082              -0.4429
20   C                7.5342              -0.8068              -0.7404
21   C                8.5880              -1.7195              -1.1241
22   C                8.3534              -3.1226              -1.1769
23   C                7.1053              -3.5658              -0.8574
24   C                6.0566              -2.6766              -0.4989
25   N                7.9442               0.4608              -0.7266
26   S                9.4971               0.4694              -1.1742
27   N                9.7442              -1.1143              -1.3980
28   H                0.8491              -0.0933              -1.5169
29   H               -5.1037               1.5148               2.1581
30   H               -6.6817               0.8098               0.1986
31   H               -1.3568              -1.0346              -2.5807
32   H               -2.7367              -0.0368              -3.0683
33   H               -1.1003               0.6480              -3.0421
34   H               -1.4413               2.0705               3.5023
35   H               -2.9569               2.8548               3.0185
36   H               -2.9802               1.1996               3.6267
37   H                3.6772               2.2366               1.3816
38   H                6.0803               1.2453               0.8491
39   H                9.1589              -3.7922              -1.4621
40   H                6.8886              -4.6301              -0.8757
41   H                5.0887              -3.0946              -0.2409


Energy:                -2548.711620 Convergence criteria  Is converged 
Maximum Force:             0.002257     0.002850  Yes
RMS Force:                 0.000854     0.001900  Yes
Maximum Displacement:      0.001237     0.003150  Yes
RMS Displacement:          0.000550     0.002100  Yes

LBFGS converged at iteration 8.
Final frame written to /home/hungn/Desktop/MyRepo/MLP/MAPLE/maple/function/dispatcher/parmfit/example/PPI_torsionfit_8-15_opt.xyz
Complete trajectory written to /home/hungn/Desktop/MyRepo/MLP/MAPLE/maple/function/dispatcher/parmfit/example/PPI_torsionfit_8-15_traj.xyz

----------------------------------------------------------------------
            Scanning combination 68/73: [514.98]

======================================================================
LBFGS Parameters
======================================================================
memory:     5
curvature:  70.0
max_step:   0.2
max_iter:   256
write_traj: False
traj_every: 1
verbose:    0
======================================================================


                             Coordinates                              
----------------------------------------------------------------------
0    C               -0.8586               0.6198              -0.3266
1    C               -0.9872               1.1718               0.9785
2    C               -2.2175               1.4157               1.5794
3    C               -3.3633               1.1173               0.8165
4    C               -3.2297               0.6079              -0.5044
5    C               -1.9986               0.3733              -1.1119
6    C                0.5121               0.3635              -0.6571
7    C                1.3931               0.7185               0.3152
8    S                0.5910               1.4254               1.6984
9    C               -4.7473               1.2463               1.1949
10   C               -5.6038               0.8592               0.2270
11   S               -4.7999               0.3226              -1.2114
12   C               -1.8632              -0.1329              -2.5212
13   C               -2.3440               1.9431               2.9830
14   C                2.8341               0.5266               0.3059
15   C                3.8163               1.2181               0.9696
16   C                5.1171               0.7102               0.7111
17   C                5.1269              -0.3758              -0.1309
18   S                3.5106              -0.7505              -0.6491
19   C                6.2394              -1.2574              -0.4891
20   C                7.5644              -0.7712              -0.7494
21   C                8.6176              -1.6992              -1.0968
22   C                8.3678              -3.0989              -1.1575
23   C                7.1014              -3.5258              -0.8935
24   C                6.0553              -2.6214              -0.5720
25   N                7.9892               0.4922              -0.7314
26   S                9.5568               0.4773              -1.1268
27   N                9.7911              -1.1110              -1.3334
28   H                0.8239              -0.0726              -1.6009
29   H               -5.0588               1.6109               2.1690
30   H               -6.6866               0.8561               0.2654
31   H               -1.4562              -1.1523              -2.5382
32   H               -2.8230              -0.1471              -3.0445
33   H               -1.1708               0.4992              -3.0908
34   H               -1.3666               2.1035               3.4438
35   H               -2.8880               2.8954               2.9979
36   H               -2.9035               1.2431               3.6167
37   H                3.6097               2.0641               1.6157
38   H                6.0339               1.1184               1.1213
39   H                9.1741              -3.7781              -1.4162
40   H                6.8690              -4.5861              -0.9246
41   H                5.0690              -3.0204              -0.3551


Energy:                -2548.712542 Convergence criteria  Is converged 
Maximum Force:             0.002037     0.002850  Yes
RMS Force:                 0.000835     0.001900  Yes
Maximum Displacement:      0.002315     0.003150  Yes
RMS Displacement:          0.001466     0.002100  Yes

LBFGS converged at iteration 32.
Final frame written to /home/hungn/Desktop/MyRepo/MLP/MAPLE/maple/function/dispatcher/parmfit/example/PPI_torsionfit_8-15_opt.xyz
Complete trajectory written to /home/hungn/Desktop/MyRepo/MLP/MAPLE/maple/function/dispatcher/parmfit/example/PPI_torsionfit_8-15_traj.xyz

----------------------------------------------------------------------
            Scanning combination 69/73: [519.98]

======================================================================
LBFGS Parameters
======================================================================
memory:     5
curvature:  70.0
max_step:   0.2
max_iter:   256
write_traj: False
traj_every: 1
verbose:    0
======================================================================


                             Coordinates                              
----------------------------------------------------------------------
0    C               -0.8607               0.6029              -0.3170
1    C               -0.9878               1.1669               0.9828
2    C               -2.2186               1.4140               1.5810
3    C               -3.3637               1.1167               0.8167
4    C               -3.2307               0.6106              -0.5056
5    C               -1.9989               0.3674              -1.1082
6    C                0.5096               0.3531              -0.6520
7    C                1.3964               0.7453               0.2999
8    S                0.5934               1.4387               1.6927
9    C               -4.7476               1.2442               1.1965
10   C               -5.6041               0.8634               0.2264
11   S               -4.8012               0.3240              -1.2114
12   C               -1.8631              -0.1336              -2.5193
13   C               -2.3450               1.9453               2.9831
14   C                2.8374               0.5512               0.2806
15   C                3.8176               1.2086               0.9784
16   C                5.1164               0.6964               0.7230
17   C                5.1257              -0.3793              -0.1314
18   S                3.5102              -0.7367              -0.6670
19   C                6.2396              -1.2597              -0.4880
20   C                7.5644              -0.7719              -0.7458
21   C                8.6186              -1.6984              -1.0956
22   C                8.3684              -3.0981              -1.1631
23   C                7.1033              -3.5268              -0.8955
24   C                6.0573              -2.6235              -0.5699
25   N                7.9871               0.4922              -0.7285
26   S                9.5548               0.4797              -1.1238
27   N                9.7912              -1.1082              -1.3320
28   H                0.8220              -0.0853              -1.5936
29   H               -5.0613               1.6129               2.1683
30   H               -6.6866               0.8576               0.2653
31   H               -1.4563              -1.1526              -2.5373
32   H               -2.8229              -0.1476              -3.0421
33   H               -1.1718               0.4980              -3.0908
34   H               -1.3663               2.1062               3.4420
35   H               -2.8894               2.8978               2.9969
36   H               -2.9050               1.2441               3.6150
37   H                3.6132               2.0547               1.6242
38   H                6.0334               1.1154               1.1220
39   H                9.1766              -3.7776              -1.4147
40   H                6.8714              -4.5873              -0.9282
41   H                5.0702              -3.0219              -0.3573


Energy:                -2548.712181 Convergence criteria  Is converged 
Maximum Force:             0.002267     0.002850  Yes
RMS Force:                 0.001290     0.001900  Yes
Maximum Displacement:      0.002491     0.003150  Yes
RMS Displacement:          0.001067     0.002100  Yes

LBFGS converged at iteration 7.
Final frame written to /home/hungn/Desktop/MyRepo/MLP/MAPLE/maple/function/dispatcher/parmfit/example/PPI_torsionfit_8-15_opt.xyz
Complete trajectory written to /home/hungn/Desktop/MyRepo/MLP/MAPLE/maple/function/dispatcher/parmfit/example/PPI_torsionfit_8-15_traj.xyz

----------------------------------------------------------------------
            Scanning combination 70/73: [524.98]

======================================================================
LBFGS Parameters
======================================================================
memory:     5
curvature:  70.0
max_step:   0.2
max_iter:   256
write_traj: False
traj_every: 1
verbose:    0
======================================================================


                             Coordinates                              
----------------------------------------------------------------------
0    C               -0.8614               0.5925              -0.3160
1    C               -0.9856               1.1790               0.9738
2    C               -2.2157               1.4100               1.5820
3    C               -3.3641               1.1057               0.8243
4    C               -3.2324               0.5925              -0.4952
5    C               -2.0023               0.3442              -1.0985
6    C                0.5077               0.3362              -0.6522
7    C                1.3997               0.7675               0.2793
8    S                0.5997               1.5089               1.6495
9    C               -4.7484               1.2482               1.1991
10   C               -5.6056               0.8726               0.2269
11   S               -4.8029               0.3293              -1.2093
12   C               -1.8669              -0.1510              -2.5111
13   C               -2.3431               1.9498               2.9807
14   C                2.8422               0.5827               0.2578
15   C                3.8228               1.2044               0.9898
16   C                5.1170               0.6811               0.7338
17   C                5.1245              -0.3664              -0.1553
18   S                3.5171              -0.6591              -0.7496
19   C                6.2349              -1.2620              -0.4932
20   C                7.5608              -0.7737              -0.7410
21   C                8.6178              -1.6948              -1.0926
22   C                8.3718              -3.0947              -1.1635
23   C                7.1066              -3.5265              -0.9024
24   C                6.0554              -2.6268              -0.5770
25   N                7.9801               0.4915              -0.7134
26   S                9.5476               0.4860              -1.1065
27   N                9.7890              -1.0999              -1.3232
28   H                0.8095              -0.1445              -1.5767
29   H               -5.0636               1.6184               2.1700
30   H               -6.6881               0.8733               0.2637
31   H               -1.4563              -1.1685              -2.5425
32   H               -2.8272              -0.1594              -3.0331
33   H               -1.1770               0.4918              -3.0715
34   H               -1.3660               2.1161               3.4406
35   H               -2.8883               2.9017               2.9857
36   H               -2.9051               1.2556               3.6184
37   H                3.6274               2.0239               1.6723
38   H                6.0323               1.0530               1.1806
39   H                9.1828              -3.7700              -1.4189
40   H                6.8804              -4.5884              -0.9412
41   H                5.0701              -3.0316              -0.3682


Energy:                -2548.711927 Convergence criteria  Is converged 
Maximum Force:             0.001425     0.002850  Yes
RMS Force:                 0.000758     0.001900  Yes
Maximum Displacement:      0.001246     0.003150  Yes
RMS Displacement:          0.000695     0.002100  Yes

LBFGS converged at iteration 15.
Final frame written to /home/hungn/Desktop/MyRepo/MLP/MAPLE/maple/function/dispatcher/parmfit/example/PPI_torsionfit_8-15_opt.xyz
Complete trajectory written to /home/hungn/Desktop/MyRepo/MLP/MAPLE/maple/function/dispatcher/parmfit/example/PPI_torsionfit_8-15_traj.xyz

----------------------------------------------------------------------
            Scanning combination 71/73: [529.98]

======================================================================
LBFGS Parameters
======================================================================
memory:     5
curvature:  70.0
max_step:   0.2
max_iter:   256
write_traj: False
traj_every: 1
verbose:    0
======================================================================


                             Coordinates                              
----------------------------------------------------------------------
0    C               -0.8622               0.5787              -0.3084
1    C               -0.9843               1.1793               0.9750
2    C               -2.2149               1.4147               1.5805
3    C               -3.3633               1.1086               0.8229
4    C               -3.2327               0.5932              -0.4958
5    C               -2.0023               0.3386              -1.0958
6    C                0.5068               0.3256              -0.6466
7    C                1.4027               0.7933               0.2633
8    S                0.6029               1.5183               1.6446
9    C               -4.7475               1.2471               1.1997
10   C               -5.6056               0.8717               0.2284
11   S               -4.8041               0.3256              -1.2075
12   C               -1.8672              -0.1522              -2.5104
13   C               -2.3423               1.9525               2.9800
14   C                2.8453               0.6065               0.2345
15   C                3.8208               1.1927               1.0009
16   C                5.1135               0.6641               0.7502
17   C                5.1215              -0.3707              -0.1529
18   S                3.5165              -0.6492              -0.7608
19   C                6.2335              -1.2602              -0.5003
20   C                7.5608              -0.7716              -0.7431
21   C                8.6188              -1.6934              -1.0916
22   C                8.3716              -3.0932              -1.1637
23   C                7.1063              -3.5248              -0.9032
24   C                6.0545              -2.6246              -0.5818
25   N                7.9814               0.4933              -0.7130
26   S                9.5501               0.4870              -1.1025
27   N                9.7906              -1.0989              -1.3211
28   H                0.8094              -0.1563              -1.5705
29   H               -5.0619               1.6191               2.1701
30   H               -6.6884               0.8778               0.2636
31   H               -1.4579              -1.1696              -2.5383
32   H               -2.8273              -0.1628              -3.0332
33   H               -1.1775               0.4870              -3.0761
34   H               -1.3642               2.1168               3.4387
35   H               -2.8876               2.9045               2.9858
36   H               -2.9038               1.2564               3.6164
37   H                3.6255               2.0122               1.6845
38   H                6.0301               1.0459               1.1860
39   H                9.1819              -3.7694              -1.4188
40   H                6.8787              -4.5863              -0.9418
41   H                5.0691              -3.0282              -0.3717


Energy:                -2548.711089 Convergence criteria  Is converged 
Maximum Force:             0.002538     0.002850  Yes
RMS Force:                 0.001214     0.001900  Yes
Maximum Displacement:      0.000950     0.003150  Yes
RMS Displacement:          0.000528     0.002100  Yes

LBFGS converged at iteration 7.
Final frame written to /home/hungn/Desktop/MyRepo/MLP/MAPLE/maple/function/dispatcher/parmfit/example/PPI_torsionfit_8-15_opt.xyz
Complete trajectory written to /home/hungn/Desktop/MyRepo/MLP/MAPLE/maple/function/dispatcher/parmfit/example/PPI_torsionfit_8-15_traj.xyz

----------------------------------------------------------------------
            Scanning combination 72/73: [534.98]

======================================================================
LBFGS Parameters
======================================================================
memory:     5
curvature:  70.0
max_step:   0.2
max_iter:   256
write_traj: False
traj_every: 1
verbose:    0
======================================================================


                             Coordinates                              
----------------------------------------------------------------------
0    C               -0.8568               0.5942              -0.3290
1    C               -0.9755               1.2285               0.9390
2    C               -2.2012               1.4457               1.5589
3    C               -3.3528               1.1116               0.8199
4    C               -3.2306               0.5693              -0.4886
5    C               -2.0028               0.3132              -1.0949
6    C                0.5108               0.3278              -0.6583
7    C                1.4053               0.8030               0.2487
8    S                0.6104               1.6122               1.5862
9    C               -4.7331               1.2552               1.2064
10   C               -5.5995               0.8686               0.2458
11   S               -4.8081               0.2822              -1.1803
12   C               -1.8761              -0.2115              -2.4987
13   C               -2.3164               1.9820               2.9590
14   C                2.8430               0.6093               0.2339
15   C                3.8032               1.1358               1.0616
16   C                5.0929               0.6021               0.8140
17   C                5.1184              -0.3460              -0.1780
18   S                3.5378              -0.5361              -0.8732
19   C                6.2278              -1.2306              -0.5396
20   C                7.5603              -0.7482              -0.7572
21   C                8.6179              -1.6776              -1.0853
22   C                8.3594              -3.0754              -1.1684
23   C                7.0862              -3.4994              -0.9341
24   C                6.0367              -2.5918              -0.6325
25   N                7.9880               0.5143              -0.7158
26   S                9.5665               0.4962              -1.0658
27   N                9.7999              -1.0913              -1.2835
28   H                0.8145              -0.2072              -1.5533
29   H               -5.0388               1.6477               2.1707
30   H               -6.6811               0.9055               0.2787
31   H               -1.4743              -1.2321              -2.5068
32   H               -2.8373              -0.2276              -3.0190
33   H               -1.1850               0.4108              -3.0812
34   H               -1.3329               2.1359               3.4103
35   H               -2.8557               2.9373               2.9746
36   H               -2.8766               1.2827               3.5927
37   H                3.5995               1.9046               1.7988
38   H                5.9918               0.8988               1.3419
39   H                9.1689              -3.7591              -1.4045
40   H                6.8507              -4.5589              -0.9724
41   H                5.0419              -2.9825              -0.4446


Energy:                -2548.711079 Convergence criteria  Is converged 
Maximum Force:             0.002560     0.002850  Yes
RMS Force:                 0.001357     0.001900  Yes
Maximum Displacement:      0.002576     0.003150  Yes
RMS Displacement:          0.000978     0.002100  Yes

LBFGS converged at iteration 21.
Final frame written to /home/hungn/Desktop/MyRepo/MLP/MAPLE/maple/function/dispatcher/parmfit/example/PPI_torsionfit_8-15_opt.xyz
Complete trajectory written to /home/hungn/Desktop/MyRepo/MLP/MAPLE/maple/function/dispatcher/parmfit/example/PPI_torsionfit_8-15_traj.xyz

----------------------------------------------------------------------
            Scanning combination 73/73: [539.98]

======================================================================
LBFGS Parameters
======================================================================
memory:     5
curvature:  70.0
max_step:   0.2
max_iter:   256
write_traj: False
traj_every: 1
verbose:    0
======================================================================


                             Coordinates                              
----------------------------------------------------------------------
0    C               -0.8573               0.5811              -0.3268
1    C               -0.9748               1.2159               0.9403
2    C               -2.1996               1.4410               1.5612
3    C               -3.3527               1.1202               0.8178
4    C               -3.2301               0.5700              -0.4876
5    C               -2.0040               0.3027              -1.0910
6    C                0.5113               0.3224              -0.6662
7    C                1.4088               0.8332               0.2196
8    S                0.6117               1.6225               1.5676
9    C               -4.7336               1.2693               1.2016
10   C               -5.5992               0.8735               0.2436
11   S               -4.8069               0.2909              -1.1832
12   C               -1.8785              -0.2262              -2.4922
13   C               -2.3147               1.9889               2.9585
14   C                2.8495               0.6470               0.2150
15   C                3.8012               1.1344               1.0769
16   C                5.0927               0.6021               0.8250
17   C                5.1197              -0.3386              -0.1743
18   S                3.5442              -0.5056              -0.8838
19   C                6.2261              -1.2325              -0.5342
20   C                7.5591              -0.7506              -0.7533
21   C                8.6182              -1.6780              -1.0819
22   C                8.3632              -3.0754              -1.1681
23   C                7.0883              -3.4993              -0.9451
24   C                6.0358              -2.5933              -0.6424
25   N                7.9861               0.5122              -0.7139
26   S                9.5644               0.4957              -1.0649
27   N                9.7997              -1.0917              -1.2797
28   H                0.8044              -0.2202              -1.5592
29   H               -5.0406               1.6600               2.1663
30   H               -6.6812               0.8826               0.2856
31   H               -1.4762              -1.2469              -2.5001
32   H               -2.8406              -0.2394              -3.0109
33   H               -1.1867               0.3967              -3.0724
34   H               -1.3324               2.1468               3.4108
35   H               -2.8527               2.9452               2.9670
36   H               -2.8769               1.2990               3.6005
37   H                3.5916               1.8661               1.8491
38   H                5.9889               0.8818               1.3654
39   H                9.1755              -3.7559              -1.4049
40   H                6.8544              -4.5589              -0.9955
41   H                5.0415              -2.9898              -0.4636


Energy:                -2548.710476 Convergence criteria  Is converged 
Maximum Force:             0.002092     0.002850  Yes
RMS Force:                 0.001041     0.001900  Yes
Maximum Displacement:      0.001765     0.003150  Yes
RMS Displacement:          0.000922     0.002100  Yes

LBFGS converged at iteration 12.
Final frame written to /home/hungn/Desktop/MyRepo/MLP/MAPLE/maple/function/dispatcher/parmfit/example/PPI_torsionfit_8-15_opt.xyz
Complete trajectory written to /home/hungn/Desktop/MyRepo/MLP/MAPLE/maple/function/dispatcher/parmfit/example/PPI_torsionfit_8-15_traj.xyz

======================================================================
Scan completed! Total points: 73Results saved to: /home/hungn/Desktop/MyRepo/MLP/MAPLE/maple/function/dispatcher/parmfit/example/PPI_torsionfit_8-15_scan_final.xyz
Energy range: -2548.715044 to -2548.699159 eV
