
----------------------------------------------------------------------
            Scanning combination 1/73: [359.83]

======================================================================
LBFGS Parameters
======================================================================
memory:     5
curvature:  70.0
max_step:   0.2
max_iter:   256
write_traj: False
traj_every: 1
verbose:    0
======================================================================


                             Coordinates                              
----------------------------------------------------------------------
0    C               -0.7223               0.9648               0.2245
1    C               -1.4269              -0.2687               0.1832
2    C               -2.8145              -0.3501               0.2843
3    C               -3.5194               0.8608               0.4329
4    C               -2.8095               2.0920               0.4731
5    C               -1.4230               2.1754               0.3721
6    C                0.6952               0.7803               0.1012
7    C                1.0784              -0.5204              -0.0291
8    S               -0.3022              -1.6040              -0.0072
9    C               -4.9421               1.0658               0.5593
10   C               -5.2828               2.3661               0.6864
11   S               -3.9156               3.4302               0.6625
12   C               -0.6832               3.4803               0.4157
13   C               -3.5444              -1.6642               0.2391
14   C                2.4336              -1.0335              -0.1724
15   C                2.8746              -2.3288              -0.3064
16   C                4.2845              -2.4339              -0.4209
17   C                4.9349              -1.2209              -0.3757
18   S                3.7737               0.0639              -0.1888
19   C                6.3602              -0.8937              -0.4568
20   C                7.3921              -1.8884              -0.6127
21   C                8.7829              -1.4861              -0.6851
22   C                9.1501              -0.1132              -0.6040
23   C                8.1514               0.7987              -0.4570
24   C                6.7865               0.4192              -0.3849
25   N                7.2494              -3.2083              -0.7063
26   S                8.7276              -3.8474              -0.8676
27   N                9.6304              -2.5049              -0.8291
28   H                1.3986               1.6086               0.1117
29   H               -5.6664               0.2561               0.5530
30   H               -6.2779               2.7792               0.7956
31   H               -0.1008               3.6231              -0.5021
32   H               -1.3569               4.3338               0.5293
33   H                0.0281               3.4919               1.2500
34   H               -2.8469              -2.4963               0.1175
35   H               -4.1176              -1.8308               1.1597
36   H               -4.2581              -1.6923              -0.5938
37   H                2.2053              -3.1825              -0.3221
38   H                4.8399              -3.3591              -0.5347
39   H               10.1954               0.1713              -0.6597
40   H                8.3854               1.8585              -0.3906
41   H                6.0492               1.2062              -0.2673


Energy:                -2548.714831 Convergence criteria  Is converged 
Maximum Force:             0.002776     0.002850  Yes
RMS Force:                 0.001485     0.001900  Yes
Maximum Displacement:      0.000038     0.003150  Yes
RMS Displacement:          0.000021     0.002100  Yes

LBFGS converged at iteration 1.
Final frame written to /home/hungn/Desktop/MyRepo/MLP/MAPLE/maple/function/dispatcher/parmfit/example/PPI_torsionfit_3-14_opt.xyz
Complete trajectory written to /home/hungn/Desktop/MyRepo/MLP/MAPLE/maple/function/dispatcher/parmfit/example/PPI_torsionfit_3-14_traj.xyz

----------------------------------------------------------------------
            Scanning combination 2/73: [364.83]

======================================================================
LBFGS Parameters
======================================================================
memory:     5
curvature:  70.0
max_step:   0.2
max_iter:   256
write_traj: False
traj_every: 1
verbose:    0
======================================================================


                             Coordinates                              
----------------------------------------------------------------------
0    C               -0.7188               0.9645               0.2180
1    C               -1.4223              -0.2719               0.1789
2    C               -2.8057              -0.3595               0.2946
3    C               -3.5041               0.8537               0.4493
4    C               -2.7982               2.0874               0.4830
5    C               -1.4130               2.1785               0.3719
6    C                0.6941               0.7720               0.0932
7    C                1.0716              -0.5293              -0.0385
8    S               -0.3059              -1.6090              -0.0269
9    C               -4.9255               1.0535               0.5708
10   C               -5.2732               2.3520               0.6877
11   S               -3.9103               3.4208               0.6598
12   C               -0.6721               3.4869               0.4143
13   C               -3.5493              -1.6670               0.2491
14   C                2.4249              -1.0370              -0.1731
15   C                2.8777              -2.3279              -0.3062
16   C                4.2866              -2.4130              -0.4190
17   C                4.9232              -1.1926              -0.3721
18   S                3.7500               0.0785              -0.1844
19   C                6.3478              -0.8698              -0.4539
20   C                7.3666              -1.8782              -0.6100
21   C                8.7615              -1.4915              -0.6839
22   C                9.1479              -0.1240              -0.6047
23   C                8.1584               0.8005              -0.4575
24   C                6.7869               0.4387              -0.3834
25   N                7.2083              -3.1969              -0.7024
26   S                8.6795              -3.8529              -0.8645
27   N                9.5966              -2.5204              -0.8279
28   H                1.4059               1.5905               0.1105
29   H               -5.6396               0.2363               0.5550
30   H               -6.2703               2.7627               0.7880
31   H               -0.0890               3.6383              -0.5027
32   H               -1.3486               4.3378               0.5293
33   H                0.0384               3.5049               1.2500
34   H               -2.8687              -2.5204               0.2016
35   H               -4.1830              -1.7899               1.1370
36   H               -4.2109              -1.7067              -0.6249
37   H                2.2199              -3.1894              -0.3236
38   H                4.8501              -3.3315              -0.5335
39   H               10.1986               0.1430              -0.6623
40   H                8.4081               1.8555              -0.3927
41   H                6.0590               1.2356              -0.2658


Energy:                -2548.715178 Convergence criteria  Is converged 
Maximum Force:             0.001395     0.002850  Yes
RMS Force:                 0.000795     0.001900  Yes
Maximum Displacement:      0.001343     0.003150  Yes
RMS Displacement:          0.000592     0.002100  Yes

LBFGS converged at iteration 17.
Final frame written to /home/hungn/Desktop/MyRepo/MLP/MAPLE/maple/function/dispatcher/parmfit/example/PPI_torsionfit_3-14_opt.xyz
Complete trajectory written to /home/hungn/Desktop/MyRepo/MLP/MAPLE/maple/function/dispatcher/parmfit/example/PPI_torsionfit_3-14_traj.xyz

----------------------------------------------------------------------
            Scanning combination 3/73: [369.83]

======================================================================
LBFGS Parameters
======================================================================
memory:     5
curvature:  70.0
max_step:   0.2
max_iter:   256
write_traj: False
traj_every: 1
verbose:    0
======================================================================


                             Coordinates                              
----------------------------------------------------------------------
0    C               -0.7196               0.9636               0.2171
1    C               -1.4226              -0.2721               0.1772
2    C               -2.8053              -0.3586               0.3047
3    C               -3.5063               0.8536               0.4569
4    C               -2.8008               2.0874               0.4868
5    C               -1.4158               2.1754               0.3734
6    C                0.6940               0.7735               0.0915
7    C                1.0725              -0.5268              -0.0430
8    S               -0.3059              -1.6073              -0.0388
9    C               -4.9283               1.0550               0.5767
10   C               -5.2763               2.3542               0.6881
11   S               -3.9122               3.4222               0.6639
12   C               -0.6730               3.4806               0.4158
13   C               -3.5449              -1.6676               0.2572
14   C                2.4266              -1.0330              -0.1788
15   C                2.8808              -2.3237              -0.3097
16   C                4.2896              -2.4090              -0.4189
17   C                4.9242              -1.1873              -0.3712
18   S                3.7511               0.0835              -0.1868
19   C                6.3476              -0.8643              -0.4525
20   C                7.3623              -1.8755              -0.6090
21   C                8.7582              -1.4952              -0.6839
22   C                9.1493              -0.1286              -0.6052
23   C                8.1631               0.7991              -0.4580
24   C                6.7905               0.4432              -0.3829
25   N                7.1966              -3.1932              -0.7011
26   S                8.6642              -3.8562              -0.8638
27   N                9.5879              -2.5283              -0.8279
28   H                1.4047               1.5937               0.1079
29   H               -5.6443               0.2393               0.5655
30   H               -6.2737               2.7641               0.7893
31   H               -0.0928               3.6252              -0.5038
32   H               -1.3500               4.3309               0.5293
33   H                0.0390               3.4978               1.2507
34   H               -2.8632              -2.5205               0.2869
35   H               -4.2278              -1.7567               1.1104
36   H               -4.1495              -1.7479              -0.6555
37   H                2.2232              -3.1852              -0.3250
38   H                4.8557              -3.3267              -0.5313
39   H               10.2004               0.1364              -0.6630
40   H                8.4173               1.8533              -0.3938
41   H                6.0660               1.2431              -0.2657


Energy:                -2548.715172 Convergence criteria  Is converged 
Maximum Force:             0.001461     0.002850  Yes
RMS Force:                 0.000643     0.001900  Yes
Maximum Displacement:      0.001137     0.003150  Yes
RMS Displacement:          0.000390     0.002100  Yes

LBFGS converged at iteration 17.
Final frame written to /home/hungn/Desktop/MyRepo/MLP/MAPLE/maple/function/dispatcher/parmfit/example/PPI_torsionfit_3-14_opt.xyz
Complete trajectory written to /home/hungn/Desktop/MyRepo/MLP/MAPLE/maple/function/dispatcher/parmfit/example/PPI_torsionfit_3-14_traj.xyz

----------------------------------------------------------------------
            Scanning combination 4/73: [374.83]

======================================================================
LBFGS Parameters
======================================================================
memory:     5
curvature:  70.0
max_step:   0.2
max_iter:   256
write_traj: False
traj_every: 1
verbose:    0
======================================================================


                             Coordinates                              
----------------------------------------------------------------------
0    C               -0.7222               0.9644               0.2136
1    C               -1.4247              -0.2720               0.1746
2    C               -2.8058              -0.3612               0.3150
3    C               -3.5061               0.8511               0.4672
4    C               -2.8010               2.0858               0.4920
5    C               -1.4169               2.1766               0.3740
6    C                0.6907               0.7747               0.0875
7    C                1.0686              -0.5255              -0.0488
8    S               -0.3092              -1.6067              -0.0480
9    C               -4.9283               1.0520               0.5845
10   C               -5.2758               2.3518               0.6925
11   S               -3.9125               3.4202               0.6640
12   C               -0.6730               3.4825               0.4162
13   C               -3.5433              -1.6722               0.2688
14   C                2.4233              -1.0293              -0.1818
15   C                2.8793              -2.3192              -0.3107
16   C                4.2881              -2.4017              -0.4183
17   C                4.9220              -1.1798              -0.3721
18   S                3.7467               0.0900              -0.1904
19   C                6.3472              -0.8608              -0.4527
20   C                7.3600              -1.8751              -0.6086
21   C                8.7570              -1.4985              -0.6839
22   C                9.1520              -0.1333              -0.6056
23   C                8.1685               0.7973              -0.4582
24   C                6.7947               0.4452              -0.3829
25   N                7.1923              -3.1927              -0.7000
26   S                8.6585              -3.8589              -0.8633
27   N                9.5849              -2.5328              -0.8282
28   H                1.4020               1.5944               0.1080
29   H               -5.6449               0.2369               0.5668
30   H               -6.2724               2.7632               0.7913
31   H               -0.0919               3.6274              -0.5029
32   H               -1.3464               4.3359               0.5300
33   H                0.0397               3.4984               1.2505
34   H               -2.8668              -2.5228               0.3763
35   H               -4.2842              -1.7278               1.0756
36   H               -4.0845              -1.7891              -0.6788
37   H                2.2244              -3.1828              -0.3281
38   H                4.8551              -3.3187              -0.5292
39   H               10.2042               0.1266              -0.6643
40   H                8.4262               1.8507              -0.3946
41   H                6.0726               1.2472              -0.2652


Energy:                -2548.715086 Convergence criteria  Is converged 
Maximum Force:             0.002053     0.002850  Yes
RMS Force:                 0.000720     0.001900  Yes
Maximum Displacement:      0.002929     0.003150  Yes
RMS Displacement:          0.001053     0.002100  Yes

LBFGS converged at iteration 16.
Final frame written to /home/hungn/Desktop/MyRepo/MLP/MAPLE/maple/function/dispatcher/parmfit/example/PPI_torsionfit_3-14_opt.xyz
Complete trajectory written to /home/hungn/Desktop/MyRepo/MLP/MAPLE/maple/function/dispatcher/parmfit/example/PPI_torsionfit_3-14_traj.xyz

----------------------------------------------------------------------
            Scanning combination 5/73: [379.83]

======================================================================
LBFGS Parameters
======================================================================
memory:     5
curvature:  70.0
max_step:   0.2
max_iter:   256
write_traj: False
traj_every: 1
verbose:    0
======================================================================


                             Coordinates                              
----------------------------------------------------------------------
0    C               -0.7238               0.9645               0.2179
1    C               -1.4256              -0.2718               0.1768
2    C               -2.8070              -0.3604               0.3169
3    C               -3.5080               0.8518               0.4678
4    C               -2.8038               2.0866               0.4951
5    C               -1.4192               2.1760               0.3792
6    C                0.6890               0.7764               0.0857
7    C                1.0675              -0.5231              -0.0556
8    S               -0.3104              -1.6052              -0.0543
9    C               -4.9303               1.0528               0.5882
10   C               -5.2788               2.3520               0.6978
11   S               -3.9155               3.4205               0.6703
12   C               -0.6755               3.4812               0.4176
13   C               -3.5423              -1.6724               0.2779
14   C                2.4231              -1.0255              -0.1888
15   C                2.8800              -2.3154              -0.3147
16   C                4.2890              -2.3980              -0.4192
17   C                4.9223              -1.1756              -0.3734
18   S                3.7465               0.0943              -0.1958
19   C                6.3476              -0.8573              -0.4525
20   C                7.3573              -1.8744              -0.6083
21   C                8.7555              -1.5025              -0.6841
22   C                9.1540              -0.1383              -0.6062
23   C                8.1733               0.7952              -0.4585
24   C                6.7982               0.4475              -0.3828
25   N                7.1844              -3.1912              -0.6992
26   S                8.6479              -3.8630              -0.8624
27   N                9.5792              -2.5404              -0.8280
28   H                1.3993               1.5970               0.1038
29   H               -5.6465               0.2376               0.5754
30   H               -6.2767               2.7612               0.7950
31   H               -0.0953               3.6242              -0.5026
32   H               -1.3500               4.3336               0.5313
33   H                0.0379               3.4975               1.2511
34   H               -2.8765              -2.5160               0.4784
35   H               -4.3446              -1.6866               1.0237
36   H               -4.0103              -1.8351              -0.7016
37   H                2.2249              -3.1788              -0.3304
38   H                4.8573              -3.3148              -0.5272
39   H               10.2068               0.1199              -0.6650
40   H                8.4344               1.8478              -0.3949
41   H                6.0789               1.2520              -0.2650


Energy:                -2548.715034 Convergence criteria  Is converged 
Maximum Force:             0.001381     0.002850  Yes
RMS Force:                 0.000461     0.001900  Yes
Maximum Displacement:      0.001027     0.003150  Yes
RMS Displacement:          0.000428     0.002100  Yes

LBFGS converged at iteration 17.
Final frame written to /home/hungn/Desktop/MyRepo/MLP/MAPLE/maple/function/dispatcher/parmfit/example/PPI_torsionfit_3-14_opt.xyz
Complete trajectory written to /home/hungn/Desktop/MyRepo/MLP/MAPLE/maple/function/dispatcher/parmfit/example/PPI_torsionfit_3-14_traj.xyz

----------------------------------------------------------------------
            Scanning combination 6/73: [384.83]

======================================================================
LBFGS Parameters
======================================================================
memory:     5
curvature:  70.0
max_step:   0.2
max_iter:   256
write_traj: False
traj_every: 1
verbose:    0
======================================================================


                             Coordinates                              
----------------------------------------------------------------------
0    C               -0.7257               0.9670               0.2157
1    C               -1.4274              -0.2699               0.1747
2    C               -2.8077              -0.3613               0.3229
3    C               -3.5086               0.8507               0.4740
4    C               -2.8050               2.0868               0.4992
5    C               -1.4208               2.1782               0.3798
6    C                0.6872               0.7790               0.0824
7    C                1.0651              -0.5208              -0.0594
8    S               -0.3130              -1.6024              -0.0593
9    C               -4.9311               1.0532               0.5949
10   C               -5.2793               2.3516               0.7026
11   S               -3.9168               3.4208               0.6720
12   C               -0.6770               3.4838               0.4185
13   C               -3.5406              -1.6761               0.2858
14   C                2.4207              -1.0229              -0.1915
15   C                2.8784              -2.3127              -0.3161
16   C                4.2874              -2.3941              -0.4198
17   C                4.9206              -1.1717              -0.3753
18   S                3.7439               0.0979              -0.2002
19   C                6.3469              -0.8561              -0.4533
20   C                7.3555              -1.8750              -0.6084
21   C                8.7543              -1.5052              -0.6841
22   C                9.1553              -0.1419              -0.6064
23   C                8.1761               0.7933              -0.4586
24   C                6.8003               0.4477              -0.3831
25   N                7.1815              -3.1918              -0.6988
26   S                8.6444              -3.8653              -0.8620
27   N                9.5771              -2.5437              -0.8279
28   H                1.3986               1.5986               0.1029
29   H               -5.6491               0.2392               0.5804
30   H               -6.2773               2.7617               0.7986
31   H               -0.0966               3.6270              -0.5016
32   H               -1.3505               4.3371               0.5330
33   H                0.0365               3.4991               1.2520
34   H               -2.8932              -2.5117               0.5665
35   H               -4.3911              -1.6606               0.9750
36   H               -3.9386              -1.8805              -0.7172
37   H                2.2251              -3.1773              -0.3330
38   H                4.8561              -3.3106              -0.5263
39   H               10.2087               0.1133              -0.6654
40   H                8.4392               1.8453              -0.3950
41   H                6.0825               1.2535              -0.2650


Energy:                -2548.714949 Convergence criteria  Is converged 
Maximum Force:             0.001558     0.002850  Yes
RMS Force:                 0.000742     0.001900  Yes
Maximum Displacement:      0.001828     0.003150  Yes
RMS Displacement:          0.000561     0.002100  Yes

LBFGS converged at iteration 17.
Final frame written to /home/hungn/Desktop/MyRepo/MLP/MAPLE/maple/function/dispatcher/parmfit/example/PPI_torsionfit_3-14_opt.xyz
Complete trajectory written to /home/hungn/Desktop/MyRepo/MLP/MAPLE/maple/function/dispatcher/parmfit/example/PPI_torsionfit_3-14_traj.xyz

----------------------------------------------------------------------
            Scanning combination 7/73: [389.83]

======================================================================
LBFGS Parameters
======================================================================
memory:     5
curvature:  70.0
max_step:   0.2
max_iter:   256
write_traj: False
traj_every: 1
verbose:    0
======================================================================


                             Coordinates                              
----------------------------------------------------------------------
0    C               -0.7268               0.9682               0.2140
1    C               -1.4273              -0.2684               0.1763
2    C               -2.8077              -0.3595               0.3272
3    C               -3.5099               0.8515               0.4808
4    C               -2.8060               2.0871               0.5032
5    C               -1.4229               2.1786               0.3792
6    C                0.6860               0.7808               0.0797
7    C                1.0642              -0.5194              -0.0629
8    S               -0.3146              -1.6004              -0.0662
9    C               -4.9325               1.0532               0.6018
10   C               -5.2808               2.3524               0.7048
11   S               -3.9181               3.4208               0.6750
12   C               -0.6793               3.4841               0.4201
13   C               -3.5338              -1.6761               0.2934
14   C                2.4201              -1.0202              -0.1962
15   C                2.8778              -2.3103              -0.3190
16   C                4.2870              -2.3924              -0.4209
17   C                4.9203              -1.1701              -0.3766
18   S                3.7438               0.1002              -0.2040
19   C                6.3467              -0.8549              -0.4538
20   C                7.3538              -1.8753              -0.6087
21   C                8.7531              -1.5079              -0.6842
22   C                9.1560              -0.1450              -0.6065
23   C                8.1779               0.7916              -0.4587
24   C                6.8017               0.4482              -0.3834
25   N                7.1771              -3.1916              -0.6988
26   S                8.6385              -3.8681              -0.8614
27   N                9.5738              -2.5482              -0.8275
28   H                1.3958               1.6010               0.1006
29   H               -5.6521               0.2411               0.5899
30   H               -6.2786               2.7617               0.8033
31   H               -0.1001               3.6273              -0.5003
32   H               -1.3537               4.3364               0.5344
33   H                0.0350               3.5004               1.2531
34   H               -2.9066              -2.4940               0.6587
35   H               -4.4319              -1.6402               0.9185
36   H               -3.8506              -1.9334              -0.7238
37   H                2.2239              -3.1742              -0.3339
38   H                4.8556              -3.3092              -0.5258
39   H               10.2095               0.1097              -0.6653
40   H                8.4427               1.8432              -0.3949
41   H                6.0851               1.2552              -0.2653


Energy:                -2548.714886 Convergence criteria  Is converged 
Maximum Force:             0.002123     0.002850  Yes
RMS Force:                 0.001068     0.001900  Yes
Maximum Displacement:      0.002537     0.003150  Yes
RMS Displacement:          0.000971     0.002100  Yes

LBFGS converged at iteration 15.
Final frame written to /home/hungn/Desktop/MyRepo/MLP/MAPLE/maple/function/dispatcher/parmfit/example/PPI_torsionfit_3-14_opt.xyz
Complete trajectory written to /home/hungn/Desktop/MyRepo/MLP/MAPLE/maple/function/dispatcher/parmfit/example/PPI_torsionfit_3-14_traj.xyz

----------------------------------------------------------------------
            Scanning combination 8/73: [394.83]

======================================================================
LBFGS Parameters
======================================================================
memory:     5
curvature:  70.0
max_step:   0.2
max_iter:   256
write_traj: False
traj_every: 1
verbose:    0
======================================================================


                             Coordinates                              
----------------------------------------------------------------------
0    C               -0.7279               0.9708               0.2159
1    C               -1.4288              -0.2664               0.1747
2    C               -2.8086              -0.3609               0.3327
3    C               -3.5102               0.8504               0.4807
4    C               -2.8076               2.0872               0.5000
5    C               -1.4239               2.1807               0.3840
6    C                0.6852               0.7839               0.0809
7    C                1.0622              -0.5155              -0.0672
8    S               -0.3157              -1.5969              -0.0660
9    C               -4.9328               1.0532               0.6021
10   C               -5.2811               2.3518               0.7123
11   S               -3.9188               3.4202               0.6777
12   C               -0.6809               3.4868               0.4215
13   C               -3.5354              -1.6783               0.3034
14   C                2.4179              -1.0181              -0.1994
15   C                2.8758              -2.3082              -0.3196
16   C                4.2850              -2.3899              -0.4211
17   C                4.9187              -1.1678              -0.3786
18   S                3.7419               0.1025              -0.2076
19   C                6.3458              -0.8545              -0.4548
20   C                7.3522              -1.8761              -0.6088
21   C                8.7519              -1.5098              -0.6839
22   C                9.1563              -0.1478              -0.6063
23   C                8.1795               0.7900              -0.4587
24   C                6.8026               0.4480              -0.3838
25   N                7.1751              -3.1925              -0.6988
26   S                8.6363              -3.8697              -0.8613
27   N                9.5722              -2.5504              -0.8273
28   H                1.3978               1.6029               0.0973
29   H               -5.6504               0.2398               0.5964
30   H               -6.2789               2.7621               0.8071
31   H               -0.1021               3.6296              -0.4997
32   H               -1.3546               4.3399               0.5352
33   H                0.0339               3.5021               1.2536
34   H               -2.9384              -2.4796               0.7467
35   H               -4.4752              -1.6121               0.8598
36   H               -3.7911              -1.9734              -0.7219
37   H                2.2241              -3.1741              -0.3364
38   H                4.8541              -3.3065              -0.5257
39   H               10.2105               0.1044              -0.6653
40   H                8.4454               1.8413              -0.3950
41   H                6.0869               1.2557              -0.2656


Energy:                -2548.714821 Convergence criteria  Is converged 
Maximum Force:             0.002149     0.002850  Yes
RMS Force:                 0.000742     0.001900  Yes
Maximum Displacement:      0.002983     0.003150  Yes
RMS Displacement:          0.000860     0.002100  Yes

LBFGS converged at iteration 13.
Final frame written to /home/hungn/Desktop/MyRepo/MLP/MAPLE/maple/function/dispatcher/parmfit/example/PPI_torsionfit_3-14_opt.xyz
Complete trajectory written to /home/hungn/Desktop/MyRepo/MLP/MAPLE/maple/function/dispatcher/parmfit/example/PPI_torsionfit_3-14_traj.xyz

----------------------------------------------------------------------
            Scanning combination 9/73: [399.83]

======================================================================
LBFGS Parameters
======================================================================
memory:     5
curvature:  70.0
max_step:   0.2
max_iter:   256
write_traj: False
traj_every: 1
verbose:    0
======================================================================


                             Coordinates                              
----------------------------------------------------------------------
0    C               -0.7309               0.9721               0.2232
1    C               -1.4328              -0.2643               0.1827
2    C               -2.8134              -0.3576               0.3290
3    C               -3.5153               0.8538               0.4768
4    C               -2.8107               2.0905               0.5021
5    C               -1.4275               2.1827               0.3871
6    C                0.6813               0.7849               0.0784
7    C                1.0577              -0.5148              -0.0713
8    S               -0.3219              -1.5955              -0.0626
9    C               -4.9374               1.0582               0.6077
10   C               -5.2839               2.3573               0.7205
11   S               -3.9212               3.4249               0.6826
12   C               -0.6843               3.4892               0.4225
13   C               -3.5266              -1.6822               0.3079
14   C                2.4144              -1.0157              -0.2048
15   C                2.8729              -2.3056              -0.3231
16   C                4.2821              -2.3873              -0.4234
17   C                4.9159              -1.1650              -0.3818
18   S                3.7386               0.1055              -0.2138
19   C                6.3437              -0.8537              -0.4566
20   C                7.3485              -1.8771              -0.6097
21   C                8.7492              -1.5140              -0.6840
22   C                9.1563              -0.1526              -0.6060
23   C                8.1812               0.7867              -0.4589
24   C                6.8033               0.4479              -0.3849
25   N                7.1685              -3.1931              -0.6993
26   S                8.6282              -3.8738              -0.8606
27   N                9.5671              -2.5567              -0.8265
28   H                1.3922               1.6053               0.0930
29   H               -5.6584               0.2481               0.6047
30   H               -6.2818               2.7669               0.8165
31   H               -0.1060               3.6335              -0.4989
32   H               -1.3591               4.3411               0.5378
33   H                0.0303               3.5037               1.2547
34   H               -2.9607              -2.4501               0.8454
35   H               -4.5173              -1.6037               0.7650
36   H               -3.6685              -2.0299              -0.7228
37   H                2.2203              -3.1708              -0.3386
38   H                4.8511              -3.3040              -0.5260
39   H               10.2110               0.0983              -0.6644
40   H                8.4494               1.8375              -0.3948
41   H                6.0896               1.2572              -0.2668


Energy:                -2548.714880 Convergence criteria  Is converged 
Maximum Force:             0.001874     0.002850  Yes
RMS Force:                 0.000926     0.001900  Yes
Maximum Displacement:      0.002738     0.003150  Yes
RMS Displacement:          0.000890     0.002100  Yes

LBFGS converged at iteration 19.
Final frame written to /home/hungn/Desktop/MyRepo/MLP/MAPLE/maple/function/dispatcher/parmfit/example/PPI_torsionfit_3-14_opt.xyz
Complete trajectory written to /home/hungn/Desktop/MyRepo/MLP/MAPLE/maple/function/dispatcher/parmfit/example/PPI_torsionfit_3-14_traj.xyz

----------------------------------------------------------------------
            Scanning combination 10/73: [404.83]

======================================================================
LBFGS Parameters
======================================================================
memory:     5
curvature:  70.0
max_step:   0.2
max_iter:   256
write_traj: False
traj_every: 1
verbose:    0
======================================================================


                             Coordinates                              
----------------------------------------------------------------------
0    C               -0.7327               0.9766               0.2151
1    C               -1.4325              -0.2599               0.1790
2    C               -2.8121              -0.3563               0.3347
3    C               -3.5153               0.8535               0.4890
4    C               -2.8130               2.0912               0.5111
5    C               -1.4291               2.1863               0.3853
6    C                0.6795               0.7878               0.0740
7    C                1.0557              -0.5125              -0.0697
8    S               -0.3246              -1.5921              -0.0667
9    C               -4.9387               1.0599               0.6152
10   C               -5.2858               2.3589               0.7209
11   S               -3.9232               3.4261               0.6818
12   C               -0.6865               3.4920               0.4230
13   C               -3.5127              -1.6872               0.3165
14   C                2.4120              -1.0144              -0.2037
15   C                2.8705              -2.3044              -0.3246
16   C                4.2798              -2.3860              -0.4257
17   C                4.9138              -1.1639              -0.3839
18   S                3.7364               0.1068              -0.2176
19   C                6.3419              -0.8538              -0.4572
20   C                7.3458              -1.8780              -0.6100
21   C                8.7467              -1.5162              -0.6839
22   C                9.1549              -0.1551              -0.6059
23   C                8.1808               0.7849              -0.4590
24   C                6.8026               0.4477              -0.3853
25   N                7.1646              -3.1939              -0.6999
26   S                8.6238              -3.8759              -0.8605
27   N                9.5639              -2.5595              -0.8259
28   H                1.3925               1.6066               0.0932
29   H               -5.6609               0.2509               0.6081
30   H               -6.2833               2.7693               0.8221
31   H               -0.1075               3.6352              -0.4985
32   H               -1.3602               4.3446               0.5405
33   H                0.0288               3.5059               1.2554
34   H               -2.9848              -2.4332               0.9222
35   H               -4.5298              -1.5995               0.7063
36   H               -3.5797              -2.0772              -0.7070
37   H                2.2183              -3.1697              -0.3403
38   H                4.8485              -3.3032              -0.5263
39   H               10.2100               0.0944              -0.6636
40   H                8.4498               1.8357              -0.3946
41   H                6.0895               1.2575              -0.2678


Energy:                -2548.714928 Convergence criteria  Is converged 
Maximum Force:             0.002380     0.002850  Yes
RMS Force:                 0.001131     0.001900  Yes
Maximum Displacement:      0.001751     0.003150  Yes
RMS Displacement:          0.000773     0.002100  Yes

LBFGS converged at iteration 16.
Final frame written to /home/hungn/Desktop/MyRepo/MLP/MAPLE/maple/function/dispatcher/parmfit/example/PPI_torsionfit_3-14_opt.xyz
Complete trajectory written to /home/hungn/Desktop/MyRepo/MLP/MAPLE/maple/function/dispatcher/parmfit/example/PPI_torsionfit_3-14_traj.xyz

----------------------------------------------------------------------
            Scanning combination 11/73: [409.83]

======================================================================
LBFGS Parameters
======================================================================
memory:     5
curvature:  70.0
max_step:   0.2
max_iter:   256
write_traj: False
traj_every: 1
verbose:    0
======================================================================


                             Coordinates                              
----------------------------------------------------------------------
0    C               -0.7324               0.9790               0.2168
1    C               -1.4319              -0.2577               0.1834
2    C               -2.8110              -0.3559               0.3403
3    C               -3.5156               0.8533               0.4915
4    C               -2.8129               2.0919               0.5091
5    C               -1.4303               2.1881               0.3848
6    C                0.6797               0.7914               0.0728
7    C                1.0555              -0.5089              -0.0746
8    S               -0.3243              -1.5884              -0.0697
9    C               -4.9385               1.0591               0.6209
10   C               -5.2855               2.3577               0.7262
11   S               -3.9233               3.4258               0.6883
12   C               -0.6879               3.4943               0.4245
13   C               -3.5048              -1.6894               0.3261
14   C                2.4111              -1.0114              -0.2102
15   C                2.8683              -2.3020              -0.3275
16   C                4.2775              -2.3852              -0.4260
17   C                4.9124              -1.1637              -0.3839
18   S                3.7364               0.1083              -0.2191
19   C                6.3404              -0.8539              -0.4584
20   C                7.3432              -1.8791              -0.6110
21   C                8.7444              -1.5186              -0.6839
22   C                9.1538              -0.1579              -0.6055
23   C                8.1803               0.7833              -0.4593
24   C                6.8019               0.4470              -0.3866
25   N                7.1607              -3.1948              -0.7007
26   S                8.6194              -3.8782              -0.8602
27   N                9.5606              -2.5627              -0.8253
28   H                1.3914               1.6110               0.0895
29   H               -5.6612               0.2497               0.6198
30   H               -6.2835               2.7678               0.8252
31   H               -0.1109               3.6384              -0.4974
32   H               -1.3629               4.3458               0.5414
33   H                0.0280               3.5095               1.2562
34   H               -3.0186              -2.3999               1.0037
35   H               -4.5509              -1.5957               0.6282
36   H               -3.4877              -2.1275              -0.6782
37   H                2.2152              -3.1668              -0.3398
38   H                4.8457              -3.3028              -0.5276
39   H               10.2088               0.0911              -0.6626
40   H                8.4503               1.8336              -0.3944
41   H                6.0893               1.2575              -0.2689


Energy:                -2548.715016 Convergence criteria  Is converged 
Maximum Force:             0.001740     0.002850  Yes
RMS Force:                 0.000754     0.001900  Yes
Maximum Displacement:      0.002185     0.003150  Yes
RMS Displacement:          0.000832     0.002100  Yes

LBFGS converged at iteration 16.
Final frame written to /home/hungn/Desktop/MyRepo/MLP/MAPLE/maple/function/dispatcher/parmfit/example/PPI_torsionfit_3-14_opt.xyz
Complete trajectory written to /home/hungn/Desktop/MyRepo/MLP/MAPLE/maple/function/dispatcher/parmfit/example/PPI_torsionfit_3-14_traj.xyz

----------------------------------------------------------------------
            Scanning combination 12/73: [414.83]

======================================================================
LBFGS Parameters
======================================================================
memory:     5
curvature:  70.0
max_step:   0.2
max_iter:   256
write_traj: False
traj_every: 1
verbose:    0
======================================================================


                             Coordinates                              
----------------------------------------------------------------------
0    C               -0.7315               0.9816               0.2226
1    C               -1.4307              -0.2555               0.1857
2    C               -2.8111              -0.3537               0.3375
3    C               -3.5160               0.8543               0.4860
4    C               -2.8139               2.0934               0.5075
5    C               -1.4308               2.1899               0.3898
6    C                0.6802               0.7956               0.0724
7    C                1.0565              -0.5041              -0.0757
8    S               -0.3206              -1.5862              -0.0543
9    C               -4.9389               1.0579               0.6238
10   C               -5.2862               2.3559               0.7366
11   S               -3.9251               3.4256               0.6913
12   C               -0.6910               3.4975               0.4250
13   C               -3.5017              -1.6898               0.3317
14   C                2.4112              -1.0075              -0.2120
15   C                2.8661              -2.2988              -0.3288
16   C                4.2749              -2.3839              -0.4280
17   C                4.9110              -1.1628              -0.3876
18   S                3.7370               0.1110              -0.2246
19   C                6.3393              -0.8547              -0.4599
20   C                7.3413              -1.8807              -0.6114
21   C                8.7429              -1.5215              -0.6836
22   C                9.1533              -0.1611              -0.6050
23   C                8.1805               0.7811              -0.4593
24   C                6.8018               0.4459              -0.3874
25   N                7.1577              -3.1962              -0.7014
26   S                8.6157              -3.8810              -0.8606
27   N                9.5582              -2.5664              -0.8249
28   H                1.3907               1.6164               0.0824
29   H               -5.6597               0.2469               0.6316
30   H               -6.2842               2.7657               0.8345
31   H               -0.1142               3.6426              -0.4970
32   H               -1.3655               4.3495               0.5426
33   H                0.0254               3.5128               1.2554
34   H               -3.0699              -2.3613               1.0820
35   H               -4.5697              -1.5942               0.5448
36   H               -3.4006              -2.1806              -0.6422
37   H                2.2120              -3.1629              -0.3434
38   H                4.8425              -3.3019              -0.5278
39   H               10.2087               0.0867              -0.6618
40   H                8.4515               1.8312              -0.3946
41   H                6.0899               1.2571              -0.2703


Energy:                -2548.715066 Convergence criteria  Is converged 
Maximum Force:             0.001177     0.002850  Yes
RMS Force:                 0.000474     0.001900  Yes
Maximum Displacement:      0.000549     0.003150  Yes
RMS Displacement:          0.000262     0.002100  Yes

LBFGS converged at iteration 21.
Final frame written to /home/hungn/Desktop/MyRepo/MLP/MAPLE/maple/function/dispatcher/parmfit/example/PPI_torsionfit_3-14_opt.xyz
Complete trajectory written to /home/hungn/Desktop/MyRepo/MLP/MAPLE/maple/function/dispatcher/parmfit/example/PPI_torsionfit_3-14_traj.xyz

----------------------------------------------------------------------
            Scanning combination 13/73: [419.83]

======================================================================
LBFGS Parameters
======================================================================
memory:     5
curvature:  70.0
max_step:   0.2
max_iter:   256
write_traj: False
traj_every: 1
verbose:    0
======================================================================


                             Coordinates                              
----------------------------------------------------------------------
0    C               -0.7337               0.9837               0.2119
1    C               -1.4323              -0.2538               0.1796
2    C               -2.8094              -0.3544               0.3515
3    C               -3.5154               0.8542               0.4995
4    C               -2.8149               2.0939               0.5121
5    C               -1.4326               2.1916               0.3840
6    C                0.6787               0.7969               0.0706
7    C                1.0559              -0.5035              -0.0698
8    S               -0.3217              -1.5851              -0.0532
9    C               -4.9390               1.0579               0.6282
10   C               -5.2877               2.3557               0.7333
11   S               -3.9271               3.4259               0.6902
12   C               -0.6918               3.4983               0.4254
13   C               -3.5029              -1.6887               0.3323
14   C                2.4107              -1.0064              -0.2106
15   C                2.8655              -2.2974              -0.3299
16   C                4.2745              -2.3832              -0.4293
17   C                4.9110              -1.1624              -0.3887
18   S                3.7371               0.1118              -0.2263
19   C                6.3394              -0.8548              -0.4605
20   C                7.3409              -1.8813              -0.6119
21   C                8.7426              -1.5226              -0.6838
22   C                9.1535              -0.1624              -0.6050
23   C                8.1811               0.7802              -0.4595
24   C                6.8022               0.4455              -0.3879
25   N                7.1567              -3.1968              -0.7019
26   S                8.6145              -3.8821              -0.8605
27   N                9.5575              -2.5678              -0.8247
28   H                1.3892               1.6174               0.0823
29   H               -5.6586               0.2457               0.6303
30   H               -6.2852               2.7650               0.8413
31   H               -0.1158               3.6436              -0.4967
32   H               -1.3671               4.3493               0.5434
33   H                0.0254               3.5142               1.2561
34   H               -3.1223              -2.3470               1.1211
35   H               -4.5775              -1.5748               0.4993
36   H               -3.3688              -2.2011              -0.6265
37   H                2.2111              -3.1612              -0.3437
38   H                4.8415              -3.3017              -0.5284
39   H               10.2089               0.0852              -0.6613
40   H                8.4523               1.8302              -0.3946
41   H                6.0905               1.2569              -0.2710


Energy:                -2548.714936 Convergence criteria  Is converged 
Maximum Force:             0.001537     0.002850  Yes
RMS Force:                 0.000738     0.001900  Yes
Maximum Displacement:      0.001203     0.003150  Yes
RMS Displacement:          0.000422     0.002100  Yes

LBFGS converged at iteration 15.
Final frame written to /home/hungn/Desktop/MyRepo/MLP/MAPLE/maple/function/dispatcher/parmfit/example/PPI_torsionfit_3-14_opt.xyz
Complete trajectory written to /home/hungn/Desktop/MyRepo/MLP/MAPLE/maple/function/dispatcher/parmfit/example/PPI_torsionfit_3-14_traj.xyz

----------------------------------------------------------------------
            Scanning combination 14/73: [424.83]

======================================================================
LBFGS Parameters
======================================================================
memory:     5
curvature:  70.0
max_step:   0.2
max_iter:   256
write_traj: False
traj_every: 1
verbose:    0
======================================================================


                             Coordinates                              
----------------------------------------------------------------------
0    C               -0.7343               0.9856               0.2092
1    C               -1.4317              -0.2528               0.1788
2    C               -2.8083              -0.3540               0.3562
3    C               -3.5146               0.8534               0.5089
4    C               -2.8152               2.0937               0.5172
5    C               -1.4337               2.1926               0.3848
6    C                0.6780               0.7996               0.0648
7    C                1.0552              -0.5004              -0.0783
8    S               -0.3214              -1.5832              -0.0587
9    C               -4.9381               1.0562               0.6395
10   C               -5.2877               2.3549               0.7431
11   S               -3.9281               3.4254               0.6919
12   C               -0.6941               3.5003               0.4240
13   C               -3.5041              -1.6876               0.3408
14   C                2.4102              -1.0045              -0.2113
15   C                2.8642              -2.2962              -0.3284
16   C                4.2730              -2.3820              -0.4294
17   C                4.9101              -1.1615              -0.3899
18   S                3.7369               0.1130              -0.2253
19   C                6.3388              -0.8550              -0.4621
20   C                7.3399              -1.8821              -0.6127
21   C                8.7419              -1.5242              -0.6838
22   C                9.1537              -0.1643              -0.6048
23   C                8.1818               0.7788              -0.4597
24   C                6.8026               0.4450              -0.3889
25   N                7.1552              -3.1975              -0.7026
26   S                8.6127              -3.8836              -0.8605
27   N                9.5564              -2.5698              -0.8243
28   H                1.3887               1.6202               0.0800
29   H               -5.6590               0.2456               0.6395
30   H               -6.2861               2.7631               0.8410
31   H               -0.1174               3.6477              -0.4975
32   H               -1.3690               4.3517               0.5434
33   H                0.0224               3.5138               1.2549
34   H               -3.1925              -2.3226               1.1776
35   H               -4.5876              -1.5611               0.4095
36   H               -3.2948              -2.2348              -0.5831
37   H                2.2096              -3.1598              -0.3437
38   H                4.8395              -3.3005              -0.5307
39   H               10.2094               0.0826              -0.6608
40   H                8.4537               1.8285              -0.3946
41   H                6.0914               1.2568              -0.2720


Energy:                -2548.714839 Convergence criteria  Is converged 
Maximum Force:             0.002557     0.002850  Yes
RMS Force:                 0.001041     0.001900  Yes
Maximum Displacement:      0.001334     0.003150  Yes
RMS Displacement:          0.000553     0.002100  Yes

LBFGS converged at iteration 15.
Final frame written to /home/hungn/Desktop/MyRepo/MLP/MAPLE/maple/function/dispatcher/parmfit/example/PPI_torsionfit_3-14_opt.xyz
Complete trajectory written to /home/hungn/Desktop/MyRepo/MLP/MAPLE/maple/function/dispatcher/parmfit/example/PPI_torsionfit_3-14_traj.xyz

----------------------------------------------------------------------
            Scanning combination 15/73: [429.83]

======================================================================
LBFGS Parameters
======================================================================
memory:     5
curvature:  70.0
max_step:   0.2
max_iter:   256
write_traj: False
traj_every: 1
verbose:    0
======================================================================


                             Coordinates                              
----------------------------------------------------------------------
0    C               -0.7358               0.9867               0.2115
1    C               -1.4332              -0.2518               0.1852
2    C               -2.8108              -0.3522               0.3534
3    C               -3.5161               0.8550               0.5114
4    C               -2.8164               2.0955               0.5190
5    C               -1.4347               2.1937               0.3858
6    C                0.6764               0.8008               0.0645
7    C                1.0544              -0.4994              -0.0760
8    S               -0.3228              -1.5823              -0.0524
9    C               -4.9392               1.0576               0.6446
10   C               -5.2890               2.3553               0.7459
11   S               -3.9295               3.4264               0.6997
12   C               -0.6950               3.5015               0.4248
13   C               -3.5066              -1.6863               0.3371
14   C                2.4096              -1.0018              -0.2165
15   C                2.8635              -2.2934              -0.3339
16   C                4.2725              -2.3811              -0.4315
17   C                4.9103              -1.1611              -0.3894
18   S                3.7376               0.1147              -0.2285
19   C                6.3389              -0.8552              -0.4615
20   C                7.3389              -1.8830              -0.6133
21   C                8.7411              -1.5262              -0.6841
22   C                9.1536              -0.1665              -0.6050
23   C                8.1825               0.7775              -0.4603
24   C                6.8032               0.4447              -0.3895
25   N                7.1529              -3.1982              -0.7039
26   S                8.6099              -3.8856              -0.8607
27   N                9.5547              -2.5727              -0.8239
28   H                1.3861               1.6222               0.0711
29   H               -5.6576               0.2442               0.6597
30   H               -6.2873               2.7634               0.8510
31   H               -0.1210               3.6475              -0.4985
32   H               -1.3720               4.3510               0.5440
33   H                0.0235               3.5197               1.2543
34   H               -3.2595              -2.2727               1.2283
35   H               -4.5923              -1.5597               0.3093
36   H               -3.2186              -2.2855              -0.5320
37   H                2.2081              -3.1563              -0.3435
38   H                4.8382              -3.3004              -0.5303
39   H               10.2095               0.0796              -0.6598
40   H                8.4551               1.8271              -0.3948
41   H                6.0923               1.2569              -0.2737


Energy:                -2548.714863 Convergence criteria  Is converged 
Maximum Force:             0.002815     0.002850  Yes
RMS Force:                 0.001232     0.001900  Yes
Maximum Displacement:      0.002273     0.003150  Yes
RMS Displacement:          0.000670     0.002100  Yes

LBFGS converged at iteration 15.
Final frame written to /home/hungn/Desktop/MyRepo/MLP/MAPLE/maple/function/dispatcher/parmfit/example/PPI_torsionfit_3-14_opt.xyz
Complete trajectory written to /home/hungn/Desktop/MyRepo/MLP/MAPLE/maple/function/dispatcher/parmfit/example/PPI_torsionfit_3-14_traj.xyz

----------------------------------------------------------------------
            Scanning combination 16/73: [434.83]

======================================================================
LBFGS Parameters
======================================================================
memory:     5
curvature:  70.0
max_step:   0.2
max_iter:   256
write_traj: False
traj_every: 1
verbose:    0
======================================================================


                             Coordinates                              
----------------------------------------------------------------------
0    C               -0.7361               0.9881               0.2233
1    C               -1.4330              -0.2501               0.1995
2    C               -2.8146              -0.3487               0.3357
3    C               -3.5205               0.8576               0.4955
4    C               -2.8201               2.0973               0.5114
5    C               -1.4372               2.1958               0.3868
6    C                0.6751               0.8037               0.0660
7    C                1.0539              -0.4965              -0.0715
8    S               -0.3199              -1.5826              -0.0188
9    C               -4.9418               1.0577               0.6508
10   C               -5.2902               2.3556               0.7665
11   S               -3.9316               3.4275               0.7063
12   C               -0.6994               3.5045               0.4215
13   C               -3.5034              -1.6850               0.3304
14   C                2.4086              -0.9991              -0.2162
15   C                2.8615              -2.2906              -0.3340
16   C                4.2699              -2.3789              -0.4341
17   C                4.9084              -1.1591              -0.3942
18   S                3.7365               0.1174              -0.2333
19   C                6.3376              -0.8552              -0.4645
20   C                7.3363              -1.8845              -0.6146
21   C                8.7392              -1.5299              -0.6842
22   C                9.1537              -0.1707              -0.6047
23   C                8.1839               0.7745              -0.4608
24   C                6.8039               0.4440              -0.3914
25   N                7.1486              -3.1994              -0.7051
26   S                8.6047              -3.8890              -0.8607
27   N                9.5514              -2.5774              -0.8233
28   H                1.3833               1.6265               0.0596
29   H               -5.6597               0.2449               0.6783
30   H               -6.2875               2.7632               0.8778
31   H               -0.1254               3.6533              -0.5017
32   H               -1.3758               4.3543               0.5430
33   H                0.0193               3.5201               1.2503
34   H               -3.3459              -2.2120               1.2794
35   H               -4.5814              -1.5839               0.1792
36   H               -3.1131              -2.3268              -0.4650
37   H                2.2049              -3.1532              -0.3470
38   H                4.8353              -3.2983              -0.5329
39   H               10.2101               0.0735              -0.6585
40   H                8.4581               1.8237              -0.3949
41   H                6.0943               1.2574              -0.2758


Energy:                -2548.714999 Convergence criteria  Is converged 
Maximum Force:             0.001167     0.002850  Yes
RMS Force:                 0.000500     0.001900  Yes
Maximum Displacement:      0.000876     0.003150  Yes
RMS Displacement:          0.000328     0.002100  Yes

LBFGS converged at iteration 22.
Final frame written to /home/hungn/Desktop/MyRepo/MLP/MAPLE/maple/function/dispatcher/parmfit/example/PPI_torsionfit_3-14_opt.xyz
Complete trajectory written to /home/hungn/Desktop/MyRepo/MLP/MAPLE/maple/function/dispatcher/parmfit/example/PPI_torsionfit_3-14_traj.xyz

----------------------------------------------------------------------
            Scanning combination 17/73: [439.83]

======================================================================
LBFGS Parameters
======================================================================
memory:     5
curvature:  70.0
max_step:   0.2
max_iter:   256
write_traj: False
traj_every: 1
verbose:    0
======================================================================


                             Coordinates                              
----------------------------------------------------------------------
0    C               -0.7377               0.9902               0.2120
1    C               -1.4350              -0.2483               0.1860
2    C               -2.8123              -0.3491               0.3529
3    C               -3.5198               0.8572               0.5065
4    C               -2.8206               2.0979               0.5135
5    C               -1.4383               2.1969               0.3838
6    C                0.6745               0.8046               0.0650
7    C                1.0537              -0.4963              -0.0661
8    S               -0.3204              -1.5818              -0.0190
9    C               -4.9417               1.0576               0.6537
10   C               -5.2911               2.3555               0.7659
11   S               -3.9331               3.4278               0.7048
12   C               -0.6998               3.5051               0.4222
13   C               -3.5045              -1.6841               0.3314
14   C                2.4082              -0.9987              -0.2132
15   C                2.8610              -2.2904              -0.3334
16   C                4.2695              -2.3785              -0.4346
17   C                4.9079              -1.1587              -0.3951
18   S                3.7360               0.1178              -0.2337
19   C                6.3373              -0.8551              -0.4655
20   C                7.3361              -1.8848              -0.6149
21   C                8.7390              -1.5304              -0.6839
22   C                9.1539              -0.1715              -0.6043
23   C                8.1841               0.7741              -0.4606
24   C                6.8040               0.4437              -0.3919
25   N                7.1481              -3.1996              -0.7051
26   S                8.6041              -3.8894              -0.8609
27   N                9.5510              -2.5781              -0.8233
28   H                1.3832               1.6267               0.0606
29   H               -5.6597               0.2445               0.6757
30   H               -6.2879               2.7626               0.8822
31   H               -0.1274               3.6526              -0.5019
32   H               -1.3762               4.3551               0.5428
33   H                0.0202               3.5214               1.2504
34   H               -3.3992              -2.1964               1.2961
35   H               -4.5771              -1.5684               0.1488
36   H               -3.0992              -2.3401              -0.4439
37   H                2.2046              -3.1529              -0.3474
38   H                4.8349              -3.2979              -0.5338
39   H               10.2103               0.0728              -0.6586
40   H                8.4586               1.8232              -0.3952
41   H                6.0946               1.2572              -0.2760


Energy:                -2548.714809 Convergence criteria  Is converged 
Maximum Force:             0.002595     0.002850  Yes
RMS Force:                 0.000803     0.001900  Yes
Maximum Displacement:      0.002552     0.003150  Yes
RMS Displacement:          0.000674     0.002100  Yes

LBFGS converged at iteration 12.
Final frame written to /home/hungn/Desktop/MyRepo/MLP/MAPLE/maple/function/dispatcher/parmfit/example/PPI_torsionfit_3-14_opt.xyz
Complete trajectory written to /home/hungn/Desktop/MyRepo/MLP/MAPLE/maple/function/dispatcher/parmfit/example/PPI_torsionfit_3-14_traj.xyz

----------------------------------------------------------------------
            Scanning combination 18/73: [444.83]

======================================================================
LBFGS Parameters
======================================================================
memory:     5
curvature:  70.0
max_step:   0.2
max_iter:   256
write_traj: False
traj_every: 1
verbose:    0
======================================================================


                             Coordinates                              
----------------------------------------------------------------------
0    C               -0.7367               0.9902               0.2229
1    C               -1.4319              -0.2495               0.2024
2    C               -2.8135              -0.3470               0.3382
3    C               -3.5193               0.8584               0.5039
4    C               -2.8209               2.0983               0.5160
5    C               -1.4386               2.1974               0.3862
6    C                0.6744               0.8080               0.0634
7    C                1.0555              -0.4913              -0.0720
8    S               -0.3157              -1.5802              -0.0211
9    C               -4.9396               1.0538               0.6649
10   C               -5.2907               2.3504               0.7808
11   S               -3.9349               3.4257               0.7151
12   C               -0.7026               3.5072               0.4184
13   C               -3.5160              -1.6769               0.3296
14   C                2.4098              -0.9937              -0.2154
15   C                2.8603              -2.2864              -0.3336
16   C                4.2684              -2.3766              -0.4357
17   C                4.9083              -1.1577              -0.3948
18   S                3.7389               0.1206              -0.2302
19   C                6.3374              -0.8554              -0.4667
20   C                7.3347              -1.8861              -0.6164
21   C                8.7380              -1.5334              -0.6843
22   C                9.1542              -0.1748              -0.6043
23   C                8.1855               0.7720              -0.4617
24   C                6.8051               0.4432              -0.3938
25   N                7.1450              -3.2007              -0.7073
26   S                8.6003              -3.8923              -0.8615
27   N                9.5488              -2.5821              -0.8227
28   H                1.3803               1.6327               0.0534
29   H               -5.6534               0.2368               0.6965
30   H               -6.2885               2.7563               0.8948
31   H               -0.1322               3.6559              -0.5068
32   H               -1.3802               4.3559               0.5400
33   H                0.0187               3.5257               1.2449
34   H               -3.5186              -2.1349               1.3267
35   H               -4.5588              -1.5762               0.0141
36   H               -3.0213              -2.3807              -0.3456
37   H                2.2015              -3.1468              -0.3445
38   H                4.8324              -3.2966              -0.5380
39   H               10.2109               0.0682              -0.6573
40   H                8.4610               1.8207              -0.3957
41   H                6.0962               1.2575              -0.2789


Energy:                -2548.714917 Convergence criteria  Is converged 
Maximum Force:             0.001321     0.002850  Yes
RMS Force:                 0.000622     0.001900  Yes
Maximum Displacement:      0.002300     0.003150  Yes
RMS Displacement:          0.000767     0.002100  Yes

LBFGS converged at iteration 23.
Final frame written to /home/hungn/Desktop/MyRepo/MLP/MAPLE/maple/function/dispatcher/parmfit/example/PPI_torsionfit_3-14_opt.xyz
Complete trajectory written to /home/hungn/Desktop/MyRepo/MLP/MAPLE/maple/function/dispatcher/parmfit/example/PPI_torsionfit_3-14_traj.xyz

----------------------------------------------------------------------
            Scanning combination 19/73: [449.83]

======================================================================
LBFGS Parameters
======================================================================
memory:     5
curvature:  70.0
max_step:   0.2
max_iter:   256
write_traj: False
traj_every: 1
verbose:    0
======================================================================


                             Coordinates                              
----------------------------------------------------------------------
0    C               -0.7387               0.9922               0.2114
1    C               -1.4344              -0.2481               0.1880
2    C               -2.8122              -0.3494               0.3528
3    C               -3.5186               0.8580               0.5137
4    C               -2.8218               2.0986               0.5200
5    C               -1.4401               2.1983               0.3838
6    C                0.6735               0.8094               0.0622
7    C                1.0556              -0.4906              -0.0668
8    S               -0.3157              -1.5794              -0.0215
9    C               -4.9399               1.0537               0.6680
10   C               -5.2923               2.3509               0.7811
11   S               -3.9367               3.4265               0.7132
12   C               -0.7031               3.5080               0.4183
13   C               -3.5183              -1.6765               0.3340
14   C                2.4096              -0.9935              -0.2118
15   C                2.8599              -2.2859              -0.3332
16   C                4.2680              -2.3760              -0.4366
17   C                4.9080              -1.1571              -0.3963
18   S                3.7384               0.1211              -0.2319
19   C                6.3375              -0.8554              -0.4672
20   C                7.3347              -1.8864              -0.6164
21   C                8.7381              -1.5339              -0.6842
22   C                9.1547              -0.1755              -0.6042
23   C                8.1861               0.7714              -0.4617
24   C                6.8056               0.4430              -0.3940
25   N                7.1448              -3.2010              -0.7073
26   S                8.6000              -3.8928              -0.8618
27   N                9.5488              -2.5828              -0.8229
28   H                1.3805               1.6329               0.0558
29   H               -5.6528               0.2368               0.6944
30   H               -6.2896               2.7558               0.9006
31   H               -0.1334               3.6555              -0.5075
32   H               -1.3806               4.3569               0.5402
33   H                0.0191               3.5268               1.2444
34   H               -3.5778              -2.1149               1.3385
35   H               -4.5463              -1.5614              -0.0243
36   H               -3.0109              -2.3952              -0.3171
37   H                2.2010              -3.1465              -0.3462
38   H                4.8321              -3.2961              -0.5379
39   H               10.2115               0.0673              -0.6573
40   H                8.4619               1.8201              -0.3961
41   H                6.0970               1.2574              -0.2793


Energy:                -2548.714850 Convergence criteria  Is converged 
Maximum Force:             0.002196     0.002850  Yes
RMS Force:                 0.000925     0.001900  Yes
Maximum Displacement:      0.001985     0.003150  Yes
RMS Displacement:          0.000849     0.002100  Yes

LBFGS converged at iteration 12.
Final frame written to /home/hungn/Desktop/MyRepo/MLP/MAPLE/maple/function/dispatcher/parmfit/example/PPI_torsionfit_3-14_opt.xyz
Complete trajectory written to /home/hungn/Desktop/MyRepo/MLP/MAPLE/maple/function/dispatcher/parmfit/example/PPI_torsionfit_3-14_traj.xyz

----------------------------------------------------------------------
            Scanning combination 20/73: [454.83]

======================================================================
LBFGS Parameters
======================================================================
memory:     5
curvature:  70.0
max_step:   0.2
max_iter:   256
write_traj: False
traj_every: 1
verbose:    0
======================================================================


                             Coordinates                              
----------------------------------------------------------------------
0    C               -0.7396               0.9929               0.2056
1    C               -1.4342              -0.2475               0.1858
2    C               -2.8110              -0.3502               0.3612
3    C               -3.5176               0.8579               0.5251
4    C               -2.8219               2.0983               0.5250
5    C               -1.4407               2.1994               0.3810
6    C                0.6730               0.8111               0.0578
7    C                1.0558              -0.4886              -0.0716
8    S               -0.3154              -1.5776              -0.0329
9    C               -4.9388               1.0523               0.6771
10   C               -5.2922               2.3497               0.7861
11   S               -3.9379               3.4264               0.7145
12   C               -0.7042               3.5090               0.4161
13   C               -3.5261              -1.6733               0.3382
14   C                2.4100              -0.9922              -0.2112
15   C                2.8596              -2.2848              -0.3321
16   C                4.2676              -2.3753              -0.4366
17   C                4.9080              -1.1566              -0.3966
18   S                3.7390               0.1220              -0.2306
19   C                6.3376              -0.8554              -0.4680
20   C                7.3345              -1.8868              -0.6169
21   C                8.7381              -1.5348              -0.6843
22   C                9.1552              -0.1766              -0.6042
23   C                8.1869               0.7707              -0.4620
24   C                6.8062               0.4428              -0.3947
25   N                7.1442              -3.2013              -0.7077
26   S                8.5992              -3.8936              -0.8619
27   N                9.5484              -2.5839              -0.8229
28   H                1.3801               1.6347               0.0578
29   H               -5.6531               0.2359               0.6985
30   H               -6.2902               2.7542               0.9035
31   H               -0.1340               3.6579              -0.5090
32   H               -1.3815               4.3578               0.5397
33   H                0.0173               3.5260               1.2428
34   H               -3.6626              -2.0864               1.3458
35   H               -4.5239              -1.5518              -0.0952
36   H               -2.9845              -2.4150              -0.2543
37   H                2.2004              -3.1451              -0.3462
38   H                4.8312              -3.2954              -0.5393
39   H               10.2120               0.0658              -0.6571
40   H                8.4631               1.8193              -0.3963
41   H                6.0979               1.2575              -0.2799


Energy:                -2548.714809 Convergence criteria  Is converged 
Maximum Force:             0.002657     0.002850  Yes
RMS Force:                 0.001066     0.001900  Yes
Maximum Displacement:      0.001568     0.003150  Yes
RMS Displacement:          0.000600     0.002100  Yes

LBFGS converged at iteration 14.
Final frame written to /home/hungn/Desktop/MyRepo/MLP/MAPLE/maple/function/dispatcher/parmfit/example/PPI_torsionfit_3-14_opt.xyz
Complete trajectory written to /home/hungn/Desktop/MyRepo/MLP/MAPLE/maple/function/dispatcher/parmfit/example/PPI_torsionfit_3-14_traj.xyz

----------------------------------------------------------------------
            Scanning combination 21/73: [459.83]

======================================================================
LBFGS Parameters
======================================================================
memory:     5
curvature:  70.0
max_step:   0.2
max_iter:   256
write_traj: False
traj_every: 1
verbose:    0
======================================================================


                             Coordinates                              
----------------------------------------------------------------------
0    C               -0.7400               0.9914               0.2214
1    C               -1.4343              -0.2502               0.2041
2    C               -2.8150              -0.3480               0.3464
3    C               -3.5195               0.8596               0.5155
4    C               -2.8224               2.0994               0.5278
5    C               -1.4412               2.1993               0.3869
6    C                0.6711               0.8129               0.0562
7    C                1.0555              -0.4857              -0.0793
8    S               -0.3143              -1.5768              -0.0376
9    C               -4.9381               1.0521               0.6859
10   C               -5.2925               2.3491               0.7995
11   S               -3.9387               3.4265               0.7245
12   C               -0.7056               3.5100               0.4142
13   C               -3.5372              -1.6679               0.3270
14   C                2.4101              -0.9884              -0.2172
15   C                2.8590              -2.2817              -0.3350
16   C                4.2670              -2.3735              -0.4372
17   C                4.9083              -1.1553              -0.3965
18   S                3.7402               0.1244              -0.2314
19   C                6.3381              -0.8554              -0.4681
20   C                7.3341              -1.8876              -0.6173
21   C                8.7380              -1.5369              -0.6845
22   C                9.1563              -0.1790              -0.6044
23   C                8.1887               0.7691              -0.4627
24   C                6.8078               0.4425              -0.3955
25   N                7.1427              -3.2019              -0.7087
26   S                8.5971              -3.8956              -0.8625
27   N                9.5475              -2.5867              -0.8229
28   H                1.3765               1.6377               0.0535
29   H               -5.6478               0.2328               0.7193
30   H               -6.2912               2.7531               0.9133
31   H               -0.1378               3.6579              -0.5130
32   H               -1.3841               4.3583               0.5376
33   H                0.0178               3.5304               1.2392
34   H               -3.7740              -2.0121               1.3414
35   H               -4.4880              -1.5830              -0.2105
36   H               -2.9350              -2.4440              -0.1543
37   H                2.1981              -3.1407              -0.3467
38   H                4.8298              -3.2942              -0.5393
39   H               10.2133               0.0625              -0.6568
40   H                8.4658               1.8175              -0.3972
41   H                6.1001               1.2577              -0.2816


Energy:                -2548.715049 Convergence criteria  Is converged 
Maximum Force:             0.001815     0.002850  Yes
RMS Force:                 0.000854     0.001900  Yes
Maximum Displacement:      0.001425     0.003150  Yes
RMS Displacement:          0.000727     0.002100  Yes

LBFGS converged at iteration 17.
Final frame written to /home/hungn/Desktop/MyRepo/MLP/MAPLE/maple/function/dispatcher/parmfit/example/PPI_torsionfit_3-14_opt.xyz
Complete trajectory written to /home/hungn/Desktop/MyRepo/MLP/MAPLE/maple/function/dispatcher/parmfit/example/PPI_torsionfit_3-14_traj.xyz

----------------------------------------------------------------------
            Scanning combination 22/73: [464.83]

======================================================================
LBFGS Parameters
======================================================================
memory:     5
curvature:  70.0
max_step:   0.2
max_iter:   256
write_traj: False
traj_every: 1
verbose:    0
======================================================================


                             Coordinates                              
----------------------------------------------------------------------
0    C               -0.7417               0.9924               0.2127
1    C               -1.4376              -0.2482               0.1865
2    C               -2.8144              -0.3482               0.3609
3    C               -3.5195               0.8595               0.5261
4    C               -2.8232               2.0997               0.5279
5    C               -1.4418               2.1993               0.3864
6    C                0.6709               0.8127               0.0591
7    C                1.0551              -0.4857              -0.0759
8    S               -0.3155              -1.5765              -0.0369
9    C               -4.9394               1.0521               0.6862
10   C               -5.2931               2.3493               0.7986
11   S               -3.9392               3.4271               0.7247
12   C               -0.7059               3.5099               0.4149
13   C               -3.5397              -1.6659               0.3303
14   C                2.4099              -0.9882              -0.2170
15   C                2.8588              -2.2813              -0.3356
16   C                4.2668              -2.3732              -0.4375
17   C                4.9082              -1.1551              -0.3970
18   S                3.7401               0.1247              -0.2327
19   C                6.3381              -0.8554              -0.4683
20   C                7.3340              -1.8877              -0.6174
21   C                8.7380              -1.5372              -0.6845
22   C                9.1564              -0.1794              -0.6044
23   C                8.1890               0.7689              -0.4627
24   C                6.8080               0.4424              -0.3956
25   N                7.1424              -3.2020              -0.7087
26   S                8.5967              -3.8959              -0.8626
27   N                9.5473              -2.5872              -0.8230
28   H                1.3762               1.6380               0.0538
29   H               -5.6486               0.2315               0.7188
30   H               -6.2911               2.7530               0.9177
31   H               -0.1392               3.6571              -0.5129
32   H               -1.3842               4.3582               0.5373
33   H                0.0184               3.5313               1.2389
34   H               -3.8284              -1.9867               1.3379
35   H               -4.4707              -1.5744              -0.2420
36   H               -2.9357              -2.4537              -0.1243
37   H                2.1980              -3.1404              -0.3475
38   H                4.8297              -3.2940              -0.5391
39   H               10.2135               0.0619              -0.6568
40   H                8.4663               1.8172              -0.3973
41   H                6.1005               1.2578              -0.2817


Energy:                -2548.714967 Convergence criteria  Is converged 
Maximum Force:             0.002569     0.002850  Yes
RMS Force:                 0.000819     0.001900  Yes
Maximum Displacement:      0.001911     0.003150  Yes
RMS Displacement:          0.000666     0.002100  Yes

LBFGS converged at iteration 12.
Final frame written to /home/hungn/Desktop/MyRepo/MLP/MAPLE/maple/function/dispatcher/parmfit/example/PPI_torsionfit_3-14_opt.xyz
Complete trajectory written to /home/hungn/Desktop/MyRepo/MLP/MAPLE/maple/function/dispatcher/parmfit/example/PPI_torsionfit_3-14_traj.xyz

----------------------------------------------------------------------
            Scanning combination 23/73: [469.83]

======================================================================
LBFGS Parameters
======================================================================
memory:     5
curvature:  70.0
max_step:   0.2
max_iter:   256
write_traj: False
traj_every: 1
verbose:    0
======================================================================


                             Coordinates                              
----------------------------------------------------------------------
0    C               -0.7422               0.9928               0.2190
1    C               -1.4357              -0.2493               0.2037
2    C               -2.8160              -0.3454               0.3480
3    C               -3.5204               0.8618               0.5248
4    C               -2.8240               2.1013               0.5329
5    C               -1.4432               2.2002               0.3864
6    C                0.6693               0.8149               0.0532
7    C                1.0541              -0.4833              -0.0841
8    S               -0.3156              -1.5750              -0.0465
9    C               -4.9380               1.0516               0.6990
10   C               -5.2937               2.3484               0.8133
11   S               -3.9410               3.4278               0.7318
12   C               -0.7079               3.5111               0.4116
13   C               -3.5480              -1.6594               0.3247
14   C                2.4090              -0.9861              -0.2188
15   C                2.8575              -2.2798              -0.3360
16   C                4.2655              -2.3717              -0.4382
17   C                4.9073              -1.1538              -0.3984
18   S                3.7396               0.1264              -0.2338
19   C                6.3376              -0.8551              -0.4696
20   C                7.3329              -1.8883              -0.6180
21   C                8.7372              -1.5390              -0.6848
22   C                9.1569              -0.1816              -0.6045
23   C                8.1902               0.7674              -0.4632
24   C                6.8088               0.4422              -0.3965
25   N                7.1404              -3.2025              -0.7090
26   S                8.5942              -3.8975              -0.8626
27   N                9.5457              -2.5895              -0.8229
28   H                1.3746               1.6397               0.0551
29   H               -5.6447               0.2286               0.7317
30   H               -6.2924               2.7513               0.9280
31   H               -0.1408               3.6595              -0.5160
32   H               -1.3859               4.3595               0.5363
33   H                0.0159               3.5305               1.2359
34   H               -3.9392              -1.9196               1.3167
35   H               -4.4106              -1.6040              -0.3488
36   H               -2.9005              -2.4756              -0.0093
37   H                2.1962              -3.1383              -0.3494
38   H                4.8282              -3.2925              -0.5402
39   H               10.2143               0.0588              -0.6567
40   H                8.4684               1.8155              -0.3976
41   H                6.1021               1.2583              -0.2825


Energy:                -2548.715190 Convergence criteria  Is converged 
Maximum Force:             0.002235     0.002850  Yes
RMS Force:                 0.000981     0.001900  Yes
Maximum Displacement:      0.002189     0.003150  Yes
RMS Displacement:          0.000918     0.002100  Yes

LBFGS converged at iteration 17.
Final frame written to /home/hungn/Desktop/MyRepo/MLP/MAPLE/maple/function/dispatcher/parmfit/example/PPI_torsionfit_3-14_opt.xyz
Complete trajectory written to /home/hungn/Desktop/MyRepo/MLP/MAPLE/maple/function/dispatcher/parmfit/example/PPI_torsionfit_3-14_traj.xyz

----------------------------------------------------------------------
            Scanning combination 24/73: [474.83]

======================================================================
LBFGS Parameters
======================================================================
memory:     5
curvature:  70.0
max_step:   0.2
max_iter:   256
write_traj: False
traj_every: 1
verbose:    0
======================================================================


                             Coordinates                              
----------------------------------------------------------------------
0    C               -0.7441               0.9932               0.2115
1    C               -1.4402              -0.2474               0.1847
2    C               -2.8163              -0.3462               0.3652
3    C               -3.5207               0.8617               0.5359
4    C               -2.8246               2.1013               0.5329
5    C               -1.4438               2.2004               0.3865
6    C                0.6687               0.8140               0.0575
7    C                1.0533              -0.4832              -0.0809
8    S               -0.3176              -1.5745              -0.0469
9    C               -4.9396               1.0517               0.6992
10   C               -5.2944               2.3492               0.8109
11   S               -3.9411               3.4282               0.7329
12   C               -0.7078               3.5109               0.4129
13   C               -3.5519              -1.6573               0.3262
14   C                2.4088              -0.9861              -0.2206
15   C                2.8575              -2.2788              -0.3376
16   C                4.2654              -2.3717              -0.4385
17   C                4.9074              -1.1537              -0.3982
18   S                3.7396               0.1267              -0.2347
19   C                6.3377              -0.8550              -0.4694
20   C                7.3328              -1.8884              -0.6181
21   C                8.7372              -1.5393              -0.6849
22   C                9.1570              -0.1820              -0.6046
23   C                8.1903               0.7674              -0.4633
24   C                6.8089               0.4421              -0.3966
25   N                7.1401              -3.2026              -0.7092
26   S                8.5937              -3.8978              -0.8626
27   N                9.5455              -2.5900              -0.8229
28   H                1.3737               1.6400               0.0540
29   H               -5.6469               0.2292               0.7319
30   H               -6.2920               2.7520               0.9322
31   H               -0.1424               3.6581              -0.5157
32   H               -1.3861               4.3591               0.5358
33   H                0.0176               3.5324               1.2360
34   H               -3.9889              -1.8961               1.3040
35   H               -4.3889              -1.6011              -0.3812
36   H               -2.9066              -2.4838               0.0248
37   H                2.1959              -3.1378              -0.3494
38   H                4.8281              -3.2925              -0.5399
39   H               10.2143               0.0584              -0.6567
40   H                8.4686               1.8153              -0.3977
41   H                6.1022               1.2584              -0.2827


Energy:                -2548.715116 Convergence criteria  Is converged 
Maximum Force:             0.002353     0.002850  Yes
RMS Force:                 0.000985     0.001900  Yes
Maximum Displacement:      0.001363     0.003150  Yes
RMS Displacement:          0.000542     0.002100  Yes

LBFGS converged at iteration 12.
Final frame written to /home/hungn/Desktop/MyRepo/MLP/MAPLE/maple/function/dispatcher/parmfit/example/PPI_torsionfit_3-14_opt.xyz
Complete trajectory written to /home/hungn/Desktop/MyRepo/MLP/MAPLE/maple/function/dispatcher/parmfit/example/PPI_torsionfit_3-14_traj.xyz

----------------------------------------------------------------------
            Scanning combination 25/73: [479.83]

======================================================================
LBFGS Parameters
======================================================================
memory:     5
curvature:  70.0
max_step:   0.2
max_iter:   256
write_traj: False
traj_every: 1
verbose:    0
======================================================================


                             Coordinates                              
----------------------------------------------------------------------
0    C               -0.7456               0.9938               0.2227
1    C               -1.4404              -0.2477               0.2009
2    C               -2.8217              -0.3412               0.3499
3    C               -3.5235               0.8654               0.5300
4    C               -2.8273               2.1046               0.5358
5    C               -1.4452               2.2010               0.3898
6    C                0.6657               0.8142               0.0570
7    C                1.0500              -0.4835              -0.0855
8    S               -0.3208              -1.5744              -0.0465
9    C               -4.9420               1.0551               0.7063
10   C               -5.2954               2.3524               0.8233
11   S               -3.9423               3.4316               0.7421
12   C               -0.7099               3.5113               0.4114
13   C               -3.5603              -1.6513               0.3225
14   C                2.4058              -0.9847              -0.2234
15   C                2.8549              -2.2779              -0.3387
16   C                4.2630              -2.3699              -0.4394
17   C                4.9050              -1.1521              -0.4002
18   S                3.7366               0.1282              -0.2372
19   C                6.3360              -0.8548              -0.4707
20   C                7.3308              -1.8890              -0.6185
21   C                8.7356              -1.5411              -0.6848
22   C                9.1567              -0.1841              -0.6046
23   C                8.1908               0.7657              -0.4635
24   C                6.8089               0.4419              -0.3974
25   N                7.1373              -3.2030              -0.7094
26   S                8.5904              -3.8994              -0.8628
27   N                9.5432              -2.5923              -0.8229
28   H                1.3695               1.6405               0.0535
29   H               -5.6496               0.2324               0.7368
30   H               -6.2926               2.7562               0.9464
31   H               -0.1461               3.6571              -0.5182
32   H               -1.3878               4.3597               0.5347
33   H                0.0162               3.5329               1.2335
34   H               -4.0933              -1.8218               1.2659
35   H               -4.3186              -1.6493              -0.4697
36   H               -2.8883              -2.4965               0.1543
37   H                2.1934              -3.1364              -0.3521
38   H                4.8257              -3.2907              -0.5407
39   H               10.2143               0.0552              -0.6566
40   H                8.4701               1.8135              -0.3982
41   H                6.1032               1.2588              -0.2836


Energy:                -2548.715303 Convergence criteria  Is converged 
Maximum Force:             0.002170     0.002850  Yes
RMS Force:                 0.001022     0.001900  Yes
Maximum Displacement:      0.002249     0.003150  Yes
RMS Displacement:          0.000799     0.002100  Yes

LBFGS converged at iteration 14.
Final frame written to /home/hungn/Desktop/MyRepo/MLP/MAPLE/maple/function/dispatcher/parmfit/example/PPI_torsionfit_3-14_opt.xyz
Complete trajectory written to /home/hungn/Desktop/MyRepo/MLP/MAPLE/maple/function/dispatcher/parmfit/example/PPI_torsionfit_3-14_traj.xyz

----------------------------------------------------------------------
            Scanning combination 26/73: [484.83]

======================================================================
LBFGS Parameters
======================================================================
memory:     5
curvature:  70.0
max_step:   0.2
max_iter:   256
write_traj: False
traj_every: 1
verbose:    0
======================================================================


                             Coordinates                              
----------------------------------------------------------------------
0    C               -0.7479               0.9936               0.2143
1    C               -1.4450              -0.2464               0.1851
2    C               -2.8210              -0.3435               0.3690
3    C               -3.5243               0.8651               0.5380
4    C               -2.8275               2.1039               0.5372
5    C               -1.4461               2.2014               0.3897
6    C                0.6648               0.8147               0.0578
7    C                1.0496              -0.4828              -0.0822
8    S               -0.3222              -1.5735              -0.0487
9    C               -4.9428               1.0563               0.7063
10   C               -5.2958               2.3527               0.8224
11   S               -3.9422               3.4313               0.7420
12   C               -0.7098               3.5116               0.4120
13   C               -3.5644              -1.6503               0.3223
14   C                2.4054              -0.9846              -0.2232
15   C                2.8546              -2.2776              -0.3400
16   C                4.2629              -2.3700              -0.4401
17   C                4.9050              -1.1522              -0.4001
18   S                3.7365               0.1282              -0.2381
19   C                6.3360              -0.8548              -0.4705
20   C                7.3305              -1.8890              -0.6186
21   C                8.7353              -1.5412              -0.6849
22   C                9.1565              -0.1843              -0.6047
23   C                8.1907               0.7657              -0.4637
24   C                6.8088               0.4419              -0.3974
25   N                7.1368              -3.2030              -0.7096
26   S                8.5899              -3.8996              -0.8627
27   N                9.5428              -2.5926              -0.8228
28   H                1.3699               1.6403               0.0540
29   H               -5.6504               0.2335               0.7356
30   H               -6.2931               2.7569               0.9488
31   H               -0.1464               3.6566              -0.5182
32   H               -1.3878               4.3600               0.5349
33   H                0.0172               3.5342               1.2336
34   H               -4.1402              -1.7977               1.2448
35   H               -4.2965              -1.6458              -0.4973
36   H               -2.8969              -2.5016               0.1789
37   H                2.1933              -3.1364              -0.3521
38   H                4.8258              -3.2908              -0.5405
39   H               10.2141               0.0549              -0.6565
40   H                8.4701               1.8134              -0.3981
41   H                6.1031               1.2589              -0.2837


Energy:                -2548.715135 Convergence criteria  Is converged 
Maximum Force:             0.002233     0.002850  Yes
RMS Force:                 0.000931     0.001900  Yes
Maximum Displacement:      0.002340     0.003150  Yes
RMS Displacement:          0.000684     0.002100  Yes

LBFGS converged at iteration 12.
Final frame written to /home/hungn/Desktop/MyRepo/MLP/MAPLE/maple/function/dispatcher/parmfit/example/PPI_torsionfit_3-14_opt.xyz
Complete trajectory written to /home/hungn/Desktop/MyRepo/MLP/MAPLE/maple/function/dispatcher/parmfit/example/PPI_torsionfit_3-14_traj.xyz

----------------------------------------------------------------------
            Scanning combination 27/73: [489.83]

======================================================================
LBFGS Parameters
======================================================================
memory:     5
curvature:  70.0
max_step:   0.2
max_iter:   256
write_traj: False
traj_every: 1
verbose:    0
======================================================================


                             Coordinates                              
----------------------------------------------------------------------
0    C               -0.7496               0.9974               0.2239
1    C               -1.4476              -0.2423               0.1983
2    C               -2.8270              -0.3361               0.3572
3    C               -3.5283               0.8723               0.5322
4    C               -2.8289               2.1101               0.5410
5    C               -1.4477               2.2060               0.3941
6    C                0.6622               0.8176               0.0601
7    C                1.0452              -0.4805              -0.0840
8    S               -0.3275              -1.5695              -0.0479
9    C               -4.9455               1.0645               0.7086
10   C               -5.2965               2.3614               0.8339
11   S               -3.9410               3.4380               0.7579
12   C               -0.7105               3.5156               0.4118
13   C               -3.5655              -1.6466               0.3300
14   C                2.4003              -0.9826              -0.2283
15   C                2.8495              -2.2760              -0.3440
16   C                4.2580              -2.3687              -0.4425
17   C                4.9005              -1.1512              -0.4020
18   S                3.7323               0.1296              -0.2417
19   C                6.3318              -0.8546              -0.4716
20   C                7.3254              -1.8899              -0.6195
21   C                8.7306              -1.5439              -0.6852
22   C                9.1532              -0.1874              -0.6047
23   C                8.1886               0.7636              -0.4642
24   C                6.8062               0.4416              -0.3986
25   N                7.1301              -3.2037              -0.7105
26   S                8.5825              -3.9021              -0.8625
27   N                9.5369              -2.5962              -0.8223
28   H                1.3682               1.6418               0.0525
29   H               -5.6541               0.2427               0.7343
30   H               -6.2929               2.7645               0.9660
31   H               -0.1495               3.6582              -0.5201
32   H               -1.3874               4.3648               0.5340
33   H                0.0189               3.5400               1.2311
34   H               -4.2281              -1.7356               1.1994
35   H               -4.1935              -1.7263              -0.5665
36   H               -2.8800              -2.4966               0.3334
37   H                2.1890              -3.1353              -0.3547
38   H                4.8211              -3.2896              -0.5420
39   H               10.2113               0.0503              -0.6559
40   H                8.4693               1.8111              -0.3984
41   H                6.1015               1.2596              -0.2854


Energy:                -2548.715275 Convergence criteria  Is converged 
Maximum Force:             0.001292     0.002850  Yes
RMS Force:                 0.000585     0.001900  Yes
Maximum Displacement:      0.000881     0.003150  Yes
RMS Displacement:          0.000355     0.002100  Yes

LBFGS converged at iteration 20.
Final frame written to /home/hungn/Desktop/MyRepo/MLP/MAPLE/maple/function/dispatcher/parmfit/example/PPI_torsionfit_3-14_opt.xyz
Complete trajectory written to /home/hungn/Desktop/MyRepo/MLP/MAPLE/maple/function/dispatcher/parmfit/example/PPI_torsionfit_3-14_traj.xyz

----------------------------------------------------------------------
            Scanning combination 28/73: [494.83]

======================================================================
LBFGS Parameters
======================================================================
memory:     5
curvature:  70.0
max_step:   0.2
max_iter:   256
write_traj: False
traj_every: 1
verbose:    0
======================================================================


                             Coordinates                              
----------------------------------------------------------------------
0    C               -0.7509               0.9990               0.2138
1    C               -1.4490              -0.2402               0.1841
2    C               -2.8245              -0.3372               0.3704
3    C               -3.5276               0.8720               0.5408
4    C               -2.8293               2.1103               0.5444
5    C               -1.4485               2.2072               0.3922
6    C                0.6613               0.8178               0.0584
7    C                1.0446              -0.4805              -0.0807
8    S               -0.3286              -1.5692              -0.0493
9    C               -4.9461               1.0646               0.7098
10   C               -5.2974               2.3619               0.8334
11   S               -3.9421               3.4384               0.7568
12   C               -0.7108               3.5163               0.4120
13   C               -3.5635              -1.6469               0.3259
14   C                2.3999              -0.9826              -0.2247
15   C                2.8489              -2.2756              -0.3432
16   C                4.2571              -2.3682              -0.4435
17   C                4.8997              -1.1506              -0.4037
18   S                3.7313               0.1301              -0.2431
19   C                6.3312              -0.8547              -0.4722
20   C                7.3246              -1.8902              -0.6194
21   C                8.7299              -1.5444              -0.6850
22   C                9.1528              -0.1880              -0.6046
23   C                8.1882               0.7632              -0.4642
24   C                6.8058               0.4414              -0.3987
25   N                7.1292              -3.2040              -0.7105
26   S                8.5815              -3.9026              -0.8627
27   N                9.5361              -2.5969              -0.8223
28   H                1.3670               1.6424               0.0556
29   H               -5.6572               0.2448               0.7286
30   H               -6.2928               2.7664               0.9693
31   H               -0.1499               3.6581              -0.5201
32   H               -1.3874               4.3658               0.5350
33   H                0.0188               3.5406               1.2313
34   H               -4.2716              -1.7185               1.1588
35   H               -4.1620              -1.7210              -0.5924
36   H               -2.8879              -2.5048               0.3617
37   H                2.1879              -3.1344              -0.3563
38   H                4.8198              -3.2894              -0.5423
39   H               10.2108               0.0498              -0.6559
40   H                8.4690               1.8107              -0.3986
41   H                6.1011               1.2594              -0.2856


Energy:                -2548.715090 Convergence criteria  Is converged 
Maximum Force:             0.001668     0.002850  Yes
RMS Force:                 0.000648     0.001900  Yes
Maximum Displacement:      0.001421     0.003150  Yes
RMS Displacement:          0.000340     0.002100  Yes

LBFGS converged at iteration 13.
Final frame written to /home/hungn/Desktop/MyRepo/MLP/MAPLE/maple/function/dispatcher/parmfit/example/PPI_torsionfit_3-14_opt.xyz
Complete trajectory written to /home/hungn/Desktop/MyRepo/MLP/MAPLE/maple/function/dispatcher/parmfit/example/PPI_torsionfit_3-14_traj.xyz

----------------------------------------------------------------------
            Scanning combination 29/73: [499.83]

======================================================================
LBFGS Parameters
======================================================================
memory:     5
curvature:  70.0
max_step:   0.2
max_iter:   256
write_traj: False
traj_every: 1
verbose:    0
======================================================================


                             Coordinates                              
----------------------------------------------------------------------
0    C               -0.7509               1.0016               0.2260
1    C               -1.4489              -0.2377               0.1989
2    C               -2.8280              -0.3314               0.3636
3    C               -3.5285               0.8770               0.5398
4    C               -2.8290               2.1142               0.5494
5    C               -1.4485               2.2102               0.3980
6    C                0.6604               0.8219               0.0572
7    C                1.0416              -0.4757              -0.0918
8    S               -0.3320              -1.5642              -0.0607
9    C               -4.9458               1.0694               0.7137
10   C               -5.2969               2.3654               0.8431
11   S               -3.9409               3.4412               0.7699
12   C               -0.7118               3.5203               0.4116
13   C               -3.5644              -1.6418               0.3238
14   C                2.3963              -0.9804              -0.2311
15   C                2.8444              -2.2742              -0.3455
16   C                4.2527              -2.3674              -0.4446
17   C                4.8961              -1.1502              -0.4039
18   S                3.7287               0.1310              -0.2420
19   C                6.3276              -0.8550              -0.4734
20   C                7.3202              -1.8913              -0.6207
21   C                8.7258              -1.5466              -0.6853
22   C                9.1498              -0.1906              -0.6047
23   C                8.1859               0.7614              -0.4648
24   C                6.8032               0.4408              -0.4001
25   N                7.1238              -3.2049              -0.7118
26   S                8.5756              -3.9046              -0.8626
27   N                9.5312              -2.5997              -0.8217
28   H                1.3682               1.6454               0.0541
29   H               -5.6560               0.2493               0.7300
30   H               -6.2939               2.7684               0.9714
31   H               -0.1516               3.6624              -0.5213
32   H               -1.3889               4.3697               0.5348
33   H                0.0180               3.5433               1.2304
34   H               -4.3470              -1.6684               1.0900
35   H               -4.0595              -1.7878              -0.6454
36   H               -2.8914              -2.4870               0.4856
37   H                2.1833              -3.1333              -0.3564
38   H                4.8151              -3.2886              -0.5454
39   H               10.2081               0.0462              -0.6551
40   H                8.4676               1.8084              -0.3987
41   H                6.0992               1.2594              -0.2874


Energy:                -2548.715065 Convergence criteria  Is converged 
Maximum Force:             0.001251     0.002850  Yes
RMS Force:                 0.000620     0.001900  Yes
Maximum Displacement:      0.001591     0.003150  Yes
RMS Displacement:          0.000586     0.002100  Yes

LBFGS converged at iteration 19.
Final frame written to /home/hungn/Desktop/MyRepo/MLP/MAPLE/maple/function/dispatcher/parmfit/example/PPI_torsionfit_3-14_opt.xyz
Complete trajectory written to /home/hungn/Desktop/MyRepo/MLP/MAPLE/maple/function/dispatcher/parmfit/example/PPI_torsionfit_3-14_traj.xyz

----------------------------------------------------------------------
            Scanning combination 30/73: [504.83]

======================================================================
LBFGS Parameters
======================================================================
memory:     5
curvature:  70.0
max_step:   0.2
max_iter:   256
write_traj: False
traj_every: 1
verbose:    0
======================================================================


                             Coordinates                              
----------------------------------------------------------------------
0    C               -0.7516               1.0044               0.2155
1    C               -1.4503              -0.2340               0.1803
2    C               -2.8253              -0.3321               0.3733
3    C               -3.5281               0.8765               0.5453
4    C               -2.8295               2.1147               0.5518
5    C               -1.4493               2.2117               0.3967
6    C                0.6602               0.8217               0.0586
7    C                1.0414              -0.4766              -0.0853
8    S               -0.3334              -1.5634              -0.0595
9    C               -4.9467               1.0692               0.7131
10   C               -5.2977               2.3664               0.8402
11   S               -3.9418               3.4421               0.7698
12   C               -0.7119               3.5210               0.4133
13   C               -3.5607              -1.6434               0.3139
14   C                2.3961              -0.9800              -0.2291
15   C                2.8441              -2.2734              -0.3465
16   C                4.2522              -2.3672              -0.4457
17   C                4.8957              -1.1502              -0.4051
18   S                3.7285               0.1315              -0.2446
19   C                6.3272              -0.8552              -0.4736
20   C                7.3197              -1.8916              -0.6205
21   C                8.7254              -1.5471              -0.6852
22   C                9.1494              -0.1911              -0.6046
23   C                8.1856               0.7611              -0.4648
24   C                6.8028               0.4405              -0.4002
25   N                7.1231              -3.2051              -0.7118
26   S                8.5747              -3.9052              -0.8628
27   N                9.5306              -2.6004              -0.8218
28   H                1.3668               1.6456               0.0559
29   H               -5.6596               0.2514               0.7273
30   H               -6.2932               2.7699               0.9758
31   H               -0.1529               3.6614              -0.5202
32   H               -1.3884               4.3706               0.5359
33   H                0.0194               3.5465               1.2309
34   H               -4.3824              -1.6563               1.0370
35   H               -4.0218              -1.7894              -0.6729
36   H               -2.9024              -2.4933               0.5066
37   H                2.1828              -3.1321              -0.3581
38   H                4.8142              -3.2887              -0.5450
39   H               10.2077               0.0456              -0.6551
40   H                8.4674               1.8082              -0.3990
41   H                6.0989               1.2592              -0.2876


Energy:                -2548.714850 Convergence criteria  Is converged 
Maximum Force:             0.002205     0.002850  Yes
RMS Force:                 0.000884     0.001900  Yes
Maximum Displacement:      0.002132     0.003150  Yes
RMS Displacement:          0.000715     0.002100  Yes

LBFGS converged at iteration 12.
Final frame written to /home/hungn/Desktop/MyRepo/MLP/MAPLE/maple/function/dispatcher/parmfit/example/PPI_torsionfit_3-14_opt.xyz
Complete trajectory written to /home/hungn/Desktop/MyRepo/MLP/MAPLE/maple/function/dispatcher/parmfit/example/PPI_torsionfit_3-14_traj.xyz

----------------------------------------------------------------------
            Scanning combination 31/73: [509.83]

======================================================================
LBFGS Parameters
======================================================================
memory:     5
curvature:  70.0
max_step:   0.2
max_iter:   256
write_traj: False
traj_every: 1
verbose:    0
======================================================================


                             Coordinates                              
----------------------------------------------------------------------
0    C               -0.7531               1.0067               0.2262
1    C               -1.4526              -0.2318               0.1959
2    C               -2.8317              -0.3271               0.3607
3    C               -3.5307               0.8813               0.5427
4    C               -2.8303               2.1194               0.5558
5    C               -1.4501               2.2156               0.4008
6    C                0.6581               0.8251               0.0566
7    C                1.0372              -0.4729              -0.0964
8    S               -0.3388              -1.5583              -0.0711
9    C               -4.9482               1.0778               0.7194
10   C               -5.2973               2.3737               0.8508
11   S               -3.9405               3.4477               0.7796
12   C               -0.7130               3.5253               0.4135
13   C               -3.5614              -1.6418               0.3085
14   C                2.3917              -0.9785              -0.2354
15   C                2.8395              -2.2724              -0.3492
16   C                4.2478              -2.3661              -0.4469
17   C                4.8918              -1.1493              -0.4059
18   S                3.7248               0.1325              -0.2451
19   C                6.3238              -0.8555              -0.4749
20   C                7.3158              -1.8927              -0.6216
21   C                8.7218              -1.5492              -0.6855
22   C                9.1470              -0.1936              -0.6046
23   C                8.1837               0.7591              -0.4654
24   C                6.8006               0.4397              -0.4015
25   N                7.1186              -3.2062              -0.7128
26   S                8.5699              -3.9071              -0.8628
27   N                9.5265              -2.6029              -0.8215
28   H                1.3666               1.6482               0.0569
29   H               -5.6636               0.2625               0.7352
30   H               -6.2939               2.7783               0.9797
31   H               -0.1536               3.6666              -0.5200
32   H               -1.3901               4.3745               0.5376
33   H                0.0173               3.5471               1.2320
34   H               -4.4506              -1.6180               0.9456
35   H               -3.9066              -1.8645              -0.7093
36   H               -2.9231              -2.4670               0.6347
37   H                2.1783              -3.1313              -0.3601
38   H                4.8092              -3.2877              -0.5472
39   H               10.2055               0.0423              -0.6544
40   H                8.4663               1.8060              -0.3992
41   H                6.0973               1.2589              -0.2891


Energy:                -2548.714918 Convergence criteria  Is converged 
Maximum Force:             0.001266     0.002850  Yes
RMS Force:                 0.000653     0.001900  Yes
Maximum Displacement:      0.001704     0.003150  Yes
RMS Displacement:          0.000565     0.002100  Yes

LBFGS converged at iteration 17.
Final frame written to /home/hungn/Desktop/MyRepo/MLP/MAPLE/maple/function/dispatcher/parmfit/example/PPI_torsionfit_3-14_opt.xyz
Complete trajectory written to /home/hungn/Desktop/MyRepo/MLP/MAPLE/maple/function/dispatcher/parmfit/example/PPI_torsionfit_3-14_traj.xyz

----------------------------------------------------------------------
            Scanning combination 32/73: [514.83]

======================================================================
LBFGS Parameters
======================================================================
memory:     5
curvature:  70.0
max_step:   0.2
max_iter:   256
write_traj: False
traj_every: 1
verbose:    0
======================================================================


                             Coordinates                              
----------------------------------------------------------------------
0    C               -0.7550               1.0083               0.2156
1    C               -1.4554              -0.2289               0.1768
2    C               -2.8302              -0.3268               0.3735
3    C               -3.5312               0.8813               0.5499
4    C               -2.8310               2.1192               0.5576
5    C               -1.4512               2.2160               0.3996
6    C                0.6568               0.8248               0.0578
7    C                1.0360              -0.4737              -0.0911
8    S               -0.3410              -1.5580              -0.0714
9    C               -4.9499               1.0787               0.7190
10   C               -5.2978               2.3753               0.8482
11   S               -3.9400               3.4481               0.7791
12   C               -0.7133               3.5249               0.4154
13   C               -3.5605              -1.6401               0.3054
14   C                2.3910              -0.9779              -0.2337
15   C                2.8388              -2.2715              -0.3499
16   C                4.2471              -2.3661              -0.4479
17   C                4.8915              -1.1496              -0.4070
18   S                3.7247               0.1327              -0.2472
19   C                6.3235              -0.8557              -0.4749
20   C                7.3154              -1.8929              -0.6214
21   C                8.7214              -1.5495              -0.6854
22   C                9.1465              -0.1939              -0.6046
23   C                8.1833               0.7590              -0.4654
24   C                6.8003               0.4395              -0.4014
25   N                7.1178              -3.2063              -0.7127
26   S                8.5690              -3.9075              -0.8630
27   N                9.5259              -2.6034              -0.8215
28   H                1.3649               1.6476               0.0583
29   H               -5.6662               0.2638               0.7339
30   H               -6.2934               2.7798               0.9833
31   H               -0.1549               3.6654              -0.5185
32   H               -1.3890               4.3749               0.5384
33   H                0.0187               3.5502               1.2323
34   H               -4.4808              -1.6034               0.8951
35   H               -3.8695              -1.8656              -0.7250
36   H               -2.9447              -2.4706               0.6563
37   H                2.1781              -3.1306              -0.3615
38   H                4.8089              -3.2879              -0.5467
39   H               10.2050               0.0419              -0.6544
40   H                8.4660               1.8059              -0.3994
41   H                6.0970               1.2589              -0.2893


Energy:                -2548.714674 Convergence criteria  Is converged 
Maximum Force:             0.002462     0.002850  Yes
RMS Force:                 0.000781     0.001900  Yes
Maximum Displacement:      0.001427     0.003150  Yes
RMS Displacement:          0.000454     0.002100  Yes

LBFGS converged at iteration 12.
Final frame written to /home/hungn/Desktop/MyRepo/MLP/MAPLE/maple/function/dispatcher/parmfit/example/PPI_torsionfit_3-14_opt.xyz
Complete trajectory written to /home/hungn/Desktop/MyRepo/MLP/MAPLE/maple/function/dispatcher/parmfit/example/PPI_torsionfit_3-14_traj.xyz

----------------------------------------------------------------------
            Scanning combination 33/73: [519.83]

======================================================================
LBFGS Parameters
======================================================================
memory:     5
curvature:  70.0
max_step:   0.2
max_iter:   256
write_traj: False
traj_every: 1
verbose:    0
======================================================================


                             Coordinates                              
----------------------------------------------------------------------
0    C               -0.7568               1.0107               0.2070
1    C               -1.4564              -0.2272               0.1718
2    C               -2.8288              -0.3252               0.3777
3    C               -3.5307               0.8815               0.5585
4    C               -2.8312               2.1200               0.5630
5    C               -1.4525               2.2177               0.3970
6    C                0.6551               0.8259               0.0525
7    C                1.0335              -0.4731              -0.0941
8    S               -0.3446              -1.5560              -0.0827
9    C               -4.9502               1.0808               0.7248
10   C               -5.2978               2.3776               0.8509
11   S               -3.9401               3.4494               0.7794
12   C               -0.7140               3.5264               0.4154
13   C               -3.5598              -1.6360               0.3020
14   C                2.3889              -0.9779              -0.2318
15   C                2.8369              -2.2713              -0.3492
16   C                4.2452              -2.3656              -0.4487
17   C                4.8896              -1.1491              -0.4085
18   S                3.7225               0.1331              -0.2482
19   C                6.3220              -0.8558              -0.4758
20   C                7.3138              -1.8933              -0.6216
21   C                8.7200              -1.5503              -0.6853
22   C                9.1455              -0.1948              -0.6044
23   C                8.1825               0.7583              -0.4654
24   C                6.7993               0.4393              -0.4018
25   N                7.1161              -3.2067              -0.7128
26   S                8.5672              -3.9081              -0.8631
27   N                9.5243              -2.6043              -0.8215
28   H                1.3640               1.6478               0.0624
29   H               -5.6698               0.2686               0.7336
30   H               -6.2933               2.7833               0.9854
31   H               -0.1547               3.6672              -0.5178
32   H               -1.3892               4.3768               0.5402
33   H                0.0173               3.5497               1.2332
34   H               -4.5168              -1.5728               0.8261
35   H               -3.7919              -1.8793              -0.7443
36   H               -2.9820              -2.4678               0.7141
37   H                2.1764              -3.1305              -0.3635
38   H                4.8068              -3.2875              -0.5475
39   H               10.2041               0.0409              -0.6544
40   H                8.4654               1.8052              -0.3996
41   H                6.0962               1.2587              -0.2896


Energy:                -2548.714443 Convergence criteria  Is converged 
Maximum Force:             0.002546     0.002850  Yes
RMS Force:                 0.001019     0.001900  Yes
Maximum Displacement:      0.002529     0.003150  Yes
RMS Displacement:          0.000816     0.002100  Yes

LBFGS converged at iteration 10.
Final frame written to /home/hungn/Desktop/MyRepo/MLP/MAPLE/maple/function/dispatcher/parmfit/example/PPI_torsionfit_3-14_opt.xyz
Complete trajectory written to /home/hungn/Desktop/MyRepo/MLP/MAPLE/maple/function/dispatcher/parmfit/example/PPI_torsionfit_3-14_traj.xyz

----------------------------------------------------------------------
            Scanning combination 34/73: [524.83]

======================================================================
LBFGS Parameters
======================================================================
memory:     5
curvature:  70.0
max_step:   0.2
max_iter:   256
write_traj: False
traj_every: 1
verbose:    0
======================================================================


                             Coordinates                              
----------------------------------------------------------------------
0    C               -0.7569               1.0161               0.2276
1    C               -1.4591              -0.2184               0.1840
2    C               -2.8397              -0.3137               0.3324
3    C               -3.5382               0.8908               0.5345
4    C               -2.8334               2.1277               0.5599
5    C               -1.4529               2.2246               0.4079
6    C                0.6530               0.8292               0.0617
7    C                1.0270              -0.4701              -0.0974
8    S               -0.3536              -1.5496              -0.0786
9    C               -4.9556               1.0925               0.7224
10   C               -5.2971               2.3891               0.8640
11   S               -3.9364               3.4577               0.7976
12   C               -0.7137               3.5329               0.4224
13   C               -3.5388              -1.6430               0.2720
14   C                2.3807              -0.9764              -0.2447
15   C                2.8286              -2.2702              -0.3579
16   C                4.2372              -2.3649              -0.4518
17   C                4.8820              -1.1487              -0.4114
18   S                3.7151               0.1340              -0.2565
19   C                6.3148              -0.8563              -0.4770
20   C                7.3058              -1.8948              -0.6221
21   C                8.7124              -1.5532              -0.6851
22   C                9.1393              -0.1983              -0.6041
23   C                8.1771               0.7558              -0.4657
24   C                6.7935               0.4381              -0.4029
25   N                7.1069              -3.2080              -0.7135
26   S                8.5574              -3.9109              -0.8632
27   N                9.5157              -2.6080              -0.8210
28   H                1.3635               1.6499               0.0591
29   H               -5.6759               0.2811               0.7480
30   H               -6.2905               2.7974               1.0052
31   H               -0.1577               3.6702              -0.5135
32   H               -1.3879               4.3847               0.5441
33   H                0.0207               3.5593               1.2375
34   H               -4.5562              -1.5793               0.6647
35   H               -3.6034              -2.0142              -0.7573
36   H               -3.0024              -2.3963               0.8572
37   H                2.1686              -3.1300              -0.3701
38   H                4.7987              -3.2871              -0.5477
39   H               10.1982               0.0363              -0.6536
40   H                8.4612               1.8023              -0.4001
41   H                6.0914               1.2585              -0.2913


Energy:                -2548.714976 Convergence criteria  Is converged 
Maximum Force:             0.001217     0.002850  Yes
RMS Force:                 0.000622     0.001900  Yes
Maximum Displacement:      0.003021     0.003150  Yes
RMS Displacement:          0.001219     0.002100  Yes

LBFGS converged at iteration 20.
Final frame written to /home/hungn/Desktop/MyRepo/MLP/MAPLE/maple/function/dispatcher/parmfit/example/PPI_torsionfit_3-14_opt.xyz
Complete trajectory written to /home/hungn/Desktop/MyRepo/MLP/MAPLE/maple/function/dispatcher/parmfit/example/PPI_torsionfit_3-14_traj.xyz

----------------------------------------------------------------------
            Scanning combination 35/73: [529.83]

======================================================================
LBFGS Parameters
======================================================================
memory:     5
curvature:  70.0
max_step:   0.2
max_iter:   256
write_traj: False
traj_every: 1
verbose:    0
======================================================================


                             Coordinates                              
----------------------------------------------------------------------
0    C               -0.7581               1.0179               0.2165
1    C               -1.4608              -0.2166               0.1693
2    C               -2.8383              -0.3154               0.3471
3    C               -3.5371               0.8901               0.5410
4    C               -2.8333               2.1278               0.5610
5    C               -1.4536               2.2253               0.4050
6    C                0.6530               0.8300               0.0591
7    C                1.0272              -0.4696              -0.0959
8    S               -0.3539              -1.5483              -0.0830
9    C               -4.9553               1.0926               0.7222
10   C               -5.2976               2.3891               0.8646
11   S               -3.9371               3.4580               0.7964
12   C               -0.7142               3.5334               0.4220
13   C               -3.5400              -1.6433               0.2675
14   C                2.3808              -0.9763              -0.2412
15   C                2.8283              -2.2701              -0.3573
16   C                4.2367              -2.3650              -0.4529
17   C                4.8817              -1.1488              -0.4124
18   S                3.7151               0.1341              -0.2572
19   C                6.3144              -0.8565              -0.4773
20   C                7.3053              -1.8950              -0.6223
21   C                8.7118              -1.5535              -0.6852
22   C                9.1387              -0.1985              -0.6042
23   C                8.1767               0.7557              -0.4658
24   C                6.7930               0.4380              -0.4030
25   N                7.1062              -3.2082              -0.7136
26   S                8.5566              -3.9112              -0.8630
27   N                9.5151              -2.6084              -0.8209
28   H                1.3641               1.6501               0.0630
29   H               -5.6765               0.2824               0.7444
30   H               -6.2908               2.7972               1.0078
31   H               -0.1568               3.6715              -0.5128
32   H               -1.3883               4.3848               0.5455
33   H                0.0192               3.5580               1.2379
34   H               -4.5777              -1.5729               0.6035
35   H               -3.5585              -2.0113              -0.7664
36   H               -3.0347              -2.3999               0.8740
37   H                2.1681              -3.1295              -0.3709
38   H                4.7982              -3.2873              -0.5483
39   H               10.1976               0.0359              -0.6535
40   H                8.4607               1.8021              -0.3999
41   H                6.0909               1.2584              -0.2914


Energy:                -2548.714942 Convergence criteria  Is converged 
Maximum Force:             0.002267     0.002850  Yes
RMS Force:                 0.000698     0.001900  Yes
Maximum Displacement:      0.001168     0.003150  Yes
RMS Displacement:          0.000418     0.002100  Yes

LBFGS converged at iteration 12.
Final frame written to /home/hungn/Desktop/MyRepo/MLP/MAPLE/maple/function/dispatcher/parmfit/example/PPI_torsionfit_3-14_opt.xyz
Complete trajectory written to /home/hungn/Desktop/MyRepo/MLP/MAPLE/maple/function/dispatcher/parmfit/example/PPI_torsionfit_3-14_traj.xyz

----------------------------------------------------------------------
            Scanning combination 36/73: [534.83]

======================================================================
LBFGS Parameters
======================================================================
memory:     5
curvature:  70.0
max_step:   0.2
max_iter:   256
write_traj: False
traj_every: 1
verbose:    0
======================================================================


                             Coordinates                              
----------------------------------------------------------------------
0    C               -0.7561               1.0216               0.2170
1    C               -1.4573              -0.2144               0.1784
2    C               -2.8370              -0.3111               0.3369
3    C               -3.5353               0.8923               0.5402
4    C               -2.8324               2.1309               0.5629
5    C               -1.4536               2.2285               0.4005
6    C                0.6549               0.8351               0.0530
7    C                1.0282              -0.4647              -0.1057
8    S               -0.3521              -1.5433              -0.0932
9    C               -4.9532               1.0925               0.7279
10   C               -5.2967               2.3879               0.8733
11   S               -3.9384               3.4593               0.8016
12   C               -0.7155               3.5371               0.4209
13   C               -3.5378              -1.6394               0.2565
14   C                2.3804              -0.9742              -0.2434
15   C                2.8256              -2.2690              -0.3575
16   C                4.2337              -2.3648              -0.4541
17   C                4.8795              -1.1490              -0.4129
18   S                3.7149               0.1347              -0.2543
19   C                6.3118              -0.8573              -0.4791
20   C                7.3022              -1.8963              -0.6239
21   C                8.7088              -1.5552              -0.6857
22   C                9.1362              -0.2004              -0.6043
23   C                8.1742               0.7543              -0.4663
24   C                6.7906               0.4370              -0.4045
25   N                7.1026              -3.2094              -0.7149
26   S                8.5529              -3.9129              -0.8625
27   N                9.5118              -2.6104              -0.8203
28   H                1.3666               1.6549               0.0673
29   H               -5.6748               0.2824               0.7424
30   H               -6.2907               2.7954               1.0139
31   H               -0.1543               3.6802              -0.5110
32   H               -1.3904               4.3875               0.5481
33   H                0.0138               3.5537               1.2403
34   H               -4.6015              -1.5575               0.4911
35   H               -3.4661              -2.0502              -0.7566
36   H               -3.0975              -2.3699               0.9433
37   H                2.1641              -3.1276              -0.3701
38   H                4.7938              -3.2873              -0.5528
39   H               10.1950               0.0339              -0.6527
40   H                8.4586               1.8006              -0.3995
41   H                6.0885               1.2575              -0.2928


Energy:                -2548.714996 Convergence criteria  Is converged 
Maximum Force:             0.002224     0.002850  Yes
RMS Force:                 0.000873     0.001900  Yes
Maximum Displacement:      0.002536     0.003150  Yes
RMS Displacement:          0.000950     0.002100  Yes

LBFGS converged at iteration 14.
Final frame written to /home/hungn/Desktop/MyRepo/MLP/MAPLE/maple/function/dispatcher/parmfit/example/PPI_torsionfit_3-14_opt.xyz
Complete trajectory written to /home/hungn/Desktop/MyRepo/MLP/MAPLE/maple/function/dispatcher/parmfit/example/PPI_torsionfit_3-14_traj.xyz

----------------------------------------------------------------------
            Scanning combination 37/73: [539.83]

======================================================================
LBFGS Parameters
======================================================================
memory:     5
curvature:  70.0
max_step:   0.2
max_iter:   256
write_traj: False
traj_every: 1
verbose:    0
======================================================================


                             Coordinates                              
----------------------------------------------------------------------
0    C               -0.7589               1.0236               0.2164
1    C               -1.4590              -0.2122               0.1743
2    C               -2.8391              -0.3105               0.3209
3    C               -3.5378               0.8918               0.5331
4    C               -2.8344               2.1300               0.5612
5    C               -1.4554               2.2305               0.4031
6    C                0.6517               0.8378               0.0529
7    C                1.0262              -0.4615              -0.1046
8    S               -0.3531              -1.5414              -0.0883
9    C               -4.9543               1.0919               0.7266
10   C               -5.2971               2.3869               0.8807
11   S               -3.9381               3.4575               0.8092
12   C               -0.7165               3.5396               0.4242
13   C               -3.5321              -1.6416               0.2327
14   C                2.3788              -0.9711              -0.2429
15   C                2.8228              -2.2661              -0.3590
16   C                4.2309              -2.3641              -0.4565
17   C                4.8781              -1.1491              -0.4157
18   S                3.7149               0.1361              -0.2575
19   C                6.3107              -0.8584              -0.4802
20   C                7.3006              -1.8977              -0.6241
21   C                8.7073              -1.5571              -0.6855
22   C                9.1350              -0.2023              -0.6040
23   C                8.1735               0.7526              -0.4666
24   C                6.7898               0.4359              -0.4053
25   N                7.1005              -3.2107              -0.7155
26   S                8.5505              -3.9147              -0.8634
27   N                9.5099              -2.6126              -0.8203
28   H                1.3631               1.6576               0.0661
29   H               -5.6720               0.2786               0.7472
30   H               -6.2905               2.7943               1.0247
31   H               -0.1553               3.6833              -0.5078
32   H               -1.3902               4.3909               0.5511
33   H                0.0139               3.5600               1.2427
34   H               -4.6116              -1.5446               0.3725
35   H               -3.3573              -2.1100              -0.7429
36   H               -3.1627              -2.3344               0.9954
37   H                2.1602              -3.1238              -0.3743
38   H                4.7902              -3.2874              -0.5542
39   H               10.1940               0.0316              -0.6523
40   H                8.4580               1.7989              -0.4004
41   H                6.0877               1.2564              -0.2943


Energy:                -2548.715063 Convergence criteria  Is converged 
Maximum Force:             0.001267     0.002850  Yes
RMS Force:                 0.000629     0.001900  Yes
Maximum Displacement:      0.002273     0.003150  Yes
RMS Displacement:          0.000539     0.002100  Yes

LBFGS converged at iteration 20.
Final frame written to /home/hungn/Desktop/MyRepo/MLP/MAPLE/maple/function/dispatcher/parmfit/example/PPI_torsionfit_3-14_opt.xyz
Complete trajectory written to /home/hungn/Desktop/MyRepo/MLP/MAPLE/maple/function/dispatcher/parmfit/example/PPI_torsionfit_3-14_traj.xyz

----------------------------------------------------------------------
            Scanning combination 38/73: [544.83]

======================================================================
LBFGS Parameters
======================================================================
memory:     5
curvature:  70.0
max_step:   0.2
max_iter:   256
write_traj: False
traj_every: 1
verbose:    0
======================================================================


                             Coordinates                              
----------------------------------------------------------------------
0    C               -0.7547               1.0291               0.2122
1    C               -1.4521              -0.2076               0.1704
2    C               -2.8329              -0.3090               0.3077
3    C               -3.5350               0.8903               0.5239
4    C               -2.8349               2.1306               0.5560
5    C               -1.4558               2.2335               0.3971
6    C                0.6562               0.8423               0.0542
7    C                1.0309              -0.4569              -0.1005
8    S               -0.3459              -1.5382              -0.0792
9    C               -4.9522               1.0841               0.7223
10   C               -5.2976               2.3775               0.8856
11   S               -3.9423               3.4534               0.8158
12   C               -0.7197               3.5427               0.4257
13   C               -3.5185              -1.6440               0.2191
14   C                2.3822              -0.9670              -0.2418
15   C                2.8231              -2.2627              -0.3600
16   C                4.2304              -2.3635              -0.4595
17   C                4.8791              -1.1494              -0.4182
18   S                3.7191               0.1381              -0.2572
19   C                6.3110              -0.8594              -0.4828
20   C                7.2995              -1.8995              -0.6259
21   C                8.7063              -1.5599              -0.6861
22   C                9.1345              -0.2052              -0.6042
23   C                8.1738               0.7506              -0.4673
24   C                6.7900               0.4348              -0.4072
25   N                7.0980              -3.2123              -0.7170
26   S                8.5476              -3.9176              -0.8636
27   N                9.5080              -2.6162              -0.8201
28   H                1.3661               1.6635               0.0674
29   H               -5.6690               0.2694               0.7385
30   H               -6.2906               2.7812               1.0424
31   H               -0.1567               3.6909              -0.5040
32   H               -1.3953               4.3916               0.5542
33   H                0.0084               3.5598               1.2462
34   H               -4.6057              -1.5475               0.2623
35   H               -3.2656              -2.1485              -0.7201
36   H               -3.2166              -2.3036               1.0408
37   H                2.1579              -3.1183              -0.3763
38   H                4.7877              -3.2878              -0.5594
39   H               10.1936               0.0280              -0.6517
40   H                8.4588               1.7968              -0.4007
41   H                6.0881               1.2556              -0.2963


Energy:                -2548.715122 Convergence criteria  Is converged 
Maximum Force:             0.001534     0.002850  Yes
RMS Force:                 0.000638     0.001900  Yes
Maximum Displacement:      0.002134     0.003150  Yes
RMS Displacement:          0.000728     0.002100  Yes

LBFGS converged at iteration 17.
Final frame written to /home/hungn/Desktop/MyRepo/MLP/MAPLE/maple/function/dispatcher/parmfit/example/PPI_torsionfit_3-14_opt.xyz
Complete trajectory written to /home/hungn/Desktop/MyRepo/MLP/MAPLE/maple/function/dispatcher/parmfit/example/PPI_torsionfit_3-14_traj.xyz

----------------------------------------------------------------------
            Scanning combination 39/73: [549.83]

======================================================================
LBFGS Parameters
======================================================================
memory:     5
curvature:  70.0
max_step:   0.2
max_iter:   256
write_traj: False
traj_every: 1
verbose:    0
======================================================================


                             Coordinates                              
----------------------------------------------------------------------
0    C               -0.7541               1.0307               0.2050
1    C               -1.4507              -0.2065               0.1623
2    C               -2.8308              -0.3113               0.3065
3    C               -3.5335               0.8866               0.5251
4    C               -2.8342               2.1272               0.5584
5    C               -1.4560               2.2341               0.3956
6    C                0.6581               0.8464               0.0522
7    C                1.0343              -0.4529              -0.0980
8    S               -0.3416              -1.5357              -0.0809
9    C               -4.9504               1.0786               0.7226
10   C               -5.2971               2.3710               0.8863
11   S               -3.9431               3.4483               0.8175
12   C               -0.7215               3.5451               0.4272
13   C               -3.5124              -1.6475               0.2128
14   C                2.3846              -0.9643              -0.2395
15   C                2.8238              -2.2611              -0.3608
16   C                4.2310              -2.3623              -0.4616
17   C                4.8806              -1.1489              -0.4190
18   S                3.7220               0.1395              -0.2565
19   C                6.3126              -0.8599              -0.4833
20   C                7.3005              -1.9004              -0.6265
21   C                8.7075              -1.5614              -0.6864
22   C                9.1362              -0.2069              -0.6045
23   C                8.1760               0.7493              -0.4681
24   C                6.7921               0.4342              -0.4081
25   N                7.0985              -3.2132              -0.7182
26   S                8.5479              -3.9189              -0.8643
27   N                9.5088              -2.6180              -0.8202
28   H                1.3688               1.6674               0.0675
29   H               -5.6662               0.2630               0.7373
30   H               -6.2901               2.7732               1.0466
31   H               -0.1585               3.6934              -0.5026
32   H               -1.3982               4.3938               0.5559
33   H                0.0069               3.5639               1.2479
34   H               -4.6008              -1.5509               0.1741
35   H               -3.1942              -2.1688              -0.6949
36   H               -3.2539              -2.2946               1.0603
37   H                2.1574              -3.1154              -0.3771
38   H                4.7874              -3.2872              -0.5618
39   H               10.1956               0.0257              -0.6515
40   H                8.4613               1.7954              -0.4015
41   H                6.0905               1.2552              -0.2980


Energy:                -2548.715073 Convergence criteria  Is converged 
Maximum Force:             0.002736     0.002850  Yes
RMS Force:                 0.000882     0.001900  Yes
Maximum Displacement:      0.001399     0.003150  Yes
RMS Displacement:          0.000540     0.002100  Yes

LBFGS converged at iteration 14.
Final frame written to /home/hungn/Desktop/MyRepo/MLP/MAPLE/maple/function/dispatcher/parmfit/example/PPI_torsionfit_3-14_opt.xyz
Complete trajectory written to /home/hungn/Desktop/MyRepo/MLP/MAPLE/maple/function/dispatcher/parmfit/example/PPI_torsionfit_3-14_traj.xyz

----------------------------------------------------------------------
            Scanning combination 40/73: [554.83]

======================================================================
LBFGS Parameters
======================================================================
memory:     5
curvature:  70.0
max_step:   0.2
max_iter:   256
write_traj: False
traj_every: 1
verbose:    0
======================================================================


                             Coordinates                              
----------------------------------------------------------------------
0    C               -0.7527               1.0317               0.2113
1    C               -1.4483              -0.2063               0.1663
2    C               -2.8290              -0.3115               0.2974
3    C               -3.5326               0.8852               0.5221
4    C               -2.8353               2.1267               0.5584
5    C               -1.4565               2.2345               0.3989
6    C                0.6589               0.8493               0.0502
7    C                1.0362              -0.4495              -0.1053
8    S               -0.3384              -1.5342              -0.0818
9    C               -4.9489               1.0735               0.7255
10   C               -5.2983               2.3649               0.8956
11   S               -3.9465               3.4452               0.8253
12   C               -0.7244               3.5468               0.4276
13   C               -3.5138              -1.6457               0.1964
14   C                2.3875              -0.9604              -0.2434
15   C                2.8257              -2.2571              -0.3631
16   C                4.2327              -2.3606              -0.4630
17   C                4.8836              -1.1478              -0.4190
18   S                3.7263               0.1419              -0.2549
19   C                6.3158              -0.8603              -0.4843
20   C                7.3029              -1.9016              -0.6276
21   C                8.7101              -1.5637              -0.6870
22   C                9.1399              -0.2096              -0.6050
23   C                8.1804               0.7475              -0.4692
24   C                6.7962               0.4335              -0.4096
25   N                7.0998              -3.2142              -0.7196
26   S                8.5486              -3.9211              -0.8652
27   N                9.5106              -2.6210              -0.8206
28   H                1.3686               1.6709               0.0636
29   H               -5.6618               0.2558               0.7449
30   H               -6.2933               2.7640               1.0508
31   H               -0.1606               3.6981              -0.5016
32   H               -1.4035               4.3934               0.5567
33   H                0.0025               3.5658               1.2491
34   H               -4.5927              -1.5372               0.0602
35   H               -3.1266              -2.2182              -0.6529
36   H               -3.3456              -2.2461               1.0979
37   H                2.1578              -3.1106              -0.3788
38   H                4.7881              -3.2858              -0.5648
39   H               10.1994               0.0223              -0.6515
40   H                8.4665               1.7934              -0.4027
41   H                6.0951               1.2550              -0.3001


Energy:                -2548.715090 Convergence criteria  Is converged 
Maximum Force:             0.001120     0.002850  Yes
RMS Force:                 0.000470     0.001900  Yes
Maximum Displacement:      0.000811     0.003150  Yes
RMS Displacement:          0.000308     0.002100  Yes

LBFGS converged at iteration 19.
Final frame written to /home/hungn/Desktop/MyRepo/MLP/MAPLE/maple/function/dispatcher/parmfit/example/PPI_torsionfit_3-14_opt.xyz
Complete trajectory written to /home/hungn/Desktop/MyRepo/MLP/MAPLE/maple/function/dispatcher/parmfit/example/PPI_torsionfit_3-14_traj.xyz

----------------------------------------------------------------------
            Scanning combination 41/73: [559.83]

======================================================================
LBFGS Parameters
======================================================================
memory:     5
curvature:  70.0
max_step:   0.2
max_iter:   256
write_traj: False
traj_every: 1
verbose:    0
======================================================================


                             Coordinates                              
----------------------------------------------------------------------
0    C               -0.7528               1.0327               0.2090
1    C               -1.4475              -0.2057               0.1617
2    C               -2.8281              -0.3109               0.2888
3    C               -3.5330               0.8842               0.5189
4    C               -2.8369               2.1261               0.5570
5    C               -1.4580               2.2347               0.3975
6    C                0.6591               0.8507               0.0511
7    C                1.0377              -0.4479              -0.1033
8    S               -0.3356              -1.5342              -0.0769
9    C               -4.9491               1.0697               0.7253
10   C               -5.2995               2.3608               0.9013
11   S               -3.9489               3.4425               0.8319
12   C               -0.7271               3.5475               0.4287
13   C               -3.5161              -1.6432               0.1814
14   C                2.3891              -0.9578              -0.2439
15   C                2.8269              -2.2544              -0.3648
16   C                4.2338              -2.3585              -0.4648
17   C                4.8853              -1.1459              -0.4207
18   S                3.7283               0.1442              -0.2562
19   C                6.3179              -0.8598              -0.4857
20   C                7.3043              -1.9021              -0.6284
21   C                8.7120              -1.5657              -0.6875
22   C                9.1432              -0.2120              -0.6055
23   C                8.1844               0.7461              -0.4700
24   C                6.7999               0.4334              -0.4108
25   N                7.1001              -3.2145              -0.7202
26   S                8.5482              -3.9229              -0.8657
27   N                9.5115              -2.6237              -0.8210
28   H                1.3675               1.6731               0.0621
29   H               -5.6603               0.2509               0.7450
30   H               -6.2938               2.7582               1.0626
31   H               -0.1631               3.7003              -0.5000
32   H               -1.4072               4.3933               0.5577
33   H               -0.0004               3.5668               1.2506
34   H               -4.5803              -1.5304              -0.0444
35   H               -3.0637              -2.2526              -0.6091
36   H               -3.4340              -2.2090               1.1155
37   H                2.1584              -3.1076              -0.3823
38   H                4.7889              -3.2838              -0.5671
39   H               10.2029               0.0188              -0.6519
40   H                8.4717               1.7917              -0.4037
41   H                6.0996               1.2557              -0.3013


Energy:                -2548.715035 Convergence criteria  Is converged 
Maximum Force:             0.001489     0.002850  Yes
RMS Force:                 0.000691     0.001900  Yes
Maximum Displacement:      0.002027     0.003150  Yes
RMS Displacement:          0.000543     0.002100  Yes

LBFGS converged at iteration 20.
Final frame written to /home/hungn/Desktop/MyRepo/MLP/MAPLE/maple/function/dispatcher/parmfit/example/PPI_torsionfit_3-14_opt.xyz
Complete trajectory written to /home/hungn/Desktop/MyRepo/MLP/MAPLE/maple/function/dispatcher/parmfit/example/PPI_torsionfit_3-14_traj.xyz

----------------------------------------------------------------------
            Scanning combination 42/73: [564.83]

======================================================================
LBFGS Parameters
======================================================================
memory:     5
curvature:  70.0
max_step:   0.2
max_iter:   256
write_traj: False
traj_every: 1
verbose:    0
======================================================================


                             Coordinates                              
----------------------------------------------------------------------
0    C               -0.7516               1.0356               0.1992
1    C               -1.4458              -0.2023               0.1434
2    C               -2.8235              -0.3131               0.2953
3    C               -3.5309               0.8822               0.5204
4    C               -2.8362               2.1249               0.5589
5    C               -1.4579               2.2355               0.3965
6    C                0.6611               0.8524               0.0538
7    C                1.0403              -0.4469              -0.0948
8    S               -0.3320              -1.5332              -0.0740
9    C               -4.9478               1.0673               0.7224
10   C               -5.2992               2.3572               0.8990
11   S               -3.9495               3.4404               0.8328
12   C               -0.7279               3.5483               0.4304
13   C               -3.5093              -1.6467               0.1798
14   C                2.3905              -0.9566              -0.2431
15   C                2.8274              -2.2532              -0.3677
16   C                4.2343              -2.3574              -0.4668
17   C                4.8861              -1.1452              -0.4205
18   S                3.7294               0.1453              -0.2573
19   C                6.3189              -0.8596              -0.4854
20   C                7.3047              -1.9023              -0.6289
21   C                8.7125              -1.5664              -0.6880
22   C                9.1443              -0.2129              -0.6060
23   C                8.1860               0.7455              -0.4707
24   C                6.8013               0.4334              -0.4112
25   N                7.0999              -3.2146              -0.7209
26   S                8.5478              -3.9236              -0.8658
27   N                9.5116              -2.6248              -0.8210
28   H                1.3689               1.6751               0.0619
29   H               -5.6588               0.2471               0.7418
30   H               -6.2929               2.7545               1.0694
31   H               -0.1653               3.6990              -0.4991
32   H               -1.4086               4.3937               0.5584
33   H               -0.0002               3.5692               1.2516
34   H               -4.5576              -1.5324              -0.1104
35   H               -3.0195              -2.2595              -0.5852
36   H               -3.4681              -2.2078               1.1207
37   H                2.1589              -3.1064              -0.3826
38   H                4.7893              -3.2830              -0.5678
39   H               10.2041               0.0174              -0.6519
40   H                8.4737               1.7909              -0.4039
41   H                6.1014               1.2561              -0.3021


Energy:                -2548.714827 Convergence criteria  Is converged 
Maximum Force:             0.002457     0.002850  Yes
RMS Force:                 0.000926     0.001900  Yes
Maximum Displacement:      0.002985     0.003150  Yes
RMS Displacement:          0.001093     0.002100  Yes

LBFGS converged at iteration 10.
Final frame written to /home/hungn/Desktop/MyRepo/MLP/MAPLE/maple/function/dispatcher/parmfit/example/PPI_torsionfit_3-14_opt.xyz
Complete trajectory written to /home/hungn/Desktop/MyRepo/MLP/MAPLE/maple/function/dispatcher/parmfit/example/PPI_torsionfit_3-14_traj.xyz

----------------------------------------------------------------------
            Scanning combination 43/73: [569.83]

======================================================================
LBFGS Parameters
======================================================================
memory:     5
curvature:  70.0
max_step:   0.2
max_iter:   256
write_traj: False
traj_every: 1
verbose:    0
======================================================================


                             Coordinates                              
----------------------------------------------------------------------
0    C               -0.7494               1.0340               0.2116
1    C               -1.4424              -0.2061               0.1574
2    C               -2.8242              -0.3123               0.2769
3    C               -3.5285               0.8825               0.5173
4    C               -2.8351               2.1247               0.5623
5    C               -1.4562               2.2353               0.4006
6    C                0.6633               0.8571               0.0509
7    C                1.0451              -0.4400              -0.1080
8    S               -0.3248              -1.5301              -0.0900
9    C               -4.9434               1.0618               0.7291
10   C               -5.2988               2.3507               0.9096
11   S               -3.9514               3.4373               0.8422
12   C               -0.7284               3.5502               0.4296
13   C               -3.5265              -1.6378               0.1557
14   C                2.3956              -0.9509              -0.2492
15   C                2.8305              -2.2487              -0.3697
16   C                4.2373              -2.3551              -0.4674
17   C                4.8905              -1.1437              -0.4195
18   S                3.7362               0.1484              -0.2541
19   C                6.3229              -0.8593              -0.4861
20   C                7.3073              -1.9029              -0.6301
21   C                8.7152              -1.5683              -0.6889
22   C                9.1480              -0.2150              -0.6068
23   C                8.1905               0.7443              -0.4719
24   C                6.8058               0.4335              -0.4126
25   N                7.1012              -3.2150              -0.7223
26   S                8.5485              -3.9254              -0.8662
27   N                9.5134              -2.6275              -0.8213
28   H                1.3699               1.6815               0.0596
29   H               -5.6482               0.2372               0.7509
30   H               -6.2951               2.7441               1.0708
31   H               -0.1647               3.7044              -0.4993
32   H               -1.4116               4.3938               0.5580
33   H               -0.0022               3.5707               1.2519
34   H               -4.5377              -1.5149              -0.2429
35   H               -2.9833              -2.3116              -0.5145
36   H               -3.6140              -2.1363               1.1291
37   H                2.1600              -3.1005              -0.3823
38   H                4.7907              -3.2813              -0.5711
39   H               10.2080               0.0145              -0.6521
40   H                8.4789               1.7895              -0.4048
41   H                6.1061               1.2564              -0.3038


Energy:                -2548.715004 Convergence criteria  Is converged 
Maximum Force:             0.001637     0.002850  Yes
RMS Force:                 0.000563     0.001900  Yes
Maximum Displacement:      0.001283     0.003150  Yes
RMS Displacement:          0.000512     0.002100  Yes

LBFGS converged at iteration 17.
Final frame written to /home/hungn/Desktop/MyRepo/MLP/MAPLE/maple/function/dispatcher/parmfit/example/PPI_torsionfit_3-14_opt.xyz
Complete trajectory written to /home/hungn/Desktop/MyRepo/MLP/MAPLE/maple/function/dispatcher/parmfit/example/PPI_torsionfit_3-14_traj.xyz

----------------------------------------------------------------------
            Scanning combination 44/73: [574.83]

======================================================================
LBFGS Parameters
======================================================================
memory:     5
curvature:  70.0
max_step:   0.2
max_iter:   256
write_traj: False
traj_every: 1
verbose:    0
======================================================================


                             Coordinates                              
----------------------------------------------------------------------
0    C               -0.7508               1.0336               0.2077
1    C               -1.4437              -0.2063               0.1515
2    C               -2.8249              -0.3129               0.2741
3    C               -3.5295               0.8811               0.5179
4    C               -2.8356               2.1226               0.5618
5    C               -1.4576               2.2341               0.3976
6    C                0.6622               0.8586               0.0502
7    C                1.0462              -0.4373              -0.1116
8    S               -0.3232              -1.5285              -0.0968
9    C               -4.9434               1.0593               0.7314
10   C               -5.2983               2.3486               0.9148
11   S               -3.9503               3.4348               0.8469
12   C               -0.7298               3.5490               0.4297
13   C               -3.5317              -1.6357               0.1471
14   C                2.3981              -0.9471              -0.2490
15   C                2.8327              -2.2450              -0.3691
16   C                4.2394              -2.3534              -0.4685
17   C                4.8934              -1.1424              -0.4222
18   S                3.7403               0.1508              -0.2548
19   C                6.3260              -0.8589              -0.4877
20   C                7.3098              -1.9030              -0.6306
21   C                8.7181              -1.5696              -0.6893
22   C                9.1517              -0.2165              -0.6073
23   C                8.1951               0.7434              -0.4724
24   C                6.8100               0.4338              -0.4133
25   N                7.1026              -3.2149              -0.7225
26   S                8.5492              -3.9266              -0.8667
27   N                9.5153              -2.6295              -0.8218
28   H                1.3682               1.6828               0.0648
29   H               -5.6470               0.2339               0.7471
30   H               -6.2942               2.7397               1.0802
31   H               -0.1645               3.7076              -0.4973
32   H               -1.4122               4.3927               0.5591
33   H               -0.0045               3.5703               1.2526
34   H               -4.5105              -1.5182              -0.3293
35   H               -2.9455              -2.3389              -0.4510
36   H               -3.7006              -2.1030               1.1250
37   H                2.1620              -3.0963              -0.3861
38   H                4.7929              -3.2795              -0.5731
39   H               10.2121               0.0118              -0.6527
40   H                8.4846               1.7886              -0.4057
41   H                6.1113               1.2575              -0.3046


Energy:                -2548.715051 Convergence criteria  Is converged 
Maximum Force:             0.001412     0.002850  Yes
RMS Force:                 0.000799     0.001900  Yes
Maximum Displacement:      0.001123     0.003150  Yes
RMS Displacement:          0.000507     0.002100  Yes

LBFGS converged at iteration 18.
Final frame written to /home/hungn/Desktop/MyRepo/MLP/MAPLE/maple/function/dispatcher/parmfit/example/PPI_torsionfit_3-14_opt.xyz
Complete trajectory written to /home/hungn/Desktop/MyRepo/MLP/MAPLE/maple/function/dispatcher/parmfit/example/PPI_torsionfit_3-14_traj.xyz

----------------------------------------------------------------------
            Scanning combination 45/73: [579.83]

======================================================================
LBFGS Parameters
======================================================================
memory:     5
curvature:  70.0
max_step:   0.2
max_iter:   256
write_traj: False
traj_every: 1
verbose:    0
======================================================================


                             Coordinates                              
----------------------------------------------------------------------
0    C               -0.7499               1.0348               0.1946
1    C               -1.4412              -0.2049               0.1330
2    C               -2.8207              -0.3170               0.2808
3    C               -3.5273               0.8768               0.5192
4    C               -2.8356               2.1189               0.5630
5    C               -1.4569               2.2334               0.3965
6    C                0.6641               0.8591               0.0506
7    C                1.0496              -0.4361              -0.1034
8    S               -0.3178              -1.5284              -0.0972
9    C               -4.9429               1.0552               0.7276
10   C               -5.2978               2.3443               0.9124
11   S               -3.9503               3.4309               0.8481
12   C               -0.7312               3.5484               0.4329
13   C               -3.5261              -1.6395               0.1508
14   C                2.4004              -0.9462              -0.2459
15   C                2.8337              -2.2439              -0.3713
16   C                4.2399              -2.3511              -0.4709
17   C                4.8941              -1.1406              -0.4240
18   S                3.7409               0.1528              -0.2584
19   C                6.3275              -0.8580              -0.4878
20   C                7.3109              -1.9031              -0.6304
21   C                8.7195              -1.5702              -0.6892
22   C                9.1541              -0.2177              -0.6074
23   C                8.1978               0.7430              -0.4726
24   C                6.8124               0.4338              -0.4135
25   N                7.1032              -3.2148              -0.7226
26   S                8.5495              -3.9271              -0.8673
27   N                9.5163              -2.6304              -0.8222
28   H                1.3693               1.6853               0.0677
29   H               -5.6489               0.2314               0.7440
30   H               -6.2918               2.7362               1.0884
31   H               -0.1684               3.7020              -0.4958
32   H               -1.4137               4.3923               0.5610
33   H               -0.0041               3.5734               1.2544
34   H               -4.4744              -1.5247              -0.3853
35   H               -2.9056              -2.3504              -0.4043
36   H               -3.7406              -2.0905               1.1278
37   H                2.1622              -3.0947              -0.3894
38   H                4.7937              -3.2777              -0.5726
39   H               10.2145               0.0103              -0.6532
40   H                8.4879               1.7878              -0.4066
41   H                6.1143               1.2581              -0.3052


Energy:                -2548.714963 Convergence criteria  Is converged 
Maximum Force:             0.002520     0.002850  Yes
RMS Force:                 0.001251     0.001900  Yes
Maximum Displacement:      0.002478     0.003150  Yes
RMS Displacement:          0.001054     0.002100  Yes

LBFGS converged at iteration 11.
Final frame written to /home/hungn/Desktop/MyRepo/MLP/MAPLE/maple/function/dispatcher/parmfit/example/PPI_torsionfit_3-14_opt.xyz
Complete trajectory written to /home/hungn/Desktop/MyRepo/MLP/MAPLE/maple/function/dispatcher/parmfit/example/PPI_torsionfit_3-14_traj.xyz

----------------------------------------------------------------------
            Scanning combination 46/73: [584.83]

======================================================================
LBFGS Parameters
======================================================================
memory:     5
curvature:  70.0
max_step:   0.2
max_iter:   256
write_traj: False
traj_every: 1
verbose:    0
======================================================================


                             Coordinates                              
----------------------------------------------------------------------
0    C               -0.7481               1.0335               0.2078
1    C               -1.4395              -0.2075               0.1403
2    C               -2.8217              -0.3147               0.2558
3    C               -3.5262               0.8777               0.5111
4    C               -2.8348               2.1196               0.5652
5    C               -1.4559               2.2333               0.4033
6    C                0.6655               0.8612               0.0529
7    C                1.0526              -0.4328              -0.1135
8    S               -0.3143              -1.5270              -0.1083
9    C               -4.9398               1.0508               0.7310
10   C               -5.2973               2.3375               0.9226
11   S               -3.9525               3.4283               0.8598
12   C               -0.7310               3.5494               0.4346
13   C               -3.5418              -1.6296               0.1249
14   C                2.4046              -0.9406              -0.2549
15   C                2.8381              -2.2387              -0.3759
16   C                4.2446              -2.3478              -0.4721
17   C                4.8996              -1.1378              -0.4239
18   S                3.7470               0.1568              -0.2584
19   C                6.3331              -0.8568              -0.4888
20   C                7.3152              -1.9032              -0.6316
21   C                8.7240              -1.5720              -0.6901
22   C                9.1601              -0.2199              -0.6082
23   C                8.2049               0.7420              -0.4737
24   C                6.8193               0.4346              -0.4149
25   N                7.1059              -3.2147              -0.7236
26   S                8.5514              -3.9287              -0.8678
27   N                9.5196              -2.6332              -0.8227
28   H                1.3679               1.6889               0.0667
29   H               -5.6396               0.2208               0.7515
30   H               -6.2931               2.7281               1.0941
31   H               -0.1682               3.7044              -0.4944
32   H               -1.4164               4.3912               0.5613
33   H               -0.0047               3.5748               1.2566
34   H               -4.4305              -1.5264              -0.5083
35   H               -2.8967              -2.3987              -0.3086
36   H               -3.8868              -1.9931               1.1006
37   H                2.1653              -3.0883              -0.3917
38   H                4.7968              -3.2751              -0.5750
39   H               10.2205               0.0070              -0.6539
40   H                8.4960               1.7865              -0.4076
41   H                6.1217               1.2594              -0.3066


Energy:                -2548.715234 Convergence criteria  Is converged 
Maximum Force:             0.001539     0.002850  Yes
RMS Force:                 0.000637     0.001900  Yes
Maximum Displacement:      0.001868     0.003150  Yes
RMS Displacement:          0.000695     0.002100  Yes

LBFGS converged at iteration 19.
Final frame written to /home/hungn/Desktop/MyRepo/MLP/MAPLE/maple/function/dispatcher/parmfit/example/PPI_torsionfit_3-14_opt.xyz
Complete trajectory written to /home/hungn/Desktop/MyRepo/MLP/MAPLE/maple/function/dispatcher/parmfit/example/PPI_torsionfit_3-14_traj.xyz

----------------------------------------------------------------------
            Scanning combination 47/73: [589.83]

======================================================================
LBFGS Parameters
======================================================================
memory:     5
curvature:  70.0
max_step:   0.2
max_iter:   256
write_traj: False
traj_every: 1
verbose:    0
======================================================================


                             Coordinates                              
----------------------------------------------------------------------
0    C               -0.7489               1.0350               0.1930
1    C               -1.4403              -0.2066               0.1266
2    C               -2.8195              -0.3183               0.2689
3    C               -3.5253               0.8745               0.5164
4    C               -2.8343               2.1181               0.5651
5    C               -1.4568               2.2327               0.3968
6    C                0.6665               0.8623               0.0502
7    C                1.0546              -0.4325              -0.1088
8    S               -0.3120              -1.5263              -0.1117
9    C               -4.9397               1.0487               0.7297
10   C               -5.2973               2.3357               0.9221
11   S               -3.9526               3.4267               0.8592
12   C               -0.7319               3.5491               0.4352
13   C               -3.5364              -1.6360               0.1347
14   C                2.4062              -0.9407              -0.2500
15   C                2.8390              -2.2383              -0.3755
16   C                4.2454              -2.3469              -0.4740
17   C                4.9004              -1.1363              -0.4263
18   S                3.7474               0.1578              -0.2609
19   C                6.3340              -0.8561              -0.4897
20   C                7.3160              -1.9028              -0.6317
21   C                8.7251              -1.5724              -0.6902
22   C                9.1620              -0.2206              -0.6084
23   C                8.2071               0.7417              -0.4740
24   C                6.8213               0.4349              -0.4153
25   N                7.1063              -3.2144              -0.7235
26   S                8.5515              -3.9290              -0.8679
27   N                9.5202              -2.6339              -0.8229
28   H                1.3693               1.6891               0.0737
29   H               -5.6408               0.2200               0.7404
30   H               -6.2916               2.7256               1.1023
31   H               -0.1680               3.7044              -0.4928
32   H               -1.4173               4.3906               0.5636
33   H               -0.0066               3.5729               1.2585
34   H               -4.3878              -1.5477              -0.5506
35   H               -2.8633              -2.4026              -0.2609
36   H               -3.9181              -1.9927               1.0989
37   H                2.1659              -3.0879              -0.3952
38   H                4.7978              -3.2737              -0.5759
39   H               10.2226               0.0057              -0.6542
40   H                8.4989               1.7859              -0.4080
41   H                6.1244               1.2603              -0.3068


Energy:                -2548.715191 Convergence criteria  Is converged 
Maximum Force:             0.001991     0.002850  Yes
RMS Force:                 0.000863     0.001900  Yes
Maximum Displacement:      0.000968     0.003150  Yes
RMS Displacement:          0.000414     0.002100  Yes

LBFGS converged at iteration 11.
Final frame written to /home/hungn/Desktop/MyRepo/MLP/MAPLE/maple/function/dispatcher/parmfit/example/PPI_torsionfit_3-14_opt.xyz
Complete trajectory written to /home/hungn/Desktop/MyRepo/MLP/MAPLE/maple/function/dispatcher/parmfit/example/PPI_torsionfit_3-14_traj.xyz

----------------------------------------------------------------------
            Scanning combination 48/73: [594.83]

======================================================================
LBFGS Parameters
======================================================================
memory:     5
curvature:  70.0
max_step:   0.2
max_iter:   256
write_traj: False
traj_every: 1
verbose:    0
======================================================================


                             Coordinates                              
----------------------------------------------------------------------
0    C               -0.7476               1.0340               0.1959
1    C               -1.4379              -0.2080               0.1319
2    C               -2.8189              -0.3178               0.2647
3    C               -3.5238               0.8738               0.5209
4    C               -2.8334               2.1167               0.5715
5    C               -1.4562               2.2320               0.3980
6    C                0.6675               0.8640               0.0458
7    C                1.0563              -0.4297              -0.1200
8    S               -0.3106              -1.5238              -0.1315
9    C               -4.9378               1.0451               0.7357
10   C               -5.2969               2.3315               0.9266
11   S               -3.9534               3.4242               0.8634
12   C               -0.7324               3.5489               0.4348
13   C               -3.5397              -1.6324               0.1217
14   C                2.4085              -0.9383              -0.2548
15   C                2.8412              -2.2364              -0.3774
16   C                4.2476              -2.3454              -0.4745
17   C                4.9028              -1.1352              -0.4254
18   S                3.7506               0.1593              -0.2585
19   C                6.3364              -0.8555              -0.4901
20   C                7.3174              -1.9028              -0.6326
21   C                8.7267              -1.5732              -0.6908
22   C                9.1642              -0.2215              -0.6090
23   C                8.2100               0.7413              -0.4746
24   C                6.8240               0.4355              -0.4160
25   N                7.1069              -3.2141              -0.7244
26   S                8.5517              -3.9297              -0.8679
27   N                9.5212              -2.6352              -0.8229
28   H                1.3702               1.6913               0.0749
29   H               -5.6381               0.2154               0.7397
30   H               -6.2925               2.7209               1.1009
31   H               -0.1668               3.7069              -0.4919
32   H               -1.4187               4.3898               0.5641
33   H               -0.0089               3.5707               1.2597
34   H               -4.3298              -1.5578              -0.6357
35   H               -2.8531              -2.4223              -0.1922
36   H               -4.0151              -1.9444               1.0622
37   H                2.1676              -3.0856              -0.3949
38   H                4.7994              -3.2725              -0.5782
39   H               10.2250               0.0042              -0.6543
40   H                8.5022               1.7854              -0.4082
41   H                6.1274               1.2610              -0.3078


Energy:                -2548.715243 Convergence criteria  Is converged 
Maximum Force:             0.001754     0.002850  Yes
RMS Force:                 0.000809     0.001900  Yes
Maximum Displacement:      0.001773     0.003150  Yes
RMS Displacement:          0.000738     0.002100  Yes

LBFGS converged at iteration 17.
Final frame written to /home/hungn/Desktop/MyRepo/MLP/MAPLE/maple/function/dispatcher/parmfit/example/PPI_torsionfit_3-14_opt.xyz
Complete trajectory written to /home/hungn/Desktop/MyRepo/MLP/MAPLE/maple/function/dispatcher/parmfit/example/PPI_torsionfit_3-14_traj.xyz

----------------------------------------------------------------------
            Scanning combination 49/73: [599.83]

======================================================================
LBFGS Parameters
======================================================================
memory:     5
curvature:  70.0
max_step:   0.2
max_iter:   256
write_traj: False
traj_every: 1
verbose:    0
======================================================================


                             Coordinates                              
----------------------------------------------------------------------
0    C               -0.7472               1.0316               0.1992
1    C               -1.4363              -0.2103               0.1249
2    C               -2.8170              -0.3219               0.2489
3    C               -3.5259               0.8684               0.5056
4    C               -2.8353               2.1112               0.5669
5    C               -1.4575               2.2284               0.4015
6    C                0.6673               0.8626               0.0488
7    C                1.0574              -0.4297              -0.1240
8    S               -0.3081              -1.5251              -0.1394
9    C               -4.9399               1.0385               0.7269
10   C               -5.2972               2.3246               0.9296
11   S               -3.9534               3.4168               0.8746
12   C               -0.7348               3.5458               0.4392
13   C               -3.5325              -1.6399               0.1141
14   C                2.4103              -0.9356              -0.2605
15   C                2.8432              -2.2335              -0.3816
16   C                4.2496              -2.3430              -0.4762
17   C                4.9051              -1.1330              -0.4272
18   S                3.7526               0.1621              -0.2625
19   C                6.3391              -0.8545              -0.4908
20   C                7.3197              -1.9025              -0.6328
21   C                8.7293              -1.5741              -0.6910
22   C                9.1678              -0.2228              -0.6092
23   C                8.2143               0.7408              -0.4751
24   C                6.8280               0.4360              -0.4166
25   N                7.1083              -3.2138              -0.7245
26   S                8.5525              -3.9304              -0.8685
27   N                9.5231              -2.6366              -0.8234
28   H                1.3668               1.6919               0.0768
29   H               -5.6423               0.2107               0.7328
30   H               -6.2915               2.7151               1.1079
31   H               -0.1700               3.7030              -0.4880
32   H               -1.4210               4.3868               0.5662
33   H               -0.0103               3.5711               1.2628
34   H               -4.2580              -1.6078              -0.7088
35   H               -2.8326              -2.4567              -0.0817
36   H               -4.0919              -1.8829               1.0260
37   H                2.1692              -3.0822              -0.4001
38   H                4.8013              -3.2702              -0.5784
39   H               10.2288               0.0021              -0.6548
40   H                8.5074               1.7847              -0.4091
41   H                6.1321               1.2622              -0.3085


Energy:                -2548.715304 Convergence criteria  Is converged 
Maximum Force:             0.000961     0.002850  Yes
RMS Force:                 0.000468     0.001900  Yes
Maximum Displacement:      0.001428     0.003150  Yes
RMS Displacement:          0.000498     0.002100  Yes

LBFGS converged at iteration 22.
Final frame written to /home/hungn/Desktop/MyRepo/MLP/MAPLE/maple/function/dispatcher/parmfit/example/PPI_torsionfit_3-14_opt.xyz
Complete trajectory written to /home/hungn/Desktop/MyRepo/MLP/MAPLE/maple/function/dispatcher/parmfit/example/PPI_torsionfit_3-14_traj.xyz

----------------------------------------------------------------------
            Scanning combination 50/73: [604.83]

======================================================================
LBFGS Parameters
======================================================================
memory:     5
curvature:  70.0
max_step:   0.2
max_iter:   256
write_traj: False
traj_every: 1
verbose:    0
======================================================================


                             Coordinates                              
----------------------------------------------------------------------
0    C               -0.7473               1.0327               0.1891
1    C               -1.4364              -0.2085               0.1110
2    C               -2.8147              -0.3227               0.2636
3    C               -3.5234               0.8677               0.5168
4    C               -2.8344               2.1109               0.5705
5    C               -1.4573               2.2284               0.3994
6    C                0.6681               0.8634               0.0480
7    C                1.0585              -0.4291              -0.1225
8    S               -0.3071              -1.5242              -0.1445
9    C               -4.9385               1.0376               0.7278
10   C               -5.2973               2.3236               0.9272
11   S               -3.9536               3.4163               0.8730
12   C               -0.7351               3.5454               0.4398
13   C               -3.5346              -1.6366               0.1130
14   C                2.4111              -0.9354              -0.2600
15   C                2.8438              -2.2333              -0.3825
16   C                4.2501              -2.3428              -0.4771
17   C                4.9057              -1.1328              -0.4278
18   S                3.7533               0.1623              -0.2636
19   C                6.3397              -0.8543              -0.4910
20   C                7.3201              -1.9024              -0.6329
21   C                8.7297              -1.5743              -0.6911
22   C                9.1684              -0.2228              -0.6093
23   C                8.2152               0.7406              -0.4752
24   C                6.8287               0.4363              -0.4167
25   N                7.1084              -3.2136              -0.7246
26   S                8.5526              -3.9305              -0.8685
27   N                9.5233              -2.6369              -0.8234
28   H                1.3685               1.6918               0.0790
29   H               -5.6405               0.2095               0.7257
30   H               -6.2915               2.7118               1.1098
31   H               -0.1700               3.7030              -0.4871
32   H               -1.4219               4.3860               0.5673
33   H               -0.0112               3.5701               1.2641
34   H               -4.2170              -1.6186              -0.7472
35   H               -2.8267              -2.4522              -0.0603
36   H               -4.1266              -1.8802               1.0031
37   H                2.1698              -3.0822              -0.4012
38   H                4.8023              -3.2699              -0.5787
39   H               10.2295               0.0017              -0.6549
40   H                8.5085               1.7846              -0.4092
41   H                6.1331               1.2625              -0.3086


Energy:                -2548.715143 Convergence criteria  Is converged 
Maximum Force:             0.002563     0.002850  Yes
RMS Force:                 0.000737     0.001900  Yes
Maximum Displacement:      0.001796     0.003150  Yes
RMS Displacement:          0.000527     0.002100  Yes

LBFGS converged at iteration 12.
Final frame written to /home/hungn/Desktop/MyRepo/MLP/MAPLE/maple/function/dispatcher/parmfit/example/PPI_torsionfit_3-14_opt.xyz
Complete trajectory written to /home/hungn/Desktop/MyRepo/MLP/MAPLE/maple/function/dispatcher/parmfit/example/PPI_torsionfit_3-14_traj.xyz

----------------------------------------------------------------------
            Scanning combination 51/73: [609.83]

======================================================================
LBFGS Parameters
======================================================================
memory:     5
curvature:  70.0
max_step:   0.2
max_iter:   256
write_traj: False
traj_every: 1
verbose:    0
======================================================================


                             Coordinates                              
----------------------------------------------------------------------
0    C               -0.7446               1.0325               0.2003
1    C               -1.4331              -0.2093               0.1197
2    C               -2.8126              -0.3228               0.2551
3    C               -3.5221               0.8665               0.5129
4    C               -2.8335               2.1089               0.5763
5    C               -1.4561               2.2278               0.4077
6    C                0.6702               0.8660               0.0458
7    C                1.0604              -0.4251              -0.1362
8    S               -0.3058              -1.5205              -0.1620
9    C               -4.9370               1.0342               0.7262
10   C               -5.2972               2.3183               0.9316
11   S               -3.9539               3.4120               0.8833
12   C               -0.7352               3.5463               0.4434
13   C               -3.5347              -1.6338               0.1007
14   C                2.4137              -0.9323              -0.2692
15   C                2.8467              -2.2307              -0.3878
16   C                4.2534              -2.3409              -0.4793
17   C                4.9093              -1.1312              -0.4292
18   S                3.7572               0.1643              -0.2663
19   C                6.3435              -0.8532              -0.4919
20   C                7.3230              -1.9022              -0.6338
21   C                8.7327              -1.5750              -0.6916
22   C                9.1725              -0.2242              -0.6099
23   C                8.2198               0.7404              -0.4759
24   C                6.8332               0.4368              -0.4177
25   N                7.1102              -3.2133              -0.7254
26   S                8.5538              -3.9313              -0.8686
27   N                9.5255              -2.6384              -0.8235
28   H                1.3720               1.6936               0.0791
29   H               -5.6373               0.2051               0.7169
30   H               -6.2943               2.7036               1.1066
31   H               -0.1688               3.7055              -0.4830
32   H               -1.4234               4.3858               0.5704
33   H               -0.0125               3.5715               1.2685
34   H               -4.1375              -1.6450              -0.8171
35   H               -2.8362              -2.4737               0.0540
36   H               -4.2199              -1.8053               0.9378
37   H                2.1731              -3.0799              -0.4056
38   H                4.8056              -3.2683              -0.5806
39   H               10.2336              -0.0003              -0.6551
40   H                8.5139               1.7839              -0.4096
41   H                6.1380               1.2637              -0.3097


Energy:                -2548.715164 Convergence criteria  Is converged 
Maximum Force:             0.001322     0.002850  Yes
RMS Force:                 0.000576     0.001900  Yes
Maximum Displacement:      0.001008     0.003150  Yes
RMS Displacement:          0.000371     0.002100  Yes

LBFGS converged at iteration 20.
Final frame written to /home/hungn/Desktop/MyRepo/MLP/MAPLE/maple/function/dispatcher/parmfit/example/PPI_torsionfit_3-14_opt.xyz
Complete trajectory written to /home/hungn/Desktop/MyRepo/MLP/MAPLE/maple/function/dispatcher/parmfit/example/PPI_torsionfit_3-14_traj.xyz

----------------------------------------------------------------------
            Scanning combination 52/73: [614.83]

======================================================================
LBFGS Parameters
======================================================================
memory:     5
curvature:  70.0
max_step:   0.2
max_iter:   256
write_traj: False
traj_every: 1
verbose:    0
======================================================================


                             Coordinates                              
----------------------------------------------------------------------
0    C               -0.7463               1.0331               0.1865
1    C               -1.4352              -0.2084               0.1031
2    C               -2.8127              -0.3268               0.2673
3    C               -3.5208               0.8635               0.5183
4    C               -2.8327               2.1071               0.5788
5    C               -1.4558               2.2277               0.4047
6    C                0.6701               0.8660               0.0446
7    C                1.0613              -0.4254              -0.1317
8    S               -0.3050              -1.5202              -0.1657
9    C               -4.9368               1.0336               0.7232
10   C               -5.2968               2.3180               0.9282
11   S               -3.9529               3.4109               0.8846
12   C               -0.7353               3.5461               0.4470
13   C               -3.5305              -1.6413               0.1157
14   C                2.4147              -0.9319              -0.2675
15   C                2.8475              -2.2299              -0.3896
16   C                4.2542              -2.3397              -0.4818
17   C                4.9100              -1.1299              -0.4322
18   S                3.7575               0.1656              -0.2710
19   C                6.3446              -0.8527              -0.4929
20   C                7.3240              -1.9020              -0.6338
21   C                8.7340              -1.5754              -0.6916
22   C                9.1741              -0.2246              -0.6098
23   C                8.2219               0.7400              -0.4759
24   C                6.8350               0.4371              -0.4180
25   N                7.1110              -3.2131              -0.7254
26   S                8.5544              -3.9315              -0.8688
27   N                9.5264              -2.6389              -0.8237
28   H                1.3718               1.6936               0.0840
29   H               -5.6392               0.2063               0.7057
30   H               -6.2924               2.7032               1.1097
31   H               -0.1693               3.7045              -0.4794
32   H               -1.4238               4.3856               0.5741
33   H               -0.0124               3.5728               1.2724
34   H               -4.0813              -1.6807              -0.8328
35   H               -2.8216              -2.4735               0.1219
36   H               -4.2501              -1.8032               0.9269
37   H                2.1736              -3.0787              -0.4102
38   H                4.8063              -3.2671              -0.5809
39   H               10.2355              -0.0012              -0.6553
40   H                8.5164               1.7835              -0.4099
41   H                6.1403               1.2642              -0.3100


Energy:                -2548.714995 Convergence criteria  Is converged 
Maximum Force:             0.002600     0.002850  Yes
RMS Force:                 0.000900     0.001900  Yes
Maximum Displacement:      0.001732     0.003150  Yes
RMS Displacement:          0.000662     0.002100  Yes

LBFGS converged at iteration 12.
Final frame written to /home/hungn/Desktop/MyRepo/MLP/MAPLE/maple/function/dispatcher/parmfit/example/PPI_torsionfit_3-14_opt.xyz
Complete trajectory written to /home/hungn/Desktop/MyRepo/MLP/MAPLE/maple/function/dispatcher/parmfit/example/PPI_torsionfit_3-14_traj.xyz

----------------------------------------------------------------------
            Scanning combination 53/73: [619.83]

======================================================================
LBFGS Parameters
======================================================================
memory:     5
curvature:  70.0
max_step:   0.2
max_iter:   256
write_traj: False
traj_every: 1
verbose:    0
======================================================================


                             Coordinates                              
----------------------------------------------------------------------
0    C               -0.7449               1.0322               0.1939
1    C               -1.4335              -0.2095               0.1126
2    C               -2.8125              -0.3246               0.2559
3    C               -3.5217               0.8630               0.5168
4    C               -2.8320               2.1059               0.5837
5    C               -1.4562               2.2261               0.4088
6    C                0.6708               0.8668               0.0406
7    C                1.0612              -0.4237              -0.1449
8    S               -0.3066              -1.5175              -0.1850
9    C               -4.9373               1.0324               0.7257
10   C               -5.2969               2.3161               0.9314
11   S               -3.9530               3.4087               0.8901
12   C               -0.7361               3.5452               0.4496
13   C               -3.5260              -1.6395               0.0995
14   C                2.4150              -0.9304              -0.2756
15   C                2.8485              -2.2288              -0.3940
16   C                4.2553              -2.3383              -0.4835
17   C                4.9112              -1.1287              -0.4325
18   S                3.7584               0.1666              -0.2716
19   C                6.3459              -0.8519              -0.4937
20   C                7.3251              -1.9017              -0.6350
21   C                8.7352              -1.5758              -0.6922
22   C                9.1764              -0.2254              -0.6102
23   C                8.2241               0.7400              -0.4764
24   C                6.8373               0.4376              -0.4189
25   N                7.1115              -3.2126              -0.7264
26   S                8.5546              -3.9319              -0.8686
27   N                9.5273              -2.6397              -0.8233
28   H                1.3726               1.6940               0.0840
29   H               -5.6419               0.2068               0.7068
30   H               -6.2941               2.7019               1.1043
31   H               -0.1681               3.7058              -0.4752
32   H               -1.4249               4.3843               0.5773
33   H               -0.0153               3.5690               1.2763
34   H               -3.9853              -1.7141              -0.8938
35   H               -2.8366              -2.4803               0.2006
36   H               -4.3219              -1.7541               0.8438
37   H                2.1754              -3.0783              -0.4121
38   H                4.8079              -3.2657              -0.5833
39   H               10.2376              -0.0024              -0.6549
40   H                8.5194               1.7831              -0.4098
41   H                6.1429               1.2652              -0.3111


Energy:                -2548.714937 Convergence criteria  Is converged 
Maximum Force:             0.002541     0.002850  Yes
RMS Force:                 0.000956     0.001900  Yes
Maximum Displacement:      0.002818     0.003150  Yes
RMS Displacement:          0.000886     0.002100  Yes

LBFGS converged at iteration 16.
Final frame written to /home/hungn/Desktop/MyRepo/MLP/MAPLE/maple/function/dispatcher/parmfit/example/PPI_torsionfit_3-14_opt.xyz
Complete trajectory written to /home/hungn/Desktop/MyRepo/MLP/MAPLE/maple/function/dispatcher/parmfit/example/PPI_torsionfit_3-14_traj.xyz

----------------------------------------------------------------------
            Scanning combination 54/73: [624.83]

======================================================================
LBFGS Parameters
======================================================================
memory:     5
curvature:  70.0
max_step:   0.2
max_iter:   256
write_traj: False
traj_every: 1
verbose:    0
======================================================================


                             Coordinates                              
----------------------------------------------------------------------
0    C               -0.7439               1.0326               0.1966
1    C               -1.4318              -0.2080               0.1064
2    C               -2.8112              -0.3248               0.2460
3    C               -3.5220               0.8623               0.5066
4    C               -2.8332               2.1051               0.5797
5    C               -1.4558               2.2259               0.4126
6    C                0.6709               0.8661               0.0427
7    C                1.0608              -0.4236              -0.1492
8    S               -0.3070              -1.5172              -0.1891
9    C               -4.9380               1.0312               0.7198
10   C               -5.2968               2.3146               0.9334
11   S               -3.9524               3.4063               0.8960
12   C               -0.7362               3.5446               0.4558
13   C               -3.5184              -1.6442               0.0947
14   C                2.4154              -0.9290              -0.2806
15   C                2.8495              -2.2269              -0.3983
16   C                4.2565              -2.3369              -0.4867
17   C                4.9123              -1.1272              -0.4367
18   S                3.7591               0.1683              -0.2782
19   C                6.3474              -0.8512              -0.4955
20   C                7.3261              -1.9013              -0.6354
21   C                8.7365              -1.5763              -0.6920
22   C                9.1779              -0.2259              -0.6100
23   C                8.2266               0.7395              -0.4765
24   C                6.8393               0.4383              -0.4197
25   N                7.1119              -3.2122              -0.7267
26   S                8.5546              -3.9322              -0.8689
27   N                9.5280              -2.6406              -0.8234
28   H                1.3721               1.6935               0.0865
29   H               -5.6433               0.2068               0.7048
30   H               -6.2934               2.7003               1.1078
31   H               -0.1675               3.7065              -0.4685
32   H               -1.4252               4.3834               0.5831
33   H               -0.0158               3.5693               1.2829
34   H               -3.9024              -1.7759              -0.9253
35   H               -2.8484              -2.4828               0.3033
36   H               -4.3732              -1.7117               0.7747
37   H                2.1766              -3.0764              -0.4195
38   H                4.8090              -3.2644              -0.5847
39   H               10.2396              -0.0037              -0.6547
40   H                8.5223               1.7829              -0.4101
41   H                6.1455               1.2661              -0.3119


Energy:                -2548.714946 Convergence criteria  Is converged 
Maximum Force:             0.000939     0.002850  Yes
RMS Force:                 0.000482     0.001900  Yes
Maximum Displacement:      0.000688     0.003150  Yes
RMS Displacement:          0.000359     0.002100  Yes

LBFGS converged at iteration 22.
Final frame written to /home/hungn/Desktop/MyRepo/MLP/MAPLE/maple/function/dispatcher/parmfit/example/PPI_torsionfit_3-14_opt.xyz
Complete trajectory written to /home/hungn/Desktop/MyRepo/MLP/MAPLE/maple/function/dispatcher/parmfit/example/PPI_torsionfit_3-14_traj.xyz

----------------------------------------------------------------------
            Scanning combination 55/73: [629.83]

======================================================================
LBFGS Parameters
======================================================================
memory:     5
curvature:  70.0
max_step:   0.2
max_iter:   256
write_traj: False
traj_every: 1
verbose:    0
======================================================================


                             Coordinates                              
----------------------------------------------------------------------
0    C               -0.7444               1.0332               0.1938
1    C               -1.4323              -0.2073               0.1010
2    C               -2.8105              -0.3259               0.2485
3    C               -3.5213               0.8608               0.5089
4    C               -2.8331               2.1043               0.5811
5    C               -1.4561               2.2261               0.4124
6    C                0.6706               0.8664               0.0412
7    C                1.0601              -0.4231              -0.1535
8    S               -0.3085              -1.5159              -0.1982
9    C               -4.9375               1.0309               0.7197
10   C               -5.2969               2.3137               0.9332
11   S               -3.9526               3.4053               0.8970
12   C               -0.7360               3.5450               0.4589
13   C               -3.5113              -1.6480               0.0928
14   C                2.4149              -0.9288              -0.2840
15   C                2.8498              -2.2267              -0.4007
16   C                4.2569              -2.3361              -0.4886
17   C                4.9125              -1.1263              -0.4385
18   S                3.7587               0.1688              -0.2794
19   C                6.3478              -0.8505              -0.4971
20   C                7.3264              -1.9011              -0.6364
21   C                8.7369              -1.5765              -0.6922
22   C                9.1789              -0.2263              -0.6098
23   C                8.2276               0.7395              -0.4767
24   C                6.8403               0.4386              -0.4207
25   N                7.1119              -3.2120              -0.7275
26   S                8.5545              -3.9324              -0.8689
27   N                9.5282              -2.6411              -0.8230
28   H                1.3728               1.6929               0.0885
29   H               -5.6424               0.2067               0.6996
30   H               -6.2939               2.6994               1.1078
31   H               -0.1654               3.7088              -0.4641
32   H               -1.4255               4.3836               0.5868
33   H               -0.0169               3.5666               1.2875
34   H               -3.8215              -1.8126              -0.9472
35   H               -2.8577              -2.4783               0.3748
36   H               -4.4102              -1.6959               0.7134
37   H                2.1771              -3.0764              -0.4222
38   H                4.8095              -3.2635              -0.5878
39   H               10.2406              -0.0044              -0.6542
40   H                8.5237               1.7826              -0.4099
41   H                6.1466               1.2667              -0.3129


Energy:                -2548.714875 Convergence criteria  Is converged 
Maximum Force:             0.000824     0.002850  Yes
RMS Force:                 0.000447     0.001900  Yes
Maximum Displacement:      0.001082     0.003150  Yes
RMS Displacement:          0.000384     0.002100  Yes

LBFGS converged at iteration 18.
Final frame written to /home/hungn/Desktop/MyRepo/MLP/MAPLE/maple/function/dispatcher/parmfit/example/PPI_torsionfit_3-14_opt.xyz
Complete trajectory written to /home/hungn/Desktop/MyRepo/MLP/MAPLE/maple/function/dispatcher/parmfit/example/PPI_torsionfit_3-14_traj.xyz

----------------------------------------------------------------------
            Scanning combination 56/73: [634.83]

======================================================================
LBFGS Parameters
======================================================================
memory:     5
curvature:  70.0
max_step:   0.2
max_iter:   256
write_traj: False
traj_every: 1
verbose:    0
======================================================================


                             Coordinates                              
----------------------------------------------------------------------
0    C               -0.7435               1.0339               0.1870
1    C               -1.4315              -0.2063               0.0956
2    C               -2.8092              -0.3257               0.2499
3    C               -3.5206               0.8591               0.5102
4    C               -2.8321               2.1025               0.5835
5    C               -1.4558               2.2253               0.4118
6    C                0.6718               0.8669               0.0383
7    C                1.0608              -0.4231              -0.1545
8    S               -0.3089              -1.5145              -0.2067
9    C               -4.9377               1.0283               0.7182
10   C               -5.2962               2.3107               0.9308
11   S               -3.9523               3.4028               0.8960
12   C               -0.7367               3.5439               0.4629
13   C               -3.5054              -1.6500               0.1014
14   C                2.4155              -0.9285              -0.2851
15   C                2.8501              -2.2262              -0.4041
16   C                4.2571              -2.3357              -0.4920
17   C                4.9127              -1.1258              -0.4411
18   S                3.7590               0.1693              -0.2830
19   C                6.3480              -0.8501              -0.4979
20   C                7.3264              -1.9009              -0.6368
21   C                8.7370              -1.5767              -0.6922
22   C                9.1793              -0.2266              -0.6097
23   C                8.2283               0.7395              -0.4769
24   C                6.8407               0.4389              -0.4213
25   N                7.1116              -3.2116              -0.7283
26   S                8.5540              -3.9325              -0.8691
27   N                9.5280              -2.6415              -0.8227
28   H                1.3746               1.6926               0.0911
29   H               -5.6442               0.2049               0.6957
30   H               -6.2928               2.6958               1.1088
31   H               -0.1654               3.7083              -0.4592
32   H               -1.4261               4.3823               0.5916
33   H               -0.0185               3.5657               1.2922
34   H               -3.7359              -1.8491              -0.9523
35   H               -2.8728              -2.4702               0.4536
36   H               -4.4449              -1.6804               0.6610
37   H                2.1775              -3.0760              -0.4264
38   H                4.8100              -3.2630              -0.5893
39   H               10.2410              -0.0050              -0.6536
40   H                8.5246               1.7825              -0.4101
41   H                6.1474               1.2673              -0.3140


Energy:                -2548.714816 Convergence criteria  Is converged 
Maximum Force:             0.001570     0.002850  Yes
RMS Force:                 0.000643     0.001900  Yes
Maximum Displacement:      0.001799     0.003150  Yes
RMS Displacement:          0.000605     0.002100  Yes

LBFGS converged at iteration 18.
Final frame written to /home/hungn/Desktop/MyRepo/MLP/MAPLE/maple/function/dispatcher/parmfit/example/PPI_torsionfit_3-14_opt.xyz
Complete trajectory written to /home/hungn/Desktop/MyRepo/MLP/MAPLE/maple/function/dispatcher/parmfit/example/PPI_torsionfit_3-14_traj.xyz

----------------------------------------------------------------------
            Scanning combination 57/73: [639.83]

======================================================================
LBFGS Parameters
======================================================================
memory:     5
curvature:  70.0
max_step:   0.2
max_iter:   256
write_traj: False
traj_every: 1
verbose:    0
======================================================================


                             Coordinates                              
----------------------------------------------------------------------
0    C               -0.7434               1.0350               0.1849
1    C               -1.4314              -0.2051               0.0933
2    C               -2.8093              -0.3263               0.2487
3    C               -3.5196               0.8569               0.5146
4    C               -2.8315               2.1011               0.5875
5    C               -1.4558               2.2260               0.4124
6    C                0.6722               0.8670               0.0363
7    C                1.0598              -0.4229              -0.1590
8    S               -0.3116              -1.5122              -0.2183
9    C               -4.9373               1.0271               0.7209
10   C               -5.2963               2.3102               0.9302
11   S               -3.9525               3.4022               0.8963
12   C               -0.7367               3.5448               0.4661
13   C               -3.4943              -1.6553               0.1013
14   C                2.4147              -0.9288              -0.2898
15   C                2.8496              -2.2263              -0.4081
16   C                4.2568              -2.3352              -0.4940
17   C                4.9123              -1.1253              -0.4419
18   S                3.7581               0.1695              -0.2850
19   C                6.3479              -0.8499              -0.4986
20   C                7.3264              -1.9008              -0.6376
21   C                8.7372              -1.5768              -0.6924
22   C                9.1797              -0.2269              -0.6097
23   C                8.2288               0.7392              -0.4772
24   C                6.8410               0.4390              -0.4221
25   N                7.1115              -3.2115              -0.7293
26   S                8.5539              -3.9326              -0.8691
27   N                9.5281              -2.6417              -0.8224
28   H                1.3763               1.6920               0.0913
29   H               -5.6452               0.2053               0.6972
30   H               -6.2930               2.6950               1.1070
31   H               -0.1644               3.7098              -0.4552
32   H               -1.4261               4.3833               0.5951
33   H               -0.0193               3.5650               1.2963
34   H               -3.6397              -1.8916              -0.9607
35   H               -2.8904              -2.4595               0.5333
36   H               -4.4754              -1.6699               0.5838
37   H                2.1775              -3.0766              -0.4289
38   H                4.8100              -3.2622              -0.5912
39   H               10.2416              -0.0054              -0.6529
40   H                8.5253               1.7822              -0.4099
41   H                6.1479               1.2675              -0.3151


Energy:                -2548.714804 Convergence criteria  Is converged 
Maximum Force:             0.002279     0.002850  Yes
RMS Force:                 0.000942     0.001900  Yes
Maximum Displacement:      0.003142     0.003150  Yes
RMS Displacement:          0.001287     0.002100  Yes

LBFGS converged at iteration 16.
Final frame written to /home/hungn/Desktop/MyRepo/MLP/MAPLE/maple/function/dispatcher/parmfit/example/PPI_torsionfit_3-14_opt.xyz
Complete trajectory written to /home/hungn/Desktop/MyRepo/MLP/MAPLE/maple/function/dispatcher/parmfit/example/PPI_torsionfit_3-14_traj.xyz

----------------------------------------------------------------------
            Scanning combination 58/73: [644.83]

======================================================================
LBFGS Parameters
======================================================================
memory:     5
curvature:  70.0
max_step:   0.2
max_iter:   256
write_traj: False
traj_every: 1
verbose:    0
======================================================================


                             Coordinates                              
----------------------------------------------------------------------
0    C               -0.7420               1.0360               0.1881
1    C               -1.4300              -0.2030               0.0920
2    C               -2.8073              -0.3255               0.2450
3    C               -3.5203               0.8565               0.5093
4    C               -2.8320               2.1011               0.5848
5    C               -1.4556               2.2260               0.4161
6    C                0.6732               0.8677               0.0366
7    C                1.0595              -0.4223              -0.1638
8    S               -0.3125              -1.5105              -0.2220
9    C               -4.9380               1.0271               0.7185
10   C               -5.2962               2.3091               0.9317
11   S               -3.9524               3.4011               0.8986
12   C               -0.7372               3.5451               0.4710
13   C               -3.4801              -1.6609               0.1045
14   C                2.4139              -0.9285              -0.2952
15   C                2.8491              -2.2262              -0.4127
16   C                4.2564              -2.3350              -0.4971
17   C                4.9119              -1.1252              -0.4448
18   S                3.7576               0.1696              -0.2895
19   C                6.3475              -0.8497              -0.5000
20   C                7.3259              -1.9007              -0.6383
21   C                8.7368              -1.5770              -0.6923
22   C                9.1795              -0.2272              -0.6093
23   C                8.2286               0.7391              -0.4773
24   C                6.8408               0.4391              -0.4231
25   N                7.1109              -3.2114              -0.7301
26   S                8.5532              -3.9328              -0.8694
27   N                9.5276              -2.6420              -0.8220
28   H                1.3780               1.6919               0.0909
29   H               -5.6464               0.2051               0.7007
30   H               -6.2933               2.6942               1.1083
31   H               -0.1641               3.7107              -0.4498
32   H               -1.4267               4.3834               0.5999
33   H               -0.0205               3.5649               1.3015
34   H               -3.5416              -1.9496              -0.9508
35   H               -2.9194              -2.4428               0.6243
36   H               -4.4974              -1.6527               0.5036
37   H                2.1774              -3.0767              -0.4342
38   H                4.8097              -3.2621              -0.5932
39   H               10.2414              -0.0060              -0.6521
40   H                8.5254               1.7820              -0.4100
41   H                6.1478               1.2678              -0.3163


Energy:                -2548.714940 Convergence criteria  Is converged 
Maximum Force:             0.001441     0.002850  Yes
RMS Force:                 0.000591     0.001900  Yes
Maximum Displacement:      0.001692     0.003150  Yes
RMS Displacement:          0.000517     0.002100  Yes

LBFGS converged at iteration 17.
Final frame written to /home/hungn/Desktop/MyRepo/MLP/MAPLE/maple/function/dispatcher/parmfit/example/PPI_torsionfit_3-14_opt.xyz
Complete trajectory written to /home/hungn/Desktop/MyRepo/MLP/MAPLE/maple/function/dispatcher/parmfit/example/PPI_torsionfit_3-14_traj.xyz

----------------------------------------------------------------------
            Scanning combination 59/73: [649.83]

======================================================================
LBFGS Parameters
======================================================================
memory:     5
curvature:  70.0
max_step:   0.2
max_iter:   256
write_traj: False
traj_every: 1
verbose:    0
======================================================================


                             Coordinates                              
----------------------------------------------------------------------
0    C               -0.7405               1.0376               0.1855
1    C               -1.4280              -0.2016               0.0904
2    C               -2.8050              -0.3268               0.2449
3    C               -3.5191               0.8549               0.5092
4    C               -2.8314               2.1003               0.5849
5    C               -1.4557               2.2270               0.4157
6    C                0.6740               0.8691               0.0344
7    C                1.0604              -0.4208              -0.1660
8    S               -0.3105              -1.5093              -0.2219
9    C               -4.9372               1.0252               0.7187
10   C               -5.2954               2.3071               0.9327
11   S               -3.9520               3.4002               0.8982
12   C               -0.7373               3.5450               0.4741
13   C               -3.4746              -1.6663               0.1124
14   C                2.4145              -0.9272              -0.2976
15   C                2.8489              -2.2251              -0.4160
16   C                4.2562              -2.3348              -0.5005
17   C                4.9122              -1.1253              -0.4478
18   S                3.7585               0.1702              -0.2932
19   C                6.3478              -0.8499              -0.5018
20   C                7.3260              -1.9010              -0.6393
21   C                8.7368              -1.5773              -0.6924
22   C                9.1794              -0.2275              -0.6090
23   C                8.2286               0.7389              -0.4775
24   C                6.8408               0.4389              -0.4241
25   N                7.1107              -3.2116              -0.7311
26   S                8.5530              -3.9331              -0.8694
27   N                9.5275              -2.6424              -0.8216
28   H                1.3779               1.6932               0.0917
29   H               -5.6450               0.2024               0.6985
30   H               -6.2926               2.6916               1.1099
31   H               -0.1625               3.7140              -0.4447
32   H               -1.4268               4.3827               0.6044
33   H               -0.0226               3.5634               1.3061
34   H               -3.4553              -1.9998              -0.9315
35   H               -2.9559              -2.4256               0.7067
36   H               -4.5192              -1.6415               0.4371
37   H                2.1768              -3.0751              -0.4387
38   H                4.8093              -3.2621              -0.5960
39   H               10.2414              -0.0063              -0.6511
40   H                8.5253               1.7817              -0.4097
41   H                6.1477               1.2676              -0.3176


Energy:                -2548.715016 Convergence criteria  Is converged 
Maximum Force:             0.001723     0.002850  Yes
RMS Force:                 0.000800     0.001900  Yes
Maximum Displacement:      0.001960     0.003150  Yes
RMS Displacement:          0.000878     0.002100  Yes

LBFGS converged at iteration 16.
Final frame written to /home/hungn/Desktop/MyRepo/MLP/MAPLE/maple/function/dispatcher/parmfit/example/PPI_torsionfit_3-14_opt.xyz
Complete trajectory written to /home/hungn/Desktop/MyRepo/MLP/MAPLE/maple/function/dispatcher/parmfit/example/PPI_torsionfit_3-14_traj.xyz

----------------------------------------------------------------------
            Scanning combination 60/73: [654.83]

======================================================================
LBFGS Parameters
======================================================================
memory:     5
curvature:  70.0
max_step:   0.2
max_iter:   256
write_traj: False
traj_every: 1
verbose:    0
======================================================================


                             Coordinates                              
----------------------------------------------------------------------
0    C               -0.7408               1.0384               0.1785
1    C               -1.4280              -0.2006               0.0797
2    C               -2.8018              -0.3291               0.2593
3    C               -3.5170               0.8529               0.5174
4    C               -2.8307               2.0994               0.5862
5    C               -1.4553               2.2266               0.4143
6    C                0.6748               0.8698               0.0342
7    C                1.0617              -0.4202              -0.1645
8    S               -0.3086              -1.5088              -0.2227
9    C               -4.9362               1.0237               0.7189
10   C               -5.2955               2.3060               0.9303
11   S               -3.9521               3.3990               0.8974
12   C               -0.7376               3.5452               0.4760
13   C               -3.4716              -1.6675               0.1166
14   C                2.4151              -0.9269              -0.2983
15   C                2.8488              -2.2248              -0.4177
16   C                4.2561              -2.3345              -0.5020
17   C                4.9122              -1.1251              -0.4487
18   S                3.7588               0.1705              -0.2945
19   C                6.3478              -0.8499              -0.5024
20   C                7.3260              -1.9010              -0.6398
21   C                8.7369              -1.5774              -0.6925
22   C                9.1797              -0.2276              -0.6089
23   C                8.2288               0.7388              -0.4776
24   C                6.8410               0.4388              -0.4247
25   N                7.1108              -3.2117              -0.7317
26   S                8.5532              -3.9332              -0.8695
27   N                9.5277              -2.6425              -0.8214
28   H                1.3785               1.6942               0.0913
29   H               -5.6444               0.2017               0.6969
30   H               -6.2921               2.6902               1.1110
31   H               -0.1627               3.7139              -0.4428
32   H               -1.4272               4.3829               0.6060
33   H               -0.0227               3.5635               1.3081
34   H               -3.3975              -2.0294              -0.9149
35   H               -2.9724              -2.4131               0.7451
36   H               -4.5279              -1.6437               0.3946
37   H                2.1761              -3.0744              -0.4400
38   H                4.8090              -3.2619              -0.5973
39   H               10.2416              -0.0065              -0.6507
40   H                8.5256               1.7816              -0.4097
41   H                6.1479               1.2676              -0.3183


Energy:                -2548.714903 Convergence criteria  Is converged 
Maximum Force:             0.002115     0.002850  Yes
RMS Force:                 0.000802     0.001900  Yes
Maximum Displacement:      0.001086     0.003150  Yes
RMS Displacement:          0.000398     0.002100  Yes

LBFGS converged at iteration 13.
Final frame written to /home/hungn/Desktop/MyRepo/MLP/MAPLE/maple/function/dispatcher/parmfit/example/PPI_torsionfit_3-14_opt.xyz
Complete trajectory written to /home/hungn/Desktop/MyRepo/MLP/MAPLE/maple/function/dispatcher/parmfit/example/PPI_torsionfit_3-14_traj.xyz

----------------------------------------------------------------------
            Scanning combination 61/73: [659.83]

======================================================================
LBFGS Parameters
======================================================================
memory:     5
curvature:  70.0
max_step:   0.2
max_iter:   256
write_traj: False
traj_every: 1
verbose:    0
======================================================================


                             Coordinates                              
----------------------------------------------------------------------
0    C               -0.7368               1.0389               0.1899
1    C               -1.4216              -0.2009               0.0919
2    C               -2.7986              -0.3277               0.2399
3    C               -3.5156               0.8520               0.5052
4    C               -2.8309               2.0984               0.5834
5    C               -1.4539               2.2267               0.4198
6    C                0.6772               0.8723               0.0318
7    C                1.0637              -0.4164              -0.1741
8    S               -0.3046              -1.5077              -0.2194
9    C               -4.9336               1.0178               0.7200
10   C               -5.2952               2.2986               0.9372
11   S               -3.9539               3.3940               0.9043
12   C               -0.7382               3.5456               0.4801
13   C               -3.4576              -1.6726               0.1102
14   C                2.4166              -0.9239              -0.3069
15   C                2.8492              -2.2226              -0.4228
16   C                4.2564              -2.3339              -0.5051
17   C                4.9134              -1.1250              -0.4513
18   S                3.7613               0.1718              -0.2970
19   C                6.3490              -0.8501              -0.5043
20   C                7.3269              -1.9015              -0.6412
21   C                8.7379              -1.5780              -0.6926
22   C                9.1806              -0.2283              -0.6087
23   C                8.2299               0.7384              -0.4780
24   C                6.8421               0.4386              -0.4262
25   N                7.1115              -3.2121              -0.7335
26   S                8.5539              -3.9338              -0.8700
27   N                9.5286              -2.6433              -0.8209
28   H                1.3799               1.6983               0.0828
29   H               -5.6377               0.1919               0.7100
30   H               -6.2933               2.6827               1.1092
31   H               -0.1625               3.7158              -0.4381
32   H               -1.4289               4.3826               0.6098
33   H               -0.0241               3.5625               1.3127
34   H               -3.2804              -2.0980              -0.8836
35   H               -3.0554              -2.3820               0.8424
36   H               -4.5391              -1.6162               0.2527
37   H                2.1758              -3.0715              -0.4444
38   H                4.8084              -3.2619              -0.6015
39   H               10.2426              -0.0072              -0.6494
40   H                8.5266               1.7812              -0.4097
41   H                6.1488               1.2673              -0.3205


Energy:                -2548.715053 Convergence criteria  Is converged 
Maximum Force:             0.001346     0.002850  Yes
RMS Force:                 0.000694     0.001900  Yes
Maximum Displacement:      0.002149     0.003150  Yes
RMS Displacement:          0.000752     0.002100  Yes

LBFGS converged at iteration 20.
Final frame written to /home/hungn/Desktop/MyRepo/MLP/MAPLE/maple/function/dispatcher/parmfit/example/PPI_torsionfit_3-14_opt.xyz
Complete trajectory written to /home/hungn/Desktop/MyRepo/MLP/MAPLE/maple/function/dispatcher/parmfit/example/PPI_torsionfit_3-14_traj.xyz

----------------------------------------------------------------------
            Scanning combination 62/73: [664.83]

======================================================================
LBFGS Parameters
======================================================================
memory:     5
curvature:  70.0
max_step:   0.2
max_iter:   256
write_traj: False
traj_every: 1
verbose:    0
======================================================================


                             Coordinates                              
----------------------------------------------------------------------
0    C               -0.7380               1.0395               0.1792
1    C               -1.4228              -0.2011               0.0802
2    C               -2.7970              -0.3327               0.2540
3    C               -3.5135               0.8480               0.5147
4    C               -2.8300               2.0960               0.5848
5    C               -1.4543               2.2265               0.4158
6    C                0.6778               0.8735               0.0316
7    C                1.0658              -0.4159              -0.1676
8    S               -0.3016              -1.5081              -0.2163
9    C               -4.9324               1.0162               0.7206
10   C               -5.2949               2.2975               0.9333
11   S               -3.9536               3.3927               0.9012
12   C               -0.7382               3.5462               0.4820
13   C               -3.4598              -1.6746               0.1130
14   C                2.4180              -0.9235              -0.3053
15   C                2.8499              -2.2222              -0.4242
16   C                4.2570              -2.3336              -0.5069
17   C                4.9141              -1.1248              -0.4530
18   S                3.7624               0.1723              -0.2999
19   C                6.3496              -0.8501              -0.5051
20   C                7.3274              -1.9016              -0.6414
21   C                8.7383              -1.5782              -0.6925
22   C                9.1812              -0.2285              -0.6084
23   C                8.2304               0.7383              -0.4780
24   C                6.8426               0.4386              -0.4266
25   N                7.1119              -3.2121              -0.7337
26   S                8.5542              -3.9339              -0.8703
27   N                9.5290              -2.6435              -0.8209
28   H                1.3810               1.6992               0.0832
29   H               -5.6377               0.1921               0.7068
30   H               -6.2923               2.6797               1.1144
31   H               -0.1630               3.7160              -0.4364
32   H               -1.4294               4.3830               0.6116
33   H               -0.0234               3.5639               1.3147
34   H               -3.2305              -2.1223              -0.8611
35   H               -3.0792              -2.3656               0.8748
36   H               -4.5452              -1.6206               0.2244
37   H                2.1754              -3.0705              -0.4468
38   H                4.8088              -3.2618              -0.6021
39   H               10.2432              -0.0074              -0.6492
40   H                8.5272               1.7810              -0.4099
41   H                6.1494               1.2673              -0.3209


Energy:                -2548.714922 Convergence criteria  Is converged 
Maximum Force:             0.002260     0.002850  Yes
RMS Force:                 0.000776     0.001900  Yes
Maximum Displacement:      0.001806     0.003150  Yes
RMS Displacement:          0.000530     0.002100  Yes

LBFGS converged at iteration 12.
Final frame written to /home/hungn/Desktop/MyRepo/MLP/MAPLE/maple/function/dispatcher/parmfit/example/PPI_torsionfit_3-14_opt.xyz
Complete trajectory written to /home/hungn/Desktop/MyRepo/MLP/MAPLE/maple/function/dispatcher/parmfit/example/PPI_torsionfit_3-14_traj.xyz

----------------------------------------------------------------------
            Scanning combination 63/73: [669.83]

======================================================================
LBFGS Parameters
======================================================================
memory:     5
curvature:  70.0
max_step:   0.2
max_iter:   256
write_traj: False
traj_every: 1
verbose:    0
======================================================================


                             Coordinates                              
----------------------------------------------------------------------
0    C               -0.7373               1.0393               0.1788
1    C               -1.4208              -0.2026               0.0895
2    C               -2.7973              -0.3319               0.2464
3    C               -3.5124               0.8466               0.5183
4    C               -2.8293               2.0947               0.5889
5    C               -1.4542               2.2260               0.4142
6    C                0.6780               0.8750               0.0237
7    C                1.0667              -0.4143              -0.1763
8    S               -0.3005              -1.5074              -0.2205
9    C               -4.9303               1.0113               0.7307
10   C               -5.2943               2.2928               0.9402
11   S               -3.9550               3.3904               0.9017
12   C               -0.7391               3.5461               0.4820
13   C               -3.4563              -1.6769               0.1231
14   C                2.4196              -0.9219              -0.3081
15   C                2.8512              -2.2207              -0.4259
16   C                4.2582              -2.3329              -0.5091
17   C                4.9158              -1.1242              -0.4550
18   S                3.7646               0.1732              -0.3001
19   C                6.3512              -0.8501              -0.5072
20   C                7.3289              -1.9017              -0.6429
21   C                8.7400              -1.5786              -0.6929
22   C                9.1830              -0.2290              -0.6083
23   C                8.2324               0.7379              -0.4784
24   C                6.8445               0.4385              -0.4281
25   N                7.1132              -3.2123              -0.7351
26   S                8.5556              -3.9344              -0.8704
27   N                9.5305              -2.6441              -0.8205
28   H                1.3809               1.7007               0.0804
29   H               -5.6339               0.1858               0.7151
30   H               -6.2925               2.6754               1.1139
31   H               -0.1618               3.7199              -0.4344
32   H               -1.4314               4.3816               0.6139
33   H               -0.0266               3.5602               1.3167
34   H               -3.1361              -2.1722              -0.7997
35   H               -3.1671              -2.3355               0.9500
36   H               -4.5477              -1.6061               0.1124
37   H                2.1760              -3.0685              -0.4492
38   H                4.8095              -3.2611              -0.6064
39   H               10.2451              -0.0081              -0.6483
40   H                8.5293               1.7807              -0.4097
41   H                6.1513               1.2672              -0.3225


Energy:                -2548.715000 Convergence criteria  Is converged 
Maximum Force:             0.001845     0.002850  Yes
RMS Force:                 0.000820     0.001900  Yes
Maximum Displacement:      0.001253     0.003150  Yes
RMS Displacement:          0.000495     0.002100  Yes

LBFGS converged at iteration 18.
Final frame written to /home/hungn/Desktop/MyRepo/MLP/MAPLE/maple/function/dispatcher/parmfit/example/PPI_torsionfit_3-14_opt.xyz
Complete trajectory written to /home/hungn/Desktop/MyRepo/MLP/MAPLE/maple/function/dispatcher/parmfit/example/PPI_torsionfit_3-14_traj.xyz

----------------------------------------------------------------------
            Scanning combination 64/73: [674.83]

======================================================================
LBFGS Parameters
======================================================================
memory:     5
curvature:  70.0
max_step:   0.2
max_iter:   256
write_traj: False
traj_every: 1
verbose:    0
======================================================================


                             Coordinates                              
----------------------------------------------------------------------
0    C               -0.7368               1.0400               0.1774
1    C               -1.4205              -0.2009               0.0789
2    C               -2.7925              -0.3349               0.2626
3    C               -3.5115               0.8446               0.5198
4    C               -2.8299               2.0943               0.5860
5    C               -1.4543               2.2255               0.4157
6    C                0.6784               0.8745               0.0261
7    C                1.0672              -0.4147              -0.1744
8    S               -0.2994              -1.5085              -0.2162
9    C               -4.9306               1.0109               0.7283
10   C               -5.2945               2.2920               0.9399
11   S               -3.9549               3.3894               0.9027
12   C               -0.7395               3.5457               0.4833
13   C               -3.4520              -1.6790               0.1220
14   C                2.4199              -0.9215              -0.3092
15   C                2.8515              -2.2203              -0.4275
16   C                4.2585              -2.3326              -0.5102
17   C                4.9162              -1.1240              -0.4556
18   S                3.7649               0.1736              -0.3014
19   C                6.3517              -0.8500              -0.5073
20   C                7.3293              -1.9017              -0.6431
21   C                8.7404              -1.5787              -0.6929
22   C                9.1835              -0.2291              -0.6083
23   C                8.2329               0.7379              -0.4786
24   C                6.8450               0.4385              -0.4283
25   N                7.1135              -3.2123              -0.7355
26   S                8.5558              -3.9344              -0.8706
27   N                9.5309              -2.6443              -0.8204
28   H                1.3803               1.7009               0.0776
29   H               -5.6348               0.1855               0.7184
30   H               -6.2926               2.6740               1.1169
31   H               -0.1628               3.7190              -0.4337
32   H               -1.4315               4.3816               0.6144
33   H               -0.0262               3.5614               1.3172
34   H               -3.0923              -2.2007              -0.7698
35   H               -3.1884              -2.3185               0.9735
36   H               -4.5417              -1.6106               0.0810
37   H                2.1763              -3.0680              -0.4502
38   H                4.8097              -3.2609              -0.6067
39   H               10.2456              -0.0083              -0.6480
40   H                8.5298               1.7806              -0.4098
41   H                6.1519               1.2673              -0.3230


Energy:                -2548.714763 Convergence criteria  Is converged 
Maximum Force:             0.002799     0.002850  Yes
RMS Force:                 0.001094     0.001900  Yes
Maximum Displacement:      0.002515     0.003150  Yes
RMS Displacement:          0.000913     0.002100  Yes

LBFGS converged at iteration 13.
Final frame written to /home/hungn/Desktop/MyRepo/MLP/MAPLE/maple/function/dispatcher/parmfit/example/PPI_torsionfit_3-14_opt.xyz
Complete trajectory written to /home/hungn/Desktop/MyRepo/MLP/MAPLE/maple/function/dispatcher/parmfit/example/PPI_torsionfit_3-14_traj.xyz

----------------------------------------------------------------------
            Scanning combination 65/73: [679.83]

======================================================================
LBFGS Parameters
======================================================================
memory:     5
curvature:  70.0
max_step:   0.2
max_iter:   256
write_traj: False
traj_every: 1
verbose:    0
======================================================================


                             Coordinates                              
----------------------------------------------------------------------
0    C               -0.7354               1.0387               0.1768
1    C               -1.4186              -0.2029               0.0898
2    C               -2.7936              -0.3343               0.2476
3    C               -3.5110               0.8434               0.5238
4    C               -2.8287               2.0917               0.5925
5    C               -1.4541               2.2250               0.4158
6    C                0.6793               0.8762               0.0177
7    C                1.0691              -0.4134              -0.1804
8    S               -0.2970              -1.5087              -0.2164
9    C               -4.9281               1.0045               0.7406
10   C               -5.2935               2.2863               0.9479
11   S               -3.9564               3.3865               0.9028
12   C               -0.7405               3.5455               0.4837
13   C               -3.4528              -1.6802               0.1339
14   C                2.4224              -0.9203              -0.3118
15   C                2.8538              -2.2189              -0.4300
16   C                4.2605              -2.3316              -0.5131
17   C                4.9182              -1.1231              -0.4585
18   S                3.7674               0.1747              -0.3040
19   C                6.3537              -0.8496              -0.5092
20   C                7.3310              -1.9017              -0.6441
21   C                8.7422              -1.5791              -0.6930
22   C                9.1856              -0.2296              -0.6080
23   C                8.2353               0.7377              -0.4789
24   C                6.8473               0.4388              -0.4297
25   N                7.1148              -3.2121              -0.7368
26   S                8.5569              -3.9348              -0.8711
27   N                9.5324              -2.6449              -0.8202
28   H                1.3817               1.7023               0.0717
29   H               -5.6312               0.1784               0.7308
30   H               -6.2921               2.6680               1.1196
31   H               -0.1630               3.7209              -0.4325
32   H               -1.4335               4.3803               0.6165
33   H               -0.0283               3.5601               1.3186
34   H               -3.0037              -2.2531              -0.6842
35   H               -3.3047              -2.2734               1.0439
36   H               -4.5286              -1.5991              -0.0471
37   H                2.1782              -3.0666              -0.4546
38   H                4.8114              -3.2601              -0.6100
39   H               10.2478              -0.0092              -0.6472
40   H                8.5325               1.7803              -0.4101
41   H                6.1542               1.2678              -0.3247


Energy:                -2548.714854 Convergence criteria  Is converged 
Maximum Force:             0.002503     0.002850  Yes
RMS Force:                 0.001250     0.001900  Yes
Maximum Displacement:      0.002343     0.003150  Yes
RMS Displacement:          0.000683     0.002100  Yes

LBFGS converged at iteration 17.
Final frame written to /home/hungn/Desktop/MyRepo/MLP/MAPLE/maple/function/dispatcher/parmfit/example/PPI_torsionfit_3-14_opt.xyz
Complete trajectory written to /home/hungn/Desktop/MyRepo/MLP/MAPLE/maple/function/dispatcher/parmfit/example/PPI_torsionfit_3-14_traj.xyz

----------------------------------------------------------------------
            Scanning combination 66/73: [684.83]

======================================================================
LBFGS Parameters
======================================================================
memory:     5
curvature:  70.0
max_step:   0.2
max_iter:   256
write_traj: False
traj_every: 1
verbose:    0
======================================================================


                             Coordinates                              
----------------------------------------------------------------------
0    C               -0.7333               1.0369               0.1866
1    C               -1.4133              -0.2071               0.1007
2    C               -2.7911              -0.3357               0.2401
3    C               -3.5108               0.8422               0.5086
4    C               -2.8305               2.0903               0.5822
5    C               -1.4535               2.2224               0.4176
6    C                0.6807               0.8756               0.0213
7    C                1.0729              -0.4133              -0.1734
8    S               -0.2884              -1.5140              -0.1870
9    C               -4.9265               0.9997               0.7372
10   C               -5.2928               2.2792               0.9568
11   S               -3.9577               3.3817               0.9066
12   C               -0.7417               3.5440               0.4848
13   C               -3.4577              -1.6792               0.1379
14   C                2.4261              -0.9180              -0.3141
15   C                2.8572              -2.2169              -0.4348
16   C                4.2641              -2.3297              -0.5187
17   C                4.9218              -1.1214              -0.4636
18   S                3.7712               0.1768              -0.3094
19   C                6.3575              -0.8484              -0.5124
20   C                7.3343              -1.9012              -0.6460
21   C                8.7456              -1.5794              -0.6933
22   C                9.1898              -0.2303              -0.6078
23   C                8.2397               0.7379              -0.4795
24   C                6.8516               0.4396              -0.4319
25   N                7.1173              -3.2114              -0.7389
26   S                8.5591              -3.9350              -0.8719
27   N                9.5353              -2.6457              -0.8198
28   H                1.3803               1.7048               0.0592
29   H               -5.6244               0.1685               0.7402
30   H               -6.2914               2.6580               1.1371
31   H               -0.1649               3.7221              -0.4311
32   H               -1.4355               4.3781               0.6176
33   H               -0.0292               3.5599               1.3189
34   H               -2.9537              -2.3096              -0.6003
35   H               -3.4308              -2.2138               1.0960
36   H               -4.5067              -1.5855              -0.1552
37   H                2.1825              -3.0647              -0.4611
38   H                4.8152              -3.2581              -0.6154
39   H               10.2519              -0.0104              -0.6458
40   H                8.5375               1.7801              -0.4103
41   H                6.1588               1.2690              -0.3275


Energy:                -2548.714932 Convergence criteria  Is converged 
Maximum Force:             0.001267     0.002850  Yes
RMS Force:                 0.000698     0.001900  Yes
Maximum Displacement:      0.001807     0.003150  Yes
RMS Displacement:          0.000853     0.002100  Yes

LBFGS converged at iteration 21.
Final frame written to /home/hungn/Desktop/MyRepo/MLP/MAPLE/maple/function/dispatcher/parmfit/example/PPI_torsionfit_3-14_opt.xyz
Complete trajectory written to /home/hungn/Desktop/MyRepo/MLP/MAPLE/maple/function/dispatcher/parmfit/example/PPI_torsionfit_3-14_traj.xyz

----------------------------------------------------------------------
            Scanning combination 67/73: [689.83]

======================================================================
LBFGS Parameters
======================================================================
memory:     5
curvature:  70.0
max_step:   0.2
max_iter:   256
write_traj: False
traj_every: 1
verbose:    0
======================================================================


                             Coordinates                              
----------------------------------------------------------------------
0    C               -0.7337               1.0377               0.1770
1    C               -1.4141              -0.2068               0.0949
2    C               -2.7896              -0.3386               0.2546
3    C               -3.5082               0.8401               0.5244
4    C               -2.8288               2.0897               0.5894
5    C               -1.4534               2.2224               0.4141
6    C                0.6812               0.8758               0.0173
7    C                1.0742              -0.4134              -0.1728
8    S               -0.2874              -1.5134              -0.1930
9    C               -4.9252               0.9978               0.7441
10   C               -5.2929               2.2788               0.9558
11   S               -3.9586               3.3825               0.9034
12   C               -0.7418               3.5439               0.4840
13   C               -3.4597              -1.6813               0.1499
14   C                2.4275              -0.9180              -0.3112
15   C                2.8583              -2.2167              -0.4341
16   C                4.2648              -2.3293              -0.5199
17   C                4.9225              -1.1210              -0.4647
18   S                3.7721               0.1771              -0.3087
19   C                6.3581              -0.8482              -0.5132
20   C                7.3349              -1.9010              -0.6465
21   C                8.7464              -1.5794              -0.6934
22   C                9.1906              -0.2302              -0.6077
23   C                8.2406               0.7379              -0.4797
24   C                6.8524               0.4398              -0.4324
25   N                7.1178              -3.2112              -0.7394
26   S                8.5596              -3.9350              -0.8720
27   N                9.5360              -2.6458              -0.8197
28   H                1.3804               1.7051               0.0611
29   H               -5.6243               0.1677               0.7386
30   H               -6.2911               2.6569               1.1377
31   H               -0.1647               3.7228              -0.4312
32   H               -1.4357               4.3775               0.6180
33   H               -0.0299               3.5586               1.3187
34   H               -2.9176              -2.3373              -0.5367
35   H               -3.4786              -2.1916               1.1215
36   H               -4.4917              -1.5957              -0.2003
37   H                2.1832              -3.0641              -0.4617
38   H                4.8158              -3.2576              -0.6174
39   H               10.2529              -0.0106              -0.6455
40   H                8.5386               1.7802              -0.4104
41   H                6.1598               1.2693              -0.3282


Energy:                -2548.714856 Convergence criteria  Is converged 
Maximum Force:             0.002074     0.002850  Yes
RMS Force:                 0.000786     0.001900  Yes
Maximum Displacement:      0.002169     0.003150  Yes
RMS Displacement:          0.000709     0.002100  Yes

LBFGS converged at iteration 13.
Final frame written to /home/hungn/Desktop/MyRepo/MLP/MAPLE/maple/function/dispatcher/parmfit/example/PPI_torsionfit_3-14_opt.xyz
Complete trajectory written to /home/hungn/Desktop/MyRepo/MLP/MAPLE/maple/function/dispatcher/parmfit/example/PPI_torsionfit_3-14_traj.xyz

----------------------------------------------------------------------
            Scanning combination 68/73: [694.83]

======================================================================
LBFGS Parameters
======================================================================
memory:     5
curvature:  70.0
max_step:   0.2
max_iter:   256
write_traj: False
traj_every: 1
verbose:    0
======================================================================


                             Coordinates                              
----------------------------------------------------------------------
0    C               -0.7335               1.0334               0.1770
1    C               -1.4122              -0.2133               0.1006
2    C               -2.7886              -0.3437               0.2618
3    C               -3.5061               0.8362               0.5278
4    C               -2.8279               2.0855               0.5893
5    C               -1.4527               2.2188               0.4121
6    C                0.6822               0.8765               0.0174
7    C                1.0787              -0.4121              -0.1710
8    S               -0.2807              -1.5151              -0.1960
9    C               -4.9227               0.9919               0.7473
10   C               -5.2915               2.2729               0.9556
11   S               -3.9579               3.3774               0.9053
12   C               -0.7424               3.5413               0.4836
13   C               -3.4763              -1.6786               0.1685
14   C                2.4318              -0.9153              -0.3129
15   C                2.8614              -2.2140              -0.4380
16   C                4.2676              -2.3274              -0.5236
17   C                4.9260              -1.1196              -0.4651
18   S                3.7766               0.1792              -0.3074
19   C                6.3615              -0.8475              -0.5143
20   C                7.3378              -1.9005              -0.6484
21   C                8.7494              -1.5794              -0.6942
22   C                9.1939              -0.2303              -0.6081
23   C                8.2444               0.7380              -0.4808
24   C                6.8560               0.4405              -0.4342
25   N                7.1203              -3.2106              -0.7421
26   S                8.5619              -3.9349              -0.8726
27   N                9.5387              -2.6462              -0.8192
28   H                1.3781               1.7087               0.0573
29   H               -5.6194               0.1595               0.7490
30   H               -6.2889               2.6499               1.1428
31   H               -0.1668               3.7200              -0.4324
32   H               -1.4369               4.3745               0.6182
33   H               -0.0293               3.5588               1.3176
34   H               -2.8934              -2.3706              -0.4448
35   H               -3.6065              -2.1392               1.1565
36   H               -4.4728              -1.5795              -0.2739
37   H                2.1856              -3.0612              -0.4620
38   H                4.8180              -3.2558              -0.6226
39   H               10.2565              -0.0111              -0.6442
40   H                8.5427               1.7803              -0.4106
41   H                6.1635               1.2702              -0.3310


Energy:                -2548.714985 Convergence criteria  Is converged 
Maximum Force:             0.001626     0.002850  Yes
RMS Force:                 0.000715     0.001900  Yes
Maximum Displacement:      0.001070     0.003150  Yes
RMS Displacement:          0.000432     0.002100  Yes

LBFGS converged at iteration 16.
Final frame written to /home/hungn/Desktop/MyRepo/MLP/MAPLE/maple/function/dispatcher/parmfit/example/PPI_torsionfit_3-14_opt.xyz
Complete trajectory written to /home/hungn/Desktop/MyRepo/MLP/MAPLE/maple/function/dispatcher/parmfit/example/PPI_torsionfit_3-14_traj.xyz

----------------------------------------------------------------------
            Scanning combination 69/73: [699.83]

======================================================================
LBFGS Parameters
======================================================================
memory:     5
curvature:  70.0
max_step:   0.2
max_iter:   256
write_traj: False
traj_every: 1
verbose:    0
======================================================================


                             Coordinates                              
----------------------------------------------------------------------
0    C               -0.7354               1.0304               0.1808
1    C               -1.4141              -0.2171               0.1064
2    C               -2.7905              -0.3454               0.2639
3    C               -3.5073               0.8350               0.5332
4    C               -2.8289               2.0842               0.5932
5    C               -1.4535               2.2167               0.4154
6    C                0.6803               0.8742               0.0176
7    C                1.0783              -0.4135              -0.1692
8    S               -0.2801              -1.5186              -0.1882
9    C               -4.9228               0.9917               0.7558
10   C               -5.2925               2.2734               0.9615
11   S               -3.9591               3.3777               0.9041
12   C               -0.7424               3.5393               0.4824
13   C               -3.4841              -1.6778               0.1745
14   C                2.4327              -0.9157              -0.3128
15   C                2.8639              -2.2132              -0.4403
16   C                4.2702              -2.3255              -0.5268
17   C                4.9283              -1.1174              -0.4676
18   S                3.7771               0.1803              -0.3082
19   C                6.3645              -0.8458              -0.5165
20   C                7.3407              -1.8996              -0.6497
21   C                8.7527              -1.5792              -0.6944
22   C                9.1982              -0.2306              -0.6078
23   C                8.2488               0.7383              -0.4815
24   C                6.8601               0.4415              -0.4362
25   N                7.1230              -3.2096              -0.7437
26   S                8.5644              -3.9345              -0.8739
27   N                9.5417              -2.6461              -0.8194
28   H                1.3765               1.7066               0.0557
29   H               -5.6192               0.1595               0.7562
30   H               -6.2904               2.6497               1.1473
31   H               -0.1679               3.7169              -0.4351
32   H               -1.4371               4.3723               0.6175
33   H               -0.0281               3.5567               1.3155
34   H               -2.8682              -2.4067              -0.3582
35   H               -3.6994              -2.0888               1.1690
36   H               -4.4412              -1.5864              -0.3503
37   H                2.1880              -3.0609              -0.4668
38   H                4.8212              -3.2536              -0.6273
39   H               10.2607              -0.0118              -0.6434
40   H                8.5476               1.7802              -0.4116
41   H                6.1681               1.2717              -0.3334


Energy:                -2548.715078 Convergence criteria  Is converged 
Maximum Force:             0.001682     0.002850  Yes
RMS Force:                 0.000783     0.001900  Yes
Maximum Displacement:      0.001448     0.003150  Yes
RMS Displacement:          0.000561     0.002100  Yes

LBFGS converged at iteration 15.
Final frame written to /home/hungn/Desktop/MyRepo/MLP/MAPLE/maple/function/dispatcher/parmfit/example/PPI_torsionfit_3-14_opt.xyz
Complete trajectory written to /home/hungn/Desktop/MyRepo/MLP/MAPLE/maple/function/dispatcher/parmfit/example/PPI_torsionfit_3-14_traj.xyz

----------------------------------------------------------------------
            Scanning combination 70/73: [704.83]

======================================================================
LBFGS Parameters
======================================================================
memory:     5
curvature:  70.0
max_step:   0.2
max_iter:   256
write_traj: False
traj_every: 1
verbose:    0
======================================================================


                             Coordinates                              
----------------------------------------------------------------------
0    C               -0.7345               1.0274               0.1897
1    C               -1.4132              -0.2198               0.1135
2    C               -2.7895              -0.3466               0.2675
3    C               -3.5079               0.8350               0.5296
4    C               -2.8296               2.0836               0.5897
5    C               -1.4533               2.2148               0.4190
6    C                0.6799               0.8731               0.0201
7    C                1.0787              -0.4138              -0.1731
8    S               -0.2788              -1.5201              -0.1873
9    C               -4.9221               0.9902               0.7592
10   C               -5.2919               2.2716               0.9685
11   S               -3.9583               3.3761               0.9090
12   C               -0.7421               3.5372               0.4819
13   C               -3.4876              -1.6772               0.1859
14   C                2.4336              -0.9148              -0.3158
15   C                2.8655              -2.2126              -0.4417
16   C                4.2720              -2.3245              -0.5285
17   C                4.9297              -1.1165              -0.4686
18   S                3.7784               0.1808              -0.3059
19   C                6.3660              -0.8448              -0.5184
20   C                7.3419              -1.8988              -0.6510
21   C                8.7539              -1.5790              -0.6947
22   C                9.1996              -0.2304              -0.6077
23   C                8.2507               0.7387              -0.4820
24   C                6.8618               0.4426              -0.4377
25   N                7.1236              -3.2088              -0.7452
26   S                8.5649              -3.9342              -0.8745
27   N                9.5426              -2.6463              -0.8194
28   H                1.3745               1.7065               0.0533
29   H               -5.6144               0.1545               0.7685
30   H               -6.2904               2.6495               1.1482
31   H               -0.1695               3.7153              -0.4367
32   H               -1.4371               4.3702               0.6156
33   H               -0.0264               3.5554               1.3135
34   H               -2.8433              -2.4388              -0.2601
35   H               -3.7910              -2.0378               1.1769
36   H               -4.3973              -1.6011              -0.4193
37   H                2.1902              -3.0603              -0.4688
38   H                4.8231              -3.2524              -0.6322
39   H               10.2624              -0.0121              -0.6429
40   H                8.5497               1.7807              -0.4120
41   H                6.1700               1.2729              -0.3352


Energy:                -2548.715184 Convergence criteria  Is converged 
Maximum Force:             0.001298     0.002850  Yes
RMS Force:                 0.000665     0.001900  Yes
Maximum Displacement:      0.001469     0.003150  Yes
RMS Displacement:          0.000464     0.002100  Yes

LBFGS converged at iteration 19.
Final frame written to /home/hungn/Desktop/MyRepo/MLP/MAPLE/maple/function/dispatcher/parmfit/example/PPI_torsionfit_3-14_opt.xyz
Complete trajectory written to /home/hungn/Desktop/MyRepo/MLP/MAPLE/maple/function/dispatcher/parmfit/example/PPI_torsionfit_3-14_traj.xyz

----------------------------------------------------------------------
            Scanning combination 71/73: [709.83]

======================================================================
LBFGS Parameters
======================================================================
memory:     5
curvature:  70.0
max_step:   0.2
max_iter:   256
write_traj: False
traj_every: 1
verbose:    0
======================================================================


                             Coordinates                              
----------------------------------------------------------------------
0    C               -0.7352               1.0288               0.1813
1    C               -1.4139              -0.2191               0.1065
2    C               -2.7872              -0.3497               0.2870
3    C               -3.5055               0.8336               0.5451
4    C               -2.8284               2.0836               0.5950
5    C               -1.4532               2.2148               0.4165
6    C                0.6802               0.8734               0.0166
7    C                1.0790              -0.4133              -0.1753
8    S               -0.2793              -1.5187              -0.1975
9    C               -4.9212               0.9893               0.7657
10   C               -5.2917               2.2713               0.9675
11   S               -3.9588               3.3767               0.9073
12   C               -0.7421               3.5374               0.4818
13   C               -3.4900              -1.6790               0.2030
14   C                2.4339              -0.9148              -0.3154
15   C                2.8656              -2.2126              -0.4411
16   C                4.2720              -2.3246              -0.5282
17   C                4.9298              -1.1165              -0.4687
18   S                3.7787               0.1808              -0.3054
19   C                6.3659              -0.8448              -0.5186
20   C                7.3419              -1.8988              -0.6511
21   C                8.7540              -1.5790              -0.6947
22   C                9.1997              -0.2305              -0.6076
23   C                8.2506               0.7388              -0.4820
24   C                6.8617               0.4425              -0.4378
25   N                7.1237              -3.2088              -0.7451
26   S                8.5649              -3.9343              -0.8745
27   N                9.5426              -2.6463              -0.8194
28   H                1.3749               1.7068               0.0548
29   H               -5.6143               0.1538               0.7689
30   H               -6.2905               2.6497               1.1464
31   H               -0.1695               3.7158              -0.4364
32   H               -1.4371               4.3702               0.6156
33   H               -0.0265               3.5550               1.3136
34   H               -2.8304              -2.4597              -0.1846
35   H               -3.8400              -2.0062               1.1912
36   H               -4.3679              -1.6213              -0.4493
37   H                2.1903              -3.0602              -0.4687
38   H                4.8231              -3.2524              -0.6324
39   H               10.2623              -0.0121              -0.6429
40   H                8.5497               1.7807              -0.4121
41   H                6.1700               1.2729              -0.3351


Energy:                -2548.715187 Convergence criteria  Is converged 
Maximum Force:             0.001599     0.002850  Yes
RMS Force:                 0.000709     0.001900  Yes
Maximum Displacement:      0.002475     0.003150  Yes
RMS Displacement:          0.000735     0.002100  Yes

LBFGS converged at iteration 12.
Final frame written to /home/hungn/Desktop/MyRepo/MLP/MAPLE/maple/function/dispatcher/parmfit/example/PPI_torsionfit_3-14_opt.xyz
Complete trajectory written to /home/hungn/Desktop/MyRepo/MLP/MAPLE/maple/function/dispatcher/parmfit/example/PPI_torsionfit_3-14_traj.xyz

----------------------------------------------------------------------
            Scanning combination 72/73: [714.83]

======================================================================
LBFGS Parameters
======================================================================
memory:     5
curvature:  70.0
max_step:   0.2
max_iter:   256
write_traj: False
traj_every: 1
verbose:    0
======================================================================


                             Coordinates                              
----------------------------------------------------------------------
0    C               -0.7326               1.0270               0.1887
1    C               -1.4104              -0.2213               0.1157
2    C               -2.7852              -0.3514               0.2840
3    C               -3.5044               0.8309               0.5435
4    C               -2.8278               2.0809               0.5973
5    C               -1.4522               2.2127               0.4211
6    C                0.6826               0.8739               0.0180
7    C                1.0820              -0.4131              -0.1731
8    S               -0.2749              -1.5199              -0.1897
9    C               -4.9190               0.9847               0.7702
10   C               -5.2908               2.2666               0.9711
11   S               -3.9598               3.3741               0.9063
12   C               -0.7418               3.5356               0.4814
13   C               -3.4828              -1.6830               0.2083
14   C                2.4364              -0.9143              -0.3173
15   C                2.8678              -2.2121              -0.4459
16   C                4.2742              -2.3235              -0.5325
17   C                4.9317              -1.1153              -0.4713
18   S                3.7805               0.1818              -0.3090
19   C                6.3678              -0.8437              -0.5195
20   C                7.3434              -1.8980              -0.6518
21   C                8.7554              -1.5786              -0.6949
22   C                9.2015              -0.2302              -0.6077
23   C                8.2527               0.7393              -0.4826
24   C                6.8637               0.4436              -0.4388
25   N                7.1247              -3.2079              -0.7465
26   S                8.5658              -3.9337              -0.8756
27   N                9.5438              -2.6460              -0.8196
28   H                1.3771               1.7078               0.0521
29   H               -5.6107               0.1482               0.7765
30   H               -6.2892               2.6437               1.1543
31   H               -0.1715               3.7108              -0.4393
32   H               -1.4378               4.3677               0.6157
33   H               -0.0246               3.5551               1.3119
34   H               -2.7904              -2.4783              -0.0794
35   H               -3.9243              -1.9560               1.1756
36   H               -4.2969              -1.6543              -0.5269
37   H                2.1919              -3.0592              -0.4745
38   H                4.8254              -3.2512              -0.6350
39   H               10.2643              -0.0122              -0.6424
40   H                8.5521               1.7811              -0.4130
41   H                6.1722               1.2742              -0.3371


Energy:                -2548.715295 Convergence criteria  Is converged 
Maximum Force:             0.000938     0.002850  Yes
RMS Force:                 0.000452     0.001900  Yes
Maximum Displacement:      0.001172     0.003150  Yes
RMS Displacement:          0.000408     0.002100  Yes

LBFGS converged at iteration 17.
Final frame written to /home/hungn/Desktop/MyRepo/MLP/MAPLE/maple/function/dispatcher/parmfit/example/PPI_torsionfit_3-14_opt.xyz
Complete trajectory written to /home/hungn/Desktop/MyRepo/MLP/MAPLE/maple/function/dispatcher/parmfit/example/PPI_torsionfit_3-14_traj.xyz

----------------------------------------------------------------------
            Scanning combination 73/73: [719.83]

======================================================================
LBFGS Parameters
======================================================================
memory:     5
curvature:  70.0
max_step:   0.2
max_iter:   256
write_traj: False
traj_every: 1
verbose:    0
======================================================================


                             Coordinates                              
----------------------------------------------------------------------
0    C               -0.7338               1.0282               0.1798
1    C               -1.4121              -0.2192               0.1039
2    C               -2.7823              -0.3532               0.3055
3    C               -3.5025               0.8301               0.5587
4    C               -2.8272               2.0806               0.6026
5    C               -1.4524               2.2133               0.4202
6    C                0.6821               0.8748               0.0142
7    C                1.0813              -0.4125              -0.1766
8    S               -0.2765              -1.5179              -0.2017
9    C               -4.9182               0.9842               0.7764
10   C               -5.2912               2.2674               0.9706
11   S               -3.9601               3.3748               0.9039
12   C               -0.7419               3.5355               0.4814
13   C               -3.4828              -1.6826               0.2196
14   C                2.4359              -0.9145              -0.3168
15   C                2.8673              -2.2124              -0.4449
16   C                4.2738              -2.3239              -0.5316
17   C                4.9313              -1.1156              -0.4709
18   S                3.7801               0.1814              -0.3085
19   C                6.3673              -0.8439              -0.5193
20   C                7.3429              -1.8981              -0.6514
21   C                8.7549              -1.5787              -0.6946
22   C                9.2010              -0.2302              -0.6075
23   C                8.2522               0.7392              -0.4824
24   C                6.8633               0.4435              -0.4385
25   N                7.1242              -3.2080              -0.7461
26   S                8.5653              -3.9337              -0.8756
27   N                9.5433              -2.6461              -0.8197
28   H                1.3775               1.7076               0.0533
29   H               -5.6105               0.1484               0.7780
30   H               -6.2898               2.6446               1.1514
31   H               -0.1713               3.7107              -0.4390
32   H               -1.4381               4.3673               0.6158
33   H               -0.0251               3.5544               1.3124
34   H               -2.7824              -2.4876              -0.0176
35   H               -3.9544              -1.9352               1.1790
36   H               -4.2710              -1.6717              -0.5437
37   H                2.1914              -3.0595              -0.4739
38   H                4.8252              -3.2515              -0.6341
39   H               10.2637              -0.0122              -0.6426
40   H                8.5516               1.7811              -0.4130
41   H                6.1717               1.2741              -0.3367


Energy:                -2548.715155 Convergence criteria  Is converged 
Maximum Force:             0.002055     0.002850  Yes
RMS Force:                 0.000864     0.001900  Yes
Maximum Displacement:      0.002347     0.003150  Yes
RMS Displacement:          0.000937     0.002100  Yes

LBFGS converged at iteration 11.
Final frame written to /home/hungn/Desktop/MyRepo/MLP/MAPLE/maple/function/dispatcher/parmfit/example/PPI_torsionfit_3-14_opt.xyz
Complete trajectory written to /home/hungn/Desktop/MyRepo/MLP/MAPLE/maple/function/dispatcher/parmfit/example/PPI_torsionfit_3-14_traj.xyz

======================================================================
Scan completed! Total points: 73Results saved to: /home/hungn/Desktop/MyRepo/MLP/MAPLE/maple/function/dispatcher/parmfit/example/PPI_torsionfit_3-14_scan_final.xyz
Energy range: -2548.715304 to -2548.714443 eV
