
**********************************************************************
*                                                                    *
*                        M   A   P   L   E                           *
*                                                                    *
*      MAchine-learning Potential for Landscape Exploration          *
*                                                                    *
*                                                                    *
*      © 2025 University of Pittsburgh. All rights reserved.         *
*      Licensed under CC BY 4.0 for academic use.                    *
*                                                                    *
*      Principal Developer:  Xujian Wang                             *
*                                                                    *
**********************************************************************


Parsing # commands...
Global parameter: model = uma
Task set to 'opt'
Global parameter: device = gpu0
Parsed configuration:
----------------------------------------
Task: opt
model          : uma
method         : sd
device         : gpu0

                             Coordinates                              
**********************************************************************

Group 1 (inline)
--------------------
1    C             -0.778126            -1.067561             0.321059
2    C              1.302553             0.052120            -0.028299
3    C             -0.971993             1.456249             0.823657
4    C              1.981229            -0.418433             1.250175
5    C              2.264033             0.435168            -1.133107
6    N              0.291164            -0.876821            -0.500399
7    N             -2.019163            -1.372006            -0.233112
8    O             -1.664734             1.630223            -0.401837
9    H             -2.258632             0.870139            -0.475899
10   H              0.027849            -0.678312            -1.458495
11   H             -0.609759            -1.367856             1.341178
12   H              0.681264             0.918300             0.286941
13   H             -2.573263            -2.057361             0.257412
14   H             -2.052428            -1.504542            -1.233823
15   H             -0.368993             2.351392             0.991747
16   H             -1.639609             1.294215             1.674653
17   H              2.764449             0.291462             1.522846
18   H              1.725114             0.730695            -2.037794
19   H              2.435593            -1.406098             1.134215
20   H              1.273005            -0.447224             2.080579
21   H              2.850345             1.298697            -0.814322
22   H              2.960009            -0.368806            -1.388910

======================================================================
SDCG Parameters
======================================================================
mode:              SD only
max_step:          0.2
max_iter:          256
sd_enabled:        True
cg_enabled:        False
sd_max_iter:       50
cg_switch_fmax:    0.0
cg_restart_thresh: 0.2
cg_beta_method:    prp+
diis_enabled:      True
diis_store_every:  5
diis_memory:       6
write_traj:        False
traj_every:        1
verbose:           1
======================================================================


----------------------------------------------------------------------
                          Iteration: 1 [SD]                           


                             Coordinates                              
----------------------------------------------------------------------
0    C               -0.7788              -1.0578               0.3220
1    C                1.3046               0.0514              -0.0285
2    C               -0.9796               1.4494               0.8249
3    C                1.9817              -0.4190               1.2489
4    C                2.2650               0.4341              -1.1335
5    N                0.2922              -0.8786              -0.5009
6    N               -2.0170              -1.3711              -0.2321
7    O               -1.6648               1.6300              -0.4014
8    H               -2.2584               0.8708              -0.4762
9    H                0.0276              -0.6779              -1.4580
10   H               -0.6097              -1.3683               1.3410
11   H                0.6825               0.9184               0.2859
12   H               -2.5728              -2.0567               0.2575
13   H               -2.0518              -1.5045              -1.2335
14   H               -0.3685               2.3500               0.9916
15   H               -1.6403               1.2956               1.6743
16   H                2.7643               0.2912               1.5228
17   H                1.7252               0.7306              -2.0375
18   H                2.4355              -1.4060               1.1342
19   H                1.2729              -0.4474               2.0803
20   H                2.8504               1.2983              -0.8144
21   H                2.9598              -0.3688              -1.3889


Energy:                 -383.529243 Convergence criteria  Is converged 
Maximum Force:             0.047339     0.002850  No
RMS Force:                 0.014253     0.001900  No
Maximum Displacement:      0.009717     0.003150  No
RMS Displacement:          0.003254     0.002100  No

----------------------------------------------------------------------
                          Iteration: 2 [SD]                           


                             Coordinates                              
----------------------------------------------------------------------
0    C               -0.7795              -1.0484               0.3238
1    C                1.3061               0.0510              -0.0289
2    C               -0.9843               1.4442               0.8253
3    C                1.9821              -0.4194               1.2482
4    C                2.2658               0.4335              -1.1339
5    N                0.2934              -0.8801              -0.5012
6    N               -2.0154              -1.3702              -0.2316
7    O               -1.6652               1.6298              -0.4011
8    H               -2.2584               0.8712              -0.4768
9    H                0.0273              -0.6776              -1.4577
10   H               -0.6096              -1.3685               1.3404
11   H                0.6841               0.9182               0.2848
12   H               -2.5722              -2.0558               0.2577
13   H               -2.0510              -1.5043              -1.2329
14   H               -0.3690               2.3468               0.9913
15   H               -1.6422               1.2967               1.6750
16   H                2.7642               0.2909               1.5227
17   H                1.7253               0.7304              -2.0372
18   H                2.4355              -1.4061               1.1341
19   H                1.2730              -0.4476               2.0798
20   H                2.8504               1.2980              -0.8144
21   H                2.9598              -0.3690              -1.3890


Energy:                 -383.530119 Convergence criteria  Is converged 
Maximum Force:             0.046188     0.002850  No
RMS Force:                 0.013806     0.001900  No
Maximum Displacement:      0.009468     0.003150  No
RMS Displacement:          0.002851     0.002100  No

----------------------------------------------------------------------
                          Iteration: 3 [SD]                           


                             Coordinates                              
----------------------------------------------------------------------
0    C               -0.7803              -1.0391               0.3257
1    C                1.3072               0.0506              -0.0294
2    C               -0.9879               1.4395               0.8254
3    C                1.9825              -0.4197               1.2476
4    C                2.2665               0.4330              -1.1343
5    N                0.2946              -0.8813              -0.5013
6    N               -2.0140              -1.3693              -0.2311
7    O               -1.6659               1.6296              -0.4007
8    H               -2.2588               0.8714              -0.4776
9    H                0.0271              -0.6771              -1.4573
10   H               -0.6096              -1.3686               1.3398
11   H                0.6858               0.9179               0.2836
12   H               -2.5713              -2.0548               0.2579
13   H               -2.0501              -1.5040              -1.2322
14   H               -0.3697               2.3428               0.9910
15   H               -1.6447               1.2977               1.6760
16   H                2.7642               0.2907               1.5226
17   H                1.7254               0.7302              -2.0370
18   H                2.4355              -1.4062               1.1341
19   H                1.2731              -0.4478               2.0793
20   H                2.8505               1.2976              -0.8145
21   H                2.9599              -0.3694              -1.3892


Energy:                 -383.530952 Convergence criteria  Is converged 
Maximum Force:             0.045056     0.002850  No
RMS Force:                 0.013675     0.001900  No
Maximum Displacement:      0.009238     0.003150  No
RMS Displacement:          0.002761     0.002100  No

----------------------------------------------------------------------
                          Iteration: 4 [SD]                           


                             Coordinates                              
----------------------------------------------------------------------
0    C               -0.7810              -1.0301               0.3277
1    C                1.3081               0.0504              -0.0299
2    C               -0.9909               1.4350               0.8253
3    C                1.9828              -0.4200               1.2472
4    C                2.2672               0.4327              -1.1346
5    N                0.2957              -0.8823              -0.5013
6    N               -2.0128              -1.3682              -0.2306
7    O               -1.6666               1.6295              -0.4004
8    H               -2.2593               0.8715              -0.4786
9    H                0.0269              -0.6767              -1.4569
10   H               -0.6095              -1.3685               1.3391
11   H                0.6876               0.9176               0.2824
12   H               -2.5704              -2.0537               0.2582
13   H               -2.0492              -1.5037              -1.2315
14   H               -0.3706               2.3384               0.9906
15   H               -1.6473               1.2985               1.6771
16   H                2.7641               0.2904               1.5225
17   H                1.7255               0.7300              -2.0368
18   H                2.4356              -1.4065               1.1340
19   H                1.2732              -0.4480               2.0787
20   H                2.8507               1.2972              -0.8146
21   H                2.9601              -0.3698              -1.3894


Energy:                 -383.531773 Convergence criteria  Is converged 
Maximum Force:             0.043947     0.002850  No
RMS Force:                 0.013622     0.001900  No
Maximum Displacement:      0.009011     0.003150  No
RMS Displacement:          0.002735     0.002100  No

----------------------------------------------------------------------
                          Iteration: 5 [SD]                           


                             Coordinates                              
----------------------------------------------------------------------
0    C               -0.7818              -1.0213               0.3298
1    C                1.3090               0.0501              -0.0304
2    C               -0.9937               1.4305               0.8253
3    C                1.9831              -0.4203               1.2469
4    C                2.2678               0.4323              -1.1349
5    N                0.2967              -0.8831              -0.5013
6    N               -2.0118              -1.3669              -0.2301
7    O               -1.6675               1.6295              -0.4000
8    H               -2.2599               0.8716              -0.4796
9    H                0.0267              -0.6763              -1.4565
10   H               -0.6095              -1.3684               1.3385
11   H                0.6895               0.9174               0.2811
12   H               -2.5694              -2.0525               0.2585
13   H               -2.0481              -1.5034              -1.2309
14   H               -0.3714               2.3336               0.9903
15   H               -1.6500               1.2993               1.6782
16   H                2.7642               0.2902               1.5224
17   H                1.7257               0.7298              -2.0366
18   H                2.4357              -1.4068               1.1339
19   H                1.2733              -0.4482               2.0780
20   H                2.8509               1.2969              -0.8147
21   H                2.9604              -0.3703              -1.3896


Energy:                 -383.532589 Convergence criteria  Is converged 
Maximum Force:             0.042870     0.002850  No
RMS Force:                 0.013599     0.001900  No
Maximum Displacement:      0.008789     0.003150  No
RMS Displacement:          0.002724     0.002100  No

----------------------------------------------------------------------
                          Iteration: 6 [SD]                           


                             Coordinates                              
----------------------------------------------------------------------
0    C               -0.7826              -1.0128               0.3318
1    C                1.3098               0.0499              -0.0309
2    C               -0.9964               1.4260               0.8251
3    C                1.9835              -0.4205               1.2465
4    C                2.2685               0.4320              -1.1352
5    N                0.2976              -0.8838              -0.5011
6    N               -2.0108              -1.3655              -0.2296
7    O               -1.6685               1.6294              -0.3997
8    H               -2.2607               0.8716              -0.4807
9    H                0.0266              -0.6759              -1.4561
10   H               -0.6095              -1.3681               1.3379
11   H                0.6915               0.9171               0.2798
12   H               -2.5683              -2.0514               0.2589
13   H               -2.0470              -1.5030              -1.2302
14   H               -0.3721               2.3286               0.9900
15   H               -1.6528               1.3001               1.6792
16   H                2.7642               0.2900               1.5224
17   H                1.7258               0.7296              -2.0364
18   H                2.4359              -1.4071               1.1338
19   H                1.2734              -0.4484               2.0774
20   H                2.8511               1.2966              -0.8148
21   H                2.9607              -0.3708              -1.3898


Energy:                 -383.533402 Convergence criteria  Is converged 
Maximum Force:             0.041832     0.002850  No
RMS Force:                 0.013595     0.001900  No
Maximum Displacement:      0.008574     0.003150  No
RMS Displacement:          0.002720     0.002100  No

----------------------------------------------------------------------
                          Iteration: 7 [SD]                           


                             Coordinates                              
----------------------------------------------------------------------
0    C               -0.7835              -1.0044               0.3338
1    C                1.3105               0.0497              -0.0314
2    C               -0.9991               1.4214               0.8250
3    C                1.9838              -0.4208               1.2462
4    C                2.2691               0.4317              -1.1355
5    N                0.2985              -0.8844              -0.5010
6    N               -2.0100              -1.3639              -0.2291
7    O               -1.6696               1.6293              -0.3992
8    H               -2.2615               0.8716              -0.4820
9    H                0.0265              -0.6755              -1.4556
10   H               -0.6095              -1.3677               1.3373
11   H                0.6936               0.9170               0.2785
12   H               -2.5672              -2.0501               0.2593
13   H               -2.0459              -1.5026              -1.2295
14   H               -0.3727               2.3233               0.9897
15   H               -1.6555               1.3007               1.6801
16   H                2.7643               0.2897               1.5223
17   H                1.7259               0.7294              -2.0363
18   H                2.4360              -1.4073               1.1337
19   H                1.2735              -0.4486               2.0768
20   H                2.8514               1.2963              -0.8149
21   H                2.9610              -0.3713              -1.3901


Energy:                 -383.534216 Convergence criteria  Is converged 
Maximum Force:             0.040846     0.002850  No
RMS Force:                 0.013605     0.001900  No
Maximum Displacement:      0.008366     0.003150  No
RMS Displacement:          0.002719     0.002100  No

----------------------------------------------------------------------
                          Iteration: 8 [SD]                           


                             Coordinates                              
----------------------------------------------------------------------
0    C               -0.7843              -0.9962               0.3358
1    C                1.3113               0.0495              -0.0318
2    C               -1.0018               1.4169               0.8248
3    C                1.9842              -0.4210               1.2459
4    C                2.2698               0.4314              -1.1358
5    N                0.2992              -0.8849              -0.5007
6    N               -2.0092              -1.3622              -0.2285
7    O               -1.6707               1.6292              -0.3988
8    H               -2.2625               0.8716              -0.4833
9    H                0.0265              -0.6750              -1.4551
10   H               -0.6095              -1.3672               1.3368
11   H                0.6958               0.9168               0.2772
12   H               -2.5660              -2.0488               0.2598
13   H               -2.0447              -1.5022              -1.2288
14   H               -0.3733               2.3179               0.9895
15   H               -1.6583               1.3012               1.6810
16   H                2.7645               0.2895               1.5223
17   H                1.7261               0.7292              -2.0362
18   H                2.4362              -1.4077               1.1336
19   H                1.2736              -0.4489               2.0763
20   H                2.8518               1.2961              -0.8150
21   H                2.9613              -0.3717              -1.3904


Energy:                 -383.535030 Convergence criteria  Is converged 
Maximum Force:             0.039920     0.002850  No
RMS Force:                 0.013630     0.001900  No
Maximum Displacement:      0.008169     0.003150  No
RMS Displacement:          0.002721     0.002100  No

----------------------------------------------------------------------
                          Iteration: 9 [SD]                           


                             Coordinates                              
----------------------------------------------------------------------
0    C               -0.7852              -0.9882               0.3378
1    C                1.3120               0.0493              -0.0323
2    C               -1.0046               1.4124               0.8246
3    C                1.9846              -0.4212               1.2456
4    C                2.2704               0.4311              -1.1361
5    N                0.2999              -0.8853              -0.5004
6    N               -2.0086              -1.3603              -0.2280
7    O               -1.6720               1.6291              -0.3983
8    H               -2.2635               0.8715              -0.4847
9    H                0.0264              -0.6746              -1.4546
10   H               -0.6095              -1.3665               1.3363
11   H                0.6981               0.9168               0.2759
12   H               -2.5647              -2.0475               0.2603
13   H               -2.0434              -1.5017              -1.2281
14   H               -0.3738               2.3123               0.9892
15   H               -1.6611               1.3017               1.6818
16   H                2.7646               0.2893               1.5223
17   H                1.7263               0.7290              -2.0361
18   H                2.4363              -1.4080               1.1334
19   H                1.2737              -0.4491               2.0757
20   H                2.8522               1.2958              -0.8151
21   H                2.9616              -0.3722              -1.3907


Energy:                 -383.535849 Convergence criteria  Is converged 
Maximum Force:             0.039064     0.002850  No
RMS Force:                 0.013670     0.001900  No
Maximum Displacement:      0.007984     0.003150  No
RMS Displacement:          0.002726     0.002100  No

----------------------------------------------------------------------
                          Iteration: 10 [SD]                          


                             Coordinates                              
----------------------------------------------------------------------
0    C               -0.7860              -0.9804               0.3397
1    C                1.3128               0.0492              -0.0327
2    C               -1.0073               1.4078               0.8244
3    C                1.9850              -0.4214               1.2454
4    C                2.2711               0.4308              -1.1364
5    N                0.3005              -0.8856              -0.5001
6    N               -2.0081              -1.3582              -0.2274
7    O               -1.6732               1.6289              -0.3978
8    H               -2.2646               0.8715              -0.4861
9    H                0.0264              -0.6741              -1.4540
10   H               -0.6095              -1.3658               1.3358
11   H                0.7004               0.9168               0.2745
12   H               -2.5634              -2.0462               0.2608
13   H               -2.0420              -1.5013              -1.2273
14   H               -0.3742               2.3065               0.9890
15   H               -1.6639               1.3020               1.6825
16   H                2.7648               0.2891               1.5223
17   H                1.7264               0.7288              -2.0361
18   H                2.4365              -1.4083               1.1333
19   H                1.2738              -0.4493               2.0751
20   H                2.8526               1.2955              -0.8153
21   H                2.9620              -0.3727              -1.3910


Energy:                 -383.536673 Convergence criteria  Is converged 
Maximum Force:             0.038286     0.002850  No
RMS Force:                 0.013727     0.001900  No
Maximum Displacement:      0.007813     0.003150  No
RMS Displacement:          0.002734     0.002100  No

----------------------------------------------------------------------
                          Iteration: 11 [SD]                          


                             Coordinates                              
----------------------------------------------------------------------
0    C               -0.7869              -0.9728               0.3417
1    C                1.3135               0.0491              -0.0332
2    C               -1.0101               1.4032               0.8242
3    C                1.9854              -0.4216               1.2451
4    C                2.2717               0.4305              -1.1367
5    N                0.3011              -0.8858              -0.4998
6    N               -2.0077              -1.3561              -0.2269
7    O               -1.6745               1.6287              -0.3973
8    H               -2.2657               0.8714              -0.4877
9    H                0.0264              -0.6737              -1.4535
10   H               -0.6096              -1.3650               1.3353
11   H                0.7028               0.9169               0.2731
12   H               -2.5621              -2.0448               0.2614
13   H               -2.0407              -1.5008              -1.2266
14   H               -0.3745               2.3006               0.9888
15   H               -1.6667               1.3023               1.6831
16   H                2.7650               0.2890               1.5223
17   H                1.7266               0.7286              -2.0360
18   H                2.4366              -1.4086               1.1332
19   H                1.2739              -0.4496               2.0745
20   H                2.8530               1.2953              -0.8154
21   H                2.9623              -0.3732              -1.3913


Energy:                 -383.537504 Convergence criteria  Is converged 
Maximum Force:             0.037591     0.002850  No
RMS Force:                 0.013800     0.001900  No
Maximum Displacement:      0.007657     0.003150  No
RMS Displacement:          0.002745     0.002100  No

----------------------------------------------------------------------
                          Iteration: 12 [SD]                          


                             Coordinates                              
----------------------------------------------------------------------
0    C               -0.7877              -0.9653               0.3436
1    C                1.3143               0.0490              -0.0336
2    C               -1.0129               1.3986               0.8239
3    C                1.9858              -0.4218               1.2448
4    C                2.2724               0.4303              -1.1370
5    N                0.3016              -0.8860              -0.4994
6    N               -2.0074              -1.3537              -0.2263
7    O               -1.6759               1.6285              -0.3968
8    H               -2.2670               0.8713              -0.4892
9    H                0.0265              -0.6733              -1.4529
10   H               -0.6097              -1.3641               1.3349
11   H                0.7053               0.9171               0.2718
12   H               -2.5607              -2.0434               0.2620
13   H               -2.0392              -1.5003              -1.2258
14   H               -0.3748               2.2946               0.9885
15   H               -1.6695               1.3024               1.6837
16   H                2.7653               0.2888               1.5223
17   H                1.7268               0.7284              -2.0360
18   H                2.4368              -1.4089               1.1330
19   H                1.2740              -0.4498               2.0740
20   H                2.8535               1.2951              -0.8156
21   H                2.9627              -0.3737              -1.3916


Energy:                 -383.538344 Convergence criteria  Is converged 
Maximum Force:             0.036984     0.002850  No
RMS Force:                 0.013890     0.001900  No
Maximum Displacement:      0.007518     0.003150  No
RMS Displacement:          0.002760     0.002100  No

----------------------------------------------------------------------
                          Iteration: 13 [SD]                          


                             Coordinates                              
----------------------------------------------------------------------
0    C               -0.7886              -0.9579               0.3456
1    C                1.3150               0.0489              -0.0339
2    C               -1.0158               1.3939               0.8236
3    C                1.9862              -0.4220               1.2446
4    C                2.2731               0.4300              -1.1373
5    N                0.3020              -0.8861              -0.4989
6    N               -2.0072              -1.3513              -0.2257
7    O               -1.6774               1.6282              -0.3963
8    H               -2.2683               0.8712              -0.4909
9    H                0.0265              -0.6728              -1.4524
10   H               -0.6098              -1.3631               1.3345
11   H                0.7078               0.9174               0.2704
12   H               -2.5593              -2.0420               0.2626
13   H               -2.0378              -1.4997              -1.2250
14   H               -0.3749               2.2884               0.9883
15   H               -1.6723               1.3025               1.6843
16   H                2.7655               0.2886               1.5223
17   H                1.7270               0.7282              -2.0360
18   H                2.4370              -1.4091               1.1329
19   H                1.2741              -0.4501               2.0734
20   H                2.8539               1.2948              -0.8157
21   H                2.9630              -0.3741              -1.3919


Energy:                 -383.539196 Convergence criteria  Is converged 
Maximum Force:             0.036467     0.002850  No
RMS Force:                 0.013997     0.001900  No
Maximum Displacement:      0.007397     0.003150  No
RMS Displacement:          0.002778     0.002100  No

----------------------------------------------------------------------
                          Iteration: 14 [SD]                          


                             Coordinates                              
----------------------------------------------------------------------
0    C               -0.7895              -0.9506               0.3475
1    C                1.3157               0.0488              -0.0343
2    C               -1.0186               1.3892               0.8233
3    C                1.9866              -0.4222               1.2444
4    C                2.2737               0.4297              -1.1376
5    N                0.3024              -0.8862              -0.4985
6    N               -2.0071              -1.3488              -0.2250
7    O               -1.6788               1.6279              -0.3958
8    H               -2.2696               0.8710              -0.4925
9    H                0.0265              -0.6723              -1.4518
10   H               -0.6100              -1.3620               1.3341
11   H                0.7104               0.9177               0.2690
12   H               -2.5579              -2.0405               0.2632
13   H               -2.0362              -1.4992              -1.2242
14   H               -0.3751               2.2820               0.9882
15   H               -1.6751               1.3024               1.6848
16   H                2.7658               0.2884               1.5223
17   H                1.7273               0.7280              -2.0360
18   H                2.4372              -1.4094               1.1327
19   H                1.2742              -0.4504               2.0729
20   H                2.8544               1.2946              -0.8159
21   H                2.9634              -0.3746              -1.3922


Energy:                 -383.540062 Convergence criteria  Is converged 
Maximum Force:             0.036041     0.002850  No
RMS Force:                 0.014120     0.001900  No
Maximum Displacement:      0.007293     0.003150  No
RMS Displacement:          0.002799     0.002100  No

----------------------------------------------------------------------
                      Iteration: 15 [SD] (GDIIS)                      


                             Coordinates                              
----------------------------------------------------------------------
0    C               -0.7731              -1.0668               0.3137
1    C                1.3026               0.0480              -0.0294
2    C               -0.9635               1.4790               0.8318
3    C                1.9775              -0.4197               1.2474
4    C                2.2610               0.4340              -1.1317
5    N                0.3024              -0.8931              -0.5111
6    N               -1.9978              -1.4120              -0.2380
7    O               -1.6447               1.6365              -0.4075
8    H               -2.2360               0.8752              -0.4541
9    H                0.0238              -0.6814              -1.4642
10   H               -0.6052              -1.3941               1.3374
11   H                0.6545               0.9033               0.2953
12   H               -2.5888              -2.0712               0.2488
13   H               -2.0701              -1.5114              -1.2414
14   H               -0.3821               2.4167               0.9900
15   H               -1.6227               1.3142               1.6829
16   H                2.7579               0.2912               1.5206
17   H                1.7218               0.7321              -2.0338
18   H                2.4333              -1.4042               1.1364
19   H                1.2718              -0.4449               2.0820
20   H                2.8416               1.2982              -0.8115
21   H                2.9558              -0.3661              -1.3851


Energy:                 -383.525410 Convergence criteria  Is converged 
Maximum Force:             0.029398     0.002850  No
RMS Force:                 0.011853     0.001900  No
Maximum Displacement:      0.134692     0.003150  No
RMS Displacement:          0.054717     0.002100  No

----------------------------------------------------------------------
                          Iteration: 16 [SD]                          


                             Coordinates                              
----------------------------------------------------------------------
0    C               -0.7728              -1.0621               0.3170
1    C                1.3030               0.0477              -0.0300
2    C               -0.9666               1.4776               0.8314
3    C                1.9778              -0.4199               1.2471
4    C                2.2614               0.4340              -1.1318
5    N                0.3016              -0.8931              -0.5099
6    N               -1.9984              -1.4108              -0.2384
7    O               -1.6451               1.6359              -0.4056
8    H               -2.2365               0.8755              -0.4554
9    H                0.0242              -0.6811              -1.4635
10   H               -0.6052              -1.3931               1.3348
11   H                0.6569               0.9031               0.2938
12   H               -2.5870              -2.0699               0.2494
13   H               -2.0687              -1.5108              -1.2405
14   H               -0.3835               2.4109               0.9897
15   H               -1.6244               1.3153               1.6829
16   H                2.7581               0.2912               1.5205
17   H                1.7218               0.7319              -2.0338
18   H                2.4334              -1.4047               1.1363
19   H                1.2717              -0.4451               2.0813
20   H                2.8421               1.2982              -0.8114
21   H                2.9562              -0.3668              -1.3854


Energy:                 -383.525997 Convergence criteria  Is converged 
Maximum Force:             0.027148     0.002850  No
RMS Force:                 0.010959     0.001900  No
Maximum Displacement:      0.005880     0.003150  No
RMS Displacement:          0.002371     0.002100  No

----------------------------------------------------------------------
                          Iteration: 17 [SD]                          


                             Coordinates                              
----------------------------------------------------------------------
0    C               -0.7735              -1.0572               0.3189
1    C                1.3035               0.0473              -0.0304
2    C               -0.9698               1.4756               0.8312
3    C                1.9782              -0.4202               1.2468
4    C                2.2619               0.4339              -1.1320
5    N                0.3013              -0.8931              -0.5090
6    N               -1.9983              -1.4091              -0.2381
7    O               -1.6457               1.6355              -0.4041
8    H               -2.2371               0.8755              -0.4566
9    H                0.0244              -0.6808              -1.4628
10   H               -0.6050              -1.3924               1.3334
11   H                0.6593               0.9030               0.2924
12   H               -2.5854              -2.0688               0.2500
13   H               -2.0673              -1.5104              -1.2400
14   H               -0.3844               2.4054               0.9894
15   H               -1.6264               1.3162               1.6830
16   H                2.7583               0.2911               1.5204
17   H                1.7218               0.7317              -2.0338
18   H                2.4336              -1.4052               1.1362
19   H                1.2717              -0.4454               2.0807
20   H                2.8425               1.2982              -0.8113
21   H                2.9566              -0.3673              -1.3857


Energy:                 -383.526519 Convergence criteria  Is converged 
Maximum Force:             0.025786     0.002850  No
RMS Force:                 0.010752     0.001900  No
Maximum Displacement:      0.005430     0.003150  No
RMS Displacement:          0.002192     0.002100  No

----------------------------------------------------------------------
                          Iteration: 18 [SD]                          


                             Coordinates                              
----------------------------------------------------------------------
0    C               -0.7744              -1.0522               0.3203
1    C                1.3039               0.0469              -0.0308
2    C               -0.9727               1.4732               0.8311
3    C                1.9785              -0.4205               1.2465
4    C                2.2625               0.4337              -1.1322
5    N                0.3011              -0.8929              -0.5083
6    N               -1.9981              -1.4073              -0.2376
7    O               -1.6465               1.6352              -0.4030
8    H               -2.2378               0.8755              -0.4579
9    H                0.0246              -0.6805              -1.4620
10   H               -0.6049              -1.3918               1.3324
11   H                0.6617               0.9030               0.2909
12   H               -2.5839              -2.0678               0.2507
13   H               -2.0659              -1.5099              -1.2395
14   H               -0.3851               2.4003               0.9891
15   H               -1.6285               1.3171               1.6833
16   H                2.7585               0.2910               1.5203
17   H                1.7218               0.7315              -2.0339
18   H                2.4337              -1.4056               1.1361
19   H                1.2716              -0.4457               2.0801
20   H                2.8429               1.2982              -0.8113
21   H                2.9569              -0.3678              -1.3860


Energy:                 -383.527026 Convergence criteria  Is converged 
Maximum Force:             0.025326     0.002850  No
RMS Force:                 0.010724     0.001900  No
Maximum Displacement:      0.005157     0.003150  No
RMS Displacement:          0.002150     0.002100  No

----------------------------------------------------------------------
                          Iteration: 19 [SD]                          


                             Coordinates                              
----------------------------------------------------------------------
0    C               -0.7753              -1.0471               0.3217
1    C                1.3045               0.0466              -0.0311
2    C               -0.9755               1.4703               0.8310
3    C                1.9789              -0.4207               1.2462
4    C                2.2630               0.4335              -1.1325
5    N                0.3010              -0.8928              -0.5076
6    N               -1.9980              -1.4054              -0.2372
7    O               -1.6475               1.6350              -0.4022
8    H               -2.2386               0.8755              -0.4592
9    H                0.0248              -0.6803              -1.4612
10   H               -0.6047              -1.3912               1.3317
11   H                0.6641               0.9031               0.2896
12   H               -2.5824              -2.0667               0.2514
13   H               -2.0645              -1.5095              -1.2391
14   H               -0.3856               2.3953               0.9889
15   H               -1.6307               1.3179               1.6837
16   H                2.7586               0.2909               1.5202
17   H                1.7218               0.7314              -2.0339
18   H                2.4338              -1.4061               1.1360
19   H                1.2716              -0.4460               2.0795
20   H                2.8434               1.2981              -0.8113
21   H                2.9572              -0.3683              -1.3862


Energy:                 -383.527533 Convergence criteria  Is converged 
Maximum Force:             0.025650     0.002850  No
RMS Force:                 0.010783     0.001900  No
Maximum Displacement:      0.005065     0.003150  No
RMS Displacement:          0.002145     0.002100  No

----------------------------------------------------------------------
                      Iteration: 20 [SD] (GDIIS)                      


                             Coordinates                              
----------------------------------------------------------------------
0    C               -0.7494              -1.2384               0.2738
1    C                1.2830               0.0420              -0.0248
2    C               -0.9004               1.6254               0.8451
3    C                1.9653              -0.4184               1.2498
4    C                2.2433               0.4408              -1.1231
5    N                0.2920              -0.8998              -0.5201
6    N               -1.9867              -1.5036              -0.2599
7    O               -1.5913               1.6465              -0.4100
8    H               -2.1832               0.8833              -0.4010
9    H                0.0234              -0.6953              -1.4763
10   H               -0.5946              -1.4411               1.3248
11   H                0.5841               0.8787               0.3250
12   H               -2.6230              -2.1139               0.2323
13   H               -2.1124              -1.5272              -1.2662
14   H               -0.4040               2.5953               0.9908
15   H               -1.5492               1.3470               1.6784
16   H                2.7464               0.2961               1.5162
17   H                1.7116               0.7374              -2.0310
18   H                2.4281              -1.4011               1.1419
19   H                1.2659              -0.4387               2.0908
20   H                2.8246               1.3059              -0.8022
21   H                2.9464              -0.3571              -1.3758


Energy:                 -383.512925 Convergence criteria  Is converged 
Maximum Force:             0.033897     0.002850  No
RMS Force:                 0.015249     0.001900  No
Maximum Displacement:      0.200000     0.003150  No
RMS Displacement:          0.085126     0.002100  No

----------------------------------------------------------------------
                          Iteration: 21 [SD]                          


                             Coordinates                              
----------------------------------------------------------------------
0    C               -0.7473              -1.2345               0.2784
1    C                1.2812               0.0421              -0.0244
2    C               -0.9072               1.6249               0.8428
3    C                1.9657              -0.4188               1.2495
4    C                2.2435               0.4409              -1.1231
5    N                0.2932              -0.9018              -0.5214
6    N               -1.9918              -1.5031              -0.2629
7    O               -1.5893               1.6462              -0.4063
8    H               -2.1826               0.8837              -0.4011
9    H                0.0236              -0.6952              -1.4756
10   H               -0.5943              -1.4415               1.3227
11   H                0.5878               0.8798               0.3239
12   H               -2.6208              -2.1134               0.2321
13   H               -2.1108              -1.5274              -1.2638
14   H               -0.4049               2.5924               0.9903
15   H               -1.5488               1.3484               1.6782
16   H                2.7463               0.2960               1.5159
17   H                1.7115               0.7371              -2.0308
18   H                2.4280              -1.4015               1.1418
19   H                1.2659              -0.4391               2.0901
20   H                2.8247               1.3058              -0.8020
21   H                2.9463              -0.3573              -1.3759


Energy:                 -383.513799 Convergence criteria  Is converged 
Maximum Force:             0.030091     0.002850  No
RMS Force:                 0.012012     0.001900  No
Maximum Displacement:      0.006779     0.003150  No
RMS Displacement:          0.003050     0.002100  No

----------------------------------------------------------------------
                          Iteration: 22 [SD]                          


                             Coordinates                              
----------------------------------------------------------------------
0    C               -0.7480              -1.2309               0.2806
1    C                1.2798               0.0423              -0.0243
2    C               -0.9132               1.6256               0.8410
3    C                1.9659              -0.4192               1.2492
4    C                2.2436               0.4410              -1.1229
5    N                0.2951              -0.9038              -0.5224
6    N               -1.9939              -1.5012              -0.2632
7    O               -1.5878               1.6457              -0.4032
8    H               -2.1820               0.8839              -0.4013
9    H                0.0236              -0.6950              -1.4752
10   H               -0.5939              -1.4422               1.3221
11   H                0.5919               0.8808               0.3226
12   H               -2.6194              -2.1136               0.2321
13   H               -2.1094              -1.5279              -1.2633
14   H               -0.4056               2.5894               0.9898
15   H               -1.5489               1.3493               1.6783
16   H                2.7462               0.2959               1.5156
17   H                1.7113               0.7369              -2.0307
18   H                2.4279              -1.4020               1.1417
19   H                1.2659              -0.4396               2.0895
20   H                2.8248               1.3057              -0.8018
21   H                2.9461              -0.3576              -1.3759


Energy:                 -383.514408 Convergence criteria  Is converged 
Maximum Force:             0.027346     0.002850  No
RMS Force:                 0.011181     0.001900  No
Maximum Displacement:      0.006018     0.003150  No
RMS Displacement:          0.002402     0.002100  No

----------------------------------------------------------------------
                          Iteration: 23 [SD]                          


                             Coordinates                              
----------------------------------------------------------------------
0    C               -0.7491              -1.2275               0.2822
1    C                1.2787               0.0427              -0.0243
2    C               -0.9187               1.6269               0.8398
3    C                1.9661              -0.4195               1.2490
4    C                2.2436               0.4411              -1.1226
5    N                0.2969              -0.9059              -0.5232
6    N               -1.9955              -1.4988              -0.2630
7    O               -1.5867               1.6453              -0.4009
8    H               -2.1814               0.8841              -0.4015
9    H                0.0236              -0.6947              -1.4748
10   H               -0.5935              -1.4431               1.3219
11   H                0.5960               0.8817               0.3212
12   H               -2.6182              -2.1140               0.2321
13   H               -2.1081              -1.5285              -1.2632
14   H               -0.4062               2.5864               0.9892
15   H               -1.5493               1.3499               1.6787
16   H                2.7461               0.2958               1.5154
17   H                1.7112               0.7366              -2.0305
18   H                2.4279              -1.4024               1.1416
19   H                1.2659              -0.4402               2.0889
20   H                2.8249               1.3056              -0.8016
21   H                2.9458              -0.3578              -1.3759


Energy:                 -383.514944 Convergence criteria  Is converged 
Maximum Force:             0.025329     0.002850  No
RMS Force:                 0.010634     0.001900  No
Maximum Displacement:      0.005469     0.003150  No
RMS Displacement:          0.002236     0.002100  No

----------------------------------------------------------------------
                          Iteration: 24 [SD]                          


                             Coordinates                              
----------------------------------------------------------------------
0    C               -0.7503              -1.2241               0.2836
1    C                1.2779               0.0430              -0.0242
2    C               -0.9238               1.6284               0.8390
3    C                1.9662              -0.4198               1.2487
4    C                2.2435               0.4412              -1.1224
5    N                0.2986              -0.9081              -0.5240
6    N               -1.9970              -1.4963              -0.2627
7    O               -1.5860               1.6449              -0.3992
8    H               -2.1810               0.8841              -0.4018
9    H                0.0235              -0.6945              -1.4745
10   H               -0.5930              -1.4441               1.3219
11   H                0.6002               0.8825               0.3198
12   H               -2.6170              -2.1145               0.2321
13   H               -2.1069              -1.5292              -1.2631
14   H               -0.4066               2.5837               0.9887
15   H               -1.5499               1.3503               1.6794
16   H                2.7460               0.2958               1.5151
17   H                1.7111               0.7364              -2.0303
18   H                2.4278              -1.4029               1.1414
19   H                1.2659              -0.4407               2.0883
20   H                2.8250               1.3056              -0.8015
21   H                2.9455              -0.3580              -1.3758


Energy:                 -383.515431 Convergence criteria  Is converged 
Maximum Force:             0.023763     0.002850  No
RMS Force:                 0.010218     0.001900  No
Maximum Displacement:      0.005066     0.003150  No
RMS Displacement:          0.002127     0.002100  No

----------------------------------------------------------------------
                      Iteration: 25 [SD] (GDIIS)                      


                             Coordinates                              
----------------------------------------------------------------------
0    C               -0.7484              -1.2461               0.2718
1    C                1.2822               0.0418              -0.0245
2    C               -0.8973               1.6314               0.8457
3    C                1.9648              -0.4183               1.2499
4    C                2.2425               0.4411              -1.1227
5    N                0.2916              -0.8999              -0.5205
6    N               -1.9862              -1.5075              -0.2607
7    O               -1.5891               1.6469              -0.4104
8    H               -2.1811               0.8836              -0.3987
9    H                0.0234              -0.6959              -1.4769
10   H               -0.5942              -1.4430               1.3245
11   H                0.5808               0.8777               0.3265
12   H               -2.6246              -2.1157               0.2315
13   H               -2.1144              -1.5279              -1.2672
14   H               -0.4047               2.6032               0.9908
15   H               -1.5460               1.3481               1.6782
16   H                2.7460               0.2963               1.5161
17   H                1.7113               0.7376              -2.0309
18   H                2.4278              -1.4009               1.1421
19   H                1.2657              -0.4384               2.0913
20   H                2.8239               1.3062              -0.8019
21   H                2.9460              -0.3566              -1.3754


Energy:                 -383.512409 Convergence criteria  Is converged 
Maximum Force:             0.034979     0.002850  No
RMS Force:                 0.015860     0.001900  No
Maximum Displacement:      0.026463     0.003150  No
RMS Displacement:          0.011597     0.002100  No

----------------------------------------------------------------------
                          Iteration: 26 [SD]                          


                             Coordinates                              
----------------------------------------------------------------------
0    C               -0.7460              -1.2421               0.2766
1    C                1.2803               0.0419              -0.0242
2    C               -0.9043               1.6308               0.8432
3    C                1.9651              -0.4187               1.2496
4    C                2.2428               0.4412              -1.1227
5    N                0.2927              -0.9021              -0.5218
6    N               -1.9915              -1.5070              -0.2639
7    O               -1.5870               1.6467              -0.4065
8    H               -2.1804               0.8840              -0.3988
9    H                0.0235              -0.6958              -1.4762
10   H               -0.5940              -1.4434               1.3223
11   H                0.5846               0.8789               0.3254
12   H               -2.6224              -2.1152               0.2313
13   H               -2.1127              -1.5281              -1.2648
14   H               -0.4056               2.6004               0.9904
15   H               -1.5455               1.3496               1.6779
16   H                2.7458               0.2962               1.5158
17   H                1.7111               0.7373              -2.0307
18   H                2.4278              -1.4013               1.1421
19   H                1.2657              -0.4388               2.0906
20   H                2.8239               1.3061              -0.8017
21   H                2.9458              -0.3569              -1.3755


Energy:                 -383.513346 Convergence criteria  Is converged 
Maximum Force:             0.030928     0.002850  No
RMS Force:                 0.012302     0.001900  No
Maximum Displacement:      0.006996     0.003150  No
RMS Displacement:          0.003172     0.002100  No

----------------------------------------------------------------------
                          Iteration: 27 [SD]                          


                             Coordinates                              
----------------------------------------------------------------------
0    C               -0.7467              -1.2386               0.2789
1    C                1.2788               0.0421              -0.0241
2    C               -0.9105               1.6316               0.8413
3    C                1.9653              -0.4191               1.2494
4    C                2.2428               0.4413              -1.1225
5    N                0.2947              -0.9041              -0.5229
6    N               -1.9937              -1.5051              -0.2643
7    O               -1.5854               1.6462              -0.4033
8    H               -2.1797               0.8843              -0.3989
9    H                0.0235              -0.6956              -1.4758
10   H               -0.5936              -1.4441               1.3217
11   H                0.5887               0.8800               0.3241
12   H               -2.6209              -2.1155               0.2313
13   H               -2.1113              -1.5286              -1.2642
14   H               -0.4064               2.5973               0.9898
15   H               -1.5454               1.3505               1.6780
16   H                2.7457               0.2961               1.5155
17   H                1.7109               0.7371              -2.0305
18   H                2.4277              -1.4018               1.1419
19   H                1.2657              -0.4393               2.0899
20   H                2.8240               1.3060              -0.8015
21   H                2.9456              -0.3571              -1.3755


Energy:                 -383.513984 Convergence criteria  Is converged 
Maximum Force:             0.028027     0.002850  No
RMS Force:                 0.011402     0.001900  No
Maximum Displacement:      0.006186     0.003150  No
RMS Displacement:          0.002460     0.002100  No

----------------------------------------------------------------------
                          Iteration: 28 [SD]                          


                             Coordinates                              
----------------------------------------------------------------------
0    C               -0.7478              -1.2353               0.2806
1    C                1.2776               0.0425              -0.0240
2    C               -0.9161               1.6329               0.8400
3    C                1.9655              -0.4194               1.2491
4    C                2.2428               0.4415              -1.1222
5    N                0.2966              -0.9063              -0.5238
6    N               -1.9954              -1.5027              -0.2641
7    O               -1.5842               1.6458              -0.4009
8    H               -2.1791               0.8845              -0.3991
9    H                0.0235              -0.6953              -1.4754
10   H               -0.5931              -1.4450               1.3215
11   H                0.5929               0.8809               0.3227
12   H               -2.6197              -2.1159               0.2312
13   H               -2.1100              -1.5293              -1.2641
14   H               -0.4070               2.5943               0.9893
15   H               -1.5457               1.3512               1.6784
16   H                2.7456               0.2960               1.5152
17   H                1.7108               0.7369              -2.0304
18   H                2.4276              -1.4022               1.1418
19   H                1.2657              -0.4399               2.0894
20   H                2.8241               1.3060              -0.8013
21   H                2.9454              -0.3573              -1.3754


Energy:                 -383.514540 Convergence criteria  Is converged 
Maximum Force:             0.025905     0.002850  No
RMS Force:                 0.010814     0.001900  No
Maximum Displacement:      0.005605     0.003150  No
RMS Displacement:          0.002280     0.002100  No

----------------------------------------------------------------------
                          Iteration: 29 [SD]                          


                             Coordinates                              
----------------------------------------------------------------------
0    C               -0.7489              -1.2320               0.2820
1    C                1.2767               0.0428              -0.0239
2    C               -0.9213               1.6345               0.8392
3    C                1.9656              -0.4197               1.2489
4    C                2.2427               0.4416              -1.1219
5    N                0.2983              -0.9085              -0.5246
6    N               -1.9969              -1.5001              -0.2638
7    O               -1.5835               1.6454              -0.3991
8    H               -2.1785               0.8845              -0.3994
9    H                0.0235              -0.6951              -1.4751
10   H               -0.5927              -1.4460               1.3215
11   H                0.5972               0.8817               0.3212
12   H               -2.6186              -2.1164               0.2312
13   H               -2.1087              -1.5300              -1.2640
14   H               -0.4075               2.5915               0.9887
15   H               -1.5462               1.3515               1.6790
16   H                2.7455               0.2960               1.5149
17   H                1.7107               0.7366              -2.0302
18   H                2.4275              -1.4026               1.1416
19   H                1.2657              -0.4405               2.0888
20   H                2.8243               1.3059              -0.8011
21   H                2.9450              -0.3575              -1.3753


Energy:                 -383.515043 Convergence criteria  Is converged 
Maximum Force:             0.024265     0.002850  No
RMS Force:                 0.010370     0.001900  No
Maximum Displacement:      0.005181     0.003150  No
RMS Displacement:          0.002163     0.002100  No

----------------------------------------------------------------------
                      Iteration: 30 [SD] (GDIIS)                      


                             Coordinates                              
----------------------------------------------------------------------
0    C               -0.7553              -1.2096               0.2804
1    C                1.2872               0.0421              -0.0261
2    C               -0.9110               1.6112               0.8462
3    C                1.9673              -0.4192               1.2489
4    C                2.2463               0.4396              -1.1245
5    N                0.2939              -0.9004              -0.5188
6    N               -1.9863              -1.4935              -0.2570
7    O               -1.5984               1.6447              -0.4101
8    H               -2.1898               0.8815              -0.4082
9    H                0.0237              -0.6934              -1.4742
10   H               -0.5944              -1.4384               1.3253
11   H                0.5954               0.8797               0.3188
12   H               -2.6176              -2.1087               0.2352
13   H               -2.1063              -1.5252              -1.2641
14   H               -0.4027               2.5723               0.9906
15   H               -1.5628               1.3452               1.6814
16   H                2.7478               0.2953               1.5165
17   H                1.7127               0.7365              -2.0312
18   H                2.4289              -1.4023               1.1412
19   H                1.2664              -0.4397               2.0886
20   H                2.8269               1.3049              -0.8030
21   H                2.9480              -0.3589              -1.3773


Energy:                 -383.514532 Convergence criteria  Is converged 
Maximum Force:             0.035233     0.002850  No
RMS Force:                 0.015169     0.001900  No
Maximum Displacement:      0.023292     0.003150  No
RMS Displacement:          0.012104     0.002100  No

----------------------------------------------------------------------
                          Iteration: 31 [SD]                          


                             Coordinates                              
----------------------------------------------------------------------
0    C               -0.7529              -1.2057               0.2849
1    C                1.2853               0.0422              -0.0257
2    C               -0.9180               1.6098               0.8439
3    C                1.9677              -0.4196               1.2487
4    C                2.2466               0.4397              -1.1246
5    N                0.2949              -0.9022              -0.5198
6    N               -1.9912              -1.4931              -0.2601
7    O               -1.5965               1.6445              -0.4064
8    H               -2.1893               0.8818              -0.4084
9    H                0.0238              -0.6933              -1.4735
10   H               -0.5943              -1.4386               1.3233
11   H                0.5991               0.8808               0.3176
12   H               -2.6155              -2.1081               0.2351
13   H               -2.1046              -1.5253              -1.2616
14   H               -0.4032               2.5699               0.9903
15   H               -1.5626               1.3467               1.6810
16   H                2.7477               0.2951               1.5162
17   H                1.7126               0.7362              -2.0310
18   H                2.4289              -1.4028               1.1411
19   H                1.2663              -0.4402               2.0879
20   H                2.8270               1.3048              -0.8029
21   H                2.9480              -0.3592              -1.3774


Energy:                 -383.515384 Convergence criteria  Is converged 
Maximum Force:             0.029714     0.002850  No
RMS Force:                 0.011587     0.001900  No
Maximum Displacement:      0.007047     0.003150  No
RMS Displacement:          0.003034     0.002100  No

----------------------------------------------------------------------
                          Iteration: 32 [SD]                          


                             Coordinates                              
----------------------------------------------------------------------
0    C               -0.7535              -1.2022               0.2870
1    C                1.2839               0.0424              -0.0256
2    C               -0.9240               1.6100               0.8421
3    C                1.9680              -0.4200               1.2485
4    C                2.2468               0.4398              -1.1245
5    N                0.2967              -0.9039              -0.5207
6    N               -1.9931              -1.4912              -0.2604
7    O               -1.5952               1.6441              -0.4034
8    H               -2.1888               0.8821              -0.4087
9    H                0.0238              -0.6931              -1.4730
10   H               -0.5940              -1.4393               1.3227
11   H                0.6031               0.8817               0.3163
12   H               -2.6141              -2.1082               0.2352
13   H               -2.1033              -1.5257              -1.2611
14   H               -0.4038               2.5670               0.9898
15   H               -1.5630               1.3476               1.6811
16   H                2.7477               0.2951               1.5160
17   H                1.7125               0.7360              -2.0309
18   H                2.4289              -1.4032               1.1410
19   H                1.2663              -0.4406               2.0872
20   H                2.8272               1.3047              -0.8028
21   H                2.9479              -0.3594              -1.3775


Energy:                 -383.515948 Convergence criteria  Is converged 
Maximum Force:             0.026281     0.002850  No
RMS Force:                 0.010699     0.001900  No
Maximum Displacement:      0.005943     0.003150  No
RMS Displacement:          0.002317     0.002100  No

----------------------------------------------------------------------
                          Iteration: 33 [SD]                          


                             Coordinates                              
----------------------------------------------------------------------
0    C               -0.7545              -1.1987               0.2886
1    C                1.2829               0.0427              -0.0255
2    C               -0.9292               1.6109               0.8409
3    C                1.9682              -0.4203               1.2482
4    C                2.2468               0.4398              -1.1243
5    N                0.2983              -0.9058              -0.5214
6    N               -1.9946              -1.4890              -0.2603
7    O               -1.5945               1.6437              -0.4012
8    H               -2.1884               0.8822              -0.4090
9    H                0.0238              -0.6929              -1.4727
10   H               -0.5936              -1.4401               1.3225
11   H                0.6071               0.8826               0.3149
12   H               -2.6129              -2.1085               0.2352
13   H               -2.1020              -1.5262              -1.2609
14   H               -0.4043               2.5640               0.9894
15   H               -1.5636               1.3483               1.6815
16   H                2.7477               0.2950               1.5157
17   H                1.7125               0.7358              -2.0308
18   H                2.4289              -1.4037               1.1409
19   H                1.2664              -0.4411               2.0866
20   H                2.8274               1.3046              -0.8026
21   H                2.9477              -0.3597              -1.3775


Energy:                 -383.516438 Convergence criteria  Is converged 
Maximum Force:             0.024004     0.002850  No
RMS Force:                 0.010157     0.001900  No
Maximum Displacement:      0.005256     0.003150  No
RMS Displacement:          0.002140     0.002100  No

----------------------------------------------------------------------
                          Iteration: 34 [SD]                          


                             Coordinates                              
----------------------------------------------------------------------
0    C               -0.7556              -1.1953               0.2900
1    C                1.2823               0.0429              -0.0255
2    C               -0.9340               1.6119               0.8402
3    C                1.9683              -0.4206               1.2480
4    C                2.2468               0.4399              -1.1241
5    N                0.2997              -0.9077              -0.5220
6    N               -1.9960              -1.4866              -0.2600
7    O               -1.5940               1.6434              -0.3995
8    H               -2.1880               0.8822              -0.4093
9    H                0.0238              -0.6926              -1.4724
10   H               -0.5932              -1.4410               1.3225
11   H                0.6111               0.8835               0.3135
12   H               -2.6118              -2.1088               0.2353
13   H               -2.1007              -1.5268              -1.2608
14   H               -0.4047               2.5612               0.9889
15   H               -1.5645               1.3487               1.6820
16   H                2.7476               0.2949               1.5155
17   H                1.7124               0.7355              -2.0306
18   H                2.4288              -1.4041               1.1407
19   H                1.2664              -0.4417               2.0861
20   H                2.8276               1.3045              -0.8025
21   H                2.9475              -0.3599              -1.3775


Energy:                 -383.516882 Convergence criteria  Is converged 
Maximum Force:             0.022357     0.002850  No
RMS Force:                 0.009760     0.001900  No
Maximum Displacement:      0.004801     0.003150  No
RMS Displacement:          0.002031     0.002100  Yes

----------------------------------------------------------------------
                      Iteration: 35 [SD] (GDIIS)                      


                             Coordinates                              
----------------------------------------------------------------------
0    C               -0.7690              -1.1541               0.2915
1    C                1.2944               0.0387              -0.0295
2    C               -0.9341               1.6239               0.8595
3    C                1.9708              -0.4235               1.2463
4    C                2.2519               0.4365              -1.1275
5    N                0.3037              -0.9130              -0.5219
6    N               -1.9754              -1.5064              -0.2592
7    O               -1.6010               1.6444              -0.4120
8    H               -2.1887               0.8763              -0.4094
9    H                0.0233              -0.6922              -1.4723
10   H               -0.5870              -1.4641               1.3234
11   H                0.6119               0.8694               0.3037
12   H               -2.6143              -2.1105               0.2391
13   H               -2.1026              -1.5259              -1.2678
14   H               -0.4068               2.5828               0.9921
15   H               -1.5936               1.3611               1.6972
16   H                2.7479               0.2929               1.5152
17   H                1.7131               0.7351              -2.0298
18   H                2.4308              -1.4068               1.1410
19   H                1.2654              -0.4413               2.0815
20   H                2.8278               1.3028              -0.8025
21   H                2.9511              -0.3625              -1.3800


Energy:                 -383.515849 Convergence criteria  Is converged 
Maximum Force:             0.040337     0.002850  No
RMS Force:                 0.019327     0.001900  No
Maximum Displacement:      0.041183     0.003150  No
RMS Displacement:          0.017133     0.002100  No

----------------------------------------------------------------------
                          Iteration: 36 [SD]                          


                             Coordinates                              
----------------------------------------------------------------------
0    C               -0.7649              -1.1530               0.2980
1    C                1.2916               0.0386              -0.0292
2    C               -0.9422               1.6228               0.8559
3    C                1.9713              -0.4237               1.2462
4    C                2.2521               0.4369              -1.1274
5    N                0.3037              -0.9141              -0.5223
6    N               -1.9815              -1.5059              -0.2631
7    O               -1.5991               1.6444              -0.4063
8    H               -2.1880               0.8770              -0.4097
9    H                0.0237              -0.6920              -1.4716
10   H               -0.5876              -1.4632               1.3196
11   H                0.6163               0.8712               0.3024
12   H               -2.6117              -2.1094               0.2388
13   H               -2.1007              -1.5259              -1.2645
14   H               -0.4078               2.5788               0.9918
15   H               -1.5924               1.3629               1.6955
16   H                2.7481               0.2928               1.5151
17   H                1.7132               0.7348              -2.0299
18   H                2.4309              -1.4073               1.1409
19   H                1.2654              -0.4419               2.0809
20   H                2.8282               1.3027              -0.8025
21   H                2.9512              -0.3628              -1.3802


Energy:                 -383.517155 Convergence criteria  Is converged 
Maximum Force:             0.032650     0.002850  No
RMS Force:                 0.012991     0.001900  No
Maximum Displacement:      0.008067     0.003150  No
RMS Displacement:          0.003865     0.002100  No

----------------------------------------------------------------------
                          Iteration: 37 [SD]                          


                             Coordinates                              
----------------------------------------------------------------------
0    C               -0.7648              -1.1519               0.3005
1    C                1.2898               0.0386              -0.0292
2    C               -0.9487               1.6231               0.8533
3    C                1.9715              -0.4240               1.2460
4    C                2.2520               0.4371              -1.1271
5    N                0.3045              -0.9152              -0.5223
6    N               -1.9837              -1.5036              -0.2633
7    O               -1.5979               1.6441              -0.4019
8    H               -2.1873               0.8775              -0.4100
9    H                0.0239              -0.6918              -1.4711
10   H               -0.5877              -1.4632               1.3181
11   H                0.6207               0.8729               0.3011
12   H               -2.6101              -2.1092               0.2388
13   H               -2.0992              -1.5262              -1.2636
14   H               -0.4088               2.5746               0.9914
15   H               -1.5920               1.3642               1.6944
16   H                2.7483               0.2927               1.5150
17   H                1.7132               0.7346              -2.0299
18   H                2.4309              -1.4078               1.1407
19   H                1.2654              -0.4425               2.0804
20   H                2.8287               1.3027              -0.8024
21   H                2.9512              -0.3631              -1.3804


Energy:                 -383.517837 Convergence criteria  Is converged 
Maximum Force:             0.027436     0.002850  No
RMS Force:                 0.011121     0.001900  No
Maximum Displacement:      0.006530     0.003150  No
RMS Displacement:          0.002598     0.002100  No

----------------------------------------------------------------------
                          Iteration: 38 [SD]                          


                             Coordinates                              
----------------------------------------------------------------------
0    C               -0.7653              -1.1506               0.3018
1    C                1.2886               0.0386              -0.0291
2    C               -0.9542               1.6239               0.8515
3    C                1.9717              -0.4242               1.2459
4    C                2.2519               0.4372              -1.1269
5    N                0.3052              -0.9165              -0.5225
6    N               -1.9852              -1.5009              -0.2629
7    O               -1.5974               1.6439              -0.3987
8    H               -2.1867               0.8779              -0.4104
9    H                0.0240              -0.6916              -1.4705
10   H               -0.5877              -1.4636               1.3174
11   H                0.6249               0.8746               0.2999
12   H               -2.6088              -2.1093               0.2389
13   H               -2.0978              -1.5267              -1.2631
14   H               -0.4097               2.5706               0.9909
15   H               -1.5921               1.3650               1.6938
16   H                2.7485               0.2927               1.5149
17   H                1.7132               0.7343              -2.0300
18   H                2.4309              -1.4081               1.1405
19   H                1.2655              -0.4431               2.0799
20   H                2.8291               1.3026              -0.8024
21   H                2.9511              -0.3632              -1.3804


Energy:                 -383.518352 Convergence criteria  Is converged 
Maximum Force:             0.023906     0.002850  No
RMS Force:                 0.010031     0.001900  No
Maximum Displacement:      0.005487     0.003150  No
RMS Displacement:          0.002224     0.002100  No

----------------------------------------------------------------------
                          Iteration: 39 [SD]                          


                             Coordinates                              
----------------------------------------------------------------------
0    C               -0.7659              -1.1491               0.3029
1    C                1.2878               0.0387              -0.0291
2    C               -0.9590               1.6249               0.8504
3    C                1.9718              -0.4244               1.2457
4    C                2.2518               0.4372              -1.1266
5    N                0.3059              -0.9177              -0.5226
6    N               -1.9867              -1.4981              -0.2624
7    O               -1.5972               1.6438              -0.3965
8    H               -2.1863               0.8780              -0.4108
9    H                0.0241              -0.6914              -1.4700
10   H               -0.5876              -1.4641               1.3170
11   H                0.6290               0.8763               0.2986
12   H               -2.6076              -2.1094               0.2389
13   H               -2.0963              -1.5272              -1.2628
14   H               -0.4103               2.5670               0.9905
15   H               -1.5925               1.3656               1.6936
16   H                2.7487               0.2926               1.5147
17   H                1.7133               0.7341              -2.0300
18   H                2.4309              -1.4085               1.1403
19   H                1.2655              -0.4437               2.0795
20   H                2.8295               1.3026              -0.8023
21   H                2.9509              -0.3634              -1.3805


Energy:                 -383.518778 Convergence criteria  Is converged 
Maximum Force:             0.021422     0.002850  No
RMS Force:                 0.009316     0.001900  No
Maximum Displacement:      0.004781     0.003150  No
RMS Displacement:          0.002006     0.002100  Yes

----------------------------------------------------------------------
                      Iteration: 40 [SD] (GDIIS)                      


                             Coordinates                              
----------------------------------------------------------------------
0    C               -0.7686              -1.1529               0.2918
1    C                1.2943               0.0388              -0.0296
2    C               -0.9340               1.6214               0.8587
3    C                1.9708              -0.4233               1.2462
4    C                2.2519               0.4365              -1.1275
5    N                0.3039              -0.9129              -0.5219
6    N               -1.9754              -1.5053              -0.2588
7    O               -1.6012               1.6445              -0.4118
8    H               -2.1889               0.8766              -0.4097
9    H                0.0232              -0.6921              -1.4722
10   H               -0.5873              -1.4629               1.3233
11   H                0.6118               0.8698               0.3040
12   H               -2.6141              -2.1100               0.2389
13   H               -2.1024              -1.5258              -1.2674
14   H               -0.4070               2.5803               0.9918
15   H               -1.5931               1.3606               1.6970
16   H                2.7479               0.2929               1.5152
17   H                1.7132               0.7351              -2.0298
18   H                2.4307              -1.4067               1.1409
19   H                1.2655              -0.4413               2.0816
20   H                2.8278               1.3027              -0.8025
21   H                2.9510              -0.3625              -1.3799


Energy:                 -383.515965 Convergence criteria  Is converged 
Maximum Force:             0.039700     0.002850  No
RMS Force:                 0.018969     0.001900  No
Maximum Displacement:      0.024966     0.003150  No
RMS Displacement:          0.009853     0.002100  No

----------------------------------------------------------------------
                          Iteration: 41 [SD]                          


                             Coordinates                              
----------------------------------------------------------------------
0    C               -0.7647              -1.1518               0.2982
1    C                1.2916               0.0387              -0.0293
2    C               -0.9419               1.6204               0.8553
3    C                1.9712              -0.4236               1.2462
4    C                2.2520               0.4369              -1.1273
5    N                0.3039              -0.9140              -0.5222
6    N               -1.9815              -1.5048              -0.2627
7    O               -1.5993               1.6444              -0.4062
8    H               -2.1882               0.8773              -0.4100
9    H                0.0236              -0.6919              -1.4716
10   H               -0.5879              -1.4620               1.3196
11   H                0.6162               0.8715               0.3027
12   H               -2.6115              -2.1089               0.2387
13   H               -2.1005              -1.5258              -1.2641
14   H               -0.4080               2.5764               0.9915
15   H               -1.5920               1.3624               1.6953
16   H                2.7481               0.2928               1.5151
17   H                1.7132               0.7348              -2.0298
18   H                2.4308              -1.4072               1.1408
19   H                1.2655              -0.4419               2.0810
20   H                2.8282               1.3027              -0.8025
21   H                2.9512              -0.3628              -1.3802


Energy:                 -383.517226 Convergence criteria  Is converged 
Maximum Force:             0.032228     0.002850  No
RMS Force:                 0.012805     0.001900  No
Maximum Displacement:      0.007940     0.003150  No
RMS Displacement:          0.003794     0.002100  No

----------------------------------------------------------------------
                          Iteration: 42 [SD]                          


                             Coordinates                              
----------------------------------------------------------------------
0    C               -0.7647              -1.1507               0.3006
1    C                1.2898               0.0387              -0.0292
2    C               -0.9484               1.6207               0.8527
3    C                1.9714              -0.4239               1.2460
4    C                2.2520               0.4371              -1.1271
5    N                0.3046              -0.9151              -0.5223
6    N               -1.9836              -1.5025              -0.2629
7    O               -1.5982               1.6441              -0.4019
8    H               -2.1876               0.8778              -0.4104
9    H                0.0238              -0.6917              -1.4710
10   H               -0.5880              -1.4620               1.3181
11   H                0.6206               0.8732               0.3014
12   H               -2.6099              -2.1087               0.2388
13   H               -2.0990              -1.5261              -1.2632
14   H               -0.4090               2.5723               0.9911
15   H               -1.5917               1.3636               1.6943
16   H                2.7483               0.2928               1.5150
17   H                1.7132               0.7346              -2.0299
18   H                2.4308              -1.4076               1.1407
19   H                1.2655              -0.4425               2.0805
20   H                2.8287               1.3026              -0.8025
21   H                2.9511              -0.3631              -1.3803


Energy:                 -383.517890 Convergence criteria  Is converged 
Maximum Force:             0.027149     0.002850  No
RMS Force:                 0.011001     0.001900  No
Maximum Displacement:      0.006446     0.003150  No
RMS Displacement:          0.002561     0.002100  No

----------------------------------------------------------------------
                          Iteration: 43 [SD]                          


                             Coordinates                              
----------------------------------------------------------------------
0    C               -0.7652              -1.1494               0.3019
1    C                1.2887               0.0387              -0.0292
2    C               -0.9538               1.6215               0.8510
3    C                1.9716              -0.4241               1.2458
4    C                2.2519               0.4372              -1.1268
5    N                0.3053              -0.9163              -0.5224
6    N               -1.9852              -1.4999              -0.2625
7    O               -1.5977               1.6439              -0.3988
8    H               -2.1871               0.8781              -0.4108
9    H                0.0240              -0.6915              -1.4705
10   H               -0.5879              -1.4624               1.3175
11   H                0.6248               0.8749               0.3001
12   H               -2.6086              -2.1087               0.2388
13   H               -2.0976              -1.5265              -1.2628
14   H               -0.4098               2.5683               0.9907
15   H               -1.5918               1.3645               1.6937
16   H                2.7485               0.2927               1.5149
17   H                1.7132               0.7343              -2.0299
18   H                2.4309              -1.4080               1.1405
19   H                1.2656              -0.4431               2.0800
20   H                2.8291               1.3026              -0.8024
21   H                2.9510              -0.3632              -1.3804


Energy:                 -383.518395 Convergence criteria  Is converged 
Maximum Force:             0.023708     0.002850  No
RMS Force:                 0.009953     0.001900  No
Maximum Displacement:      0.005430     0.003150  No
RMS Displacement:          0.002200     0.002100  No

----------------------------------------------------------------------
                          Iteration: 44 [SD]                          


                             Coordinates                              
----------------------------------------------------------------------
0    C               -0.7659              -1.1479               0.3030
1    C                1.2879               0.0388              -0.0292
2    C               -0.9585               1.6225               0.8500
3    C                1.9718              -0.4243               1.2456
4    C                2.2518               0.4372              -1.1266
5    N                0.3060              -0.9175              -0.5225
6    N               -1.9866              -1.4971              -0.2620
7    O               -1.5976               1.6438              -0.3967
8    H               -2.1867               0.8782              -0.4112
9    H                0.0241              -0.6913              -1.4700
10   H               -0.5879              -1.4629               1.3171
11   H                0.6289               0.8765               0.2988
12   H               -2.6074              -2.1089               0.2389
13   H               -2.0961              -1.5270              -1.2624
14   H               -0.4104               2.5647               0.9903
15   H               -1.5923               1.3650               1.6935
16   H                2.7487               0.2926               1.5147
17   H                1.7133               0.7341              -2.0300
18   H                2.4309              -1.4084               1.1403
19   H                1.2656              -0.4437               2.0796
20   H                2.8295               1.3026              -0.8023
21   H                2.9508              -0.3634              -1.3804


Energy:                 -383.518814 Convergence criteria  Is converged 
Maximum Force:             0.021284     0.002850  No
RMS Force:                 0.009265     0.001900  No
Maximum Displacement:      0.004742     0.003150  No
RMS Displacement:          0.001991     0.002100  Yes

----------------------------------------------------------------------
                      Iteration: 45 [SD] (GDIIS)                      


                             Coordinates                              
----------------------------------------------------------------------
0    C               -0.8046              -0.9703               0.3470
1    C                1.3155               0.0372              -0.0380
2    C               -1.0389               1.5565               0.8630
3    C                1.9869              -0.4311               1.2406
4    C                2.2730               0.4278              -1.1372
5    N                0.3174              -0.9239              -0.5136
6    N               -1.9822              -1.4443              -0.2465
7    O               -1.6469               1.6346              -0.3942
8    H               -2.2266               0.8627              -0.4546
9    H                0.0262              -0.6798              -1.4568
10   H               -0.5862              -1.4656               1.3208
11   H                0.7110               0.8864               0.2523
12   H               -2.5762              -2.0803               0.2589
13   H               -2.0572              -1.5161              -1.2518
14   H               -0.3990               2.4448               0.9943
15   H               -1.6946               1.3622               1.7129
16   H                2.7607               0.2854               1.5175
17   H                1.7231               0.7279              -2.0326
18   H                2.4388              -1.4180               1.1355
19   H                1.2683              -0.4516               2.0632
20   H                2.8472               1.2944              -0.8094
21   H                2.9641              -0.3753              -1.3930


Energy:                 -383.524334 Convergence criteria  Is converged 
Maximum Force:             0.038193     0.002850  No
RMS Force:                 0.019417     0.001900  No
Maximum Displacement:      0.177585     0.003150  No
RMS Displacement:          0.066630     0.002100  No

----------------------------------------------------------------------
                          Iteration: 46 [SD]                          


                             Coordinates                              
----------------------------------------------------------------------
0    C               -0.7987              -0.9780               0.3500
1    C                1.3163               0.0339              -0.0394
2    C               -1.0424               1.5528               0.8606
3    C                1.9871              -0.4309               1.2405
4    C                2.2735               0.4278              -1.1374
5    N                0.3136              -0.9208              -0.5096
6    N               -1.9836              -1.4392              -0.2460
7    O               -1.6482               1.6357              -0.3921
8    H               -2.2267               0.8630              -0.4553
9    H                0.0266              -0.6795              -1.4564
10   H               -0.5884              -1.4607               1.3159
11   H                0.7117               0.8910               0.2525
12   H               -2.5750              -2.0796               0.2590
13   H               -2.0557              -1.5162              -1.2502
14   H               -0.3998               2.4401               0.9945
15   H               -1.6951               1.3631               1.7117
16   H                2.7612               0.2852               1.5176
17   H                1.7235               0.7276              -2.0327
18   H                2.4390              -1.4182               1.1352
19   H                1.2685              -0.4522               2.0629
20   H                2.8479               1.2942              -0.8096
21   H                2.9644              -0.3756              -1.3933


Energy:                 -383.525759 Convergence criteria  Is converged 
Maximum Force:             0.027904     0.002850  No
RMS Force:                 0.014555     0.001900  No
Maximum Displacement:      0.007639     0.003150  No
RMS Displacement:          0.003883     0.002100  No

----------------------------------------------------------------------
                          Iteration: 47 [SD]                          


                             Coordinates                              
----------------------------------------------------------------------
0    C               -0.7953              -0.9836               0.3505
1    C                1.3164               0.0327              -0.0399
2    C               -1.0445               1.5494               0.8591
3    C                1.9874              -0.4309               1.2403
4    C                2.2740               0.4273              -1.1378
5    N                0.3112              -0.9181              -0.5072
6    N               -1.9847              -1.4343              -0.2445
7    O               -1.6500               1.6366              -0.3909
8    H               -2.2269               0.8633              -0.4561
9    H                0.0269              -0.6794              -1.4553
10   H               -0.5898              -1.4572               1.3135
11   H                0.7130               0.8943               0.2524
12   H               -2.5738              -2.0787               0.2589
13   H               -2.0541              -1.5163              -1.2489
14   H               -0.4006               2.4353               0.9946
15   H               -1.6960               1.3639               1.7108
16   H                2.7616               0.2850               1.5177
17   H                1.7238               0.7274              -2.0329
18   H                2.4391              -1.4184               1.1350
19   H                1.2687              -0.4527               2.0626
20   H                2.8486               1.2939              -0.8098
21   H                2.9648              -0.3759              -1.3937


Energy:                 -383.526612 Convergence criteria  Is converged 
Maximum Force:             0.023598     0.002850  No
RMS Force:                 0.012365     0.001900  No
Maximum Displacement:      0.005581     0.003150  No
RMS Displacement:          0.002911     0.002100  No

----------------------------------------------------------------------
                          Iteration: 48 [SD]                          


                             Coordinates                              
----------------------------------------------------------------------
0    C               -0.7931              -0.9877               0.3502
1    C                1.3164               0.0324              -0.0399
2    C               -1.0460               1.5460               0.8581
3    C                1.9877              -0.4311               1.2401
4    C                2.2745               0.4268              -1.1381
5    N                0.3095              -0.9157              -0.5056
6    N               -1.9858              -1.4297              -0.2431
7    O               -1.6521               1.6374              -0.3903
8    H               -2.2273               0.8635              -0.4569
9    H                0.0271              -0.6794              -1.4542
10   H               -0.5909              -1.4546               1.3124
11   H                0.7146               0.8971               0.2523
12   H               -2.5724              -2.0778               0.2588
13   H               -2.0524              -1.5164              -1.2475
14   H               -0.4015               2.4306               0.9947
15   H               -1.6972               1.3646               1.7100
16   H                2.7621               0.2847               1.5177
17   H                1.7242               0.7271              -2.0331
18   H                2.4393              -1.4186               1.1349
19   H                1.2689              -0.4532               2.0623
20   H                2.8492               1.2936              -0.8100
21   H                2.9652              -0.3762              -1.3942


Energy:                 -383.527250 Convergence criteria  Is converged 
Maximum Force:             0.022894     0.002850  No
RMS Force:                 0.011219     0.001900  No
Maximum Displacement:      0.004720     0.003150  No
RMS Displacement:          0.002473     0.002100  No

----------------------------------------------------------------------
                          Iteration: 49 [SD]                          


                             Coordinates                              
----------------------------------------------------------------------
0    C               -0.7917              -0.9907               0.3495
1    C                1.3165               0.0325              -0.0398
2    C               -1.0472               1.5426               0.8573
3    C                1.9880              -0.4312               1.2399
4    C                2.2749               0.4263              -1.1384
5    N                0.3084              -0.9136              -0.5044
6    N               -1.9870              -1.4252              -0.2419
7    O               -1.6542               1.6381              -0.3899
8    H               -2.2278               0.8636              -0.4579
9    H                0.0272              -0.6794              -1.4532
10   H               -0.5917              -1.4523               1.3121
11   H                0.7162               0.8995               0.2521
12   H               -2.5711              -2.0768               0.2586
13   H               -2.0508              -1.5165              -1.2461
14   H               -0.4022               2.4260               0.9949
15   H               -1.6986               1.3652               1.7094
16   H                2.7625               0.2845               1.5178
17   H                1.7245               0.7269              -2.0333
18   H                2.4395              -1.4188               1.1347
19   H                1.2690              -0.4537               2.0620
20   H                2.8498               1.2932              -0.8102
21   H                2.9656              -0.3765              -1.3947


Energy:                 -383.527785 Convergence criteria  Is converged 
Maximum Force:             0.022239     0.002850  No
RMS Force:                 0.010538     0.001900  No
Maximum Displacement:      0.004579     0.003150  No
RMS Displacement:          0.002244     0.002100  No

----------------------------------------------------------------------
                      Iteration: 50 [SD] (GDIIS)                      


                             Coordinates                              
----------------------------------------------------------------------
0    C               -0.7759              -1.0887               0.3273
1    C                1.3026               0.0404              -0.0326
2    C               -1.0120               1.5697               0.8445
3    C                1.9818              -0.4256               1.2444
4    C                2.2641               0.4309              -1.1325
5    N                0.3049              -0.9086              -0.5114
6    N               -2.0028              -1.4278              -0.2432
7    O               -1.6403               1.6397              -0.3906
8    H               -2.2196               0.8685              -0.4437
9    H                0.0258              -0.6830              -1.4610
10   H               -0.5984              -1.4412               1.3231
11   H                0.6896               0.9117               0.2756
12   H               -2.5868              -2.0878               0.2484
13   H               -2.0653              -1.5224              -1.2484
14   H               -0.3950               2.4624               0.9950
15   H               -1.6501               1.3450               1.6905
16   H                2.7612               0.2872               1.5194
17   H                1.7240               0.7294              -2.0346
18   H                2.4366              -1.4116               1.1355
19   H                1.2703              -0.4510               2.0734
20   H                2.8458               1.2954              -0.8109
21   H                2.9594              -0.3689              -1.3899


Energy:                 -383.525123 Convergence criteria  Is converged 
Maximum Force:             0.016854     0.002850  No
RMS Force:                 0.008465     0.001900  No
Maximum Displacement:      0.097988     0.003150  No
RMS Displacement:          0.031061     0.002100  No

----------------------------------------------------------------------
                          Iteration: 51 [SD]                          


                             Coordinates                              
----------------------------------------------------------------------
0    C               -0.7762              -1.0854               0.3259
1    C                1.3023               0.0416              -0.0322
2    C               -1.0143               1.5683               0.8456
3    C                1.9821              -0.4259               1.2441
4    C                2.2647               0.4307              -1.1329
5    N                0.3053              -0.9091              -0.5112
6    N               -2.0042              -1.4256              -0.2433
7    O               -1.6414               1.6402              -0.3913
8    H               -2.2199               0.8682              -0.4442
9    H                0.0257              -0.6829              -1.4602
10   H               -0.5980              -1.4421               1.3247
11   H                0.6924               0.9117               0.2744
12   H               -2.5855              -2.0872               0.2481
13   H               -2.0639              -1.5228              -1.2470
14   H               -0.3955               2.4599               0.9946
15   H               -1.6516               1.3453               1.6911
16   H                2.7612               0.2870               1.5193
17   H                1.7241               0.7292              -2.0346
18   H                2.4366              -1.4118               1.1353
19   H                1.2704              -0.4514               2.0730
20   H                2.8460               1.2952              -0.8108
21   H                2.9595              -0.3694              -1.3900


Energy:                 -383.525412 Convergence criteria  Is converged 
Maximum Force:             0.014210     0.002850  No
RMS Force:                 0.007399     0.001900  No
Maximum Displacement:      0.003371     0.003150  No
RMS Displacement:          0.001693     0.002100  Yes

----------------------------------------------------------------------
                          Iteration: 52 [SD]                          


                             Coordinates                              
----------------------------------------------------------------------
0    C               -0.7766              -1.0825               0.3259
1    C                1.3025               0.0423              -0.0321
2    C               -1.0163               1.5669               0.8461
3    C                1.9823              -0.4261               1.2438
4    C                2.2651               0.4305              -1.1331
5    N                0.3058              -0.9093              -0.5111
6    N               -2.0052              -1.4231              -0.2431
7    O               -1.6424               1.6405              -0.3917
8    H               -2.2202               0.8679              -0.4447
9    H                0.0256              -0.6827              -1.4595
10   H               -0.5978              -1.4425               1.3252
11   H                0.6948               0.9120               0.2734
12   H               -2.5844              -2.0867               0.2480
13   H               -2.0626              -1.5232              -1.2462
14   H               -0.3960               2.4574               0.9944
15   H               -1.6533               1.3455               1.6919
16   H                2.7613               0.2868               1.5192
17   H                1.7241               0.7290              -2.0346
18   H                2.4367              -1.4121               1.1350
19   H                1.2706              -0.4518               2.0726
20   H                2.8464               1.2950              -0.8108
21   H                2.9597              -0.3699              -1.3901


Energy:                 -383.525648 Convergence criteria  Is converged 
Maximum Force:             0.013308     0.002850  No
RMS Force:                 0.007141     0.001900  No
Maximum Displacement:      0.002842     0.003150  Yes
RMS Displacement:          0.001480     0.002100  Yes

----------------------------------------------------------------------
                          Iteration: 53 [SD]                          


                             Coordinates                              
----------------------------------------------------------------------
0    C               -0.7771              -1.0799               0.3264
1    C                1.3029               0.0426              -0.0321
2    C               -1.0183               1.5656               0.8464
3    C                1.9825              -0.4262               1.2436
4    C                2.2655               0.4303              -1.1333
5    N                0.3062              -0.9095              -0.5110
6    N               -2.0061              -1.4206              -0.2428
7    O               -1.6434               1.6408              -0.3919
8    H               -2.2205               0.8677              -0.4453
9    H                0.0255              -0.6825              -1.4589
10   H               -0.5977              -1.4428               1.3254
11   H                0.6970               0.9126               0.2724
12   H               -2.5832              -2.0863               0.2478
13   H               -2.0614              -1.5237              -1.2455
14   H               -0.3964               2.4549               0.9941
15   H               -1.6551               1.3458               1.6926
16   H                2.7613               0.2866               1.5191
17   H                1.7242               0.7287              -2.0346
18   H                2.4367              -1.4123               1.1347
19   H                1.2707              -0.4522               2.0722
20   H                2.8467               1.2948              -0.8108
21   H                2.9598              -0.3705              -1.3903


Energy:                 -383.525870 Convergence criteria  Is converged 
Maximum Force:             0.012922     0.002850  No
RMS Force:                 0.007038     0.001900  No
Maximum Displacement:      0.002662     0.003150  Yes
RMS Displacement:          0.001428     0.002100  Yes

----------------------------------------------------------------------
                          Iteration: 54 [SD]                          


                             Coordinates                              
----------------------------------------------------------------------
0    C               -0.7774              -1.0773               0.3271
1    C                1.3034               0.0427              -0.0322
2    C               -1.0202               1.5642               0.8466
3    C                1.9827              -0.4264               1.2434
4    C                2.2659               0.4300              -1.1335
5    N                0.3066              -0.9096              -0.5107
6    N               -2.0068              -1.4181              -0.2424
7    O               -1.6445               1.6410              -0.3920
8    H               -2.2209               0.8674              -0.4460
9    H                0.0254              -0.6822              -1.4584
10   H               -0.5976              -1.4430               1.3255
11   H                0.6991               0.9132               0.2715
12   H               -2.5822              -2.0858               0.2477
13   H               -2.0601              -1.5241              -1.2449
14   H               -0.3968               2.4524               0.9939
15   H               -1.6570               1.3460               1.6934
16   H                2.7614               0.2864               1.5190
17   H                1.7243               0.7285              -2.0346
18   H                2.4367              -1.4126               1.1344
19   H                1.2709              -0.4526               2.0719
20   H                2.8470               1.2946              -0.8109
21   H                2.9599              -0.3710              -1.3904


Energy:                 -383.526087 Convergence criteria  Is converged 
Maximum Force:             0.012728     0.002850  No
RMS Force:                 0.006978     0.001900  No
Maximum Displacement:      0.002584     0.003150  Yes
RMS Displacement:          0.001408     0.002100  Yes

----------------------------------------------------------------------
                      Iteration: 55 [SD] (GDIIS)                      


                             Coordinates                              
----------------------------------------------------------------------
0    C               -0.7770              -1.1088               0.3372
1    C                1.3002               0.0428              -0.0326
2    C               -1.0894               1.6736               0.8603
3    C                1.9883              -0.4322               1.2401
4    C                2.2702               0.4245              -1.1347
5    N                0.3203              -0.9359              -0.5175
6    N               -2.0252              -1.4195              -0.2460
7    O               -1.6496               1.6544              -0.3756
8    H               -2.1990               0.8566              -0.4292
9    H                0.0237              -0.6827              -1.4551
10   H               -0.5942              -1.5142               1.3242
11   H                0.7589               0.9405               0.2469
12   H               -2.5821              -2.1078               0.2367
13   H               -2.0505              -1.5486              -1.2443
14   H               -0.4122               2.5144               1.0001
15   H               -1.6952               1.3768               1.7021
16   H                2.7683               0.2782               1.5196
17   H                1.7314               0.7237              -2.0367
18   H                2.4411              -1.4190               1.1295
19   H                1.2735              -0.4641               2.0641
20   H                2.8554               1.2863              -0.8140
21   H                2.9632              -0.3754              -1.3965


Energy:                 -383.525868 Convergence criteria  Is converged 
Maximum Force:             0.018743     0.002850  No
RMS Force:                 0.010340     0.001900  No
Maximum Displacement:      0.109466     0.003150  No
RMS Displacement:          0.042341     0.002100  No

----------------------------------------------------------------------
                          Iteration: 56 [SD]                          


                             Coordinates                              
----------------------------------------------------------------------
0    C               -0.7774              -1.1087               0.3364
1    C                1.3039               0.0411              -0.0338
2    C               -1.0885               1.6733               0.8637
3    C                1.9881              -0.4321               1.2398
4    C                2.2709               0.4238              -1.1352
5    N                0.3184              -0.9343              -0.5153
6    N               -2.0240              -1.4161              -0.2440
7    O               -1.6522               1.6540              -0.3792
8    H               -2.1990               0.8568              -0.4294
9    H                0.0236              -0.6827              -1.4545
10   H               -0.5942              -1.5143               1.3232
11   H                0.7577               0.9419               0.2470
12   H               -2.5815              -2.1076               0.2365
13   H               -2.0494              -1.5497              -1.2449
14   H               -0.4133               2.5132               0.9999
15   H               -1.6964               1.3768               1.7029
16   H                2.7683               0.2780               1.5195
17   H                1.7313               0.7236              -2.0368
18   H                2.4410              -1.4190               1.1289
19   H                1.2736              -0.4645               2.0642
20   H                2.8558               1.2862              -0.8139
21   H                2.9631              -0.3762              -1.3964


Energy:                 -383.526238 Convergence criteria  Is converged 
Maximum Force:             0.013189     0.002850  No
RMS Force:                 0.006590     0.001900  No
Maximum Displacement:      0.003749     0.003150  No
RMS Displacement:          0.002068     0.002100  Yes

----------------------------------------------------------------------
                          Iteration: 57 [SD]                          


                             Coordinates                              
----------------------------------------------------------------------
0    C               -0.7773              -1.1084               0.3364
1    C                1.3060               0.0406              -0.0343
2    C               -1.0886               1.6724               0.8649
3    C                1.9883              -0.4323               1.2395
4    C                2.2717               0.4233              -1.1358
5    N                0.3171              -0.9327              -0.5139
6    N               -2.0238              -1.4135              -0.2433
7    O               -1.6535               1.6543              -0.3808
8    H               -2.1994               0.8564              -0.4297
9    H                0.0235              -0.6827              -1.4536
10   H               -0.5942              -1.5143               1.3223
11   H                0.7572               0.9425               0.2469
12   H               -2.5806              -2.1071               0.2361
13   H               -2.0482              -1.5505              -1.2447
14   H               -0.4141               2.5124               0.9998
15   H               -1.6978               1.3769               1.7039
16   H                2.7682               0.2779               1.5194
17   H                1.7313               0.7234              -2.0368
18   H                2.4409              -1.4191               1.1283
19   H                1.2738              -0.4649               2.0642
20   H                2.8561               1.2861              -0.8139
21   H                2.9632              -0.3770              -1.3965


Energy:                 -383.526411 Convergence criteria  Is converged 
Maximum Force:             0.011688     0.002850  No
RMS Force:                 0.005571     0.001900  No
Maximum Displacement:      0.002638     0.003150  Yes
RMS Displacement:          0.001318     0.002100  Yes

----------------------------------------------------------------------
                          Iteration: 58 [SD]                          


                             Coordinates                              
----------------------------------------------------------------------
0    C               -0.7772              -1.1080               0.3366
1    C                1.3073               0.0405              -0.0345
2    C               -1.0890               1.6714               0.8654
3    C                1.9885              -0.4324               1.2394
4    C                2.2725               0.4228              -1.1363
5    N                0.3162              -0.9311              -0.5128
6    N               -2.0239              -1.4111              -0.2429
7    O               -1.6545               1.6545              -0.3817
8    H               -2.1998               0.8560              -0.4300
9    H                0.0233              -0.6827              -1.4528
10   H               -0.5942              -1.5144               1.3215
11   H                0.7570               0.9426               0.2467
12   H               -2.5797              -2.1065               0.2358
13   H               -2.0469              -1.5512              -1.2442
14   H               -0.4148               2.5117               0.9998
15   H               -1.6991               1.3770               1.7047
16   H                2.7683               0.2777               1.5194
17   H                1.7313               0.7232              -2.0369
18   H                2.4409              -1.4192               1.1278
19   H                1.2739              -0.4653               2.0641
20   H                2.8564               1.2858              -0.8139
21   H                2.9633              -0.3778              -1.3966


Energy:                 -383.526542 Convergence criteria  Is converged 
Maximum Force:             0.010985     0.002850  No
RMS Force:                 0.005156     0.001900  No
Maximum Displacement:      0.002338     0.003150  Yes
RMS Displacement:          0.001114     0.002100  Yes

----------------------------------------------------------------------
                          Iteration: 59 [SD]                          


                             Coordinates                              
----------------------------------------------------------------------
0    C               -0.7771              -1.1074               0.3368
1    C                1.3082               0.0406              -0.0347
2    C               -1.0895               1.6702               0.8656
3    C                1.9887              -0.4326               1.2392
4    C                2.2732               0.4224              -1.1369
5    N                0.3156              -0.9296              -0.5119
6    N               -2.0241              -1.4089              -0.2426
7    O               -1.6554               1.6547              -0.3822
8    H               -2.2002               0.8556              -0.4303
9    H                0.0232              -0.6826              -1.4521
10   H               -0.5941              -1.5146               1.3210
11   H                0.7570               0.9427               0.2464
12   H               -2.5787              -2.1058               0.2355
13   H               -2.0457              -1.5518              -1.2436
14   H               -0.4155               2.5110               0.9998
15   H               -1.7004               1.3772               1.7055
16   H                2.7683               0.2776               1.5193
17   H                1.7313               0.7230              -2.0369
18   H                2.4408              -1.4193               1.1272
19   H                1.2741              -0.4656               2.0640
20   H                2.8568               1.2856              -0.8139
21   H                2.9635              -0.3787              -1.3967


Energy:                 -383.526656 Convergence criteria  Is converged 
Maximum Force:             0.010563     0.002850  No
RMS Force:                 0.004923     0.001900  No
Maximum Displacement:      0.002197     0.003150  Yes
RMS Displacement:          0.001031     0.002100  Yes

----------------------------------------------------------------------
                      Iteration: 60 [SD] (GDIIS)                      


                             Coordinates                              
----------------------------------------------------------------------
0    C               -0.7660              -1.1813               0.3235
1    C                1.3007               0.0405              -0.0323
2    C               -1.0825               1.7418               0.8707
3    C                1.9851              -0.4327               1.2396
4    C                2.2680               0.4231              -1.1343
5    N                0.3154              -0.9356              -0.5167
6    N               -2.0295              -1.4317              -0.2503
7    O               -1.6380               1.6618              -0.3811
8    H               -2.1762               0.8566              -0.4064
9    H                0.0213              -0.6876              -1.4551
10   H               -0.5910              -1.5457               1.3177
11   H                0.7435               0.9445               0.2546
12   H               -2.5899              -2.1252               0.2234
13   H               -2.0562              -1.5669              -1.2497
14   H               -0.4275               2.5876               1.0003
15   H               -1.6773               1.3911               1.7051
16   H                2.7654               0.2774               1.5180
17   H                1.7293               0.7235              -2.0365
18   H                2.4391              -1.4184               1.1262
19   H                1.2738              -0.4670               2.0671
20   H                2.8529               1.2857              -0.8117
21   H                2.9596              -0.3778              -1.3938


Energy:                 -383.525026 Convergence criteria  Is converged 
Maximum Force:             0.018512     0.002850  No
RMS Force:                 0.007232     0.001900  No
Maximum Displacement:      0.076633     0.003150  No
RMS Displacement:          0.031885     0.002100  No

----------------------------------------------------------------------
                          Iteration: 61 [SD]                          


                             Coordinates                              
----------------------------------------------------------------------
0    C               -0.7669              -1.1794               0.3226
1    C                1.3004               0.0415              -0.0319
2    C               -1.0862               1.7394               0.8705
3    C                1.9853              -0.4329               1.2395
4    C                2.2685               0.4228              -1.1346
5    N                0.3156              -0.9350              -0.5164
6    N               -2.0291              -1.4292              -0.2492
7    O               -1.6377               1.6622              -0.3805
8    H               -2.1762               0.8563              -0.4064
9    H                0.0210              -0.6876              -1.4544
10   H               -0.5906              -1.5469               1.3183
11   H                0.7444               0.9436               0.2539
12   H               -2.5892              -2.1249               0.2232
13   H               -2.0551              -1.5679              -1.2501
14   H               -0.4276               2.5885               1.0002
15   H               -1.6771               1.3918               1.7052
16   H                2.7654               0.2773               1.5179
17   H                1.7292               0.7233              -2.0364
18   H                2.4390              -1.4185               1.1256
19   H                1.2739              -0.4674               2.0670
20   H                2.8531               1.2854              -0.8117
21   H                2.9597              -0.3786              -1.3938


Energy:                 -383.525209 Convergence criteria  Is converged 
Maximum Force:             0.010734     0.002850  No
RMS Force:                 0.004943     0.001900  No
Maximum Displacement:      0.003702     0.003150  No
RMS Displacement:          0.001446     0.002100  Yes

----------------------------------------------------------------------
                          Iteration: 62 [SD]                          


                             Coordinates                              
----------------------------------------------------------------------
0    C               -0.7672              -1.1776               0.3228
1    C                1.3005               0.0420              -0.0318
2    C               -1.0881               1.7384               0.8705
3    C                1.9855              -0.4331               1.2394
4    C                2.2688               0.4226              -1.1348
5    N                0.3157              -0.9344              -0.5161
6    N               -2.0293              -1.4270              -0.2490
7    O               -1.6379               1.6620              -0.3802
8    H               -2.1762               0.8562              -0.4064
9    H                0.0208              -0.6876              -1.4540
10   H               -0.5903              -1.5478               1.3183
11   H                0.7450               0.9432               0.2534
12   H               -2.5884              -2.1245               0.2229
13   H               -2.0540              -1.5688              -1.2500
14   H               -0.4283               2.5884               1.0000
15   H               -1.6776               1.3921               1.7057
16   H                2.7655               0.2772               1.5179
17   H                1.7292               0.7231              -2.0364
18   H                2.4390              -1.4187               1.1251
19   H                1.2740              -0.4678               2.0668
20   H                2.8534               1.2851              -0.8118
21   H                2.9597              -0.3794              -1.3938


Energy:                 -383.525311 Convergence criteria  Is converged 
Maximum Force:             0.009927     0.002850  No
RMS Force:                 0.004556     0.001900  No
Maximum Displacement:      0.002147     0.003150  Yes
RMS Displacement:          0.000989     0.002100  Yes

----------------------------------------------------------------------
                          Iteration: 63 [SD]                          


                             Coordinates                              
----------------------------------------------------------------------
0    C               -0.7674              -1.1759               0.3233
1    C                1.3008               0.0423              -0.0317
2    C               -1.0895               1.7379               0.8706
3    C                1.9856              -0.4332               1.2393
4    C                2.2691               0.4224              -1.1350
5    N                0.3157              -0.9339              -0.5158
6    N               -2.0296              -1.4251              -0.2489
7    O               -1.6383               1.6619              -0.3801
8    H               -2.1762               0.8560              -0.4066
9    H                0.0206              -0.6875              -1.4535
10   H               -0.5900              -1.5487               1.3181
11   H                0.7455               0.9429               0.2529
12   H               -2.5876              -2.1240               0.2226
13   H               -2.0528              -1.5696              -1.2497
14   H               -0.4292               2.5880               0.9998
15   H               -1.6782               1.3924               1.7063
16   H                2.7655               0.2771               1.5179
17   H                1.7293               0.7229              -2.0364
18   H                2.4390              -1.4189               1.1245
19   H                1.2742              -0.4681               2.0667
20   H                2.8537               1.2849              -0.8118
21   H                2.9597              -0.3802              -1.3938


Energy:                 -383.525401 Convergence criteria  Is converged 
Maximum Force:             0.009495     0.002850  No
RMS Force:                 0.004416     0.001900  No
Maximum Displacement:      0.001985     0.003150  Yes
RMS Displacement:          0.000911     0.002100  Yes

----------------------------------------------------------------------
                          Iteration: 64 [SD]                          


                             Coordinates                              
----------------------------------------------------------------------
0    C               -0.7675              -1.1743               0.3239
1    C                1.3011               0.0425              -0.0317
2    C               -1.0907               1.7375               0.8707
3    C                1.9858              -0.4333               1.2393
4    C                2.2694               0.4221              -1.1352
5    N                0.3157              -0.9334              -0.5155
6    N               -2.0299              -1.4232              -0.2488
7    O               -1.6387               1.6617              -0.3801
8    H               -2.1763               0.8558              -0.4068
9    H                0.0204              -0.6874              -1.4532
10   H               -0.5898              -1.5495               1.3179
11   H                0.7459               0.9428               0.2525
12   H               -2.5867              -2.1234               0.2223
13   H               -2.0517              -1.5704              -1.2495
14   H               -0.4302               2.5875               0.9997
15   H               -1.6789               1.3927               1.7069
16   H                2.7656               0.2770               1.5179
17   H                1.7293               0.7227              -2.0365
18   H                2.4390              -1.4190               1.1239
19   H                1.2743              -0.4685               2.0666
20   H                2.8540               1.2846              -0.8119
21   H                2.9597              -0.3809              -1.3938


Energy:                 -383.525486 Convergence criteria  Is converged 
Maximum Force:             0.009175     0.002850  No
RMS Force:                 0.004322     0.001900  No
Maximum Displacement:      0.001899     0.003150  Yes
RMS Displacement:          0.000883     0.002100  Yes

----------------------------------------------------------------------
                      Iteration: 65 [SD] (GDIIS)                      


                             Coordinates                              
----------------------------------------------------------------------
0    C               -0.7586              -1.2369               0.3189
1    C                1.2988               0.0421              -0.0314
2    C               -1.1273               1.8436               0.8851
3    C                1.9858              -0.4376               1.2363
4    C                2.2705               0.4170              -1.1358
5    N                0.3205              -0.9452              -0.5176
6    N               -2.0386              -1.4289              -0.2541
7    O               -1.6277               1.6755              -0.3734
8    H               -2.1415               0.8510              -0.3764
9    H                0.0155              -0.6919              -1.4494
10   H               -0.5825              -1.6195               1.3082
11   H                0.7597               0.9527               0.2455
12   H               -2.5895              -2.1468               0.2025
13   H               -2.0473              -1.6037              -1.2538
14   H               -0.4608               2.6856               1.0002
15   H               -1.6797               1.4277               1.7184
16   H                2.7651               0.2721               1.5159
17   H                1.7298               0.7190              -2.0363
18   H                2.4385              -1.4227               1.1156
19   H                1.2762              -0.4785               2.0644
20   H                2.8559               1.2786              -0.8109
21   H                2.9572              -0.3898              -1.3934


Energy:                 -383.525375 Convergence criteria  Is converged 
Maximum Force:             0.009592     0.002850  No
RMS Force:                 0.004899     0.001900  No
Maximum Displacement:      0.106124     0.003150  No
RMS Displacement:          0.042387     0.002100  No

----------------------------------------------------------------------
                          Iteration: 66 [SD]                          


                             Coordinates                              
----------------------------------------------------------------------
0    C               -0.7585              -1.2351               0.3182
1    C                1.2990               0.0420              -0.0314
2    C               -1.1293               1.8423               0.8853
3    C                1.9859              -0.4377               1.2363
4    C                2.2705               0.4167              -1.1358
5    N                0.3198              -0.9446              -0.5168
6    N               -2.0384              -1.4280              -0.2544
7    O               -1.6279               1.6750              -0.3729
8    H               -2.1413               0.8512              -0.3764
9    H                0.0153              -0.6918              -1.4492
10   H               -0.5822              -1.6205               1.3082
11   H                0.7593               0.9525               0.2453
12   H               -2.5887              -2.1456               0.2025
13   H               -2.0460              -1.6041              -1.2532
14   H               -0.4618               2.6857               1.0001
15   H               -1.6793               1.4286               1.7182
16   H                2.7652               0.2721               1.5159
17   H                1.7299               0.7188              -2.0363
18   H                2.4385              -1.4229               1.1150
19   H                1.2763              -0.4789               2.0644
20   H                2.8563               1.2783              -0.8111
21   H                2.9571              -0.3904              -1.3934


Energy:                 -383.525468 Convergence criteria  Is converged 
Maximum Force:             0.007603     0.002850  No
RMS Force:                 0.004005     0.001900  No
Maximum Displacement:      0.001918     0.003150  Yes
RMS Displacement:          0.000980     0.002100  Yes

----------------------------------------------------------------------
                          Iteration: 67 [SD]                          


                             Coordinates                              
----------------------------------------------------------------------
0    C               -0.7586              -1.2336               0.3183
1    C                1.2992               0.0420              -0.0313
2    C               -1.1303               1.8416               0.8853
3    C                1.9860              -0.4377               1.2363
4    C                2.2706               0.4164              -1.1358
5    N                0.3193              -0.9440              -0.5165
6    N               -2.0381              -1.4271              -0.2546
7    O               -1.6282               1.6747              -0.3725
8    H               -2.1412               0.8511              -0.3766
9    H                0.0151              -0.6918              -1.4490
10   H               -0.5819              -1.6213               1.3078
11   H                0.7591               0.9523               0.2452
12   H               -2.5879              -2.1446               0.2025
13   H               -2.0449              -1.6045              -1.2529
14   H               -0.4630               2.6855               1.0000
15   H               -1.6792               1.4292               1.7184
16   H                2.7654               0.2720               1.5160
17   H                1.7300               0.7186              -2.0364
18   H                2.4386              -1.4230               1.1144
19   H                1.2763              -0.4792               2.0643
20   H                2.8567               1.2779              -0.8113
21   H                2.9569              -0.3910              -1.3933


Energy:                 -383.525536 Convergence criteria  Is converged 
Maximum Force:             0.007247     0.002850  No
RMS Force:                 0.003799     0.001900  No
Maximum Displacement:      0.001521     0.003150  Yes
RMS Displacement:          0.000801     0.002100  Yes

----------------------------------------------------------------------
                          Iteration: 68 [SD]                          


                             Coordinates                              
----------------------------------------------------------------------
0    C               -0.7588              -1.2321               0.3187
1    C                1.2993               0.0421              -0.0312
2    C               -1.1311               1.8411               0.8853
3    C                1.9861              -0.4378               1.2363
4    C                2.2707               0.4161              -1.1358
5    N                0.3190              -0.9433              -0.5162
6    N               -2.0378              -1.4261              -0.2548
7    O               -1.6285               1.6744              -0.3723
8    H               -2.1412               0.8509              -0.3767
9    H                0.0149              -0.6917              -1.4488
10   H               -0.5817              -1.6221               1.3074
11   H                0.7588               0.9522               0.2450
12   H               -2.5871              -2.1436               0.2025
13   H               -2.0437              -1.6049              -1.2526
14   H               -0.4642               2.6852               0.9999
15   H               -1.6793               1.4297               1.7187
16   H                2.7655               0.2719               1.5161
17   H                1.7301               0.7183              -2.0364
18   H                2.4386              -1.4231               1.1138
19   H                1.2764              -0.4796               2.0643
20   H                2.8570               1.2775              -0.8115
21   H                2.9568              -0.3915              -1.3933


Energy:                 -383.525599 Convergence criteria  Is converged 
Maximum Force:             0.007117     0.002850  No
RMS Force:                 0.003698     0.001900  No
Maximum Displacement:      0.001449     0.003150  Yes
RMS Displacement:          0.000760     0.002100  Yes

----------------------------------------------------------------------
                          Iteration: 69 [SD]                          


                             Coordinates                              
----------------------------------------------------------------------
0    C               -0.7589              -1.2307               0.3191
1    C                1.2994               0.0421              -0.0311
2    C               -1.1318               1.8408               0.8853
3    C                1.9862              -0.4379               1.2363
4    C                2.2708               0.4158              -1.1358
5    N                0.3187              -0.9427              -0.5159
6    N               -2.0375              -1.4250              -0.2549
7    O               -1.6288               1.6742              -0.3721
8    H               -2.1413               0.8507              -0.3768
9    H                0.0147              -0.6916              -1.4486
10   H               -0.5814              -1.6229               1.3069
11   H                0.7586               0.9520               0.2449
12   H               -2.5864              -2.1426               0.2026
13   H               -2.0425              -1.6053              -1.2525
14   H               -0.4654               2.6850               0.9998
15   H               -1.6794               1.4301               1.7192
16   H                2.7657               0.2718               1.5161
17   H                1.7303               0.7181              -2.0364
18   H                2.4386              -1.4232               1.1132
19   H                1.2765              -0.4799               2.0642
20   H                2.8574               1.2771              -0.8117
21   H                2.9567              -0.3921              -1.3932


Energy:                 -383.525658 Convergence criteria  Is converged 
Maximum Force:             0.007048     0.002850  No
RMS Force:                 0.003626     0.001900  No
Maximum Displacement:      0.001423     0.003150  Yes
RMS Displacement:          0.000740     0.002100  Yes

----------------------------------------------------------------------
                      Iteration: 70 [SD] (GDIIS)                      


                             Coordinates                              
----------------------------------------------------------------------
0    C               -0.7560              -1.2501               0.3167
1    C                1.2976               0.0404              -0.0311
2    C               -1.1396               1.8821               0.8916
3    C                1.9854              -0.4397               1.2353
4    C                2.2699               0.4141              -1.1353
5    N                0.3198              -0.9477              -0.5173
6    N               -2.0350              -1.4379              -0.2601
7    O               -1.6203               1.6783              -0.3696
8    H               -2.1254               0.8499              -0.3632
9    H                0.0127              -0.6939              -1.4484
10   H               -0.5767              -1.6520               1.3005
11   H                0.7549               0.9493               0.2443
12   H               -2.5886              -2.1505               0.1962
13   H               -2.0429              -1.6164              -1.2558
14   H               -0.4807               2.7301               0.9994
15   H               -1.6746               1.4475               1.7248
16   H                2.7643               0.2706               1.5150
17   H                1.7294               0.7169              -2.0357
18   H                2.4381              -1.4246               1.1102
19   H                1.2764              -0.4829               2.0636
20   H                2.8566               1.2752              -0.8106
21   H                2.9547              -0.3952              -1.3920


Energy:                 -383.525550 Convergence criteria  Is converged 
Maximum Force:             0.008439     0.002850  No
RMS Force:                 0.004459     0.001900  No
Maximum Displacement:      0.045118     0.003150  No
RMS Displacement:          0.017624     0.002100  No

----------------------------------------------------------------------
                          Iteration: 71 [SD]                          


                             Coordinates                              
----------------------------------------------------------------------
0    C               -0.7560              -1.2488               0.3169
1    C                1.2975               0.0405              -0.0310
2    C               -1.1413               1.8806               0.8912
3    C                1.9855              -0.4398               1.2353
4    C                2.2699               0.4138              -1.1353
5    N                0.3195              -0.9472              -0.5171
6    N               -2.0346              -1.4364              -0.2596
7    O               -1.6203               1.6783              -0.3687
8    H               -2.1254               0.8497              -0.3632
9    H                0.0125              -0.6938              -1.4481
10   H               -0.5765              -1.6528               1.3000
11   H                0.7548               0.9493               0.2442
12   H               -2.5882              -2.1498               0.1965
13   H               -2.0416              -1.6169              -1.2563
14   H               -0.4817               2.7302               0.9992
15   H               -1.6742               1.4483               1.7248
16   H                2.7644               0.2705               1.5151
17   H                1.7295               0.7167              -2.0358
18   H                2.4381              -1.4246               1.1097
19   H                1.2765              -0.4832               2.0635
20   H                2.8570               1.2747              -0.8108
21   H                2.9545              -0.3957              -1.3920


Energy:                 -383.525628 Convergence criteria  Is converged 
Maximum Force:             0.006458     0.002850  No
RMS Force:                 0.003727     0.001900  No
Maximum Displacement:      0.001688     0.003150  Yes
RMS Displacement:          0.000892     0.002100  Yes

----------------------------------------------------------------------
                          Iteration: 72 [SD]                          


                             Coordinates                              
----------------------------------------------------------------------
0    C               -0.7561              -1.2475               0.3172
1    C                1.2974               0.0406              -0.0309
2    C               -1.1422               1.8799               0.8909
3    C                1.9856              -0.4399               1.2353
4    C                2.2699               0.4135              -1.1353
5    N                0.3192              -0.9468              -0.5169
6    N               -2.0344              -1.4352              -0.2596
7    O               -1.6205               1.6781              -0.3683
8    H               -2.1253               0.8496              -0.3633
9    H                0.0124              -0.6937              -1.4480
10   H               -0.5763              -1.6535               1.2994
11   H                0.7547               0.9493               0.2441
12   H               -2.5877              -2.1491               0.1968
13   H               -2.0403              -1.6173              -1.2565
14   H               -0.4828               2.7300               0.9991
15   H               -1.6742               1.4488               1.7251
16   H                2.7646               0.2704               1.5152
17   H                1.7297               0.7164              -2.0358
18   H                2.4382              -1.4247               1.1092
19   H                1.2765              -0.4836               2.0635
20   H                2.8573               1.2743              -0.8110
21   H                2.9543              -0.3962              -1.3919


Energy:                 -383.525688 Convergence criteria  Is converged 
Maximum Force:             0.006337     0.002850  No
RMS Force:                 0.003557     0.001900  No
Maximum Displacement:      0.001292     0.003150  Yes
RMS Displacement:          0.000745     0.002100  Yes

----------------------------------------------------------------------
                          Iteration: 73 [SD]                          


                             Coordinates                              
----------------------------------------------------------------------
0    C               -0.7561              -1.2462               0.3176
1    C                1.2973               0.0407              -0.0308
2    C               -1.1428               1.8794               0.8908
3    C                1.9857              -0.4400               1.2353
4    C                2.2699               0.4133              -1.1353
5    N                0.3190              -0.9463              -0.5167
6    N               -2.0343              -1.4341              -0.2597
7    O               -1.6209               1.6780              -0.3681
8    H               -2.1253               0.8494              -0.3634
9    H                0.0122              -0.6936              -1.4478
10   H               -0.5760              -1.6543               1.2989
11   H                0.7545               0.9493               0.2440
12   H               -2.5871              -2.1483               0.1971
13   H               -2.0391              -1.6177              -1.2565
14   H               -0.4840               2.7298               0.9990
15   H               -1.6742               1.4493               1.7254
16   H                2.7647               0.2703               1.5152
17   H                1.7298               0.7161              -2.0359
18   H                2.4382              -1.4248               1.1087
19   H                1.2766              -0.4840               2.0635
20   H                2.8577               1.2739              -0.8112
21   H                2.9541              -0.3967              -1.3918


Energy:                 -383.525743 Convergence criteria  Is converged 
Maximum Force:             0.006255     0.002850  No
RMS Force:                 0.003472     0.001900  No
Maximum Displacement:      0.001267     0.003150  Yes
RMS Displacement:          0.000711     0.002100  Yes

----------------------------------------------------------------------
                          Iteration: 74 [SD]                          


                             Coordinates                              
----------------------------------------------------------------------
0    C               -0.7562              -1.2450               0.3180
1    C                1.2973               0.0408              -0.0307
2    C               -1.1434               1.8790               0.8908
3    C                1.9858              -0.4401               1.2353
4    C                2.2699               0.4130              -1.1352
5    N                0.3188              -0.9459              -0.5165
6    N               -2.0342              -1.4330              -0.2598
7    O               -1.6212               1.6778              -0.3680
8    H               -2.1253               0.8491              -0.3635
9    H                0.0120              -0.6935              -1.4477
10   H               -0.5758              -1.6551               1.2984
11   H                0.7544               0.9494               0.2440
12   H               -2.5866              -2.1474               0.1973
13   H               -2.0379              -1.6181              -1.2565
14   H               -0.4852               2.7296               0.9989
15   H               -1.6743               1.4497               1.7258
16   H                2.7648               0.2702               1.5153
17   H                1.7299               0.7159              -2.0359
18   H                2.4382              -1.4249               1.1082
19   H                1.2767              -0.4844               2.0635
20   H                2.8580               1.2735              -0.8114
21   H                2.9539              -0.3971              -1.3918


Energy:                 -383.525795 Convergence criteria  Is converged 
Maximum Force:             0.006185     0.002850  No
RMS Force:                 0.003411     0.001900  No
Maximum Displacement:      0.001251     0.003150  Yes
RMS Displacement:          0.000694     0.002100  Yes

----------------------------------------------------------------------
                      Iteration: 75 [SD] (GDIIS)                      


                             Coordinates                              
----------------------------------------------------------------------
0    C               -0.7498              -1.2807               0.3172
1    C                1.2930               0.0378              -0.0299
2    C               -1.1805               1.9818               0.9059
3    C                1.9855              -0.4461               1.2323
4    C                2.2687               0.4052              -1.1343
5    N                0.3201              -0.9555              -0.5177
6    N               -2.0286              -1.4484              -0.2713
7    O               -1.6056               1.6879              -0.3567
8    H               -2.0850               0.8434              -0.3301
9    H                0.0052              -0.6977              -1.4445
10   H               -0.5619              -1.7413               1.2771
11   H                0.7521               0.9478               0.2387
12   H               -2.5856              -2.1599               0.1837
13   H               -2.0228              -1.6525              -1.2657
14   H               -0.5360               2.8416               0.9972
15   H               -1.6680               1.5005               1.7435
16   H                2.7639               0.2647               1.5135
17   H                1.7304               0.7096              -2.0352
18   H                2.4380              -1.4297               1.0946
19   H                1.2779              -0.4972               2.0608
20   H                2.8615               1.2630              -0.8115
21   H                2.9474              -0.4107              -1.3890


Energy:                 -383.526125 Convergence criteria  Is converged 
Maximum Force:             0.010121     0.002850  No
RMS Force:                 0.004542     0.001900  No
Maximum Displacement:      0.112039     0.003150  No
RMS Displacement:          0.045877     0.002100  No

----------------------------------------------------------------------
                          Iteration: 76 [SD]                          


                             Coordinates                              
----------------------------------------------------------------------
0    C               -0.7498              -1.2798               0.3173
1    C                1.2931               0.0377              -0.0300
2    C               -1.1821               1.9798               0.9053
3    C                1.9855              -0.4461               1.2323
4    C                2.2687               0.4050              -1.1343
5    N                0.3198              -0.9551              -0.5172
6    N               -2.0282              -1.4477              -0.2713
7    O               -1.6057               1.6880              -0.3558
8    H               -2.0847               0.8436              -0.3299
9    H                0.0051              -0.6975              -1.4444
10   H               -0.5617              -1.7417               1.2761
11   H                0.7518               0.9481               0.2388
12   H               -2.5854              -2.1590               0.1842
13   H               -2.0215              -1.6526              -1.2656
14   H               -0.5369               2.8417               0.9969
15   H               -1.6674               1.5015               1.7433
16   H                2.7640               0.2645               1.5136
17   H                1.7305               0.7094              -2.0353
18   H                2.4381              -1.4297               1.0942
19   H                1.2780              -0.4977               2.0609
20   H                2.8618               1.2625              -0.8116
21   H                2.9471              -0.4111              -1.3888


Energy:                 -383.526203 Convergence criteria  Is converged 
Maximum Force:             0.006196     0.002850  No
RMS Force:                 0.003552     0.001900  No
Maximum Displacement:      0.002024     0.003150  Yes
RMS Displacement:          0.000908     0.002100  Yes

----------------------------------------------------------------------
                          Iteration: 77 [SD]                          


                             Coordinates                              
----------------------------------------------------------------------
0    C               -0.7499              -1.2789               0.3175
1    C                1.2931               0.0378              -0.0299
2    C               -1.1829               1.9788               0.9049
3    C                1.9855              -0.4462               1.2322
4    C                2.2686               0.4047              -1.1343
5    N                0.3195              -0.9547              -0.5170
6    N               -2.0279              -1.4471              -0.2714
7    O               -1.6059               1.6879              -0.3553
8    H               -2.0845               0.8437              -0.3298
9    H                0.0050              -0.6974              -1.4443
10   H               -0.5616              -1.7422               1.2752
11   H                0.7516               0.9483               0.2390
12   H               -2.5851              -2.1581               0.1846
13   H               -2.0203              -1.6528              -1.2655
14   H               -0.5382               2.8413               0.9967
15   H               -1.6670               1.5022               1.7434
16   H                2.7641               0.2643               1.5136
17   H                1.7307               0.7091              -2.0355
18   H                2.4382              -1.4297               1.0938
19   H                1.2781              -0.4981               2.0610
20   H                2.8621               1.2621              -0.8118
21   H                2.9468              -0.4114              -1.3887


Energy:                 -383.526256 Convergence criteria  Is converged 
Maximum Force:             0.006278     0.002850  No
RMS Force:                 0.003296     0.001900  No
Maximum Displacement:      0.001239     0.003150  Yes
RMS Displacement:          0.000710     0.002100  Yes

----------------------------------------------------------------------
                          Iteration: 78 [SD]                          


                             Coordinates                              
----------------------------------------------------------------------
0    C               -0.7499              -1.2779               0.3177
1    C                1.2930               0.0380              -0.0298
2    C               -1.1833               1.9781               0.9047
3    C                1.9854              -0.4463               1.2322
4    C                2.2686               0.4045              -1.1343
5    N                0.3193              -0.9543              -0.5168
6    N               -2.0276              -1.4464              -0.2715
7    O               -1.6062               1.6878              -0.3551
8    H               -2.0843               0.8436              -0.3297
9    H                0.0048              -0.6973              -1.4441
10   H               -0.5614              -1.7428               1.2744
11   H                0.7514               0.9484               0.2391
12   H               -2.5848              -2.1572               0.1850
13   H               -2.0191              -1.6529              -1.2654
14   H               -0.5394               2.8409               0.9965
15   H               -1.6668               1.5027               1.7436
16   H                2.7641               0.2641               1.5137
17   H                1.7308               0.7089              -2.0356
18   H                2.4383              -1.4296               1.0935
19   H                1.2782              -0.4985               2.0610
20   H                2.8624               1.2616              -0.8120
21   H                2.9465              -0.4118              -1.3886


Energy:                 -383.526303 Convergence criteria  Is converged 
Maximum Force:             0.006015     0.002850  No
RMS Force:                 0.003167     0.001900  No
Maximum Displacement:      0.001256     0.003150  Yes
RMS Displacement:          0.000659     0.002100  Yes

----------------------------------------------------------------------
                          Iteration: 79 [SD]                          


                             Coordinates                              
----------------------------------------------------------------------
0    C               -0.7500              -1.2770               0.3179
1    C                1.2930               0.0382              -0.0298
2    C               -1.1837               1.9775               0.9045
3    C                1.9854              -0.4463               1.2322
4    C                2.2685               0.4043              -1.1343
5    N                0.3192              -0.9539              -0.5166
6    N               -2.0274              -1.4458              -0.2716
7    O               -1.6066               1.6877              -0.3550
8    H               -2.0843               0.8435              -0.3297
9    H                0.0047              -0.6971              -1.4440
10   H               -0.5612              -1.7433               1.2736
11   H                0.7512               0.9486               0.2392
12   H               -2.5845              -2.1563               0.1854
13   H               -2.0179              -1.6531              -1.2653
14   H               -0.5406               2.8406               0.9962
15   H               -1.6667               1.5031               1.7439
16   H                2.7642               0.2639               1.5138
17   H                1.7309               0.7086              -2.0357
18   H                2.4383              -1.4296               1.0931
19   H                1.2783              -0.4989               2.0611
20   H                2.8627               1.2612              -0.8121
21   H                2.9462              -0.4122              -1.3885


Energy:                 -383.526347 Convergence criteria  Is converged 
Maximum Force:             0.005771     0.002850  No
RMS Force:                 0.003078     0.001900  No
Maximum Displacement:      0.001203     0.003150  Yes
RMS Displacement:          0.000633     0.002100  Yes

----------------------------------------------------------------------
                      Iteration: 80 [SD] (GDIIS)                      


                             Coordinates                              
----------------------------------------------------------------------
0    C               -0.7451              -1.3029               0.3201
1    C                1.2868               0.0347              -0.0285
2    C               -1.2245               2.0811               0.9183
3    C                1.9849              -0.4533               1.2291
4    C                2.2656               0.3949              -1.1327
5    N                0.3194              -0.9636              -0.5177
6    N               -2.0160              -1.4661              -0.2861
7    O               -1.5904               1.6972              -0.3397
8    H               -2.0403               0.8368              -0.2936
9    H               -0.0028              -0.7005              -1.4411
10   H               -0.5441              -1.8401               1.2431
11   H                0.7447               0.9458               0.2350
12   H               -2.5836              -2.1625               0.1779
13   H               -1.9938              -1.6878              -1.2774
14   H               -0.6033               2.9604               0.9930
15   H               -1.6578               1.5634               1.7642
16   H                2.7638               0.2566               1.5127
17   H                1.7325               0.7002              -2.0358
18   H                2.4392              -1.4346               1.0770
19   H                1.2795              -0.5149               2.0587
20   H                2.8683               1.2468              -0.8136
21   H                2.9368              -0.4279              -1.3846


Energy:                 -383.526716 Convergence criteria  Is converged 
Maximum Force:             0.012482     0.002850  No
RMS Force:                 0.005041     0.001900  No
Maximum Displacement:      0.119856     0.003150  No
RMS Displacement:          0.049858     0.002100  No

----------------------------------------------------------------------
                          Iteration: 81 [SD]                          


                             Coordinates                              
----------------------------------------------------------------------
0    C               -0.7448              -1.3028               0.3205
1    C                1.2871               0.0347              -0.0286
2    C               -1.2262               2.0786               0.9175
3    C                1.9847              -0.4534               1.2291
4    C                2.2656               0.3948              -1.1328
5    N                0.3192              -0.9631              -0.5172
6    N               -2.0155              -1.4655              -0.2858
7    O               -1.5902               1.6977              -0.3387
8    H               -2.0399               0.8373              -0.2931
9    H               -0.0029              -0.7003              -1.4408
10   H               -0.5441              -1.8399               1.2415
11   H                0.7445               0.9460               0.2353
12   H               -2.5836              -2.1617               0.1782
13   H               -1.9929              -1.6880              -1.2772
14   H               -0.6044               2.9600               0.9925
15   H               -1.6569               1.5645               1.7639
16   H                2.7637               0.2563               1.5127
17   H                1.7325               0.7000              -2.0360
18   H                2.4392              -1.4345               1.0768
19   H                1.2797              -0.5154               2.0588
20   H                2.8685               1.2464              -0.8137
21   H                2.9364              -0.4283              -1.3844


Energy:                 -383.526809 Convergence criteria  Is converged 
Maximum Force:             0.006699     0.002850  No
RMS Force:                 0.003689     0.001900  No
Maximum Displacement:      0.002496     0.003150  Yes
RMS Displacement:          0.001008     0.002100  Yes

----------------------------------------------------------------------
                          Iteration: 82 [SD]                          


                             Coordinates                              
----------------------------------------------------------------------
0    C               -0.7447              -1.3025               0.3205
1    C                1.2872               0.0349              -0.0286
2    C               -1.2269               2.0774               0.9170
3    C                1.9847              -0.4534               1.2290
4    C                2.2656               0.3947              -1.1329
5    N                0.3190              -0.9626              -0.5169
6    N               -2.0152              -1.4650              -0.2857
7    O               -1.5903               1.6979              -0.3383
8    H               -2.0395               0.8377              -0.2927
9    H               -0.0030              -0.7001              -1.4406
10   H               -0.5440              -1.8398               1.2403
11   H                0.7443               0.9462               0.2355
12   H               -2.5835              -2.1608               0.1784
13   H               -1.9919              -1.6882              -1.2769
14   H               -0.6057               2.9592               0.9920
15   H               -1.6565               1.5652               1.7640
16   H                2.7637               0.2561               1.5128
17   H                1.7325               0.6998              -2.0362
18   H                2.4393              -1.4344               1.0766
19   H                1.2798              -0.5158               2.0589
20   H                2.8688               1.2461              -0.8137
21   H                2.9361              -0.4287              -1.3843


Energy:                 -383.526865 Convergence criteria  Is converged 
Maximum Force:             0.006644     0.002850  No
RMS Force:                 0.003246     0.001900  No
Maximum Displacement:      0.001340     0.003150  Yes
RMS Displacement:          0.000738     0.002100  Yes

----------------------------------------------------------------------
                          Iteration: 83 [SD]                          


                             Coordinates                              
----------------------------------------------------------------------
0    C               -0.7446              -1.3021               0.3205
1    C                1.2873               0.0350              -0.0285
2    C               -1.2274               2.0765               0.9167
3    C                1.9846              -0.4535               1.2290
4    C                2.2656               0.3945              -1.1330
5    N                0.3189              -0.9621              -0.5166
6    N               -2.0148              -1.4645              -0.2856
7    O               -1.5906               1.6980              -0.3382
8    H               -2.0392               0.8380              -0.2924
9    H               -0.0031              -0.6999              -1.4403
10   H               -0.5439              -1.8399               1.2393
11   H                0.7442               0.9463               0.2358
12   H               -2.5835              -2.1600               0.1786
13   H               -1.9910              -1.6884              -1.2766
14   H               -0.6070               2.9585               0.9914
15   H               -1.6561               1.5657               1.7643
16   H                2.7637               0.2558               1.5129
17   H                1.7326               0.6997              -2.0363
18   H                2.4393              -1.4343               1.0764
19   H                1.2800              -0.5163               2.0591
20   H                2.8690               1.2458              -0.8138
21   H                2.9358              -0.4291              -1.3842


Energy:                 -383.526909 Convergence criteria  Is converged 
Maximum Force:             0.006247     0.002850  No
RMS Force:                 0.002997     0.001900  No
Maximum Displacement:      0.001329     0.003150  Yes
RMS Displacement:          0.000649     0.002100  Yes

----------------------------------------------------------------------
                          Iteration: 84 [SD]                          


                             Coordinates                              
----------------------------------------------------------------------
0    C               -0.7445              -1.3016               0.3205
1    C                1.2873               0.0352              -0.0285
2    C               -1.2277               2.0757               0.9165
3    C                1.9846              -0.4535               1.2290
4    C                2.2656               0.3944              -1.1331
5    N                0.3188              -0.9616              -0.5164
6    N               -2.0146              -1.4640              -0.2855
7    O               -1.5908               1.6980              -0.3382
8    H               -2.0390               0.8381              -0.2921
9    H               -0.0031              -0.6998              -1.4401
10   H               -0.5437              -1.8400               1.2384
11   H                0.7442               0.9464               0.2360
12   H               -2.5835              -2.1591               0.1788
13   H               -1.9900              -1.6886              -1.2763
14   H               -0.6083               2.9578               0.9909
15   H               -1.6559               1.5661               1.7646
16   H                2.7636               0.2556               1.5130
17   H                1.7326               0.6995              -2.0365
18   H                2.4394              -1.4342               1.0762
19   H                1.2801              -0.5167               2.0592
20   H                2.8692               1.2454              -0.8139
21   H                2.9355              -0.4295              -1.3840


Energy:                 -383.526948 Convergence criteria  Is converged 
Maximum Force:             0.005818     0.002850  No
RMS Force:                 0.002824     0.001900  No
Maximum Displacement:      0.001249     0.003150  Yes
RMS Displacement:          0.000599     0.002100  Yes

----------------------------------------------------------------------
                      Iteration: 85 [SD] (GDIIS)                      


                             Coordinates                              
----------------------------------------------------------------------
0    C               -0.7389              -1.3358               0.3168
1    C                1.2836               0.0354              -0.0271
2    C               -1.2426               2.1295               0.9213
3    C                1.9831              -0.4560               1.2280
4    C                2.2636               0.3918              -1.1326
5    N                0.3197              -0.9658              -0.5179
6    N               -2.0130              -1.4762              -0.2909
7    O               -1.5804               1.7050              -0.3321
8    H               -2.0164               0.8379              -0.2710
9    H               -0.0060              -0.7016              -1.4389
10   H               -0.5372              -1.8793               1.2245
11   H                0.7413               0.9470               0.2372
12   H               -2.5884              -2.1664               0.1727
13   H               -1.9846              -1.7053              -1.2810
14   H               -0.6340               3.0172               0.9877
15   H               -1.6460               1.5907               1.7712
16   H                2.7623               0.2523               1.5125
17   H                1.7323               0.6968              -2.0372
18   H                2.4394              -1.4351               1.0712
19   H                1.2809              -0.5236               2.0597
20   H                2.8704               1.2406              -0.8136
21   H                2.9308              -0.4353              -1.3818


Energy:                 -383.526720 Convergence criteria  Is converged 
Maximum Force:             0.016009     0.002850  No
RMS Force:                 0.006393     0.001900  No
Maximum Displacement:      0.059450     0.003150  No
RMS Displacement:          0.024411     0.002100  No

----------------------------------------------------------------------
                          Iteration: 86 [SD]                          


                             Coordinates                              
----------------------------------------------------------------------
0    C               -0.7388              -1.3338               0.3147
1    C                1.2836               0.0352              -0.0271
2    C               -1.2447               2.1263               0.9207
3    C                1.9830              -0.4561               1.2280
4    C                2.2635               0.3917              -1.1326
5    N                0.3193              -0.9657              -0.5171
6    N               -2.0122              -1.4757              -0.2906
7    O               -1.5802               1.7055              -0.3310
8    H               -2.0159               0.8386              -0.2706
9    H               -0.0062              -0.7014              -1.4387
10   H               -0.5367              -1.8802               1.2249
11   H                0.7412               0.9471               0.2374
12   H               -2.5885              -2.1656               0.1729
13   H               -1.9839              -1.7055              -1.2807
14   H               -0.6349               3.0169               0.9871
15   H               -1.6449               1.5922               1.7707
16   H                2.7623               0.2522               1.5126
17   H                1.7324               0.6967              -2.0373
18   H                2.4394              -1.4351               1.0709
19   H                1.2810              -0.5240               2.0598
20   H                2.8706               1.2403              -0.8137
21   H                2.9304              -0.4357              -1.3816


Energy:                 -383.526857 Convergence criteria  Is converged 
Maximum Force:             0.007476     0.002850  No
RMS Force:                 0.003877     0.001900  No
Maximum Displacement:      0.003202     0.003150  No
RMS Displacement:          0.001279     0.002100  Yes

----------------------------------------------------------------------
                          Iteration: 87 [SD]                          


                             Coordinates                              
----------------------------------------------------------------------
0    C               -0.7387              -1.3326               0.3143
1    C                1.2836               0.0351              -0.0270
2    C               -1.2456               2.1248               0.9203
3    C                1.9830              -0.4561               1.2281
4    C                2.2634               0.3915              -1.1326
5    N                0.3192              -0.9654              -0.5170
6    N               -2.0117              -1.4753              -0.2907
7    O               -1.5803               1.7056              -0.3305
8    H               -2.0155               0.8391              -0.2703
9    H               -0.0063              -0.7012              -1.4385
10   H               -0.5364              -1.8807               1.2246
11   H                0.7411               0.9472               0.2375
12   H               -2.5884              -2.1647               0.1731
13   H               -1.9832              -1.7057              -1.2805
14   H               -0.6362               3.0159               0.9865
15   H               -1.6442               1.5931               1.7707
16   H                2.7623               0.2520               1.5127
17   H                1.7324               0.6965              -2.0374
18   H                2.4395              -1.4351               1.0707
19   H                1.2811              -0.5244               2.0599
20   H                2.8708               1.2400              -0.8139
21   H                2.9301              -0.4360              -1.3815


Energy:                 -383.526917 Convergence criteria  Is converged 
Maximum Force:             0.006660     0.002850  No
RMS Force:                 0.003295     0.001900  No
Maximum Displacement:      0.001495     0.003150  Yes
RMS Displacement:          0.000775     0.002100  Yes

----------------------------------------------------------------------
                          Iteration: 88 [SD]                          


                             Coordinates                              
----------------------------------------------------------------------
0    C               -0.7387              -1.3315               0.3142
1    C                1.2836               0.0352              -0.0270
2    C               -1.2461               2.1238               0.9200
3    C                1.9830              -0.4562               1.2281
4    C                2.2633               0.3914              -1.1326
5    N                0.3191              -0.9650              -0.5170
6    N               -2.0113              -1.4749              -0.2907
7    O               -1.5804               1.7057              -0.3303
8    H               -2.0152               0.8395              -0.2701
9    H               -0.0063              -0.7010              -1.4383
10   H               -0.5361              -1.8810               1.2240
11   H                0.7410               0.9472               0.2377
12   H               -2.5883              -2.1639               0.1733
13   H               -1.9825              -1.7059              -1.2802
14   H               -0.6375               3.0150               0.9860
15   H               -1.6438               1.5937               1.7710
16   H                2.7623               0.2519               1.5128
17   H                1.7325               0.6963              -2.0375
18   H                2.4395              -1.4351               1.0704
19   H                1.2811              -0.5248               2.0600
20   H                2.8710               1.2397              -0.8140
21   H                2.9297              -0.4364              -1.3814


Energy:                 -383.526963 Convergence criteria  Is converged 
Maximum Force:             0.006252     0.002850  No
RMS Force:                 0.003024     0.001900  No
Maximum Displacement:      0.001332     0.003150  Yes
RMS Displacement:          0.000659     0.002100  Yes

----------------------------------------------------------------------
                          Iteration: 89 [SD]                          


                             Coordinates                              
----------------------------------------------------------------------
0    C               -0.7386              -1.3306               0.3144
1    C                1.2836               0.0352              -0.0269
2    C               -1.2465               2.1230               0.9198
3    C                1.9830              -0.4563               1.2281
4    C                2.2633               0.3912              -1.1326
5    N                0.3191              -0.9647              -0.5170
6    N               -2.0110              -1.4745              -0.2908
7    O               -1.5806               1.7057              -0.3303
8    H               -2.0150               0.8396              -0.2699
9    H               -0.0064              -0.7008              -1.4382
10   H               -0.5358              -1.8813               1.2234
11   H                0.7409               0.9472               0.2378
12   H               -2.5883              -2.1630               0.1735
13   H               -1.9819              -1.7061              -1.2801
14   H               -0.6388               3.0141               0.9854
15   H               -1.6434               1.5942               1.7714
16   H                2.7623               0.2518               1.5130
17   H                1.7325               0.6962              -2.0375
18   H                2.4396              -1.4351               1.0702
19   H                1.2812              -0.5252               2.0601
20   H                2.8712               1.2394              -0.8141
21   H                2.9294              -0.4368              -1.3812


Energy:                 -383.527002 Convergence criteria  Is converged 
Maximum Force:             0.005784     0.002850  No
RMS Force:                 0.002844     0.001900  No
Maximum Displacement:      0.001250     0.003150  Yes
RMS Displacement:          0.000605     0.002100  Yes

----------------------------------------------------------------------
                      Iteration: 90 [SD] (GDIIS)                      


                             Coordinates                              
----------------------------------------------------------------------
0    C               -0.7356              -1.3488               0.3145
1    C                1.2816               0.0346              -0.0264
2    C               -1.2583               2.1622               0.9244
3    C                1.9824              -0.4584               1.2271
4    C                2.2623               0.3889              -1.1323
5    N                0.3199              -0.9682              -0.5180
6    N               -2.0085              -1.4837              -0.2951
7    O               -1.5738               1.7102              -0.3260
8    H               -1.9993               0.8384              -0.2559
9    H               -0.0086              -0.7021              -1.4373
10   H               -0.5308              -1.9112               1.2125
11   H                0.7393               0.9465               0.2372
12   H               -2.5903              -2.1677               0.1696
13   H               -1.9770              -1.7179              -1.2840
14   H               -0.6581               3.0567               0.9838
15   H               -1.6394               1.6132               1.7777
16   H                2.7616               0.2494               1.5124
17   H                1.7325               0.6940              -2.0378
18   H                2.4397              -1.4364               1.0661
19   H                1.2816              -0.5302               2.0596
20   H                2.8722               1.2356              -0.8139
21   H                2.9264              -0.4414              -1.3799


Energy:                 -383.526805 Convergence criteria  Is converged 
Maximum Force:             0.016214     0.002850  No
RMS Force:                 0.006033     0.001900  No
Maximum Displacement:      0.042551     0.003150  No
RMS Displacement:          0.017436     0.002100  No

----------------------------------------------------------------------
                          Iteration: 91 [SD]                          


                             Coordinates                              
----------------------------------------------------------------------
0    C               -0.7355              -1.3471               0.3131
1    C                1.2817               0.0343              -0.0264
2    C               -1.2603               2.1590               0.9236
3    C                1.9823              -0.4585               1.2272
4    C                2.2622               0.3887              -1.1323
5    N                0.3196              -0.9681              -0.5174
6    N               -2.0079              -1.4833              -0.2949
7    O               -1.5735               1.7107              -0.3247
8    H               -1.9988               0.8392              -0.2555
9    H               -0.0087              -0.7019              -1.4372
10   H               -0.5303              -1.9119               1.2125
11   H                0.7392               0.9466               0.2374
12   H               -2.5903              -2.1669               0.1698
13   H               -1.9764              -1.7181              -1.2838
14   H               -0.6590               3.0562               0.9831
15   H               -1.6383               1.6146               1.7772
16   H                2.7616               0.2493               1.5126
17   H                1.7325               0.6939              -2.0378
18   H                2.4398              -1.4364               1.0659
19   H                1.2817              -0.5306               2.0597
20   H                2.8724               1.2354              -0.8140
21   H                2.9260              -0.4417              -1.3798


Energy:                 -383.526931 Convergence criteria  Is converged 
Maximum Force:             0.007686     0.002850  No
RMS Force:                 0.003872     0.001900  No
Maximum Displacement:      0.003243     0.003150  No
RMS Displacement:          0.001207     0.002100  Yes

----------------------------------------------------------------------
                          Iteration: 92 [SD]                          


                             Coordinates                              
----------------------------------------------------------------------
0    C               -0.7354              -1.3458               0.3129
1    C                1.2817               0.0343              -0.0263
2    C               -1.2611               2.1574               0.9232
3    C                1.9824              -0.4586               1.2272
4    C                2.2621               0.3886              -1.1322
5    N                0.3195              -0.9678              -0.5173
6    N               -2.0074              -1.4829              -0.2949
7    O               -1.5736               1.7109              -0.3241
8    H               -1.9984               0.8398              -0.2552
9    H               -0.0088              -0.7017              -1.4370
10   H               -0.5300              -1.9122               1.2121
11   H                0.7390               0.9466               0.2376
12   H               -2.5903              -2.1661               0.1700
13   H               -1.9758              -1.7183              -1.2836
14   H               -0.6603               3.0551               0.9825
15   H               -1.6376               1.6156               1.7773
16   H                2.7616               0.2492               1.5127
17   H                1.7325               0.6937              -2.0379
18   H                2.4398              -1.4364               1.0657
19   H                1.2817              -0.5310               2.0598
20   H                2.8726               1.2351              -0.8142
21   H                2.9257              -0.4420              -1.3796


Energy:                 -383.526991 Convergence criteria  Is converged 
Maximum Force:             0.006528     0.002850  No
RMS Force:                 0.003303     0.001900  No
Maximum Displacement:      0.001537     0.003150  Yes
RMS Displacement:          0.000774     0.002100  Yes

----------------------------------------------------------------------
                          Iteration: 93 [SD]                          


                             Coordinates                              
----------------------------------------------------------------------
0    C               -0.7353              -1.3448               0.3129
1    C                1.2817               0.0343              -0.0262
2    C               -1.2616               2.1564               0.9229
3    C                1.9824              -0.4587               1.2273
4    C                2.2621               0.3884              -1.1322
5    N                0.3194              -0.9675              -0.5173
6    N               -2.0070              -1.4825              -0.2950
7    O               -1.5738               1.7110              -0.3239
8    H               -1.9981               0.8402              -0.2550
9    H               -0.0089              -0.7015              -1.4369
10   H               -0.5297              -1.9124               1.2115
11   H                0.7390               0.9466               0.2377
12   H               -2.5902              -2.1653               0.1702
13   H               -1.9753              -1.7185              -1.2834
14   H               -0.6616               3.0540               0.9819
15   H               -1.6371               1.6163               1.7776
16   H                2.7616               0.2491               1.5129
17   H                1.7326               0.6936              -2.0379
18   H                2.4399              -1.4364               1.0654
19   H                1.2818              -0.5313               2.0599
20   H                2.8728               1.2348              -0.8143
21   H                2.9254              -0.4423              -1.3795


Energy:                 -383.527037 Convergence criteria  Is converged 
Maximum Force:             0.006097     0.002850  No
RMS Force:                 0.003016     0.001900  No
Maximum Displacement:      0.001306     0.003150  Yes
RMS Displacement:          0.000661     0.002100  Yes

----------------------------------------------------------------------
                          Iteration: 94 [SD]                          


                             Coordinates                              
----------------------------------------------------------------------
0    C               -0.7353              -1.3438               0.3131
1    C                1.2817               0.0343              -0.0262
2    C               -1.2620               2.1556               0.9226
3    C                1.9824              -0.4588               1.2273
4    C                2.2620               0.3883              -1.1322
5    N                0.3194              -0.9672              -0.5173
6    N               -2.0067              -1.4821              -0.2951
7    O               -1.5740               1.7110              -0.3239
8    H               -1.9979               0.8404              -0.2549
9    H               -0.0090              -0.7012              -1.4369
10   H               -0.5294              -1.9126               1.2109
11   H                0.7389               0.9466               0.2379
12   H               -2.5901              -2.1644               0.1704
13   H               -1.9747              -1.7186              -1.2832
14   H               -0.6628               3.0530               0.9814
15   H               -1.6367               1.6168               1.7780
16   H                2.7616               0.2491               1.5130
17   H                1.7326               0.6934              -2.0379
18   H                2.4399              -1.4364               1.0652
19   H                1.2819              -0.5317               2.0600
20   H                2.8730               1.2346              -0.8144
21   H                2.9250              -0.4426              -1.3794


Energy:                 -383.527075 Convergence criteria  Is converged 
Maximum Force:             0.005614     0.002850  No
RMS Force:                 0.002819     0.001900  No
Maximum Displacement:      0.001219     0.003150  Yes
RMS Displacement:          0.000603     0.002100  Yes

----------------------------------------------------------------------
                      Iteration: 95 [SD] (GDIIS)                      


                             Coordinates                              
----------------------------------------------------------------------
0    C               -0.7297              -1.3571               0.3134
1    C                1.2794               0.0307              -0.0254
2    C               -1.2866               2.2020               0.9259
3    C                1.9815              -0.4635               1.2264
4    C                2.2597               0.3836              -1.1312
5    N                0.3206              -0.9716              -0.5188
6    N               -1.9947              -1.5000              -0.3028
7    O               -1.5605               1.7209              -0.3120
8    H               -1.9683               0.8455              -0.2291
9    H               -0.0132              -0.7008              -1.4351
10   H               -0.5163              -1.9612               1.1862
11   H                0.7323               0.9403               0.2385
12   H               -2.5938              -2.1648               0.1663
13   H               -1.9661              -1.7384              -1.2895
14   H               -0.7066               3.1117               0.9709
15   H               -1.6231               1.6588               1.7916
16   H                2.7592               0.2453               1.5134
17   H                1.7316               0.6893              -2.0376
18   H                2.4406              -1.4391               1.0580
19   H                1.2822              -0.5424               2.0595
20   H                2.8747               1.2271              -0.8144
21   H                2.9170              -0.4527              -1.3758


Energy:                 -383.527201 Convergence criteria  Is converged 
Maximum Force:             0.004405     0.002850  No
RMS Force:                 0.002737     0.001900  No
Maximum Displacement:      0.058699     0.003150  No
RMS Displacement:          0.028135     0.002100  No

----------------------------------------------------------------------
                          Iteration: 96 [SD]                          


                             Coordinates                              
----------------------------------------------------------------------
0    C               -0.7298              -1.3565               0.3132
1    C                1.2794               0.0309              -0.0253
2    C               -1.2862               2.2024               0.9263
3    C                1.9815              -0.4636               1.2265
4    C                2.2597               0.3835              -1.1312
5    N                0.3206              -0.9715              -0.5189
6    N               -1.9950              -1.4993              -0.3027
7    O               -1.5610               1.7206              -0.3128
8    H               -1.9684               0.8452              -0.2292
9    H               -0.0132              -0.7005              -1.4350
10   H               -0.5159              -1.9613               1.1860
11   H                0.7324               0.9404               0.2387
12   H               -2.5936              -2.1641               0.1667
13   H               -1.9654              -1.7386              -1.2897
14   H               -0.7075               3.1110               0.9704
15   H               -1.6231               1.6587               1.7923
16   H                2.7592               0.2452               1.5136
17   H                1.7317               0.6892              -2.0376
18   H                2.4408              -1.4392               1.0578
19   H                1.2822              -0.5428               2.0595
20   H                2.8749               1.2269              -0.8145
21   H                2.9167              -0.4529              -1.3758


Energy:                 -383.527230 Convergence criteria  Is converged 
Maximum Force:             0.003622     0.002850  No
RMS Force:                 0.002241     0.001900  No
Maximum Displacement:      0.000881     0.003150  Yes
RMS Displacement:          0.000547     0.002100  Yes

----------------------------------------------------------------------
                          Iteration: 97 [SD]                          


                             Coordinates                              
----------------------------------------------------------------------
0    C               -0.7299              -1.3560               0.3131
1    C                1.2793               0.0310              -0.0252
2    C               -1.2862               2.2022               0.9263
3    C                1.9815              -0.4637               1.2265
4    C                2.2596               0.3834              -1.1311
5    N                0.3207              -0.9713              -0.5190
6    N               -1.9951              -1.4986              -0.3027
7    O               -1.5614               1.7205              -0.3132
8    H               -1.9686               0.8449              -0.2293
9    H               -0.0133              -0.7002              -1.4350
10   H               -0.5156              -1.9614               1.1857
11   H                0.7324               0.9406               0.2389
12   H               -2.5934              -2.1635               0.1670
13   H               -1.9647              -1.7388              -1.2896
14   H               -0.7081               3.1107               0.9700
15   H               -1.6230               1.6586               1.7929
16   H                2.7592               0.2451               1.5137
17   H                1.7317               0.6890              -2.0376
18   H                2.4409              -1.4392               1.0577
19   H                1.2823              -0.5432               2.0596
20   H                2.8751               1.2266              -0.8146
21   H                2.9165              -0.4532              -1.3757


Energy:                 -383.527252 Convergence criteria  Is converged 
Maximum Force:             0.003494     0.002850  No
RMS Force:                 0.002135     0.001900  No
Maximum Displacement:      0.000724     0.003150  Yes
RMS Displacement:          0.000448     0.002100  Yes

----------------------------------------------------------------------
                          Iteration: 98 [SD]                          


                             Coordinates                              
----------------------------------------------------------------------
0    C               -0.7299              -1.3555               0.3131
1    C                1.2793               0.0312              -0.0251
2    C               -1.2863               2.2018               0.9263
3    C                1.9815              -0.4638               1.2265
4    C                2.2596               0.3833              -1.1311
5    N                0.3207              -0.9711              -0.5190
6    N               -1.9953              -1.4979              -0.3028
7    O               -1.5618               1.7204              -0.3134
8    H               -1.9687               0.8446              -0.2294
9    H               -0.0134              -0.6999              -1.4350
10   H               -0.5152              -1.9614               1.1854
11   H                0.7325               0.9407               0.2390
12   H               -2.5932              -2.1628               0.1674
13   H               -1.9641              -1.7390              -1.2896
14   H               -0.7087               3.1105               0.9696
15   H               -1.6229               1.6587               1.7934
16   H                2.7592               0.2450               1.5139
17   H                1.7317               0.6889              -2.0376
18   H                2.4410              -1.4393               1.0575
19   H                1.2823              -0.5435               2.0596
20   H                2.8753               1.2264              -0.8147
21   H                2.9163              -0.4534              -1.3757


Energy:                 -383.527272 Convergence criteria  Is converged 
Maximum Force:             0.003373     0.002850  No
RMS Force:                 0.002081     0.001900  No
Maximum Displacement:      0.000699     0.003150  Yes
RMS Displacement:          0.000427     0.002100  Yes

----------------------------------------------------------------------
                          Iteration: 99 [SD]                          


                             Coordinates                              
----------------------------------------------------------------------
0    C               -0.7300              -1.3551               0.3131
1    C                1.2793               0.0313              -0.0250
2    C               -1.2864               2.2014               0.9263
3    C                1.9815              -0.4639               1.2265
4    C                2.2596               0.3832              -1.1310
5    N                0.3207              -0.9709              -0.5191
6    N               -1.9954              -1.4972              -0.3029
7    O               -1.5622               1.7202              -0.3136
8    H               -1.9688               0.8443              -0.2295
9    H               -0.0134              -0.6996              -1.4349
10   H               -0.5149              -1.9614               1.1851
11   H                0.7326               0.9409               0.2392
12   H               -2.5931              -2.1622               0.1677
13   H               -1.9635              -1.7392              -1.2895
14   H               -0.7093               3.1103               0.9692
15   H               -1.6228               1.6587               1.7938
16   H                2.7592               0.2449               1.5140
17   H                1.7317               0.6887              -2.0376
18   H                2.4411              -1.4393               1.0574
19   H                1.2824              -0.5439               2.0597
20   H                2.8755               1.2261              -0.8148
21   H                2.9160              -0.4537              -1.3756


Energy:                 -383.527291 Convergence criteria  Is converged 
Maximum Force:             0.003339     0.002850  No
RMS Force:                 0.002041     0.001900  No
Maximum Displacement:      0.000675     0.003150  Yes
RMS Displacement:          0.000416     0.002100  Yes

----------------------------------------------------------------------
                     Iteration: 100 [SD] (GDIIS)                      


                             Coordinates                              
----------------------------------------------------------------------
0    C               -0.7179              -1.4061               0.3099
1    C                1.2706               0.0274              -0.0221
2    C               -1.3497               2.3461               0.9419
3    C                1.9793              -0.4746               1.2227
4    C                2.2545               0.3698              -1.1290
5    N                0.3214              -0.9818              -0.5205
6    N               -1.9780              -1.5262              -0.3225
7    O               -1.5356               1.7391              -0.2894
8    H               -1.8982               0.8418              -0.1687
9    H               -0.0249              -0.7018              -1.4294
10   H               -0.4869              -2.0988               1.1333
11   H                0.7219               0.9373               0.2382
12   H               -2.5967              -2.1678               0.1552
13   H               -1.9293              -1.7938              -1.3045
14   H               -0.8109               3.2824               0.9549
15   H               -1.5980               1.7524               1.8246
16   H                2.7565               0.2333               1.5138
17   H                1.7325               0.6764              -2.0385
18   H                2.4426              -1.4456               1.0346
19   H                1.2850              -0.5712               2.0584
20   H                2.8835               1.2045              -0.8165
21   H                2.8983              -0.4793              -1.3681


Energy:                 -383.525853 Convergence criteria  Is converged 
Maximum Force:             0.037729     0.002850  No
RMS Force:                 0.013052     0.001900  No
Maximum Displacement:      0.172100     0.003150  No
RMS Displacement:          0.074227     0.002100  No

----------------------------------------------------------------------
                         Iteration: 101 [SD]                          


                             Coordinates                              
----------------------------------------------------------------------
0    C               -0.7171              -1.4077               0.3114
1    C                1.2710               0.0270              -0.0221
2    C               -1.3527               2.3385               0.9389
3    C                1.9793              -0.4748               1.2228
4    C                2.2545               0.3698              -1.1289
5    N                0.3211              -0.9817              -0.5201
6    N               -1.9779              -1.5262              -0.3224
7    O               -1.5350               1.7417              -0.2845
8    H               -1.8976               0.8439              -0.1682
9    H               -0.0250              -0.7014              -1.4293
10   H               -0.4872              -2.0961               1.1307
11   H                0.7220               0.9374               0.2384
12   H               -2.5964              -2.1670               0.1552
13   H               -1.9291              -1.7938              -1.3039
14   H               -0.8117               3.2811               0.9539
15   H               -1.5965               1.7554               1.8228
16   H                2.7564               0.2332               1.5139
17   H                1.7324               0.6763              -2.0384
18   H                2.4427              -1.4455               1.0347
19   H                1.2851              -0.5716               2.0584
20   H                2.8836               1.2043              -0.8166
21   H                2.8980              -0.4793              -1.3680


Energy:                 -383.526428 Convergence criteria  Is converged 
Maximum Force:             0.017013     0.002850  No
RMS Force:                 0.007593     0.001900  No
Maximum Displacement:      0.007546     0.003150  No
RMS Displacement:          0.002610     0.002100  No

----------------------------------------------------------------------
                         Iteration: 102 [SD]                          


                             Coordinates                              
----------------------------------------------------------------------
0    C               -0.7167              -1.4083               0.3115
1    C                1.2712               0.0268              -0.0221
2    C               -1.3538               2.3351               0.9374
3    C                1.9794              -0.4749               1.2229
4    C                2.2546               0.3697              -1.1289
5    N                0.3209              -0.9816              -0.5197
6    N               -1.9776              -1.5260              -0.3221
7    O               -1.5350               1.7427              -0.2819
8    H               -1.8969               0.8459              -0.1678
9    H               -0.0252              -0.7010              -1.4291
10   H               -0.4872              -2.0943               1.1291
11   H                0.7221               0.9373               0.2385
12   H               -2.5963              -2.1663               0.1552
13   H               -1.9289              -1.7938              -1.3035
14   H               -0.8132               3.2785               0.9529
15   H               -1.5955               1.7573               1.8219
16   H                2.7564               0.2331               1.5141
17   H                1.7324               0.6762              -2.0384
18   H                2.4428              -1.4454               1.0347
19   H                1.2852              -0.5719               2.0584
20   H                2.8837               1.2041              -0.8167
21   H                2.8977              -0.4794              -1.3680


Energy:                 -383.526645 Convergence criteria  Is converged 
Maximum Force:             0.013272     0.002850  No
RMS Force:                 0.005565     0.001900  No
Maximum Displacement:      0.003403     0.003150  No
RMS Displacement:          0.001519     0.002100  Yes

----------------------------------------------------------------------
                         Iteration: 103 [SD]                          


                             Coordinates                              
----------------------------------------------------------------------
0    C               -0.7165              -1.4085               0.3112
1    C                1.2714               0.0266              -0.0220
2    C               -1.3544               2.3331               0.9367
3    C                1.9794              -0.4751               1.2230
4    C                2.2546               0.3696              -1.1289
5    N                0.3207              -0.9814              -0.5195
6    N               -1.9772              -1.5257              -0.3218
7    O               -1.5351               1.7432              -0.2806
8    H               -1.8965               0.8474              -0.1675
9    H               -0.0253              -0.7007              -1.4288
10   H               -0.4871              -2.0930               1.1279
11   H                0.7223               0.9372               0.2387
12   H               -2.5963              -2.1657               0.1552
13   H               -1.9288              -1.7939              -1.3030
14   H               -0.8148               3.2759               0.9520
15   H               -1.5948               1.7587               1.8215
16   H                2.7563               0.2330               1.5143
17   H                1.7324               0.6761              -2.0383
18   H                2.4429              -1.4454               1.0347
19   H                1.2852              -0.5722               2.0584
20   H                2.8839               1.2039              -0.8167
21   H                2.8975              -0.4796              -1.3679


Energy:                 -383.526767 Convergence criteria  Is converged 
Maximum Force:             0.011891     0.002850  No
RMS Force:                 0.004506     0.001900  No
Maximum Displacement:      0.002654     0.003150  Yes
RMS Displacement:          0.001113     0.002100  Yes

----------------------------------------------------------------------
                         Iteration: 104 [SD]                          


                             Coordinates                              
----------------------------------------------------------------------
0    C               -0.7164              -1.4086               0.3108
1    C                1.2715               0.0265              -0.0219
2    C               -1.3547               2.3317               0.9364
3    C                1.9795              -0.4752               1.2230
4    C                2.2546               0.3695              -1.1289
5    N                0.3206              -0.9812              -0.5194
6    N               -1.9770              -1.5254              -0.3216
7    O               -1.5352               1.7437              -0.2800
8    H               -1.8962               0.8486              -0.1673
9    H               -0.0254              -0.7004              -1.4286
10   H               -0.4869              -2.0918               1.1271
11   H                0.7225               0.9371               0.2389
12   H               -2.5962              -2.1652               0.1553
13   H               -1.9286              -1.7939              -1.3026
14   H               -0.8162               3.2735               0.9511
15   H               -1.5942               1.7597               1.8215
16   H                2.7562               0.2329               1.5145
17   H                1.7323               0.6761              -2.0383
18   H                2.4430              -1.4454               1.0348
19   H                1.2852              -0.5726               2.0584
20   H                2.8840               1.2038              -0.8168
21   H                2.8973              -0.4797              -1.3679


Energy:                 -383.526849 Convergence criteria  Is converged 
Maximum Force:             0.010243     0.002850  No
RMS Force:                 0.003821     0.001900  No
Maximum Displacement:      0.002378     0.003150  Yes
RMS Displacement:          0.000901     0.002100  Yes

----------------------------------------------------------------------
                     Iteration: 105 [SD] (GDIIS)                      


                             Coordinates                              
----------------------------------------------------------------------
0    C               -0.7196              -1.3959               0.3102
1    C                1.2718               0.0280              -0.0222
2    C               -1.3377               2.3150               0.9373
3    C                1.9794              -0.4731               1.2237
4    C                2.2547               0.3722              -1.1290
5    N                0.3211              -0.9791              -0.5206
6    N               -1.9793              -1.5223              -0.3194
7    O               -1.5397               1.7365              -0.2921
8    H               -1.9098               0.8442              -0.1783
9    H               -0.0230              -0.7001              -1.4304
10   H               -0.4903              -2.0721               1.1388
11   H                0.7216               0.9366               0.2402
12   H               -2.5969              -2.1639               0.1592
13   H               -1.9343              -1.7839              -1.3020
14   H               -0.7971               3.2493               0.9544
15   H               -1.5988               1.7385               1.8200
16   H                2.7564               0.2350               1.5144
17   H                1.7320               0.6783              -2.0383
18   H                2.4428              -1.4443               1.0388
19   H                1.2845              -0.5676               2.0591
20   H                2.8823               1.2077              -0.8164
21   H                2.9000              -0.4753              -1.3688


Energy:                 -383.526743 Convergence criteria  Is converged 
Maximum Force:             0.021999     0.002850  No
RMS Force:                 0.007745     0.001900  No
Maximum Displacement:      0.024174     0.003150  No
RMS Displacement:          0.012722     0.002100  No

----------------------------------------------------------------------
                         Iteration: 106 [SD]                          


                             Coordinates                              
----------------------------------------------------------------------
0    C               -0.7191              -1.3967               0.3110
1    C                1.2721               0.0278              -0.0222
2    C               -1.3395               2.3106               0.9356
3    C                1.9794              -0.4732               1.2238
4    C                2.2548               0.3721              -1.1290
5    N                0.3210              -0.9790              -0.5204
6    N               -1.9795              -1.5220              -0.3192
7    O               -1.5395               1.7380              -0.2892
8    H               -1.9095               0.8453              -0.1781
9    H               -0.0231              -0.6997              -1.4304
10   H               -0.4904              -2.0705               1.1372
11   H                0.7218               0.9367               0.2403
12   H               -2.5966              -2.1632               0.1592
13   H               -1.9341              -1.7840              -1.3017
14   H               -0.7978               3.2484               0.9535
15   H               -1.5979               1.7402               1.8190
16   H                2.7564               0.2350               1.5146
17   H                1.7320               0.6782              -2.0382
18   H                2.4428              -1.4443               1.0388
19   H                1.2846              -0.5679               2.0591
20   H                2.8824               1.2075              -0.8164
21   H                2.8997              -0.4754              -1.3687


Energy:                 -383.526947 Convergence criteria  Is converged 
Maximum Force:             0.010091     0.002850  No
RMS Force:                 0.004639     0.001900  No
Maximum Displacement:      0.004400     0.003150  No
RMS Displacement:          0.001549     0.002100  Yes

----------------------------------------------------------------------
                         Iteration: 107 [SD]                          


                             Coordinates                              
----------------------------------------------------------------------
0    C               -0.7189              -1.3970               0.3110
1    C                1.2722               0.0277              -0.0221
2    C               -1.3403               2.3086               0.9348
3    C                1.9795              -0.4734               1.2239
4    C                2.2548               0.3720              -1.1290
5    N                0.3208              -0.9789              -0.5202
6    N               -1.9794              -1.5215              -0.3191
7    O               -1.5396               1.7384              -0.2878
8    H               -1.9091               0.8463              -0.1779
9    H               -0.0233              -0.6993              -1.4303
10   H               -0.4902              -2.0693               1.1362
11   H                0.7221               0.9367               0.2404
12   H               -2.5965              -2.1626               0.1592
13   H               -1.9339              -1.7842              -1.3013
14   H               -0.7989               3.2467               0.9528
15   H               -1.5972               1.7413               1.8186
16   H                2.7563               0.2349               1.5148
17   H                1.7319               0.6781              -2.0382
18   H                2.4430              -1.4443               1.0388
19   H                1.2846              -0.5682               2.0591
20   H                2.8825               1.2073              -0.8165
21   H                2.8995              -0.4756              -1.3687


Energy:                 -383.527029 Convergence criteria  Is converged 
Maximum Force:             0.008318     0.002850  No
RMS Force:                 0.003572     0.001900  No
Maximum Displacement:      0.002018     0.003150  Yes
RMS Displacement:          0.000928     0.002100  Yes

----------------------------------------------------------------------
                         Iteration: 108 [SD]                          


                             Coordinates                              
----------------------------------------------------------------------
0    C               -0.7188              -1.3971               0.3108
1    C                1.2723               0.0276              -0.0221
2    C               -1.3407               2.3073               0.9344
3    C                1.9795              -0.4735               1.2239
4    C                2.2548               0.3719              -1.1289
5    N                0.3207              -0.9788              -0.5201
6    N               -1.9793              -1.5210              -0.3189
7    O               -1.5398               1.7386              -0.2871
8    H               -1.9089               0.8471              -0.1778
9    H               -0.0234              -0.6990              -1.4301
10   H               -0.4900              -2.0684               1.1356
11   H                0.7223               0.9367               0.2406
12   H               -2.5964              -2.1620               0.1592
13   H               -1.9337              -1.7843              -1.3010
14   H               -0.8000               3.2451               0.9520
15   H               -1.5967               1.7421               1.8185
16   H                2.7562               0.2348               1.5150
17   H                1.7319               0.6780              -2.0381
18   H                2.4431              -1.4443               1.0388
19   H                1.2847              -0.5686               2.0591
20   H                2.8827               1.2072              -0.8166
21   H                2.8993              -0.4758              -1.3687


Energy:                 -383.527080 Convergence criteria  Is converged 
Maximum Force:             0.007398     0.002850  No
RMS Force:                 0.003023     0.001900  No
Maximum Displacement:      0.001664     0.003150  Yes
RMS Displacement:          0.000714     0.002100  Yes

----------------------------------------------------------------------
                         Iteration: 109 [SD]                          


                             Coordinates                              
----------------------------------------------------------------------
0    C               -0.7186              -1.3970               0.3105
1    C                1.2724               0.0275              -0.0220
2    C               -1.3409               2.3064               0.9342
3    C                1.9796              -0.4736               1.2240
4    C                2.2548               0.3719              -1.1289
5    N                0.3207              -0.9786              -0.5201
6    N               -1.9792              -1.5206              -0.3188
7    O               -1.5400               1.7388              -0.2867
8    H               -1.9088               0.8476              -0.1777
9    H               -0.0235              -0.6986              -1.4300
10   H               -0.4898              -2.0677               1.1351
11   H                0.7226               0.9367               0.2407
12   H               -2.5963              -2.1615               0.1593
13   H               -1.9335              -1.7845              -1.3007
14   H               -0.8010               3.2436               0.9513
15   H               -1.5963               1.7426               1.8186
16   H                2.7562               0.2347               1.5152
17   H                1.7319               0.6780              -2.0380
18   H                2.4432              -1.4443               1.0388
19   H                1.2847              -0.5689               2.0591
20   H                2.8828               1.2070              -0.8166
21   H                2.8991              -0.4759              -1.3687


Energy:                 -383.527118 Convergence criteria  Is converged 
Maximum Force:             0.006376     0.002850  No
RMS Force:                 0.002672     0.001900  No
Maximum Displacement:      0.001480     0.003150  Yes
RMS Displacement:          0.000605     0.002100  Yes

----------------------------------------------------------------------
                     Iteration: 110 [SD] (GDIIS)                      


                             Coordinates                              
----------------------------------------------------------------------
0    C               -0.7199              -1.3878               0.3096
1    C                1.2725               0.0284              -0.0215
2    C               -1.3325               2.2928               0.9335
3    C                1.9794              -0.4733               1.2248
4    C                2.2544               0.3730              -1.1286
5    N                0.3211              -0.9764              -0.5215
6    N               -1.9794              -1.5177              -0.3179
7    O               -1.5434               1.7346              -0.2923
8    H               -1.9156               0.8455              -0.1829
9    H               -0.0225              -0.6958              -1.4311
10   H               -0.4891              -2.0553               1.1377
11   H                0.7218               0.9362               0.2433
12   H               -2.5972              -2.1560               0.1635
13   H               -1.9345              -1.7799              -1.2999
14   H               -0.7966               3.2277               0.9485
15   H               -1.5952               1.7333               1.8196
16   H                2.7557               0.2352               1.5164
17   H                1.7314               0.6786              -2.0380
18   H                2.4439              -1.4438               1.0407
19   H                1.2845              -0.5687               2.0599
20   H                2.8829               1.2078              -0.8168
21   H                2.8983              -0.4750              -1.3684


Energy:                 -383.527263 Convergence criteria  Is converged 
Maximum Force:             0.008331     0.002850  No
RMS Force:                 0.003104     0.001900  No
Maximum Displacement:      0.015848     0.003150  No
RMS Displacement:          0.007152     0.002100  No

----------------------------------------------------------------------
                         Iteration: 111 [SD]                          


                             Coordinates                              
----------------------------------------------------------------------
0    C               -0.7197              -1.3881               0.3099
1    C                1.2727               0.0283              -0.0215
2    C               -1.3332               2.2912               0.9329
3    C                1.9794              -0.4734               1.2248
4    C                2.2545               0.3730              -1.1286
5    N                0.3210              -0.9762              -0.5215
6    N               -1.9795              -1.5171              -0.3179
7    O               -1.5435               1.7350              -0.2913
8    H               -1.9157               0.8456              -0.1829
9    H               -0.0226              -0.6953              -1.4310
10   H               -0.4890              -2.0545               1.1371
11   H                0.7220               0.9363               0.2433
12   H               -2.5970              -2.1554               0.1634
13   H               -1.9343              -1.7802              -1.2996
14   H               -0.7970               3.2274               0.9479
15   H               -1.5949               1.7338               1.8194
16   H                2.7557               0.2351               1.5165
17   H                1.7313               0.6785              -2.0379
18   H                2.4440              -1.4438               1.0406
19   H                1.2845              -0.5690               2.0599
20   H                2.8830               1.2077              -0.8169
21   H                2.8981              -0.4751              -1.3684


Energy:                 -383.527298 Convergence criteria  Is converged 
Maximum Force:             0.004198     0.002850  No
RMS Force:                 0.002217     0.001900  No
Maximum Displacement:      0.001666     0.003150  Yes
RMS Displacement:          0.000621     0.002100  Yes

----------------------------------------------------------------------
                         Iteration: 112 [SD]                          


                             Coordinates                              
----------------------------------------------------------------------
0    C               -0.7195              -1.3882               0.3099
1    C                1.2729               0.0283              -0.0214
2    C               -1.3335               2.2903               0.9327
3    C                1.9795              -0.4736               1.2248
4    C                2.2545               0.3729              -1.1285
5    N                0.3210              -0.9760              -0.5215
6    N               -1.9796              -1.5165              -0.3178
7    O               -1.5439               1.7350              -0.2909
8    H               -1.9157               0.8457              -0.1830
9    H               -0.0227              -0.6949              -1.4310
10   H               -0.4888              -2.0538               1.1368
11   H                0.7223               0.9364               0.2434
12   H               -2.5969              -2.1549               0.1634
13   H               -1.9342              -1.7804              -1.2994
14   H               -0.7976               3.2267               0.9474
15   H               -1.5946               1.7340               1.8194
16   H                2.7556               0.2350               1.5167
17   H                1.7313               0.6784              -2.0378
18   H                2.4441              -1.4439               1.0406
19   H                1.2845              -0.5693               2.0598
20   H                2.8832               1.2076              -0.8169
21   H                2.8980              -0.4753              -1.3684


Energy:                 -383.527318 Convergence criteria  Is converged 
Maximum Force:             0.003127     0.002850  No
RMS Force:                 0.001983     0.001900  No
Maximum Displacement:      0.000840     0.003150  Yes
RMS Displacement:          0.000443     0.002100  Yes

----------------------------------------------------------------------
                         Iteration: 113 [SD]                          


                             Coordinates                              
----------------------------------------------------------------------
0    C               -0.7194              -1.3881               0.3097
1    C                1.2730               0.0283              -0.0214
2    C               -1.3337               2.2898               0.9326
3    C                1.9795              -0.4737               1.2249
4    C                2.2546               0.3728              -1.1285
5    N                0.3209              -0.9759              -0.5215
6    N               -1.9796              -1.5159              -0.3178
7    O               -1.5442               1.7350              -0.2907
8    H               -1.9158               0.8458              -0.1831
9    H               -0.0228              -0.6945              -1.4309
10   H               -0.4886              -2.0533               1.1366
11   H                0.7226               0.9364               0.2435
12   H               -2.5968              -2.1544               0.1635
13   H               -1.9341              -1.7806              -1.2991
14   H               -0.7982               3.2261               0.9469
15   H               -1.5944               1.7341               1.8195
16   H                2.7556               0.2350               1.5169
17   H                1.7312               0.6784              -2.0377
18   H                2.4442              -1.4439               1.0405
19   H                1.2845              -0.5696               2.0598
20   H                2.8834               1.2075              -0.8170
21   H                2.8978              -0.4755              -1.3684


Energy:                 -383.527335 Convergence criteria  Is converged 
Maximum Force:             0.002918     0.002850  No
RMS Force:                 0.001873     0.001900  Yes
Maximum Displacement:      0.000625     0.003150  Yes
RMS Displacement:          0.000397     0.002100  Yes

----------------------------------------------------------------------
                         Iteration: 114 [SD]                          


                             Coordinates                              
----------------------------------------------------------------------
0    C               -0.7193              -1.3881               0.3096
1    C                1.2731               0.0283              -0.0213
2    C               -1.3339               2.2893               0.9325
3    C                1.9796              -0.4738               1.2249
4    C                2.2547               0.3728              -1.1285
5    N                0.3209              -0.9757              -0.5216
6    N               -1.9796              -1.5154              -0.3177
7    O               -1.5446               1.7349              -0.2905
8    H               -1.9159               0.8457              -0.1831
9    H               -0.0229              -0.6941              -1.4309
10   H               -0.4884              -2.0529               1.1364
11   H                0.7229               0.9365               0.2436
12   H               -2.5967              -2.1539               0.1635
13   H               -1.9339              -1.7808              -1.2989
14   H               -0.7987               3.2256               0.9464
15   H               -1.5942               1.7342               1.8197
16   H                2.7555               0.2349               1.5170
17   H                1.7312               0.6783              -2.0376
18   H                2.4444              -1.4440               1.0405
19   H                1.2846              -0.5699               2.0598
20   H                2.8835               1.2074              -0.8170
21   H                2.8977              -0.4757              -1.3684


Energy:                 -383.527350 Convergence criteria  Is converged 
Maximum Force:             0.002836     0.002850  Yes
RMS Force:                 0.001803     0.001900  Yes
Maximum Displacement:      0.000584     0.003150  Yes
RMS Displacement:          0.000375     0.002100  Yes

----------------------------------------------------------------------
                         Iteration: 114 [SD]                          


                             Coordinates                              
----------------------------------------------------------------------
0    C               -0.7193              -1.3881               0.3096
1    C                1.2731               0.0283              -0.0213
2    C               -1.3339               2.2893               0.9325
3    C                1.9796              -0.4738               1.2249
4    C                2.2547               0.3728              -1.1285
5    N                0.3209              -0.9757              -0.5216
6    N               -1.9796              -1.5154              -0.3177
7    O               -1.5446               1.7349              -0.2905
8    H               -1.9159               0.8457              -0.1831
9    H               -0.0229              -0.6941              -1.4309
10   H               -0.4884              -2.0529               1.1364
11   H                0.7229               0.9365               0.2436
12   H               -2.5967              -2.1539               0.1635
13   H               -1.9339              -1.7808              -1.2989
14   H               -0.7987               3.2256               0.9464
15   H               -1.5942               1.7342               1.8197
16   H                2.7555               0.2349               1.5170
17   H                1.7312               0.6783              -2.0376
18   H                2.4444              -1.4440               1.0405
19   H                1.2846              -0.5699               2.0598
20   H                2.8835               1.2074              -0.8170
21   H                2.8977              -0.4757              -1.3684


Energy:                 -383.527350 Convergence criteria  Is converged 
Maximum Force:             0.002836     0.002850  Yes
RMS Force:                 0.001803     0.001900  Yes
Maximum Displacement:      0.000584     0.003150  Yes
RMS Displacement:          0.000375     0.002100  Yes

SDCG converged at iteration 114 (phase: SD). Final frame written to /home/user/software/MAPLE/example/opt/sd/inp1_opt.xyz
Complete trajectory written to /home/user/software/MAPLE/example/opt/sd/inp1_traj.xyz



Program started: 2026-02-02 22:34:24

======================================================================
                      TIMING SUMMARY
======================================================================
Input Reading (×25).................................   0.039 s  (   0.5 %)
  Settings Parsing (×25)..............................   0.003 s  (   6.6 %)
  Coordinate Section Parsing (×25)....................   0.005 s  (  12.3 %)
  Post-Processing Expansion (×25).....................   0.000 s  (   0.3 %)
MLP Initialization (×25)............................  13.882 s  ( 190.1 %)
Job Dispatching (×25)............................... 461.485 s  (6319.7 %)
  Single Point Energy Calculation (×7)................   2.237 s  (   0.5 %)
  Frequency Calculation (×7)..........................   9.962 s  (   2.2 %)
  IRC Calculation (×4)................................  21.166 s  (   4.6 %)
  Optimization (×7)................................... 428.106 s  (  92.8 %)
======================================================================
Total wall time: 7.302 s
Total CPU time: 139.945 s
======================================================================

Program ended: 2026-02-02 22:34:32
TOTAL RUN TIME: 0 days 0 hours 0 minutes 7 seconds 302 msec
