# MD Simulation - NVE Ensemble
# Timestep: 1 fs
#     Step     Time(fs)      Temp(K)          KE(Ha)          PE(Ha)          TE(Ha)
         1        1.000       241.10      0.05955531  -1313.10260806  -1313.04305274
         2        2.000       241.29      0.05960019  -1313.10303715  -1313.04343696
         3        3.000       255.47      0.06310280  -1313.10443431  -1313.04133151
         4        4.000       227.11      0.05609806  -1313.10167211  -1313.04557405
         5        5.000       246.20      0.06081408  -1313.10379912  -1313.04298505
         6        6.000       227.90      0.05629376  -1313.10211270  -1313.04581894
         7        7.000       217.47      0.05371686  -1313.10113644  -1313.04741958
         8        8.000       251.70      0.06217261  -1313.10417164  -1313.04199902
         9        9.000       246.54      0.06089833  -1313.10332000  -1313.04242167
        10       10.000       260.30      0.06429656  -1313.10418233  -1313.03988577
        11       11.000       294.71      0.07279757  -1313.10741691  -1313.03461934
        12       12.000       255.65      0.06314863  -1313.10362857  -1313.04047994
        13       13.000       258.50      0.06385123  -1313.10455442  -1313.04070319
        14       14.000       240.13      0.05931601  -1313.10305341  -1313.04373741
        15       15.000       230.66      0.05697679  -1313.10178642  -1313.04480963
        16       16.000       296.49      0.07323547  -1313.10745332  -1313.03421785
        17       17.000       299.95      0.07408985  -1313.10712930  -1313.03303945
        18       18.000       290.80      0.07183106  -1313.10653886  -1313.03470780
        19       19.000       274.33      0.06776357  -1313.10561029  -1313.03784673
        20       20.000       231.37      0.05715033  -1313.10211703  -1313.04496670
        21       21.000       233.99      0.05779834  -1313.10249867  -1313.04470033
        22       22.000       250.78      0.06194630  -1313.10408206  -1313.04213576
        23       23.000       237.20      0.05859101  -1313.10239576  -1313.04380475
        24       24.000       270.59      0.06683946  -1313.10538081  -1313.03854135
        25       25.000       280.84      0.06937102  -1313.10588748  -1313.03651646
        26       26.000       280.27      0.06923079  -1313.10569404  -1313.03646325
        27       27.000       287.92      0.07112058  -1313.10661982  -1313.03549924
        28       28.000       261.88      0.06468723  -1313.10421408  -1313.03952685
        29       29.000       280.59      0.06930866  -1313.10581916  -1313.03651050
        30       30.000       307.57      0.07597340  -1313.10785223  -1313.03187882
        31       31.000       312.53      0.07719941  -1313.10799597  -1313.03079656
        32       32.000       313.77      0.07750442  -1313.10833654  -1313.03083212
        33       33.000       289.83      0.07159092  -1313.10630641  -1313.03471549
        34       34.000       289.38      0.07147979  -1313.10631684  -1313.03483705
        35       35.000       308.41      0.07618164  -1313.10797401  -1313.03179237
        36       36.000       299.14      0.07389181  -1313.10704606  -1313.03315425
        37       37.000       290.59      0.07177882  -1313.10648457  -1313.03470575
        38       38.000       292.70      0.07229945  -1313.10662408  -1313.03432463
        39       39.000       308.08      0.07609877  -1313.10755638  -1313.03145761
        40       40.000       346.29      0.08553850  -1313.11059918  -1313.02506068
        41       41.000       345.59      0.08536513  -1313.11049217  -1313.02512704
        42       42.000       317.91      0.07852777  -1313.10822025  -1313.02969249
        43       43.000       310.50      0.07669780  -1313.10799028  -1313.03129248
        44       44.000       303.25      0.07490639  -1313.10716408  -1313.03225769
        45       45.000       323.65      0.07994476  -1313.10893544  -1313.02899067
        46       46.000       329.18      0.08131236  -1313.10927029  -1313.02795793
        47       47.000       317.89      0.07852267  -1313.10832708  -1313.02980440
        48       48.000       313.68      0.07748317  -1313.10816050  -1313.03067733
        49       49.000       306.49      0.07570755  -1313.10763359  -1313.03192604
        50       50.000       294.65      0.07278165  -1313.10681119  -1313.03402954
        51       51.000       287.06      0.07090674  -1313.10618221  -1313.03527546
        52       52.000       294.75      0.07280767  -1313.10679751  -1313.03398983
        53       53.000       317.56      0.07844136  -1313.10819244  -1313.02975109
        54       54.000       355.43      0.08779422  -1313.11138798  -1313.02359376
        55       55.000       342.22      0.08453178  -1313.11005093  -1313.02551915
        56       56.000       321.73      0.07947122  -1313.10863223  -1313.02916101
        57       57.000       319.57      0.07893767  -1313.10831663  -1313.02937897
        58       58.000       352.76      0.08713577  -1313.11081372  -1313.02367796
        59       59.000       390.28      0.09640355  -1313.11356461  -1313.01716106
        60       60.000       396.35      0.09790182  -1313.11403033  -1313.01612851
        61       61.000       364.32      0.08999121  -1313.11169745  -1313.02170623
        62       62.000       330.48      0.08163231  -1313.10890493  -1313.02727262
        63       63.000       343.77      0.08491614  -1313.11034047  -1313.02542433
        64       64.000       356.37      0.08802675  -1313.11086270  -1313.02283595
        65       65.000       390.38      0.09642877  -1313.11361255  -1313.01718378
        66       66.000       402.89      0.09951735  -1313.11436026  -1313.01484291
        67       67.000       396.22      0.09787201  -1313.11372412  -1313.01585211
        68       68.000       401.78      0.09924355  -1313.11429631  -1313.01505277
        69       69.000       396.74      0.09799850  -1313.11388588  -1313.01588738
        70       70.000       386.15      0.09538407  -1313.11304164  -1313.01765756
        71       71.000       387.54      0.09572697  -1313.11322986  -1313.01750289
        72       72.000       393.31      0.09715121  -1313.11362874  -1313.01647754
        73       73.000       405.87      0.10025570  -1313.11444837  -1313.01419267
        74       74.000       412.84      0.10197711  -1313.11526236  -1313.01328526
        75       75.000       387.21      0.09564513  -1313.11298624  -1313.01734111
        76       76.000       383.14      0.09463952  -1313.11291771  -1313.01827819
        77       77.000       385.76      0.09528709  -1313.11319460  -1313.01790751
        78       78.000       375.39      0.09272503  -1313.11233853  -1313.01961350
        79       79.000       361.29      0.08924216  -1313.11158907  -1313.02234690
        80       80.000       324.40      0.08013101  -1313.10862093  -1313.02848992
        81       81.000       331.80      0.08195871  -1313.10911866  -1313.02715996
        82       82.000       384.30      0.09492631  -1313.11322213  -1313.01829582
        83       83.000       405.58      0.10018321  -1313.11452391  -1313.01434070
        84       84.000       406.43      0.10039186  -1313.11476784  -1313.01437598
        85       85.000       364.74      0.09009368  -1313.11165939  -1313.02156571
        86       86.000       324.38      0.08012639  -1313.10852432  -1313.02839793
        87       87.000       336.04      0.08300613  -1313.10968958  -1313.02668345
        88       88.000       351.24      0.08676028  -1313.11079091  -1313.02403063
        89       89.000       353.12      0.08722432  -1313.11081341  -1313.02358908
        90       90.000       351.50      0.08682570  -1313.11093273  -1313.02410703
        91       91.000       326.57      0.08066679  -1313.10886336  -1313.02819658
        92       92.000       320.22      0.07909900  -1313.10849448  -1313.02939548
        93       93.000       331.01      0.08176301  -1313.10939341  -1313.02763040
        94       94.000       334.34      0.08258479  -1313.10933292  -1313.02674814
        95       95.000       362.24      0.08947712  -1313.11170074  -1313.02222362
        96       96.000       360.45      0.08903591  -1313.11134493  -1313.02230902
        97       97.000       348.23      0.08601723  -1313.11046918  -1313.02445195
        98       98.000       344.04      0.08498097  -1313.11027484  -1313.02529387
        99       99.000       338.74      0.08367152  -1313.10969336  -1313.02602184
       100      100.000       358.91      0.08865570  -1313.11120483  -1313.02254913
       101      101.000       376.32      0.09295584  -1313.11280612  -1313.01985029
       102      102.000       346.32      0.08554617  -1313.11025245  -1313.02470628
       103      103.000       319.71      0.07897272  -1313.10848801  -1313.02951529
       104      104.000       307.76      0.07602132  -1313.10768891  -1313.03166758
       105      105.000       308.08      0.07609977  -1313.10753517  -1313.03143540
       106      106.000       327.61      0.08092255  -1313.10936482  -1313.02844227
       107      107.000       310.99      0.07681746  -1313.10792353  -1313.03110607
       108      108.000       287.90      0.07111436  -1313.10627370  -1313.03515933
       109      109.000       283.41      0.07000454  -1313.10592547  -1313.03592093
       110      110.000       296.08      0.07313474  -1313.10690584  -1313.03377110
       111      111.000       316.93      0.07828592  -1313.10834492  -1313.03005900
       112      112.000       327.13      0.08080418  -1313.10923407  -1313.02842990
       113      113.000       315.18      0.07785237  -1313.10809536  -1313.03024300
       114      114.000       318.64      0.07870853  -1313.10842332  -1313.02971479
       115      115.000       331.40      0.08185921  -1313.10939830  -1313.02753909
       116      116.000       340.58      0.08412588  -1313.10997135  -1313.02584548
       117      117.000       347.22      0.08576817  -1313.11054253  -1313.02477436
       118      118.000       341.04      0.08424096  -1313.10999930  -1313.02575834
       119      119.000       335.23      0.08280557  -1313.10959891  -1313.02679334
       120      120.000       332.30      0.08208119  -1313.10942743  -1313.02734623
       121      121.000       325.32      0.08035805  -1313.10893488  -1313.02857683
       122      122.000       325.68      0.08044694  -1313.10881484  -1313.02836790
       123      123.000       347.25      0.08577576  -1313.11044911  -1313.02467335
       124      124.000       367.90      0.09087570  -1313.11199668  -1313.02112098
       125      125.000       372.08      0.09190770  -1313.11221159  -1313.02030389
       126      126.000       364.19      0.08996022  -1313.11163824  -1313.02167802
       127      127.000       355.85      0.08789836  -1313.11097299  -1313.02307463
       128      128.000       367.01      0.09065584  -1313.11171883  -1313.02106299
       129      129.000       383.90      0.09482800  -1313.11326590  -1313.01843791
       130      130.000       360.63      0.08907982  -1313.11131715  -1313.02223733
       131      131.000       338.08      0.08351060  -1313.10977674  -1313.02626614
       132      132.000       326.62      0.08067802  -1313.10892520  -1313.02824718
       133      133.000       334.00      0.08250161  -1313.10947682  -1313.02697522
       134      134.000       344.28      0.08504208  -1313.11054991  -1313.02550783
       135      135.000       306.47      0.07570101  -1313.10758689  -1313.03188588
       136      136.000       269.28      0.06651521  -1313.10490552  -1313.03839031
       137      137.000       268.65      0.06635931  -1313.10476468  -1313.03840537
       138      138.000       309.28      0.07639614  -1313.10779885  -1313.03140271
       139      139.000       360.42      0.08902707  -1313.11148720  -1313.02246013
       140      140.000       377.36      0.09321271  -1313.11281147  -1313.01959875
       141      141.000       351.46      0.08681458  -1313.11053358  -1313.02371900
       142      142.000       344.99      0.08521731  -1313.11039402  -1313.02517671
       143      143.000       330.11      0.08154187  -1313.10919543  -1313.02765356
       144      144.000       324.29      0.08010385  -1313.10870760  -1313.02860375
       145      145.000       341.69      0.08440207  -1313.11026869  -1313.02586662
       146      146.000       342.97      0.08471808  -1313.10988113  -1313.02516305
       147      147.000       370.93      0.09162338  -1313.11219466  -1313.02057128
       148      148.000       387.15      0.09562993  -1313.11343588  -1313.01780595
       149      149.000       369.88      0.09136450  -1313.11185094  -1313.02048643
       150      150.000       370.67      0.09155979  -1313.11214568  -1313.02058589
       151      151.000       368.72      0.09107758  -1313.11191512  -1313.02083754
       152      152.000       370.06      0.09140946  -1313.11191621  -1313.02050675
       153      153.000       377.80      0.09332155  -1313.11283132  -1313.01950977
       154      154.000       352.23      0.08700413  -1313.11059890  -1313.02359477
       155      155.000       358.92      0.08865647  -1313.11100729  -1313.02235082
       156      156.000       407.78      0.10072588  -1313.11482969  -1313.01410382
       157      157.000       431.86      0.10667414  -1313.11637142  -1313.00969728
       158      158.000       429.15      0.10600443  -1313.11629143  -1313.01028700
       159      159.000       388.47      0.09595534  -1313.11348168  -1313.01752635
       160      160.000       329.96      0.08150308  -1313.10875935  -1313.02725627
       161      161.000       337.15      0.08327871  -1313.10988092  -1313.02660221
       162      162.000       344.38      0.08506624  -1313.11023308  -1313.02516684
       163      163.000       351.37      0.08679185  -1313.11070680  -1313.02391495
       164      164.000       358.00      0.08842991  -1313.11148976  -1313.02305985
       165      165.000       333.81      0.08245488  -1313.10921601  -1313.02676113
       166      166.000       344.32      0.08505094  -1313.11034208  -1313.02529114
       167      167.000       345.73      0.08539868  -1313.11049024  -1313.02509156
       168      168.000       329.00      0.08126570  -1313.10900758  -1313.02774188
       169      169.000       335.61      0.08289857  -1313.10968495  -1313.02678639
       170      170.000       341.89      0.08445178  -1313.11007791  -1313.02562613
       171      171.000       352.63      0.08710444  -1313.11066264  -1313.02355820
       172      172.000       374.28      0.09245035  -1313.11265786  -1313.02020750
       173      173.000       351.69      0.08687210  -1313.11061799  -1313.02374589
       174      174.000       341.21      0.08428198  -1313.10995090  -1313.02566892
       175      175.000       346.12      0.08549509  -1313.11050666  -1313.02501157
       176      176.000       337.80      0.08343977  -1313.10965360  -1313.02621383
       177      177.000       340.71      0.08415974  -1313.11013064  -1313.02597090
       178      178.000       328.19      0.08106604  -1313.10906674  -1313.02800071
       179      179.000       327.06      0.08078808  -1313.10891704  -1313.02812896
       180      180.000       342.27      0.08454426  -1313.11019830  -1313.02565404
       181      181.000       338.45      0.08360128  -1313.10988819  -1313.02628691
       182      182.000       330.15      0.08155140  -1313.10913922  -1313.02758782
       183      183.000       330.70      0.08168733  -1313.10946295  -1313.02777561
       184      184.000       317.73      0.07848365  -1313.10814277  -1313.02965912
       185      185.000       336.90      0.08321896  -1313.10987965  -1313.02666069
       186      186.000       341.37      0.08432267  -1313.11010753  -1313.02578486
       187      187.000       329.56      0.08140552  -1313.10907811  -1313.02767259
       188      188.000       337.28      0.08331103  -1313.10984282  -1313.02653179
       189      189.000       336.77      0.08318643  -1313.10963590  -1313.02644947
       190      190.000       336.88      0.08321274  -1313.10988072  -1313.02666798
       191      191.000       315.69      0.07797871  -1313.10828136  -1313.03030265
       192      192.000       289.06      0.07140167  -1313.10626013  -1313.03485846
       193      193.000       292.72      0.07230446  -1313.10652207  -1313.03421762
       194      194.000       322.63      0.07969241  -1313.10882381  -1313.02913141
       195      195.000       343.21      0.08477710  -1313.11024554  -1313.02546844
       196      196.000       339.36      0.08382611  -1313.10999217  -1313.02616606
       197      197.000       322.46      0.07965117  -1313.10865557  -1313.02900440
       198      198.000       312.92      0.07729399  -1313.10797226  -1313.03067827
       199      199.000       322.76      0.07972416  -1313.10869899  -1313.02897484
       200      200.000       337.37      0.08333513  -1313.10986181  -1313.02652669
       201      201.000       337.04      0.08325240  -1313.10972888  -1313.02647648
       202      202.000       335.61      0.08289893  -1313.10962665  -1313.02672772
       203      203.000       342.89      0.08469730  -1313.11002415  -1313.02532686
       204      204.000       356.88      0.08815380  -1313.11130405  -1313.02315025
       205      205.000       349.66      0.08636886  -1313.11044556  -1313.02407669
       206      206.000       357.73      0.08836342  -1313.11134321  -1313.02297979
       207      207.000       345.24      0.08527936  -1313.11017739  -1313.02489804
       208      208.000       342.33      0.08456020  -1313.11016597  -1313.02560577
       209      209.000       328.86      0.08123236  -1313.10932211  -1313.02808975
       210      210.000       297.54      0.07349674  -1313.10673060  -1313.03323386
       211      211.000       302.63      0.07475399  -1313.10743473  -1313.03268074
       212      212.000       316.28      0.07812390  -1313.10810067  -1313.02997678
       213      213.000       347.24      0.08577107  -1313.11062545  -1313.02485438
       214      214.000       353.41      0.08729546  -1313.11096586  -1313.02367040
       215      215.000       334.46      0.08261568  -1313.10961126  -1313.02699558
       216      216.000       311.01      0.07682314  -1313.10767056  -1313.03084742
       217      217.000       326.92      0.08075353  -1313.10914384  -1313.02839031
       218      218.000       340.35      0.08407060  -1313.10991354  -1313.02584295
       219      219.000       353.57      0.08733686  -1313.11092496  -1313.02358810
       220      220.000       350.55      0.08659038  -1313.11092852  -1313.02433814
       221      221.000       320.38      0.07913678  -1313.10818342  -1313.02904664
       222      222.000       333.70      0.08242711  -1313.10973153  -1313.02730442
       223      223.000       332.42      0.08211181  -1313.10930010  -1313.02718829
       224      224.000       338.33      0.08357074  -1313.10986082  -1313.02629007
       225      225.000       342.90      0.08469894  -1313.11017144  -1313.02547249
       226      226.000       343.70      0.08489894  -1313.11011589  -1313.02521695
       227      227.000       358.37      0.08852105  -1313.11115815  -1313.02263710
       228      228.000       378.16      0.09340946  -1313.11268221  -1313.01927275
       229      229.000       385.46      0.09521188  -1313.11309303  -1313.01788115
       230      230.000       390.16      0.09637404  -1313.11330571  -1313.01693168
       231      231.000       398.80      0.09850914  -1313.11422421  -1313.01571506
       232      232.000       381.17      0.09415276  -1313.11275728  -1313.01860452
       233      233.000       360.45      0.08903599  -1313.11137966  -1313.02234367
       234      234.000       344.00      0.08497077  -1313.11009482  -1313.02512405
       235      235.000       355.38      0.08778252  -1313.11087810  -1313.02309558
       236      236.000       382.73      0.09453910  -1313.11308669  -1313.01854759
       237      237.000       381.38      0.09420576  -1313.11284059  -1313.01863483
       238      238.000       361.96      0.08940706  -1313.11164978  -1313.02224273
       239      239.000       319.81      0.07899660  -1313.10827624  -1313.02927965
       240      240.000       313.26      0.07737970  -1313.10800875  -1313.03062905
       241      241.000       335.35      0.08283584  -1313.10959604  -1313.02676019
       242      242.000       361.45      0.08928319  -1313.11143484  -1313.02215165
       243      243.000       376.59      0.09302222  -1313.11266499  -1313.01964277
       244      244.000       366.71      0.09058262  -1313.11164407  -1313.02106145
       245      245.000       365.29      0.09023023  -1313.11177862  -1313.02154838
       246      246.000       359.22      0.08873023  -1313.11111693  -1313.02238670
       247      247.000       365.78      0.09035065  -1313.11185327  -1313.02150262
       248      248.000       364.09      0.08993545  -1313.11142657  -1313.02149112
       249      249.000       376.34      0.09295960  -1313.11256787  -1313.01960828
       250      250.000       382.11      0.09438470  -1313.11283053  -1313.01844583
       251      251.000       383.42      0.09470821  -1313.11306843  -1313.01836022
       252      252.000       371.03      0.09164885  -1313.11208868  -1313.02043983
       253      253.000       361.33      0.08925357  -1313.11121844  -1313.02196487
       254      254.000       374.05      0.09239561  -1313.11239229  -1313.01999668
       255      255.000       387.19      0.09564044  -1313.11307935  -1313.01743891
       256      256.000       403.23      0.09960235  -1313.11463474  -1313.01503239
       257      257.000       377.88      0.09334087  -1313.11241843  -1313.01907756
       258      258.000       367.25      0.09071479  -1313.11178878  -1313.02107399
       259      259.000       371.78      0.09183291  -1313.11213588  -1313.02030297
       260      260.000       375.10      0.09265411  -1313.11234380  -1313.01968969
       261      261.000       380.86      0.09407794  -1313.11295102  -1313.01887308
       262      262.000       364.59      0.09005717  -1313.11153224  -1313.02147507
       263      263.000       357.83      0.08838897  -1313.11110300  -1313.02271403
       264      264.000       368.74      0.09108182  -1313.11197672  -1313.02089490
       265      265.000       370.30      0.09146842  -1313.11213082  -1313.02066240
       266      266.000       359.58      0.08882128  -1313.11127254  -1313.02245126
       267      267.000       351.32      0.08677980  -1313.11075520  -1313.02397540
       268      268.000       346.11      0.08549272  -1313.11019742  -1313.02470470
       269      269.000       366.61      0.09055567  -1313.11180346  -1313.02124780
       270      270.000       380.51      0.09399089  -1313.11305338  -1313.01906249
       271      271.000       351.22      0.08675610  -1313.11053726  -1313.02378116
       272      272.000       334.76      0.08269062  -1313.10961130  -1313.02692068
       273      273.000       326.52      0.08065463  -1313.10887707  -1313.02822244
       274      274.000       340.03      0.08399167  -1313.10985505  -1313.02586338
       275      275.000       362.58      0.08956024  -1313.11181999  -1313.02225975
       276      276.000       343.37      0.08481695  -1313.11003358  -1313.02521663
       277      277.000       332.07      0.08202401  -1313.10944714  -1313.02742313
       278      278.000       323.80      0.07998161  -1313.10878207  -1313.02880046
       279      279.000       317.61      0.07845332  -1313.10842917  -1313.02997585
       280      280.000       308.52      0.07620770  -1313.10772641  -1313.03151871
       281      281.000       303.30      0.07491939  -1313.10741298  -1313.03249360
       282      282.000       304.81      0.07529079  -1313.10740710  -1313.03211631
       283      283.000       317.65      0.07846359  -1313.10844918  -1313.02998559
       284      284.000       321.77      0.07948032  -1313.10876353  -1313.02928322
       285      285.000       318.96      0.07878674  -1313.10833423  -1313.02954749
       286      286.000       329.83      0.08147153  -1313.10934722  -1313.02787570
       287      287.000       340.08      0.08400412  -1313.10975575  -1313.02575163
       288      288.000       361.89      0.08939194  -1313.11180960  -1313.02241765
       289      289.000       337.36      0.08333256  -1313.10968090  -1313.02634834
       290      290.000       307.76      0.07601935  -1313.10774125  -1313.03172190
       291      291.000       285.22      0.07045138  -1313.10592382  -1313.03547244
       292      292.000       301.90      0.07457278  -1313.10716343  -1313.03259065
       293      293.000       343.17      0.08476699  -1313.11040580  -1313.02563880
       294      294.000       349.38      0.08630049  -1313.11071463  -1313.02441414
       295      295.000       322.26      0.07960242  -1313.10878193  -1313.02917951
       296      296.000       290.99      0.07187870  -1313.10638103  -1313.03450233
       297      297.000       286.66      0.07080735  -1313.10620292  -1313.03539557
       298      298.000       304.14      0.07512553  -1313.10735842  -1313.03223289
       299      299.000       331.66      0.08192474  -1313.10958013  -1313.02765538
       300      300.000       330.77      0.08170293  -1313.10918527  -1313.02748234
       301      301.000       338.02      0.08349536  -1313.10991354  -1313.02641819
       302      302.000       332.62      0.08216082  -1313.10944437  -1313.02728355
       303      303.000       324.25      0.08009234  -1313.10871988  -1313.02862754
       304      304.000       329.29      0.08133949  -1313.10933140  -1313.02799191
       305      305.000       332.02      0.08201372  -1313.10918424  -1313.02717052
       306      306.000       354.61      0.08759375  -1313.11110072  -1313.02350697
       307      307.000       356.61      0.08808747  -1313.11115322  -1313.02306575
       308      308.000       343.67      0.08489151  -1313.11017447  -1313.02528296
       309      309.000       331.58      0.08190348  -1313.10930750  -1313.02740402
       310      310.000       336.20      0.08304641  -1313.10954475  -1313.02649834
       311      311.000       363.71      0.08983939  -1313.11166023  -1313.02182084
       312      312.000       384.57      0.09499241  -1313.11305588  -1313.01806347
       313      313.000       386.94      0.09557883  -1313.11337388  -1313.01779505
       314      314.000       373.09      0.09215761  -1313.11201312  -1313.01985550
       315      315.000       383.04      0.09461540  -1313.11300009  -1313.01838469
       316      316.000       392.09      0.09685025  -1313.11348596  -1313.01663571
       317      317.000       404.49      0.09991345  -1313.11455826  -1313.01464481
       318      318.000       389.97      0.09632700  -1313.11346612  -1313.01713912
       319      319.000       364.99      0.09015676  -1313.11151168  -1313.02135492
       320      320.000       356.41      0.08803618  -1313.11122198  -1313.02318581
       321      321.000       341.87      0.08444547  -1313.10985531  -1313.02540984
       322      322.000       348.84      0.08616820  -1313.11077854  -1313.02461034
       323      323.000       340.68      0.08415134  -1313.10976004  -1313.02560870
       324      324.000       352.31      0.08702548  -1313.11094068  -1313.02391520
       325      325.000       354.99      0.08768774  -1313.11096266  -1313.02327491
       326      326.000       355.17      0.08773098  -1313.11103715  -1313.02330616
       327      327.000       350.86      0.08666548  -1313.11065587  -1313.02399039
       328      328.000       362.80      0.08961487  -1313.11131419  -1313.02169932
       329      329.000       399.41      0.09865761  -1313.11426479  -1313.01560718
       330      330.000       411.93      0.10175172  -1313.11484082  -1313.01308910
       331      331.000       413.45      0.10212621  -1313.11539849  -1313.01327228
       332      332.000       371.85      0.09185038  -1313.11184273  -1313.01999236
       333      333.000       360.03      0.08893214  -1313.11132366  -1313.02239152
       334      334.000       370.31      0.09147112  -1313.11192488  -1313.02045376
       335      335.000       391.42      0.09668638  -1313.11369328  -1313.01700690
       336      336.000       384.12      0.09488174  -1313.11304726  -1313.01816552
       337      337.000       362.81      0.08961846  -1313.11149568  -1313.02187723
       338      338.000       346.93      0.08569510  -1313.11037741  -1313.02468231
       339      339.000       345.41      0.08531997  -1313.11012235  -1313.02480238
       340      340.000       362.39      0.08951462  -1313.11181414  -1313.02229951
       341      341.000       343.18      0.08476831  -1313.10994232  -1313.02517401
       342      342.000       345.53      0.08534956  -1313.11037119  -1313.02502163
       343      343.000       356.47      0.08805177  -1313.11101848  -1313.02296672
       344      344.000       375.17      0.09267173  -1313.11237214  -1313.01970041
       345      345.000       389.41      0.09618815  -1313.11356587  -1313.01737772
       346      346.000       368.93      0.09112988  -1313.11190619  -1313.02077630
       347      347.000       348.34      0.08604501  -1313.11044340  -1313.02439839
       348      348.000       342.07      0.08449469  -1313.11007432  -1313.02557963
       349      349.000       338.36      0.08357816  -1313.10982593  -1313.02624777
       350      350.000       335.71      0.08292463  -1313.10958636  -1313.02666174
       351      351.000       342.25      0.08453929  -1313.11017238  -1313.02563310
       352      352.000       347.71      0.08588822  -1313.11031436  -1313.02442614
       353      353.000       373.08      0.09215418  -1313.11232649  -1313.02017231
       354      354.000       379.26      0.09368038  -1313.11298607  -1313.01930569
       355      355.000       342.09      0.08449988  -1313.10980117  -1313.02530129
       356      356.000       332.91      0.08223195  -1313.10951376  -1313.02728182
       357      357.000       333.39      0.08235230  -1313.10925992  -1313.02690762
       358      358.000       369.43      0.09125412  -1313.11196621  -1313.02071209
       359      359.000       407.80      0.10073009  -1313.11489646  -1313.01416637
       360      360.000       402.24      0.09935674  -1313.11426190  -1313.01490516
       361      361.000       386.99      0.09559164  -1313.11320164  -1313.01761000
       362      362.000       373.26      0.09220006  -1313.11221451  -1313.02001445
       363      363.000       357.96      0.08841904  -1313.11132436  -1313.02290532
       364      364.000       326.20      0.08057443  -1313.10890218  -1313.02832774
       365      365.000       299.15      0.07389298  -1313.10714172  -1313.03324874
       366      366.000       286.13      0.07067630  -1313.10588476  -1313.03520847
       367      367.000       315.62      0.07796163  -1313.10842899  -1313.03046736
       368      368.000       330.40      0.08161220  -1313.10934782  -1313.02773561
       369      369.000       321.82      0.07949269  -1313.10877843  -1313.02928574
       370      370.000       295.00      0.07286902  -1313.10679428  -1313.03392526
       371      371.000       284.11      0.07017883  -1313.10577729  -1313.03559846
       372      372.000       319.25      0.07885873  -1313.10862264  -1313.02976391
       373      373.000       349.10      0.08623186  -1313.11056300  -1313.02433113
       374      374.000       361.92      0.08939835  -1313.11180909  -1313.02241074
       375      375.000       331.28      0.08182959  -1313.10915383  -1313.02732424
       376      376.000       313.37      0.07740699  -1313.10807010  -1313.03066311
       377      377.000       316.77      0.07824649  -1313.10823236  -1313.02998587
       378      378.000       334.25      0.08256280  -1313.10966252  -1313.02709973
       379      379.000       334.43      0.08260914  -1313.10961508  -1313.02700595
       380      380.000       323.07      0.07980194  -1313.10872710  -1313.02892516
       381      381.000       321.76      0.07947856  -1313.10866305  -1313.02918449
       382      382.000       326.83      0.08073165  -1313.10903215  -1313.02830050
       383      383.000       332.51      0.08213454  -1313.10941216  -1313.02727762
       384      384.000       345.51      0.08534478  -1313.11027330  -1313.02492852
       385      385.000       360.35      0.08901064  -1313.11146845  -1313.02245781
       386      386.000       362.25      0.08948056  -1313.11143409  -1313.02195353
       387      387.000       364.01      0.08991437  -1313.11175421  -1313.02183983
       388      388.000       345.66      0.08538298  -1313.11026158  -1313.02487860
       389      389.000       342.65      0.08463837  -1313.10988794  -1313.02524957
       390      390.000       372.42      0.09199293  -1313.11235067  -1313.02035774
       391      391.000       387.13      0.09562602  -1313.11321116  -1313.01758514
       392      392.000       391.17      0.09662422  -1313.11366693  -1313.01704270
       393      393.000       358.56      0.08856917  -1313.11131552  -1313.02274635
       394      394.000       318.01      0.07855279  -1313.10803768  -1313.02948489
       395      395.000       335.97      0.08298953  -1313.10977770  -1313.02678817
       396      396.000       356.58      0.08808030  -1313.11101510  -1313.02293480
       397      397.000       377.67      0.09328799  -1313.11273597  -1313.01944798
       398      398.000       372.96      0.09212452  -1313.11237582  -1313.02025130
       399      399.000       342.61      0.08462841  -1313.10996901  -1313.02534060
       400      400.000       342.00      0.08447748  -1313.10995514  -1313.02547767
       401      401.000       366.48      0.09052381  -1313.11195636  -1313.02143255
       402      402.000       370.23      0.09145043  -1313.11189292  -1313.02044249
       403      403.000       383.91      0.09483086  -1313.11316747  -1313.01833661
       404      404.000       368.28      0.09096960  -1313.11209190  -1313.02112230
       405      405.000       330.78      0.08170554  -1313.10895633  -1313.02725079
       406      406.000       330.27      0.08158063  -1313.10962309  -1313.02804247
       407      407.000       305.83      0.07554249  -1313.10713836  -1313.03159587
       408      408.000       334.20      0.08255221  -1313.10959735  -1313.02704514
       409      409.000       366.71      0.09058054  -1313.11202487  -1313.02144433
       410      410.000       361.45      0.08928251  -1313.11146328  -1313.02218078
       411      411.000       338.04      0.08350003  -1313.10999359  -1313.02649356
       412      412.000       292.34      0.07221131  -1313.10653785  -1313.03432653
       413      413.000       271.13      0.06697298  -1313.10492040  -1313.03794741
       414      414.000       296.79      0.07331026  -1313.10700765  -1313.03369738
       415      415.000       321.20      0.07933977  -1313.10878726  -1313.02944749
       416      416.000       327.41      0.08087399  -1313.10892049  -1313.02804650
       417      417.000       338.78      0.08368145  -1313.11021081  -1313.02652937
       418      418.000       317.16      0.07834211  -1313.10807928  -1313.02973717
       419      419.000       323.15      0.07982169  -1313.10896381  -1313.02914212
       420      420.000       308.24      0.07613971  -1313.10784141  -1313.03170170
       421      421.000       286.18      0.07068932  -1313.10595146  -1313.03526214
       422      422.000       305.04      0.07534938  -1313.10761743  -1313.03226805
       423      423.000       320.71      0.07921992  -1313.10852364  -1313.02930372
       424      424.000       346.56      0.08560535  -1313.11055545  -1313.02495009
       425      425.000       346.26      0.08553103  -1313.11052411  -1313.02499309
       426      426.000       320.79      0.07923779  -1313.10847960  -1313.02924181
       427      427.000       323.28      0.07985261  -1313.10866987  -1313.02881726
       428      428.000       351.41      0.08680127  -1313.11078684  -1313.02398557
       429      429.000       375.00      0.09262937  -1313.11244514  -1313.01981577
       430      430.000       385.18      0.09514420  -1313.11321536  -1313.01807117
       431      431.000       367.72      0.09083172  -1313.11194640  -1313.02111468
       432      432.000       342.16      0.08451716  -1313.10982756  -1313.02531040
       433      433.000       356.79      0.08813172  -1313.11124233  -1313.02311061
       434      434.000       363.69      0.08983498  -1313.11149929  -1313.02166431
       435      435.000       379.08      0.09363643  -1313.11269697  -1313.01906054
       436      436.000       389.47      0.09620301  -1313.11352754  -1313.01732453
       437      437.000       377.66      0.09328751  -1313.11245495  -1313.01916744
       438      438.000       372.66      0.09205163  -1313.11243739  -1313.02038576
       439      439.000       347.50      0.08583575  -1313.11024290  -1313.02440715
       440      440.000       345.28      0.08528909  -1313.11031380  -1313.02502471
       441      441.000       358.79      0.08862631  -1313.11115776  -1313.02253145
       442      442.000       380.31      0.09394140  -1313.11296909  -1313.01902769
       443      443.000       368.73      0.09108035  -1313.11194223  -1313.02086188
       444      444.000       349.32      0.08628644  -1313.11056340  -1313.02427696
       445      445.000       341.59      0.08437715  -1313.10990818  -1313.02553103
       446      446.000       368.22      0.09095337  -1313.11165082  -1313.02069745
       447      447.000       429.22      0.10602233  -1313.11654009  -1313.01051775
       448      448.000       432.27      0.10677494  -1313.11636993  -1313.00959499
       449      449.000       404.16      0.09983221  -1313.11453479  -1313.01470259
       450      450.000       364.12      0.08994241  -1313.11142498  -1313.02148256
       451      451.000       353.86      0.08740839  -1313.11079781  -1313.02338942
       452      452.000       373.26      0.09219953  -1313.11219892  -1313.01999938
       453      453.000       392.89      0.09704852  -1313.11389128  -1313.01684276
       454      454.000       375.64      0.09278842  -1313.11229330  -1313.01950488
       455      455.000       368.51      0.09102713  -1313.11189495  -1313.02086782
       456      456.000       368.05      0.09091215  -1313.11201606  -1313.02110391
       457      457.000       355.91      0.08791288  -1313.11086614  -1313.02295326
       458      458.000       358.92      0.08865788  -1313.11152155  -1313.02286367
       459      459.000       336.66      0.08315939  -1313.10951694  -1313.02635754
       460      460.000       337.30      0.08331723  -1313.10972475  -1313.02640752
       461      461.000       347.16      0.08575170  -1313.11064217  -1313.02489047
       462      462.000       328.51      0.08114525  -1313.10907608  -1313.02793084
       463      463.000       318.26      0.07861269  -1313.10842295  -1313.02981025
       464      464.000       315.33      0.07789032  -1313.10827119  -1313.03038088
       465      465.000       321.16      0.07932968  -1313.10840367  -1313.02907399
       466      466.000       352.58      0.08709035  -1313.11114231  -1313.02405195
       467      467.000       337.92      0.08347081  -1313.10990282  -1313.02643201
       468      468.000       304.88      0.07530932  -1313.10726530  -1313.03195598
       469      469.000       307.17      0.07587352  -1313.10774609  -1313.03187257
       470      470.000       316.52      0.07818463  -1313.10807484  -1313.02989022
       471      471.000       361.21      0.08922414  -1313.11148466  -1313.02226053
       472      472.000       388.51      0.09596753  -1313.11368927  -1313.01772174
       473      473.000       363.30      0.08973843  -1313.11129835  -1313.02155993
       474      474.000       366.23      0.09046392  -1313.11185963  -1313.02139571
       475      475.000       365.60      0.09030815  -1313.11168753  -1313.02137938
       476      476.000       375.89      0.09284791  -1313.11224770  -1313.01939979
       477      477.000       407.14      0.10056748  -1313.11489464  -1313.01432716
       478      478.000       400.68      0.09897323  -1313.11404454  -1313.01507130
       479      479.000       398.36      0.09839871  -1313.11397884  -1313.01558013
       480      480.000       391.90      0.09680449  -1313.11380571  -1313.01700123
       481      481.000       348.96      0.08619692  -1313.11039493  -1313.02419801
       482      482.000       327.34      0.08085582  -1313.10903226  -1313.02817643
       483      483.000       314.82      0.07776350  -1313.10825639  -1313.03049289
       484      484.000       312.81      0.07726875  -1313.10771325  -1313.03044450
       485      485.000       356.20      0.08798470  -1313.11144296  -1313.02345825
       486      486.000       352.21      0.08700052  -1313.11069448  -1313.02369395
       487      487.000       356.00      0.08793602  -1313.11095076  -1313.02301473
       488      488.000       375.93      0.09285890  -1313.11263849  -1313.01977959
       489      489.000       373.48      0.09225469  -1313.11208146  -1313.01982677
       490      490.000       388.29      0.09591302  -1313.11347872  -1313.01756570
       491      491.000       377.95      0.09335778  -1313.11260884  -1313.01925106
       492      492.000       359.26      0.08874090  -1313.11107084  -1313.02232994
       493      493.000       373.72      0.09231253  -1313.11234617  -1313.02003363
       494      494.000       383.67      0.09476999  -1313.11309519  -1313.01832519
       495      495.000       374.71      0.09255762  -1313.11223007  -1313.01967245
       496      496.000       370.34      0.09147890  -1313.11231722  -1313.02083832
       497      497.000       336.57      0.08313577  -1313.10942362  -1313.02628786
       498      498.000       341.40      0.08432967  -1313.10998444  -1313.02565478
       499      499.000       361.79      0.08936688  -1313.11169046  -1313.02232358
       500      500.000       346.65      0.08562623  -1313.11032343  -1313.02469721
       501      501.000       336.81      0.08319602  -1313.10979018  -1313.02659416
       502      502.000       323.37      0.07987704  -1313.10871070  -1313.02883366
       503      503.000       326.80      0.08072236  -1313.10886782  -1313.02814545
       504      504.000       352.01      0.08694966  -1313.11101664  -1313.02406698
       505      505.000       344.31      0.08504930  -1313.11025630  -1313.02520700
       506      506.000       324.79      0.08022714  -1313.10882600  -1313.02859887
       507      507.000       311.67      0.07698682  -1313.10810271  -1313.03111588
       508      508.000       292.02      0.07213311  -1313.10642254  -1313.03428943
       509      509.000       292.42      0.07223208  -1313.10676479  -1313.03453271
       510      510.000       290.13      0.07166576  -1313.10644960  -1313.03478384
       511      511.000       291.89      0.07210106  -1313.10658607  -1313.03448501
       512      512.000       302.03      0.07460602  -1313.10729670  -1313.03269068
       513      513.000       312.49      0.07718810  -1313.10820003  -1313.03101193
       514      514.000       304.23      0.07514768  -1313.10734837  -1313.03220070
       515      515.000       305.12      0.07536897  -1313.10757550  -1313.03220653
       516      516.000       310.03      0.07658047  -1313.10781497  -1313.03123450
       517      517.000       328.50      0.08114383  -1313.10910512  -1313.02796129
       518      518.000       349.44      0.08631546  -1313.11077603  -1313.02446057
       519      519.000       346.99      0.08571031  -1313.11040718  -1313.02469687
       520      520.000       341.26      0.08429567  -1313.11007394  -1313.02577827
       521      521.000       334.09      0.08252485  -1313.10945781  -1313.02693296
       522      522.000       334.24      0.08256119  -1313.10965942  -1313.02709823
       523      523.000       320.89      0.07926441  -1313.10858704  -1313.02932262
       524      524.000       309.45      0.07643643  -1313.10789030  -1313.03145387
       525      525.000       298.65      0.07376992  -1313.10692261  -1313.03315269
       526      526.000       312.32      0.07714721  -1313.10799403  -1313.03084682
       527      527.000       333.08      0.08227391  -1313.10967037  -1313.02739646
       528      528.000       325.89      0.08049833  -1313.10893724  -1313.02843891
       529      529.000       314.63      0.07771791  -1313.10824130  -1313.03052339
       530      530.000       299.44      0.07396484  -1313.10710764  -1313.03314280
       531      531.000       297.02      0.07336749  -1313.10684736  -1313.03347987
       532      532.000       310.84      0.07678216  -1313.10808385  -1313.03130169
       533      533.000       308.68      0.07624784  -1313.10776139  -1313.03151354
       534      534.000       312.36      0.07715653  -1313.10786455  -1313.03070801
       535      535.000       332.54      0.08214134  -1313.10962709  -1313.02748575
       536      536.000       331.28      0.08182968  -1313.10926642  -1313.02743674
       537      537.000       330.56      0.08165214  -1313.10946445  -1313.02781231
       538      538.000       301.42      0.07445388  -1313.10735784  -1313.03290396
       539      539.000       261.81      0.06467042  -1313.10425897  -1313.03958855
       540      540.000       270.59      0.06683760  -1313.10512908  -1313.03829148
       541      541.000       291.70      0.07205407  -1313.10666275  -1313.03460868
       542      542.000       312.38      0.07716030  -1313.10791868  -1313.03075838
       543      543.000       337.31      0.08331843  -1313.11005531  -1313.02673688
       544      544.000       327.54      0.08090731  -1313.10889205  -1313.02798474
       545      545.000       341.92      0.08445855  -1313.11008965  -1313.02563110
       546      546.000       353.38      0.08728871  -1313.11115226  -1313.02386355
       547      547.000       331.93      0.08199080  -1313.10907373  -1313.02708293
       548      548.000       342.24      0.08453743  -1313.11030337  -1313.02576594
       549      549.000       336.72      0.08317332  -1313.10962388  -1313.02645056
       550      550.000       345.59      0.08536496  -1313.11024150  -1313.02487653
       551      551.000       365.32      0.09023897  -1313.11200802  -1313.02176904
       552      552.000       338.53      0.08362122  -1313.10971718  -1313.02609596
       553      553.000       330.27      0.08158048  -1313.10912222  -1313.02754174
       554      554.000       345.17      0.08525969  -1313.11053415  -1313.02527446
       555      555.000       341.49      0.08435212  -1313.10981320  -1313.02546109
       556      556.000       359.87      0.08889287  -1313.11157000  -1313.02267713
       557      557.000       349.25      0.08626901  -1313.11060989  -1313.02434088
       558      558.000       338.97      0.08372834  -1313.10959609  -1313.02586775
       559      559.000       365.77      0.09034915  -1313.11202321  -1313.02167406
       560      560.000       360.24      0.08898258  -1313.11132090  -1313.02233833
       561      561.000       349.88      0.08642464  -1313.11063809  -1313.02421344
       562      562.000       339.73      0.08391732  -1313.11005303  -1313.02613571
       563      563.000       317.68      0.07846997  -1313.10815573  -1313.02968576
       564      564.000       334.77      0.08269276  -1313.10963222  -1313.02693946
       565      565.000       343.94      0.08495713  -1313.11042987  -1313.02547275
       566      566.000       325.67      0.08044391  -1313.10876553  -1313.02832163
       567      567.000       329.37      0.08135916  -1313.10942108  -1313.02806193
       568      568.000       316.55      0.07819245  -1313.10817115  -1313.02997870
       569      569.000       322.57      0.07967748  -1313.10873658  -1313.02905910
       570      570.000       331.94      0.08199239  -1313.10958745  -1313.02759506
       571      571.000       325.97      0.08051796  -1313.10870397  -1313.02818601
       572      572.000       354.60      0.08759045  -1313.11099924  -1313.02340880
       573      573.000       386.22      0.09539952  -1313.11330154  -1313.01790203
       574      574.000       391.37      0.09667179  -1313.11350942  -1313.01683763
       575      575.000       382.40      0.09445787  -1313.11306037  -1313.01860250
       576      576.000       352.49      0.08706831  -1313.11071416  -1313.02364584
       577      577.000       342.42      0.08458045  -1313.10994810  -1313.02536765
       578      578.000       358.29      0.08850072  -1313.11140113  -1313.02290041
       579      579.000       350.72      0.08663159  -1313.11069684  -1313.02406525
       580      580.000       337.00      0.08324300  -1313.10975762  -1313.02651462
       581      581.000       318.98      0.07879262  -1313.10843542  -1313.02964281
       582      582.000       319.93      0.07902619  -1313.10838405  -1313.02935785
       583      583.000       353.66      0.08735769  -1313.11091914  -1313.02356145
       584      584.000       378.52      0.09349799  -1313.11287241  -1313.01937442
       585      585.000       369.28      0.09121700  -1313.11182872  -1313.02061171
       586      586.000       365.60      0.09030759  -1313.11183392  -1313.02152633
       587      587.000       360.53      0.08905597  -1313.11117984  -1313.02212387
       588      588.000       382.64      0.09451698  -1313.11296632  -1313.01844934
       589      589.000       398.69      0.09848034  -1313.11414656  -1313.01566622
       590      590.000       390.39      0.09642970  -1313.11338014  -1313.01695043
       591      591.000       387.59      0.09574015  -1313.11328970  -1313.01754955
       592      592.000       383.72      0.09478261  -1313.11282895  -1313.01804634
       593      593.000       394.89      0.09754276  -1313.11393139  -1313.01638862
       594      594.000       392.61      0.09697950  -1313.11348468  -1313.01650518
       595      595.000       388.98      0.09608174  -1313.11347280  -1313.01739106
       596      596.000       376.02      0.09288034  -1313.11230970  -1313.01942936
       597      597.000       378.62      0.09352315  -1313.11271192  -1313.01918876
       598      598.000       373.03      0.09214313  -1313.11224567  -1313.02010254
       599      599.000       366.36      0.09049561  -1313.11167279  -1313.02117718
       600      600.000       379.08      0.09363778  -1313.11270389  -1313.01906611
       601      601.000       392.71      0.09700378  -1313.11351167  -1313.01650789
       602      602.000       412.45      0.10187957  -1313.11516846  -1313.01328889
       603      603.000       403.30      0.09961917  -1313.11437189  -1313.01475273
       604      604.000       377.78      0.09331703  -1313.11258978  -1313.01927275
       605      605.000       360.24      0.08898455  -1313.11121529  -1313.02223074
       606      606.000       367.39      0.09074967  -1313.11189326  -1313.02114358
       607      607.000       369.19      0.09119295  -1313.11214591  -1313.02095296
       608      608.000       346.67      0.08563256  -1313.11038275  -1313.02475019
       609      609.000       315.45      0.07792041  -1313.10838834  -1313.03046793
       610      610.000       279.60      0.06906478  -1313.10539229  -1313.03632750
       611      611.000       300.25      0.07416437  -1313.10725016  -1313.03308578
       612      612.000       326.78      0.08071875  -1313.10909410  -1313.02837535
       613      613.000       342.77      0.08466698  -1313.11012355  -1313.02545656
       614      614.000       356.31      0.08801155  -1313.11132380  -1313.02331224
       615      615.000       336.44      0.08310465  -1313.10957170  -1313.02646705
       616      616.000       327.86      0.08098561  -1313.10915173  -1313.02816612
       617      617.000       327.86      0.08098540  -1313.10900518  -1313.02801978
       618      618.000       339.28      0.08380589  -1313.10987436  -1313.02606847
       619      619.000       357.93      0.08841326  -1313.11122319  -1313.02280993
       620      620.000       359.65      0.08883724  -1313.11164353  -1313.02280629
       621      621.000       312.62      0.07722172  -1313.10788945  -1313.03066773
       622      622.000       283.28      0.06997355  -1313.10592071  -1313.03594715
       623      623.000       282.33      0.06973975  -1313.10588347  -1313.03614371
       624      624.000       316.14      0.07809067  -1313.10787266  -1313.02978199
       625      625.000       396.86      0.09802910  -1313.11452195  -1313.01649285
       626      626.000       396.98      0.09805813  -1313.11384004  -1313.01578191
       627      627.000       372.11      0.09191438  -1313.11232671  -1313.02041233
       628      628.000       335.65      0.08290854  -1313.10947027  -1313.02656173
       629      629.000       333.04      0.08226511  -1313.10916323  -1313.02689811
       630      630.000       389.33      0.09616885  -1313.11345133  -1313.01728249
       631      631.000       434.05      0.10721462  -1313.11673635  -1313.00952173
       632      632.000       429.17      0.10601040  -1313.11618410  -1313.01017369
       633      633.000       404.60      0.09994096  -1313.11446454  -1313.01452358
       634      634.000       370.92      0.09162210  -1313.11213476  -1313.02051267
       635      635.000       346.00      0.08546655  -1313.10999960  -1313.02453305
       636      636.000       361.91      0.08939587  -1313.11181435  -1313.02241847
       637      637.000       350.11      0.08648046  -1313.11036388  -1313.02388342
       638      638.000       367.04      0.09066414  -1313.11196260  -1313.02129846
       639      639.000       369.50      0.09126990  -1313.11219864  -1313.02092873
       640      640.000       341.66      0.08439509  -1313.10984145  -1313.02544636
       641      641.000       339.93      0.08396718  -1313.11003640  -1313.02606922
       642      642.000       333.60      0.08240269  -1313.10944470  -1313.02704201
       643      643.000       341.88      0.08444739  -1313.10997057  -1313.02552318
       644      644.000       362.14      0.08945232  -1313.11175212  -1313.02229980
       645      645.000       344.44      0.08508116  -1313.11022967  -1313.02514851
       646      646.000       332.14      0.08204216  -1313.10921772  -1313.02717556
       647      647.000       346.14      0.08550049  -1313.11053168  -1313.02503120
       648      648.000       349.94      0.08643866  -1313.11047114  -1313.02403248
       649      649.000       368.69      0.09107004  -1313.11216333  -1313.02109328
       650      650.000       353.56      0.08733291  -1313.11110864  -1313.02377573
       651      651.000       307.39      0.07592861  -1313.10734077  -1313.03141216
       652      652.000       310.84      0.07678191  -1313.10797734  -1313.03119543
       653      653.000       322.99      0.07978149  -1313.10872761  -1313.02894612
       654      654.000       345.35      0.08530622  -1313.11028921  -1313.02498299
       655      655.000       365.15      0.09019700  -1313.11195748  -1313.02176048
       656      656.000       349.12      0.08623710  -1313.11037238  -1313.02413528
       657      657.000       361.50      0.08929509  -1313.11141097  -1313.02211588
       658      658.000       378.45      0.09348170  -1313.11281005  -1313.01932834
       659      659.000       369.33      0.09122928  -1313.11191830  -1313.02068902
       660      660.000       362.71      0.08959412  -1313.11158980  -1313.02199568
       661      661.000       348.84      0.08616702  -1313.11056105  -1313.02439403
       662      662.000       344.02      0.08497604  -1313.10995132  -1313.02497528
       663      663.000       374.06      0.09239705  -1313.11263979  -1313.02024273
       664      664.000       363.24      0.08972463  -1313.11146914  -1313.02174451
       665      665.000       353.76      0.08738188  -1313.11091217  -1313.02353029
       666      666.000       345.11      0.08524528  -1313.11049548  -1313.02525020
       667      667.000       317.75      0.07848808  -1313.10804406  -1313.02955598
       668      668.000       335.22      0.08280401  -1313.10983569  -1313.02703167
       669      669.000       334.61      0.08265268  -1313.10952787  -1313.02687519
       670      670.000       338.71      0.08366508  -1313.10982460  -1313.02615951
       671      671.000       352.93      0.08717825  -1313.11095430  -1313.02377605
       672      672.000       347.15      0.08574891  -1313.11050626  -1313.02475734
       673      673.000       336.97      0.08323524  -1313.10954001  -1313.02630478
       674      674.000       347.66      0.08587489  -1313.11069018  -1313.02481529
       675      675.000       347.97      0.08595248  -1313.11024029  -1313.02428781
       676      676.000       378.10      0.09339591  -1313.11272925  -1313.01933334
       677      677.000       390.26      0.09639872  -1313.11378078  -1313.01738205
       678      678.000       353.88      0.08741134  -1313.11058701  -1313.02317567
       679      679.000       350.99      0.08669751  -1313.11088496  -1313.02418744
       680      680.000       346.77      0.08565544  -1313.11018638  -1313.02453094
       681      681.000       378.94      0.09360201  -1313.11262277  -1313.01902076
       682      682.000       414.87      0.10247681  -1313.11554875  -1313.01307194
       683      683.000       390.45      0.09644573  -1313.11337868  -1313.01693295
       684      684.000       364.85      0.09012314  -1313.11163822  -1313.02151508
       685      685.000       343.55      0.08486088  -1313.11026704  -1313.02540617
       686      686.000       328.85      0.08122996  -1313.10893891  -1313.02770894
       687      687.000       348.74      0.08614267  -1313.11063108  -1313.02448841
       688      688.000       362.83      0.08962414  -1313.11167376  -1313.02204962
       689      689.000       358.39      0.08852707  -1313.11115338  -1313.02262631
       690      690.000       358.95      0.08866527  -1313.11142121  -1313.02275594
       691      691.000       338.92      0.08371623  -1313.10994009  -1313.02622386
       692      692.000       316.50      0.07818015  -1313.10810802  -1313.02992787
       693      693.000       325.04      0.08028879  -1313.10903443  -1313.02874564
       694      694.000       333.05      0.08226646  -1313.10926731  -1313.02700085
       695      695.000       367.76      0.09084051  -1313.11201319  -1313.02117267
       696      696.000       379.30      0.09369101  -1313.11290001  -1313.01920900
       697      697.000       355.77      0.08787846  -1313.11097192  -1313.02309346
       698      698.000       336.83      0.08320175  -1313.10978277  -1313.02658102
       699      699.000       324.01      0.08003405  -1313.10859732  -1313.02856327
       700      700.000       346.81      0.08566687  -1313.11058662  -1313.02491975
       701      701.000       355.37      0.08777992  -1313.11101878  -1313.02323886
       702      702.000       354.94      0.08767427  -1313.11106813  -1313.02339386
       703      703.000       350.99      0.08669788  -1313.11064846  -1313.02395058
       704      704.000       358.82      0.08863291  -1313.11125137  -1313.02261846
       705      705.000       369.35      0.09123461  -1313.11208116  -1313.02084655
       706      706.000       364.24      0.08997145  -1313.11166356  -1313.02169211
       707      707.000       350.83      0.08665830  -1313.11072188  -1313.02406358
       708      708.000       339.18      0.08378174  -1313.10982570  -1313.02604395
       709      709.000       340.27      0.08404994  -1313.11001222  -1313.02596228
       710      710.000       342.40      0.08457554  -1313.11003439  -1313.02545884
       711      711.000       352.64      0.08710589  -1313.11087088  -1313.02376500
       712      712.000       364.18      0.08995603  -1313.11150523  -1313.02154920
       713      713.000       386.66      0.09551034  -1313.11337371  -1313.01786337
       714      714.000       385.18      0.09514313  -1313.11312918  -1313.01798605
       715      715.000       366.79      0.09060110  -1313.11180262  -1313.02120152
       716      716.000       349.92      0.08643366  -1313.11062238  -1313.02418872
       717      717.000       346.40      0.08556428  -1313.11016900  -1313.02460473
       718      718.000       382.84      0.09456656  -1313.11298106  -1313.01841450
       719      719.000       410.47      0.10139057  -1313.11510702  -1313.01371645
       720      720.000       395.36      0.09765781  -1313.11375092  -1313.01609311
       721      721.000       370.61      0.09154490  -1313.11220719  -1313.02066229
       722      722.000       331.51      0.08188624  -1313.10920144  -1313.02731521
       723      723.000       330.61      0.08166491  -1313.10906008  -1313.02739517
       724      724.000       365.75      0.09034349  -1313.11201609  -1313.02167261
       725      725.000       373.18      0.09217970  -1313.11211589  -1313.01993619
       726      726.000       387.62      0.09574686  -1313.11336982  -1313.01762296
       727      727.000       385.09      0.09512242  -1313.11322917  -1313.01810675
       728      728.000       362.17      0.08946060  -1313.11129171  -1313.02183111
       729      729.000       362.45      0.08952814  -1313.11161598  -1313.02208784
       730      730.000       355.24      0.08774842  -1313.11094229  -1313.02319388
       731      731.000       363.22      0.08971932  -1313.11136352  -1313.02164420
       732      732.000       393.69      0.09724610  -1313.11402828  -1313.01678217
       733      733.000       378.01      0.09337357  -1313.11247673  -1313.01910316
       734      734.000       372.55      0.09202489  -1313.11227716  -1313.02025227
       735      735.000       359.82      0.08887940  -1313.11138425  -1313.02250485
       736      736.000       349.22      0.08626018  -1313.11028373  -1313.02402355
       737      737.000       382.86      0.09457134  -1313.11318514  -1313.01861379
       738      738.000       381.95      0.09434503  -1313.11297529  -1313.01863026
       739      739.000       362.74      0.08960012  -1313.11134134  -1313.02174121
       740      740.000       362.51      0.08954415  -1313.11178752  -1313.02224337
       741      741.000       338.37      0.08358070  -1313.10955361  -1313.02597292
       742      742.000       348.64      0.08611787  -1313.11058813  -1313.02447025
       743      743.000       356.05      0.08794873  -1313.11138832  -1313.02343959
       744      744.000       325.55      0.08041412  -1313.10850359  -1313.02808947
       745      745.000       346.88      0.08568237  -1313.11076121  -1313.02507883
       746      746.000       338.16      0.08353028  -1313.10980669  -1313.02627640
       747      747.000       327.94      0.08100506  -1313.10899267  -1313.02798761
       748      748.000       334.19      0.08254902  -1313.10984252  -1313.02729350
       749      749.000       310.80      0.07677095  -1313.10765856  -1313.03088761
       750      750.000       326.79      0.08072061  -1313.10903657  -1313.02831596
       751      751.000       342.49      0.08459909  -1313.11047845  -1313.02587936
       752      752.000       318.68      0.07871640  -1313.10817136  -1313.02945496
       753      753.000       324.65      0.08019243  -1313.10908335  -1313.02889092
       754      754.000       318.12      0.07857939  -1313.10839451  -1313.02981512
       755      755.000       327.69      0.08094224  -1313.10878833  -1313.02784609
       756      756.000       371.34      0.09172611  -1313.11265815  -1313.02093205
       757      757.000       349.23      0.08626254  -1313.11043557  -1313.02417302
       758      758.000       334.97      0.08274027  -1313.10956732  -1313.02682705
       759      759.000       330.82      0.08171583  -1313.10946787  -1313.02775204
       760      760.000       320.11      0.07907197  -1313.10824558  -1313.02917361
       761      761.000       353.75      0.08738089  -1313.11113610  -1313.02375521
       762      762.000       353.95      0.08743064  -1313.11110898  -1313.02367834
       763      763.000       338.34      0.08357395  -1313.10948056  -1313.02590661
       764      764.000       364.58      0.09005578  -1313.11199300  -1313.02193722
       765      765.000       359.03      0.08868354  -1313.11110961  -1313.02242607
       766      766.000       368.02      0.09090542  -1313.11200045  -1313.02109503
       767      767.000       361.12      0.08920080  -1313.11164293  -1313.02244213
       768      768.000       330.19      0.08156053  -1313.10892067  -1313.02736014
       769      769.000       347.35      0.08579827  -1313.11068878  -1313.02489051
       770      770.000       346.86      0.08567933  -1313.11042532  -1313.02474599
       771      771.000       341.64      0.08438819  -1313.10999436  -1313.02560618
       772      772.000       349.69      0.08637814  -1313.11080225  -1313.02442411
       773      773.000       340.39      0.08408102  -1313.10982898  -1313.02574795
       774      774.000       359.67      0.08884239  -1313.11122729  -1313.02238491
       775      775.000       387.80      0.09579112  -1313.11362299  -1313.01783187
       776      776.000       374.66      0.09254515  -1313.11210941  -1313.01956425
       777      777.000       385.63      0.09525397  -1313.11329040  -1313.01803643
       778      778.000       383.54      0.09473784  -1313.11295654  -1313.01821871
       779      779.000       382.73      0.09453818  -1313.11276951  -1313.01823134
       780      780.000       398.72      0.09848919  -1313.11437039  -1313.01588120
       781      781.000       374.36      0.09247003  -1313.11219277  -1313.01972274
       782      782.000       366.33      0.09048816  -1313.11168772  -1313.02119956
       783      783.000       377.48      0.09324290  -1313.11274752  -1313.01950462
       784      784.000       370.89      0.09161337  -1313.11196834  -1313.02035498
       785      785.000       374.58      0.09252656  -1313.11261485  -1313.02008829
       786      786.000       347.65      0.08587424  -1313.11042942  -1313.02455518
       787      787.000       333.34      0.08233760  -1313.10921294  -1313.02687534
       788      788.000       360.58      0.08906838  -1313.11157685  -1313.02250847
       789      789.000       370.87      0.09160893  -1313.11209395  -1313.02048502
       790      790.000       367.36      0.09074254  -1313.11208463  -1313.02134209
       791      791.000       332.34      0.08209056  -1313.10939233  -1313.02730176
       792      792.000       303.76      0.07503244  -1313.10728610  -1313.03225366
       793      793.000       314.23      0.07761724  -1313.10803706  -1313.03041982
       794      794.000       351.10      0.08672519  -1313.11085340  -1313.02412821
       795      795.000       376.57      0.09301711  -1313.11249140  -1313.01947429
       796      796.000       387.32      0.09567288  -1313.11358991  -1313.01791703
       797      797.000       346.33      0.08554650  -1313.11037077  -1313.02482427
       798      798.000       306.17      0.07562682  -1313.10743345  -1313.03180663
       799      799.000       296.54      0.07324794  -1313.10703553  -1313.03378759
       800      800.000       302.79      0.07479247  -1313.10702834  -1313.03223588
       801      801.000       351.93      0.08693152  -1313.11109888  -1313.02416736
       802      802.000       369.14      0.09118103  -1313.11195762  -1313.02077659
       803      803.000       369.80      0.09134443  -1313.11234180  -1313.02099738
       804      804.000       326.97      0.08076484  -1313.10900967  -1313.02824483
       805      805.000       287.18      0.07093553  -1313.10617206  -1313.03523653
       806      806.000       286.10      0.07067115  -1313.10609440  -1313.03542324
       807      807.000       320.12      0.07907428  -1313.10857060  -1313.02949632
       808      808.000       354.27      0.08750924  -1313.11125794  -1313.02374870
       809      809.000       347.26      0.08577699  -1313.11040634  -1313.02462935
       810      810.000       337.42      0.08334773  -1313.10981916  -1313.02647144
       811      811.000       331.79      0.08195477  -1313.10930070  -1313.02734593
       812      812.000       340.72      0.08416142  -1313.11007234  -1313.02591092
       813      813.000       348.32      0.08603797  -1313.11048593  -1313.02444796
       814      814.000       357.82      0.08838545  -1313.11136715  -1313.02298170
       815      815.000       349.05      0.08621828  -1313.11052410  -1313.02430582
       816      816.000       345.41      0.08531957  -1313.11039621  -1313.02507664
       817      817.000       335.40      0.08284710  -1313.10970570  -1313.02685860
       818      818.000       330.08      0.08153273  -1313.10894501  -1313.02741227
       819      819.000       364.21      0.08996458  -1313.11191896  -1313.02195438
       820      820.000       372.03      0.09189672  -1313.11208337  -1313.02018665
       821      821.000       384.37      0.09494330  -1313.11313150  -1313.01818819
       822      822.000       372.09      0.09190945  -1313.11246389  -1313.02055444
       823      823.000       331.47      0.08187742  -1313.10898570  -1313.02710828
       824      824.000       342.68      0.08464613  -1313.11025243  -1313.02560630
       825      825.000       357.90      0.08840536  -1313.11112641  -1313.02272105
       826      826.000       381.68      0.09427876  -1313.11294743  -1313.01866867
       827      827.000       390.36      0.09642334  -1313.11368403  -1313.01726068
       828      828.000       357.17      0.08822416  -1313.11111840  -1313.02289424
       829      829.000       337.61      0.08339411  -1313.10957056  -1313.02617645
       830      830.000       355.49      0.08781012  -1313.11128041  -1313.02347028
       831      831.000       348.34      0.08604307  -1313.11040527  -1313.02436220
       832      832.000       358.20      0.08848051  -1313.11124294  -1313.02276243
       833      833.000       360.30      0.08899756  -1313.11162136  -1313.02262380
       834      834.000       344.19      0.08501999  -1313.10981370  -1313.02479370
       835      835.000       373.16      0.09217517  -1313.11279184  -1313.02061667
       836      836.000       344.31      0.08504933  -1313.11007225  -1313.02502293
       837      837.000       330.80      0.08171109  -1313.10926199  -1313.02755090
       838      838.000       336.59      0.08314072  -1313.10983867  -1313.02669795
       839      839.000       336.54      0.08312932  -1313.10954669  -1313.02641737
       840      840.000       359.31      0.08875257  -1313.11149065  -1313.02273808
       841      841.000       361.81      0.08937170  -1313.11153779  -1313.02216609
       842      842.000       353.94      0.08742816  -1313.11073182  -1313.02330365
       843      843.000       377.44      0.09323092  -1313.11264124  -1313.01941032
       844      844.000       386.98      0.09558865  -1313.11342435  -1313.01783570
       845      845.000       366.95      0.09064093  -1313.11167996  -1313.02103903
       846      846.000       354.47      0.08755807  -1313.11128160  -1313.02372353
       847      847.000       315.38      0.07790158  -1313.10782263  -1313.02992105
       848      848.000       336.40      0.08309357  -1313.10971209  -1313.02661853
       849      849.000       365.78      0.09035080  -1313.11203924  -1313.02168844
       850      850.000       359.17      0.08871954  -1313.11113922  -1313.02241968
       851      851.000       361.83      0.08937623  -1313.11164880  -1313.02227257
       852      852.000       349.49      0.08632730  -1313.11043669  -1313.02410939
       853      853.000       366.92      0.09063361  -1313.11173766  -1313.02110405
       854      854.000       396.85      0.09802669  -1313.11421285  -1313.01618616
       855      855.000       381.30      0.09418645  -1313.11280680  -1313.01862035
       856      856.000       357.84      0.08838996  -1313.11114264  -1313.02275268
       857      857.000       352.09      0.08697108  -1313.11076991  -1313.02379884
       858      858.000       362.44      0.08952789  -1313.11131719  -1313.02178930
       859      859.000       401.23      0.09910790  -1313.11439551  -1313.01528762
       860      860.000       408.65      0.10094074  -1313.11496764  -1313.01402690
       861      861.000       372.78      0.09207994  -1313.11212243  -1313.02004248
       862      862.000       346.21      0.08551808  -1313.11047188  -1313.02495380
       863      863.000       321.34      0.07937398  -1313.10845290  -1313.02907891
       864      864.000       334.82      0.08270440  -1313.10949687  -1313.02679248
       865      865.000       365.52      0.09028852  -1313.11189497  -1313.02160645
       866      866.000       379.90      0.09383984  -1313.11270736  -1313.01886752
       867      867.000       383.12      0.09463532  -1313.11317697  -1313.01854165
       868      868.000       351.71      0.08687530  -1313.11073534  -1313.02386005
       869      869.000       323.71      0.07996108  -1313.10877417  -1313.02881309
       870      870.000       314.82      0.07776426  -1313.10801104  -1313.03024678
       871      871.000       344.13      0.08500399  -1313.11020990  -1313.02520591
       872      872.000       383.53      0.09473526  -1313.11310558  -1313.01837032
       873      873.000       403.03      0.09955361  -1313.11445185  -1313.01489825
       874      874.000       392.60      0.09697606  -1313.11372106  -1313.01674499
       875      875.000       369.02      0.09115142  -1313.11177026  -1313.02061884
       876      876.000       375.13      0.09266104  -1313.11237518  -1313.01971414
       877      877.000       393.79      0.09727156  -1313.11377434  -1313.01650278
       878      878.000       397.99      0.09830863  -1313.11413659  -1313.01582796
       879      879.000       372.98      0.09213118  -1313.11220952  -1313.02007834
       880      880.000       351.59      0.08684571  -1313.11079119  -1313.02394547
       881      881.000       340.41      0.08408558  -1313.10973354  -1313.02564796
       882      882.000       366.66      0.09056961  -1313.11192071  -1313.02135110
       883      883.000       382.88      0.09457449  -1313.11307274  -1313.01849825
       884      884.000       376.82      0.09307865  -1313.11246874  -1313.01939009
       885      885.000       365.76      0.09034642  -1313.11193869  -1313.02159227
       886      886.000       335.83      0.08295329  -1313.10949046  -1313.02653717
       887      887.000       339.21      0.08378936  -1313.10982137  -1313.02603201
       888      888.000       356.93      0.08816471  -1313.11128733  -1313.02312262
       889      889.000       368.25      0.09096151  -1313.11175042  -1313.02078891
       890      890.000       396.14      0.09785226  -1313.11404659  -1313.01619433
       891      891.000       390.65      0.09649492  -1313.11359163  -1313.01709671
       892      892.000       371.25      0.09170329  -1313.11184305  -1313.02013976
       893      893.000       385.81      0.09529903  -1313.11339086  -1313.01809184
       894      894.000       385.31      0.09517528  -1313.11284134  -1313.01766606
       895      895.000       410.72      0.10145143  -1313.11505165  -1313.01360022
       896      896.000       412.66      0.10193252  -1313.11524496  -1313.01331244
       897      897.000       373.85      0.09234563  -1313.11209553  -1313.01974990
       898      898.000       368.96      0.09113826  -1313.11191551  -1313.02077725
       899      899.000       375.63      0.09278385  -1313.11251760  -1313.01973374
       900      900.000       385.19      0.09514530  -1313.11283663  -1313.01769133
       901      901.000       419.63      0.10365429  -1313.11590197  -1313.01224768
       902      902.000       393.40      0.09717341  -1313.11365755  -1313.01648414
       903      903.000       371.76      0.09182949  -1313.11181792  -1313.01998843
       904      904.000       393.06      0.09709013  -1313.11403814  -1313.01694801
       905      905.000       380.42      0.09396705  -1313.11239733  -1313.01843028
       906      906.000       398.94      0.09854330  -1313.11440936  -1313.01586606
       907      907.000       376.64      0.09303507  -1313.11255988  -1313.01952482
       908      908.000       345.73      0.08539875  -1313.10996866  -1313.02456991
       909      909.000       371.35      0.09172853  -1313.11243718  -1313.02070866
       910      910.000       368.60      0.09104834  -1313.11193149  -1313.02088315
       911      911.000       364.37      0.09000299  -1313.11160675  -1313.02160375
       912      912.000       364.87      0.09012668  -1313.11192508  -1313.02179839
       913      913.000       341.33      0.08431216  -1313.10973735  -1313.02542518
       914      914.000       366.68      0.09057303  -1313.11182605  -1313.02125302
       915      915.000       391.52      0.09671060  -1313.11388246  -1313.01717186
       916      916.000       373.08      0.09215587  -1313.11197260  -1313.01981673
       917      917.000       384.50      0.09497673  -1313.11325337  -1313.01827665
       918      918.000       375.31      0.09270589  -1313.11238416  -1313.01967827
       919      919.000       373.86      0.09234682  -1313.11208027  -1313.01973345
       920      920.000       399.27      0.09862477  -1313.11449526  -1313.01587049
       921      921.000       376.92      0.09310457  -1313.11222284  -1313.01911827
       922      922.000       385.87      0.09531399  -1313.11321330  -1313.01789931
       923      923.000       391.03      0.09658908  -1313.11372551  -1313.01713642
       924      924.000       368.15      0.09093631  -1313.11166654  -1313.02073023
       925      925.000       366.10      0.09043101  -1313.11206476  -1313.02163375
       926      926.000       341.89      0.08445015  -1313.10988505  -1313.02543490
       927      927.000       344.38      0.08506455  -1313.11021384  -1313.02514930
       928      928.000       364.42      0.09001536  -1313.11178696  -1313.02177159
       929      929.000       364.87      0.09012779  -1313.11177375  -1313.02164595
       930      930.000       353.72      0.08737313  -1313.11083247  -1313.02345935
       931      931.000       354.36      0.08753075  -1313.11099877  -1313.02346803
       932      932.000       365.75      0.09034440  -1313.11154284  -1313.02119844
       933      933.000       408.39      0.10087636  -1313.11485831  -1313.01398195
       934      934.000       423.48      0.10460432  -1313.11602777  -1313.01142345
       935      935.000       397.13      0.09809640  -1313.11381754  -1313.01572114
       936      936.000       372.22      0.09194146  -1313.11230853  -1313.02036707
       937      937.000       357.34      0.08826659  -1313.11075295  -1313.02248636
       938      938.000       396.93      0.09804600  -1313.11416880  -1313.01612279
       939      939.000       415.82      0.10271316  -1313.11520233  -1313.01248917
       940      940.000       421.58      0.10413513  -1313.11583568  -1313.01170054
       941      941.000       396.28      0.09788489  -1313.11384945  -1313.01596456
       942      942.000       370.49      0.09151605  -1313.11194551  -1313.02042946
       943      943.000       367.45      0.09076494  -1313.11198003  -1313.02121509
       944      944.000       361.74      0.08935430  -1313.11133161  -1313.02197731
       945      945.000       368.65      0.09106159  -1313.11202189  -1313.02096031
       946      946.000       375.32      0.09270869  -1313.11239124  -1313.01968254
       947      947.000       381.86      0.09432440  -1313.11285824  -1313.01853384
       948      948.000       391.17      0.09662284  -1313.11350033  -1313.01687749
       949      949.000       395.10      0.09759467  -1313.11398918  -1313.01639451
       950      950.000       377.25      0.09318507  -1313.11231510  -1313.01913003
       951      951.000       380.52      0.09399225  -1313.11297885  -1313.01898660
       952      952.000       360.26      0.08898824  -1313.11137298  -1313.02238474
       953      953.000       346.27      0.08553198  -1313.11012731  -1313.02459534
       954      954.000       366.01      0.09040858  -1313.11203786  -1313.02162928
       955      955.000       370.23      0.09145063  -1313.11173113  -1313.02028050
       956      956.000       407.10      0.10055736  -1313.11490147  -1313.01434411
       957      957.000       406.49      0.10040828  -1313.11476337  -1313.01435509
       958      958.000       373.75      0.09231962  -1313.11206343  -1313.01974381
       959      959.000       369.72      0.09132411  -1313.11213860  -1313.02081449
       960      960.000       365.47      0.09027413  -1313.11153881  -1313.02126468
       961      961.000       390.48      0.09645321  -1313.11346435  -1313.01701115
       962      962.000       413.96      0.10225176  -1313.11535429  -1313.01310253
       963      963.000       393.23      0.09713104  -1313.11357621  -1313.01644516
       964      964.000       378.89      0.09359004  -1313.11256219  -1313.01897216
       965      965.000       372.86      0.09210008  -1313.11242006  -1313.02031998
       966      966.000       353.08      0.08721428  -1313.11064646  -1313.02343219
       967      967.000       358.94      0.08866307  -1313.11146654  -1313.02280347
       968      968.000       340.75      0.08416913  -1313.11001238  -1313.02584325
       969      969.000       335.48      0.08286851  -1313.10928188  -1313.02641337
       970      970.000       375.76      0.09281585  -1313.11287926  -1313.02006341
       971      971.000       369.49      0.09126713  -1313.11174891  -1313.02048178
       972      972.000       374.88      0.09260073  -1313.11268763  -1313.02008690
       973      973.000       346.05      0.08547933  -1313.11033022  -1313.02485089
       974      974.000       320.79      0.07923797  -1313.10838743  -1313.02914946
       975      975.000       335.69      0.08291902  -1313.10979467  -1313.02687565
       976      976.000       345.64      0.08537733  -1313.11022949  -1313.02485216
       977      977.000       370.33      0.09147651  -1313.11208943  -1313.02061292
       978      978.000       397.27      0.09813129  -1313.11400383  -1313.01587254
       979      979.000       405.65      0.10019918  -1313.11462372  -1313.01442454
       980      980.000       395.62      0.09772319  -1313.11377608  -1313.01605289
       981      981.000       375.03      0.09263787  -1313.11264545  -1313.02000757
       982      982.000       331.68      0.08192962  -1313.10896803  -1313.02703841
       983      983.000       345.95      0.08545315  -1313.11045523  -1313.02500208
       984      984.000       367.76      0.09084121  -1313.11185891  -1313.02101770
       985      985.000       386.61      0.09549732  -1313.11324717  -1313.01774984
       986      986.000       385.41      0.09520030  -1313.11344671  -1313.01824641
       987      987.000       340.07      0.08400149  -1313.10969881  -1313.02569732
       988      988.000       328.02      0.08102407  -1313.10916216  -1313.02813809
       989      989.000       331.11      0.08178909  -1313.10923761  -1313.02744852
       990      990.000       351.35      0.08678847  -1313.11075414  -1313.02396567
       991      991.000       368.28      0.09096879  -1313.11207927  -1313.02111048
       992      992.000       363.96      0.08990128  -1313.11160279  -1313.02170150
       993      993.000       355.45      0.08780019  -1313.11106886  -1313.02326867
       994      994.000       345.19      0.08526570  -1313.11028560  -1313.02501990
       995      995.000       340.95      0.08421781  -1313.11004430  -1313.02582650
       996      996.000       336.03      0.08300219  -1313.10965076  -1313.02664857
       997      997.000       336.98      0.08323719  -1313.10972065  -1313.02648346
       998      998.000       345.54      0.08535271  -1313.11038000  -1313.02502729
       999      999.000       352.48      0.08706662  -1313.11088413  -1313.02381751
      1000     1000.000       348.45      0.08607213  -1313.11057870  -1313.02450656
      1001     1001.000       343.37      0.08481744  -1313.11011941  -1313.02530197
      1002     1002.000       342.42      0.08458159  -1313.11021057  -1313.02562898
      1003     1003.000       340.31      0.08406162  -1313.10984725  -1313.02578563
      1004     1004.000       350.48      0.08657338  -1313.11087716  -1313.02430378
      1005     1005.000       337.25      0.08330421  -1313.10967656  -1313.02637235
      1006     1006.000       338.78      0.08368128  -1313.10986981  -1313.02618852
      1007     1007.000       344.83      0.08517670  -1313.11030523  -1313.02512853
      1008     1008.000       358.03      0.08843795  -1313.11104067  -1313.02260272
      1009     1009.000       384.56      0.09499115  -1313.11343444  -1313.01844329
      1010     1010.000       368.71      0.09107458  -1313.11168427  -1313.02060969
      1011     1011.000       373.45      0.09224622  -1313.11237794  -1313.02013172
      1012     1012.000       377.99      0.09336806  -1313.11253191  -1313.01916386
      1013     1013.000       389.12      0.09611747  -1313.11329681  -1313.01717935
      1014     1014.000       405.85      0.10024939  -1313.11466291  -1313.01441352
      1015     1015.000       403.38      0.09963845  -1313.11439299  -1313.01475454
      1016     1016.000       392.58      0.09697081  -1313.11346052  -1313.01648970
      1017     1017.000       396.50      0.09793986  -1313.11400935  -1313.01606949
      1018     1018.000       384.32      0.09493137  -1313.11297177  -1313.01804040
      1019     1019.000       384.53      0.09498317  -1313.11286935  -1313.01788618
      1020     1020.000       406.49      0.10040814  -1313.11476438  -1313.01435624
      1021     1021.000       412.65      0.10193043  -1313.11477011  -1313.01283968
      1022     1022.000       437.34      0.10802905  -1313.11696824  -1313.00893919
      1023     1023.000       423.56      0.10462386  -1313.11579273  -1313.01116887
      1024     1024.000       400.04      0.09881486  -1313.11394509  -1313.01513023
      1025     1025.000       400.45      0.09891577  -1313.11417759  -1313.01526183
      1026     1026.000       406.51      0.10041177  -1313.11450428  -1313.01409251
      1027     1027.000       421.32      0.10407104  -1313.11565412  -1313.01158308
      1028     1028.000       419.60      0.10364698  -1313.11566682  -1313.01201984
      1029     1029.000       392.46      0.09694223  -1313.11341867  -1313.01647644
      1030     1030.000       385.66      0.09526263  -1313.11312328  -1313.01786065
      1031     1031.000       386.19      0.09539277  -1313.11316654  -1313.01777377
      1032     1032.000       385.73      0.09527865  -1313.11311927  -1313.01784061
      1033     1033.000       386.49      0.09546783  -1313.11330368  -1313.01783585
      1034     1034.000       368.56      0.09103777  -1313.11183396  -1313.02079618
      1035     1035.000       368.36      0.09098887  -1313.11188370  -1313.02089484
      1036     1036.000       379.07      0.09363553  -1313.11276766  -1313.01913213
      1037     1037.000       378.38      0.09346367  -1313.11253929  -1313.01907562
      1038     1038.000       383.54      0.09473884  -1313.11310141  -1313.01836257
      1039     1039.000       375.31      0.09270576  -1313.11231539  -1313.01960963
      1040     1040.000       382.82      0.09456009  -1313.11284842  -1313.01828834
      1041     1041.000       397.93      0.09829240  -1313.11417896  -1313.01588656
      1042     1042.000       389.42      0.09619084  -1313.11326319  -1313.01707234
      1043     1043.000       386.32      0.09542446  -1313.11333796  -1313.01791350
      1044     1044.000       368.81      0.09109930  -1313.11180571  -1313.02070641
      1045     1045.000       368.55      0.09103667  -1313.11193065  -1313.02089398
      1046     1046.000       375.84      0.09283627  -1313.11252282  -1313.01968655
      1047     1047.000       371.81      0.09184244  -1313.11213820  -1313.02029576
      1048     1048.000       370.95      0.09162953  -1313.11204581  -1313.02041628
      1049     1049.000       376.48      0.09299599  -1313.11260886  -1313.01961287
      1050     1050.000       367.53      0.09078462  -1313.11181170  -1313.02102709
      1051     1051.000       359.83      0.08888205  -1313.11145599  -1313.02257394
      1052     1052.000       334.04      0.08251202  -1313.10961631  -1313.02710429
      1053     1053.000       309.86      0.07653983  -1313.10752287  -1313.03098305
      1054     1054.000       331.95      0.08199573  -1313.10964282  -1313.02764709
      1055     1055.000       340.33      0.08406628  -1313.10983558  -1313.02576930
      1056     1056.000       356.01      0.08793927  -1313.11131041  -1313.02337114
      1057     1057.000       341.95      0.08446433  -1313.11005279  -1313.02558845
      1058     1058.000       331.65      0.08192202  -1313.10919897  -1313.02727696
      1059     1059.000       354.90      0.08766358  -1313.11108351  -1313.02341993
      1060     1060.000       366.53      0.09053656  -1313.11188276  -1313.02134620
      1061     1061.000       362.01      0.08942017  -1313.11150409  -1313.02208392
      1062     1062.000       344.91      0.08519605  -1313.11041084  -1313.02521480
      1063     1063.000       320.18      0.07908777  -1313.10836400  -1313.02927623
      1064     1064.000       334.59      0.08264632  -1313.10954001  -1313.02689369
      1065     1065.000       356.64      0.08809525  -1313.11136533  -1313.02327007
      1066     1066.000       350.03      0.08646117  -1313.11051409  -1313.02405292
      1067     1067.000       346.83      0.08567157  -1313.11065677  -1313.02498519
      1068     1068.000       322.00      0.07953778  -1313.10853548  -1313.02899770
      1069     1069.000       321.45      0.07940187  -1313.10861790  -1313.02921602
      1070     1070.000       337.17      0.08328484  -1313.10989879  -1313.02661395
      1071     1071.000       335.12      0.08277956  -1313.10953746  -1313.02675789
      1072     1072.000       348.54      0.08609321  -1313.11057795  -1313.02448474
      1073     1073.000       359.20      0.08872686  -1313.11142578  -1313.02269892
      1074     1074.000       354.70      0.08761590  -1313.11077901  -1313.02316311
      1075     1075.000       372.13      0.09192005  -1313.11236437  -1313.02044433
      1076     1076.000       369.02      0.09115184  -1313.11187228  -1313.02072044
      1077     1077.000       379.99      0.09386126  -1313.11264377  -1313.01878251
      1078     1078.000       396.68      0.09798561  -1313.11418446  -1313.01619886
      1079     1079.000       376.50      0.09299966  -1313.11230779  -1313.01930813
      1080     1080.000       370.24      0.09145435  -1313.11218853  -1313.02073417
      1081     1081.000       355.64      0.08784602  -1313.11095372  -1313.02310770
      1082     1082.000       355.05      0.08770157  -1313.11086971  -1313.02316814
      1083     1083.000       375.27      0.09269583  -1313.11261809  -1313.01992227
      1084     1084.000       367.96      0.09089000  -1313.11188824  -1313.02099824
      1085     1085.000       356.84      0.08814240  -1313.11103440  -1313.02289200
      1086     1086.000       365.18      0.09020249  -1313.11174790  -1313.02154541
      1087     1087.000       376.10      0.09290008  -1313.11229714  -1313.01939705
      1088     1088.000       406.23      0.10034428  -1313.11468887  -1313.01434459
      1089     1089.000       414.18      0.10230756  -1313.11529191  -1313.01298435
      1090     1090.000       392.36      0.09691613  -1313.11344100  -1313.01652487
      1091     1091.000       379.06      0.09363327  -1313.11282289  -1313.01918962
      1092     1092.000       354.93      0.08767181  -1313.11082697  -1313.02315516
      1093     1093.000       355.12      0.08771978  -1313.11091338  -1313.02319360
      1094     1094.000       370.93      0.09162349  -1313.11221816  -1313.02059467
      1095     1095.000       378.45      0.09348039  -1313.11254353  -1313.01906314
      1096     1096.000       388.62      0.09599368  -1313.11351917  -1313.01752549
      1097     1097.000       365.49      0.09028138  -1313.11179845  -1313.02151707
      1098     1098.000       327.82      0.08097559  -1313.10900629  -1313.02803070
      1099     1099.000       306.21      0.07563743  -1313.10757891  -1313.03194148
      1100     1100.000       306.87      0.07580049  -1313.10738770  -1313.03158721
      1101     1101.000       351.43      0.08680621  -1313.11087106  -1313.02406485
      1102     1102.000       381.69      0.09428271  -1313.11298624  -1313.01870353
      1103     1103.000       385.01      0.09510282  -1313.11314459  -1313.01804177
      1104     1104.000       369.19      0.09119515  -1313.11204453  -1313.02084939
      1105     1105.000       342.08      0.08449768  -1313.10999480  -1313.02549712
      1106     1106.000       337.81      0.08344394  -1313.10975827  -1313.02631433
      1107     1107.000       340.10      0.08400798  -1313.11016106  -1313.02615308
      1108     1108.000       317.31      0.07837921  -1313.10823259  -1313.02985338
      1109     1109.000       311.84      0.07702895  -1313.10810470  -1313.03107576
      1110     1110.000       299.43      0.07396337  -1313.10714461  -1313.03318125
      1111     1111.000       287.20      0.07094058  -1313.10616069  -1313.03522011
      1112     1112.000       293.03      0.07238228  -1313.10698864  -1313.03460636
      1113     1113.000       269.54      0.06657979  -1313.10479179  -1313.03821200
      1114     1114.000       283.37      0.06999536  -1313.10600391  -1313.03600854
      1115     1115.000       312.44      0.07717525  -1313.10821545  -1313.03104020
      1116     1116.000       322.82      0.07973919  -1313.10865387  -1313.02891468
      1117     1117.000       339.39      0.08383292  -1313.11010751  -1313.02627460
      1118     1118.000       325.88      0.08049640  -1313.10908185  -1313.02858544
      1119     1119.000       308.63      0.07623462  -1313.10743885  -1313.03120423
      1120     1120.000       336.33      0.08307823  -1313.10998250  -1313.02690427
      1121     1121.000       344.20      0.08502067  -1313.11011724  -1313.02509656
      1122     1122.000       363.06      0.08967893  -1313.11151179  -1313.02183285
      1123     1123.000       388.41      0.09594093  -1313.11354624  -1313.01760531
      1124     1124.000       386.60      0.09549357  -1313.11298709  -1313.01749352
      1125     1125.000       400.10      0.09882922  -1313.11439785  -1313.01556862
      1126     1126.000       377.13      0.09315454  -1313.11260369  -1313.01944915
      1127     1127.000       342.04      0.08448724  -1313.10989178  -1313.02540454
      1128     1128.000       344.16      0.08501043  -1313.11021973  -1313.02520931
      1129     1129.000       363.40      0.08976500  -1313.11153061  -1313.02176561
      1130     1130.000       398.60      0.09845836  -1313.11398233  -1313.01552397
      1131     1131.000       421.05      0.10400515  -1313.11598962  -1313.01198447
      1132     1132.000       387.07      0.09561004  -1313.11307532  -1313.01746528
      1133     1133.000       364.61      0.09006238  -1313.11163873  -1313.02157634
      1134     1134.000       353.06      0.08720937  -1313.11091448  -1313.02370511
      1135     1135.000       344.95      0.08520544  -1313.11010080  -1313.02489536
      1136     1136.000       364.23      0.08996994  -1313.11178959  -1313.02181965
      1137     1137.000       368.35      0.09098716  -1313.11186478  -1313.02087762
      1138     1138.000       379.22      0.09367247  -1313.11268123  -1313.01900876
      1139     1139.000       390.92      0.09656057  -1313.11363652  -1313.01707595
      1140     1140.000       372.00      0.09188879  -1313.11227665  -1313.02038786
      1141     1141.000       339.02      0.08374202  -1313.10981454  -1313.02607252
      1142     1142.000       317.88      0.07851893  -1313.10835604  -1313.02983711
      1143     1143.000       322.52      0.07966695  -1313.10855323  -1313.02888629
      1144     1144.000       358.00      0.08842892  -1313.11135064  -1313.02292172
      1145     1145.000       378.89      0.09358897  -1313.11275667  -1313.01916770
      1146     1146.000       374.17      0.09242339  -1313.11248860  -1313.02006520
      1147     1147.000       349.48      0.08632614  -1313.11052597  -1313.02419983
      1148     1148.000       337.41      0.08334470  -1313.10973060  -1313.02638590
      1149     1149.000       343.45      0.08483625  -1313.11016539  -1313.02532914
      1150     1150.000       363.75      0.08985122  -1313.11156763  -1313.02171642
      1151     1151.000       387.01      0.09559480  -1313.11337465  -1313.01777985
      1152     1152.000       388.44      0.09594973  -1313.11335697  -1313.01740724
      1153     1153.000       378.14      0.09340371  -1313.11259584  -1313.01919213
      1154     1154.000       364.90      0.09013432  -1313.11173206  -1313.02159773
      1155     1155.000       346.94      0.08569824  -1313.11041268  -1313.02471444
      1156     1156.000       341.76      0.08441912  -1313.10999128  -1313.02557215
      1157     1157.000       347.71      0.08588724  -1313.11058704  -1313.02469980
      1158     1158.000       351.43      0.08680708  -1313.11062452  -1313.02381744
      1159     1159.000       365.10      0.09018495  -1313.11194469  -1313.02175974
      1160     1160.000       349.52      0.08633496  -1313.11047589  -1313.02414093
      1161     1161.000       352.49      0.08706991  -1313.11078022  -1313.02371031
      1162     1162.000       365.02      0.09016394  -1313.11183643  -1313.02167249
      1163     1163.000       357.74      0.08836602  -1313.11109925  -1313.02273323
      1164     1164.000       357.23      0.08824092  -1313.11132323  -1313.02308231
      1165     1165.000       334.99      0.08274642  -1313.10962739  -1313.02688097
      1166     1166.000       314.82      0.07776341  -1313.10798407  -1313.03022066
      1167     1167.000       336.09      0.08301901  -1313.10980309  -1313.02678408
      1168     1168.000       349.80      0.08640366  -1313.11065070  -1313.02424704
      1169     1169.000       360.30      0.08899766  -1313.11130075  -1313.02230309
      1170     1170.000       367.92      0.09087957  -1313.11220431  -1313.02132475
      1171     1171.000       340.63      0.08414057  -1313.10970298  -1313.02556242
      1172     1172.000       346.24      0.08552493  -1313.11055417  -1313.02502923
      1173     1173.000       340.70      0.08415579  -1313.11005138  -1313.02589559
      1174     1174.000       328.13      0.08105136  -1313.10891397  -1313.02786261
      1175     1175.000       345.43      0.08532573  -1313.11054267  -1313.02521694
      1176     1176.000       345.21      0.08527171  -1313.11020016  -1313.02492845
      1177     1177.000       359.41      0.08877804  -1313.11121494  -1313.02243690
      1178     1178.000       379.93      0.09384712  -1313.11312535  -1313.01927822
      1179     1179.000       349.65      0.08636838  -1313.11037103  -1313.02400265
      1180     1180.000       343.10      0.08475061  -1313.11022196  -1313.02547135
      1181     1181.000       331.00      0.08176078  -1313.10952289  -1313.02776211
      1182     1182.000       308.36      0.07616762  -1313.10737866  -1313.03121104
      1183     1183.000       329.94      0.08149921  -1313.10960038  -1313.02810117
      1184     1184.000       321.07      0.07930763  -1313.10851870  -1313.02921107
      1185     1185.000       327.92      0.08099948  -1313.10898559  -1313.02798611
      1186     1186.000       351.67      0.08686690  -1313.11106462  -1313.02419772
      1187     1187.000       338.47      0.08360470  -1313.10971371  -1313.02610901
      1188     1188.000       344.37      0.08506310  -1313.11015922  -1313.02509613
      1189     1189.000       362.76      0.08960675  -1313.11181314  -1313.02220639
      1190     1190.000       354.44      0.08755170  -1313.11061601  -1313.02306430
      1191     1191.000       378.92      0.09359750  -1313.11298260  -1313.01938510
      1192     1192.000       360.24      0.08898238  -1313.11139079  -1313.02240841
      1193     1193.000       337.81      0.08344178  -1313.10952950  -1313.02608772
      1194     1194.000       349.92      0.08643432  -1313.11088788  -1313.02445357
      1195     1195.000       342.81      0.08467762  -1313.10984582  -1313.02516820
      1196     1196.000       375.89      0.09285004  -1313.11253633  -1313.01968629
      1197     1197.000       393.90      0.09729859  -1313.11395906  -1313.01666046
      1198     1198.000       369.20      0.09119780  -1313.11184922  -1313.02065142
      1199     1199.000       358.57      0.08857153  -1313.11134007  -1313.02276854
      1200     1200.000       340.19      0.08403045  -1313.10995888  -1313.02592843
      1201     1201.000       334.64      0.08266049  -1313.10927970  -1313.02661922
      1202     1202.000       375.75      0.09281403  -1313.11271589  -1313.01990186
      1203     1203.000       388.13      0.09587202  -1313.11318450  -1313.01731249
      1204     1204.000       410.25      0.10133641  -1313.11483754  -1313.01350114
      1205     1205.000       428.00      0.10571979  -1313.11642792  -1313.01070813
      1206     1206.000       390.56      0.09647310  -1313.11327734  -1313.01680425
      1207     1207.000       370.34      0.09147818  -1313.11214542  -1313.02066724
      1208     1208.000       345.46      0.08533201  -1313.11039039  -1313.02505838
      1209     1209.000       326.92      0.08075215  -1313.10867437  -1313.02792222
      1210     1210.000       359.32      0.08875543  -1313.11162311  -1313.02286769
      1211     1211.000       360.28      0.08899286  -1313.11131071  -1313.02231785
      1212     1212.000       357.56      0.08832250  -1313.11111592  -1313.02279342
      1213     1213.000       361.40      0.08927066  -1313.11164914  -1313.02237847
      1214     1214.000       341.68      0.08439961  -1313.10994372  -1313.02554411
      1215     1215.000       336.25      0.08305699  -1313.10980017  -1313.02674317
      1216     1216.000       330.85      0.08172267  -1313.10929598  -1313.02757331
      1217     1217.000       329.23      0.08132413  -1313.10910349  -1313.02777936
      1218     1218.000       353.89      0.08741587  -1313.11087660  -1313.02346072
      1219     1219.000       380.14      0.09389765  -1313.11309004  -1313.01919239
      1220     1220.000       362.00      0.08941764  -1313.11134239  -1313.02192475
      1221     1221.000       340.91      0.08420952  -1313.11026690  -1313.02605738
      1222     1222.000       305.51      0.07546518  -1313.10730173  -1313.03183655
      1223     1223.000       312.92      0.07729543  -1313.10792066  -1313.03062523
      1224     1224.000       350.84      0.08666200  -1313.11095752  -1313.02429553
      1225     1225.000       359.07      0.08869519  -1313.11135318  -1313.02265799
      1226     1226.000       341.27      0.08429660  -1313.11019590  -1313.02589930
      1227     1227.000       308.38      0.07617335  -1313.10761782  -1313.03144447
      1228     1228.000       299.11      0.07388437  -1313.10709555  -1313.03321118
      1229     1229.000       314.35      0.07764918  -1313.10799643  -1313.03034725
      1230     1230.000       343.83      0.08492987  -1313.11060311  -1313.02567324
      1231     1231.000       333.79      0.08245078  -1313.10939289  -1313.02694211
      1232     1232.000       330.13      0.08154481  -1313.10931091  -1313.02776610
      1233     1233.000       330.70      0.08168787  -1313.10928086  -1313.02759299
      1234     1234.000       342.10      0.08450211  -1313.11000838  -1313.02550627
      1235     1235.000       363.68      0.08983278  -1313.11177028  -1313.02193750
      1236     1236.000       363.68      0.08983373  -1313.11156641  -1313.02173268
      1237     1237.000       361.08      0.08919157  -1313.11148937  -1313.02229781
      1238     1238.000       350.57      0.08659477  -1313.11077121  -1313.02417644
      1239     1239.000       325.83      0.08048488  -1313.10895906  -1313.02847418
      1240     1240.000       312.45      0.07717906  -1313.10790734  -1313.03072827
      1241     1241.000       318.80      0.07874627  -1313.10859420  -1313.02984794
      1242     1242.000       329.33      0.08134828  -1313.10901449  -1313.02766621
      1243     1243.000       365.26      0.09022343  -1313.11189175  -1313.02166832
      1244     1244.000       373.54      0.09226773  -1313.11246913  -1313.02020140
      1245     1245.000       352.68      0.08711509  -1313.11074382  -1313.02362873
      1246     1246.000       341.61      0.08438159  -1313.11014524  -1313.02576364
      1247     1247.000       329.91      0.08149108  -1313.10910874  -1313.02761767
      1248     1248.000       346.99      0.08570960  -1313.11038811  -1313.02467852
      1249     1249.000       378.54      0.09350318  -1313.11283549  -1313.01933231
      1250     1250.000       381.06      0.09412576  -1313.11273866  -1313.01861290
      1251     1251.000       388.21      0.09589110  -1313.11334374  -1313.01745264
      1252     1252.000       391.70      0.09675337  -1313.11361704  -1313.01686367
      1253     1253.000       389.32      0.09616673  -1313.11327594  -1313.01710921
      1254     1254.000       398.18      0.09835504  -1313.11415839  -1313.01580335
      1255     1255.000       384.65      0.09501219  -1313.11305061  -1313.01803842
      1256     1256.000       374.99      0.09262737  -1313.11216916  -1313.01954179
      1257     1257.000       394.12      0.09735282  -1313.11391946  -1313.01656664
      1258     1258.000       393.11      0.09710200  -1313.11353797  -1313.01643597
      1259     1259.000       402.35      0.09938448  -1313.11430401  -1313.01491953
      1260     1260.000       406.89      0.10050677  -1313.11483632  -1313.01432955
      1261     1261.000       386.29      0.09541890  -1313.11288110  -1313.01746221
      1262     1262.000       397.28      0.09813312  -1313.11420693  -1313.01607381
      1263     1263.000       375.48      0.09274850  -1313.11243044  -1313.01968193
      1264     1264.000       349.81      0.08640800  -1313.11049767  -1313.02408967
      1265     1265.000       352.37      0.08703978  -1313.11092074  -1313.02388096
      1266     1266.000       349.99      0.08645170  -1313.11056847  -1313.02411676
      1267     1267.000       364.02      0.08991758  -1313.11161058  -1313.02169301
      1268     1268.000       377.10      0.09314851  -1313.11284380  -1313.01969528
      1269     1269.000       347.93      0.08594374  -1313.11038745  -1313.02444371
      1270     1270.000       334.82      0.08270479  -1313.10956043  -1313.02685564
      1271     1271.000       335.64      0.08290622  -1313.10981627  -1313.02691005
      1272     1272.000       325.43      0.08038365  -1313.10873148  -1313.02834783
      1273     1273.000       339.48      0.08385603  -1313.11019129  -1313.02633526
      1274     1274.000       325.80      0.08047579  -1313.10894289  -1313.02846710
      1275     1275.000       318.68      0.07871861  -1313.10833361  -1313.02961500
      1276     1276.000       338.65      0.08365033  -1313.11002617  -1313.02637584
      1277     1277.000       341.31      0.08430748  -1313.11001472  -1313.02570724
      1278     1278.000       347.76      0.08590085  -1313.11051200  -1313.02461115
      1279     1279.000       353.35      0.08728035  -1313.11105393  -1313.02377358
      1280     1280.000       341.70      0.08440439  -1313.10990953  -1313.02550514
      1281     1281.000       351.17      0.08674250  -1313.11088375  -1313.02414125
      1282     1282.000       350.19      0.08649985  -1313.11072451  -1313.02422466
      1283     1283.000       344.67      0.08513850  -1313.11009405  -1313.02495555
      1284     1284.000       367.02      0.09065695  -1313.11196647  -1313.02130952
      1285     1285.000       381.72      0.09428968  -1313.11285133  -1313.01856166
      1286     1286.000       392.59      0.09697409  -1313.11365238  -1313.01667829
      1287     1287.000       389.91      0.09631201  -1313.11367039  -1313.01735839
      1288     1288.000       355.05      0.08770114  -1313.11088066  -1313.02317953
      1289     1289.000       340.13      0.08401561  -1313.10982502  -1313.02580940
      1290     1290.000       349.68      0.08637431  -1313.11080868  -1313.02443437
      1291     1291.000       350.60      0.08660109  -1313.11051875  -1313.02391766
      1292     1292.000       364.26      0.08997524  -1313.11195648  -1313.02198124
      1293     1293.000       342.18      0.08452251  -1313.11003814  -1313.02551563
      1294     1294.000       328.89      0.08123982  -1313.10903678  -1313.02779696
      1295     1295.000       344.59      0.08511710  -1313.11042924  -1313.02531214
      1296     1296.000       349.27      0.08627350  -1313.11055606  -1313.02428256
      1297     1297.000       356.09      0.08795727  -1313.11123295  -1313.02327569
      1298     1298.000       343.27      0.08479083  -1313.11024922  -1313.02545839
      1299     1299.000       326.33      0.08060763  -1313.10891457  -1313.02830694
      1300     1300.000       331.70      0.08193291  -1313.10938178  -1313.02744886
      1301     1301.000       334.96      0.08273806  -1313.10980078  -1313.02706272
      1302     1302.000       325.33      0.08036136  -1313.10872968  -1313.02836832
      1303     1303.000       336.38      0.08308929  -1313.10990816  -1313.02681888
      1304     1304.000       332.00      0.08200766  -1313.10934643  -1313.02733878
      1305     1305.000       337.97      0.08348330  -1313.10974749  -1313.02626419
      1306     1306.000       355.25      0.08775035  -1313.11123366  -1313.02348331
      1307     1307.000       346.79      0.08566167  -1313.11029592  -1313.02463426
      1308     1308.000       356.96      0.08817356  -1313.11118517  -1313.02301161
      1309     1309.000       365.29      0.09023111  -1313.11181275  -1313.02158165
      1310     1310.000       356.96      0.08817264  -1313.11109040  -1313.02291776
      1311     1311.000       357.04      0.08819183  -1313.11126390  -1313.02307207
      1312     1312.000       343.97      0.08496371  -1313.11017487  -1313.02521117
      1313     1313.000       345.77      0.08540957  -1313.11027758  -1313.02486800
      1314     1314.000       366.68      0.09057373  -1313.11184887  -1313.02127513
      1315     1315.000       384.28      0.09492253  -1313.11312135  -1313.01819882
      1316     1316.000       387.68      0.09576236  -1313.11331583  -1313.01755347
      1317     1317.000       381.73      0.09429265  -1313.11290180  -1313.01860915
      1318     1318.000       371.09      0.09166406  -1313.11213466  -1313.02047060
      1319     1319.000       362.09      0.08944064  -1313.11147001  -1313.02202937
      1320     1320.000       358.76      0.08861821  -1313.11133222  -1313.02271402
      1321     1321.000       351.97      0.08693937  -1313.11063083  -1313.02369147
      1322     1322.000       369.34      0.09123192  -1313.11211041  -1313.02087848
      1323     1323.000       382.24      0.09441728  -1313.11277751  -1313.01836022
      1324     1324.000       396.48      0.09793431  -1313.11413866  -1313.01620434
      1325     1325.000       379.57      0.09375733  -1313.11268489  -1313.01892757
      1326     1326.000       357.11      0.08820996  -1313.11114716  -1313.02293720
      1327     1327.000       338.65      0.08365081  -1313.10989921  -1313.02624840
      1328     1328.000       322.60      0.07968467  -1313.10861688  -1313.02893221
      1329     1329.000       325.86      0.08049218  -1313.10912676  -1313.02863458
      1330     1330.000       318.43      0.07865480  -1313.10833396  -1313.02967916
      1331     1331.000       326.92      0.08075344  -1313.10916570  -1313.02841226
      1332     1332.000       331.74      0.08194287  -1313.10930194  -1313.02735907
      1333     1333.000       339.33      0.08381954  -1313.11001988  -1313.02620034
      1334     1334.000       342.81      0.08467795  -1313.11008799  -1313.02541004
      1335     1335.000       349.89      0.08642565  -1313.11070580  -1313.02428015
      1336     1336.000       357.50      0.08830582  -1313.11110153  -1313.02279571
      1337     1337.000       375.68      0.09279727  -1313.11249801  -1313.01970074
      1338     1338.000       382.38      0.09445284  -1313.11308217  -1313.01862933
      1339     1339.000       365.49      0.09027952  -1313.11154193  -1313.02126241
      1340     1340.000       362.95      0.08965375  -1313.11171655  -1313.02206280
      1341     1341.000       360.15      0.08896021  -1313.11109424  -1313.02213403
      1342     1342.000       387.85      0.09580283  -1313.11350108  -1313.01769825
      1343     1343.000       392.17      0.09686981  -1313.11364290  -1313.01677309
      1344     1344.000       376.06      0.09289209  -1313.11245798  -1313.01956589
      1345     1345.000       360.38      0.08901771  -1313.11153444  -1313.02251673
      1346     1346.000       329.11      0.08129270  -1313.10900087  -1313.02770817
      1347     1347.000       324.69      0.08020310  -1313.10896069  -1313.02875758
      1348     1348.000       325.39      0.08037430  -1313.10896034  -1313.02858604
      1349     1349.000       327.74      0.08095585  -1313.10898349  -1313.02802764
      1350     1350.000       352.69      0.08711732  -1313.11090407  -1313.02378675
      1351     1351.000       369.62      0.09129932  -1313.11208549  -1313.02078617
      1352     1352.000       378.20      0.09341959  -1313.11257073  -1313.01915114
      1353     1353.000       387.53      0.09572321  -1313.11337942  -1313.01765620
      1354     1354.000       379.85      0.09382692  -1313.11270077  -1313.01887385
      1355     1355.000       384.23      0.09490803  -1313.11281415  -1313.01790611
      1356     1356.000       406.85      0.10049652  -1313.11505112  -1313.01455460
      1357     1357.000       379.80      0.09381510  -1313.11249138  -1313.01867628
      1358     1358.000       368.79      0.09109593  -1313.11207469  -1313.02097877
      1359     1359.000       354.79      0.08763679  -1313.11090281  -1313.02326603
      1360     1360.000       362.47      0.08953447  -1313.11122258  -1313.02168811
      1361     1361.000       409.48      0.10114698  -1313.11524155  -1313.01409456
      1362     1362.000       398.37      0.09840298  -1313.11396628  -1313.01556330
      1363     1363.000       373.38      0.09222936  -1313.11236400  -1313.02013465
      1364     1364.000       347.50      0.08583544  -1313.11035987  -1313.02452443
      1365     1365.000       342.11      0.08450526  -1313.10998068  -1313.02547542
      1366     1366.000       373.58      0.09227800  -1313.11218691  -1313.01990891
      1367     1367.000       407.06      0.10054781  -1313.11501790  -1313.01447008
      1368     1368.000       392.28      0.09689761  -1313.11335625  -1313.01645864
      1369     1369.000       394.53      0.09745341  -1313.11386003  -1313.01640663
      1370     1370.000       386.67      0.09551264  -1313.11320354  -1313.01769090
      1371     1371.000       388.26      0.09590420  -1313.11303389  -1313.01712969
      1372     1372.000       416.57      0.10289803  -1313.11570583  -1313.01280780
      1373     1373.000       399.81      0.09875752  -1313.11376341  -1313.01500588
      1374     1374.000       414.24      0.10232226  -1313.11534169  -1313.01301944
      1375     1375.000       408.45      0.10089216  -1313.11475411  -1313.01386195
      1376     1376.000       387.28      0.09566347  -1313.11315859  -1313.01749512
      1377     1377.000       380.39      0.09395989  -1313.11288564  -1313.01892575
      1378     1378.000       364.67      0.09007878  -1313.11155051  -1313.02147173
      1379     1379.000       374.15      0.09241882  -1313.11225161  -1313.01983279
      1380     1380.000       402.66      0.09946107  -1313.11444544  -1313.01498437
      1381     1381.000       408.25      0.10084211  -1313.11477574  -1313.01393363
      1382     1382.000       404.78      0.09998487  -1313.11437237  -1313.01438749
      1383     1383.000       408.88      0.10099695  -1313.11489278  -1313.01389582
      1384     1384.000       401.49      0.09917330  -1313.11404463  -1313.01487132
      1385     1385.000       414.92      0.10248953  -1313.11538247  -1313.01289294
      1386     1386.000       397.85      0.09827315  -1313.11413475  -1313.01586160
      1387     1387.000       358.75      0.08861434  -1313.11099057  -1313.02237623
      1388     1388.000       359.70      0.08884972  -1313.11146349  -1313.02261378
      1389     1389.000       364.06      0.08992657  -1313.11138059  -1313.02145402
      1390     1390.000       402.73      0.09947910  -1313.11446272  -1313.01498361
      1391     1391.000       419.94      0.10373071  -1313.11585988  -1313.01212916
      1392     1392.000       381.03      0.09411781  -1313.11267582  -1313.01855801
      1393     1393.000       348.83      0.08616439  -1313.11065619  -1313.02449180
      1394     1394.000       328.89      0.08124037  -1313.10895216  -1313.02771179
      1395     1395.000       348.38      0.08605339  -1313.11053254  -1313.02447915
      1396     1396.000       382.15      0.09439528  -1313.11292873  -1313.01853346
      1397     1397.000       404.59      0.09993833  -1313.11469680  -1313.01475847
      1398     1398.000       390.03      0.09634249  -1313.11334560  -1313.01700311
      1399     1399.000       380.19      0.09391182  -1313.11282827  -1313.01891645
      1400     1400.000       371.10      0.09166636  -1313.11205298  -1313.02038662
      1401     1401.000       379.60      0.09376615  -1313.11264238  -1313.01887623
      1402     1402.000       396.46      0.09793110  -1313.11410340  -1313.01617230
      1403     1403.000       387.02      0.09559758  -1313.11316807  -1313.01757048
      1404     1404.000       374.48      0.09250196  -1313.11249236  -1313.01999041
      1405     1405.000       354.43      0.08754791  -1313.11075095  -1313.02320305
      1406     1406.000       364.51      0.09003920  -1313.11169503  -1313.02165583
      1407     1407.000       380.07      0.09388035  -1313.11277072  -1313.01889038
      1408     1408.000       390.89      0.09655376  -1313.11370013  -1313.01714637
      1409     1409.000       366.24      0.09046601  -1313.11188986  -1313.02142385
      1410     1410.000       328.49      0.08113990  -1313.10890682  -1313.02776693
      1411     1411.000       336.73      0.08317717  -1313.10971500  -1313.02653784
      1412     1412.000       372.69      0.09205898  -1313.11211046  -1313.02005148
      1413     1413.000       421.62      0.10414550  -1313.11586703  -1313.01172152
      1414     1414.000       426.52      0.10535633  -1313.11628048  -1313.01092415
      1415     1415.000       381.35      0.09419743  -1313.11268875  -1313.01849132
      1416     1416.000       352.62      0.08710208  -1313.11077901  -1313.02367693
      1417     1417.000       353.71      0.08736946  -1313.11073411  -1313.02336465
      1418     1418.000       387.99      0.09583802  -1313.11329744  -1313.01745942
      1419     1419.000       416.78      0.10294999  -1313.11559827  -1313.01264828
      1420     1420.000       391.86      0.09679383  -1313.11364260  -1313.01684878
      1421     1421.000       348.23      0.08601640  -1313.11043026  -1313.02441386
      1422     1422.000       319.35      0.07888347  -1313.10858802  -1313.02970454
      1423     1423.000       299.48      0.07397604  -1313.10691916  -1313.03294311
      1424     1424.000       326.17      0.08056654  -1313.10892725  -1313.02836072
      1425     1425.000       365.37      0.09025019  -1313.11204482  -1313.02179462
      1426     1426.000       365.66      0.09032313  -1313.11155228  -1313.02122916
      1427     1427.000       367.20      0.09070276  -1313.11225382  -1313.02155105
      1428     1428.000       325.73      0.08045947  -1313.10873849  -1313.02827903
      1429     1429.000       319.19      0.07884255  -1313.10832070  -1313.02947815
      1430     1430.000       353.27      0.08726067  -1313.11103988  -1313.02377921
      1431     1431.000       376.81      0.09307577  -1313.11247517  -1313.01939940
      1432     1432.000       395.50      0.09769213  -1313.11406877  -1313.01637664
      1433     1433.000       368.16      0.09093846  -1313.11202784  -1313.02108937
      1434     1434.000       328.06      0.08103571  -1313.10889035  -1313.02785464
      1435     1435.000       335.25      0.08281015  -1313.10956360  -1313.02675346
      1436     1436.000       356.81      0.08813555  -1313.11131050  -1313.02317494
      1437     1437.000       364.52      0.09003958  -1313.11149318  -1313.02145360
      1438     1438.000       379.61      0.09376760  -1313.11314506  -1313.01937746
      1439     1439.000       349.47      0.08632260  -1313.11026859  -1313.02394599
      1440     1440.000       360.71      0.08910063  -1313.11143206  -1313.02233142
      1441     1441.000       380.25      0.09392589  -1313.11291534  -1313.01898946
      1442     1442.000       377.37      0.09321515  -1313.11239570  -1313.01918056
      1443     1443.000       391.44      0.09668910  -1313.11378563  -1313.01709653
      1444     1444.000       373.46      0.09224913  -1313.11220281  -1313.01995368
      1445     1445.000       368.76      0.09108710  -1313.11180795  -1313.02072085
      1446     1446.000       391.78      0.09677320  -1313.11372531  -1313.01695211
      1447     1447.000       389.05      0.09609894  -1313.11339694  -1313.01729801
      1448     1448.000       385.02      0.09510458  -1313.11295638  -1313.01785181
      1449     1449.000       388.08      0.09585962  -1313.11365594  -1313.01779632
      1450     1450.000       353.80      0.08739283  -1313.11062663  -1313.02323380
      1451     1451.000       350.95      0.08668939  -1313.11083570  -1313.02414631
      1452     1452.000       347.46      0.08582743  -1313.11050904  -1313.02468162
      1453     1453.000       347.62      0.08586640  -1313.11012584  -1313.02425944
      1454     1454.000       393.41      0.09717720  -1313.11413591  -1313.01695871
      1455     1455.000       380.90      0.09408569  -1313.11277149  -1313.01868580
      1456     1456.000       353.25      0.08725632  -1313.11086980  -1313.02361348
      1457     1457.000       332.88      0.08222622  -1313.10961277  -1313.02738656
      1458     1458.000       307.91      0.07605683  -1313.10735752  -1313.03130069
      1459     1459.000       343.05      0.08473694  -1313.11025113  -1313.02551419
      1460     1460.000       373.20      0.09218464  -1313.11253221  -1313.02034757
      1461     1461.000       368.77      0.09109055  -1313.11183818  -1313.02074763
      1462     1462.000       370.82      0.09159686  -1313.11219631  -1313.02059945
      1463     1463.000       363.03      0.08967153  -1313.11160230  -1313.02193077
      1464     1464.000       357.38      0.08827707  -1313.11091865  -1313.02264158
      1465     1465.000       372.20      0.09193785  -1313.11259803  -1313.02066018
      1466     1466.000       337.21      0.08329446  -1313.10967600  -1313.02638153
      1467     1467.000       309.25      0.07638731  -1313.10765600  -1313.03126869
      1468     1468.000       311.77      0.07700954  -1313.10819647  -1313.03118693
      1469     1469.000       312.07      0.07708418  -1313.10754602  -1313.03046185
      1470     1470.000       372.17      0.09192901  -1313.11254423  -1313.02061522
      1471     1471.000       393.22      0.09712920  -1313.11373090  -1313.01660170
      1472     1472.000       389.04      0.09609709  -1313.11342041  -1313.01732332
      1473     1473.000       371.90      0.09186316  -1313.11233546  -1313.02047230
      1474     1474.000       331.51      0.08188669  -1313.10926432  -1313.02737763
      1475     1475.000       323.65      0.07994442  -1313.10860057  -1313.02865615
      1476     1476.000       355.98      0.08793212  -1313.11117054  -1313.02323842
      1477     1477.000       385.46      0.09521358  -1313.11319733  -1313.01798375
      1478     1478.000       407.70      0.10070630  -1313.11464396  -1313.01393767
      1479     1479.000       413.68      0.10218360  -1313.11544929  -1313.01326568
      1480     1480.000       377.47      0.09323938  -1313.11214246  -1313.01890308
      1481     1481.000       391.83      0.09678681  -1313.11370870  -1313.01692189
      1482     1482.000       404.34      0.09987596  -1313.11439671  -1313.01452075
      1483     1483.000       412.51      0.10189491  -1313.11501032  -1313.01311541
      1484     1484.000       415.61      0.10265961  -1313.11542914  -1313.01276952
      1485     1485.000       384.31      0.09492936  -1313.11289919  -1313.01796983
      1486     1486.000       378.02      0.09337455  -1313.11242961  -1313.01905506
      1487     1487.000       406.17      0.10032835  -1313.11461244  -1313.01428409
      1488     1488.000       426.27      0.10529446  -1313.11610543  -1313.01081097
      1489     1489.000       422.03      0.10424738  -1313.11570869  -1313.01146131
      1490     1490.000       399.86      0.09876905  -1313.11423046  -1313.01546141
      1491     1491.000       366.49      0.09052691  -1313.11162395  -1313.02109704
      1492     1492.000       365.46      0.09027304  -1313.11163978  -1313.02136674
      1493     1493.000       382.26      0.09442147  -1313.11308851  -1313.01866704
      1494     1494.000       382.16      0.09439802  -1313.11273301  -1313.01833500
      1495     1495.000       400.06      0.09881861  -1313.11429579  -1313.01547718
      1496     1496.000       395.95      0.09780459  -1313.11390913  -1313.01610455
      1497     1497.000       378.73      0.09355156  -1313.11261627  -1313.01906472
      1498     1498.000       364.57      0.09005212  -1313.11182842  -1313.02177629
      1499     1499.000       337.17      0.08328452  -1313.10948201  -1313.02619749
      1500     1500.000       352.46      0.08706176  -1313.11081290  -1313.02375114
      1501     1501.000       385.78      0.09529145  -1313.11323283  -1313.01794138
      1502     1502.000       392.53      0.09695984  -1313.11385837  -1313.01689853
      1503     1503.000       359.91      0.08890264  -1313.11131375  -1313.02241112
      1504     1504.000       320.01      0.07904540  -1313.10871079  -1313.02966539
      1505     1505.000       284.56      0.07028886  -1313.10569514  -1313.03540628
      1506     1506.000       318.14      0.07858500  -1313.10847727  -1313.02989227
      1507     1507.000       358.05      0.08844134  -1313.11146730  -1313.02302595
      1508     1508.000       362.82      0.08962099  -1313.11142338  -1313.02180239
      1509     1509.000       363.63      0.08982152  -1313.11199338  -1313.02217186
      1510     1510.000       322.77      0.07972712  -1313.10845076  -1313.02872363
      1511     1511.000       319.98      0.07903988  -1313.10858047  -1313.02954059
      1512     1512.000       337.44      0.08335258  -1313.10982575  -1313.02647317
      1513     1513.000       350.18      0.08649776  -1313.11059452  -1313.02409676
      1514     1514.000       379.95      0.09385096  -1313.11279946  -1313.01894850
      1515     1515.000       396.06      0.09783105  -1313.11413732  -1313.01630628
      1516     1516.000       376.32      0.09295623  -1313.11226081  -1313.01930458
      1517     1517.000       379.88      0.09383508  -1313.11288254  -1313.01904746
      1518     1518.000       371.44      0.09174872  -1313.11211211  -1313.02036338
      1519     1519.000       380.03      0.09387127  -1313.11243985  -1313.01856858
      1520     1520.000       421.22      0.10404491  -1313.11608302  -1313.01203811
      1521     1521.000       406.69      0.10045678  -1313.11439744  -1313.01394066
      1522     1522.000       400.96      0.09904062  -1313.11428631  -1313.01524569
      1523     1523.000       386.84      0.09555326  -1313.11332170  -1313.01776843
      1524     1524.000       370.93      0.09162374  -1313.11170582  -1313.02008209
      1525     1525.000       411.35      0.10160881  -1313.11516621  -1313.01355740
      1526     1526.000       422.88      0.10445582  -1313.11580302  -1313.01134719
      1527     1527.000       416.01      0.10276019  -1313.11507288  -1313.01231270
      1528     1528.000       426.63      0.10538308  -1313.11623628  -1313.01085320
      1529     1529.000       405.45      0.10014990  -1313.11433925  -1313.01418934
      1530     1530.000       402.70      0.09947159  -1313.11429665  -1313.01482506
      1531     1531.000       399.64      0.09871666  -1313.11443037  -1313.01571371
      1532     1532.000       359.12      0.08870745  -1313.11099653  -1313.02228908
      1533     1533.000       362.09      0.08944058  -1313.11148196  -1313.02204138
      1534     1534.000       372.81      0.09208823  -1313.11250547  -1313.02041724
      1535     1535.000       365.28      0.09022794  -1313.11134566  -1313.02111773
      1536     1536.000       390.56      0.09647190  -1313.11394851  -1313.01747661
      1537     1537.000       358.39      0.08852744  -1313.11115480  -1313.02262736
      1538     1538.000       335.34      0.08283256  -1313.10948194  -1313.02664938
      1539     1539.000       334.18      0.08254513  -1313.10982500  -1313.02727987
      1540     1540.000       313.36      0.07740407  -1313.10775399  -1313.03034992
      1541     1541.000       338.61      0.08364164  -1313.11006833  -1313.02642669
      1542     1542.000       350.12      0.08648254  -1313.11068717  -1313.02420463
      1543     1543.000       350.61      0.08660472  -1313.11069544  -1313.02409072
      1544     1544.000       355.83      0.08789319  -1313.11114644  -1313.02325325
      1545     1545.000       340.45      0.08409446  -1313.11013699  -1313.02604253
      1546     1546.000       318.18      0.07859462  -1313.10808892  -1313.02949430
      1547     1547.000       345.93      0.08544861  -1313.11065745  -1313.02520884
      1548     1548.000       344.71      0.08514812  -1313.11029200  -1313.02514388
      1549     1549.000       344.76      0.08516025  -1313.11027926  -1313.02511901
      1550     1550.000       335.08      0.08276816  -1313.11006107  -1313.02729291
      1551     1551.000       281.67      0.06957601  -1313.10538920  -1313.03581319
      1552     1552.000       299.51      0.07398258  -1313.10729982  -1313.03331724
      1553     1553.000       324.75      0.08021601  -1313.10883617  -1313.02862016
      1554     1554.000       354.22      0.08749583  -1313.11104640  -1313.02355057
      1555     1555.000       370.96      0.09163091  -1313.11232742  -1313.02069651
      1556     1556.000       352.77      0.08713930  -1313.11084031  -1313.02370101
      1557     1557.000       335.41      0.08284986  -1313.10950647  -1313.02665661
      1558     1558.000       353.92      0.08742210  -1313.11092552  -1313.02350343
      1559     1559.000       374.32      0.09246010  -1313.11247565  -1313.02001554
      1560     1560.000       383.94      0.09483768  -1313.11288561  -1313.01804793
      1561     1561.000       399.18      0.09860196  -1313.11444521  -1313.01584325
      1562     1562.000       368.42      0.09100375  -1313.11167957  -1313.02067583
      1563     1563.000       364.31      0.08998951  -1313.11168858  -1313.02169907
      1564     1564.000       367.50      0.09077554  -1313.11197356  -1313.02119803
      1565     1565.000       365.67      0.09032365  -1313.11153772  -1313.02121408
      1566     1566.000       384.23      0.09490817  -1313.11336244  -1313.01845427
      1567     1567.000       369.88      0.09136523  -1313.11198306  -1313.02061783
      1568     1568.000       351.63      0.08685691  -1313.11076121  -1313.02390430
      1569     1569.000       347.89      0.08593358  -1313.11041117  -1313.02447760
      1570     1570.000       362.17      0.08946024  -1313.11158113  -1313.02212089
      1571     1571.000       378.61      0.09352122  -1313.11255308  -1313.01903186
      1572     1572.000       401.49      0.09917167  -1313.11456584  -1313.01539417
      1573     1573.000       371.61      0.09179123  -1313.11224267  -1313.02045144
      1574     1574.000       333.80      0.08245294  -1313.10916817  -1313.02671523
      1575     1575.000       347.17      0.08575506  -1313.11079452  -1313.02503946
      1576     1576.000       342.98      0.08471936  -1313.10979416  -1313.02507479
      1577     1577.000       370.72      0.09157302  -1313.11248346  -1313.02091044
      1578     1578.000       358.19      0.08847690  -1313.11130533  -1313.02282843
      1579     1579.000       327.69      0.08094271  -1313.10891054  -1313.02796783
      1580     1580.000       332.11      0.08203532  -1313.10944314  -1313.02740782
      1581     1581.000       345.76      0.08540603  -1313.11040902  -1313.02500299
      1582     1582.000       357.73      0.08836374  -1313.11119120  -1313.02282745
      1583     1583.000       363.33      0.08974594  -1313.11180035  -1313.02205441
      1584     1584.000       334.76      0.08269039  -1313.10968262  -1313.02699223
      1585     1585.000       304.88      0.07530909  -1313.10717374  -1313.03186465
      1586     1586.000       315.05      0.07782118  -1313.10860467  -1313.03078348
      1587     1587.000       303.24      0.07490429  -1313.10701019  -1313.03210590
      1588     1588.000       339.76      0.08392416  -1313.11012696  -1313.02620281
      1589     1589.000       365.65      0.09031929  -1313.11187435  -1313.02155505
      1590     1590.000       371.19      0.09168861  -1313.11202612  -1313.02033751
      1591     1591.000       375.63      0.09278560  -1313.11283612  -1313.02005052
      1592     1592.000       328.42      0.08112351  -1313.10897240  -1313.02784888
      1593     1593.000       311.44      0.07692886  -1313.10783667  -1313.03090781
      1594     1594.000       331.76      0.08194781  -1313.10945627  -1313.02750846
      1595     1595.000       354.15      0.08747920  -1313.11087828  -1313.02339908
      1596     1596.000       386.54      0.09548020  -1313.11334686  -1313.01786666
      1597     1597.000       383.00      0.09460550  -1313.11326774  -1313.01866224
      1598     1598.000       340.02      0.08398901  -1313.10965059  -1313.02566157
      1599     1599.000       336.89      0.08321612  -1313.10984722  -1313.02663109
      1600     1600.000       337.15      0.08328081  -1313.10971378  -1313.02643296
      1601     1601.000       354.53      0.08757306  -1313.11081385  -1313.02324078
      1602     1602.000       391.47      0.09669857  -1313.11389228  -1313.01719371
      1603     1603.000       381.61      0.09426210  -1313.11274015  -1313.01847804
      1604     1604.000       378.74      0.09355392  -1313.11275578  -1313.01920185
      1605     1605.000       362.30      0.08949134  -1313.11168008  -1313.02218874
      1606     1606.000       325.32      0.08035787  -1313.10868895  -1313.02833108
      1607     1607.000       324.67      0.08019824  -1313.10903755  -1313.02883930
      1608     1608.000       322.45      0.07964799  -1313.10867534  -1313.02902735
      1609     1609.000       332.76      0.08219566  -1313.10946757  -1313.02727191
      1610     1610.000       343.78      0.08491763  -1313.11044664  -1313.02552902
      1611     1611.000       326.15      0.08056261  -1313.10900360  -1313.02844100
      1612     1612.000       311.09      0.07684161  -1313.10783698  -1313.03099537
      1613     1613.000       317.70      0.07847438  -1313.10854025  -1313.03006587
      1614     1614.000       316.91      0.07828131  -1313.10829683  -1313.03001552
      1615     1615.000       331.28      0.08182876  -1313.10942142  -1313.02759265
      1616     1616.000       334.76      0.08268905  -1313.10985200  -1313.02716295
      1617     1617.000       312.10      0.07709213  -1313.10773796  -1313.03064583
      1618     1618.000       324.25      0.08009428  -1313.10912928  -1313.02903500
      1619     1619.000       316.76      0.07824314  -1313.10827430  -1313.03003116
      1620     1620.000       312.89      0.07728770  -1313.10820050  -1313.03091281
      1621     1621.000       299.44      0.07396509  -1313.10721311  -1313.03324802
      1622     1622.000       282.94      0.06989057  -1313.10588748  -1313.03599691
      1623     1623.000       288.79      0.07133493  -1313.10643693  -1313.03510200
      1624     1624.000       302.74      0.07478137  -1313.10742842  -1313.03264705
      1625     1625.000       306.05      0.07559853  -1313.10774263  -1313.03214411
      1626     1626.000       297.30      0.07343675  -1313.10689359  -1313.03345684
      1627     1627.000       304.24      0.07515067  -1313.10761156  -1313.03246089
      1628     1628.000       308.83      0.07628511  -1313.10760655  -1313.03132144
      1629     1629.000       339.38      0.08383128  -1313.11005277  -1313.02622149
      1630     1630.000       353.33      0.08727770  -1313.11105297  -1313.02377527
      1631     1631.000       341.91      0.08445513  -1313.11005252  -1313.02559739
      1632     1632.000       331.73      0.08194178  -1313.10948129  -1313.02753952
      1633     1633.000       317.72      0.07848018  -1313.10831844  -1313.02983825
      1634     1634.000       322.53      0.07966918  -1313.10867674  -1313.02900756
      1635     1635.000       349.96      0.08644374  -1313.11069768  -1313.02425395
      1636     1636.000       373.17      0.09217696  -1313.11239080  -1313.02021384
      1637     1637.000       378.61      0.09352060  -1313.11265437  -1313.01913377
      1638     1638.000       378.22      0.09342511  -1313.11285028  -1313.01942517
      1639     1639.000       345.79      0.08541467  -1313.11029359  -1313.02487893
      1640     1640.000       332.66      0.08217019  -1313.10916454  -1313.02699435
      1641     1641.000       362.23      0.08947538  -1313.11178160  -1313.02230621
      1642     1642.000       377.41      0.09322377  -1313.11228622  -1313.01906245
      1643     1643.000       413.95      0.10224991  -1313.11550971  -1313.01325980
      1644     1644.000       393.37      0.09716735  -1313.11385257  -1313.01668522
      1645     1645.000       346.12      0.08549588  -1313.10999930  -1313.02450342
      1646     1646.000       354.40      0.08753975  -1313.11112750  -1313.02358775
      1647     1647.000       366.42      0.09050914  -1313.11160622  -1313.02109708
      1648     1648.000       405.02      0.10004455  -1313.11458797  -1313.01454343
      1649     1649.000       426.72      0.10540480  -1313.11631698  -1313.01091218
      1650     1650.000       386.37      0.09543729  -1313.11320862  -1313.01777133
      1651     1651.000       341.77      0.08442226  -1313.10992217  -1313.02549991
      1652     1652.000       318.79      0.07874474  -1313.10870329  -1313.02995855
      1653     1653.000       295.24      0.07292749  -1313.10641173  -1313.03348424
      1654     1654.000       331.76      0.08194901  -1313.10968691  -1313.02773790
      1655     1655.000       339.54      0.08387140  -1313.11007474  -1313.02620334
      1656     1656.000       328.01      0.08102234  -1313.10888912  -1313.02786678
      1657     1657.000       335.60      0.08289718  -1313.11012863  -1313.02723144
      1658     1658.000       297.83      0.07356739  -1313.10660146  -1313.03303407
      1659     1659.000       315.36      0.07789839  -1313.10835119  -1313.03045280
      1660     1660.000       338.40      0.08358830  -1313.10999979  -1313.02641149
      1661     1661.000       340.24      0.08404236  -1313.10988530  -1313.02584294
      1662     1662.000       351.43      0.08680668  -1313.11096357  -1313.02415688
      1663     1663.000       329.33      0.08134848  -1313.10931196  -1313.02796348
      1664     1664.000       308.11      0.07610747  -1313.10740739  -1313.03129993
      1665     1665.000       335.60      0.08289820  -1313.10995833  -1313.02706013
      1666     1666.000       331.77      0.08195189  -1313.10940359  -1313.02745171
      1667     1667.000       322.10      0.07956219  -1313.10870057  -1313.02913839
      1668     1668.000       315.07      0.07782522  -1313.10848575  -1313.03066053
      1669     1669.000       286.80      0.07084310  -1313.10592013  -1313.03507703
      1670     1670.000       311.70      0.07699445  -1313.10815118  -1313.03115673
      1671     1671.000       329.81      0.08146654  -1313.10943652  -1313.02796998
      1672     1672.000       320.89      0.07926323  -1313.10849749  -1313.02923426
      1673     1673.000       327.64      0.08093112  -1313.10924462  -1313.02831351
      1674     1674.000       326.73      0.08070723  -1313.10892904  -1313.02822181
      1675     1675.000       345.59      0.08536526  -1313.11034567  -1313.02498041
      1676     1676.000       363.60      0.08981374  -1313.11188160  -1313.02206786
      1677     1677.000       347.48      0.08583070  -1313.11039745  -1313.02456676
      1678     1678.000       334.34      0.08258576  -1313.10966112  -1313.02707536
      1679     1679.000       322.87      0.07975305  -1313.10863293  -1313.02887988
      1680     1680.000       334.80      0.08269871  -1313.10963569  -1313.02693698
      1681     1681.000       353.36      0.08728482  -1313.11092016  -1313.02363534
      1682     1682.000       367.57      0.09079462  -1313.11192434  -1313.02112973
      1683     1683.000       374.70      0.09255485  -1313.11244633  -1313.01989148
      1684     1684.000       368.61      0.09105067  -1313.11200591  -1313.02095524
      1685     1685.000       356.12      0.08796491  -1313.11106061  -1313.02309570
      1686     1686.000       348.23      0.08601670  -1313.11056191  -1313.02454521
      1687     1687.000       341.64      0.08438819  -1313.11001215  -1313.02562396
      1688     1688.000       360.42      0.08902877  -1313.11128421  -1313.02225544
      1689     1689.000       387.93      0.09582229  -1313.11356271  -1313.01774042
      1690     1690.000       382.31      0.09443506  -1313.11275206  -1313.01831700
      1691     1691.000       380.79      0.09405841  -1313.11307670  -1313.01901829
      1692     1692.000       356.50      0.08805951  -1313.11085823  -1313.02279872
      1693     1693.000       362.24      0.08947851  -1313.11152404  -1313.02204553
      1694     1694.000       373.90      0.09235861  -1313.11249713  -1313.02013852
      1695     1695.000       359.98      0.08891840  -1313.11129301  -1313.02237460
      1696     1696.000       345.82      0.08542056  -1313.11052133  -1313.02510077
      1697     1697.000       318.93      0.07877850  -1313.10837798  -1313.02959948
      1698     1698.000       316.73      0.07823675  -1313.10825297  -1313.03001622
      1699     1699.000       335.55      0.08288543  -1313.10984969  -1313.02696425
      1700     1700.000       329.77      0.08145599  -1313.10928415  -1313.02782817
      1701     1701.000       322.53      0.07966803  -1313.10876711  -1313.02909908
      1702     1702.000       310.07      0.07658999  -1313.10805741  -1313.03146742
      1703     1703.000       293.78      0.07256778  -1313.10642321  -1313.03385543
      1704     1704.000       323.35      0.07987132  -1313.10905826  -1313.02918694
      1705     1705.000       333.40      0.08235299  -1313.10951902  -1313.02716603
      1706     1706.000       338.93      0.08371985  -1313.10979943  -1313.02607958
      1707     1707.000       354.53      0.08757369  -1313.11126125  -1313.02368757
      1708     1708.000       337.93      0.08347272  -1313.10966061  -1313.02618789
      1709     1709.000       341.87      0.08444583  -1313.11019564  -1313.02574980
      1710     1710.000       333.89      0.08247515  -1313.10983563  -1313.02736048
      1711     1711.000       296.79      0.07331117  -1313.10653995  -1313.03322878
      1712     1712.000       318.81      0.07874870  -1313.10873798  -1313.02998929
      1713     1713.000       321.33      0.07937200  -1313.10870597  -1313.02933397
      1714     1714.000       323.49      0.07990521  -1313.10868219  -1313.02877698
      1715     1715.000       335.58      0.08289146  -1313.11007614  -1313.02718469
      1716     1716.000       303.93      0.07507461  -1313.10711188  -1313.03203727
      1717     1717.000       316.96      0.07829149  -1313.10840308  -1313.03011158
      1718     1718.000       338.08      0.08350878  -1313.11002534  -1313.02651656
      1719     1719.000       337.07      0.08325930  -1313.10958135  -1313.02632205
      1720     1720.000       355.77      0.08787947  -1313.11127455  -1313.02339509
      1721     1721.000       346.11      0.08549233  -1313.11054344  -1313.02505111
      1722     1722.000       320.93      0.07927447  -1313.10827587  -1313.02900141
      1723     1723.000       340.85      0.08419469  -1313.11035727  -1313.02616259
      1724     1724.000       333.99      0.08249829  -1313.10931337  -1313.02681507
      1725     1725.000       359.54      0.08881148  -1313.11132527  -1313.02251379
      1726     1726.000       376.63      0.09303223  -1313.11295565  -1313.01992342
      1727     1727.000       337.48      0.08336178  -1313.10947192  -1313.02611014
      1728     1728.000       328.60      0.08116891  -1313.10945059  -1313.02828168
      1729     1729.000       295.91      0.07309315  -1313.10674227  -1313.03364912
      1730     1730.000       295.68      0.07303726  -1313.10662648  -1313.03358922
      1731     1731.000       340.37      0.08407441  -1313.11031788  -1313.02624347
      1732     1732.000       347.64      0.08587171  -1313.11047429  -1313.02460258
      1733     1733.000       345.76      0.08540750  -1313.11054227  -1313.02513477
      1734     1734.000       314.34      0.07764649  -1313.10841916  -1313.03077268
      1735     1735.000       256.24      0.06329311  -1313.10382480  -1313.04053168
      1736     1736.000       255.76      0.06317654  -1313.10411833  -1313.04094179
      1737     1737.000       276.82      0.06837689  -1313.10558047  -1313.03720358
      1738     1738.000       310.26      0.07663847  -1313.10777523  -1313.03113676
      1739     1739.000       355.31      0.08776674  -1313.11146251  -1313.02369577
      1740     1740.000       338.81      0.08368921  -1313.10982020  -1313.02613099
      1741     1741.000       321.89      0.07951044  -1313.10872379  -1313.02921335
      1742     1742.000       304.68      0.07525866  -1313.10773058  -1313.03247192
      1743     1743.000       276.85      0.06838476  -1313.10516171  -1313.03677696
      1744     1744.000       302.80      0.07479415  -1313.10770063  -1313.03290648
      1745     1745.000       306.31      0.07566286  -1313.10753786  -1313.03187499
      1746     1746.000       318.74      0.07873282  -1313.10845275  -1313.02971993
      1747     1747.000       339.29      0.08380760  -1313.11017272  -1313.02636511
      1748     1748.000       335.17      0.08279031  -1313.10940500  -1313.02661469
      1749     1749.000       351.74      0.08688453  -1313.11097596  -1313.02409142
      1750     1750.000       346.78      0.08565949  -1313.11056556  -1313.02490607
      1751     1751.000       324.39      0.08012858  -1313.10879145  -1313.02866287
      1752     1752.000       322.02      0.07954152  -1313.10866794  -1313.02912643
      1753     1753.000       328.86      0.08123186  -1313.10932351  -1313.02809165
      1754     1754.000       338.04      0.08350070  -1313.10963105  -1313.02613035
      1755     1755.000       357.79      0.08837782  -1313.11167712  -1313.02329930
      1756     1756.000       322.73      0.07971857  -1313.10852082  -1313.02880225
      1757     1757.000       315.28      0.07787846  -1313.10824522  -1313.03036676
      1758     1758.000       324.09      0.08005348  -1313.10892079  -1313.02886731
      1759     1759.000       337.68      0.08341058  -1313.10961992  -1313.02620934
      1760     1760.000       366.19      0.09045395  -1313.11222643  -1313.02177248
      1761     1761.000       340.18      0.08402949  -1313.10977129  -1313.02574180
      1762     1762.000       331.31      0.08183772  -1313.10938314  -1313.02754543
      1763     1763.000       338.25      0.08355242  -1313.10971066  -1313.02615824
      1764     1764.000       365.87      0.09037379  -1313.11173449  -1313.02136071
      1765     1765.000       404.82      0.09999589  -1313.11464174  -1313.01464584
      1766     1766.000       406.06      0.10030149  -1313.11471542  -1313.01441394
      1767     1767.000       379.69      0.09378787  -1313.11261448  -1313.01882662
      1768     1768.000       366.55      0.09054228  -1313.11190321  -1313.02136093
      1769     1769.000       352.60      0.08709706  -1313.11068596  -1313.02358890
      1770     1770.000       365.96      0.09039512  -1313.11167554  -1313.02128042
      1771     1771.000       393.19      0.09712165  -1313.11392937  -1313.01680773
      1772     1772.000       391.26      0.09664587  -1313.11326935  -1313.01662348
      1773     1773.000       406.65      0.10044625  -1313.11490571  -1313.01445946
      1774     1774.000       385.73      0.09527954  -1313.11314771  -1313.01786816
      1775     1775.000       360.67      0.08908863  -1313.11117103  -1313.02208239
      1776     1776.000       368.18      0.09094426  -1313.11216277  -1313.02121851
      1777     1777.000       360.08      0.08894351  -1313.11109091  -1313.02214740
      1778     1778.000       384.24      0.09491199  -1313.11321517  -1313.01830318
      1779     1779.000       380.10      0.09388889  -1313.11303266  -1313.01914378
      1780     1780.000       338.37      0.08358013  -1313.10959381  -1313.02601368
      1781     1781.000       326.67      0.08069033  -1313.10916422  -1313.02847390
      1782     1782.000       317.72      0.07847998  -1313.10824233  -1313.02976235
      1783     1783.000       339.11      0.08376315  -1313.10992285  -1313.02615970
      1784     1784.000       360.76      0.08911072  -1313.11160782  -1313.02249710
      1785     1785.000       352.97      0.08718703  -1313.11082949  -1313.02364247
      1786     1786.000       352.17      0.08699012  -1313.11070611  -1313.02371599
      1787     1787.000       366.56      0.09054495  -1313.11203099  -1313.02148604
      1788     1788.000       362.58      0.08956258  -1313.11134409  -1313.02178151
      1789     1789.000       376.75      0.09306181  -1313.11274181  -1313.01968000
      1790     1790.000       357.37      0.08827330  -1313.11127159  -1313.02299829
      1791     1791.000       333.59      0.08240132  -1313.10926586  -1313.02686454
      1792     1792.000       338.25      0.08355259  -1313.11022597  -1313.02667338
      1793     1793.000       305.04      0.07534748  -1313.10719340  -1313.03184592
      1794     1794.000       311.83      0.07702568  -1313.10817399  -1313.03114831
      1795     1795.000       314.71      0.07773659  -1313.10813882  -1313.03040224
      1796     1796.000       328.54      0.08115195  -1313.10908642  -1313.02793447
      1797     1797.000       357.57      0.08832302  -1313.11143223  -1313.02310922
      1798     1798.000       353.98      0.08743609  -1313.11096322  -1313.02352712
      1799     1799.000       340.43      0.08409002  -1313.10997134  -1313.02588132
      1800     1800.000       336.26      0.08305968  -1313.10970319  -1313.02664352
      1801     1801.000       337.67      0.08340853  -1313.10977567  -1313.02636714
      1802     1802.000       349.26      0.08627160  -1313.11057032  -1313.02429872
      1803     1803.000       359.32      0.08875626  -1313.11152649  -1313.02277023
      1804     1804.000       346.59      0.08561159  -1313.11022336  -1313.02461177
      1805     1805.000       361.27      0.08923837  -1313.11153683  -1313.02229846
      1806     1806.000       370.31      0.09147144  -1313.11208181  -1313.02061036
      1807     1807.000       376.51      0.09300274  -1313.11243848  -1313.01943574
      1808     1808.000       383.10      0.09463034  -1313.11324373  -1313.01861340
      1809     1809.000       358.20      0.08847956  -1313.11095158  -1313.02247202
      1810     1810.000       362.71      0.08959452  -1313.11169131  -1313.02209680
      1811     1811.000       357.54      0.08831668  -1313.11119484  -1313.02287816
      1812     1812.000       350.74      0.08663779  -1313.11059535  -1313.02395756
      1813     1813.000       355.96      0.08792515  -1313.11128361  -1313.02335846
      1814     1814.000       346.95      0.08570033  -1313.11019348  -1313.02449315
      1815     1815.000       369.70      0.09132020  -1313.11211862  -1313.02079842
      1816     1816.000       391.47      0.09669778  -1313.11356676  -1313.01686898
      1817     1817.000       398.70      0.09848250  -1313.11419326  -1313.01571076
      1818     1818.000       381.97      0.09435199  -1313.11284075  -1313.01848876
      1819     1819.000       363.85      0.08987383  -1313.11171962  -1313.02184579
      1820     1820.000       348.07      0.08597606  -1313.11030903  -1313.02433297
      1821     1821.000       365.16      0.09019745  -1313.11180140  -1313.02160395
      1822     1822.000       375.00      0.09262838  -1313.11249788  -1313.01986950
      1823     1823.000       375.31      0.09270594  -1313.11228079  -1313.01957485
      1824     1824.000       379.98      0.09385857  -1313.11309598  -1313.01923741
      1825     1825.000       349.42      0.08630959  -1313.11031912  -1313.02400953
      1826     1826.000       342.57      0.08461837  -1313.11039504  -1313.02577667
      1827     1827.000       318.21      0.07860034  -1313.10822817  -1313.02962783
      1828     1828.000       326.56      0.08066407  -1313.10900455  -1313.02834048
      1829     1829.000       349.41      0.08630753  -1313.11067841  -1313.02437088
      1830     1830.000       364.90      0.09013549  -1313.11166205  -1313.02152657
      1831     1831.000       383.44      0.09471436  -1313.11313600  -1313.01842164
      1832     1832.000       380.08      0.09388395  -1313.11275933  -1313.01887538
      1833     1833.000       364.77      0.09010201  -1313.11171247  -1313.02161045
      1834     1834.000       354.79      0.08763827  -1313.11095347  -1313.02331520
      1835     1835.000       344.29      0.08504256  -1313.11047698  -1313.02543441
      1836     1836.000       317.07      0.07831937  -1313.10806377  -1313.02974440
      1837     1837.000       331.29      0.08183218  -1313.10957182  -1313.02773964
      1838     1838.000       333.67      0.08242042  -1313.10941372  -1313.02699330
      1839     1839.000       346.25      0.08552668  -1313.11043571  -1313.02490903
      1840     1840.000       354.31      0.08751896  -1313.11117097  -1313.02365201
      1841     1841.000       337.93      0.08347281  -1313.10962772  -1313.02615491
      1842     1842.000       343.88      0.08494266  -1313.11038610  -1313.02544343
      1843     1843.000       342.01      0.08447993  -1313.11003547  -1313.02555554
      1844     1844.000       348.86      0.08617323  -1313.11058760  -1313.02441437
      1845     1845.000       358.23      0.08848747  -1313.11129502  -1313.02280755
      1846     1846.000       365.56      0.09029716  -1313.11163424  -1313.02133708
      1847     1847.000       384.85      0.09506258  -1313.11317108  -1313.01810850
      1848     1848.000       395.80      0.09776642  -1313.11387396  -1313.01610754
      1849     1849.000       394.02      0.09732756  -1313.11380268  -1313.01647512
      1850     1850.000       379.76      0.09380608  -1313.11264746  -1313.01884138
      1851     1851.000       375.51      0.09275411  -1313.11245625  -1313.01970213
      1852     1852.000       382.89      0.09457884  -1313.11272663  -1313.01814779
      1853     1853.000       416.75      0.10294182  -1313.11553657  -1313.01259475
      1854     1854.000       421.69      0.10416277  -1313.11571514  -1313.01155237
      1855     1855.000       410.55      0.10140955  -1313.11482964  -1313.01342009
      1856     1856.000       392.09      0.09685118  -1313.11378020  -1313.01692902
      1857     1857.000       361.43      0.08927627  -1313.11113934  -1313.02186307
      1858     1858.000       365.68      0.09032619  -1313.11204865  -1313.02172246
      1859     1859.000       341.63      0.08438537  -1313.10993231  -1313.02554694
      1860     1860.000       327.76      0.08095975  -1313.10918863  -1313.02822888
      1861     1861.000       317.81      0.07850275  -1313.10833694  -1313.02983420
      1862     1862.000       323.10      0.07980846  -1313.10879113  -1313.02898267
      1863     1863.000       334.27      0.08256767  -1313.10969257  -1313.02712491
      1864     1864.000       331.10      0.08178468  -1313.10936403  -1313.02757935
      1865     1865.000       321.26      0.07935454  -1313.10874391  -1313.02938936
      1866     1866.000       311.97      0.07706125  -1313.10784976  -1313.03078851
      1867     1867.000       322.49      0.07965762  -1313.10895645  -1313.02929883
      1868     1868.000       321.02      0.07929645  -1313.10849273  -1313.02919627
      1869     1869.000       331.60      0.08190890  -1313.10961211  -1313.02770320
      1870     1870.000       324.32      0.08011018  -1313.10873786  -1313.02862769
      1871     1871.000       334.50      0.08262442  -1313.10965365  -1313.02702923
      1872     1872.000       342.38      0.08457270  -1313.11019672  -1313.02562402
      1873     1873.000       341.48      0.08434976  -1313.11001192  -1313.02566216
      1874     1874.000       343.98      0.08496690  -1313.11042873  -1313.02546183
      1875     1875.000       332.59      0.08215449  -1313.10924014  -1313.02708564
      1876     1876.000       349.17      0.08624859  -1313.11067718  -1313.02442859
      1877     1877.000       364.43      0.09001734  -1313.11170204  -1313.02168470
      1878     1878.000       369.47      0.09126216  -1313.11207830  -1313.02081614
      1879     1879.000       362.57      0.08955813  -1313.11163272  -1313.02207459
      1880     1880.000       345.19      0.08526561  -1313.11024751  -1313.02498190
      1881     1881.000       342.02      0.08448207  -1313.11013595  -1313.02565389
      1882     1882.000       338.97      0.08372875  -1313.10994913  -1313.02622038
      1883     1883.000       327.33      0.08085359  -1313.10907803  -1313.02822444
      1884     1884.000       321.88      0.07950696  -1313.10863256  -1313.02912560
      1885     1885.000       329.91      0.08149234  -1313.10931610  -1313.02782376
      1886     1886.000       336.51      0.08312237  -1313.10971441  -1313.02659203
      1887     1887.000       348.52      0.08608935  -1313.11059345  -1313.02450410
      1888     1888.000       356.44      0.08804412  -1313.11117232  -1313.02312820
      1889     1889.000       358.86      0.08864179  -1313.11114246  -1313.02250068
      1890     1890.000       373.25      0.09219600  -1313.11251159  -1313.02031559
      1891     1891.000       362.94      0.08964905  -1313.11148012  -1313.02183107
      1892     1892.000       353.92      0.08742261  -1313.11104062  -1313.02361801
      1893     1893.000       337.78      0.08343452  -1313.10973714  -1313.02630261
      1894     1894.000       339.41      0.08383817  -1313.10977441  -1313.02593624
      1895     1895.000       363.02      0.08966913  -1313.11175464  -1313.02208552
      1896     1896.000       367.68      0.09082117  -1313.11184715  -1313.02102598
      1897     1897.000       369.11      0.09117408  -1313.11212428  -1313.02095021
      1898     1898.000       356.93      0.08816478  -1313.11106485  -1313.02290007
      1899     1899.000       354.49      0.08756284  -1313.11095906  -1313.02339623
      1900     1900.000       361.17      0.08921321  -1313.11143288  -1313.02221967
      1901     1901.000       364.09      0.08993544  -1313.11179922  -1313.02186379
      1902     1902.000       351.87      0.08691664  -1313.11066392  -1313.02374728
      1903     1903.000       354.79      0.08763795  -1313.11103119  -1313.02339323
      1904     1904.000       358.70      0.08860271  -1313.11127277  -1313.02267006
      1905     1905.000       363.38      0.08975895  -1313.11160641  -1313.02184747
      1906     1906.000       354.89      0.08766082  -1313.11122661  -1313.02356579
      1907     1907.000       320.70      0.07921688  -1313.10843905  -1313.02922217
      1908     1908.000       317.20      0.07835107  -1313.10834961  -1313.02999854
      1909     1909.000       331.71      0.08193575  -1313.10934242  -1313.02740667
      1910     1910.000       357.78      0.08837566  -1313.11123348  -1313.02285782
      1911     1911.000       379.13      0.09365050  -1313.11287075  -1313.01922025
      1912     1912.000       368.37      0.09099085  -1313.11197882  -1313.02098797
      1913     1913.000       347.00      0.08571246  -1313.11040061  -1313.02468815
      1914     1914.000       341.97      0.08446931  -1313.11003220  -1313.02556289
      1915     1915.000       352.58      0.08709222  -1313.11082504  -1313.02373283
      1916     1916.000       370.16      0.09143257  -1313.11209141  -1313.02065884
      1917     1917.000       381.70      0.09428456  -1313.11299071  -1313.01870616
      1918     1918.000       369.05      0.09115841  -1313.11203080  -1313.02087238
      1919     1919.000       352.20      0.08699798  -1313.11076068  -1313.02376270
      1920     1920.000       340.78      0.08417602  -1313.11012696  -1313.02595094
      1921     1921.000       326.48      0.08064414  -1313.10880881  -1313.02816467
      1922     1922.000       339.22      0.08379107  -1313.11010464  -1313.02631357
      1923     1923.000       336.20      0.08304600  -1313.10968318  -1313.02663718
      1924     1924.000       334.41      0.08260385  -1313.10953635  -1313.02693250
      1925     1925.000       343.87      0.08493928  -1313.11027581  -1313.02533653
      1926     1926.000       358.37      0.08852189  -1313.11103403  -1313.02251214
      1927     1927.000       400.83      0.09900952  -1313.11430664  -1313.01529712
      1928     1928.000       432.67      0.10687406  -1313.11648694  -1313.00961288
      1929     1929.000       430.95      0.10644962  -1313.11642524  -1313.00997562
      1930     1930.000       409.26      0.10109164  -1313.11461514  -1313.01352350
      1931     1931.000       403.33      0.09962670  -1313.11444595  -1313.01481925
      1932     1932.000       400.91      0.09902888  -1313.11386515  -1313.01483627
      1933     1933.000       438.30      0.10826478  -1313.11699401  -1313.00872923
      1934     1934.000       453.06      0.11190999  -1313.11793108  -1313.00602109
      1935     1935.000       443.03      0.10943327  -1313.11698800  -1313.00755473
      1936     1936.000       438.04      0.10820171  -1313.11693617  -1313.00873446
      1937     1937.000       420.57      0.10388666  -1313.11532282  -1313.01143616
      1938     1938.000       424.44      0.10484209  -1313.11595852  -1313.01111642
      1939     1939.000       416.42      0.10286087  -1313.11530524  -1313.01244438
      1940     1940.000       396.83      0.09802060  -1313.11388821  -1313.01586761
      1941     1941.000       385.27      0.09516597  -1313.11302166  -1313.01785569
      1942     1942.000       390.05      0.09634643  -1313.11347927  -1313.01713284
      1943     1943.000       398.54      0.09844384  -1313.11389051  -1313.01544667
      1944     1944.000       419.97      0.10373790  -1313.11568796  -1313.01195005
      1945     1945.000       412.14      0.10180296  -1313.11508760  -1313.01328464
      1946     1946.000       383.68      0.09477302  -1313.11289675  -1313.01812373
      1947     1947.000       356.56      0.08807388  -1313.11130820  -1313.02323432
      1948     1948.000       317.57      0.07844234  -1313.10804626  -1313.02960393
      1949     1949.000       333.74      0.08243685  -1313.10945676  -1313.02701991
      1950     1950.000       370.10      0.09141925  -1313.11220156  -1313.02078232
      1951     1951.000       393.53      0.09720593  -1313.11362355  -1313.01641762
      1952     1952.000       405.63      0.10019401  -1313.11487776  -1313.01468375
      1953     1953.000       365.14      0.09019309  -1313.11161412  -1313.02142103
      1954     1954.000       338.16      0.08352849  -1313.10964689  -1313.02611840
      1955     1955.000       351.76      0.08688797  -1313.11074275  -1313.02385479
      1956     1956.000       381.65      0.09427303  -1313.11282550  -1313.01855247
      1957     1957.000       417.27      0.10307032  -1313.11552303  -1313.01245271
      1958     1958.000       417.92      0.10323167  -1313.11552271  -1313.01229104
      1959     1959.000       384.73      0.09503234  -1313.11298234  -1313.01795000
      1960     1960.000       368.73      0.09108147  -1313.11188915  -1313.02080768
      1961     1961.000       361.40      0.08926952  -1313.11153699  -1313.02226746
      1962     1962.000       353.66      0.08735686  -1313.11068501  -1313.02332815
      1963     1963.000       371.11      0.09166916  -1313.11238589  -1313.02071673
      1964     1964.000       364.79      0.09010791  -1313.11144019  -1313.02133227
      1965     1965.000       386.26      0.09541079  -1313.11327650  -1313.01786572
      1966     1966.000       396.00      0.09781580  -1313.11404682  -1313.01623101
      1967     1967.000       377.68      0.09329131  -1313.11239467  -1313.01910336
      1968     1968.000       374.95      0.09261675  -1313.11257168  -1313.01995492
      1969     1969.000       362.34      0.08950131  -1313.11130031  -1313.02179901
      1970     1970.000       374.61      0.09253332  -1313.11236544  -1313.01983213
      1971     1971.000       395.87      0.09778498  -1313.11393929  -1313.01615432
      1972     1972.000       399.09      0.09857945  -1313.11410776  -1313.01552831
      1973     1973.000       393.33      0.09715739  -1313.11361202  -1313.01645463
      1974     1974.000       395.31      0.09764524  -1313.11394253  -1313.01629729
      1975     1975.000       383.15      0.09464140  -1313.11279491  -1313.01815351
      1976     1976.000       387.18      0.09563731  -1313.11329581  -1313.01765851
      1977     1977.000       386.99      0.09559083  -1313.11328823  -1313.01769740
      1978     1978.000       378.58      0.09351237  -1313.11250782  -1313.01899545
      1979     1979.000       380.13      0.09389629  -1313.11293457  -1313.01903827
      1980     1980.000       362.35      0.08950361  -1313.11143344  -1313.02192983
      1981     1981.000       352.08      0.08696814  -1313.11077621  -1313.02380807
      1982     1982.000       346.69      0.08563546  -1313.11045186  -1313.02481640
      1983     1983.000       350.38      0.08654830  -1313.11059321  -1313.02404491
      1984     1984.000       362.29      0.08948940  -1313.11171793  -1313.02222854
      1985     1985.000       341.03      0.08423808  -1313.11009095  -1313.02585287
      1986     1986.000       311.27      0.07688820  -1313.10783586  -1313.03094766
      1987     1987.000       307.53      0.07596421  -1313.10762486  -1313.03166065
      1988     1988.000       336.50      0.08311919  -1313.10956257  -1313.02644337
      1989     1989.000       385.57      0.09524063  -1313.11339952  -1313.01815889
      1990     1990.000       395.11      0.09759688  -1313.11389580  -1313.01629892
      1991     1991.000       370.94      0.09162731  -1313.11224718  -1313.02061986
      1992     1992.000       332.00      0.08200723  -1313.10925088  -1313.02724365
      1993     1993.000       315.11      0.07783469  -1313.10817057  -1313.03033588
      1994     1994.000       323.49      0.07990507  -1313.10883473  -1313.02892966
      1995     1995.000       331.68      0.08192760  -1313.10953074  -1313.02760314
      1996     1996.000       316.29      0.07812641  -1313.10833004  -1313.03020362
      1997     1997.000       302.21      0.07464891  -1313.10735672  -1313.03270781
      1998     1998.000       292.72      0.07230492  -1313.10659774  -1313.03429282
      1999     1999.000       307.19      0.07588057  -1313.10757147  -1313.03169089
      2000     2000.000       335.41      0.08284918  -1313.10996646  -1313.02711728
      2001     2001.000       330.71      0.08168883  -1313.10910491  -1313.02741607
      2002     2002.000       339.31      0.08381324  -1313.11013721  -1313.02632397
      2003     2003.000       330.77      0.08170459  -1313.10921895  -1313.02751436
      2004     2004.000       333.29      0.08232563  -1313.10948590  -1313.02716027
      2005     2005.000       336.71      0.08317186  -1313.10990324  -1313.02673138
      2006     2006.000       323.76      0.07997196  -1313.10871052  -1313.02873857
      2007     2007.000       329.61      0.08141839  -1313.10923893  -1313.02782053
      2008     2008.000       342.39      0.08457397  -1313.11020645  -1313.02563247
      2009     2009.000       349.05      0.08622040  -1313.11048912  -1313.02426872
      2010     2010.000       369.89      0.09136773  -1313.11212982  -1313.02076209
      2011     2011.000       378.66      0.09353259  -1313.11274845  -1313.01921586
      2012     2012.000       376.42      0.09298025  -1313.11233455  -1313.01935430
      2013     2013.000       386.25      0.09540731  -1313.11342321  -1313.01801590
      2014     2014.000       368.82      0.09110334  -1313.11179549  -1313.02069215
      2015     2015.000       376.02      0.09288230  -1313.11238081  -1313.01949851
      2016     2016.000       392.19      0.09687419  -1313.11380934  -1313.01693515
      2017     2017.000       381.88      0.09432988  -1313.11270792  -1313.01837804
      2018     2018.000       380.21      0.09391728  -1313.11299692  -1313.01907964
      2019     2019.000       341.02      0.08423603  -1313.11008573  -1313.02584970
      2020     2020.000       297.72      0.07354119  -1313.10676958  -1313.03322838
      2021     2021.000       293.17      0.07241736  -1313.10683277  -1313.03441541
      2022     2022.000       290.11      0.07165940  -1313.10625873  -1313.03459933
      2023     2023.000       322.42      0.07964089  -1313.10885502  -1313.02921414
      2024     2024.000       344.97      0.08521052  -1313.11048292  -1313.02527240
      2025     2025.000       336.21      0.08304863  -1313.10960720  -1313.02655857
      2026     2026.000       338.56      0.08362922  -1313.10995285  -1313.02632363
      2027     2027.000       328.60      0.08116775  -1313.10929521  -1313.02812746
      2028     2028.000       309.89      0.07654553  -1313.10763413  -1313.03108860
      2029     2029.000       321.80      0.07948773  -1313.10894469  -1313.02945696
      2030     2030.000       309.76      0.07651427  -1313.10777688  -1313.03126260
      2031     2031.000       314.45      0.07767155  -1313.10803433  -1313.03036278
      2032     2032.000       340.13      0.08401651  -1313.11029380  -1313.02627729
      2033     2033.000       337.81      0.08344343  -1313.10942163  -1313.02597819
      2034     2034.000       374.69      0.09255160  -1313.11270480  -1313.02015320
      2035     2035.000       377.49      0.09324342  -1313.11256735  -1313.01932393
      2036     2036.000       365.19      0.09020492  -1313.11166559  -1313.02146067
      2037     2037.000       359.83      0.08888284  -1313.11144168  -1313.02255883
      2038     2038.000       345.76      0.08540593  -1313.11022904  -1313.02482310
      2039     2039.000       355.63      0.08784477  -1313.11097001  -1313.02312524
      2040     2040.000       377.08      0.09314332  -1313.11272064  -1313.01957733
      2041     2041.000       369.61      0.09129904  -1313.11201189  -1313.02071285
      2042     2042.000       361.15      0.08920873  -1313.11133992  -1313.02213119
      2043     2043.000       358.47      0.08854695  -1313.11146030  -1313.02291335
      2044     2044.000       345.80      0.08541539  -1313.10989733  -1313.02448194
      2045     2045.000       386.25      0.09540928  -1313.11345738  -1313.01804810
      2046     2046.000       401.46      0.09916573  -1313.11421294  -1313.01504721
      2047     2047.000       406.46      0.10040118  -1313.11453551  -1313.01413433
      2048     2048.000       408.78      0.10097229  -1313.11492683  -1313.01395454
      2049     2049.000       384.52      0.09498076  -1313.11285980  -1313.01787903
      2050     2050.000       383.22      0.09466014  -1313.11303396  -1313.01837382
      2051     2051.000       377.91      0.09334847  -1313.11263953  -1313.01929106
      2052     2052.000       362.88      0.08963449  -1313.11145280  -1313.02181831
      2053     2053.000       362.07      0.08943558  -1313.11156534  -1313.02212976
      2054     2054.000       352.97      0.08718737  -1313.11089377  -1313.02370640
      2055     2055.000       343.61      0.08487469  -1313.11000246  -1313.02512777
      2056     2056.000       364.68      0.09008086  -1313.11171741  -1313.02163655
      2057     2057.000       384.54      0.09498504  -1313.11308052  -1313.01809548
      2058     2058.000       399.57      0.09869747  -1313.11402535  -1313.01532788
      2059     2059.000       408.14      0.10081445  -1313.11506034  -1313.01424589
      2060     2060.000       362.98      0.08965945  -1313.11144204  -1313.02178259
      2061     2061.000       327.05      0.08078530  -1313.10896072  -1313.02817543
      2062     2062.000       318.56      0.07868848  -1313.10842994  -1313.02974146
      2063     2063.000       332.92      0.08223477  -1313.10924064  -1313.02700587
      2064     2064.000       378.33      0.09345261  -1313.11287678  -1313.01942417
      2065     2065.000       388.96      0.09607804  -1313.11344196  -1313.01736392
      2066     2066.000       372.79      0.09208233  -1313.11231229  -1313.02022996
      2067     2067.000       349.50      0.08633164  -1313.11050733  -1313.02417569
      2068     2068.000       342.90      0.08470133  -1313.11016958  -1313.02546825
      2069     2069.000       345.17      0.08525980  -1313.11025586  -1313.02499606
      2070     2070.000       357.01      0.08818482  -1313.11120323  -1313.02301842
      2071     2071.000       365.09      0.09018255  -1313.11163813  -1313.02145558
      2072     2072.000       386.11      0.09537332  -1313.11303573  -1313.01766241
      2073     2073.000       417.79      0.10319942  -1313.11566348  -1313.01246405
      2074     2074.000       408.06      0.10079582  -1313.11467251  -1313.01387669
      2075     2075.000       375.88      0.09284725  -1313.11263877  -1313.01979152
      2076     2076.000       319.77      0.07898791  -1313.10838494  -1313.02939703
      2077     2077.000       294.59      0.07276749  -1313.10664842  -1313.03388093
      2078     2078.000       312.20      0.07711651  -1313.10795826  -1313.03084175
      2079     2079.000       346.92      0.08569354  -1313.11052723  -1313.02483369
      2080     2080.000       373.03      0.09214248  -1313.11226971  -1313.02012723
      2081     2081.000       389.33      0.09616835  -1313.11347212  -1313.01730377
      2082     2082.000       383.69      0.09477623  -1313.11306953  -1313.01829330
      2083     2083.000       367.37      0.09074486  -1313.11179880  -1313.02105395
      2084     2084.000       350.91      0.08667960  -1313.11088461  -1313.02420501
      2085     2085.000       317.03      0.07830883  -1313.10817191  -1313.02986308
      2086     2086.000       316.37      0.07814713  -1313.10820385  -1313.03005672
      2087     2087.000       342.61      0.08462956  -1313.11018221  -1313.02555265
      2088     2088.000       369.80      0.09134489  -1313.11196354  -1313.02061865
      2089     2089.000       394.53      0.09745333  -1313.11393596  -1313.01648263
      2090     2090.000       389.39      0.09618427  -1313.11336761  -1313.01718334
      2091     2091.000       386.16      0.09538678  -1313.11298253  -1313.01759575
      2092     2092.000       407.34      0.10061739  -1313.11476736  -1313.01414997
      2093     2093.000       409.85      0.10123667  -1313.11482111  -1313.01358443
      2094     2094.000       401.36      0.09914090  -1313.11432572  -1313.01518482
      2095     2095.000       376.34      0.09295901  -1313.11249685  -1313.01953784
      2096     2096.000       348.05      0.08597282  -1313.11035375  -1313.02438093
      2097     2097.000       354.63      0.08759867  -1313.11090840  -1313.02330973
      2098     2098.000       371.21      0.09169224  -1313.11228890  -1313.02059666
      2099     2099.000       369.48      0.09126615  -1313.11193547  -1313.02066932
      2100     2100.000       368.07      0.09091861  -1313.11209835  -1313.02117974
      2101     2101.000       342.16      0.08451850  -1313.11001111  -1313.02549261
      2102     2102.000       331.70      0.08193483  -1313.10923369  -1313.02729886
      2103     2103.000       345.55      0.08535485  -1313.11053566  -1313.02518081
      2104     2104.000       348.94      0.08619182  -1313.11028967  -1313.02409784
      2105     2105.000       383.55      0.09474134  -1313.11315792  -1313.01841658
      2106     2106.000       400.60      0.09895307  -1313.11425645  -1313.01530338
      2107     2107.000       391.56      0.09672064  -1313.11354009  -1313.01681945
      2108     2108.000       372.43      0.09199393  -1313.11234354  -1313.02034960
      2109     2109.000       334.39      0.08259845  -1313.10949494  -1313.02689650
      2110     2110.000       315.16      0.07784836  -1313.10802431  -1313.03017594
      2111     2111.000       334.67      0.08266658  -1313.10970046  -1313.02703388
      2112     2112.000       345.92      0.08544647  -1313.11034594  -1313.02489946
      2113     2113.000       356.65      0.08809538  -1313.11114358  -1313.02304820
      2114     2114.000       355.86      0.08790240  -1313.11126723  -1313.02336483
      2115     2115.000       335.97      0.08298853  -1313.10938795  -1313.02639942
      2116     2116.000       354.46      0.08755646  -1313.11104635  -1313.02348988
      2117     2117.000       371.32      0.09172070  -1313.11217459  -1313.02045389
      2118     2118.000       383.04      0.09461406  -1313.11282336  -1313.01820930
      2119     2119.000       399.18      0.09860163  -1313.11432761  -1313.01572598
      2120     2120.000       381.18      0.09415582  -1313.11275162  -1313.01859580
      2121     2121.000       367.69      0.09082472  -1313.11175168  -1313.02092697
      2122     2122.000       368.09      0.09092245  -1313.11207122  -1313.02114877
      2123     2123.000       354.44      0.08755159  -1313.11076946  -1313.02321787
      2124     2124.000       362.74      0.08960163  -1313.11158759  -1313.02198596
      2125     2125.000       365.64      0.09031660  -1313.11180991  -1313.02149331
      2126     2126.000       357.51      0.08830926  -1313.11108322  -1313.02277395
      2127     2127.000       366.36      0.09049531  -1313.11177692  -1313.02128161
      2128     2128.000       373.80      0.09233227  -1313.11238512  -1313.02005285
      2129     2129.000       378.89      0.09359049  -1313.11247482  -1313.01888433
      2130     2130.000       400.13      0.09883601  -1313.11436169  -1313.01552568
      2131     2131.000       387.02      0.09559783  -1313.11325201  -1313.01765418
      2132     2132.000       368.62      0.09105226  -1313.11183036  -1313.02077811
      2133     2133.000       358.88      0.08864793  -1313.11147939  -1313.02283146
      2134     2134.000       332.84      0.08221478  -1313.10921184  -1313.02699706
      2135     2135.000       335.82      0.08295170  -1313.10979495  -1313.02684325
      2136     2136.000       338.50      0.08361430  -1313.10974520  -1313.02613089
      2137     2137.000       353.86      0.08740726  -1313.11093891  -1313.02353165
      2138     2138.000       372.94      0.09212036  -1313.11227649  -1313.02015613
      2139     2139.000       379.46      0.09373097  -1313.11280335  -1313.01907238
      2140     2140.000       371.82      0.09184319  -1313.11210270  -1313.02025951
      2141     2141.000       370.81      0.09159365  -1313.11215502  -1313.02056137
      2142     2142.000       358.10      0.08845469  -1313.11125962  -1313.02280494
      2143     2143.000       350.92      0.08668126  -1313.11054253  -1313.02386127
      2144     2144.000       359.20      0.08872682  -1313.11153665  -1313.02280983
      2145     2145.000       345.70      0.08539288  -1313.11004373  -1313.02465085
      2146     2146.000       367.43      0.09075854  -1313.11200455  -1313.02124601
      2147     2147.000       380.80      0.09406263  -1313.11279457  -1313.01873194
      2148     2148.000       387.43      0.09570009  -1313.11317834  -1313.01747824
      2149     2149.000       396.28      0.09788604  -1313.11405666  -1313.01617063
      2150     2150.000       379.86      0.09382958  -1313.11266159  -1313.01883201
      2151     2151.000       366.18      0.09044965  -1313.11171832  -1313.02126867
      2152     2152.000       366.43      0.09051256  -1313.11182991  -1313.02131734
      2153     2153.000       360.99      0.08916852  -1313.11138826  -1313.02221974
      2154     2154.000       364.53      0.09004404  -1313.11154053  -1313.02149649
      2155     2155.000       381.13      0.09414341  -1313.11297221  -1313.01882880
      2156     2156.000       381.37      0.09420308  -1313.11267859  -1313.01847551
      2157     2157.000       397.20      0.09811176  -1313.11408735  -1313.01597559
      2158     2158.000       384.70      0.09502588  -1313.11325455  -1313.01822867
      2159     2159.000       346.97      0.08570548  -1313.11015391  -1313.02444843
      2160     2160.000       345.36      0.08530717  -1313.11044676  -1313.02513960
      2161     2161.000       349.27      0.08627354  -1313.11033334  -1313.02405980
      2162     2162.000       388.05      0.09585229  -1313.11335114  -1313.01749885
      2163     2163.000       416.73      0.10293774  -1313.11559703  -1313.01265929
      2164     2164.000       396.39      0.09791264  -1313.11371937  -1313.01580673
      2165     2165.000       380.29      0.09393692  -1313.11287085  -1313.01893393
      2166     2166.000       357.94      0.08841632  -1313.11109026  -1313.02267394
      2167     2167.000       350.40      0.08655229  -1313.11060554  -1313.02405325
      2168     2168.000       358.53      0.08856008  -1313.11130114  -1313.02274106
      2169     2169.000       353.70      0.08736812  -1313.11104491  -1313.02367679
      2170     2170.000       338.25      0.08355174  -1313.10959099  -1313.02603925
      2171     2171.000       348.01      0.08596146  -1313.11074007  -1313.02477861
      2172     2172.000       339.30      0.08381021  -1313.10975993  -1313.02594972
      2173     2173.000       346.64      0.08562341  -1313.11042914  -1313.02480573
      2174     2174.000       351.30      0.08677470  -1313.11089065  -1313.02411595
      2175     2175.000       345.48      0.08533745  -1313.11002618  -1313.02468874
      2176     2176.000       371.69      0.09181238  -1313.11247330  -1313.02066092
      2177     2177.000       364.13      0.08994437  -1313.11152523  -1313.02158086
      2178     2178.000       358.22      0.08848512  -1313.11128227  -1313.02279714
      2179     2179.000       347.43      0.08582004  -1313.11050948  -1313.02468944
      2180     2180.000       332.99      0.08225189  -1313.10936392  -1313.02711203
      2181     2181.000       346.48      0.08558377  -1313.11026676  -1313.02468300
      2182     2182.000       378.49      0.09349011  -1313.11283610  -1313.01934600
      2183     2183.000       383.99      0.09484969  -1313.11300184  -1313.01815215
      2184     2184.000       381.77      0.09430123  -1313.11292744  -1313.01862620
      2185     2185.000       361.11      0.08919791  -1313.11157659  -1313.02237868
      2186     2186.000       325.77      0.08046889  -1313.10869318  -1313.02822429
      2187     2187.000       326.34      0.08061067  -1313.10912233  -1313.02851166
      2188     2188.000       326.18      0.08057073  -1313.10884530  -1313.02827457
      2189     2189.000       346.73      0.08564591  -1313.11045809  -1313.02481218
      2190     2190.000       365.46      0.09027153  -1313.11189359  -1313.02162205
      2191     2191.000       354.80      0.08763863  -1313.11093605  -1313.02329742
      2192     2192.000       347.48      0.08583133  -1313.11049962  -1313.02466829
      2193     2193.000       343.47      0.08484019  -1313.11010870  -1313.02526851
      2194     2194.000       356.19      0.08798316  -1313.11098023  -1313.02299707
      2195     2195.000       385.78      0.09529124  -1313.11320892  -1313.01791767
      2196     2196.000       402.10      0.09932280  -1313.11441136  -1313.01508855
      2197     2197.000       385.85      0.09531042  -1313.11329962  -1313.01798920
      2198     2198.000       340.53      0.08411465  -1313.10992446  -1313.02580981
      2199     2199.000       303.82      0.07504709  -1313.10740974  -1313.03236265
      2200     2200.000       286.02      0.07065103  -1313.10603128  -1313.03538025
      2201     2201.000       302.87      0.07481298  -1313.10738931  -1313.03257633
      2202     2202.000       327.09      0.08079509  -1313.10910827  -1313.02831318
      2203     2203.000       346.84      0.08567266  -1313.11047967  -1313.02480701
      2204     2204.000       356.34      0.08801893  -1313.11113400  -1313.02311507
      2205     2205.000       357.99      0.08842727  -1313.11116598  -1313.02273871
      2206     2206.000       361.87      0.08938704  -1313.11160133  -1313.02221430
      2207     2207.000       354.95      0.08767707  -1313.11087746  -1313.02320038
      2208     2208.000       351.54      0.08683478  -1313.11093216  -1313.02409738
      2209     2209.000       335.45      0.08286012  -1313.10943764  -1313.02657752
      2210     2210.000       339.52      0.08386507  -1313.11010348  -1313.02623841
      2211     2211.000       328.61      0.08117112  -1313.10900304  -1313.02783192
      2212     2212.000       337.05      0.08325405  -1313.10980965  -1313.02655560
      2213     2213.000       340.17      0.08402618  -1313.11011137  -1313.02608519
      2214     2214.000       328.52      0.08114854  -1313.10895074  -1313.02780219
      2215     2215.000       338.64      0.08364842  -1313.11009404  -1313.02644562
      2216     2216.000       329.54      0.08139933  -1313.10902985  -1313.02763053
      2217     2217.000       341.20      0.08428047  -1313.11011370  -1313.02583323
      2218     2218.000       351.84      0.08690935  -1313.11082012  -1313.02391077
      2219     2219.000       349.95      0.08644233  -1313.11063344  -1313.02419112
      2220     2220.000       354.99      0.08768630  -1313.11091709  -1313.02323079
      2221     2221.000       369.54      0.09128129  -1313.11210967  -1313.02082838
      2222     2222.000       373.24      0.09219370  -1313.11215334  -1313.01995964
      2223     2223.000       390.62      0.09648684  -1313.11357745  -1313.01709061
      2224     2224.000       383.60      0.09475387  -1313.11322420  -1313.01847032
      2225     2225.000       345.67      0.08538359  -1313.11002860  -1313.02464502
      2226     2226.000       338.23      0.08354638  -1313.11006763  -1313.02652124
      2227     2227.000       323.95      0.08001951  -1313.10844799  -1313.02842848
      2228     2228.000       360.52      0.08905298  -1313.11141930  -1313.02236631
      2229     2229.000       399.88      0.09877470  -1313.11439471  -1313.01562001
      2230     2230.000       397.59      0.09821043  -1313.11379437  -1313.01558395
      2231     2231.000       395.02      0.09757478  -1313.11408737  -1313.01651259
      2232     2232.000       354.52      0.08756968  -1313.11085482  -1313.02328514
      2233     2233.000       323.21      0.07983641  -1313.10869067  -1313.02885427
      2234     2234.000       314.82      0.07776464  -1313.10821812  -1313.03045347
      2235     2235.000       304.39      0.07518771  -1313.10743357  -1313.03224587
      2236     2236.000       312.74      0.07725149  -1313.10794168  -1313.03069019
      2237     2237.000       333.28      0.08232489  -1313.10970843  -1313.02738354
      2238     2238.000       327.07      0.08079117  -1313.10892878  -1313.02813761
      2239     2239.000       335.70      0.08292204  -1313.10964018  -1313.02671814
      2240     2240.000       339.29      0.08380764  -1313.11017934  -1313.02637170
      2241     2241.000       323.40      0.07988263  -1313.10829725  -1313.02841462
      2242     2242.000       354.98      0.08768514  -1313.11147390  -1313.02378876
      2243     2243.000       343.04      0.08473511  -1313.10989302  -1313.02515791
      2244     2244.000       354.72      0.08762051  -1313.11094613  -1313.02332562
      2245     2245.000       376.47      0.09299237  -1313.11270331  -1313.01971094
      2246     2246.000       368.99      0.09114403  -1313.11174979  -1313.02060576
      2247     2247.000       377.45      0.09323496  -1313.11286172  -1313.01962677
      2248     2248.000       345.52      0.08534707  -1313.11031660  -1313.02496953
      2249     2249.000       305.12      0.07536797  -1313.10740881  -1313.03204084
      2250     2250.000       298.54      0.07374255  -1313.10687752  -1313.03313497
      2251     2251.000       318.53      0.07867933  -1313.10857766  -1313.02989833
      2252     2252.000       343.88      0.08494161  -1313.11003085  -1313.02508924
      2253     2253.000       374.13      0.09241435  -1313.11277232  -1313.02035797
      2254     2254.000       345.66      0.08538070  -1313.11011746  -1313.02473676
      2255     2255.000       336.44      0.08310465  -1313.10967402  -1313.02656936
      2256     2256.000       338.75      0.08367596  -1313.10999272  -1313.02631675
      2257     2257.000       335.45      0.08285875  -1313.10928705  -1313.02642829
      2258     2258.000       366.55      0.09054152  -1313.11217529  -1313.02163378
      2259     2259.000       359.34      0.08876102  -1313.11112915  -1313.02236813
      2260     2260.000       361.99      0.08941547  -1313.11146602  -1313.02205055
      2261     2261.000       372.60      0.09203538  -1313.11233311  -1313.02029773
      2262     2262.000       364.55      0.09004787  -1313.11158349  -1313.02153562
      2263     2263.000       364.93      0.09014216  -1313.11180688  -1313.02166473
      2264     2264.000       349.32      0.08628666  -1313.11060698  -1313.02432032
      2265     2265.000       331.41      0.08186252  -1313.10925438  -1313.02739187
      2266     2266.000       333.68      0.08242274  -1313.10953066  -1313.02710792
      2267     2267.000       336.38      0.08309082  -1313.10973330  -1313.02664247
      2268     2268.000       342.36      0.08456679  -1313.11001616  -1313.02544937
      2269     2269.000       358.95      0.08866389  -1313.11142915  -1313.02276526
      2270     2270.000       356.60      0.08808540  -1313.11107675  -1313.02299135
      2271     2271.000       353.08      0.08721459  -1313.11083451  -1313.02361991
      2272     2272.000       348.22      0.08601311  -1313.11073289  -1313.02471978
      2273     2273.000       322.08      0.07955718  -1313.10850009  -1313.02894291
      2274     2274.000       319.92      0.07902485  -1313.10869281  -1313.02966796
      2275     2275.000       312.69      0.07723759  -1313.10794743  -1313.03070984
      2276     2276.000       318.00      0.07855031  -1313.10845887  -1313.02990856
      2277     2277.000       323.13      0.07981668  -1313.10884090  -1313.02902422
      2278     2278.000       324.65      0.08019311  -1313.10876593  -1313.02857283
      2279     2279.000       340.84      0.08419064  -1313.11017643  -1313.02598579
      2280     2280.000       345.25      0.08528012  -1313.11016529  -1313.02488517
      2281     2281.000       355.38      0.08778221  -1313.11125785  -1313.02347564
      2282     2282.000       339.52      0.08386532  -1313.10976540  -1313.02590008
      2283     2283.000       340.03      0.08399095  -1313.10997577  -1313.02598482
      2284     2284.000       348.26      0.08602418  -1313.11044978  -1313.02442560
      2285     2285.000       368.99      0.09114452  -1313.11193524  -1313.02079072
      2286     2286.000       393.59      0.09722222  -1313.11380228  -1313.01658006
      2287     2287.000       395.13      0.09760135  -1313.11379145  -1313.01619009
      2288     2288.000       379.04      0.09362745  -1313.11276063  -1313.01913318
      2289     2289.000       352.72      0.08712620  -1313.11072300  -1313.02359681
      2290     2290.000       332.90      0.08223015  -1313.10954685  -1313.02731670
      2291     2291.000       314.14      0.07759647  -1313.10786046  -1313.03026399
      2292     2292.000       331.88      0.08197781  -1313.10959031  -1313.02761250
      2293     2293.000       335.69      0.08291885  -1313.10948984  -1313.02657099
      2294     2294.000       353.55      0.08732976  -1313.11097657  -1313.02364681
      2295     2295.000       354.80      0.08764050  -1313.11117465  -1313.02353416
      2296     2296.000       332.75      0.08219410  -1313.10917882  -1313.02698472
      2297     2297.000       340.17      0.08402660  -1313.11016253  -1313.02613594
      2298     2298.000       334.04      0.08251176  -1313.10937896  -1313.02686720
      2299     2299.000       347.24      0.08577285  -1313.11042563  -1313.02465278
      2300     2300.000       369.25      0.09120877  -1313.11213977  -1313.02093101
      2301     2301.000       373.81      0.09233607  -1313.11217663  -1313.01984056
      2302     2302.000       388.19      0.09588829  -1313.11338277  -1313.01749447
      2303     2303.000       395.67      0.09773460  -1313.11383361  -1313.01609901
      2304     2304.000       394.21      0.09737548  -1313.11373423  -1313.01635876
      2305     2305.000       392.60      0.09697647  -1313.11360908  -1313.01663261
      2306     2306.000       378.63      0.09352503  -1313.11290064  -1313.01937561
      2307     2307.000       334.65      0.08266185  -1313.10928701  -1313.02662516
      2308     2308.000       319.60      0.07894575  -1313.10871485  -1313.02976910
      2309     2309.000       300.44      0.07421165  -1313.10702076  -1313.03280910
      2310     2310.000       317.34      0.07838724  -1313.10820142  -1313.02981418
      2311     2311.000       357.64      0.08834174  -1313.11156089  -1313.02321914
      2312     2312.000       358.73      0.08861140  -1313.11097930  -1313.02236790
      2313     2313.000       374.65      0.09254394  -1313.11271300  -1313.02016907
      2314     2314.000       353.28      0.08726324  -1313.11066691  -1313.02340367
      2315     2315.000       351.79      0.08689654  -1313.11076147  -1313.02386493
      2316     2316.000       364.18      0.08995550  -1313.11168555  -1313.02173005
      2317     2317.000       368.56      0.09103959  -1313.11190719  -1313.02086759
      2318     2318.000       379.39      0.09371366  -1313.11264652  -1313.01893286
      2319     2319.000       395.32      0.09764749  -1313.11385793  -1313.01621044
      2320     2320.000       402.77      0.09948808  -1313.11428009  -1313.01479201
      2321     2321.000       416.00      0.10275767  -1313.11516681  -1313.01240914
      2322     2322.000       418.12      0.10328104  -1313.11576438  -1313.01248334
      2323     2323.000       373.31      0.09221210  -1313.11190047  -1313.01968837
      2324     2324.000       361.61      0.08932248  -1313.11166883  -1313.02234636
      2325     2325.000       338.51      0.08361641  -1313.10959877  -1313.02598236
      2326     2326.000       348.22      0.08601534  -1313.11051384  -1313.02449851
      2327     2327.000       365.59      0.09030452  -1313.11189909  -1313.02159457
      2328     2328.000       356.81      0.08813567  -1313.11093994  -1313.02280428
      2329     2329.000       367.05      0.09066526  -1313.11193175  -1313.02126649
      2330     2330.000       371.81      0.09184158  -1313.11202458  -1313.02018300
      2331     2331.000       388.99      0.09608590  -1313.11333501  -1313.01724912
      2332     2332.000       411.43      0.10162832  -1313.11497824  -1313.01334992
      2333     2333.000       418.39      0.10334659  -1313.11546848  -1313.01212189
      2334     2334.000       412.82      0.10197194  -1313.11489167  -1313.01291973
      2335     2335.000       413.46      0.10212825  -1313.11524651  -1313.01311826
      2336     2336.000       392.01      0.09683003  -1313.11344892  -1313.01661888
      2337     2337.000       380.02      0.09386961  -1313.11264177  -1313.01877216
      2338     2338.000       384.19      0.09489883  -1313.11311895  -1313.01822012
      2339     2339.000       378.24      0.09342889  -1313.11244645  -1313.01901756
      2340     2340.000       387.41      0.09569580  -1313.11342850  -1313.01773270
      2341     2341.000       369.13      0.09118003  -1313.11204755  -1313.02086752
      2342     2342.000       339.33      0.08381727  -1313.10972320  -1313.02590593
      2343     2343.000       333.99      0.08249856  -1313.10961472  -1313.02711615
      2344     2344.000       334.22      0.08255648  -1313.10936555  -1313.02680907
      2345     2345.000       357.31      0.08825882  -1313.11132290  -1313.02306409
      2346     2346.000       355.04      0.08769914  -1313.11111173  -1313.02341259
      2347     2347.000       329.38      0.08136021  -1313.10922175  -1313.02786154
      2348     2348.000       305.91      0.07556255  -1313.10737424  -1313.03181169
      2349     2349.000       324.19      0.08007833  -1313.10881202  -1313.02873369
      2350     2350.000       361.62      0.08932458  -1313.11143542  -1313.02211084
      2351     2351.000       400.87      0.09901931  -1313.11426598  -1313.01524667
      2352     2352.000       413.03      0.10202185  -1313.11533705  -1313.01331520
      2353     2353.000       377.66      0.09328738  -1313.11234778  -1313.01906040
      2354     2354.000       356.76      0.08812432  -1313.11120956  -1313.02308524
      2355     2355.000       334.02      0.08250771  -1313.10938681  -1313.02687909
      2356     2356.000       337.89      0.08346154  -1313.10978643  -1313.02632489
      2357     2357.000       347.82      0.08591478  -1313.11050535  -1313.02459056
      2358     2358.000       355.18      0.08773359  -1313.11104416  -1313.02331057
      2359     2359.000       357.74      0.08836548  -1313.11118045  -1313.02281498
      2360     2360.000       357.57      0.08832482  -1313.11124116  -1313.02291634
      2361     2361.000       343.69      0.08489412  -1313.11026214  -1313.02536801
      2362     2362.000       328.32      0.08109847  -1313.10892703  -1313.02782855
      2363     2363.000       339.69      0.08390653  -1313.11009400  -1313.02618747
      2364     2364.000       339.07      0.08375424  -1313.10971572  -1313.02596148
      2365     2365.000       357.08      0.08820369  -1313.11128982  -1313.02308613
      2366     2366.000       353.62      0.08734860  -1313.11099846  -1313.02364986
      2367     2367.000       341.55      0.08436673  -1313.10981363  -1313.02544689
      2368     2368.000       361.09      0.08919349  -1313.11151312  -1313.02231963
      2369     2369.000       377.65      0.09328459  -1313.11246808  -1313.01918349
      2370     2370.000       402.28      0.09936733  -1313.11436963  -1313.01500230
      2371     2371.000       402.46      0.09941319  -1313.11448247  -1313.01506927
      2372     2372.000       369.26      0.09121249  -1313.11185243  -1313.02063993
      2373     2373.000       352.93      0.08717870  -1313.11078931  -1313.02361061
      2374     2374.000       352.64      0.08710485  -1313.11082413  -1313.02371929
      2375     2375.000       354.92      0.08767035  -1313.11095494  -1313.02328459
      2376     2376.000       365.84      0.09036776  -1313.11178655  -1313.02141879
      2377     2377.000       363.49      0.08978565  -1313.11171162  -1313.02192598
      2378     2378.000       351.61      0.08685227  -1313.11050852  -1313.02365625
      2379     2379.000       365.57      0.09030059  -1313.11199762  -1313.02169704
      2380     2380.000       348.95      0.08619470  -1313.11038848  -1313.02419379
      2381     2381.000       352.55      0.08708273  -1313.11081150  -1313.02372877
      2382     2382.000       357.97      0.08842318  -1313.11139173  -1313.02296855
      2383     2383.000       349.28      0.08627658  -1313.11018398  -1313.02390740
      2384     2384.000       382.35      0.09444445  -1313.11326997  -1313.01882552
      2385     2385.000       376.63      0.09303144  -1313.11232621  -1313.01929477
      2386     2386.000       375.10      0.09265290  -1313.11242793  -1313.01977503
      2387     2387.000       374.71      0.09255730  -1313.11235866  -1313.01980136
      2388     2388.000       366.70      0.09057801  -1313.11180522  -1313.02122721
      2389     2389.000       364.83      0.09011787  -1313.11155838  -1313.02144051
      2390     2390.000       372.27      0.09195483  -1313.11241808  -1313.02046325
      2391     2391.000       351.77      0.08688999  -1313.11060542  -1313.02371543
      2392     2392.000       349.89      0.08642737  -1313.11065156  -1313.02422419
      2393     2393.000       345.68      0.08538785  -1313.11057614  -1313.02518829
      2394     2394.000       321.79      0.07948643  -1313.10829196  -1313.02880553
      2395     2395.000       337.39      0.08333836  -1313.11014026  -1313.02680191
      2396     2396.000       328.26      0.08108377  -1313.10878863  -1313.02770485
      2397     2397.000       358.07      0.08844736  -1313.11128922  -1313.02284186
      2398     2398.000       384.16      0.09489125  -1313.11319109  -1313.01829984
      2399     2399.000       380.59      0.09400917  -1313.11268199  -1313.01867281
      2400     2400.000       380.15      0.09390197  -1313.11292137  -1313.01901940
      2401     2401.000       356.39      0.08803262  -1313.11099865  -1313.02296603
      2402     2402.000       345.60      0.08536788  -1313.11021418  -1313.02484630
      2403     2403.000       359.60      0.08882497  -1313.11131705  -1313.02249208
      2404     2404.000       369.26      0.09121260  -1313.11211896  -1313.02090636
      2405     2405.000       366.77      0.09059683  -1313.11170677  -1313.02110994
      2406     2406.000       368.93      0.09112898  -1313.11215209  -1313.02102311
      2407     2407.000       352.86      0.08716057  -1313.11064725  -1313.02348668
      2408     2408.000       363.34      0.08974817  -1313.11154517  -1313.02179699
      2409     2409.000       383.32      0.09468367  -1313.11312149  -1313.01843783
      2410     2410.000       380.78      0.09405775  -1313.11265495  -1313.01859720
      2411     2411.000       382.98      0.09460097  -1313.11319127  -1313.01859030
      2412     2412.000       354.87      0.08765779  -1313.11086472  -1313.02320693
      2413     2413.000       337.48      0.08336180  -1313.10970559  -1313.02634379
      2414     2414.000       339.26      0.08380027  -1313.10985505  -1313.02605478
      2415     2415.000       357.08      0.08820355  -1313.11102439  -1313.02282084
      2416     2416.000       393.68      0.09724337  -1313.11379180  -1313.01654843
      2417     2417.000       416.94      0.10298825  -1313.11523589  -1313.01224763
      2418     2418.000       433.83      0.10716206  -1313.11666725  -1313.00950520
      2419     2419.000       420.13      0.10377761  -1313.11546392  -1313.01168631
      2420     2420.000       400.97      0.09904348  -1313.11432363  -1313.01528016
      2421     2421.000       364.90      0.09013360  -1313.11155109  -1313.02141749
      2422     2422.000       346.97      0.08570537  -1313.11039032  -1313.02468496
      2423     2423.000       345.40      0.08531734  -1313.11035973  -1313.02504239
      2424     2424.000       344.23      0.08502929  -1313.11019162  -1313.02516234
      2425     2425.000       347.31      0.08578982  -1313.11058315  -1313.02479333
      2426     2426.000       338.99      0.08373473  -1313.10975746  -1313.02602273
      2427     2427.000       343.15      0.08476160  -1313.11021535  -1313.02545375
      2428     2428.000       352.14      0.08698375  -1313.11062205  -1313.02363831
      2429     2429.000       379.29      0.09368877  -1313.11291235  -1313.01922358
      2430     2430.000       379.85      0.09382824  -1313.11256835  -1313.01874011
      2431     2431.000       387.85      0.09580438  -1313.11339125  -1313.01758687
      2432     2432.000       385.47      0.09521559  -1313.11305765  -1313.01784207
      2433     2433.000       391.25      0.09664333  -1313.11335641  -1313.01671308
      2434     2434.000       409.89      0.10124768  -1313.11506878  -1313.01382111
      2435     2435.000       391.11      0.09660784  -1313.11337558  -1313.01676774
      2436     2436.000       381.42      0.09421537  -1313.11283789  -1313.01862252
      2437     2437.000       373.20      0.09218364  -1313.11225178  -1313.02006814
      2438     2438.000       374.04      0.09239097  -1313.11210949  -1313.01971853
      2439     2439.000       401.69      0.09922116  -1313.11438758  -1313.01516641
      2440     2440.000       407.15      0.10056979  -1313.11471074  -1313.01414095
      2441     2441.000       388.94      0.09607290  -1313.11331059  -1313.01723769
      2442     2442.000       370.88      0.09161094  -1313.11219450  -1313.02058356
      2443     2443.000       341.34      0.08431606  -1313.10996797  -1313.02565191
      2444     2444.000       327.53      0.08090408  -1313.10893600  -1313.02803191
      2445     2445.000       339.50      0.08385987  -1313.11004515  -1313.02618528
      2446     2446.000       341.60      0.08437886  -1313.10994899  -1313.02557013
      2447     2447.000       358.39      0.08852624  -1313.11126770  -1313.02274146
      2448     2448.000       360.44      0.08903242  -1313.11159182  -1313.02255940
      2449     2449.000       345.23      0.08527610  -1313.10994027  -1313.02466417
      2450     2450.000       370.88      0.09161072  -1313.11235866  -1313.02074794
      2451     2451.000       377.91      0.09334869  -1313.11235242  -1313.01900373
      2452     2452.000       406.81      0.10048713  -1313.11472026  -1313.01423313
      2453     2453.000       412.41      0.10186883  -1313.11527372  -1313.01340489
      2454     2454.000       368.48      0.09101930  -1313.11171299  -1313.02069369
      2455     2455.000       345.07      0.08523670  -1313.11035298  -1313.02511628
      2456     2456.000       334.41      0.08260289  -1313.10934948  -1313.02674660
      2457     2457.000       355.39      0.08778456  -1313.11095692  -1313.02317237
      2458     2458.000       389.80      0.09628476  -1313.11357885  -1313.01729409
      2459     2459.000       380.68      0.09403223  -1313.11301870  -1313.01898646
      2460     2460.000       338.69      0.08366108  -1313.10957029  -1313.02590921
      2461     2461.000       326.57      0.08066553  -1313.10918800  -1313.02852248
      2462     2462.000       315.15      0.07784660  -1313.10785344  -1313.03000684
      2463     2463.000       359.46      0.08878963  -1313.11134617  -1313.02255655
      2464     2464.000       400.04      0.09881449  -1313.11442997  -1313.01561548
      2465     2465.000       394.96      0.09755989  -1313.11356946  -1313.01600957
      2466     2466.000       392.84      0.09703530  -1313.11394073  -1313.01690543
      2467     2467.000       354.06      0.08745594  -1313.11068647  -1313.02323053
      2468     2468.000       338.65      0.08365127  -1313.10981347  -1313.02616219
      2469     2469.000       342.98      0.08472024  -1313.11021516  -1313.02549491
      2470     2470.000       340.74      0.08416710  -1313.10990263  -1313.02573553
      2471     2471.000       349.84      0.08641507  -1313.11068882  -1313.02427374
      2472     2472.000       348.65      0.08612087  -1313.11068025  -1313.02455938
      2473     2473.000       327.94      0.08100469  -1313.10899754  -1313.02799286
      2474     2474.000       321.07      0.07930837  -1313.10864677  -1313.02933840
      2475     2475.000       318.34      0.07863336  -1313.10847292  -1313.02983956
      2476     2476.000       322.19      0.07958508  -1313.10856894  -1313.02898386
      2477     2477.000       341.08      0.08425000  -1313.11026151  -1313.02601151
      2478     2478.000       330.40      0.08161313  -1313.10929304  -1313.02767991
      2479     2479.000       313.29      0.07738723  -1313.10802720  -1313.03063997
      2480     2480.000       304.94      0.07532359  -1313.10762712  -1313.03230353
      2481     2481.000       295.19      0.07291617  -1313.10662897  -1313.03371279
      2482     2482.000       312.24      0.07712794  -1313.10822882  -1313.03110088
      2483     2483.000       311.79      0.07701465  -1313.10786486  -1313.03085021
      2484     2484.000       324.49      0.08015157  -1313.10886498  -1313.02871340
      2485     2485.000       343.25      0.08478556  -1313.11020047  -1313.02541491
      2486     2486.000       361.32      0.08924890  -1313.11135723  -1313.02210833
      2487     2487.000       384.38      0.09494726  -1313.11323816  -1313.01829091
      2488     2488.000       378.55      0.09350596  -1313.11255825  -1313.01905229
      2489     2489.000       368.85      0.09111120  -1313.11206887  -1313.02095767
      2490     2490.000       351.08      0.08672116  -1313.11050074  -1313.02377957
      2491     2491.000       358.46      0.08854366  -1313.11126281  -1313.02271915
      2492     2492.000       371.36      0.09173058  -1313.11209253  -1313.02036196
      2493     2493.000       384.39      0.09494984  -1313.11314420  -1313.01819436
      2494     2494.000       378.21      0.09342297  -1313.11257097  -1313.01914801
      2495     2495.000       372.49      0.09200935  -1313.11220063  -1313.02019128
      2496     2496.000       368.80      0.09109801  -1313.11197502  -1313.02087701
      2497     2497.000       367.71      0.09082866  -1313.11169557  -1313.02086691
      2498     2498.000       385.04      0.09510805  -1313.11328562  -1313.01817757
      2499     2499.000       383.72      0.09478312  -1313.11276573  -1313.01798261
      2500     2500.000       392.82      0.09703025  -1313.11389147  -1313.01686122
      2501     2501.000       367.99      0.09089687  -1313.11178496  -1313.02088809
      2502     2502.000       354.42      0.08754576  -1313.11085343  -1313.02330768
      2503     2503.000       359.31      0.08875395  -1313.11127846  -1313.02252452
      2504     2504.000       377.95      0.09335761  -1313.11237699  -1313.01901938
      2505     2505.000       422.88      0.10445506  -1313.11588460  -1313.01142954
      2506     2506.000       437.60      0.10809192  -1313.11680709  -1313.00871517
      2507     2507.000       421.46      0.10410458  -1313.11567613  -1313.01157155
      2508     2508.000       386.06      0.09536186  -1313.11314087  -1313.01777901
      2509     2509.000       354.98      0.08768438  -1313.11083554  -1313.02315116
      2510     2510.000       353.95      0.08742958  -1313.11075880  -1313.02332922
      2511     2511.000       379.59      0.09376325  -1313.11279072  -1313.01902747
      2512     2512.000       389.65      0.09624877  -1313.11345973  -1313.01721096
      2513     2513.000       384.54      0.09498651  -1313.11308439  -1313.01809788
      2514     2514.000       359.04      0.08868764  -1313.11136927  -1313.02268163
      2515     2515.000       326.66      0.08068817  -1313.10865822  -1313.02797005
      2516     2516.000       346.82      0.08566756  -1313.11050359  -1313.02483604
      2517     2517.000       367.26      0.09071618  -1313.11170649  -1313.02099031
      2518     2518.000       406.11      0.10031420  -1313.11451792  -1313.01420372
      2519     2519.000       429.68      0.10613461  -1313.11660210  -1313.01046749
      2520     2520.000       396.79      0.09801204  -1313.11350250  -1313.01549047
      2521     2521.000       393.24      0.09713538  -1313.11389964  -1313.01676425
      2522     2522.000       370.10      0.09141767  -1313.11182914  -1313.02041147
      2523     2523.000       367.92      0.09087959  -1313.11181175  -1313.02093216
      2524     2524.000       378.54      0.09350243  -1313.11282757  -1313.01932514
      2525     2525.000       359.66      0.08883930  -1313.11126777  -1313.02242848
      2526     2526.000       345.98      0.08545984  -1313.11020238  -1313.02474255
      2527     2527.000       359.03      0.08868513  -1313.11138895  -1313.02270382
      2528     2528.000       362.26      0.08948207  -1313.11135341  -1313.02187134
      2529     2529.000       388.42      0.09594516  -1313.11330156  -1313.01735640
      2530     2530.000       403.29      0.09961798  -1313.11467379  -1313.01505581
      2531     2531.000       379.92      0.09384477  -1313.11226699  -1313.01842222
      2532     2532.000       401.01      0.09905464  -1313.11452741  -1313.01547277
      2533     2533.000       393.64      0.09723302  -1313.11340132  -1313.01616830
      2534     2534.000       413.83      0.10221949  -1313.11502420  -1313.01280471
      2535     2535.000       436.14      0.10773165  -1313.11692737  -1313.00919572
      2536     2536.000       419.78      0.10368990  -1313.11522360  -1313.01153370
      2537     2537.000       420.72      0.10392228  -1313.11572360  -1313.01180132
      2538     2538.000       400.89      0.09902514  -1313.11417572  -1313.01515058
      2539     2539.000       378.24      0.09343073  -1313.11244519  -1313.01901447
      2540     2540.000       378.26      0.09343536  -1313.11269497  -1313.01925961
      2541     2541.000       368.60      0.09104773  -1313.11191481  -1313.02086708
      2542     2542.000       365.55      0.09029576  -1313.11158090  -1313.02128514
      2543     2543.000       379.66      0.09377982  -1313.11287679  -1313.01909698
      2544     2544.000       377.44      0.09323140  -1313.11233560  -1313.01910420
      2545     2545.000       400.02      0.09880946  -1313.11421450  -1313.01540504
      2546     2546.000       402.81      0.09949982  -1313.11454201  -1313.01504219
      2547     2547.000       370.19      0.09144112  -1313.11187284  -1313.02043172
      2548     2548.000       349.30      0.08628004  -1313.11079918  -1313.02451914
      2549     2549.000       308.40      0.07617940  -1313.10755927  -1313.03137986
      2550     2550.000       305.42      0.07544214  -1313.10727989  -1313.03183775
      2551     2551.000       344.35      0.08505781  -1313.11052352  -1313.02546571
      2552     2552.000       358.22      0.08848426  -1313.11104516  -1313.02256090
      2553     2553.000       381.35      0.09419897  -1313.11302348  -1313.01882451
      2554     2554.000       373.69      0.09230502  -1313.11230853  -1313.02000351
      2555     2555.000       358.21      0.08848091  -1313.11103879  -1313.02255788
      2556     2556.000       367.93      0.09088323  -1313.11198033  -1313.02109710
      2557     2557.000       366.05      0.09041877  -1313.11176144  -1313.02134268
      2558     2558.000       354.81      0.08764249  -1313.11103320  -1313.02339071
      2559     2559.000       336.32      0.08307402  -1313.10972352  -1313.02664950
      2560     2560.000       312.38      0.07716110  -1313.10793632  -1313.03077522
      2561     2561.000       308.38      0.07617286  -1313.10762889  -1313.03145603
      2562     2562.000       324.68      0.08020039  -1313.10896323  -1313.02876284
      2563     2563.000       338.34      0.08357367  -1313.10967428  -1313.02610061
      2564     2564.000       366.55      0.09054101  -1313.11195892  -1313.02141791
      2565     2565.000       376.91      0.09310082  -1313.11243072  -1313.01932990
      2566     2566.000       392.00      0.09682825  -1313.11358860  -1313.01676035
      2567     2567.000       401.31      0.09912819  -1313.11422487  -1313.01509668
      2568     2568.000       405.85      0.10024918  -1313.11443645  -1313.01418727
      2569     2569.000       411.83      0.10172601  -1313.11510034  -1313.01337433
      2570     2570.000       397.63      0.09821841  -1313.11385450  -1313.01563609
      2571     2571.000       389.22      0.09614138  -1313.11343546  -1313.01729408
      2572     2572.000       369.29      0.09121826  -1313.11199917  -1313.02078091
      2573     2573.000       354.64      0.08760099  -1313.11071799  -1313.02311700
      2574     2574.000       372.90      0.09210972  -1313.11233877  -1313.02022906
      2575     2575.000       386.97      0.09558586  -1313.11314217  -1313.01755631
      2576     2576.000       404.72      0.09996983  -1313.11449224  -1313.01452241
      2577     2577.000       408.64      0.10093783  -1313.11485190  -1313.01391407
      2578     2578.000       386.19      0.09539260  -1313.11301903  -1313.01762643
      2579     2579.000       381.90      0.09433473  -1313.11283819  -1313.01850345
      2580     2580.000       380.89      0.09408531  -1313.11281110  -1313.01872579
      2581     2581.000       377.76      0.09331055  -1313.11243795  -1313.01912740
      2582     2582.000       394.67      0.09748726  -1313.11384665  -1313.01635939
      2583     2583.000       394.75      0.09750801  -1313.11376541  -1313.01625739
      2584     2584.000       392.94      0.09706126  -1313.11349060  -1313.01642934
      2585     2585.000       394.76      0.09750931  -1313.11410978  -1313.01660046
      2586     2586.000       359.01      0.08867893  -1313.11089493  -1313.02221600
      2587     2587.000       362.45      0.08952838  -1313.11161228  -1313.02208390
      2588     2588.000       363.20      0.08971372  -1313.11158099  -1313.02186726
      2589     2589.000       365.75      0.09034483  -1313.11147183  -1313.02112701
      2590     2590.000       391.87      0.09679721  -1313.11397232  -1313.01717511
      2591     2591.000       369.67      0.09131152  -1313.11174537  -1313.02043385
      2592     2592.000       366.53      0.09053621  -1313.11185276  -1313.02131655
      2593     2593.000       365.90      0.09038182  -1313.11173789  -1313.02135607
      2594     2594.000       361.56      0.08931035  -1313.11132355  -1313.02201320
      2595     2595.000       376.76      0.09306502  -1313.11253421  -1313.01946919
      2596     2596.000       375.38      0.09272333  -1313.11264585  -1313.01992252
      2597     2597.000       349.69      0.08637674  -1313.11028876  -1313.02391201
      2598     2598.000       359.03      0.08868358  -1313.11147865  -1313.02279507
      2599     2599.000       352.80      0.08714654  -1313.11066286  -1313.02351632
      2600     2600.000       377.92      0.09335118  -1313.11234072  -1313.01898954
      2601     2601.000       423.62      0.10463952  -1313.11625319  -1313.01161367
      2602     2602.000       414.61      0.10241417  -1313.11473470  -1313.01232053
      2603     2603.000       429.12      0.10599820  -1313.11653315  -1313.01053495
      2604     2604.000       393.52      0.09720436  -1313.11359634  -1313.01639198
      2605     2605.000       357.75      0.08836772  -1313.11088948  -1313.02252176
      2606     2606.000       364.91      0.09013759  -1313.11191174  -1313.02177416
      2607     2607.000       345.76      0.08540748  -1313.11013544  -1313.02472796
      2608     2608.000       353.31      0.08727242  -1313.11085063  -1313.02357820
      2609     2609.000       369.65      0.09130842  -1313.11217184  -1313.02086343
      2610     2610.000       364.41      0.09001329  -1313.11132907  -1313.02131579
      2611     2611.000       398.68      0.09847762  -1313.11412816  -1313.01565054
      2612     2612.000       414.57      0.10240269  -1313.11530244  -1313.01289976
      2613     2613.000       406.46      0.10040111  -1313.11430905  -1313.01390794
      2614     2614.000       417.18      0.10304871  -1313.11558832  -1313.01253961
      2615     2615.000       394.85      0.09753192  -1313.11356965  -1313.01603773
      2616     2616.000       397.30      0.09813844  -1313.11368399  -1313.01554555
      2617     2617.000       423.17      0.10452893  -1313.11615711  -1313.01162818
      2618     2618.000       396.98      0.09805939  -1313.11355122  -1313.01549183
      2619     2619.000       391.67      0.09674785  -1313.11383375  -1313.01708590
      2620     2620.000       351.99      0.08694503  -1313.11074016  -1313.02379513
      2621     2621.000       318.87      0.07876561  -1313.10806373  -1313.02929812
      2622     2622.000       345.88      0.08543569  -1313.11062437  -1313.02518868
      2623     2623.000       352.23      0.08700564  -1313.11055269  -1313.02354705
      2624     2624.000       380.51      0.09398966  -1313.11294217  -1313.01895251
      2625     2625.000       382.27      0.09442548  -1313.11307418  -1313.01864870
      2626     2626.000       348.71      0.08613591  -1313.11038107  -1313.02424516
      2627     2627.000       336.38      0.08308995  -1313.10967291  -1313.02658296
      2628     2628.000       332.92      0.08223561  -1313.10946216  -1313.02722654
      2629     2629.000       344.82      0.08517458  -1313.11004667  -1313.02487209
      2630     2630.000       386.37      0.09543689  -1313.11342100  -1313.01798411
      2631     2631.000       392.59      0.09697419  -1313.11363587  -1313.01666169
      2632     2632.000       385.99      0.09534470  -1313.11308066  -1313.01773596
      2633     2633.000       375.30      0.09270241  -1313.11261965  -1313.01991724
      2634     2634.000       349.21      0.08625977  -1313.11013480  -1313.02387503
      2635     2635.000       378.15      0.09340851  -1313.11290024  -1313.01949173
      2636     2636.000       378.96      0.09360651  -1313.11257884  -1313.01897233
      2637     2637.000       375.67      0.09279436  -1313.11246168  -1313.01966732
      2638     2638.000       360.48      0.08904194  -1313.11161964  -1313.02257771
      2639     2639.000       318.94      0.07878088  -1313.10810141  -1313.02932053
      2640     2640.000       330.35      0.08159960  -1313.10932644  -1313.02772684
      2641     2641.000       352.05      0.08696132  -1313.11079354  -1313.02383221
      2642     2642.000       371.74      0.09182517  -1313.11210319  -1313.02027802
      2643     2643.000       390.28      0.09640422  -1313.11362957  -1313.01722535
      2644     2644.000       380.33      0.09394652  -1313.11266171  -1313.01871519
      2645     2645.000       376.16      0.09291675  -1313.11244102  -1313.01952427
      2646     2646.000       378.52      0.09349798  -1313.11268751  -1313.01918953
      2647     2647.000       374.35      0.09246839  -1313.11222550  -1313.01975711
      2648     2648.000       382.56      0.09449656  -1313.11295894  -1313.01846238
      2649     2649.000       380.92      0.09409194  -1313.11282173  -1313.01872980
      2650     2650.000       376.58      0.09301871  -1313.11235254  -1313.01933383
      2651     2651.000       385.90      0.09532189  -1313.11330437  -1313.01798247
      2652     2652.000       376.25      0.09293799  -1313.11230623  -1313.01936824
      2653     2653.000       385.74      0.09528196  -1313.11309312  -1313.01781116
      2654     2654.000       390.53      0.09646627  -1313.11370192  -1313.01723565
      2655     2655.000       371.05      0.09165468  -1313.11183594  -1313.02018126
      2656     2656.000       373.72      0.09231407  -1313.11259877  -1313.02028470
      2657     2657.000       349.07      0.08622304  -1313.11023594  -1313.02401290
      2658     2658.000       365.38      0.09025352  -1313.11177788  -1313.02152436
      2659     2659.000       381.94      0.09434385  -1313.11299450  -1313.01865065
      2660     2660.000       377.30      0.09319839  -1313.11240175  -1313.01920336
      2661     2661.000       380.13      0.09389763  -1313.11299136  -1313.01909373
      2662     2662.000       356.49      0.08805768  -1313.11089724  -1313.02283956
      2663     2663.000       355.62      0.08784333  -1313.11096344  -1313.02312011
      2664     2664.000       376.79      0.09307117  -1313.11253808  -1313.01946691
      2665     2665.000       388.80      0.09603797  -1313.11344865  -1313.01741069
      2666     2666.000       382.55      0.09449436  -1313.11286270  -1313.01836835
      2667     2667.000       364.80      0.09010886  -1313.11195618  -1313.02184732
      2668     2668.000       319.14      0.07883012  -1313.10810793  -1313.02927781
      2669     2669.000       322.28      0.07960591  -1313.10882572  -1313.02921982
      2670     2670.000       325.05      0.08029149  -1313.10893970  -1313.02864820
      2671     2671.000       328.89      0.08123928  -1313.10897991  -1313.02774064
      2672     2672.000       348.08      0.08597851  -1313.11090921  -1313.02493070
      2673     2673.000       324.98      0.08027284  -1313.10854318  -1313.02827034
      2674     2674.000       337.20      0.08329112  -1313.10991530  -1313.02662418
      2675     2675.000       340.48      0.08410338  -1313.10997768  -1313.02587430
      2676     2676.000       340.26      0.08404722  -1313.10989571  -1313.02584849
      2677     2677.000       349.09      0.08623028  -1313.11067459  -1313.02444431
      2678     2678.000       342.45      0.08458850  -1313.11012472  -1313.02553622
      2679     2679.000       345.15      0.08525702  -1313.11016406  -1313.02490704
      2680     2680.000       367.90      0.09087479  -1313.11197052  -1313.02109572
      2681     2681.000       381.97      0.09435046  -1313.11283521  -1313.01848475
      2682     2682.000       397.03      0.09807188  -1313.11392901  -1313.01585713
      2683     2683.000       397.15      0.09810107  -1313.11414672  -1313.01604565
      2684     2684.000       363.11      0.08969216  -1313.11135169  -1313.02165954
      2685     2685.000       350.20      0.08650437  -1313.11075909  -1313.02425472
      2686     2686.000       330.67      0.08168015  -1313.10927201  -1313.02759186
      2687     2687.000       321.56      0.07942912  -1313.10845502  -1313.02902589
      2688     2688.000       343.65      0.08488505  -1313.11046842  -1313.02558337
      2689     2689.000       340.60      0.08413200  -1313.10970349  -1313.02557149
      2690     2690.000       370.21      0.09144727  -1313.11218241  -1313.02073514
      2691     2691.000       388.99      0.09608550  -1313.11338049  -1313.01729499
      2692     2692.000       399.76      0.09874486  -1313.11403381  -1313.01528896
      2693     2693.000       410.08      0.10129488  -1313.11505165  -1313.01375676
      2694     2694.000       382.19      0.09440423  -1313.11282524  -1313.01842101
      2695     2695.000       349.49      0.08632687  -1313.11064289  -1313.02431602
      2696     2696.000       320.46      0.07915738  -1313.10845891  -1313.02930153
      2697     2697.000       312.60      0.07721621  -1313.10804244  -1313.03082624
      2698     2698.000       321.52      0.07941785  -1313.10840483  -1313.02898698
      2699     2699.000       366.30      0.09048034  -1313.11203435  -1313.02155402
      2700     2700.000       380.79      0.09405974  -1313.11271728  -1313.01865754
      2701     2701.000       386.25      0.09540808  -1313.11338904  -1313.01798096
      2702     2702.000       358.91      0.08865565  -1313.11131577  -1313.02266012
      2703     2703.000       320.28      0.07911173  -1313.10835553  -1313.02924380
      2704     2704.000       317.47      0.07841808  -1313.10838392  -1313.02996584
      2705     2705.000       331.52      0.08188958  -1313.10925633  -1313.02736674
      2706     2706.000       356.24      0.08799644  -1313.11133145  -1313.02333501
      2707     2707.000       344.08      0.08499246  -1313.11018030  -1313.02518785
      2708     2708.000       326.00      0.08052482  -1313.10907768  -1313.02855285
      2709     2709.000       303.16      0.07488393  -1313.10712334  -1313.03223941
      2710     2710.000       322.98      0.07978093  -1313.10873774  -1313.02895681
      2711     2711.000       356.82      0.08813933  -1313.11120963  -1313.02307030
      2712     2712.000       378.15      0.09340701  -1313.11255377  -1313.01914675
      2713     2713.000       397.11      0.09809105  -1313.11412134  -1313.01603029
      2714     2714.000       381.69      0.09428211  -1313.11276098  -1313.01847887
      2715     2715.000       371.28      0.09170944  -1313.11209693  -1313.02038749
      2716     2716.000       366.17      0.09044796  -1313.11176525  -1313.02131729
      2717     2717.000       367.39      0.09074962  -1313.11173048  -1313.02098086
      2718     2718.000       385.49      0.09522135  -1313.11315792  -1313.01793657
      2719     2719.000       398.04      0.09832143  -1313.11407464  -1313.01575321
      2720     2720.000       388.45      0.09595218  -1313.11337744  -1313.01742526
      2721     2721.000       359.95      0.08891213  -1313.11136002  -1313.02244789
      2722     2722.000       327.12      0.08080255  -1313.10901047  -1313.02820792
      2723     2723.000       313.60      0.07746387  -1313.10776428  -1313.03030040
      2724     2724.000       357.43      0.08828896  -1313.11126882  -1313.02297986
      2725     2725.000       395.18      0.09761285  -1313.11382401  -1313.01621115
      2726     2726.000       418.49      0.10337246  -1313.11544585  -1313.01207339
      2727     2727.000       413.07      0.10203173  -1313.11534345  -1313.01331172
      2728     2728.000       368.81      0.09110088  -1313.11157307  -1313.02047219
      2729     2729.000       365.88      0.09037733  -1313.11192303  -1313.02154570
      2730     2730.000       351.83      0.08690633  -1313.11064336  -1313.02373703
      2731     2731.000       349.63      0.08636258  -1313.11064241  -1313.02427984
      2732     2732.000       346.19      0.08551198  -1313.11048481  -1313.02497283
      2733     2733.000       327.52      0.08090118  -1313.10905328  -1313.02815211
      2734     2734.000       313.34      0.07739920  -1313.10809971  -1313.03070051
      2735     2735.000       303.11      0.07487235  -1313.10745040  -1313.03257805
      2736     2736.000       287.93      0.07112184  -1313.10625178  -1313.03512994
      2737     2737.000       295.29      0.07293909  -1313.10665113  -1313.03371205
      2738     2738.000       330.26      0.08157793  -1313.10949803  -1313.02792009
      2739     2739.000       348.51      0.08608664  -1313.11030160  -1313.02421497
      2740     2740.000       377.97      0.09336329  -1313.11301391  -1313.01965062
      2741     2741.000       346.17      0.08550853  -1313.11034613  -1313.02483760
      2742     2742.000       306.05      0.07559679  -1313.10753169  -1313.03193490
      2743     2743.000       278.32      0.06874818  -1313.10573596  -1313.03698778
      2744     2744.000       253.20      0.06254222  -1313.10368513  -1313.04114291
      2745     2745.000       265.86      0.06566974  -1313.10490869  -1313.03923895
      2746     2746.000       276.80      0.06837229  -1313.10551698  -1313.03714469
      2747     2747.000       293.69      0.07254585  -1313.10674771  -1313.03420186
      2748     2748.000       312.54      0.07719973  -1313.10810223  -1313.03090250
      2749     2749.000       322.28      0.07960581  -1313.10876714  -1313.02916133
      2750     2750.000       324.25      0.08009330  -1313.10884817  -1313.02875487
      2751     2751.000       329.65      0.08142822  -1313.10928137  -1313.02785315
      2752     2752.000       330.99      0.08175742  -1313.10933467  -1313.02757726
      2753     2753.000       330.50      0.08163671  -1313.10924993  -1313.02761322
      2754     2754.000       330.09      0.08153543  -1313.10943244  -1313.02789700
      2755     2755.000       311.14      0.07685517  -1313.10780828  -1313.03095311
      2756     2756.000       309.61      0.07647703  -1313.10787729  -1313.03140026
      2757     2757.000       311.59      0.07696666  -1313.10789660  -1313.03092994
      2758     2758.000       330.14      0.08154761  -1313.10921653  -1313.02766893
      2759     2759.000       355.47      0.08780540  -1313.11119158  -1313.02338618
      2760     2760.000       360.65      0.08908464  -1313.11126763  -1313.02218299
      2761     2761.000       367.13      0.09068546  -1313.11207096  -1313.02138550
      2762     2762.000       349.17      0.08624855  -1313.11038668  -1313.02413812
      2763     2763.000       353.95      0.08743073  -1313.11096933  -1313.02353860
      2764     2764.000       360.94      0.08915667  -1313.11131544  -1313.02215877
      2765     2765.000       383.19      0.09465124  -1313.11293749  -1313.01828625
      2766     2766.000       403.42      0.09964936  -1313.11453437  -1313.01488501
      2767     2767.000       395.44      0.09767893  -1313.11375046  -1313.01607153
      2768     2768.000       379.90      0.09383904  -1313.11291612  -1313.01907708
      2769     2769.000       345.16      0.08525731  -1313.11003922  -1313.02478191
      2770     2770.000       341.07      0.08424844  -1313.11009850  -1313.02585007
      2771     2771.000       343.93      0.08495388  -1313.11007769  -1313.02512380
      2772     2772.000       358.70      0.08860183  -1313.11141723  -1313.02281540
      2773     2773.000       352.59      0.08709460  -1313.11074908  -1313.02365448
      2774     2774.000       345.56      0.08535707  -1313.11050745  -1313.02515038
      2775     2775.000       321.95      0.07952618  -1313.10857770  -1313.02905152
      2776     2776.000       316.80      0.07825296  -1313.10826944  -1313.03001649
      2777     2777.000       323.03      0.07979107  -1313.10893505  -1313.02914398
      2778     2778.000       322.67      0.07970228  -1313.10842708  -1313.02872481
      2779     2779.000       356.36      0.08802583  -1313.11146796  -1313.02344213
      2780     2780.000       345.52      0.08534790  -1313.11019942  -1313.02485152
      2781     2781.000       335.95      0.08298287  -1313.10976603  -1313.02678317
      2782     2782.000       314.05      0.07757481  -1313.10824947  -1313.03067466
      2783     2783.000       288.27      0.07120529  -1313.10604752  -1313.03484224
      2784     2784.000       307.97      0.07607223  -1313.10779859  -1313.03172636
      2785     2785.000       327.48      0.08089015  -1313.10908963  -1313.02819947
      2786     2786.000       343.55      0.08486183  -1313.11014273  -1313.02528090
      2787     2787.000       359.70      0.08884990  -1313.11151885  -1313.02266895
      2788     2788.000       344.39      0.08506896  -1313.11027202  -1313.02520306
      2789     2789.000       330.28      0.08158371  -1313.10908265  -1313.02749894
      2790     2790.000       341.00      0.08423047  -1313.11026846  -1313.02603800
      2791     2791.000       325.20      0.08032900  -1313.10878894  -1313.02845994
      2792     2792.000       329.68      0.08143495  -1313.10920819  -1313.02777324
      2793     2793.000       332.55      0.08214253  -1313.10966231  -1313.02751978
      2794     2794.000       321.77      0.07948052  -1313.10828372  -1313.02880320
      2795     2795.000       353.39      0.08729180  -1313.11133175  -1313.02403995
      2796     2796.000       334.02      0.08250641  -1313.10934547  -1313.02683906
      2797     2797.000       330.91      0.08173933  -1313.10922270  -1313.02748337
      2798     2798.000       348.09      0.08598127  -1313.11065766  -1313.02467639
      2799     2799.000       354.63      0.08759864  -1313.11066446  -1313.02306582
      2800     2800.000       390.20      0.09638397  -1313.11375244  -1313.01736847
      2801     2801.000       385.84      0.09530669  -1313.11320874  -1313.01790205
      2802     2802.000       355.47      0.08780513  -1313.11093784  -1313.02313271
      2803     2803.000       340.10      0.08400798  -1313.10990487  -1313.02589689
      2804     2804.000       332.28      0.08207796  -1313.10939683  -1313.02731887
      2805     2805.000       343.16      0.08476464  -1313.10992886  -1313.02516422
      2806     2806.000       378.79      0.09356435  -1313.11306216  -1313.01949781
      2807     2807.000       359.40      0.08877463  -1313.11114432  -1313.02236969
      2808     2808.000       349.88      0.08642344  -1313.11067692  -1313.02425347
      2809     2809.000       330.95      0.08174858  -1313.10957732  -1313.02782875
      2810     2810.000       292.13      0.07216057  -1313.10614534  -1313.03398477
      2811     2811.000       307.43      0.07593810  -1313.10808194  -1313.03214384
      2812     2812.000       294.14      0.07265533  -1313.10652859  -1313.03387327
      2813     2813.000       305.85      0.07554813  -1313.10756276  -1313.03201462
      2814     2814.000       328.77      0.08120993  -1313.10936389  -1313.02815396
      2815     2815.000       324.88      0.08024986  -1313.10882453  -1313.02857467
      2816     2816.000       328.13      0.08105246  -1313.10910258  -1313.02805011
      2817     2817.000       333.66      0.08241762  -1313.10958191  -1313.02716429
      2818     2818.000       332.45      0.08211815  -1313.10929795  -1313.02717980
      2819     2819.000       343.99      0.08496849  -1313.11040066  -1313.02543217
      2820     2820.000       324.10      0.08005730  -1313.10898419  -1313.02892689
      2821     2821.000       293.61      0.07252405  -1313.10644543  -1313.03392138
      2822     2822.000       301.33      0.07443243  -1313.10743864  -1313.03300621
      2823     2823.000       305.28      0.07540855  -1313.10730600  -1313.03189745
      2824     2824.000       337.69      0.08341404  -1313.10996391  -1313.02654986
      2825     2825.000       345.58      0.08536131  -1313.11058976  -1313.02522845
      2826     2826.000       313.18      0.07735929  -1313.10789868  -1313.03053939
      2827     2827.000       302.84      0.07480473  -1313.10744305  -1313.03263833
      2828     2828.000       299.48      0.07397568  -1313.10693608  -1313.03296040
      2829     2829.000       330.05      0.08152607  -1313.10916021  -1313.02763415
      2830     2830.000       374.48      0.09250066  -1313.11260911  -1313.02010845
      2831     2831.000       377.90      0.09334580  -1313.11256826  -1313.01922245
      2832     2832.000       369.42      0.09125017  -1313.11209551  -1313.02084534
      2833     2833.000       349.11      0.08623339  -1313.11048649  -1313.02425310
      2834     2834.000       343.27      0.08479075  -1313.11006342  -1313.02527267
      2835     2835.000       360.05      0.08893738  -1313.11130655  -1313.02236917
      2836     2836.000       384.49      0.09497260  -1313.11310852  -1313.01813593
      2837     2837.000       394.47      0.09743833  -1313.11380105  -1313.01636272
      2838     2838.000       380.18      0.09390989  -1313.11293119  -1313.01902130
      2839     2839.000       339.01      0.08374012  -1313.10979815  -1313.02605803
      2840     2840.000       306.33      0.07566594  -1313.10753766  -1313.03187172
      2841     2841.000       295.68      0.07303685  -1313.10679809  -1313.03376124
      2842     2842.000       311.27      0.07688730  -1313.10783908  -1313.03095178
      2843     2843.000       344.07      0.08498941  -1313.11043483  -1313.02544543
      2844     2844.000       350.26      0.08651804  -1313.11062680  -1313.02410876
      2845     2845.000       350.36      0.08654165  -1313.11085599  -1313.02431434
      2846     2846.000       323.05      0.07979713  -1313.10871750  -1313.02892037
      2847     2847.000       304.43      0.07519650  -1313.10738325  -1313.03218674
      2848     2848.000       308.13      0.07611282  -1313.10782075  -1313.03170793
      2849     2849.000       307.20      0.07588073  -1313.10753155  -1313.03165082
      2850     2850.000       325.91      0.08050296  -1313.10909518  -1313.02859222
      2851     2851.000       330.04      0.08152350  -1313.10934543  -1313.02782193
      2852     2852.000       322.24      0.07959765  -1313.10858224  -1313.02898458
      2853     2853.000       326.75      0.08071174  -1313.10920714  -1313.02849540
      2854     2854.000       313.09      0.07733763  -1313.10803939  -1313.03070176
      2855     2855.000       305.73      0.07551894  -1313.10750708  -1313.03198815
      2856     2856.000       306.18      0.07562908  -1313.10780209  -1313.03217301
      2857     2857.000       288.57      0.07127990  -1313.10615739  -1313.03487750
      2858     2858.000       297.89      0.07358159  -1313.10709381  -1313.03351222
      2859     2859.000       307.28      0.07590237  -1313.10776806  -1313.03186569
      2860     2860.000       306.03      0.07559401  -1313.10743475  -1313.03184073
      2861     2861.000       321.66      0.07945467  -1313.10889638  -1313.02944171
      2862     2862.000       310.78      0.07676625  -1313.10787807  -1313.03111182
      2863     2863.000       314.89      0.07778183  -1313.10790951  -1313.03012768
      2864     2864.000       357.81      0.08838305  -1313.11157589  -1313.02319283
      2865     2865.000       363.22      0.08971856  -1313.11132635  -1313.02160779
      2866     2866.000       383.52      0.09473274  -1313.11320921  -1313.01847647
      2867     2867.000       366.09      0.09042947  -1313.11187861  -1313.02144914
      2868     2868.000       337.26      0.08330806  -1313.10938814  -1313.02608008
      2869     2869.000       359.79      0.08887131  -1313.11155553  -1313.02268421
      2870     2870.000       361.62      0.08932343  -1313.11141341  -1313.02208998
      2871     2871.000       361.70      0.08934308  -1313.11146577  -1313.02212269
      2872     2872.000       358.31      0.08850700  -1313.11133017  -1313.02282317
      2873     2873.000       339.28      0.08380719  -1313.10974714  -1313.02593996
      2874     2874.000       350.66      0.08661691  -1313.11054162  -1313.02392471
      2875     2875.000       376.19      0.09292350  -1313.11284052  -1313.01991702
      2876     2876.000       356.34      0.08802087  -1313.11079224  -1313.02277137
      2877     2877.000       356.10      0.08796126  -1313.11138083  -1313.02341958
      2878     2878.000       323.57      0.07992652  -1313.10868710  -1313.02876057
      2879     2879.000       311.75      0.07700598  -1313.10771027  -1313.03070429
      2880     2880.000       343.51      0.08484996  -1313.11050790  -1313.02565795
      2881     2881.000       344.70      0.08514408  -1313.11003665  -1313.02489257
      2882     2882.000       369.08      0.09116637  -1313.11215413  -1313.02098775
      2883     2883.000       369.82      0.09134867  -1313.11213329  -1313.02078462
      2884     2884.000       346.41      0.08556633  -1313.11032575  -1313.02475942
      2885     2885.000       334.18      0.08254706  -1313.10959704  -1313.02704998
      2886     2886.000       316.57      0.07819579  -1313.10828595  -1313.03009016
      2887     2887.000       316.15      0.07809375  -1313.10807979  -1313.02998603
      2888     2888.000       345.81      0.08541891  -1313.11059435  -1313.02517543
      2889     2889.000       346.19      0.08551288  -1313.11038473  -1313.02487185
      2890     2890.000       333.86      0.08246787  -1313.10954138  -1313.02707351
      2891     2891.000       312.94      0.07729981  -1313.10825949  -1313.03095968
      2892     2892.000       276.70      0.06834796  -1313.10519206  -1313.03684411
      2893     2893.000       289.45      0.07149652  -1313.10660466  -1313.03510814
      2894     2894.000       294.41      0.07272236  -1313.10684345  -1313.03412109
      2895     2895.000       288.76      0.07132741  -1313.10628777  -1313.03496036
      2896     2896.000       298.49      0.07372939  -1313.10725182  -1313.03352243
      2897     2897.000       292.68      0.07229451  -1313.10645470  -1313.03416019
      2898     2898.000       318.25      0.07861239  -1313.10848156  -1313.02986918
      2899     2899.000       342.22      0.08453224  -1313.11022082  -1313.02568857
      2900     2900.000       344.65      0.08513170  -1313.11027446  -1313.02514276
      2901     2901.000       340.53      0.08411525  -1313.11005424  -1313.02593899
      2902     2902.000       328.35      0.08110663  -1313.10910990  -1313.02800327
      2903     2903.000       322.56      0.07967667  -1313.10870122  -1313.02902455
      2904     2904.000       323.27      0.07985020  -1313.10880680  -1313.02895660
      2905     2905.000       327.72      0.08095053  -1313.10914915  -1313.02819862
      2906     2906.000       329.88      0.08148509  -1313.10907144  -1313.02758635
      2907     2907.000       349.68      0.08637519  -1313.11081218  -1313.02443699
      2908     2908.000       351.81      0.08689981  -1313.11065452  -1313.02375471
      2909     2909.000       361.20      0.08921932  -1313.11153236  -1313.02231304
      2910     2910.000       358.82      0.08863159  -1313.11122559  -1313.02259400
      2911     2911.000       358.79      0.08862404  -1313.11119854  -1313.02257450
      2912     2912.000       370.90      0.09161643  -1313.11212691  -1313.02051048
      2913     2913.000       377.05      0.09313589  -1313.11246960  -1313.01933371
      2914     2914.000       388.39      0.09593711  -1313.11337637  -1313.01743926
      2915     2915.000       392.66      0.09699070  -1313.11346449  -1313.01647380
      2916     2916.000       409.18      0.10107172  -1313.11487723  -1313.01380551
      2917     2917.000       412.87      0.10198309  -1313.11491382  -1313.01293073
      2918     2918.000       417.97      0.10324209  -1313.11548779  -1313.01224570
      2919     2919.000       400.92      0.09903066  -1313.11426985  -1313.01523920
      2920     2920.000       367.16      0.09069221  -1313.11174604  -1313.02105383
      2921     2921.000       347.97      0.08595243  -1313.11050787  -1313.02455544
      2922     2922.000       335.38      0.08284223  -1313.10946410  -1313.02662187
      2923     2923.000       354.72      0.08762073  -1313.11086929  -1313.02324856
      2924     2924.000       388.03      0.09584839  -1313.11343619  -1313.01758780
      2925     2925.000       399.47      0.09867283  -1313.11413813  -1313.01546530
      2926     2926.000       389.71      0.09626332  -1313.11348193  -1313.01721861
      2927     2927.000       358.41      0.08853008  -1313.11126700  -1313.02273692
      2928     2928.000       323.39      0.07988130  -1313.10866235  -1313.02878105
      2929     2929.000       318.20      0.07859931  -1313.10829021  -1313.02969090
      2930     2930.000       336.16      0.08303537  -1313.10981247  -1313.02677710
      2931     2931.000       344.67      0.08513637  -1313.11018305  -1313.02504668
      2932     2932.000       359.01      0.08867894  -1313.11151254  -1313.02283360
      2933     2933.000       336.43      0.08310162  -1313.10965262  -1313.02655100
      2934     2934.000       321.25      0.07935188  -1313.10847503  -1313.02912315
      2935     2935.000       329.92      0.08149292  -1313.10947849  -1313.02798557
      2936     2936.000       324.47      0.08014732  -1313.10853802  -1313.02839071
      2937     2937.000       356.55      0.08807164  -1313.11135281  -1313.02328117
      2938     2938.000       364.84      0.09012000  -1313.11158572  -1313.02146572
      2939     2939.000       372.34      0.09197102  -1313.11219017  -1313.02021915
      2940     2940.000       378.11      0.09339773  -1313.11271092  -1313.01931318
      2941     2941.000       364.20      0.08996231  -1313.11159257  -1313.02163026
      2942     2942.000       351.49      0.08682135  -1313.11071226  -1313.02389091
      2943     2943.000       345.27      0.08528524  -1313.11037970  -1313.02509447
      2944     2944.000       328.98      0.08126269  -1313.10914253  -1313.02787984
      2945     2945.000       324.97      0.08027194  -1313.10875134  -1313.02847940
      2946     2946.000       335.56      0.08288830  -1313.10989930  -1313.02701100
      2947     2947.000       330.79      0.08170932  -1313.10887880  -1313.02716948
      2948     2948.000       369.86      0.09135884  -1313.11243804  -1313.02107920
      2949     2949.000       364.16      0.08995043  -1313.11149870  -1313.02154827
      2950     2950.000       359.37      0.08876827  -1313.11129309  -1313.02252483
      2951     2951.000       354.23      0.08749976  -1313.11111956  -1313.02361980
      2952     2952.000       337.19      0.08329024  -1313.10938446  -1313.02609422
      2953     2953.000       364.60      0.09005923  -1313.11184486  -1313.02178562
      2954     2954.000       374.89      0.09260244  -1313.11242094  -1313.01981849
      2955     2955.000       366.58      0.09054909  -1313.11186625  -1313.02131717
      2956     2956.000       345.81      0.08541868  -1313.11035079  -1313.02493210
      2957     2957.000       319.92      0.07902271  -1313.10854386  -1313.02952115
      2958     2958.000       310.32      0.07665168  -1313.10767825  -1313.03102657
      2959     2959.000       331.35      0.08184615  -1313.10951867  -1313.02767252
      2960     2960.000       336.96      0.08323290  -1313.10965029  -1313.02641739
      2961     2961.000       354.52      0.08757067  -1313.11091343  -1313.02334276
      2962     2962.000       374.59      0.09252860  -1313.11252077  -1313.01999217
      2963     2963.000       377.07      0.09314168  -1313.11231093  -1313.01916925
      2964     2964.000       395.09      0.09759230  -1313.11406711  -1313.01647481
      2965     2965.000       374.97      0.09262255  -1313.11230612  -1313.01968358
      2966     2966.000       354.80      0.08763986  -1313.11092642  -1313.02328656
      2967     2967.000       343.16      0.08476478  -1313.11024628  -1313.02548150
      2968     2968.000       332.74      0.08219110  -1313.10921825  -1313.02702714
      2969     2969.000       348.80      0.08615695  -1313.11078279  -1313.02462584
      2970     2970.000       344.23      0.08502817  -1313.11012325  -1313.02509507
      2971     2971.000       348.12      0.08598909  -1313.11056354  -1313.02457446
      2972     2972.000       355.09      0.08771102  -1313.11089838  -1313.02318735
      2973     2973.000       372.21      0.09193973  -1313.11226687  -1313.02032714
      2974     2974.000       380.21      0.09391656  -1313.11280842  -1313.01889186
      2975     2975.000       375.41      0.09272968  -1313.11246298  -1313.01973329
      2976     2976.000       358.00      0.08842927  -1313.11121916  -1313.02278989
      2977     2977.000       338.96      0.08372702  -1313.10978193  -1313.02605490
      2978     2978.000       333.37      0.08234654  -1313.10957094  -1313.02722441
      2979     2979.000       331.71      0.08193591  -1313.10916838  -1313.02723247
      2980     2980.000       350.56      0.08659309  -1313.11089419  -1313.02430110
      2981     2981.000       352.88      0.08716479  -1313.11064150  -1313.02347671
      2982     2982.000       372.31      0.09196563  -1313.11243138  -1313.02046575
      2983     2983.000       361.91      0.08939673  -1313.11141097  -1313.02201424
      2984     2984.000       354.22      0.08749679  -1313.11087066  -1313.02337386
      2985     2985.000       356.84      0.08814297  -1313.11123224  -1313.02308927
      2986     2986.000       359.04      0.08868601  -1313.11095270  -1313.02226669
      2987     2987.000       400.38      0.09889838  -1313.11441463  -1313.01551626
      2988     2988.000       411.73      0.10170096  -1313.11488836  -1313.01318740
      2989     2989.000       412.31      0.10184472  -1313.11504388  -1313.01319916
      2990     2990.000       396.92      0.09804485  -1313.11401704  -1313.01597220
      2991     2991.000       363.81      0.08986426  -1313.11152235  -1313.02165809
      2992     2992.000       341.92      0.08445743  -1313.11001776  -1313.02556032
      2993     2993.000       329.91      0.08149111  -1313.10933488  -1313.02784377
      2994     2994.000       314.12      0.07759217  -1313.10797354  -1313.03038137
      2995     2995.000       323.99      0.08002831  -1313.10888630  -1313.02885800
      2996     2996.000       331.38      0.08185418  -1313.10940785  -1313.02755367
      2997     2997.000       337.86      0.08345415  -1313.10962499  -1313.02617084
      2998     2998.000       363.23      0.08972139  -1313.11186902  -1313.02214763
      2999     2999.000       353.92      0.08742153  -1313.11073425  -1313.02331273
      3000     3000.000       364.08      0.08993198  -1313.11168261  -1313.02175062
      3001     3001.000       362.25      0.08948020  -1313.11178004  -1313.02229983
      3002     3002.000       328.73      0.08120092  -1313.10884162  -1313.02764069
      3003     3003.000       331.22      0.08181588  -1313.10960133  -1313.02778545
      3004     3004.000       311.02      0.07682442  -1313.10778706  -1313.03096263
      3005     3005.000       316.59      0.07820160  -1313.10817084  -1313.02996924
      3006     3006.000       343.64      0.08488239  -1313.11056298  -1313.02568059
      3007     3007.000       326.14      0.08056133  -1313.10880792  -1313.02824659
      3008     3008.000       322.99      0.07978282  -1313.10890584  -1313.02912302
      3009     3009.000       309.64      0.07648523  -1313.10787923  -1313.03139400
      3010     3010.000       296.43      0.07322154  -1313.10665092  -1313.03342938
      3011     3011.000       329.29      0.08133809  -1313.10929176  -1313.02795367
      3012     3012.000       354.19      0.08748961  -1313.11107750  -1313.02358790
      3013     3013.000       366.67      0.09057089  -1313.11157752  -1313.02100663
      3014     3014.000       392.88      0.09704552  -1313.11414921  -1313.01710369
      3015     3015.000       354.35      0.08752740  -1313.11067313  -1313.02314573
      3016     3016.000       341.64      0.08438912  -1313.11001083  -1313.02562171
      3017     3017.000       345.09      0.08524207  -1313.11047755  -1313.02523548
      3018     3018.000       342.46      0.08459137  -1313.10970279  -1313.02511142
      3019     3019.000       382.95      0.09459299  -1313.11343060  -1313.01883762
      3020     3020.000       362.69      0.08958809  -1313.11147078  -1313.02188269
      3021     3021.000       335.96      0.08298642  -1313.10958749  -1313.02660106
      3022     3022.000       330.92      0.08174146  -1313.10938188  -1313.02764042
      3023     3023.000       327.91      0.08099822  -1313.10887144  -1313.02787323
      3024     3024.000       369.16      0.09118787  -1313.11200926  -1313.02082139
      3025     3025.000       404.94      0.10002418  -1313.11477683  -1313.01475264
      3026     3026.000       394.56      0.09746052  -1313.11352376  -1313.01606323
      3027     3027.000       399.18      0.09860160  -1313.11419282  -1313.01559122
      3028     3028.000       385.97      0.09533866  -1313.11319784  -1313.01785918
      3029     3029.000       375.62      0.09278208  -1313.11213296  -1313.01935088
      3030     3030.000       392.68      0.09699619  -1313.11402277  -1313.01702659
      3031     3031.000       366.16      0.09044610  -1313.11154398  -1313.02109788
      3032     3032.000       359.16      0.08871665  -1313.11129769  -1313.02258104
      3033     3033.000       355.84      0.08789683  -1313.11120769  -1313.02331085
      3034     3034.000       337.10      0.08326826  -1313.10946987  -1313.02620161
      3035     3035.000       354.41      0.08754278  -1313.11115606  -1313.02361329
      3036     3036.000       356.03      0.08794466  -1313.11097301  -1313.02302835
      3037     3037.000       363.44      0.08977489  -1313.11156278  -1313.02178789
      3038     3038.000       374.47      0.09249884  -1313.11251877  -1313.02001993
      3039     3039.000       356.29      0.08800800  -1313.11098735  -1313.02297934
      3040     3040.000       351.69      0.08687034  -1313.11077235  -1313.02390201
      3041     3041.000       351.85      0.08690971  -1313.11071617  -1313.02380646
      3042     3042.000       365.36      0.09024888  -1313.11168494  -1313.02143605
      3043     3043.000       381.98      0.09435344  -1313.11295719  -1313.01860376
      3044     3044.000       375.36      0.09271890  -1313.11255738  -1313.01983847
      3045     3045.000       352.35      0.08703453  -1313.11061331  -1313.02357877
      3046     3046.000       349.81      0.08640642  -1313.11074331  -1313.02433690
      3047     3047.000       349.96      0.08644357  -1313.11048134  -1313.02403777
      3048     3048.000       365.19      0.09020722  -1313.11184464  -1313.02163743
      3049     3049.000       362.23      0.08947443  -1313.11161635  -1313.02214192
      3050     3050.000       335.39      0.08284498  -1313.10949382  -1313.02664884
      3051     3051.000       326.68      0.08069378  -1313.10915352  -1313.02845974
      3052     3052.000       317.66      0.07846683  -1313.10816057  -1313.02969374
      3053     3053.000       332.61      0.08215749  -1313.10966152  -1313.02750403
      3054     3054.000       329.25      0.08132930  -1313.10915364  -1313.02782434
      3055     3055.000       321.82      0.07949200  -1313.10876618  -1313.02927418
      3056     3056.000       312.42      0.07717167  -1313.10801229  -1313.03084061
      3057     3057.000       308.71      0.07625574  -1313.10769259  -1313.03143685
      3058     3058.000       325.42      0.08038195  -1313.10902293  -1313.02864099
      3059     3059.000       332.83      0.08221209  -1313.10943323  -1313.02722114
      3060     3060.000       346.13      0.08549834  -1313.11029836  -1313.02480002
      3061     3061.000       372.95      0.09212349  -1313.11230931  -1313.02018583
      3062     3062.000       389.51      0.09621344  -1313.11343928  -1313.01722584
      3063     3063.000       400.59      0.09894973  -1313.11415981  -1313.01521008
      3064     3064.000       396.39      0.09791198  -1313.11410506  -1313.01619309
      3065     3065.000       363.44      0.08977410  -1313.11138618  -1313.02161208
      3066     3066.000       349.01      0.08620830  -1313.11061510  -1313.02440679
      3067     3067.000       339.79      0.08393268  -1313.10990138  -1313.02596870
      3068     3068.000       345.43      0.08532449  -1313.11013902  -1313.02481453
      3069     3069.000       376.65      0.09303606  -1313.11273685  -1313.01970079
      3070     3070.000       375.58      0.09277213  -1313.11237906  -1313.01960692
      3071     3071.000       372.81      0.09208906  -1313.11226190  -1313.02017284
      3072     3072.000       362.37      0.08950954  -1313.11169012  -1313.02218058
      3073     3073.000       333.22      0.08230820  -1313.10909035  -1313.02678215
      3074     3074.000       360.64      0.08908120  -1313.11156905  -1313.02248786
      3075     3075.000       377.67      0.09328756  -1313.11252191  -1313.01923435
      3076     3076.000       396.37      0.09790748  -1313.11378752  -1313.01588004
      3077     3077.000       416.59      0.10290156  -1313.11560512  -1313.01270356
      3078     3078.000       390.16      0.09637399  -1313.11324531  -1313.01687133
      3079     3079.000       379.74      0.09379889  -1313.11272900  -1313.01893011
      3080     3080.000       369.07      0.09116336  -1313.11211808  -1313.02095472
      3081     3081.000       339.36      0.08382504  -1313.10975070  -1313.02592566
      3082     3082.000       326.25      0.08058798  -1313.10903990  -1313.02845192
      3083     3083.000       309.07      0.07634418  -1313.10787054  -1313.03152635
      3084     3084.000       294.72      0.07280010  -1313.10643521  -1313.03363511
      3085     3085.000       326.28      0.08059517  -1313.10935158  -1313.02875642
      3086     3086.000       327.72      0.08095067  -1313.10888019  -1313.02792952
      3087     3087.000       349.84      0.08641355  -1313.11062983  -1313.02421629
      3088     3088.000       372.65      0.09204818  -1313.11248402  -1313.02043585
      3089     3089.000       365.10      0.09018482  -1313.11139424  -1313.02120942
      3090     3090.000       384.64      0.09501071  -1313.11334984  -1313.01833913
      3091     3091.000       367.15      0.09069067  -1313.11181140  -1313.02112074
      3092     3092.000       350.27      0.08651997  -1313.11052779  -1313.02400782
      3093     3093.000       350.71      0.08663011  -1313.11089204  -1313.02426192
      3094     3094.000       328.69      0.08119110  -1313.10907564  -1313.02788454
      3095     3095.000       326.51      0.08065142  -1313.10894457  -1313.02829315
      3096     3096.000       334.77      0.08269096  -1313.10973955  -1313.02704859
      3097     3097.000       332.50      0.08213030  -1313.10924022  -1313.02710992
      3098     3098.000       355.22      0.08774234  -1313.11110605  -1313.02336371
      3099     3099.000       362.37      0.08951028  -1313.11164397  -1313.02213368
      3100     3100.000       345.40      0.08531882  -1313.11024395  -1313.02492513
      3101     3101.000       335.11      0.08277679  -1313.10974972  -1313.02697293
      3102     3102.000       315.53      0.07793876  -1313.10805848  -1313.03011972
      3103     3103.000       327.32      0.08085174  -1313.10899046  -1313.02813873
      3104     3104.000       354.83      0.08764804  -1313.11120798  -1313.02355994
      3105     3105.000       355.10      0.08771395  -1313.11081446  -1313.02310051
      3106     3106.000       371.18      0.09168626  -1313.11233092  -1313.02064466
      3107     3107.000       362.96      0.08965624  -1313.11146190  -1313.02180566
      3108     3108.000       361.57      0.08931258  -1313.11142061  -1313.02210803
      3109     3109.000       364.56      0.09005083  -1313.11182446  -1313.02177363
      3110     3110.000       349.97      0.08644722  -1313.11045351  -1313.02400629
      3111     3111.000       356.89      0.08815695  -1313.11124690  -1313.02308995
      3112     3112.000       359.60      0.08882616  -1313.11123578  -1313.02240962
      3113     3113.000       370.76      0.09158175  -1313.11216231  -1313.02058056
      3114     3114.000       371.23      0.09169795  -1313.11213820  -1313.02044025
      3115     3115.000       364.43      0.09001905  -1313.11168452  -1313.02166546
      3116     3116.000       357.23      0.08823974  -1313.11099965  -1313.02275991
      3117     3117.000       370.78      0.09158757  -1313.11222960  -1313.02064203
      3118     3118.000       372.72      0.09206629  -1313.11221460  -1313.02014831
      3119     3119.000       367.86      0.09086455  -1313.11194208  -1313.02107752
      3120     3120.000       352.22      0.08700339  -1313.11086757  -1313.02386418
      3121     3121.000       337.68      0.08341033  -1313.10952349  -1313.02611315
      3122     3122.000       362.81      0.08961770  -1313.11163619  -1313.02201848
      3123     3123.000       387.10      0.09561915  -1313.11305704  -1313.01743789
      3124     3124.000       425.97      0.10522012  -1313.11616901  -1313.01094889
      3125     3125.000       426.84      0.10543435  -1313.11599968  -1313.01056533
      3126     3126.000       411.00      0.10152156  -1313.11486986  -1313.01334829
      3127     3127.000       389.40      0.09618614  -1313.11350576  -1313.01731962
      3128     3128.000       356.09      0.08795732  -1313.11086111  -1313.02290379
      3129     3129.000       356.26      0.08800108  -1313.11109573  -1313.02309465
      3130     3130.000       360.53      0.08905418  -1313.11139596  -1313.02234178
      3131     3131.000       365.44      0.09026871  -1313.11169046  -1313.02142175
      3132     3132.000       366.13      0.09043736  -1313.11198483  -1313.02154747
      3133     3133.000       339.05      0.08374988  -1313.10982063  -1313.02607076
      3134     3134.000       320.07      0.07906136  -1313.10843539  -1313.02937403
      3135     3135.000       333.39      0.08235076  -1313.10947816  -1313.02712740
      3136     3136.000       360.09      0.08894595  -1313.11125277  -1313.02230682
      3137     3137.000       401.62      0.09920465  -1313.11430374  -1313.01509910
      3138     3138.000       419.27      0.10356504  -1313.11586636  -1313.01230132
      3139     3139.000       373.65      0.09229612  -1313.11205792  -1313.01976180
      3140     3140.000       347.17      0.08575493  -1313.11061445  -1313.02485951
      3141     3141.000       311.04      0.07683055  -1313.10776775  -1313.03093719
      3142     3142.000       315.87      0.07802342  -1313.10795178  -1313.02992836
      3143     3143.000       364.70      0.09008507  -1313.11206120  -1313.02197613
      3144     3144.000       377.10      0.09314840  -1313.11227695  -1313.01912855
      3145     3145.000       401.51      0.09917764  -1313.11460240  -1313.01542475
      3146     3146.000       370.81      0.09159316  -1313.11211754  -1313.02052438
      3147     3147.000       326.55      0.08066176  -1313.10886729  -1313.02820553
      3148     3148.000       309.82      0.07652931  -1313.10783933  -1313.03131002
      3149     3149.000       309.51      0.07645342  -1313.10774900  -1313.03129557
      3150     3150.000       329.27      0.08133225  -1313.10916100  -1313.02782875
      3151     3151.000       357.30      0.08825648  -1313.11142445  -1313.02316797
      3152     3152.000       346.07      0.08548317  -1313.11032564  -1313.02484247
      3153     3153.000       341.06      0.08424605  -1313.10989975  -1313.02565370
      3154     3154.000       346.23      0.08552206  -1313.11073043  -1313.02520837
      3155     3155.000       321.25      0.07935126  -1313.10824841  -1313.02889716
      3156     3156.000       338.01      0.08349146  -1313.11020214  -1313.02671068
      3157     3157.000       313.28      0.07738448  -1313.10797440  -1313.03058992
      3158     3158.000       302.25      0.07465864  -1313.10724181  -1313.03258317
      3159     3159.000       306.73      0.07576589  -1313.10790411  -1313.03213823
      3160     3160.000       287.56      0.07102989  -1313.10604936  -1313.03501947
      3161     3161.000       303.71      0.07501859  -1313.10754586  -1313.03252728
      3162     3162.000       319.91      0.07902089  -1313.10852437  -1313.02950348
      3163     3163.000       342.55      0.08461288  -1313.11008606  -1313.02547318
      3164     3164.000       372.76      0.09207651  -1313.11236965  -1313.02029313
      3165     3165.000       377.33      0.09320381  -1313.11265249  -1313.01944868
      3166     3166.000       366.86      0.09061912  -1313.11166214  -1313.02104302
      3167     3167.000       375.40      0.09272844  -1313.11255986  -1313.01983142
      3168     3168.000       368.62      0.09105309  -1313.11188915  -1313.02083606
      3169     3169.000       366.88      0.09062466  -1313.11173898  -1313.02111432
      3170     3170.000       369.84      0.09135509  -1313.11224285  -1313.02088776
      3171     3171.000       356.24      0.08799566  -1313.11073485  -1313.02273919
      3172     3172.000       388.69      0.09601085  -1313.11345160  -1313.01744074
      3173     3173.000       412.67      0.10193493  -1313.11505555  -1313.01312062
      3174     3174.000       419.96      0.10373397  -1313.11553179  -1313.01179782
      3175     3175.000       412.80      0.10196592  -1313.11523867  -1313.01327275
      3176     3176.000       374.75      0.09256666  -1313.11210438  -1313.01953771
      3177     3177.000       367.45      0.09076323  -1313.11190137  -1313.02113814
      3178     3178.000       371.75      0.09182574  -1313.11203807  -1313.02021232
      3179     3179.000       385.83      0.09530431  -1313.11328842  -1313.01798411
      3180     3180.000       382.08      0.09437842  -1313.11287774  -1313.01849932
      3181     3181.000       369.21      0.09119974  -1313.11207962  -1313.02087988
      3182     3182.000       350.40      0.08655209  -1313.11055518  -1313.02400309
      3183     3183.000       351.87      0.08691498  -1313.11077437  -1313.02385939
      3184     3184.000       358.56      0.08856913  -1313.11136317  -1313.02279404
      3185     3185.000       355.80      0.08788656  -1313.11087159  -1313.02298503
      3186     3186.000       367.26      0.09071841  -1313.11210229  -1313.02138388
      3187     3187.000       356.44      0.08804438  -1313.11088182  -1313.02283744
      3188     3188.000       361.54      0.08930387  -1313.11164835  -1313.02234448
      3189     3189.000       353.14      0.08723020  -1313.11073786  -1313.02350766
      3190     3190.000       354.72      0.08761887  -1313.11106809  -1313.02344922
      3191     3191.000       356.00      0.08793564  -1313.11099099  -1313.02305535
      3192     3192.000       366.20      0.09045651  -1313.11181987  -1313.02136335
      3193     3193.000       366.09      0.09042941  -1313.11194833  -1313.02151893
      3194     3194.000       343.93      0.08495482  -1313.11004928  -1313.02509446
      3195     3195.000       338.50      0.08361454  -1313.11004048  -1313.02642594
      3196     3196.000       321.73      0.07947032  -1313.10844441  -1313.02897409
      3197     3197.000       333.29      0.08232739  -1313.10955745  -1313.02723006
      3198     3198.000       348.44      0.08606861  -1313.11056484  -1313.02449622
      3199     3199.000       358.07      0.08844708  -1313.11115829  -1313.02271121
      3200     3200.000       371.63      0.09179751  -1313.11229105  -1313.02049355
      3201     3201.000       366.23      0.09046195  -1313.11176931  -1313.02130736
      3202     3202.000       354.87      0.08765780  -1313.11098910  -1313.02333130
      3203     3203.000       347.11      0.08574047  -1313.11038657  -1313.02464610
      3204     3204.000       348.83      0.08616435  -1313.11056272  -1313.02439837
      3205     3205.000       364.19      0.08996005  -1313.11154501  -1313.02158496
      3206     3206.000       386.43      0.09545196  -1313.11341673  -1313.01796477
      3207     3207.000       376.15      0.09291256  -1313.11246412  -1313.01955156
      3208     3208.000       364.91      0.09013753  -1313.11160216  -1313.02146463
      3209     3209.000       361.20      0.08922021  -1313.11161616  -1313.02239595
      3210     3210.000       350.16      0.08649287  -1313.11021146  -1313.02371859
      3211     3211.000       389.65      0.09624908  -1313.11374739  -1313.01749831
      3212     3212.000       398.88      0.09852852  -1313.11392433  -1313.01539581
      3213     3213.000       410.11      0.10130093  -1313.11481776  -1313.01351683
      3214     3214.000       417.61      0.10315337  -1313.11562883  -1313.01247546
      3215     3215.000       387.11      0.09561984  -1313.11298419  -1313.01736436
      3216     3216.000       380.89      0.09408412  -1313.11292351  -1313.01883939
      3217     3217.000       374.12      0.09241078  -1313.11216185  -1313.01975108
      3218     3218.000       385.43      0.09520595  -1313.11314604  -1313.01794009
      3219     3219.000       403.22      0.09960096  -1313.11430183  -1313.01470087
      3220     3220.000       404.30      0.09986740  -1313.11479836  -1313.01493096
      3221     3221.000       363.92      0.08989151  -1313.11128470  -1313.02139319
      3222     3222.000       354.92      0.08766988  -1313.11112009  -1313.02345021
      3223     3223.000       349.48      0.08632581  -1313.11041195  -1313.02408613
      3224     3224.000       382.08      0.09437793  -1313.11268036  -1313.01830243
      3225     3225.000       432.40      0.10680824  -1313.11687980  -1313.01007155
      3226     3226.000       416.29      0.10282932  -1313.11497757  -1313.01214825
      3227     3227.000       404.94      0.10002431  -1313.11484958  -1313.01482527
      3228     3228.000       357.48      0.08830128  -1313.11093174  -1313.02263046
      3229     3229.000       334.73      0.08268215  -1313.10941635  -1313.02673420
      3230     3230.000       352.38      0.08704255  -1313.11085851  -1313.02381597
      3231     3231.000       365.79      0.09035457  -1313.11178417  -1313.02142960
      3232     3232.000       377.59      0.09326800  -1313.11258045  -1313.01931245
      3233     3233.000       380.17      0.09390665  -1313.11290741  -1313.01900076
      3234     3234.000       350.74      0.08663744  -1313.11074890  -1313.02411146
      3235     3235.000       323.69      0.07995524  -1313.10858213  -1313.02862689
      3236     3236.000       324.32      0.08011170  -1313.10909238  -1313.02898068
      3237     3237.000       317.01      0.07830483  -1313.10802308  -1313.02971825
      3238     3238.000       347.98      0.08595433  -1313.11075118  -1313.02479685
      3239     3239.000       355.96      0.08792606  -1313.11118990  -1313.02326384
      3240     3240.000       342.82      0.08468050  -1313.10995884  -1313.02527835
      3241     3241.000       346.88      0.08568383  -1313.11072491  -1313.02504109
      3242     3242.000       325.73      0.08045997  -1313.10862652  -1313.02816655
      3243     3243.000       341.71      0.08440728  -1313.11024952  -1313.02584224
      3244     3244.000       349.27      0.08627409  -1313.11065370  -1313.02437961
      3245     3245.000       338.14      0.08352359  -1313.10982034  -1313.02629675
      3246     3246.000       330.29      0.08158570  -1313.10927457  -1313.02768887
      3247     3247.000       325.26      0.08034216  -1313.10888432  -1313.02854216
      3248     3248.000       335.30      0.08282294  -1313.10957506  -1313.02675213
      3249     3249.000       358.36      0.08851987  -1313.11122472  -1313.02270485
      3250     3250.000       370.26      0.09145766  -1313.11230788  -1313.02085022
      3251     3251.000       357.18      0.08822815  -1313.11084821  -1313.02262006
      3252     3252.000       366.04      0.09041605  -1313.11208472  -1313.02166866
      3253     3253.000       346.03      0.08547373  -1313.11009440  -1313.02462067
      3254     3254.000       351.36      0.08678890  -1313.11097413  -1313.02418524
      3255     3255.000       335.62      0.08290170  -1313.10974311  -1313.02684141
      3256     3256.000       305.72      0.07551522  -1313.10731031  -1313.03179510
      3257     3257.000       310.60      0.07672187  -1313.10813216  -1313.03141029
      3258     3258.000       301.39      0.07444781  -1313.10712634  -1313.03267852
      3259     3259.000       306.92      0.07581220  -1313.10777288  -1313.03196068
      3260     3260.000       313.50      0.07743862  -1313.10801540  -1313.03057678
      3261     3261.000       325.02      0.08028461  -1313.10905656  -1313.02877195
      3262     3262.000       330.08      0.08153341  -1313.10907506  -1313.02754166
      3263     3263.000       349.81      0.08640816  -1313.11090793  -1313.02449977
      3264     3264.000       337.91      0.08346653  -1313.10970873  -1313.02624220
      3265     3265.000       335.12      0.08277899  -1313.10952957  -1313.02675058
      3266     3266.000       345.77      0.08540979  -1313.11055587  -1313.02514607
      3267     3267.000       337.95      0.08347806  -1313.10958780  -1313.02610975
      3268     3268.000       351.22      0.08675425  -1313.11097513  -1313.02422089
      3269     3269.000       338.17      0.08353156  -1313.10983362  -1313.02630206
      3270     3270.000       319.26      0.07886183  -1313.10845673  -1313.02959490
      3271     3271.000       319.96      0.07903327  -1313.10857218  -1313.02953891
      3272     3272.000       329.20      0.08131529  -1313.10914712  -1313.02783183
      3273     3273.000       346.88      0.08568321  -1313.11043832  -1313.02475511
      3274     3274.000       361.54      0.08930395  -1313.11162658  -1313.02232263
      3275     3275.000       350.23      0.08651161  -1313.11071657  -1313.02420496
      3276     3276.000       327.45      0.08088397  -1313.10899794  -1313.02811397
      3277     3277.000       315.98      0.07804946  -1313.10836414  -1313.03031468
      3278     3278.000       310.11      0.07660050  -1313.10765943  -1313.03105893
      3279     3279.000       340.28      0.08405239  -1313.10995705  -1313.02590466
      3280     3280.000       371.41      0.09174319  -1313.11239199  -1313.02064880
      3281     3281.000       369.26      0.09121155  -1313.11190929  -1313.02069774
      3282     3282.000       358.42      0.08853463  -1313.11153690  -1313.02300227
      3283     3283.000       310.28      0.07664145  -1313.10771253  -1313.03107108
      3284     3284.000       286.27      0.07071151  -1313.10611502  -1313.03540351
      3285     3285.000       289.81      0.07158639  -1313.10649095  -1313.03490456
      3286     3286.000       303.92      0.07507068  -1313.10735805  -1313.03228737
      3287     3287.000       333.54      0.08238738  -1313.10957196  -1313.02718458
      3288     3288.000       356.41      0.08803736  -1313.11111947  -1313.02308211
      3289     3289.000       367.80      0.09085082  -1313.11192672  -1313.02107590
      3290     3290.000       371.93      0.09186991  -1313.11215467  -1313.02028476
      3291     3291.000       363.66      0.08982905  -1313.11179530  -1313.02196625
      3292     3292.000       341.06      0.08424578  -1313.10968220  -1313.02543642
      3293     3293.000       359.84      0.08888481  -1313.11152882  -1313.02264401
      3294     3294.000       361.88      0.08938777  -1313.11140502  -1313.02201725
      3295     3295.000       369.38      0.09124189  -1313.11200004  -1313.02075815
      3296     3296.000       367.16      0.09069246  -1313.11205854  -1313.02136608
      3297     3297.000       339.10      0.08376154  -1313.10964098  -1313.02587944
      3298     3298.000       343.20      0.08477383  -1313.11025730  -1313.02548348
      3299     3299.000       347.98      0.08595379  -1313.11044212  -1313.02448833
      3300     3300.000       358.26      0.08849315  -1313.11120288  -1313.02270973
      3301     3301.000       374.81      0.09258110  -1313.11245585  -1313.01987475
      3302     3302.000       377.25      0.09318391  -1313.11254593  -1313.01936203
      3303     3303.000       379.05      0.09363021  -1313.11256707  -1313.01893685
      3304     3304.000       393.03      0.09708199  -1313.11385593  -1313.01677394
      3305     3305.000       372.12      0.09191882  -1313.11216769  -1313.02024887
      3306     3306.000       348.44      0.08606825  -1313.11041492  -1313.02434667
      3307     3307.000       343.11      0.08475173  -1313.11026051  -1313.02550878
      3308     3308.000       338.03      0.08349824  -1313.10959982  -1313.02610158
      3309     3309.000       361.64      0.08932998  -1313.11160669  -1313.02227672
      3310     3310.000       364.65      0.09007227  -1313.11181147  -1313.02173920
      3311     3311.000       345.95      0.08545403  -1313.11019623  -1313.02474221
      3312     3312.000       341.99      0.08447579  -1313.11029435  -1313.02581855
      3313     3313.000       323.67      0.07994966  -1313.10865513  -1313.02870547
      3314     3314.000       320.27      0.07911091  -1313.10870208  -1313.02959117
      3315     3315.000       309.00      0.07632535  -1313.10782960  -1313.03150425
      3316     3316.000       298.83      0.07381363  -1313.10690752  -1313.03309389
      3317     3317.000       320.33      0.07912415  -1313.10858185  -1313.02945770
      3318     3318.000       353.76      0.08738180  -1313.11100056  -1313.02361876
      3319     3319.000       368.97      0.09113853  -1313.11207899  -1313.02094046
      3320     3320.000       361.01      0.08917392  -1313.11147721  -1313.02230329
      3321     3321.000       335.12      0.08277750  -1313.10970598  -1313.02692848
      3322     3322.000       309.92      0.07655318  -1313.10751090  -1313.03095773
      3323     3323.000       329.57      0.08140658  -1313.10940892  -1313.02800235
      3324     3324.000       341.37      0.08432270  -1313.10995271  -1313.02563001
      3325     3325.000       361.18      0.08921556  -1313.11147217  -1313.02225661
      3326     3326.000       370.23      0.09145167  -1313.11215095  -1313.02069929
      3327     3327.000       365.43      0.09026497  -1313.11166508  -1313.02140012
      3328     3328.000       362.69      0.08958748  -1313.11158174  -1313.02199426
      3329     3329.000       351.77      0.08689164  -1313.11075912  -1313.02386748
      3330     3330.000       338.81      0.08368961  -1313.10983877  -1313.02614916
      3331     3331.000       341.98      0.08447306  -1313.10991610  -1313.02544304
      3332     3332.000       368.83      0.09110443  -1313.11213606  -1313.02103163
      3333     3333.000       376.15      0.09291384  -1313.11240222  -1313.01948838
      3334     3334.000       381.52      0.09423879  -1313.11297895  -1313.01874017
      3335     3335.000       367.04      0.09066317  -1313.11182688  -1313.02116370
      3336     3336.000       360.61      0.08907518  -1313.11117336  -1313.02209817
      3337     3337.000       384.06      0.09486820  -1313.11311418  -1313.01824598
      3338     3338.000       397.66      0.09822725  -1313.11398151  -1313.01575425
      3339     3339.000       401.68      0.09922062  -1313.11427285  -1313.01505223
      3340     3340.000       390.23      0.09639007  -1313.11356436  -1313.01717429
      3341     3341.000       363.27      0.08973090  -1313.11138402  -1313.02165312
      3342     3342.000       360.58      0.08906846  -1313.11142222  -1313.02235377
      3343     3343.000       355.95      0.08792414  -1313.11115522  -1313.02323108
      3344     3344.000       336.62      0.08314853  -1313.10960587  -1313.02645734
      3345     3345.000       339.31      0.08381353  -1313.10985731  -1313.02604379
      3346     3346.000       350.60      0.08660104  -1313.11072726  -1313.02412623
      3347     3347.000       367.91      0.09087821  -1313.11172089  -1313.02084268
      3348     3348.000       402.03      0.09930478  -1313.11457008  -1313.01526530
      3349     3349.000       390.31      0.09641063  -1313.11340882  -1313.01699819
      3350     3350.000       377.50      0.09324672  -1313.11246776  -1313.01922104
      3351     3351.000       372.36      0.09197592  -1313.11243052  -1313.02045460
      3352     3352.000       350.67      0.08661913  -1313.11029289  -1313.02367377
      3353     3353.000       376.34      0.09296062  -1313.11267704  -1313.01971642
      3354     3354.000       386.26      0.09541033  -1313.11322567  -1313.01781534
      3355     3355.000       379.81      0.09381694  -1313.11266295  -1313.01884601
      3356     3356.000       374.11      0.09240987  -1313.11252108  -1313.02011121
      3357     3357.000       337.08      0.08326187  -1313.10974790  -1313.02648602
      3358     3358.000       306.03      0.07559232  -1313.10738092  -1313.03178860
      3359     3359.000       310.57      0.07671513  -1313.10803703  -1313.03132190
      3360     3360.000       311.18      0.07686416  -1313.10775343  -1313.03088926
      3361     3361.000       343.01      0.08472838  -1313.11019371  -1313.02546532
      3362     3362.000       363.10      0.08968886  -1313.11192909  -1313.02224023
      3363     3363.000       333.85      0.08246521  -1313.10925209  -1313.02678688
      3364     3364.000       326.37      0.08061698  -1313.10925263  -1313.02863565
      3365     3365.000       302.26      0.07466229  -1313.10710993  -1313.03244765
      3366     3366.000       317.55      0.07843733  -1313.10814722  -1313.02970989
      3367     3367.000       373.76      0.09232177  -1313.11263171  -1313.02030994
      3368     3368.000       387.00      0.09559395  -1313.11317730  -1313.01758336
      3369     3369.000       389.97      0.09632657  -1313.11354121  -1313.01721464
      3370     3370.000       365.12      0.09018840  -1313.11195185  -1313.02176345
      3371     3371.000       310.48      0.07669282  -1313.10749060  -1313.03079777
      3372     3372.000       315.67      0.07797349  -1313.10830193  -1313.03032844
      3373     3373.000       330.68      0.08168249  -1313.10935709  -1313.02767460
      3374     3374.000       346.64      0.08562394  -1313.11029202  -1313.02466808
      3375     3375.000       371.59      0.09178704  -1313.11251402  -1313.02072698
      3376     3376.000       344.41      0.08507402  -1313.11017170  -1313.02509768
      3377     3377.000       325.02      0.08028447  -1313.10873220  -1313.02844773
      3378     3378.000       334.28      0.08257048  -1313.10973763  -1313.02716715
      3379     3379.000       329.60      0.08141527  -1313.10900883  -1313.02759356
      3380     3380.000       351.63      0.08685670  -1313.11091177  -1313.02405506
      3381     3381.000       356.02      0.08794047  -1313.11124829  -1313.02330782
      3382     3382.000       339.75      0.08392239  -1313.10959479  -1313.02567240
      3383     3383.000       359.01      0.08868002  -1313.11160557  -1313.02292556
      3384     3384.000       344.51      0.08509723  -1313.11010592  -1313.02500869
      3385     3385.000       345.49      0.08533913  -1313.11034404  -1313.02500491
      3386     3386.000       348.74      0.08614324  -1313.11069523  -1313.02455199
      3387     3387.000       336.37      0.08308655  -1313.10948736  -1313.02640081
      3388     3388.000       355.52      0.08781653  -1313.11106639  -1313.02324986
      3389     3389.000       371.92      0.09186906  -1313.11230742  -1313.02043836
      3390     3390.000       372.63      0.09204412  -1313.11203129  -1313.01998717
      3391     3391.000       395.90      0.09779240  -1313.11397015  -1313.01617775
      3392     3392.000       400.67      0.09896996  -1313.11428000  -1313.01531004
      3393     3393.000       385.52      0.09522743  -1313.11293266  -1313.01770523
      3394     3394.000       382.23      0.09441595  -1313.11318643  -1313.01877048
      3395     3395.000       350.73      0.08663466  -1313.11038897  -1313.02375432
      3396     3396.000       355.17      0.08773119  -1313.11103844  -1313.02330725
      3397     3397.000       367.11      0.09068001  -1313.11193030  -1313.02125029
      3398     3398.000       368.86      0.09111211  -1313.11186476  -1313.02075265
      3399     3399.000       379.64      0.09377569  -1313.11287348  -1313.01909779
      3400     3400.000       365.78      0.09035172  -1313.11175480  -1313.02140308
      3401     3401.000       351.33      0.08678306  -1313.11060558  -1313.02382252
      3402     3402.000       356.55      0.08807122  -1313.11112413  -1313.02305291
      3403     3403.000       360.84      0.08913057  -1313.11140642  -1313.02227585
      3404     3404.000       370.61      0.09154526  -1313.11197472  -1313.02042946
      3405     3405.000       392.72      0.09700667  -1313.11373819  -1313.01673152
      3406     3406.000       402.93      0.09952755  -1313.11427760  -1313.01475005
      3407     3407.000       411.29      0.10159441  -1313.11502939  -1313.01343499
      3408     3408.000       396.22      0.09787070  -1313.11406758  -1313.01619688
      3409     3409.000       347.71      0.08588749  -1313.11036915  -1313.02448166
      3410     3410.000       317.24      0.07836146  -1313.10829312  -1313.02993166
      3411     3411.000       310.85      0.07678413  -1313.10784962  -1313.03106548
      3412     3412.000       328.34      0.08110246  -1313.10907715  -1313.02797469
      3413     3413.000       357.13      0.08821472  -1313.11131864  -1313.02310393
      3414     3414.000       358.47      0.08854673  -1313.11129511  -1313.02274838
      3415     3415.000       347.66      0.08587673  -1313.11048139  -1313.02460466
      3416     3416.000       340.05      0.08399703  -1313.10987972  -1313.02588269
      3417     3417.000       340.79      0.08417889  -1313.11012563  -1313.02594674
      3418     3418.000       335.97      0.08298957  -1313.10951206  -1313.02652249
      3419     3419.000       346.68      0.08563381  -1313.11060162  -1313.02496781
      3420     3420.000       336.00      0.08299661  -1313.10966368  -1313.02666706
      3421     3421.000       322.90      0.07976105  -1313.10877601  -1313.02901495
      3422     3422.000       305.26      0.07540219  -1313.10772711  -1313.03232491
      3423     3423.000       267.44      0.06606080  -1313.10471770  -1313.03865690
      3424     3424.000       262.94      0.06494806  -1313.10463580  -1313.03968774
      3425     3425.000       269.00      0.06644487  -1313.10500060  -1313.03855574
      3426     3426.000       275.85      0.06813739  -1313.10558625  -1313.03744886
      3427     3427.000       275.38      0.06802201  -1313.10548698  -1313.03746497
      3428     3428.000       263.21      0.06501638  -1313.10476284  -1313.03974646
      3429     3429.000       252.79      0.06244079  -1313.10350608  -1313.04106529
      3430     3430.000       296.02      0.07312081  -1313.10716573  -1313.03404491
      3431     3431.000       317.01      0.07830565  -1313.10839295  -1313.03008729
      3432     3432.000       324.34      0.08011450  -1313.10889575  -1313.02878125
      3433     3433.000       319.39      0.07889212  -1313.10881493  -1313.02992281
      3434     3434.000       284.83      0.07035510  -1313.10573553  -1313.03538044
      3435     3435.000       307.81      0.07603294  -1313.10783174  -1313.03179880
      3436     3436.000       332.82      0.08220979  -1313.10957981  -1313.02737002
      3437     3437.000       333.65      0.08241462  -1313.10953195  -1313.02711733
      3438     3438.000       330.91      0.08173890  -1313.10947649  -1313.02773760
      3439     3439.000       302.46      0.07471151  -1313.10732934  -1313.03261784
      3440     3440.000       288.97      0.07137809  -1313.10612743  -1313.03474934
      3441     3441.000       318.97      0.07878969  -1313.10872595  -1313.02993626
      3442     3442.000       329.48      0.08138603  -1313.10911113  -1313.02772509
      3443     3443.000       350.61      0.08660382  -1313.11068090  -1313.02407707
      3444     3444.000       368.89      0.09111937  -1313.11227837  -1313.02115900
      3445     3445.000       346.17      0.08550837  -1313.11013376  -1313.02462539
      3446     3446.000       346.97      0.08570604  -1313.11057223  -1313.02486619
      3447     3447.000       343.12      0.08475485  -1313.11015985  -1313.02540500
      3448     3448.000       345.08      0.08523793  -1313.11007040  -1313.02483247
      3449     3449.000       375.12      0.09265822  -1313.11276946  -1313.02011124
      3450     3450.000       355.80      0.08788562  -1313.11100638  -1313.02312075
      3451     3451.000       333.73      0.08243503  -1313.10951312  -1313.02707809
      3452     3452.000       317.14      0.07833657  -1313.10845712  -1313.03012055
      3453     3453.000       303.00      0.07484525  -1313.10705896  -1313.03221371
      3454     3454.000       340.71      0.08415807  -1313.11009365  -1313.02593558
      3455     3455.000       371.48      0.09176042  -1313.11239965  -1313.02063923
      3456     3456.000       360.65      0.08908561  -1313.11129711  -1313.02221150
      3457     3457.000       346.11      0.08549304  -1313.11051926  -1313.02502622
      3458     3458.000       316.68      0.07822277  -1313.10831574  -1313.03009297
      3459     3459.000       303.97      0.07508467  -1313.10705714  -1313.03197246
      3460     3460.000       340.23      0.08404081  -1313.11041042  -1313.02636962
      3461     3461.000       329.92      0.08149434  -1313.10910708  -1313.02761274
      3462     3462.000       332.69      0.08217845  -1313.10948823  -1313.02730979
      3463     3463.000       330.73      0.08169526  -1313.10955659  -1313.02786133
      3464     3464.000       304.98      0.07533298  -1313.10718490  -1313.03185192
      3465     3465.000       326.38      0.08061841  -1313.10913130  -1313.02851288
      3466     3466.000       334.65      0.08266320  -1313.10972722  -1313.02706402
      3467     3467.000       325.18      0.08032262  -1313.10880074  -1313.02847812
      3468     3468.000       326.09      0.08054851  -1313.10916985  -1313.02862134
      3469     3469.000       304.41      0.07519310  -1313.10746713  -1313.03227403
      3470     3470.000       294.87      0.07283571  -1313.10654762  -1313.03371191
      3471     3471.000       325.34      0.08036149  -1313.10920575  -1313.02884427
      3472     3472.000       329.34      0.08135113  -1313.10907862  -1313.02772749
      3473     3473.000       342.98      0.08471873  -1313.11028571  -1313.02556698
      3474     3474.000       334.29      0.08257411  -1313.10980318  -1313.02722907
      3475     3475.000       292.10      0.07215313  -1313.10632862  -1313.03417549
      3476     3476.000       291.68      0.07204776  -1313.10670665  -1313.03465889
      3477     3477.000       285.24      0.07045740  -1313.10615841  -1313.03570102
      3478     3478.000       291.29      0.07195224  -1313.10637397  -1313.03442173
      3479     3479.000       325.88      0.08049710  -1313.10924459  -1313.02874749
      3480     3480.000       329.65      0.08142767  -1313.10911118  -1313.02768351
      3481     3481.000       344.28      0.08504162  -1313.11032394  -1313.02528232
      3482     3482.000       345.07      0.08523671  -1313.11053263  -1313.02529592
      3483     3483.000       314.86      0.07777385  -1313.10796632  -1313.03019248
      3484     3484.000       316.05      0.07806776  -1313.10834495  -1313.03027719
      3485     3485.000       325.30      0.08035198  -1313.10890344  -1313.02855146
      3486     3486.000       339.65      0.08389748  -1313.10981275  -1313.02591527
      3487     3487.000       369.78      0.09134034  -1313.11230090  -1313.02096057
      3488     3488.000       353.36      0.08728395  -1313.11098668  -1313.02370273
      3489     3489.000       325.36      0.08036867  -1313.10865322  -1313.02828455
      3490     3490.000       333.89      0.08247516  -1313.10984310  -1313.02736794
      3491     3491.000       322.32      0.07961659  -1313.10833459  -1313.02871801
      3492     3492.000       361.68      0.08933800  -1313.11159133  -1313.02225332
      3493     3493.000       390.27      0.09640106  -1313.11369137  -1313.01729031
      3494     3494.000       385.16      0.09513939  -1313.11292952  -1313.01779013
      3495     3495.000       385.30      0.09517340  -1313.11345636  -1313.01828296
      3496     3496.000       345.58      0.08536214  -1313.11020165  -1313.02483951
      3497     3497.000       320.46      0.07915619  -1313.10845682  -1313.02930063
      3498     3498.000       332.61      0.08215950  -1313.10939695  -1313.02723745
      3499     3499.000       359.51      0.08880228  -1313.11131505  -1313.02251277
      3500     3500.000       389.52      0.09621491  -1313.11338574  -1313.01717084
      3501     3501.000       403.66      0.09970940  -1313.11482331  -1313.01511392
      3502     3502.000       352.83      0.08715305  -1313.11059535  -1313.02344229
      3503     3503.000       330.45      0.08162460  -1313.10913619  -1313.02751159
      3504     3504.000       348.56      0.08609835  -1313.11052997  -1313.02443161
      3505     3505.000       391.51      0.09670742  -1313.11332800  -1313.01662058
      3506     3506.000       445.96      0.11015621  -1313.11778828  -1313.00763207
      3507     3507.000       428.71      0.10589632  -1313.11617350  -1313.01027718
      3508     3508.000       387.73      0.09577253  -1313.11321834  -1313.01744581
      3509     3509.000       355.92      0.08791702  -1313.11100620  -1313.02308918
      3510     3510.000       341.22      0.08428485  -1313.10996300  -1313.02567815
      3511     3511.000       347.52      0.08584073  -1313.11046516  -1313.02462443
      3512     3512.000       358.94      0.08866119  -1313.11132530  -1313.02266411
      3513     3513.000       361.48      0.08929049  -1313.11146314  -1313.02217265
      3514     3514.000       361.87      0.08938474  -1313.11144020  -1313.02205546
      3515     3515.000       360.57      0.08906558  -1313.11154976  -1313.02248418
      3516     3516.000       339.83      0.08394201  -1313.10988482  -1313.02594282
      3517     3517.000       328.47      0.08113623  -1313.10907543  -1313.02793920
      3518     3518.000       336.57      0.08313765  -1313.10965768  -1313.02652004
      3519     3519.000       367.21      0.09070495  -1313.11174136  -1313.02103641
      3520     3520.000       405.14      0.10007360  -1313.11475485  -1313.01468125
      3521     3521.000       398.81      0.09851089  -1313.11408749  -1313.01557660
      3522     3522.000       370.42      0.09149730  -1313.11212842  -1313.02063112
      3523     3523.000       335.29      0.08281958  -1313.10951739  -1313.02669781
      3524     3524.000       314.89      0.07778118  -1313.10828355  -1313.03050237
      3525     3525.000       300.05      0.07411557  -1313.10705237  -1313.03293680
      3526     3526.000       305.63      0.07549410  -1313.10763208  -1313.03213798
      3527     3527.000       310.61      0.07672350  -1313.10791202  -1313.03118852
      3528     3528.000       329.12      0.08129562  -1313.10903574  -1313.02774012
      3529     3529.000       360.32      0.08900230  -1313.11171252  -1313.02271022
      3530     3530.000       348.45      0.08607005  -1313.11040082  -1313.02433076
      3531     3531.000       343.63      0.08488044  -1313.11033514  -1313.02545470
      3532     3532.000       329.92      0.08149370  -1313.10912485  -1313.02763115
      3533     3533.000       335.35      0.08283540  -1313.10955377  -1313.02671837
      3534     3534.000       358.22      0.08848471  -1313.11136517  -1313.02288046
      3535     3535.000       355.65      0.08785006  -1313.11116295  -1313.02331289
      3536     3536.000       330.36      0.08160295  -1313.10921679  -1313.02761384
      3537     3537.000       312.99      0.07731087  -1313.10811788  -1313.03080701
      3538     3538.000       298.16      0.07364968  -1313.10693668  -1313.03328700
      3539     3539.000       310.45      0.07668464  -1313.10782776  -1313.03114312
      3540     3540.000       332.16      0.08204770  -1313.10969357  -1313.02764587
      3541     3541.000       324.54      0.08016463  -1313.10860598  -1313.02844135
      3542     3542.000       347.38      0.08580590  -1313.11063137  -1313.02482548
      3543     3543.000       354.24      0.08750230  -1313.11097848  -1313.02347618
      3544     3544.000       353.57      0.08733498  -1313.11084220  -1313.02350722
      3545     3545.000       352.96      0.08718453  -1313.11114082  -1313.02395628
      3546     3546.000       319.08      0.07881639  -1313.10825353  -1313.02943714
      3547     3547.000       322.97      0.07977745  -1313.10864951  -1313.02887206
      3548     3548.000       354.96      0.08767876  -1313.11118741  -1313.02350865
      3549     3549.000       367.54      0.09078709  -1313.11172729  -1313.02094020
      3550     3550.000       385.74      0.09528163  -1313.11344618  -1313.01816456
      3551     3551.000       360.83      0.08912865  -1313.11142042  -1313.02229177
      3552     3552.000       331.37      0.08185281  -1313.10908080  -1313.02722798
      3553     3553.000       346.03      0.08547370  -1313.11049229  -1313.02501859
      3554     3554.000       355.43      0.08779492  -1313.11093637  -1313.02314145
      3555     3555.000       376.93      0.09310624  -1313.11246524  -1313.01935900
      3556     3556.000       395.82      0.09777166  -1313.11416445  -1313.01639279
      3557     3557.000       372.46      0.09200239  -1313.11201690  -1313.02001451
      3558     3558.000       370.82      0.09159731  -1313.11211573  -1313.02051842
      3559     3559.000       365.21      0.09021209  -1313.11190174  -1313.02168964
      3560     3560.000       346.90      0.08568830  -1313.10998807  -1313.02429977
      3561     3561.000       377.07      0.09314007  -1313.11296664  -1313.01982656
      3562     3562.000       362.82      0.08962039  -1313.11138900  -1313.02176861
      3563     3563.000       350.81      0.08665431  -1313.11073701  -1313.02408270
      3564     3564.000       335.83      0.08295275  -1313.10986909  -1313.02691633
      3565     3565.000       298.23      0.07366506  -1313.10675729  -1313.03309223
      3566     3566.000       305.52      0.07546793  -1313.10763982  -1313.03217189
      3567     3567.000       312.15      0.07710399  -1313.10813385  -1313.03102986
      3568     3568.000       309.30      0.07640148  -1313.10764738  -1313.03124589
      3569     3569.000       329.58      0.08140915  -1313.10940854  -1313.02799938
      3570     3570.000       324.24      0.08008993  -1313.10894529  -1313.02885535
      3571     3571.000       315.33      0.07788998  -1313.10795313  -1313.03006315
      3572     3572.000       330.50      0.08163642  -1313.10975736  -1313.02812094
      3573     3573.000       297.92      0.07358839  -1313.10676970  -1313.03318131
      3574     3574.000       291.38      0.07197368  -1313.10660300  -1313.03462932
      3575     3575.000       291.16      0.07192023  -1313.10671368  -1313.03479344
      3576     3576.000       279.62      0.06906984  -1313.10544501  -1313.03637517
      3577     3577.000       312.40      0.07716608  -1313.10829715  -1313.03113107
      3578     3578.000       321.13      0.07932291  -1313.10865657  -1313.02933366
      3579     3579.000       319.52      0.07892518  -1313.10848885  -1313.02956367
      3580     3580.000       322.08      0.07955801  -1313.10896928  -1313.02941126
      3581     3581.000       292.08      0.07214655  -1313.10652658  -1313.03438003
      3582     3582.000       284.86      0.07036388  -1313.10601714  -1313.03565325
      3583     3583.000       298.97      0.07384838  -1313.10724949  -1313.03340111
      3584     3584.000       307.63      0.07598922  -1313.10762589  -1313.03163668
      3585     3585.000       325.18      0.08032318  -1313.10906870  -1313.02874552
      3586     3586.000       321.19      0.07933820  -1313.10875368  -1313.02941548
      3587     3587.000       304.78      0.07528471  -1313.10734808  -1313.03206337
      3588     3588.000       313.54      0.07744891  -1313.10816201  -1313.03071309
      3589     3589.000       325.78      0.08047205  -1313.10898498  -1313.02851293
      3590     3590.000       338.62      0.08364358  -1313.10981278  -1313.02616920
      3591     3591.000       353.09      0.08721776  -1313.11111068  -1313.02389292
      3592     3592.000       337.10      0.08326718  -1313.10956001  -1313.02629283
      3593     3593.000       345.11      0.08524543  -1313.11043639  -1313.02519096
      3594     3594.000       347.12      0.08574315  -1313.11038855  -1313.02464540
      3595     3595.000       353.50      0.08731924  -1313.11089163  -1313.02357239
      3596     3596.000       363.17      0.08970801  -1313.11162152  -1313.02191351
      3597     3597.000       365.20      0.09020750  -1313.11162990  -1313.02142239
      3598     3598.000       372.51      0.09201343  -1313.11228464  -1313.02027121
      3599     3599.000       374.57      0.09252276  -1313.11224195  -1313.01971920
      3600     3600.000       385.53      0.09523142  -1313.11331723  -1313.01808581
      3601     3601.000       377.44      0.09323134  -1313.11234582  -1313.01911447
      3602     3602.000       391.28      0.09665084  -1313.11360873  -1313.01695789
      3603     3603.000       401.10      0.09907694  -1313.11415620  -1313.01507926
      3604     3604.000       410.48      0.10139375  -1313.11495851  -1313.01356476
      3605     3605.000       402.69      0.09946779  -1313.11440207  -1313.01493428
      3606     3606.000       375.65      0.09278997  -1313.11232445  -1313.01953448
      3607     3607.000       368.16      0.09093866  -1313.11178999  -1313.02085133
      3608     3608.000       386.27      0.09541266  -1313.11313223  -1313.01771957
      3609     3609.000       405.21      0.10009230  -1313.11466066  -1313.01456836
      3610     3610.000       395.27      0.09763582  -1313.11379260  -1313.01615679
      3611     3611.000       372.67      0.09205404  -1313.11239246  -1313.02033842
      3612     3612.000       332.09      0.08202875  -1313.10916503  -1313.02713628
      3613     3613.000       327.80      0.08096999  -1313.10907722  -1313.02810723
      3614     3614.000       337.05      0.08325531  -1313.10988267  -1313.02662736
      3615     3615.000       337.61      0.08339241  -1313.10952876  -1313.02613636
      3616     3616.000       366.32      0.09048495  -1313.11201842  -1313.02153348
      3617     3617.000       370.42      0.09149669  -1313.11196408  -1313.02046740
      3618     3618.000       377.94      0.09335658  -1313.11264997  -1313.01929339
      3619     3619.000       366.60      0.09055399  -1313.11207709  -1313.02152311
      3620     3620.000       317.90      0.07852551  -1313.10817753  -1313.02965202
      3621     3621.000       303.60      0.07499319  -1313.10739479  -1313.03240160
      3622     3622.000       313.28      0.07738402  -1313.10802420  -1313.03064018
      3623     3623.000       336.38      0.08308884  -1313.10975816  -1313.02666932
      3624     3624.000       352.06      0.08696218  -1313.11094844  -1313.02398626
      3625     3625.000       334.91      0.08272669  -1313.10970684  -1313.02698014
      3626     3626.000       312.56      0.07720473  -1313.10769443  -1313.03048970
      3627     3627.000       339.40      0.08383492  -1313.11013026  -1313.02629533
      3628     3628.000       354.65      0.08760182  -1313.11080491  -1313.02320309
      3629     3629.000       384.16      0.09489301  -1313.11315550  -1313.01826249
      3630     3630.000       384.21      0.09490520  -1313.11335562  -1313.01845042
      3631     3631.000       345.38      0.08531187  -1313.10984867  -1313.02453680
      3632     3632.000       357.05      0.08819489  -1313.11149304  -1313.02329814
      3633     3633.000       342.87      0.08469239  -1313.10986982  -1313.02517743
      3634     3634.000       359.05      0.08868893  -1313.11127836  -1313.02258943
      3635     3635.000       383.05      0.09461763  -1313.11306662  -1313.01844900
      3636     3636.000       389.18      0.09613191  -1313.11324848  -1313.01711657
      3637     3637.000       408.40      0.10087978  -1313.11484431  -1313.01396453
      3638     3638.000       402.82      0.09950102  -1313.11450956  -1313.01500853
      3639     3639.000       367.58      0.09079529  -1313.11166461  -1313.02086932
      3640     3640.000       362.55      0.08955451  -1313.11146107  -1313.02190656
      3641     3641.000       372.86      0.09209953  -1313.11229962  -1313.02020010
      3642     3642.000       385.56      0.09523876  -1313.11290997  -1313.01767120
      3643     3643.000       410.31      0.10135233  -1313.11531388  -1313.01396155
      3644     3644.000       378.52      0.09349860  -1313.11235736  -1313.01885876
      3645     3645.000       375.24      0.09268828  -1313.11235065  -1313.01966237
      3646     3646.000       387.82      0.09579689  -1313.11341196  -1313.01761507
      3647     3647.000       389.38      0.09618040  -1313.11319192  -1313.01701152
      3648     3648.000       406.08      0.10030692  -1313.11485431  -1313.01454740
      3649     3649.000       376.53      0.09300793  -1313.11244579  -1313.01943786
      3650     3650.000       348.75      0.08614486  -1313.11039062  -1313.02424576
      3651     3651.000       346.81      0.08566638  -1313.11053354  -1313.02486717
      3652     3652.000       340.15      0.08402088  -1313.10981820  -1313.02579732
      3653     3653.000       353.50      0.08731930  -1313.11096304  -1313.02364374
      3654     3654.000       362.70      0.08959059  -1313.11156406  -1313.02197347
      3655     3655.000       369.16      0.09118646  -1313.11188122  -1313.02069476
      3656     3656.000       392.18      0.09687339  -1313.11362496  -1313.01675157
      3657     3657.000       403.35      0.09963118  -1313.11455594  -1313.01492476
      3658     3658.000       380.35      0.09395010  -1313.11266113  -1313.01871104
      3659     3659.000       364.49      0.09003373  -1313.11172356  -1313.02168983
      3660     3660.000       345.59      0.08536499  -1313.11023846  -1313.02487347
      3661     3661.000       345.09      0.08524050  -1313.11026806  -1313.02502756
      3662     3662.000       346.53      0.08559564  -1313.11064977  -1313.02505413
      3663     3663.000       320.06      0.07905956  -1313.10835468  -1313.02929511
      3664     3664.000       318.76      0.07873841  -1313.10860055  -1313.02986214
      3665     3665.000       319.39      0.07889411  -1313.10826603  -1313.02937191
      3666     3666.000       351.49      0.08682265  -1313.11091806  -1313.02409541
      3667     3667.000       365.49      0.09028092  -1313.11183173  -1313.02155081
      3668     3668.000       357.20      0.08823196  -1313.11117555  -1313.02294359
      3669     3669.000       334.86      0.08271517  -1313.10969986  -1313.02698470
      3670     3670.000       309.58      0.07646984  -1313.10763022  -1313.03116038
      3671     3671.000       319.66      0.07895995  -1313.10858350  -1313.02962355
      3672     3672.000       337.61      0.08339259  -1313.10966604  -1313.02627345
      3673     3673.000       373.49      0.09225546  -1313.11237846  -1313.02012301
      3674     3674.000       396.15      0.09785259  -1313.11391320  -1313.01606061
      3675     3675.000       398.42      0.09841491  -1313.11412362  -1313.01570871
      3676     3676.000       379.75      0.09380323  -1313.11268293  -1313.01887970
      3677     3677.000       361.59      0.08931713  -1313.11150506  -1313.02218793
      3678     3678.000       343.26      0.08478954  -1313.11003517  -1313.02524563
      3679     3679.000       354.15      0.08747911  -1313.11090141  -1313.02342230
      3680     3680.000       371.54      0.09177401  -1313.11234478  -1313.02057078
      3681     3681.000       364.75      0.09009812  -1313.11149812  -1313.02140000
      3682     3682.000       372.26      0.09195120  -1313.11240440  -1313.02045320
      3683     3683.000       356.33      0.08801765  -1313.11091406  -1313.02289641
      3684     3684.000       366.31      0.09048180  -1313.11171858  -1313.02123678
      3685     3685.000       386.25      0.09540900  -1313.11335872  -1313.01794972
      3686     3686.000       385.03      0.09510712  -1313.11287989  -1313.01777278
      3687     3687.000       398.46      0.09842485  -1313.11428724  -1313.01586239
      3688     3688.000       382.11      0.09438442  -1313.11275741  -1313.01837298
      3689     3689.000       375.66      0.09279269  -1313.11236339  -1313.01957070
      3690     3690.000       380.55      0.09400108  -1313.11289151  -1313.01889044
      3691     3691.000       373.91      0.09236063  -1313.11217547  -1313.01981484
      3692     3692.000       378.90      0.09359265  -1313.11267315  -1313.01908050
      3693     3693.000       384.84      0.09505997  -1313.11314830  -1313.01808833
      3694     3694.000       379.82      0.09381891  -1313.11259375  -1313.01877484
      3695     3695.000       393.35      0.09716203  -1313.11360636  -1313.01644433
      3696     3696.000       404.96      0.10003003  -1313.11476374  -1313.01473370
      3697     3697.000       388.02      0.09584612  -1313.11292877  -1313.01708265
      3698     3698.000       394.38      0.09741559  -1313.11420658  -1313.01679098
      3699     3699.000       350.12      0.08648299  -1313.11036435  -1313.02388137
      3700     3700.000       342.54      0.08461137  -1313.11001960  -1313.02540823
      3701     3701.000       361.29      0.08924211  -1313.11155864  -1313.02231654
      3702     3702.000       379.82      0.09382092  -1313.11236772  -1313.01854680
      3703     3703.000       432.12      0.10673963  -1313.11680269  -1313.01006306
      3704     3704.000       424.67      0.10489740  -1313.11578137  -1313.01088398
      3705     3705.000       402.20      0.09934815  -1313.11429851  -1313.01495035
      3706     3706.000       381.39      0.09420656  -1313.11277290  -1313.01856634
      3707     3707.000       363.98      0.08990789  -1313.11161325  -1313.02170536
      3708     3708.000       364.53      0.09004400  -1313.11144895  -1313.02140495
      3709     3709.000       389.21      0.09614026  -1313.11362504  -1313.01748478
      3710     3710.000       387.02      0.09559712  -1313.11306610  -1313.01746898
      3711     3711.000       402.74      0.09948202  -1313.11432565  -1313.01484363
      3712     3712.000       407.25      0.10059425  -1313.11490271  -1313.01430846
      3713     3713.000       377.59      0.09326917  -1313.11224846  -1313.01897929
      3714     3714.000       374.21      0.09243307  -1313.11267382  -1313.02024075
      3715     3715.000       342.44      0.08458545  -1313.10975950  -1313.02517404
      3716     3716.000       358.40      0.08853000  -1313.11123040  -1313.02270039
      3717     3717.000       386.47      0.09546153  -1313.11341438  -1313.01795285
      3718     3718.000       379.54      0.09375169  -1313.11253523  -1313.01878353
      3719     3719.000       383.78      0.09479715  -1313.11319309  -1313.01839594
      3720     3720.000       371.64      0.09179934  -1313.11200369  -1313.02020435
      3721     3721.000       377.47      0.09323958  -1313.11240238  -1313.01916280
      3722     3722.000       409.30      0.10110109  -1313.11490424  -1313.01380315
      3723     3723.000       417.56      0.10314117  -1313.11546662  -1313.01232545
      3724     3724.000       400.41      0.09890521  -1313.11413813  -1313.01523292
      3725     3725.000       376.27      0.09294414  -1313.11259307  -1313.01964893
      3726     3726.000       338.42      0.08359256  -1313.10970137  -1313.02610881
      3727     3727.000       330.35      0.08159972  -1313.10910705  -1313.02750732
      3728     3728.000       351.29      0.08677158  -1313.11091142  -1313.02413984
      3729     3729.000       364.63      0.09006743  -1313.11132981  -1313.02126238
      3730     3730.000       409.71      0.10120364  -1313.11513050  -1313.01392686
      3731     3731.000       416.13      0.10278924  -1313.11522758  -1313.01243834
      3732     3732.000       409.67      0.10119281  -1313.11474376  -1313.01355094
      3733     3733.000       406.53      0.10041650  -1313.11467540  -1313.01425890
      3734     3734.000       401.67      0.09921804  -1313.11395406  -1313.01473603
      3735     3735.000       428.70      0.10589454  -1313.11625969  -1313.01036516
      3736     3736.000       443.11      0.10945329  -1313.11709766  -1313.00764437
      3737     3737.000       440.39      0.10878141  -1313.11714617  -1313.00836476
      3738     3738.000       408.45      0.10089244  -1313.11448338  -1313.01359093
      3739     3739.000       397.74      0.09824705  -1313.11401587  -1313.01576882
      3740     3740.000       396.64      0.09797545  -1313.11371147  -1313.01573602
      3741     3741.000       415.42      0.10261419  -1313.11528246  -1313.01266828
      3742     3742.000       417.23      0.10305937  -1313.11548933  -1313.01242996
      3743     3743.000       397.03      0.09807118  -1313.11374257  -1313.01567139
      3744     3744.000       393.72      0.09725401  -1313.11373388  -1313.01647987
      3745     3745.000       394.42      0.09742743  -1313.11357321  -1313.01614578
      3746     3746.000       410.91      0.10149902  -1313.11498973  -1313.01349071
      3747     3747.000       412.68      0.10193558  -1313.11501043  -1313.01307485
      3748     3748.000       399.73      0.09873845  -1313.11422098  -1313.01548253
      3749     3749.000       371.68      0.09180923  -1313.11195096  -1313.02014173
      3750     3750.000       370.29      0.09146491  -1313.11211538  -1313.02065048
      3751     3751.000       364.85      0.09012215  -1313.11171862  -1313.02159646
      3752     3752.000       359.09      0.08869891  -1313.11107063  -1313.02237173
      3753     3753.000       376.03      0.09288367  -1313.11265742  -1313.01977375
      3754     3754.000       377.69      0.09329320  -1313.11235007  -1313.01905687
      3755     3755.000       401.60      0.09920080  -1313.11433883  -1313.01513802
      3756     3756.000       402.63      0.09945427  -1313.11450733  -1313.01505306
      3757     3757.000       377.67      0.09328995  -1313.11231040  -1313.01902045
      3758     3758.000       380.37      0.09395596  -1313.11289658  -1313.01894062
      3759     3759.000       376.36      0.09296509  -1313.11235922  -1313.01939413
      3760     3760.000       384.59      0.09499699  -1313.11304023  -1313.01804324
      3761     3761.000       390.16      0.09637480  -1313.11361432  -1313.01723952
      3762     3762.000       363.56      0.08980285  -1313.11153578  -1313.02173293
      3763     3763.000       343.76      0.08491238  -1313.11008913  -1313.02517675
      3764     3764.000       347.12      0.08574211  -1313.11047806  -1313.02473596
      3765     3765.000       350.02      0.08645842  -1313.11052234  -1313.02406393
      3766     3766.000       374.43      0.09248834  -1313.11238309  -1313.01989475
      3767     3767.000       382.96      0.09459468  -1313.11318494  -1313.01859026
      3768     3768.000       363.31      0.08974133  -1313.11124312  -1313.02150179
      3769     3769.000       369.25      0.09120992  -1313.11242607  -1313.02121616
      3770     3770.000       332.58      0.08215018  -1313.10909227  -1313.02694210
      3771     3771.000       336.30      0.08306903  -1313.10973633  -1313.02666730
      3772     3772.000       344.10      0.08499670  -1313.11037432  -1313.02537762
      3773     3773.000       343.91      0.08495065  -1313.10994952  -1313.02499887
      3774     3774.000       372.51      0.09201442  -1313.11263045  -1313.02061602
      3775     3775.000       353.28      0.08726350  -1313.11076303  -1313.02349953
      3776     3776.000       337.10      0.08326832  -1313.10967840  -1313.02641008
      3777     3777.000       344.03      0.08497857  -1313.11015998  -1313.02518140
      3778     3778.000       365.95      0.09039391  -1313.11171401  -1313.02132010
      3779     3779.000       399.68      0.09872645  -1313.11404084  -1313.01531439
      3780     3780.000       426.75      0.10541253  -1313.11638530  -1313.01097277
      3781     3781.000       399.63      0.09871230  -1313.11379549  -1313.01508319
      3782     3782.000       402.97      0.09953718  -1313.11438591  -1313.01484873
      3783     3783.000       403.64      0.09970299  -1313.11447467  -1313.01477167
      3784     3784.000       399.95      0.09879101  -1313.11379374  -1313.01500273
      3785     3785.000       427.44      0.10558210  -1313.11645468  -1313.01087258
      3786     3786.000       404.07      0.09981090  -1313.11413498  -1313.01432408
      3787     3787.000       402.84      0.09950688  -1313.11435064  -1313.01484376
      3788     3788.000       397.93      0.09829214  -1313.11406718  -1313.01577504
      3789     3789.000       384.28      0.09492137  -1313.11279589  -1313.01787452
      3790     3790.000       399.09      0.09857925  -1313.11420558  -1313.01562632
      3791     3791.000       398.69      0.09848007  -1313.11394306  -1313.01546299
      3792     3792.000       404.98      0.10003500  -1313.11442127  -1313.01438628
      3793     3793.000       413.26      0.10208082  -1313.11520792  -1313.01312710
      3794     3794.000       393.61      0.09722622  -1313.11362063  -1313.01639441
      3795     3795.000       374.40      0.09248060  -1313.11226232  -1313.01978172
      3796     3796.000       369.22      0.09120118  -1313.11208838  -1313.02088720
      3797     3797.000       354.64      0.08759886  -1313.11079620  -1313.02319734
      3798     3798.000       364.04      0.08992242  -1313.11165478  -1313.02173236
      3799     3799.000       368.09      0.09092183  -1313.11205559  -1313.02113376
      3800     3800.000       361.43      0.08927739  -1313.11111938  -1313.02184200
      3801     3801.000       389.44      0.09619636  -1313.11373274  -1313.01753638
      3802     3802.000       380.07      0.09388171  -1313.11255930  -1313.01867759
      3803     3803.000       381.71      0.09428597  -1313.11301486  -1313.01872889
      3804     3804.000       361.27      0.08923710  -1313.11150832  -1313.02227122
      3805     3805.000       334.24      0.08256105  -1313.10928368  -1313.02672264
      3806     3806.000       342.36      0.08456732  -1313.11027810  -1313.02571078
      3807     3807.000       346.77      0.08565723  -1313.11026776  -1313.02461053
      3808     3808.000       366.65      0.09056730  -1313.11195559  -1313.02138828
      3809     3809.000       368.78      0.09109214  -1313.11192511  -1313.02083297
      3810     3810.000       368.52      0.09102791  -1313.11196451  -1313.02093659
      3811     3811.000       366.25      0.09046768  -1313.11172701  -1313.02125933
      3812     3812.000       370.13      0.09142546  -1313.11215055  -1313.02072509
      3813     3813.000       366.90      0.09062869  -1313.11169237  -1313.02106367
      3814     3814.000       380.33      0.09394495  -1313.11284597  -1313.01890102
      3815     3815.000       383.58      0.09474798  -1313.11296720  -1313.01821922
      3816     3816.000       391.43      0.09668735  -1313.11349304  -1313.01680569
      3817     3817.000       396.99      0.09806094  -1313.11415234  -1313.01609140
      3818     3818.000       373.16      0.09217404  -1313.11196055  -1313.01978651
      3819     3819.000       383.52      0.09473497  -1313.11319139  -1313.01845642
      3820     3820.000       375.94      0.09286072  -1313.11232880  -1313.01946808
      3821     3821.000       380.01      0.09386608  -1313.11274376  -1313.01887767
      3822     3822.000       379.25      0.09367822  -1313.11283386  -1313.01915564
      3823     3823.000       364.64      0.09007015  -1313.11137864  -1313.02130849
      3824     3824.000       384.35      0.09493987  -1313.11312491  -1313.01818504
      3825     3825.000       397.69      0.09823410  -1313.11396141  -1313.01572730
      3826     3826.000       407.70      0.10070630  -1313.11461174  -1313.01390544
      3827     3827.000       414.82      0.10246579  -1313.11537071  -1313.01290492
      3828     3828.000       393.96      0.09731306  -1313.11357170  -1313.01625864
      3829     3829.000       385.96      0.09533685  -1313.11306591  -1313.01772905
      3830     3830.000       393.69      0.09724532  -1313.11383575  -1313.01659043
      3831     3831.000       383.33      0.09468575  -1313.11281802  -1313.01813227
      3832     3832.000       391.85      0.09679037  -1313.11355343  -1313.01676305
      3833     3833.000       399.59      0.09870361  -1313.11423482  -1313.01553122
      3834     3834.000       396.71      0.09799067  -1313.11360549  -1313.01561481
      3835     3835.000       418.69      0.10342124  -1313.11575030  -1313.01232907
      3836     3836.000       396.94      0.09804962  -1313.11382194  -1313.01577232
      3837     3837.000       383.54      0.09473937  -1313.11281907  -1313.01807970
      3838     3838.000       386.94      0.09557850  -1313.11341557  -1313.01783707
      3839     3839.000       376.64      0.09303554  -1313.11218201  -1313.01914647
      3840     3840.000       395.48      0.09768817  -1313.11409217  -1313.01640399
      3841     3841.000       380.77      0.09405415  -1313.11270561  -1313.01865146
      3842     3842.000       366.27      0.09047277  -1313.11167745  -1313.02120469
      3843     3843.000       372.05      0.09190003  -1313.11218926  -1313.02028923
      3844     3844.000       380.66      0.09402826  -1313.11270673  -1313.01867847
      3845     3845.000       399.27      0.09862365  -1313.11409252  -1313.01546887
      3846     3846.000       410.36      0.10136464  -1313.11500768  -1313.01364304
      3847     3847.000       394.60      0.09747055  -1313.11361478  -1313.01614423
      3848     3848.000       394.59      0.09746718  -1313.11378333  -1313.01631615
      3849     3849.000       382.82      0.09456011  -1313.11311490  -1313.01855479
      3850     3850.000       351.60      0.08684915  -1313.11047245  -1313.02362330
      3851     3851.000       347.56      0.08585186  -1313.11074184  -1313.02488999
      3852     3852.000       325.76      0.08046682  -1313.10863701  -1313.02817020
      3853     3853.000       346.01      0.08546756  -1313.11044342  -1313.02497585
      3854     3854.000       360.23      0.08898142  -1313.11155232  -1313.02257090
      3855     3855.000       345.56      0.08535832  -1313.11013840  -1313.02478009
      3856     3856.000       350.58      0.08659833  -1313.11081372  -1313.02421539
      3857     3857.000       354.36      0.08753096  -1313.11074212  -1313.02321116
      3858     3858.000       387.34      0.09567740  -1313.11318587  -1313.01750847
      3859     3859.000       424.82      0.10493463  -1313.11616491  -1313.01123028
      3860     3860.000       411.30      0.10159597  -1313.11486846  -1313.01327249
      3861     3861.000       390.92      0.09656194  -1313.11348496  -1313.01692302
      3862     3862.000       374.27      0.09244884  -1313.11234713  -1313.01989829
      3863     3863.000       365.95      0.09039348  -1313.11150860  -1313.02111512
      3864     3864.000       394.38      0.09741659  -1313.11386352  -1313.01644693
      3865     3865.000       404.93      0.10002234  -1313.11454145  -1313.01451911
      3866     3866.000       400.06      0.09881856  -1313.11403472  -1313.01521617
      3867     3867.000       394.21      0.09737325  -1313.11396593  -1313.01659268
      3868     3868.000       358.71      0.08860496  -1313.11105642  -1313.02245147
      3869     3869.000       354.54      0.08757435  -1313.11085252  -1313.02327817
      3870     3870.000       372.47      0.09200352  -1313.11235530  -1313.02035177
      3871     3871.000       387.76      0.09578008  -1313.11291568  -1313.01713560
      3872     3872.000       436.64      0.10785520  -1313.11707322  -1313.00921802
      3873     3873.000       430.77      0.10640535  -1313.11630501  -1313.00989965
      3874     3874.000       397.70      0.09823583  -1313.11391320  -1313.01567737
      3875     3875.000       368.39      0.09099744  -1313.11190694  -1313.02090950
      3876     3876.000       358.98      0.08867314  -1313.11092260  -1313.02224945
      3877     3877.000       406.26      0.10035133  -1313.11464456  -1313.01429323
      3878     3878.000       443.92      0.10965424  -1313.11735810  -1313.00770386
      3879     3879.000       438.82      0.10839359  -1313.11692325  -1313.00852966
      3880     3880.000       409.85      0.10123716  -1313.11479743  -1313.01356027
      3881     3881.000       372.78      0.09208002  -1313.11216867  -1313.02008865
      3882     3882.000       358.62      0.08858374  -1313.11094708  -1313.02236334
      3883     3883.000       383.16      0.09464454  -1313.11322186  -1313.01857732
      3884     3884.000       377.98      0.09336511  -1313.11247715  -1313.01911204
      3885     3885.000       377.81      0.09332250  -1313.11272665  -1313.01940415
      3886     3886.000       356.94      0.08816707  -1313.11120103  -1313.02303395
      3887     3887.000       328.45      0.08113112  -1313.10894024  -1313.02780912
      3888     3888.000       327.34      0.08085544  -1313.10925310  -1313.02839766
      3889     3889.000       320.41      0.07914486  -1313.10835047  -1313.02920561
      3890     3890.000       349.40      0.08630600  -1313.11063416  -1313.02432816
      3891     3891.000       382.62      0.09451170  -1313.11304430  -1313.01853260
      3892     3892.000       394.71      0.09749788  -1313.11369975  -1313.01620187
      3893     3893.000       402.72      0.09947583  -1313.11450476  -1313.01502893
      3894     3894.000       387.04      0.09560306  -1313.11314417  -1313.01754110
      3895     3895.000       376.75      0.09306071  -1313.11242465  -1313.01936395
      3896     3896.000       379.67      0.09378194  -1313.11287310  -1313.01909116
      3897     3897.000       362.17      0.08945976  -1313.11141299  -1313.02195323
      3898     3898.000       350.37      0.08654522  -1313.11062424  -1313.02407902
      3899     3899.000       345.16      0.08525896  -1313.11039423  -1313.02513527
      3900     3900.000       341.35      0.08431622  -1313.10982598  -1313.02550976
      3901     3901.000       369.27      0.09121368  -1313.11209777  -1313.02088409
      3902     3902.000       379.30      0.09369196  -1313.11284883  -1313.01915687
      3903     3903.000       371.66      0.09180367  -1313.11192424  -1313.02012057
      3904     3904.000       381.20      0.09415947  -1313.11311369  -1313.01895422
      3905     3905.000       363.04      0.08967476  -1313.11129243  -1313.02161767
      3906     3906.000       377.93      0.09335202  -1313.11258636  -1313.01923434
      3907     3907.000       398.93      0.09854084  -1313.11416359  -1313.01562275
      3908     3908.000       407.41      0.10063576  -1313.11447169  -1313.01383593
      3909     3909.000       426.92      0.10545389  -1313.11625484  -1313.01080095
      3910     3910.000       408.63      0.10093555  -1313.11470289  -1313.01376734
      3911     3911.000       381.76      0.09429998  -1313.11285443  -1313.01855446
      3912     3912.000       360.63      0.08908051  -1313.11134761  -1313.02226710
      3913     3913.000       347.24      0.08577268  -1313.11037415  -1313.02460146
      3914     3914.000       357.30      0.08825638  -1313.11105020  -1313.02279382
      3915     3915.000       374.83      0.09258777  -1313.11269294  -1313.02010517
      3916     3916.000       353.30      0.08727023  -1313.11071342  -1313.02344319
      3917     3917.000       348.00      0.08596086  -1313.11057483  -1313.02461397
      3918     3918.000       344.36      0.08506050  -1313.11015293  -1313.02509243
      3919     3919.000       360.80      0.08912267  -1313.11127391  -1313.02215124
      3920     3920.000       392.59      0.09697482  -1313.11388010  -1313.01690528
      3921     3921.000       385.03      0.09510748  -1313.11298561  -1313.01787813
      3922     3922.000       377.86      0.09333592  -1313.11273017  -1313.01939425
      3923     3923.000       355.70      0.08786293  -1313.11102900  -1313.02316607
      3924     3924.000       334.93      0.08273212  -1313.10945354  -1313.02672142
      3925     3925.000       338.88      0.08370662  -1313.10992509  -1313.02621848
      3926     3926.000       345.25      0.08528138  -1313.11031646  -1313.02503508
      3927     3927.000       357.16      0.08822358  -1313.11108900  -1313.02286542
      3928     3928.000       366.11      0.09043275  -1313.11204895  -1313.02161621
      3929     3929.000       338.08      0.08351068  -1313.10968754  -1313.02617686
      3930     3930.000       320.07      0.07906051  -1313.10855630  -1313.02949579
      3931     3931.000       314.28      0.07763084  -1313.10812533  -1313.03049449
      3932     3932.000       326.64      0.08068344  -1313.10884093  -1313.02815749
      3933     3933.000       366.59      0.09055150  -1313.11200653  -1313.02145503
      3934     3934.000       377.11      0.09314955  -1313.11261808  -1313.01946852
      3935     3935.000       368.02      0.09090593  -1313.11177478  -1313.02086884
      3936     3936.000       369.28      0.09121604  -1313.11214910  -1313.02093306
      3937     3937.000       352.35      0.08703401  -1313.11070003  -1313.02366602
      3938     3938.000       348.17      0.08600275  -1313.11057866  -1313.02457592
      3939     3939.000       334.33      0.08258211  -1313.10966594  -1313.02708383
      3940     3940.000       313.14      0.07735022  -1313.10782801  -1313.03047779
      3941     3941.000       329.20      0.08131561  -1313.10925840  -1313.02794279
      3942     3942.000       346.89      0.08568650  -1313.11045653  -1313.02477003
      3943     3943.000       361.04      0.08918039  -1313.11150250  -1313.02232211
      3944     3944.000       354.16      0.08748040  -1313.11098843  -1313.02350803
      3945     3945.000       337.04      0.08325185  -1313.10963734  -1313.02638549
      3946     3946.000       341.81      0.08443178  -1313.10996375  -1313.02553197
      3947     3947.000       364.81      0.09011319  -1313.11182367  -1313.02171048
      3948     3948.000       363.84      0.08987240  -1313.11163909  -1313.02176669
      3949     3949.000       348.13      0.08599160  -1313.11069725  -1313.02470564
      3950     3950.000       313.65      0.07747433  -1313.10799515  -1313.03052082
      3951     3951.000       301.22      0.07440429  -1313.10708638  -1313.03268210
      3952     3952.000       328.53      0.08114959  -1313.10919815  -1313.02804856
      3953     3953.000       355.82      0.08789136  -1313.11104742  -1313.02315605
      3954     3954.000       381.58      0.09425393  -1313.11298568  -1313.01873175
      3955     3955.000       378.69      0.09354135  -1313.11271756  -1313.01917621
      3956     3956.000       357.52      0.08831064  -1313.11116351  -1313.02285287
      3957     3957.000       335.39      0.08284542  -1313.10966732  -1313.02682191
      3958     3958.000       310.53      0.07670346  -1313.10785603  -1313.03115257
      3959     3959.000       307.15      0.07587031  -1313.10745353  -1313.03158322
      3960     3960.000       339.77      0.08392796  -1313.11001854  -1313.02609058
      3961     3961.000       370.90      0.09161643  -1313.11215411  -1313.02053768
      3962     3962.000       377.42      0.09322705  -1313.11273021  -1313.01950316
      3963     3963.000       354.70      0.08761380  -1313.11099825  -1313.02338445
      3964     3964.000       325.64      0.08043793  -1313.10881754  -1313.02837961
      3965     3965.000       325.88      0.08049631  -1313.10883803  -1313.02834171
      3966     3966.000       353.56      0.08733438  -1313.11097979  -1313.02364542
      3967     3967.000       370.85      0.09160360  -1313.11213858  -1313.02053498
      3968     3968.000       374.33      0.09246355  -1313.11244628  -1313.01998273
      3969     3969.000       358.73      0.08861013  -1313.11117846  -1313.02256833
      3970     3970.000       356.98      0.08817727  -1313.11106774  -1313.02289047
      3971     3971.000       361.06      0.08918503  -1313.11150469  -1313.02231966
      3972     3972.000       352.20      0.08699840  -1313.11081542  -1313.02381702
      3973     3973.000       333.18      0.08229804  -1313.10957082  -1313.02727278
      3974     3974.000       306.76      0.07577438  -1313.10740988  -1313.03163550
      3975     3975.000       313.41      0.07741636  -1313.10814485  -1313.03072849
      3976     3976.000       326.45      0.08063638  -1313.10892235  -1313.02828597
      3977     3977.000       348.64      0.08611870  -1313.11068585  -1313.02456715
      3978     3978.000       351.43      0.08680604  -1313.11067976  -1313.02387371
      3979     3979.000       357.96      0.08842047  -1313.11120034  -1313.02277987
      3980     3980.000       367.81      0.09085300  -1313.11186024  -1313.02100724
      3981     3981.000       379.51      0.09374225  -1313.11271220  -1313.01896995
      3982     3982.000       386.07      0.09536451  -1313.11325481  -1313.01789030
      3983     3983.000       375.05      0.09264204  -1313.11232957  -1313.01968754
      3984     3984.000       366.26      0.09046945  -1313.11189171  -1313.02142226
      3985     3985.000       345.87      0.08543265  -1313.11023102  -1313.02479836
      3986     3986.000       342.02      0.08448325  -1313.11016786  -1313.02568461
      3987     3987.000       337.15      0.08327932  -1313.10963291  -1313.02635359
      3988     3988.000       354.14      0.08747552  -1313.11092116  -1313.02344563
      3989     3989.000       379.69      0.09378845  -1313.11277316  -1313.01898471
      3990     3990.000       391.78      0.09677412  -1313.11361528  -1313.01684117
      3991     3991.000       390.72      0.09651311  -1313.11354468  -1313.01703157
      3992     3992.000       373.84      0.09234363  -1313.11225920  -1313.01991557
      3993     3993.000       364.76      0.09009861  -1313.11166177  -1313.02156316
      3994     3994.000       363.47      0.08978123  -1313.11148605  -1313.02170481
      3995     3995.000       374.01      0.09238390  -1313.11240249  -1313.02001858
      3996     3996.000       373.97      0.09237531  -1313.11230810  -1313.01993280
      3997     3997.000       375.88      0.09284628  -1313.11240811  -1313.01956183
      3998     3998.000       378.27      0.09343659  -1313.11270590  -1313.01926931
      3999     3999.000       369.59      0.09129211  -1313.11188796  -1313.02059585
      4000     4000.000       378.42      0.09347389  -1313.11269681  -1313.01922292
      4001     4001.000       376.67      0.09304053  -1313.11245513  -1313.01941460
      4002     4002.000       377.91      0.09334871  -1313.11261187  -1313.01926317
      4003     4003.000       373.48      0.09225431  -1313.11236211  -1313.02010780
      4004     4004.000       355.96      0.08792736  -1313.11100638  -1313.02307901
      4005     4005.000       342.99      0.08472352  -1313.11019569  -1313.02547217
      4006     4006.000       333.17      0.08229649  -1313.10937035  -1313.02707386
      4007     4007.000       338.18      0.08353391  -1313.10989176  -1313.02635785
      4008     4008.000       340.94      0.08421633  -1313.11000507  -1313.02578873
      4009     4009.000       339.23      0.08379393  -1313.11007083  -1313.02627691
      4010     4010.000       318.20      0.07859812  -1313.10823522  -1313.02963710
      4011     4011.000       323.61      0.07993478  -1313.10888264  -1313.02894786
      4012     4012.000       332.64      0.08216470  -1313.10927944  -1313.02711474
      4013     4013.000       367.46      0.09076775  -1313.11181971  -1313.02105196
      4014     4014.000       402.73      0.09947942  -1313.11462455  -1313.01514512
      4015     4015.000       390.69      0.09650531  -1313.11329485  -1313.01678954
      4016     4016.000       379.98      0.09386012  -1313.11300207  -1313.01914194
      4017     4017.000       338.58      0.08363271  -1313.10968994  -1313.02605723
      4018     4018.000       314.79      0.07775718  -1313.10809785  -1313.03034068
      4019     4019.000       318.09      0.07857237  -1313.10841575  -1313.02984338
      4020     4020.000       329.42      0.08137010  -1313.10923055  -1313.02786045
      4021     4021.000       342.41      0.08457899  -1313.11005739  -1313.02547840
      4022     4022.000       358.65      0.08859007  -1313.11149435  -1313.02290428
      4023     4023.000       342.75      0.08466284  -1313.11009616  -1313.02543331
      4024     4024.000       332.13      0.08204017  -1313.10925424  -1313.02721407
      4025     4025.000       342.86      0.08468999  -1313.11030551  -1313.02561552
      4026     4026.000       351.91      0.08692612  -1313.11048346  -1313.02355734
      4027     4027.000       389.04      0.09609605  -1313.11372544  -1313.01762939
      4028     4028.000       378.90      0.09359142  -1313.11261680  -1313.01902538
      4029     4029.000       361.11      0.08919761  -1313.11136110  -1313.02216349
      4030     4030.000       347.38      0.08580611  -1313.11064208  -1313.02483597
      4031     4031.000       317.86      0.07851619  -1313.10816616  -1313.02964997
      4032     4032.000       318.00      0.07854844  -1313.10855304  -1313.03000460
      4033     4033.000       307.56      0.07597146  -1313.10773862  -1313.03176717
      4034     4034.000       293.87      0.07258859  -1313.10658274  -1313.03399415
      4035     4035.000       304.81      0.07529033  -1313.10760956  -1313.03231923
      4036     4036.000       302.98      0.07484043  -1313.10745565  -1313.03261523
      4037     4037.000       295.37      0.07295851  -1313.10679318  -1313.03383467
      4038     4038.000       295.89      0.07308897  -1313.10702042  -1313.03393145
      4039     4039.000       283.54      0.07003752  -1313.10590793  -1313.03587041
      4040     4040.000       300.03      0.07411158  -1313.10704443  -1313.03293285
      4041     4041.000       325.68      0.08044622  -1313.10939529  -1313.02894907
      4042     4042.000       302.39      0.07469483  -1313.10703602  -1313.03234119
      4043     4043.000       306.72      0.07576445  -1313.10789835  -1313.03213389
      4044     4044.000       291.84      0.07208870  -1313.10649095  -1313.03440225
      4045     4045.000       298.20      0.07365760  -1313.10687295  -1313.03321534
      4046     4046.000       329.86      0.08147974  -1313.10967284  -1313.02819310
      4047     4047.000       312.20      0.07711579  -1313.10777430  -1313.03065851
      4048     4048.000       312.76      0.07725486  -1313.10825546  -1313.03100060
      4049     4049.000       303.88      0.07506106  -1313.10738176  -1313.03232069
      4050     4050.000       297.71      0.07353890  -1313.10703697  -1313.03349806
      4051     4051.000       298.04      0.07362016  -1313.10707287  -1313.03345271
      4052     4052.000       286.34      0.07073030  -1313.10638395  -1313.03565365
      4053     4053.000       267.55      0.06608847  -1313.10467255  -1313.03858408
      4054     4054.000       287.65      0.07105299  -1313.10646964  -1313.03541666
      4055     4055.000       295.09      0.07289005  -1313.10689385  -1313.03400380
      4056     4056.000       293.60      0.07252232  -1313.10667402  -1313.03415170
      4057     4057.000       292.41      0.07222864  -1313.10693207  -1313.03470343
      4058     4058.000       270.66      0.06685597  -1313.10470775  -1313.03785178
      4059     4059.000       304.87      0.07530750  -1313.10771903  -1313.03241153
      4060     4060.000       333.58      0.08239712  -1313.10951014  -1313.02711302
      4061     4061.000       348.15      0.08599771  -1313.11063791  -1313.02464020
      4062     4062.000       338.27      0.08355581  -1313.11005491  -1313.02649909
      4063     4063.000       302.11      0.07462511  -1313.10714847  -1313.03252336
      4064     4064.000       286.52      0.07077260  -1313.10631514  -1313.03554254
      4065     4065.000       273.68      0.06760207  -1313.10529754  -1313.03769546
      4066     4066.000       273.79      0.06762932  -1313.10530828  -1313.03767896
      4067     4067.000       290.86      0.07184589  -1313.10650387  -1313.03465797
      4068     4068.000       317.74      0.07848588  -1313.10845375  -1313.02996788
      4069     4069.000       344.35      0.08505750  -1313.11028397  -1313.02522647
      4070     4070.000       359.50      0.08879971  -1313.11145590  -1313.02265620
      4071     4071.000       350.53      0.08658426  -1313.11073688  -1313.02415263
      4072     4072.000       332.89      0.08222821  -1313.10939170  -1313.02716348
      4073     4073.000       320.09      0.07906518  -1313.10861507  -1313.02954989
      4074     4074.000       313.15      0.07735055  -1313.10792814  -1313.03057758
      4075     4075.000       328.08      0.08104042  -1313.10926106  -1313.02822064
      4076     4076.000       328.59      0.08116496  -1313.10915914  -1313.02799418
      4077     4077.000       329.03      0.08127460  -1313.10918047  -1313.02790587
      4078     4078.000       325.78      0.08047094  -1313.10910818  -1313.02863724
      4079     4079.000       308.24      0.07613756  -1313.10755382  -1313.03141626
      4080     4080.000       312.01      0.07706956  -1313.10820631  -1313.03113675
      4081     4081.000       304.66      0.07525361  -1313.10725762  -1313.03200401
      4082     4082.000       322.97      0.07977602  -1313.10890779  -1313.02913176
      4083     4083.000       334.25      0.08256358  -1313.10961852  -1313.02705494
      4084     4084.000       330.36      0.08160221  -1313.10929966  -1313.02769745
      4085     4085.000       318.05      0.07856180  -1313.10856398  -1313.03000217
      4086     4086.000       298.76      0.07379775  -1313.10697064  -1313.03317289
      4087     4087.000       299.49      0.07397730  -1313.10706930  -1313.03309200
      4088     4088.000       317.52      0.07843219  -1313.10841378  -1313.02998159
      4089     4089.000       331.28      0.08182936  -1313.10948359  -1313.02765423
      4090     4090.000       330.11      0.08154102  -1313.10920728  -1313.02766626
      4091     4091.000       323.41      0.07988564  -1313.10906709  -1313.02918145
      4092     4092.000       290.77      0.07182342  -1313.10630620  -1313.03448278
      4093     4093.000       284.93      0.07038049  -1313.10622637  -1313.03584588
      4094     4094.000       276.86      0.06838713  -1313.10552977  -1313.03714264
      4095     4095.000       283.96      0.07014253  -1313.10591229  -1313.03576976
      4096     4096.000       307.05      0.07584420  -1313.10795302  -1313.03210882
      4097     4097.000       299.49      0.07397719  -1313.10700428  -1313.03302710
      4098     4098.000       303.80      0.07504201  -1313.10747192  -1313.03242991
      4099     4099.000       308.74      0.07626155  -1313.10784227  -1313.03158073
      4100     4100.000       314.45      0.07767338  -1313.10798870  -1313.03031532
      4101     4101.000       346.24      0.08552509  -1313.11058427  -1313.02505918
      4102     4102.000       351.35      0.08678633  -1313.11086442  -1313.02407808
      4103     4103.000       332.79      0.08220221  -1313.10941010  -1313.02720789
      4104     4104.000       319.46      0.07890960  -1313.10859771  -1313.02968811
      4105     4105.000       301.33      0.07443124  -1313.10708647  -1313.03265523
      4106     4106.000       318.62      0.07870168  -1313.10841033  -1313.02970865
      4107     4107.000       344.64      0.08512881  -1313.11051788  -1313.02538907
      4108     4108.000       336.20      0.08304578  -1313.10962737  -1313.02658159
      4109     4109.000       328.55      0.08115568  -1313.10929936  -1313.02814368
      4110     4110.000       302.09      0.07461910  -1313.10736157  -1313.03274247
      4111     4111.000       279.70      0.06909022  -1313.10547812  -1313.03638790
      4112     4112.000       294.56      0.07275951  -1313.10705826  -1313.03429874
      4113     4113.000       296.13      0.07314716  -1313.10663174  -1313.03348458
      4114     4114.000       331.89      0.08198069  -1313.10946810  -1313.02748741
      4115     4115.000       361.42      0.08927421  -1313.11162823  -1313.02235402
      4116     4116.000       361.52      0.08929838  -1313.11130124  -1313.02200286
      4117     4117.000       369.24      0.09120620  -1313.11227837  -1313.02107217
      4118     4118.000       339.25      0.08379897  -1313.10984571  -1313.02604674
      4119     4119.000       307.85      0.07604158  -1313.10766385  -1313.03162227
      4120     4120.000       293.26      0.07243894  -1313.10677881  -1313.03433987
      4121     4121.000       272.72      0.06736395  -1313.10519308  -1313.03782912
      4122     4122.000       276.18      0.06821919  -1313.10538281  -1313.03716362
      4123     4123.000       301.94      0.07458300  -1313.10753307  -1313.03295007
      4124     4124.000       308.44      0.07618832  -1313.10755836  -1313.03137004
      4125     4125.000       333.24      0.08231444  -1313.10969890  -1313.02738446
      4126     4126.000       329.73      0.08144738  -1313.10936196  -1313.02791458
      4127     4127.000       312.34      0.07715051  -1313.10773818  -1313.03058767
      4128     4128.000       331.38      0.08185521  -1313.10955431  -1313.02769910
      4129     4129.000       341.53      0.08436172  -1313.10990336  -1313.02554164
      4130     4130.000       366.20      0.09045433  -1313.11188362  -1313.02142929
      4131     4131.000       370.44      0.09150202  -1313.11231808  -1313.02081605
      4132     4132.000       337.54      0.08337652  -1313.10958335  -1313.02620683
      4133     4133.000       327.34      0.08085675  -1313.10914535  -1313.02828860
      4134     4134.000       321.74      0.07947374  -1313.10862065  -1313.02914690
      4135     4135.000       328.66      0.08118260  -1313.10912965  -1313.02794705
      4136     4136.000       341.16      0.08427000  -1313.11017810  -1313.02590810
      4137     4137.000       339.27      0.08380423  -1313.10975964  -1313.02595541
      4138     4138.000       362.19      0.08946443  -1313.11139916  -1313.02193473
      4139     4139.000       401.71      0.09922585  -1313.11434687  -1313.01512102
      4140     4140.000       424.25      0.10479467  -1313.11587668  -1313.01108201
      4141     4141.000       426.66      0.10538886  -1313.11609480  -1313.01070594
      4142     4142.000       393.14      0.09711057  -1313.11381219  -1313.01670163
      4143     4143.000       344.84      0.08517893  -1313.10995055  -1313.02477163
      4144     4144.000       341.46      0.08434531  -1313.11020895  -1313.02586364
      4145     4145.000       335.46      0.08286245  -1313.10948636  -1313.02662391
      4146     4146.000       350.71      0.08662964  -1313.11076050  -1313.02413086
      4147     4147.000       358.58      0.08857430  -1313.11133780  -1313.02276349
      4148     4148.000       353.93      0.08742446  -1313.11077005  -1313.02334560
      4149     4149.000       360.73      0.08910349  -1313.11165131  -1313.02254782
      4150     4150.000       343.86      0.08493801  -1313.11000472  -1313.02506671
      4151     4151.000       343.87      0.08494033  -1313.11032699  -1313.02538667
      4152     4152.000       345.82      0.08542242  -1313.11019784  -1313.02477542
      4153     4153.000       362.89      0.08963684  -1313.11164886  -1313.02201202
      4154     4154.000       369.08      0.09116780  -1313.11197681  -1313.02080900
      4155     4155.000       366.59      0.09055087  -1313.11190673  -1313.02135586
      4156     4156.000       346.66      0.08562884  -1313.11039560  -1313.02476676
      4157     4157.000       335.47      0.08286413  -1313.10948795  -1313.02662382
      4158     4158.000       344.37      0.08506231  -1313.11035438  -1313.02529207
      4159     4159.000       350.61      0.08660444  -1313.11059401  -1313.02398958
      4160     4160.000       356.15      0.08797214  -1313.11135169  -1313.02337956
      4161     4161.000       334.05      0.08251380  -1313.10929929  -1313.02678549
      4162     4162.000       333.73      0.08243630  -1313.10963808  -1313.02720177
      4163     4163.000       333.97      0.08249478  -1313.10938230  -1313.02688752
      4164     4164.000       355.36      0.08777795  -1313.11106643  -1313.02328848
      4165     4165.000       365.85      0.09036806  -1313.11196445  -1313.02159639
      4166     4166.000       351.46      0.08681576  -1313.11057227  -1313.02375651
      4167     4167.000       350.50      0.08657752  -1313.11083619  -1313.02425867
      4168     4168.000       337.34      0.08332615  -1313.10959772  -1313.02627157
      4169     4169.000       342.34      0.08456093  -1313.11016432  -1313.02560339
      4170     4170.000       346.90      0.08568912  -1313.11048327  -1313.02479414
      4171     4171.000       340.36      0.08407320  -1313.10993682  -1313.02586362
      4172     4172.000       338.44      0.08359849  -1313.10991395  -1313.02631545
      4173     4173.000       329.97      0.08150525  -1313.10929239  -1313.02778714
      4174     4174.000       312.36      0.07715706  -1313.10801144  -1313.03085439
      4175     4175.000       309.71      0.07650153  -1313.10768836  -1313.03118684
      4176     4176.000       329.61      0.08141639  -1313.10936592  -1313.02794953
      4177     4177.000       346.35      0.08555341  -1313.11021535  -1313.02466194
      4178     4178.000       372.37      0.09198067  -1313.11257721  -1313.02059654
      4179     4179.000       345.83      0.08542331  -1313.11031056  -1313.02488725
      4180     4180.000       319.01      0.07879937  -1313.10838024  -1313.02958087
      4181     4181.000       308.80      0.07627605  -1313.10791740  -1313.03164135
      4182     4182.000       302.88      0.07481361  -1313.10700329  -1313.03218968
      4183     4183.000       339.44      0.08384621  -1313.11030251  -1313.02645630
      4184     4184.000       335.70      0.08292152  -1313.10951114  -1313.02658961
      4185     4185.000       333.56      0.08239419  -1313.10958132  -1313.02718713
      4186     4186.000       334.08      0.08252126  -1313.10946104  -1313.02693978
      4187     4187.000       346.08      0.08548665  -1313.11035796  -1313.02487131
      4188     4188.000       364.96      0.09014822  -1313.11173756  -1313.02158934
      4189     4189.000       369.08      0.09116741  -1313.11219958  -1313.02103217
      4190     4190.000       338.68      0.08365900  -1313.10976559  -1313.02610659
      4191     4191.000       321.88      0.07950847  -1313.10860083  -1313.02909236
      4192     4192.000       319.31      0.07887210  -1313.10863169  -1313.02975959
      4193     4193.000       318.72      0.07872769  -1313.10814045  -1313.02941276
      4194     4194.000       354.42      0.08754697  -1313.11132968  -1313.02378271
      4195     4195.000       348.28      0.08602838  -1313.11037947  -1313.02435109
      4196     4196.000       348.23      0.08601664  -1313.11063922  -1313.02462258
      4197     4197.000       334.54      0.08263394  -1313.10971627  -1313.02708233
      4198     4198.000       304.77      0.07528147  -1313.10726899  -1313.03198752
      4199     4199.000       307.52      0.07596081  -1313.10779903  -1313.03183821
      4200     4200.000       312.00      0.07706711  -1313.10793273  -1313.03086562
      4201     4201.000       329.50      0.08138991  -1313.10919193  -1313.02780202
      4202     4202.000       350.05      0.08646718  -1313.11082711  -1313.02435993
      4203     4203.000       346.55      0.08560262  -1313.11040453  -1313.02480191
      4204     4204.000       342.85      0.08468792  -1313.11003885  -1313.02535094
      4205     4205.000       349.70      0.08638068  -1313.11083911  -1313.02445844
      4206     4206.000       332.84      0.08221591  -1313.10934745  -1313.02713154
      4207     4207.000       327.23      0.08083067  -1313.10906860  -1313.02823793
      4208     4208.000       321.05      0.07930359  -1313.10878225  -1313.02947865
      4209     4209.000       304.93      0.07532085  -1313.10723284  -1313.03191199
      4210     4210.000       325.25      0.08034135  -1313.10908472  -1313.02874337
      4211     4211.000       328.92      0.08124760  -1313.10918269  -1313.02793509
      4212     4212.000       333.36      0.08234398  -1313.10944078  -1313.02709680
      4213     4213.000       335.13      0.08278066  -1313.10987741  -1313.02709676
      4214     4214.000       307.67      0.07599689  -1313.10746038  -1313.03146350
      4215     4215.000       311.65      0.07698054  -1313.10803326  -1313.03105272
      4216     4216.000       320.64      0.07920102  -1313.10856427  -1313.02936325
      4217     4217.000       338.52      0.08361706  -1313.10984254  -1313.02622548
      4218     4218.000       358.51      0.08855695  -1313.11135106  -1313.02279411
      4219     4219.000       354.72      0.08762018  -1313.11110715  -1313.02348697
      4220     4220.000       334.71      0.08267799  -1313.10940281  -1313.02672482
      4221     4221.000       341.29      0.08430130  -1313.11012383  -1313.02582252
      4222     4222.000       344.86      0.08518498  -1313.11019720  -1313.02501222
      4223     4223.000       367.09      0.09067616  -1313.11182265  -1313.02114650
      4224     4224.000       385.33      0.09518075  -1313.11341641  -1313.01823566
      4225     4225.000       358.50      0.08855348  -1313.11100115  -1313.02244767
      4226     4226.000       354.24      0.08750211  -1313.11109531  -1313.02359320
      4227     4227.000       343.05      0.08473747  -1313.10995544  -1313.02521798
      4228     4228.000       359.06      0.08869084  -1313.11123457  -1313.02254373
      4229     4229.000       383.33      0.09468755  -1313.11315808  -1313.01847053
      4230     4230.000       375.72      0.09280798  -1313.11242737  -1313.01961939
      4231     4231.000       359.73      0.08885704  -1313.11129432  -1313.02243728
      4232     4232.000       350.56      0.08659249  -1313.11071198  -1313.02411949
      4233     4233.000       345.11      0.08524674  -1313.11018256  -1313.02493582
      4234     4234.000       359.76      0.08886517  -1313.11131242  -1313.02244725
      4235     4235.000       376.69      0.09304736  -1313.11266809  -1313.01962073
      4236     4236.000       372.42      0.09199304  -1313.11204287  -1313.02004983
      4237     4237.000       379.58      0.09376163  -1313.11294123  -1313.01917959
      4238     4238.000       356.38      0.08802880  -1313.11106678  -1313.02303798
      4239     4239.000       333.14      0.08228940  -1313.10932185  -1313.02703245
      4240     4240.000       335.68      0.08291627  -1313.10973400  -1313.02681773
      4241     4241.000       341.58      0.08437491  -1313.10987781  -1313.02550290
      4242     4242.000       368.12      0.09092920  -1313.11204599  -1313.02111679
      4243     4243.000       372.22      0.09194188  -1313.11235447  -1313.02041259
      4244     4244.000       345.58      0.08536205  -1313.11033022  -1313.02496817
      4245     4245.000       315.93      0.07803831  -1313.10825455  -1313.03021624
      4246     4246.000       298.78      0.07380110  -1313.10696826  -1313.03316716
      4247     4247.000       308.01      0.07608313  -1313.10769424  -1313.03161111
      4248     4248.000       326.33      0.08060639  -1313.10903045  -1313.02842406
      4249     4249.000       340.86      0.08419558  -1313.11008093  -1313.02588535
      4250     4250.000       349.92      0.08643419  -1313.11052320  -1313.02408901
      4251     4251.000       369.94      0.09138017  -1313.11215013  -1313.02076996
      4252     4252.000       378.28      0.09343972  -1313.11262277  -1313.01918306
      4253     4253.000       375.78      0.09282181  -1313.11253176  -1313.01970995
      4254     4254.000       355.89      0.08790913  -1313.11105966  -1313.02315053
      4255     4255.000       340.34      0.08406694  -1313.10976230  -1313.02569536
      4256     4256.000       357.14      0.08821797  -1313.11126344  -1313.02304547
      4257     4257.000       367.99      0.09089712  -1313.11179582  -1313.02089871
      4258     4258.000       377.08      0.09314391  -1313.11280193  -1313.01965803
      4259     4259.000       346.71      0.08564048  -1313.11035971  -1313.02471922
      4260     4260.000       317.53      0.07843352  -1313.10838427  -1313.02995075
      4261     4261.000       305.60      0.07548562  -1313.10744496  -1313.03195935
      4262     4262.000       315.05      0.07782200  -1313.10818801  -1313.03036601
      4263     4263.000       339.33      0.08381776  -1313.10995665  -1313.02613889
      4264     4264.000       358.77      0.08862116  -1313.11123231  -1313.02261115
      4265     4265.000       375.44      0.09273724  -1313.11251583  -1313.01977859
      4266     4266.000       374.53      0.09251421  -1313.11240084  -1313.01988663
      4267     4267.000       356.49      0.08805707  -1313.11120726  -1313.02315019
      4268     4268.000       328.51      0.08114487  -1313.10895876  -1313.02781390
      4269     4269.000       329.45      0.08137820  -1313.10924059  -1313.02786239
      4270     4270.000       344.60      0.08511957  -1313.11015067  -1313.02503110
      4271     4271.000       364.43      0.09001906  -1313.11188544  -1313.02186638
      4272     4272.000       347.20      0.08576330  -1313.11064602  -1313.02488272
      4273     4273.000       293.11      0.07240226  -1313.10653884  -1313.03413658
      4274     4274.000       266.42      0.06580827  -1313.10470875  -1313.03890048
      4275     4275.000       282.75      0.06984321  -1313.10578632  -1313.03594311
      4276     4276.000       339.08      0.08375692  -1313.10994000  -1313.02618309
      4277     4277.000       385.45      0.09521125  -1313.11344946  -1313.01823821
      4278     4278.000       374.41      0.09248445  -1313.11236252  -1313.01987806
      4279     4279.000       349.72      0.08638549  -1313.11062564  -1313.02424015
      4280     4280.000       326.60      0.08067280  -1313.10893553  -1313.02826272
      4281     4281.000       327.95      0.08100729  -1313.10900827  -1313.02800097
      4282     4282.000       339.72      0.08391548  -1313.11016094  -1313.02624546
      4283     4283.000       321.06      0.07930427  -1313.10866184  -1313.02935757
      4284     4284.000       295.93      0.07309813  -1313.10682018  -1313.03372205
      4285     4285.000       284.39      0.07024770  -1313.10602516  -1313.03577747
      4286     4286.000       295.04      0.07287838  -1313.10674888  -1313.03387050
      4287     4287.000       326.87      0.08074156  -1313.10904084  -1313.02829928
      4288     4288.000       351.59      0.08684611  -1313.11100355  -1313.02415745
      4289     4289.000       340.36      0.08407302  -1313.10987163  -1313.02579860
      4290     4290.000       331.64      0.08191792  -1313.10958105  -1313.02766313
      4291     4291.000       294.00      0.07262030  -1313.10662646  -1313.03400616
      4292     4292.000       278.90      0.06889181  -1313.10557891  -1313.03668710
      4293     4293.000       293.07      0.07239047  -1313.10679104  -1313.03440057
      4294     4294.000       305.17      0.07538153  -1313.10731885  -1313.03193732
      4295     4295.000       341.08      0.08424960  -1313.11032622  -1313.02607662
      4296     4296.000       334.83      0.08270754  -1313.10967416  -1313.02696662
      4297     4297.000       306.78      0.07577720  -1313.10757089  -1313.03179369
      4298     4298.000       291.88      0.07209809  -1313.10662292  -1313.03452483
      4299     4299.000       285.95      0.07063211  -1313.10607335  -1313.03544124
      4300     4300.000       308.22      0.07613304  -1313.10764582  -1313.03151278
      4301     4301.000       343.88      0.08494325  -1313.11051519  -1313.02557194
      4302     4302.000       342.55      0.08461384  -1313.10997537  -1313.02536153
      4303     4303.000       352.45      0.08705847  -1313.11085727  -1313.02379880
      4304     4304.000       361.57      0.08931211  -1313.11152796  -1313.02221585
      4305     4305.000       363.21      0.08971689  -1313.11134808  -1313.02163120
      4306     4306.000       385.08      0.09511911  -1313.11340493  -1313.01828582
      4307     4307.000       362.56      0.08955709  -1313.11152835  -1313.02197126
      4308     4308.000       332.41      0.08210969  -1313.10927394  -1313.02716425
      4309     4309.000       324.17      0.08007381  -1313.10901834  -1313.02894453
      4310     4310.000       313.16      0.07735391  -1313.10770594  -1313.03035203
      4311     4311.000       354.04      0.08745278  -1313.11104098  -1313.02358820
      4312     4312.000       385.42      0.09520303  -1313.11331875  -1313.01811572
      4313     4313.000       384.03      0.09486023  -1313.11289260  -1313.01803237
      4314     4314.000       384.77      0.09504214  -1313.11321677  -1313.01817462
      4315     4315.000       363.85      0.08987611  -1313.11151741  -1313.02164130
      4316     4316.000       360.68      0.08909261  -1313.11121571  -1313.02212310
      4317     4317.000       381.18      0.09415637  -1313.11303137  -1313.01887499
      4318     4318.000       370.37      0.09148611  -1313.11204532  -1313.02055921
      4319     4319.000       358.52      0.08855906  -1313.11116097  -1313.02260191
      4320     4320.000       348.83      0.08616388  -1313.11082827  -1313.02466439
      4321     4321.000       320.92      0.07927044  -1313.10815528  -1313.02888483
      4322     4322.000       345.30      0.08529182  -1313.11067827  -1313.02538645
      4323     4323.000       335.00      0.08274773  -1313.10956753  -1313.02681980
      4324     4324.000       323.05      0.07979715  -1313.10868375  -1313.02888660
      4325     4325.000       319.98      0.07903809  -1313.10885872  -1313.02982063
      4326     4326.000       287.17      0.07093518  -1313.10594285  -1313.03500768
      4327     4327.000       300.41      0.07420517  -1313.10728990  -1313.03308473
      4328     4328.000       319.14      0.07883065  -1313.10847597  -1313.02964532
      4329     4329.000       341.52      0.08435823  -1313.11000605  -1313.02564782
      4330     4330.000       377.06      0.09313719  -1313.11258580  -1313.01944861
      4331     4331.000       387.32      0.09567135  -1313.11350979  -1313.01783844
      4332     4332.000       362.96      0.08965411  -1313.11132599  -1313.02167188
      4333     4333.000       353.18      0.08724055  -1313.11112846  -1313.02388792
      4334     4334.000       320.05      0.07905690  -1313.10831017  -1313.02925327
      4335     4335.000       324.53      0.08016330  -1313.10878989  -1313.02862659
      4336     4336.000       344.35      0.08505923  -1313.11058739  -1313.02552816
      4337     4337.000       323.95      0.08002039  -1313.10857675  -1313.02855636
      4338     4338.000       321.90      0.07951380  -1313.10899644  -1313.02948264
      4339     4339.000       293.28      0.07244231  -1313.10650802  -1313.03406572
      4340     4340.000       292.06      0.07214095  -1313.10648908  -1313.03434812
      4341     4341.000       320.69      0.07921453  -1313.10880010  -1313.02958558
      4342     4342.000       327.91      0.08099668  -1313.10900942  -1313.02801274
      4343     4343.000       345.07      0.08523695  -1313.11040990  -1313.02517295
      4344     4344.000       351.20      0.08675155  -1313.11075681  -1313.02400526
      4345     4345.000       351.97      0.08694067  -1313.11072069  -1313.02378002
      4346     4346.000       359.06      0.08869153  -1313.11143211  -1313.02274057
      4347     4347.000       341.67      0.08439605  -1313.11011748  -1313.02572143
      4348     4348.000       315.19      0.07785526  -1313.10810910  -1313.03025384
      4349     4349.000       307.89      0.07605235  -1313.10782110  -1313.03176876
      4350     4350.000       299.90      0.07407877  -1313.10708808  -1313.03300931
      4351     4351.000       305.40      0.07543649  -1313.10751713  -1313.03208064
      4352     4352.000       312.44      0.07717640  -1313.10832546  -1313.03114907
      4353     4353.000       293.94      0.07260604  -1313.10641544  -1313.03380940
      4354     4354.000       313.59      0.07745978  -1313.10834588  -1313.03088610
      4355     4355.000       316.25      0.07811705  -1313.10822241  -1313.03010536
      4356     4356.000       329.11      0.08129391  -1313.10915939  -1313.02786548
      4357     4357.000       344.24      0.08503159  -1313.11047170  -1313.02544011
      4358     4358.000       338.03      0.08349609  -1313.10955603  -1313.02605994
      4359     4359.000       356.22      0.08799060  -1313.11136312  -1313.02337252
      4360     4360.000       343.03      0.08473216  -1313.11007628  -1313.02534413
      4361     4361.000       328.37      0.08111111  -1313.10921963  -1313.02810852
      4362     4362.000       311.32      0.07690012  -1313.10779946  -1313.03089934
      4363     4363.000       318.94      0.07878210  -1313.10840691  -1313.02962481
      4364     4364.000       352.97      0.08718704  -1313.11081178  -1313.02362474
      4365     4365.000       387.49      0.09571332  -1313.11351591  -1313.01780259
      4366     4366.000       377.47      0.09323861  -1313.11258753  -1313.01934892
      4367     4367.000       355.85      0.08789860  -1313.11096120  -1313.02306260
      4368     4368.000       346.13      0.08549746  -1313.11035540  -1313.02485794
      4369     4369.000       358.74      0.08861344  -1313.11098074  -1313.02236730
      4370     4370.000       400.06      0.09881835  -1313.11457397  -1313.01575562
      4371     4371.000       374.91      0.09260697  -1313.11236047  -1313.01975349
      4372     4372.000       331.16      0.08180055  -1313.10944346  -1313.02764291
      4373     4373.000       277.76      0.06860917  -1313.10553128  -1313.03692211
      4374     4374.000       256.68      0.06340275  -1313.10372504  -1313.04032228
      4375     4375.000       306.83      0.07579085  -1313.10787734  -1313.03208648
      4376     4376.000       344.33      0.08505420  -1313.11019098  -1313.02513678
      4377     4377.000       377.11      0.09315160  -1313.11265691  -1313.01950531
      4378     4378.000       384.36      0.09494089  -1313.11322516  -1313.01828427
      4379     4379.000       356.89      0.08815477  -1313.11099627  -1313.02284150
      4380     4380.000       341.97      0.08446942  -1313.11008725  -1313.02561784
      4381     4381.000       335.26      0.08281344  -1313.10962735  -1313.02681391
      4382     4382.000       332.41      0.08210845  -1313.10928274  -1313.02717428
      4383     4383.000       350.40      0.08655366  -1313.11080978  -1313.02425612
      4384     4384.000       344.00      0.08497243  -1313.11040762  -1313.02543519
      4385     4385.000       313.71      0.07748981  -1313.10794465  -1313.03045483
      4386     4386.000       299.01      0.07385841  -1313.10733651  -1313.03347810
      4387     4387.000       271.97      0.06717881  -1313.10482297  -1313.03764415
      4388     4388.000       304.35      0.07517912  -1313.10749401  -1313.03231490
      4389     4389.000       343.54      0.08485798  -1313.11041606  -1313.02555809
      4390     4390.000       360.43      0.08902907  -1313.11108931  -1313.02206025
      4391     4391.000       393.83      0.09727946  -1313.11408058  -1313.01680113
      4392     4392.000       387.20      0.09564362  -1313.11293902  -1313.01729540
      4393     4393.000       405.00      0.10003961  -1313.11455216  -1313.01451255
      4394     4394.000       412.24      0.10182794  -1313.11511131  -1313.01328338
      4395     4395.000       389.54      0.09621973  -1313.11333498  -1313.01711525
      4396     4396.000       371.42      0.09174416  -1313.11215683  -1313.02041266
      4397     4397.000       346.95      0.08570109  -1313.11053785  -1313.02483677
      4398     4398.000       318.01      0.07855115  -1313.10811078  -1313.02955963
      4399     4399.000       333.53      0.08238581  -1313.10968902  -1313.02730321
      4400     4400.000       329.38      0.08136069  -1313.10926868  -1313.02790799
      4401     4401.000       326.14      0.08055952  -1313.10876478  -1313.02820526
      4402     4402.000       342.21      0.08452974  -1313.11053398  -1313.02600424
      4403     4403.000       318.19      0.07859751  -1313.10798448  -1313.02938696
      4404     4404.000       349.85      0.08641609  -1313.11075507  -1313.02433898
      4405     4405.000       376.10      0.09290055  -1313.11256955  -1313.01966901
      4406     4406.000       385.64      0.09525743  -1313.11300154  -1313.01774411
      4407     4407.000       398.25      0.09837130  -1313.11431713  -1313.01594583
      4408     4408.000       362.18      0.08946244  -1313.11143589  -1313.02197345
      4409     4409.000       332.30      0.08208155  -1313.10925247  -1313.02717092
      4410     4410.000       334.94      0.08273309  -1313.10966825  -1313.02693516
      4411     4411.000       336.20      0.08304502  -1313.10957089  -1313.02652587
      4412     4412.000       354.02      0.08744699  -1313.11102655  -1313.02357955
      4413     4413.000       356.68      0.08810436  -1313.11130084  -1313.02319648
      4414     4414.000       333.49      0.08237681  -1313.10924247  -1313.02686566
      4415     4415.000       343.71      0.08489995  -1313.11037671  -1313.02547676
      4416     4416.000       342.91      0.08470257  -1313.11005708  -1313.02535451
      4417     4417.000       355.58      0.08783128  -1313.11097487  -1313.02314359
      4418     4418.000       370.65      0.09155435  -1313.11243797  -1313.02088362
      4419     4419.000       337.44      0.08335046  -1313.10954916  -1313.02619870
      4420     4420.000       326.02      0.08053106  -1313.10906318  -1313.02853213
      4421     4421.000       311.16      0.07686065  -1313.10799466  -1313.03113401
      4422     4422.000       304.58      0.07523380  -1313.10714361  -1313.03190982
      4423     4423.000       342.66      0.08464162  -1313.11045561  -1313.02581399
      4424     4424.000       350.78      0.08664700  -1313.11062014  -1313.02397314
      4425     4425.000       354.02      0.08744676  -1313.11103648  -1313.02358972
      4426     4426.000       340.94      0.08421579  -1313.11017760  -1313.02596181
      4427     4427.000       312.74      0.07725112  -1313.10784078  -1313.03058967
      4428     4428.000       316.73      0.07823496  -1313.10836431  -1313.03012935
      4429     4429.000       326.65      0.08068672  -1313.10915767  -1313.02847095
      4430     4430.000       322.03      0.07954415  -1313.10865189  -1313.02910775
      4431     4431.000       317.20      0.07835117  -1313.10854563  -1313.03019446
      4432     4432.000       288.51      0.07126567  -1313.10632423  -1313.03505857
      4433     4433.000       282.06      0.06967094  -1313.10566560  -1313.03599466
      4434     4434.000       312.11      0.07709389  -1313.10822972  -1313.03113583
      4435     4435.000       325.96      0.08051617  -1313.10879634  -1313.02828017
      4436     4436.000       351.63      0.08685620  -1313.11106245  -1313.02420625
      4437     4437.000       335.42      0.08285193  -1313.10958251  -1313.02673058
      4438     4438.000       325.61      0.08043027  -1313.10878560  -1313.02835533
      4439     4439.000       346.50      0.08558974  -1313.11050876  -1313.02491902
      4440     4440.000       360.94      0.08915635  -1313.11128857  -1313.02213222
      4441     4441.000       384.54      0.09498684  -1313.11320886  -1313.01822202
      4442     4442.000       384.59      0.09499839  -1313.11313234  -1313.01813395
      4443     4443.000       366.72      0.09058465  -1313.11167316  -1313.02108851
      4444     4444.000       365.41      0.09026139  -1313.11181170  -1313.02155031
      4445     4445.000       357.88      0.08840027  -1313.11114052  -1313.02274025
      4446     4446.000       359.37      0.08876963  -1313.11121165  -1313.02244202
      4447     4447.000       375.19      0.09267638  -1313.11253249  -1313.01985611
      4448     4448.000       372.68      0.09205497  -1313.11214356  -1313.02008859
      4449     4449.000       373.17      0.09217685  -1313.11235922  -1313.02018237
      4450     4450.000       357.62      0.08833669  -1313.11124561  -1313.02290891
      4451     4451.000       334.18      0.08254663  -1313.10928859  -1313.02674195
      4452     4452.000       350.42      0.08655675  -1313.11072859  -1313.02417185
      4453     4453.000       370.62      0.09154634  -1313.11215097  -1313.02060463
      4454     4454.000       382.38      0.09445154  -1313.11283064  -1313.01837909
      4455     4455.000       387.21      0.09564449  -1313.11357833  -1313.01793384
      4456     4456.000       355.95      0.08792276  -1313.11072059  -1313.02279782
      4457     4457.000       361.13      0.08920318  -1313.11146815  -1313.02226497
      4458     4458.000       371.32      0.09172128  -1313.11212838  -1313.02040711
      4459     4459.000       379.85      0.09382728  -1313.11272849  -1313.01890121
      4460     4460.000       376.32      0.09295618  -1313.11277659  -1313.01982041
      4461     4461.000       333.87      0.08246914  -1313.10931104  -1313.02684190
      4462     4462.000       319.51      0.07892139  -1313.10849868  -1313.02957729
      4463     4463.000       325.38      0.08037211  -1313.10887397  -1313.02850186
      4464     4464.000       341.40      0.08432862  -1313.11013192  -1313.02580330
      4465     4465.000       351.29      0.08677284  -1313.11078092  -1313.02400808
      4466     4466.000       340.03      0.08399214  -1313.11015384  -1313.02616171
      4467     4467.000       312.72      0.07724580  -1313.10774924  -1313.03050344
      4468     4468.000       326.31      0.08060175  -1313.10912001  -1313.02851827
      4469     4469.000       341.87      0.08444582  -1313.11000156  -1313.02555575
      4470     4470.000       372.32      0.09196649  -1313.11217463  -1313.02020814
      4471     4471.000       398.07      0.09832787  -1313.11435386  -1313.01602599
      4472     4472.000       374.23      0.09243802  -1313.11216103  -1313.01972301
      4473     4473.000       358.01      0.08843277  -1313.11140672  -1313.02297395
      4474     4474.000       323.90      0.08000795  -1313.10866423  -1313.02865628
      4475     4475.000       316.08      0.07807522  -1313.10815889  -1313.03008367
      4476     4476.000       345.03      0.08522749  -1313.11042425  -1313.02519676
      4477     4477.000       358.79      0.08862458  -1313.11130720  -1313.02268262
      4478     4478.000       357.98      0.08842485  -1313.11134726  -1313.02292241
      4479     4479.000       331.58      0.08190422  -1313.10947583  -1313.02757161
      4480     4480.000       296.29      0.07318711  -1313.10665913  -1313.03347202
      4481     4481.000       305.04      0.07534794  -1313.10749289  -1313.03214495
      4482     4482.000       333.61      0.08240439  -1313.10956931  -1313.02716492
      4483     4483.000       355.58      0.08783173  -1313.11110407  -1313.02327234
      4484     4484.000       358.47      0.08854695  -1313.11145541  -1313.02290846
      4485     4485.000       333.71      0.08243064  -1313.10937021  -1313.02693958
      4486     4486.000       333.93      0.08248354  -1313.10939618  -1313.02691264
      4487     4487.000       361.84      0.08937798  -1313.11168162  -1313.02230364
      4488     4488.000       369.28      0.09121691  -1313.11186588  -1313.02064897
      4489     4489.000       378.16      0.09341041  -1313.11290888  -1313.01949847
      4490     4490.000       347.42      0.08581599  -1313.11043042  -1313.02461442
      4491     4491.000       322.79      0.07973259  -1313.10854806  -1313.02881547
      4492     4492.000       336.31      0.08307250  -1313.10982151  -1313.02674901
      4493     4493.000       350.01      0.08645607  -1313.11048752  -1313.02403146
      4494     4494.000       382.84      0.09456624  -1313.11307633  -1313.01851009
      4495     4495.000       393.81      0.09727657  -1313.11381071  -1313.01653413
      4496     4496.000       378.15      0.09340766  -1313.11268290  -1313.01927523
      4497     4497.000       348.54      0.08609308  -1313.11050592  -1313.02441284
      4498     4498.000       323.38      0.07987937  -1313.10877995  -1313.02890058
      4499     4499.000       320.82      0.07924515  -1313.10835622  -1313.02911106
      4500     4500.000       358.78      0.08862234  -1313.11139548  -1313.02277315
      4501     4501.000       384.38      0.09494711  -1313.11311375  -1313.01816664
      4502     4502.000       388.91      0.09606427  -1313.11346809  -1313.01740381
      4503     4503.000       367.19      0.09069973  -1313.11194952  -1313.02124979
      4504     4504.000       337.94      0.08347576  -1313.10952670  -1313.02605094
      4505     4505.000       349.52      0.08633495  -1313.11077337  -1313.02443842
      4506     4506.000       354.33      0.08752322  -1313.11089286  -1313.02336964
      4507     4507.000       355.58      0.08783246  -1313.11125796  -1313.02342550
      4508     4508.000       326.12      0.08055468  -1313.10906346  -1313.02850879
      4509     4509.000       284.25      0.07021180  -1313.10594534  -1313.03573355
      4510     4510.000       274.15      0.06771897  -1313.10530397  -1313.03758500
      4511     4511.000       286.25      0.07070794  -1313.10624689  -1313.03553895
      4512     4512.000       301.49      0.07447124  -1313.10733514  -1313.03286391
      4513     4513.000       311.45      0.07693134  -1313.10808015  -1313.03114881
      4514     4514.000       304.31      0.07516786  -1313.10744586  -1313.03227800
      4515     4515.000       306.56      0.07572381  -1313.10755449  -1313.03183067
      4516     4516.000       326.66      0.08068990  -1313.10909620  -1313.02840630
      4517     4517.000       341.85      0.08444022  -1313.11007835  -1313.02563813
      4518     4518.000       353.30      0.08726881  -1313.11103163  -1313.02376281
      4519     4519.000       342.26      0.08454190  -1313.11021949  -1313.02567759
      4520     4520.000       319.80      0.07899369  -1313.10839822  -1313.02940453
      4521     4521.000       321.50      0.07941293  -1313.10872412  -1313.02931119
      4522     4522.000       330.47      0.08162916  -1313.10925298  -1313.02762382
      4523     4523.000       344.66      0.08513498  -1313.11035813  -1313.02522315
      4524     4524.000       344.25      0.08503252  -1313.11049495  -1313.02546244
      4525     4525.000       314.52      0.07768934  -1313.10804144  -1313.03035211
      4526     4526.000       301.75      0.07453550  -1313.10732411  -1313.03278861
      4527     4527.000       311.80      0.07701809  -1313.10773706  -1313.03071898
      4528     4528.000       364.20      0.08996058  -1313.11174040  -1313.02177982
      4529     4529.000       412.94      0.10200137  -1313.11511892  -1313.01311755
      4530     4530.000       431.71      0.10663820  -1313.11658666  -1313.00994846
      4531     4531.000       405.00      0.10004035  -1313.11450852  -1313.01446817
      4532     4532.000       361.14      0.08920569  -1313.11135667  -1313.02215098
      4533     4533.000       335.35      0.08283611  -1313.10948785  -1313.02665174
      4534     4534.000       346.68      0.08563454  -1313.11023137  -1313.02459683
      4535     4535.000       383.74      0.09478934  -1313.11322201  -1313.01843266
      4536     4536.000       397.17      0.09810584  -1313.11389056  -1313.01578472
      4537     4537.000       392.44      0.09693780  -1313.11385078  -1313.01691298
      4538     4538.000       356.49      0.08805814  -1313.11097555  -1313.02291741
      4539     4539.000       334.30      0.08257614  -1313.10952056  -1313.02694443
      4540     4540.000       334.22      0.08255492  -1313.10936566  -1313.02681073
      4541     4541.000       366.08      0.09042671  -1313.11180760  -1313.02138089
      4542     4542.000       397.18      0.09810739  -1313.11410762  -1313.01600023
      4543     4543.000       395.14      0.09760364  -1313.11383496  -1313.01623132
      4544     4544.000       367.06      0.09066747  -1313.11203444  -1313.02136697
      4545     4545.000       319.30      0.07887063  -1313.10825991  -1313.02938927
      4546     4546.000       306.32      0.07566550  -1313.10761056  -1313.03194506
      4547     4547.000       311.86      0.07703350  -1313.10793832  -1313.03090481
      4548     4548.000       327.17      0.08081385  -1313.10911460  -1313.02830075
      4549     4549.000       335.84      0.08295531  -1313.10981066  -1313.02685536
      4550     4550.000       326.17      0.08056709  -1313.10891723  -1313.02835014
      4551     4551.000       327.96      0.08101103  -1313.10906068  -1313.02804965
      4552     4552.000       344.71      0.08514824  -1313.11028723  -1313.02513900
      4553     4553.000       364.84      0.09011964  -1313.11173956  -1313.02161992
      4554     4554.000       373.97      0.09237405  -1313.11239180  -1313.02001774
      4555     4555.000       367.96      0.09088975  -1313.11194726  -1313.02105751
      4556     4556.000       355.59      0.08783375  -1313.11105076  -1313.02321701
      4557     4557.000       343.14      0.08475929  -1313.11017866  -1313.02541937
      4558     4558.000       327.37      0.08086409  -1313.10920439  -1313.02834030
      4559     4559.000       310.43      0.07667940  -1313.10771099  -1313.03103159
      4560     4560.000       318.46      0.07866223  -1313.10861599  -1313.02995376
      4561     4561.000       319.56      0.07893583  -1313.10842091  -1313.02948508
      4562     4562.000       337.78      0.08343610  -1313.10988074  -1313.02644464
      4563     4563.000       348.28      0.08602798  -1313.11058893  -1313.02456096
      4564     4564.000       359.32      0.08875558  -1313.11114847  -1313.02239290
      4565     4565.000       388.27      0.09590649  -1313.11353734  -1313.01763085
      4566     4566.000       391.96      0.09681896  -1313.11346504  -1313.01664608
      4567     4567.000       391.30      0.09665667  -1313.11374103  -1313.01708437
      4568     4568.000       368.08      0.09092036  -1313.11172839  -1313.02080804
      4569     4569.000       360.96      0.08916226  -1313.11143828  -1313.02227602
      4570     4570.000       361.65      0.08933246  -1313.11142864  -1313.02209618
      4571     4571.000       361.32      0.08925064  -1313.11156015  -1313.02230951
      4572     4572.000       342.54      0.08461026  -1313.11012973  -1313.02551947
      4573     4573.000       327.86      0.08098607  -1313.10902728  -1313.02804121
      4574     4574.000       331.40      0.08186046  -1313.10926619  -1313.02740573
      4575     4575.000       364.94      0.09014419  -1313.11155137  -1313.02140719
      4576     4576.000       413.27      0.10208156  -1313.11536093  -1313.01327938
      4577     4577.000       414.34      0.10234635  -1313.11507888  -1313.01273253
      4578     4578.000       400.70      0.09897842  -1313.11433534  -1313.01535692
      4579     4579.000       371.07      0.09165852  -1313.11194859  -1313.02029008
      4580     4580.000       367.49      0.09077411  -1313.11168134  -1313.02090723
      4581     4581.000       394.75      0.09750840  -1313.11388695  -1313.01637855
      4582     4582.000       410.77      0.10146494  -1313.11491600  -1313.01345105
      4583     4583.000       406.81      0.10048758  -1313.11472345  -1313.01423587
      4584     4584.000       380.99      0.09410873  -1313.11279047  -1313.01868174
      4585     4585.000       352.71      0.08712343  -1313.11084435  -1313.02372092
      4586     4586.000       329.16      0.08130689  -1313.10912853  -1313.02782164
      4587     4587.000       325.99      0.08052412  -1313.10892037  -1313.02839624
      4588     4588.000       340.58      0.08412666  -1313.11000573  -1313.02587908
      4589     4589.000       359.42      0.08878013  -1313.11129509  -1313.02251496
      4590     4590.000       375.28      0.09269907  -1313.11258983  -1313.01989076
      4591     4591.000       362.65      0.08957819  -1313.11158961  -1313.02201142
      4592     4592.000       332.43      0.08211337  -1313.10940240  -1313.02728904
      4593     4593.000       312.09      0.07708929  -1313.10792332  -1313.03083403
      4594     4594.000       311.07      0.07683784  -1313.10793205  -1313.03109420
      4595     4595.000       318.01      0.07855103  -1313.10842735  -1313.02987631
      4596     4596.000       326.97      0.08076536  -1313.10916053  -1313.02839517
      4597     4597.000       316.78      0.07824846  -1313.10838799  -1313.03013952
      4598     4598.000       309.67      0.07649186  -1313.10760835  -1313.03111650
      4599     4599.000       338.78      0.08368314  -1313.11004404  -1313.02636090
      4600     4600.000       356.06      0.08795019  -1313.11095382  -1313.02300363
      4601     4601.000       374.24      0.09244183  -1313.11267286  -1313.02023103
      4602     4602.000       345.70      0.08539134  -1313.11039495  -1313.02500360
      4603     4603.000       306.96      0.07582149  -1313.10741022  -1313.03158873
      4604     4604.000       311.28      0.07689071  -1313.10799820  -1313.03110749
      4605     4605.000       331.36      0.08184867  -1313.10917879  -1313.02733012
      4606     4606.000       376.74      0.09306021  -1313.11260273  -1313.01954252
      4607     4607.000       403.19      0.09959204  -1313.11461528  -1313.01502324
      4608     4608.000       384.15      0.09488956  -1313.11295199  -1313.01806243
      4609     4609.000       369.13      0.09117866  -1313.11189602  -1313.02071736
      4610     4610.000       368.23      0.09095685  -1313.11195772  -1313.02100088
      4611     4611.000       377.41      0.09322455  -1313.11222331  -1313.01899876
      4612     4612.000       424.69      0.10490426  -1313.11613034  -1313.01122607
      4613     4613.000       433.51      0.10708185  -1313.11646235  -1313.00938050
      4614     4614.000       427.85      0.10568408  -1313.11597268  -1313.01028860
      4615     4615.000       424.62      0.10488649  -1313.11606772  -1313.01118124
      4616     4616.000       395.61      0.09771969  -1313.11351023  -1313.01579054
      4617     4617.000       401.72      0.09922845  -1313.11435928  -1313.01513082
      4618     4618.000       389.50      0.09621092  -1313.11359270  -1313.01738177
      4619     4619.000       355.52      0.08781809  -1313.11074193  -1313.02292384
      4620     4620.000       353.70      0.08736833  -1313.11109513  -1313.02372681
      4621     4621.000       340.08      0.08400261  -1313.10978771  -1313.02578509
      4622     4622.000       359.17      0.08871886  -1313.11115825  -1313.02243939
      4623     4623.000       392.94      0.09706082  -1313.11399093  -1313.01693011
      4624     4624.000       378.50      0.09349406  -1313.11251649  -1313.01902243
      4625     4625.000       370.14      0.09142943  -1313.11214785  -1313.02071842
      4626     4626.000       350.63      0.08660900  -1313.11080414  -1313.02419514
      4627     4627.000       321.93      0.07952149  -1313.10839910  -1313.02887761
      4628     4628.000       342.64      0.08463517  -1313.11023421  -1313.02559903
      4629     4629.000       357.16      0.08822307  -1313.11122582  -1313.02300276
      4630     4630.000       368.04      0.09090910  -1313.11172137  -1313.02081227
      4631     4631.000       390.03      0.09634076  -1313.11390896  -1313.01756820
      4632     4632.000       354.18      0.08748700  -1313.11060218  -1313.02311518
      4633     4633.000       353.22      0.08724912  -1313.11097553  -1313.02372641
      4634     4634.000       347.14      0.08574783  -1313.11053282  -1313.02478499
      4635     4635.000       339.86      0.08394903  -1313.10962781  -1313.02567877
      4636     4636.000       369.44      0.09125583  -1313.11238230  -1313.02112647
      4637     4637.000       355.55      0.08782598  -1313.11090008  -1313.02307410
      4638     4638.000       349.13      0.08623977  -1313.11062452  -1313.02438475
      4639     4639.000       348.37      0.08605136  -1313.11056738  -1313.02451602
      4640     4640.000       341.20      0.08428111  -1313.10995600  -1313.02567489
      4641     4641.000       350.85      0.08666339  -1313.11069102  -1313.02402763
      4642     4642.000       358.76      0.08861823  -1313.11156271  -1313.02294448
      4643     4643.000       329.95      0.08150088  -1313.10893821  -1313.02743733
      4644     4644.000       335.29      0.08282137  -1313.10980062  -1313.02697925
      4645     4645.000       332.12      0.08203822  -1313.10936695  -1313.02732873
      4646     4646.000       341.45      0.08434238  -1313.10982805  -1313.02548567
      4647     4647.000       371.62      0.09179463  -1313.11263401  -1313.02083937
      4648     4648.000       347.74      0.08589678  -1313.11015947  -1313.02426269
      4649     4649.000       349.98      0.08644919  -1313.11082750  -1313.02437830
      4650     4650.000       343.14      0.08476014  -1313.11012008  -1313.02535993
      4651     4651.000       346.32      0.08554518  -1313.11024150  -1313.02469632
      4652     4652.000       369.54      0.09127972  -1313.11223838  -1313.02095866
      4653     4653.000       365.51      0.09028430  -1313.11167327  -1313.02138896
      4654     4654.000       364.52      0.09004166  -1313.11163738  -1313.02159572
      4655     4655.000       367.74      0.09083648  -1313.11195527  -1313.02111879
      4656     4656.000       362.17      0.08945956  -1313.11147120  -1313.02201165
      4657     4657.000       367.06      0.09066801  -1313.11170481  -1313.02103680
      4658     4658.000       384.41      0.09495291  -1313.11323410  -1313.01828118
      4659     4659.000       386.80      0.09554506  -1313.11301740  -1313.01747234
      4660     4660.000       406.87      0.10050061  -1313.11474700  -1313.01424639
      4661     4661.000       402.39      0.09939450  -1313.11449033  -1313.01509583
      4662     4662.000       377.11      0.09315030  -1313.11221080  -1313.01906049
      4663     4663.000       383.86      0.09481665  -1313.11324978  -1313.01843313
      4664     4664.000       374.74      0.09256617  -1313.11215544  -1313.01958927
      4665     4665.000       382.58      0.09450116  -1313.11317536  -1313.01867420
      4666     4666.000       356.02      0.08794031  -1313.11109389  -1313.02315358
      4667     4667.000       318.76      0.07873638  -1313.10836244  -1313.02962606
      4668     4668.000       312.16      0.07710692  -1313.10798379  -1313.03087687
      4669     4669.000       326.83      0.08072992  -1313.10888020  -1313.02815028
      4670     4670.000       360.70      0.08909662  -1313.11167300  -1313.02257638
      4671     4671.000       360.61      0.08907501  -1313.11137228  -1313.02229728
      4672     4672.000       337.77      0.08343317  -1313.11003090  -1313.02659773
      4673     4673.000       294.57      0.07276172  -1313.10651585  -1313.03375414
      4674     4674.000       290.11      0.07166073  -1313.10653590  -1313.03487517
      4675     4675.000       301.04      0.07435920  -1313.10715243  -1313.03279323
      4676     4676.000       326.27      0.08059325  -1313.10911074  -1313.02851749
      4677     4677.000       338.98      0.08373168  -1313.10999687  -1313.02626518
      4678     4678.000       328.51      0.08114616  -1313.10917840  -1313.02803224
      4679     4679.000       309.80      0.07652474  -1313.10803568  -1313.03151094
      4680     4680.000       276.47      0.06829088  -1313.10534219  -1313.03705131
      4681     4681.000       269.37      0.06653659  -1313.10517212  -1313.03863553
      4682     4682.000       275.78      0.06812112  -1313.10521130  -1313.03709018
      4683     4683.000       324.33      0.08011349  -1313.10900983  -1313.02889634
      4684     4684.000       363.67      0.08983144  -1313.11172280  -1313.02189136
      4685     4685.000       381.17      0.09415275  -1313.11288997  -1313.01873722
      4686     4686.000       377.53      0.09325406  -1313.11270668  -1313.01945262
      4687     4687.000       352.33      0.08702897  -1313.11064758  -1313.02361861
      4688     4688.000       351.78      0.08689442  -1313.11078805  -1313.02389364
      4689     4689.000       358.27      0.08849754  -1313.11113931  -1313.02264177
      4690     4690.000       378.24      0.09343025  -1313.11264689  -1313.01921663
      4691     4691.000       397.20      0.09811239  -1313.11403960  -1313.01592720
      4692     4692.000       394.56      0.09746024  -1313.11378106  -1313.01632081
      4693     4693.000       379.78      0.09381062  -1313.11280733  -1313.01899671
      4694     4694.000       355.21      0.08774142  -1313.11099970  -1313.02325828
      4695     4695.000       335.71      0.08292309  -1313.10956730  -1313.02664421
      4696     4696.000       338.44      0.08359774  -1313.10977565  -1313.02617791
      4697     4697.000       359.04      0.08868603  -1313.11132492  -1313.02263889
      4698     4698.000       377.64      0.09328065  -1313.11250966  -1313.01922901
      4699     4699.000       403.72      0.09972413  -1313.11454799  -1313.01482386
      4700     4700.000       398.60      0.09845828  -1313.11416995  -1313.01571167
      4701     4701.000       371.77      0.09183086  -1313.11202456  -1313.02019370
      4702     4702.000       358.24      0.08848974  -1313.11147883  -1313.02298909
      4703     4703.000       323.13      0.07981611  -1313.10850519  -1313.02868908
      4704     4704.000       321.62      0.07944466  -1313.10877540  -1313.02933074
      4705     4705.000       325.50      0.08040159  -1313.10892166  -1313.02852008
      4706     4706.000       337.04      0.08325254  -1313.10973859  -1313.02648605
      4707     4707.000       342.85      0.08468821  -1313.11041752  -1313.02572931
      4708     4708.000       314.63      0.07771704  -1313.10816195  -1313.03044491
      4709     4709.000       288.81      0.07133831  -1313.10629627  -1313.03495796
      4710     4710.000       291.84      0.07208886  -1313.10649260  -1313.03440374
      4711     4711.000       323.28      0.07985397  -1313.10885709  -1313.02900312
      4712     4712.000       355.66      0.08785130  -1313.11101789  -1313.02316659
      4713     4713.000       375.22      0.09268355  -1313.11280705  -1313.02012350
      4714     4714.000       340.56      0.08412095  -1313.10978736  -1313.02566641
      4715     4715.000       327.11      0.08079904  -1313.10909946  -1313.02830042
      4716     4716.000       320.53      0.07917561  -1313.10861175  -1313.02943613
      4717     4717.000       324.56      0.08017029  -1313.10873905  -1313.02856876
      4718     4718.000       345.74      0.08540061  -1313.11061518  -1313.02521457
      4719     4719.000       337.36      0.08333062  -1313.10968495  -1313.02635433
      4720     4720.000       340.08      0.08400300  -1313.10998896  -1313.02598597
      4721     4721.000       342.19      0.08452515  -1313.11018733  -1313.02566218
      4722     4722.000       334.71      0.08267816  -1313.10959716  -1313.02691900
      4723     4723.000       330.50      0.08163679  -1313.10923628  -1313.02759949
      4724     4724.000       335.19      0.08279667  -1313.10975312  -1313.02695645
      4725     4725.000       334.26      0.08256683  -1313.10937754  -1313.02681071
      4726     4726.000       357.79      0.08837933  -1313.11125018  -1313.02287085
      4727     4727.000       372.56      0.09202599  -1313.11239341  -1313.02036741
      4728     4728.000       368.64      0.09105911  -1313.11171984  -1313.02066073
      4729     4729.000       388.18      0.09588439  -1313.11353860  -1313.01765421
      4730     4730.000       378.20      0.09342059  -1313.11250549  -1313.01908490
      4731     4731.000       377.94      0.09335599  -1313.11258047  -1313.01922448
      4732     4732.000       376.83      0.09308097  -1313.11270214  -1313.01962117
      4733     4733.000       358.47      0.08854528  -1313.11091771  -1313.02237243
      4734     4734.000       382.56      0.09449763  -1313.11309985  -1313.01860222
      4735     4735.000       392.40      0.09692708  -1313.11358414  -1313.01665706
      4736     4736.000       398.26      0.09837593  -1313.11402468  -1313.01564876
      4737     4737.000       402.45      0.09940894  -1313.11437307  -1313.01496413
      4738     4738.000       389.66      0.09624983  -1313.11348105  -1313.01723123
      4739     4739.000       377.83      0.09332759  -1313.11234310  -1313.01901551
      4740     4740.000       395.69      0.09774026  -1313.11410456  -1313.01636429
      4741     4741.000       383.76      0.09479404  -1313.11290259  -1313.01810855
      4742     4742.000       386.55      0.09548212  -1313.11303724  -1313.01755512
      4743     4743.000       406.07      0.10030415  -1313.11493114  -1313.01462698
      4744     4744.000       388.84      0.09604787  -1313.11283871  -1313.01679084
      4745     4745.000       424.58      0.10487613  -1313.11623961  -1313.01136348
      4746     4746.000       418.17      0.10329287  -1313.11527130  -1313.01197844
      4747     4747.000       409.96      0.10126436  -1313.11481031  -1313.01354596
      4748     4748.000       402.84      0.09950493  -1313.11459735  -1313.01509242
      4749     4749.000       352.78      0.08714088  -1313.11074596  -1313.02360508
      4750     4750.000       318.96      0.07878726  -1313.10840379  -1313.02961654
      4751     4751.000       311.36      0.07690824  -1313.10793438  -1313.03102614
      4752     4752.000       325.53      0.08040866  -1313.10876663  -1313.02835797
      4753     4753.000       374.68      0.09255043  -1313.11239854  -1313.01984812
      4754     4754.000       409.50      0.10115185  -1313.11523825  -1313.01408640
      4755     4755.000       384.24      0.09491060  -1313.11271177  -1313.01780118
      4756     4756.000       381.11      0.09413892  -1313.11315782  -1313.01901889
      4757     4757.000       350.42      0.08655663  -1313.11044896  -1313.02389233
      4758     4758.000       353.06      0.08720905  -1313.11065253  -1313.02344348
      4759     4759.000       390.38      0.09642936  -1313.11382555  -1313.01739619
      4760     4760.000       381.39      0.09420804  -1313.11255475  -1313.01834670
      4761     4761.000       398.66      0.09847301  -1313.11423693  -1313.01576392
      4762     4762.000       394.75      0.09750850  -1313.11382115  -1313.01631265
      4763     4763.000       378.74      0.09355254  -1313.11247191  -1313.01891938
      4764     4764.000       381.16      0.09415060  -1313.11310984  -1313.01895923
      4765     4765.000       349.63      0.08636179  -1313.11052417  -1313.02416237
      4766     4766.000       339.04      0.08374634  -1313.10966497  -1313.02591863
      4767     4767.000       367.60      0.09080083  -1313.11200067  -1313.02119984
      4768     4768.000       394.67      0.09748801  -1313.11362857  -1313.01614056
      4769     4769.000       433.33      0.10703629  -1313.11649440  -1313.00945811
      4770     4770.000       455.69      0.11256097  -1313.11831950  -1313.00575853
      4771     4771.000       430.07      0.10623199  -1313.11601118  -1313.00977918
      4772     4772.000       419.79      0.10369273  -1313.11564984  -1313.01195711
      4773     4773.000       394.10      0.09734604  -1313.11374235  -1313.01639631
      4774     4774.000       372.50      0.09201289  -1313.11187082  -1313.01985794
      4775     4775.000       395.82      0.09777142  -1313.11414931  -1313.01637789
      4776     4776.000       392.12      0.09685863  -1313.11331158  -1313.01645296
      4777     4777.000       415.44      0.10261819  -1313.11536570  -1313.01274752
      4778     4778.000       418.43      0.10335652  -1313.11552325  -1313.01216674
      4779     4779.000       405.71      0.10021583  -1313.11436753  -1313.01415170
      4780     4780.000       413.13      0.10204752  -1313.11512053  -1313.01307301
      4781     4781.000       415.78      0.10270342  -1313.11516026  -1313.01245683
      4782     4782.000       428.42      0.10582529  -1313.11611625  -1313.01029096
      4783     4783.000       434.91      0.10742806  -1313.11666806  -1313.00924000
      4784     4784.000       418.98      0.10349269  -1313.11548938  -1313.01199669
      4785     4785.000       402.25      0.09936037  -1313.11407030  -1313.01470993
      4786     4786.000       409.45      0.10113991  -1313.11492909  -1313.01378917
      4787     4787.000       407.67      0.10069979  -1313.11448827  -1313.01378848
      4788     4788.000       423.10      0.10450957  -1313.11592666  -1313.01141709
      4789     4789.000       409.40      0.10112594  -1313.11478687  -1313.01366092
      4790     4790.000       388.01      0.09584369  -1313.11319900  -1313.01735531
      4791     4791.000       382.14      0.09439273  -1313.11299792  -1313.01860518
      4792     4792.000       367.02      0.09065761  -1313.11168725  -1313.02102964
      4793     4793.000       371.18      0.09168626  -1313.11222744  -1313.02054119
      4794     4794.000       368.09      0.09092155  -1313.11194244  -1313.02102090
      4795     4795.000       358.34      0.08851392  -1313.11125118  -1313.02273726
      4796     4796.000       347.45      0.08582407  -1313.11056803  -1313.02474396
      4797     4797.000       328.82      0.08122300  -1313.10915178  -1313.02792878
      4798     4798.000       316.10      0.07808098  -1313.10832110  -1313.03024013
      4799     4799.000       318.53      0.07867995  -1313.10832978  -1313.02964983
      4800     4800.000       348.51      0.08608615  -1313.11056139  -1313.02447523
      4801     4801.000       381.28      0.09418151  -1313.11291173  -1313.01873023
      4802     4802.000       399.07      0.09857369  -1313.11421231  -1313.01563861
      4803     4803.000       386.68      0.09551384  -1313.11330414  -1313.01779030
      4804     4804.000       353.58      0.08733853  -1313.11086272  -1313.02352418
      4805     4805.000       332.44      0.08211723  -1313.10935607  -1313.02723884
      4806     4806.000       334.38      0.08259470  -1313.10950386  -1313.02690916
      4807     4807.000       347.96      0.08594883  -1313.11062913  -1313.02468030
      4808     4808.000       358.64      0.08858893  -1313.11109480  -1313.02250587
      4809     4809.000       380.28      0.09393311  -1313.11300030  -1313.01906718
      4810     4810.000       377.90      0.09334538  -1313.11244516  -1313.01909978
      4811     4811.000       388.56      0.09597943  -1313.11350303  -1313.01752360
      4812     4812.000       377.10      0.09314841  -1313.11257227  -1313.01942386
      4813     4813.000       364.74      0.09009447  -1313.11145287  -1313.02135841
      4814     4814.000       385.09      0.09512191  -1313.11333032  -1313.01820841
      4815     4815.000       387.60      0.09574131  -1313.11301185  -1313.01727054
      4816     4816.000       415.88      0.10272667  -1313.11542442  -1313.01269775
      4817     4817.000       425.21      0.10503056  -1313.11590101  -1313.01087044
      4818     4818.000       416.39      0.10285246  -1313.11529214  -1313.01243968
      4819     4819.000       404.04      0.09980239  -1313.11441211  -1313.01460972
      4820     4820.000       384.84      0.09506011  -1313.11316474  -1313.01810463
      4821     4821.000       363.85      0.08987413  -1313.11135010  -1313.02147597
      4822     4822.000       381.18      0.09415584  -1313.11298386  -1313.01882803
      4823     4823.000       384.76      0.09503981  -1313.11307279  -1313.01803299
      4824     4824.000       389.76      0.09627497  -1313.11326557  -1313.01699059
      4825     4825.000       407.63      0.10068961  -1313.11509291  -1313.01440331
      4826     4826.000       375.97      0.09286823  -1313.11207010  -1313.01920188
      4827     4827.000       379.85      0.09382718  -1313.11298064  -1313.01915346
      4828     4828.000       363.04      0.08967530  -1313.11161582  -1313.02194052
      4829     4829.000       338.30      0.08356408  -1313.10962315  -1313.02605907
      4830     4830.000       339.83      0.08394300  -1313.11025488  -1313.02631189
      4831     4831.000       315.47      0.07792433  -1313.10803713  -1313.03011281
      4832     4832.000       326.83      0.08073089  -1313.10893695  -1313.02820605
      4833     4833.000       360.18      0.08896771  -1313.11158093  -1313.02261323
      4834     4834.000       370.02      0.09139870  -1313.11196649  -1313.02056779
      4835     4835.000       385.46      0.09521254  -1313.11315808  -1313.01794554
      4836     4836.000       389.77      0.09627824  -1313.11365457  -1313.01737633
      4837     4837.000       368.37      0.09099154  -1313.11166815  -1313.02067661
      4838     4838.000       375.49      0.09274911  -1313.11263097  -1313.01988186
      4839     4839.000       359.30      0.08875215  -1313.11139156  -1313.02263941
      4840     4840.000       337.40      0.08334082  -1313.10946969  -1313.02612887
      4841     4841.000       351.80      0.08689830  -1313.11115087  -1313.02425257
      4842     4842.000       330.29      0.08158578  -1313.10903085  -1313.02744507
      4843     4843.000       339.44      0.08384554  -1313.11006393  -1313.02621839
      4844     4844.000       331.99      0.08200491  -1313.10958421  -1313.02757929
      4845     4845.000       312.65      0.07722835  -1313.10768230  -1313.03045395
      4846     4846.000       344.29      0.08504303  -1313.11053203  -1313.02548900
      4847     4847.000       353.15      0.08723229  -1313.11078108  -1313.02354879
      4848     4848.000       370.43      0.09150055  -1313.11213306  -1313.02063251
      4849     4849.000       378.90      0.09359267  -1313.11281816  -1313.01922549
      4850     4850.000       364.72      0.09009084  -1313.11156427  -1313.02147343
      4851     4851.000       372.73      0.09206816  -1313.11216087  -1313.02009271
      4852     4852.000       390.27      0.09640199  -1313.11376972  -1313.01736773
      4853     4853.000       365.32      0.09023743  -1313.11156590  -1313.02132847
      4854     4854.000       356.66      0.08809796  -1313.11125868  -1313.02316072
      4855     4855.000       338.27      0.08355529  -1313.10978054  -1313.02622525
      4856     4856.000       345.04      0.08522814  -1313.10991785  -1313.02468971
      4857     4857.000       408.92      0.10100905  -1313.11520489  -1313.01419583
      4858     4858.000       417.09      0.10302691  -1313.11524283  -1313.01221591
      4859     4859.000       414.57      0.10240332  -1313.11534537  -1313.01294205
      4860     4860.000       380.15      0.09390193  -1313.11281541  -1313.01891348
      4861     4861.000       344.50      0.08509614  -1313.10990680  -1313.02481066
      4862     4862.000       367.11      0.09067934  -1313.11194710  -1313.02126776
      4863     4863.000       389.54      0.09621962  -1313.11338816  -1313.01716854
      4864     4864.000       406.75      0.10047067  -1313.11462011  -1313.01414945
      4865     4865.000       412.32      0.10184828  -1313.11521573  -1313.01336745
      4866     4866.000       382.95      0.09459251  -1313.11285168  -1313.01825917
      4867     4867.000       362.27      0.08948357  -1313.11144935  -1313.02196578
      4868     4868.000       357.92      0.08840931  -1313.11127713  -1313.02286782
      4869     4869.000       356.63      0.08809168  -1313.11086726  -1313.02277558
      4870     4870.000       389.32      0.09616635  -1313.11357857  -1313.01741222
      4871     4871.000       398.25      0.09837199  -1313.11411200  -1313.01574001
      4872     4872.000       386.43      0.09545369  -1313.11307146  -1313.01761777
      4873     4873.000       381.32      0.09419099  -1313.11304481  -1313.01885382
      4874     4874.000       357.24      0.08824163  -1313.11094878  -1313.02270714
      4875     4875.000       361.17      0.08921289  -1313.11148263  -1313.02226974
      4876     4876.000       357.67      0.08834854  -1313.11142774  -1313.02307921
      4877     4877.000       324.94      0.08026421  -1313.10875603  -1313.02849182
      4878     4878.000       309.89      0.07654720  -1313.10795269  -1313.03140548
      4879     4879.000       300.47      0.07422011  -1313.10704971  -1313.03282960
      4880     4880.000       320.68      0.07921118  -1313.10862300  -1313.02941182
      4881     4881.000       347.41      0.08581535  -1313.11061322  -1313.02479787
      4882     4882.000       351.75      0.08688585  -1313.11088100  -1313.02399515
      4883     4883.000       340.32      0.08406220  -1313.10996478  -1313.02590258
      4884     4884.000       326.60      0.08067303  -1313.10914323  -1313.02847020
      4885     4885.000       310.99      0.07681825  -1313.10780714  -1313.03098889
      4886     4886.000       314.26      0.07762569  -1313.10833281  -1313.03070712
      4887     4887.000       305.26      0.07540172  -1313.10752228  -1313.03212056
      4888     4888.000       305.64      0.07549763  -1313.10756598  -1313.03206835
      4889     4889.000       313.88      0.07753230  -1313.10825150  -1313.03071920
      4890     4890.000       318.69      0.07871882  -1313.10826440  -1313.02954557
      4891     4891.000       353.24      0.08725546  -1313.11118222  -1313.02392677
      4892     4892.000       357.04      0.08819296  -1313.11108015  -1313.02288719
      4893     4893.000       358.58      0.08857298  -1313.11134472  -1313.02277174
      4894     4894.000       355.14      0.08772236  -1313.11112122  -1313.02339886
      4895     4895.000       338.11      0.08351626  -1313.10967137  -1313.02615511
      4896     4896.000       347.59      0.08585798  -1313.11049285  -1313.02463487
      4897     4897.000       359.40      0.08877610  -1313.11146768  -1313.02269158
      4898     4898.000       358.83      0.08863524  -1313.11109618  -1313.02246094
      4899     4899.000       374.59      0.09252675  -1313.11255855  -1313.02003180
      4900     4900.000       368.55      0.09103605  -1313.11195566  -1313.02091961
      4901     4901.000       363.10      0.08968904  -1313.11137314  -1313.02168410
      4902     4902.000       374.96      0.09261827  -1313.11272211  -1313.02010384
      4903     4903.000       355.31      0.08776653  -1313.11076461  -1313.02299808
      4904     4904.000       362.36      0.08950751  -1313.11155369  -1313.02204618
      4905     4905.000       375.21      0.09268112  -1313.11244775  -1313.01976663
      4906     4906.000       387.81      0.09579454  -1313.11304756  -1313.01725302
      4907     4907.000       426.18      0.10527136  -1313.11623698  -1313.01096562
      4908     4908.000       416.25      0.10281813  -1313.11541156  -1313.01259343
      4909     4909.000       378.65      0.09353142  -1313.11250188  -1313.01897046
      4910     4910.000       354.86      0.08765500  -1313.11117420  -1313.02351920
      4911     4911.000       322.56      0.07967624  -1313.10846998  -1313.02879374
      4912     4912.000       336.62      0.08315005  -1313.10975455  -1313.02660451
      4913     4913.000       348.07      0.08597845  -1313.11076937  -1313.02479092
      4914     4914.000       331.46      0.08187336  -1313.10922869  -1313.02735533
      4915     4915.000       332.04      0.08201716  -1313.10948203  -1313.02746487
      4916     4916.000       329.04      0.08127584  -1313.10918835  -1313.02791251
      4917     4917.000       333.95      0.08249012  -1313.10944125  -1313.02695113
      4918     4918.000       352.12      0.08697695  -1313.11105150  -1313.02407455
      4919     4919.000       337.62      0.08339601  -1313.10973374  -1313.02633773
      4920     4920.000       332.58      0.08215128  -1313.10935616  -1313.02720488
      4921     4921.000       340.90      0.08420634  -1313.11027575  -1313.02606941
      4922     4922.000       321.13      0.07932287  -1313.10841943  -1313.02909656
      4923     4923.000       323.59      0.07992989  -1313.10908264  -1313.02915274
      4924     4924.000       298.61      0.07375913  -1313.10700458  -1313.03324546
      4925     4925.000       295.77      0.07305875  -1313.10661952  -1313.03356077
      4926     4926.000       341.93      0.08446090  -1313.11032701  -1313.02586611
      4927     4927.000       365.74      0.09034308  -1313.11174932  -1313.02140624
      4928     4928.000       379.46      0.09372998  -1313.11287839  -1313.01914841
      4929     4929.000       364.26      0.08997534  -1313.11179148  -1313.02181614
      4930     4930.000       330.29      0.08158615  -1313.10908321  -1313.02749707
      4931     4931.000       331.26      0.08182424  -1313.10932863  -1313.02750439
      4932     4932.000       349.75      0.08639099  -1313.11068738  -1313.02429638
      4933     4933.000       362.86      0.08963016  -1313.11155570  -1313.02192555
      4934     4934.000       376.36      0.09296508  -1313.11258720  -1313.01962212
      4935     4935.000       372.41      0.09198887  -1313.11225732  -1313.02026845
      4936     4936.000       363.49      0.08978504  -1313.11147057  -1313.02168553
      4937     4937.000       364.85      0.09012282  -1313.11189806  -1313.02177523
      4938     4938.000       346.37      0.08555743  -1313.11018579  -1313.02462836
      4939     4939.000       354.40      0.08753986  -1313.11097475  -1313.02343489
      4940     4940.000       368.47      0.09101728  -1313.11199267  -1313.02097538
      4941     4941.000       379.58      0.09376034  -1313.11258776  -1313.01882742
      4942     4942.000       397.59      0.09820944  -1313.11425240  -1313.01604296
      4943     4943.000       383.58      0.09474838  -1313.11276449  -1313.01801611
      4944     4944.000       388.74      0.09602288  -1313.11340251  -1313.01737964
      4945     4945.000       401.41      0.09915359  -1313.11413895  -1313.01498537
      4946     4946.000       419.65      0.10365793  -1313.11565885  -1313.01200092
      4947     4947.000       413.51      0.10214257  -1313.11516139  -1313.01301883
      4948     4948.000       383.44      0.09471289  -1313.11303932  -1313.01832644
      4949     4949.000       348.30      0.08603336  -1313.11041167  -1313.02437831
      4950     4950.000       339.91      0.08396135  -1313.10979232  -1313.02583097
      4951     4951.000       362.70      0.08959079  -1313.11169147  -1313.02210068
      4952     4952.000       380.36      0.09395219  -1313.11259481  -1313.01864262
      4953     4953.000       399.73      0.09873870  -1313.11451550  -1313.01577680
      4954     4954.000       374.57      0.09252231  -1313.11216986  -1313.01964755
      4955     4955.000       359.89      0.08889645  -1313.11146793  -1313.02257148
      4956     4956.000       339.97      0.08397618  -1313.10987336  -1313.02589718
      4957     4957.000       332.63      0.08216401  -1313.10941775  -1313.02725374
      4958     4958.000       339.52      0.08386630  -1313.10997440  -1313.02610810
      4959     4959.000       345.08      0.08523979  -1313.11025876  -1313.02501897
      4960     4960.000       355.21      0.08774079  -1313.11116267  -1313.02342188
      4961     4961.000       356.05      0.08794810  -1313.11086540  -1313.02291730
      4962     4962.000       373.06      0.09214904  -1313.11252201  -1313.02037297
      4963     4963.000       369.35      0.09123378  -1313.11185993  -1313.02062614
      4964     4964.000       369.31      0.09122457  -1313.11219271  -1313.02096814
      4965     4965.000       349.55      0.08634202  -1313.11063025  -1313.02428823
      4966     4966.000       325.61      0.08042834  -1313.10888487  -1313.02845653
      4967     4967.000       320.93      0.07927258  -1313.10857035  -1313.02929777
      4968     4968.000       333.54      0.08238748  -1313.10949990  -1313.02711242
      4969     4969.000       355.82      0.08789129  -1313.11111194  -1313.02322065
      4970     4970.000       371.91      0.09186549  -1313.11224297  -1313.02037748
      4971     4971.000       368.91      0.09112421  -1313.11218225  -1313.02105804
      4972     4972.000       342.20      0.08452807  -1313.10998621  -1313.02545815
      4973     4973.000       325.44      0.08038719  -1313.10904831  -1313.02866112
      4974     4974.000       310.29      0.07664620  -1313.10780183  -1313.03115563
      4975     4975.000       321.23      0.07934686  -1313.10848628  -1313.02913942
      4976     4976.000       357.06      0.08819792  -1313.11139785  -1313.02319993
      4977     4977.000       369.58      0.09128999  -1313.11190086  -1313.02061087
      4978     4978.000       385.31      0.09517489  -1313.11334770  -1313.01817281
      4979     4979.000       369.18      0.09119088  -1313.11196366  -1313.02077279
      4980     4980.000       352.88      0.08716439  -1313.11074748  -1313.02358310
      4981     4981.000       363.36      0.08975428  -1313.11155183  -1313.02179755
      4982     4982.000       382.76      0.09454558  -1313.11292703  -1313.01838146
      4983     4983.000       401.36      0.09913976  -1313.11435819  -1313.01521843
      4984     4984.000       396.37      0.09790846  -1313.11394451  -1313.01603606
      4985     4985.000       370.93      0.09162450  -1313.11216627  -1313.02054177
      4986     4986.000       349.97      0.08644710  -1313.11042896  -1313.02398186
      4987     4987.000       352.11      0.08697607  -1313.11110349  -1313.02412742
      4988     4988.000       327.90      0.08099571  -1313.10890912  -1313.02791341
      4989     4989.000       331.34      0.08184594  -1313.10944570  -1313.02759977
      4990     4990.000       335.29      0.08282042  -1313.10962060  -1313.02680018
      4991     4991.000       348.13      0.08599256  -1313.11040728  -1313.02441472
      4992     4992.000       377.66      0.09328588  -1313.11287669  -1313.01959081
      4993     4993.000       369.49      0.09126810  -1313.11191703  -1313.02064893
      4994     4994.000       362.43      0.08952465  -1313.11159779  -1313.02207314
      4995     4995.000       357.13      0.08821542  -1313.11102103  -1313.02280560
      4996     4996.000       364.96      0.09014807  -1313.11177119  -1313.02162311
      4997     4997.000       371.72      0.09182017  -1313.11213289  -1313.02031272
      4998     4998.000       377.35      0.09320974  -1313.11275297  -1313.01954323
      4999     4999.000       356.84      0.08814452  -1313.11102903  -1313.02288452
      5000     5000.000       351.95      0.08693677  -1313.11078765  -1313.02385088
      5001     5001.000       351.63      0.08685600  -1313.11092924  -1313.02407324
      5002     5002.000       334.87      0.08271605  -1313.10943282  -1313.02671678
      5003     5003.000       334.89      0.08272214  -1313.10981417  -1313.02709202
      5004     5004.000       320.09      0.07906566  -1313.10841119  -1313.02934553
      5005     5005.000       328.47      0.08113522  -1313.10915206  -1313.02801685
      5006     5006.000       343.16      0.08476502  -1313.11033998  -1313.02557496
      5007     5007.000       337.50      0.08336634  -1313.10978659  -1313.02642024
      5008     5008.000       325.88      0.08049523  -1313.10908169  -1313.02858646
      5009     5009.000       309.64      0.07648420  -1313.10778084  -1313.03129664
      5010     5010.000       303.90      0.07506598  -1313.10744216  -1313.03237618
      5011     5011.000       307.29      0.07590317  -1313.10774872  -1313.03184554
      5012     5012.000       301.74      0.07453338  -1313.10745434  -1313.03292096
      5013     5013.000       280.81      0.06936225  -1313.10563670  -1313.03627445
      5014     5014.000       296.56      0.07325475  -1313.10695336  -1313.03369861
      5015     5015.000       327.16      0.08081330  -1313.10904012  -1313.02822682
      5016     5016.000       368.76      0.09108862  -1313.11189340  -1313.02080478
      5017     5017.000       400.12      0.09883320  -1313.11465928  -1313.01582608
      5018     5018.000       363.80      0.08986280  -1313.11134710  -1313.02148430
      5019     5019.000       342.56      0.08461549  -1313.11031038  -1313.02569489
      5020     5020.000       313.75      0.07750041  -1313.10800819  -1313.03050777
      5021     5021.000       309.74      0.07650904  -1313.10767438  -1313.03116534
      5022     5022.000       337.06      0.08325870  -1313.10991991  -1313.02666121
      5023     5023.000       348.62      0.08611342  -1313.11056303  -1313.02444961
      5024     5024.000       353.88      0.08741249  -1313.11097030  -1313.02355780
      5025     5025.000       352.82      0.08715053  -1313.11091878  -1313.02376825
      5026     5026.000       336.80      0.08319413  -1313.10979679  -1313.02660266
      5027     5027.000       324.50      0.08015472  -1313.10858849  -1313.02843377
      5028     5028.000       347.04      0.08572245  -1313.11074782  -1313.02502537
      5029     5029.000       351.93      0.08693160  -1313.11049736  -1313.02356575
      5030     5030.000       379.66      0.09377925  -1313.11301533  -1313.01923609
      5031     5031.000       371.30      0.09171564  -1313.11218840  -1313.02047276
      5032     5032.000       354.24      0.08750171  -1313.11077873  -1313.02327702
      5033     5033.000       351.26      0.08676609  -1313.11102698  -1313.02426089
      5034     5034.000       320.06      0.07905794  -1313.10832114  -1313.02926319
      5035     5035.000       319.19      0.07884289  -1313.10869000  -1313.02984711
      5036     5036.000       304.48      0.07520913  -1313.10746492  -1313.03225579
      5037     5037.000       297.30      0.07343766  -1313.10686129  -1313.03342363
      5038     5038.000       321.42      0.07939527  -1313.10876250  -1313.02936723
      5039     5039.000       332.30      0.08208235  -1313.10949524  -1313.02741289
      5040     5040.000       337.68      0.08341128  -1313.10975291  -1313.02634162
      5041     5041.000       344.59      0.08511672  -1313.11048710  -1313.02537039
      5042     5042.000       325.39      0.08037438  -1313.10880799  -1313.02843361
      5043     5043.000       327.58      0.08091497  -1313.10902982  -1313.02811485
      5044     5044.000       341.13      0.08426271  -1313.11027607  -1313.02601336
      5045     5045.000       332.01      0.08201122  -1313.10912781  -1313.02711659
      5046     5046.000       352.12      0.08697767  -1313.11112333  -1313.02414565
      5047     5047.000       337.74      0.08342623  -1313.10981469  -1313.02638847
      5048     5048.000       316.10      0.07807988  -1313.10810360  -1313.03002372
      5049     5049.000       325.35      0.08036516  -1313.10920304  -1313.02883788
      5050     5050.000       313.55      0.07745133  -1313.10782261  -1313.03037129
      5051     5051.000       340.20      0.08403324  -1313.11013332  -1313.02610009
      5052     5052.000       354.15      0.08747910  -1313.11113006  -1313.02365095
      5053     5053.000       336.76      0.08318429  -1313.10964221  -1313.02645792
      5054     5054.000       326.01      0.08052778  -1313.10917299  -1313.02864520
      5055     5055.000       300.43      0.07421029  -1313.10709259  -1313.03288230
      5056     5056.000       300.73      0.07428468  -1313.10707937  -1313.03279469
      5057     5057.000       325.02      0.08028246  -1313.10915287  -1313.02887041
      5058     5058.000       322.26      0.07960178  -1313.10881719  -1313.02921541
      5059     5059.000       301.57      0.07449133  -1313.10721837  -1313.03272704
      5060     5060.000       286.34      0.07072899  -1313.10637924  -1313.03565025
      5061     5061.000       279.30      0.06899148  -1313.10530323  -1313.03631176
      5062     5062.000       332.98      0.08224956  -1313.10975045  -1313.02750090
      5063     5063.000       365.48      0.09027686  -1313.11174145  -1313.02146459
      5064     5064.000       384.09      0.09487410  -1313.11313316  -1313.01825906
      5065     5065.000       380.11      0.09389055  -1313.11294906  -1313.01905851
      5066     5066.000       347.66      0.08587548  -1313.11023275  -1313.02435727
      5067     5067.000       351.83      0.08690547  -1313.11091729  -1313.02401182
      5068     5068.000       350.27      0.08652137  -1313.11061049  -1313.02408912
      5069     5069.000       355.92      0.08791709  -1313.11108646  -1313.02316936
      5070     5070.000       362.27      0.08948420  -1313.11160631  -1313.02212211
      5071     5071.000       354.87      0.08765671  -1313.11094615  -1313.02328944
      5072     5072.000       360.09      0.08894576  -1313.11129939  -1313.02235362
      5073     5073.000       373.38      0.09222966  -1313.11236292  -1313.02013326
      5074     5074.000       382.18      0.09440310  -1313.11275628  -1313.01835318
      5075     5075.000       405.32      0.10011812  -1313.11466024  -1313.01454212
      5076     5076.000       401.55      0.09918849  -1313.11435949  -1313.01517100
      5077     5077.000       375.19      0.09267658  -1313.11233046  -1313.01965388
      5078     5078.000       356.72      0.08811368  -1313.11121214  -1313.02309846
      5079     5079.000       340.70      0.08415565  -1313.10972394  -1313.02556829
      5080     5080.000       367.71      0.09082957  -1313.11196967  -1313.02114010
      5081     5081.000       388.42      0.09594339  -1313.11353576  -1313.01759237
      5082     5082.000       375.62      0.09278211  -1313.11236455  -1313.01958244
      5083     5083.000       357.43      0.08828990  -1313.11143758  -1313.02314768
      5084     5084.000       317.48      0.07842013  -1313.10810055  -1313.02968042
      5085     5085.000       326.79      0.08072002  -1313.10894271  -1313.02822269
      5086     5086.000       358.48      0.08854868  -1313.11153187  -1313.02298319
      5087     5087.000       357.27      0.08825075  -1313.11098139  -1313.02273064
      5088     5088.000       365.88      0.09037594  -1313.11207806  -1313.02170211
      5089     5089.000       342.50      0.08460182  -1313.10998197  -1313.02538016
      5090     5090.000       336.64      0.08315360  -1313.10959747  -1313.02644388
      5091     5091.000       357.99      0.08842780  -1313.11135143  -1313.02292363
      5092     5092.000       361.46      0.08928489  -1313.11146994  -1313.02218505
      5093     5093.000       361.12      0.08920194  -1313.11143901  -1313.02223707
      5094     5094.000       351.58      0.08684539  -1313.11103310  -1313.02418771
      5095     5095.000       315.22      0.07786403  -1313.10800594  -1313.03014191
      5096     5096.000       312.99      0.07731191  -1313.10806931  -1313.03075739
      5097     5097.000       321.85      0.07950152  -1313.10884060  -1313.02933909
      5098     5098.000       331.57      0.08190107  -1313.10902256  -1313.02712150
      5099     5099.000       374.81      0.09258271  -1313.11286185  -1313.02027913
      5100     5100.000       366.01      0.09040912  -1313.11161029  -1313.02120116
      5101     5101.000       363.44      0.08977340  -1313.11164891  -1313.02187550
      5102     5102.000       356.36      0.08802607  -1313.11121089  -1313.02318483
      5103     5103.000       340.39      0.08408070  -1313.10971087  -1313.02563017
      5104     5104.000       365.59      0.09030602  -1313.11191758  -1313.02161156
      5105     5105.000       376.24      0.09293593  -1313.11242188  -1313.01948595
      5106     5106.000       392.02      0.09683305  -1313.11351037  -1313.01667732
      5107     5107.000       417.39      0.10310123  -1313.11548984  -1313.01238861
      5108     5108.000       417.36      0.10309352  -1313.11529634  -1313.01220282
      5109     5109.000       420.26      0.10380987  -1313.11552646  -1313.01171659
      5110     5110.000       416.96      0.10299321  -1313.11543692  -1313.01244370
      5111     5111.000       403.23      0.09960158  -1313.11414931  -1313.01454773
      5112     5112.000       419.57      0.10363947  -1313.11550391  -1313.01186444
      5113     5113.000       433.07      0.10697396  -1313.11655545  -1313.00958149
      5114     5114.000       425.68      0.10514727  -1313.11580210  -1313.01065483
      5115     5115.000       419.43      0.10360368  -1313.11577659  -1313.01217291
      5116     5116.000       373.88      0.09235150  -1313.11213138  -1313.01977988
      5117     5117.000       352.23      0.08700599  -1313.11072248  -1313.02371648
      5118     5118.000       353.13      0.08722621  -1313.11104745  -1313.02382124
      5119     5119.000       341.94      0.08446215  -1313.10976680  -1313.02530466
      5120     5120.000       369.85      0.09135592  -1313.11235810  -1313.02100218
      5121     5121.000       365.01      0.09016114  -1313.11159793  -1313.02143680
      5122     5122.000       365.11      0.09018533  -1313.11174953  -1313.02156419
      5123     5123.000       359.41      0.08877950  -1313.11146805  -1313.02268855
      5124     5124.000       337.72      0.08342173  -1313.10959854  -1313.02617681
      5125     5125.000       349.59      0.08635217  -1313.11056918  -1313.02421701
      5126     5126.000       379.12      0.09364704  -1313.11275967  -1313.01911263
      5127     5127.000       395.34      0.09765438  -1313.11391753  -1313.01626315
      5128     5128.000       387.39      0.09568894  -1313.11338886  -1313.01769993
      5129     5129.000       351.65      0.08686050  -1313.11089869  -1313.02403819
      5130     5130.000       306.61      0.07573599  -1313.10723139  -1313.03149540
      5131     5131.000       325.79      0.08047500  -1313.10909504  -1313.02862004
      5132     5132.000       350.14      0.08648834  -1313.11057498  -1313.02408665
      5133     5133.000       382.51      0.09448345  -1313.11308877  -1313.01860532
      5134     5134.000       381.46      0.09422448  -1313.11311464  -1313.01889015
      5135     5135.000       343.58      0.08486923  -1313.10991980  -1313.02505057
      5136     5136.000       342.25      0.08454066  -1313.11016455  -1313.02562389
      5137     5137.000       349.99      0.08645167  -1313.11056281  -1313.02411113
      5138     5138.000       371.97      0.09188113  -1313.11227595  -1313.02039482
      5139     5139.000       376.91      0.09310207  -1313.11265055  -1313.01954848
      5140     5140.000       364.41      0.09001371  -1313.11162541  -1313.02161170
      5141     5141.000       356.49      0.08805679  -1313.11106671  -1313.02300992
      5142     5142.000       362.86      0.08963068  -1313.11152768  -1313.02189700
      5143     5143.000       372.89      0.09210760  -1313.11234669  -1313.02023909
      5144     5144.000       374.50      0.09250495  -1313.11234893  -1313.01984399
      5145     5145.000       372.33      0.09196878  -1313.11231583  -1313.02034705
      5146     5146.000       358.23      0.08848631  -1313.11113509  -1313.02264878
      5147     5147.000       356.46      0.08805064  -1313.11115988  -1313.02310924
      5148     5148.000       354.04      0.08745170  -1313.11088135  -1313.02342965
      5149     5149.000       370.20      0.09144242  -1313.11196137  -1313.02051895
      5150     5150.000       392.86      0.09704122  -1313.11381856  -1313.01677734
      5151     5151.000       398.02      0.09831644  -1313.11391977  -1313.01560333
      5152     5152.000       395.62      0.09772286  -1313.11413010  -1313.01640724
      5153     5153.000       356.29      0.08800660  -1313.11087301  -1313.02286640
      5154     5154.000       340.29      0.08405623  -1313.11003842  -1313.02598219
      5155     5155.000       339.28      0.08380618  -1313.10969615  -1313.02588997
      5156     5156.000       373.18      0.09217874  -1313.11231617  -1313.02013743
      5157     5157.000       400.30      0.09887748  -1313.11436431  -1313.01548683
      5158     5158.000       398.91      0.09853463  -1313.11396779  -1313.01543315
      5159     5159.000       392.56      0.09696685  -1313.11378428  -1313.01681743
      5160     5160.000       379.81      0.09381651  -1313.11249650  -1313.01867999
      5161     5161.000       395.56      0.09770896  -1313.11395829  -1313.01624933
      5162     5162.000       404.60      0.09994033  -1313.11439168  -1313.01445134
      5163     5163.000       405.29      0.10011123  -1313.11478263  -1313.01467140
      5164     5164.000       369.94      0.09137998  -1313.11191193  -1313.02053196
      5165     5165.000       344.79      0.08516628  -1313.11040126  -1313.02523498
      5166     5166.000       320.56      0.07918169  -1313.10846658  -1313.02928489
      5167     5167.000       329.94      0.08149881  -1313.10916401  -1313.02766521
      5168     5168.000       352.49      0.08706970  -1313.11115830  -1313.02408860
      5169     5169.000       342.13      0.08451119  -1313.10997398  -1313.02546280
      5170     5170.000       329.66      0.08143025  -1313.10958088  -1313.02815063
      5171     5171.000       289.38      0.07147978  -1313.10616053  -1313.03468075
      5172     5172.000       293.88      0.07259185  -1313.10671783  -1313.03412598
      5173     5173.000       324.11      0.08005887  -1313.10885089  -1313.02879202
      5174     5174.000       359.74      0.08886097  -1313.11147394  -1313.02261296
      5175     5175.000       372.50      0.09201267  -1313.11246695  -1313.02045428
      5176     5176.000       341.94      0.08446361  -1313.11010663  -1313.02564303
      5177     5177.000       306.87      0.07579982  -1313.10764380  -1313.03184399
      5178     5178.000       298.81      0.07381059  -1313.10685109  -1313.03304051
      5179     5179.000       329.96      0.08150401  -1313.10932344  -1313.02781943
      5180     5180.000       370.11      0.09142079  -1313.11197856  -1313.02055777
      5181     5181.000       412.11      0.10179476  -1313.11525353  -1313.01345877
      5182     5182.000       409.32      0.10110578  -1313.11478788  -1313.01368210
      5183     5183.000       391.68      0.09674855  -1313.11361395  -1313.01686540
      5184     5184.000       366.65      0.09056569  -1313.11184132  -1313.02127562
      5185     5185.000       345.20      0.08526708  -1313.11004532  -1313.02477824
      5186     5186.000       366.81      0.09060665  -1313.11194041  -1313.02133376
      5187     5187.000       389.16      0.09612617  -1313.11324386  -1313.01711769
      5188     5188.000       416.02      0.10276236  -1313.11550678  -1313.01274442
      5189     5189.000       407.40      0.10063246  -1313.11470302  -1313.01407056
      5190     5190.000       383.16      0.09464480  -1313.11283659  -1313.01819180
      5191     5191.000       375.19      0.09267633  -1313.11245015  -1313.01977382
      5192     5192.000       374.08      0.09240287  -1313.11221225  -1313.01980938
      5193     5193.000       383.72      0.09478337  -1313.11316164  -1313.01837826
      5194     5194.000       375.67      0.09279420  -1313.11231312  -1313.01951892
      5195     5195.000       378.39      0.09346594  -1313.11272574  -1313.01925981
      5196     5196.000       377.46      0.09323751  -1313.11234890  -1313.01911139
      5197     5197.000       398.26      0.09837558  -1313.11422217  -1313.01584659
      5198     5198.000       395.69      0.09774085  -1313.11392475  -1313.01618389
      5199     5199.000       367.41      0.09075348  -1313.11188581  -1313.02113232
      5200     5200.000       334.70      0.08267543  -1313.10963631  -1313.02696087
      5201     5201.000       312.12      0.07709631  -1313.10782261  -1313.03072630
      5202     5202.000       322.38      0.07963167  -1313.10878980  -1313.02915813
      5203     5203.000       337.15      0.08328000  -1313.10971935  -1313.02643935
      5204     5204.000       356.43      0.08804147  -1313.11129818  -1313.02325670
      5205     5205.000       354.58      0.08758514  -1313.11084830  -1313.02326316
      5206     5206.000       366.03      0.09041314  -1313.11193105  -1313.02151791
      5207     5207.000       361.12      0.08920135  -1313.11147839  -1313.02227703
      5208     5208.000       345.17      0.08526153  -1313.11028268  -1313.02502115
      5209     5209.000       334.00      0.08250231  -1313.10966962  -1313.02716731
      5210     5210.000       321.15      0.07932724  -1313.10837662  -1313.02904937
      5211     5211.000       348.84      0.08616779  -1313.11071614  -1313.02454834
      5212     5212.000       366.35      0.09049342  -1313.11192499  -1313.02143157
      5213     5213.000       361.42      0.08927570  -1313.11146498  -1313.02218928
      5214     5214.000       347.62      0.08586728  -1313.11064976  -1313.02478247
      5215     5215.000       325.11      0.08030528  -1313.10877002  -1313.02846473
      5216     5216.000       327.24      0.08083261  -1313.10908705  -1313.02825444
      5217     5217.000       337.58      0.08338715  -1313.10986192  -1313.02647477
      5218     5218.000       344.35      0.08505798  -1313.11022445  -1313.02516646
      5219     5219.000       361.04      0.08918096  -1313.11136356  -1313.02218260
      5220     5220.000       386.33      0.09542820  -1313.11334188  -1313.01791369
      5221     5221.000       396.04      0.09782578  -1313.11383105  -1313.01600527
      5222     5222.000       401.21      0.09910455  -1313.11439569  -1313.01529114
      5223     5223.000       368.30      0.09097392  -1313.11213609  -1313.02116217
      5224     5224.000       318.62      0.07870177  -1313.10803798  -1313.02933620
      5225     5225.000       323.15      0.07982214  -1313.10903902  -1313.02921688
      5226     5226.000       327.44      0.08088063  -1313.10874967  -1313.02786904
      5227     5227.000       372.19      0.09193399  -1313.11242560  -1313.02049161
      5228     5228.000       390.70      0.09650834  -1313.11365569  -1313.01714736
      5229     5229.000       381.19      0.09415905  -1313.11265425  -1313.01849520
      5230     5230.000       387.01      0.09559618  -1313.11344213  -1313.01784596
      5231     5231.000       371.07      0.09165865  -1313.11200285  -1313.02034420
      5232     5232.000       365.60      0.09030652  -1313.11183907  -1313.02153256
      5233     5233.000       355.60      0.08783608  -1313.11105809  -1313.02322201
      5234     5234.000       337.14      0.08327814  -1313.10975175  -1313.02647361
      5235     5235.000       342.87      0.08469197  -1313.10991149  -1313.02521953
      5236     5236.000       377.34      0.09320689  -1313.11283691  -1313.01963002
      5237     5237.000       392.27      0.09689507  -1313.11336833  -1313.01647326
      5238     5238.000       423.15      0.10452353  -1313.11606659  -1313.01154306
      5239     5239.000       400.90      0.09902745  -1313.11429330  -1313.01526586
      5240     5240.000       357.18      0.08822747  -1313.11089379  -1313.02266631
      5241     5241.000       345.57      0.08536038  -1313.11056266  -1313.02520228
      5242     5242.000       329.92      0.08149315  -1313.10882404  -1313.02733089
      5243     5243.000       367.55      0.09078981  -1313.11206861  -1313.02127881
      5244     5244.000       394.22      0.09737628  -1313.11389173  -1313.01651546
      5245     5245.000       381.72      0.09428860  -1313.11285647  -1313.01856786
      5246     5246.000       361.76      0.08935836  -1313.11163673  -1313.02227837
      5247     5247.000       320.40      0.07914358  -1313.10849705  -1313.02935347
      5248     5248.000       302.28      0.07466697  -1313.10715334  -1313.03248637
      5249     5249.000       325.56      0.08041665  -1313.10904228  -1313.02862563
      5250     5250.000       342.89      0.08469837  -1313.11015449  -1313.02545613
      5251     5251.000       362.31      0.08949533  -1313.11152871  -1313.02203338
      5252     5252.000       368.61      0.09105144  -1313.11222944  -1313.02117801
      5253     5253.000       348.56      0.08609748  -1313.11026783  -1313.02417036
      5254     5254.000       358.23      0.08848649  -1313.11139892  -1313.02291243
      5255     5255.000       360.48      0.08904234  -1313.11135972  -1313.02231738
      5256     5256.000       369.92      0.09137323  -1313.11182390  -1313.02045067
      5257     5257.000       397.73      0.09824370  -1313.11439578  -1313.01615208
      5258     5258.000       375.56      0.09276835  -1313.11228170  -1313.01951335
      5259     5259.000       355.81      0.08788868  -1313.11121895  -1313.02333027
      5260     5260.000       327.89      0.08099373  -1313.10906359  -1313.02806986
      5261     5261.000       320.36      0.07913250  -1313.10833379  -1313.02920129
      5262     5262.000       362.92      0.08964541  -1313.11169867  -1313.02205327
      5263     5263.000       388.02      0.09584601  -1313.11346383  -1313.01761782
      5264     5264.000       385.52      0.09522736  -1313.11325241  -1313.01802505
      5265     5265.000       360.58      0.08906771  -1313.11138495  -1313.02231725
      5266     5266.000       338.42      0.08359272  -1313.10971315  -1313.02612042
      5267     5267.000       355.93      0.08791803  -1313.11086139  -1313.02294336
      5268     5268.000       399.01      0.09855924  -1313.11438558  -1313.01582634
      5269     5269.000       401.71      0.09922687  -1313.11424098  -1313.01501411
      5270     5270.000       387.09      0.09561591  -1313.11338268  -1313.01776677
      5271     5271.000       354.32      0.08752108  -1313.11086345  -1313.02334238
      5272     5272.000       343.32      0.08480282  -1313.10995246  -1313.02514964
      5273     5273.000       372.23      0.09194390  -1313.11238516  -1313.02044126
      5274     5274.000       387.02      0.09559954  -1313.11311071  -1313.01751117
      5275     5275.000       405.19      0.10008546  -1313.11470440  -1313.01461894
      5276     5276.000       396.31      0.09789247  -1313.11384160  -1313.01594913
      5277     5277.000       379.99      0.09386162  -1313.11275925  -1313.01889763
      5278     5278.000       365.34      0.09024302  -1313.11177594  -1313.02153291
      5279     5279.000       345.80      0.08541746  -1313.11025245  -1313.02483498
      5280     5280.000       346.09      0.08548899  -1313.11037436  -1313.02488537
      5281     5281.000       357.45      0.08829361  -1313.11124049  -1313.02294688
      5282     5282.000       360.93      0.08915331  -1313.11143800  -1313.02228469
      5283     5283.000       354.40      0.08754041  -1313.11109511  -1313.02355470
      5284     5284.000       333.51      0.08238035  -1313.10943577  -1313.02705542
      5285     5285.000       330.72      0.08169255  -1313.10921655  -1313.02752400
      5286     5286.000       353.51      0.08732213  -1313.11096607  -1313.02364394
      5287     5287.000       369.83      0.09135302  -1313.11219799  -1313.02084497
      5288     5288.000       357.66      0.08834536  -1313.11123691  -1313.02289156
      5289     5289.000       327.33      0.08085319  -1313.10917393  -1313.02832074
      5290     5290.000       298.63      0.07376605  -1313.10678119  -1313.03301514
      5291     5291.000       320.24      0.07910372  -1313.10864094  -1313.02953722
      5292     5292.000       346.69      0.08563641  -1313.11053319  -1313.02489678
      5293     5293.000       358.93      0.08866044  -1313.11126143  -1313.02260099
      5294     5294.000       358.95      0.08866494  -1313.11159343  -1313.02292848
      5295     5295.000       329.56      0.08140595  -1313.10886568  -1313.02745973
      5296     5296.000       341.41      0.08433272  -1313.11029137  -1313.02595865
      5297     5297.000       346.79      0.08566072  -1313.11025189  -1313.02459117
      5298     5298.000       370.13      0.09142569  -1313.11214498  -1313.02071929
      5299     5299.000       387.17      0.09563511  -1313.11332909  -1313.01769398
      5300     5300.000       384.93      0.09508221  -1313.11307327  -1313.01799106
      5301     5301.000       385.98      0.09534092  -1313.11321379  -1313.01787287
      5302     5302.000       382.16      0.09439739  -1313.11288841  -1313.01849102
      5303     5303.000       377.55      0.09325821  -1313.11256498  -1313.01930678
      5304     5304.000       382.92      0.09458585  -1313.11288433  -1313.01829848
      5305     5305.000       387.96      0.09583082  -1313.11351820  -1313.01768739
      5306     5306.000       373.83      0.09234144  -1313.11207962  -1313.01973817
      5307     5307.000       376.18      0.09292029  -1313.11277868  -1313.01985839
      5308     5308.000       354.77      0.08763184  -1313.11074494  -1313.02311310
      5309     5309.000       366.06      0.09042050  -1313.11177464  -1313.02135414
      5310     5310.000       381.91      0.09433651  -1313.11314490  -1313.01880839
      5311     5311.000       364.59      0.09005845  -1313.11145207  -1313.02139361
      5312     5312.000       363.81      0.08986547  -1313.11191626  -1313.02205079
      5313     5313.000       335.06      0.08276413  -1313.10938831  -1313.02662418
      5314     5314.000       338.68      0.08365749  -1313.10981240  -1313.02615491
      5315     5315.000       367.85      0.09086216  -1313.11199939  -1313.02113723
      5316     5316.000       382.60      0.09450730  -1313.11286251  -1313.01835521
      5317     5317.000       402.87      0.09951377  -1313.11452410  -1313.01501033
      5318     5318.000       395.20      0.09762005  -1313.11388765  -1313.01626760
      5319     5319.000       368.61      0.09105145  -1313.11189660  -1313.02084515
      5320     5320.000       353.12      0.08722578  -1313.11081789  -1313.02359211
      5321     5321.000       352.54      0.08708078  -1313.11085426  -1313.02377348
      5322     5322.000       360.55      0.08906004  -1313.11121002  -1313.02214998
      5323     5323.000       389.82      0.09628888  -1313.11366694  -1313.01737806
      5324     5324.000       393.93      0.09730394  -1313.11361353  -1313.01630959
      5325     5325.000       403.61      0.09969593  -1313.11436134  -1313.01466541
      5326     5326.000       411.98      0.10176477  -1313.11525013  -1313.01348537
      5327     5327.000       391.34      0.09666534  -1313.11320103  -1313.01653568
      5328     5328.000       396.37      0.09790720  -1313.11434913  -1313.01644193
      5329     5329.000       351.21      0.08675349  -1313.11051148  -1313.02375799
      5330     5330.000       331.72      0.08193775  -1313.10933879  -1313.02740105
      5331     5331.000       339.22      0.08379192  -1313.10986521  -1313.02607330
      5332     5332.000       366.66      0.09056827  -1313.11171664  -1313.02114836
      5333     5333.000       405.44      0.10014740  -1313.11483697  -1313.01468956
      5334     5334.000       390.11      0.09636184  -1313.11360139  -1313.01723955
      5335     5335.000       338.46      0.08360266  -1313.10988689  -1313.02628423
      5336     5336.000       291.46      0.07199428  -1313.10627773  -1313.03428345
      5337     5337.000       296.84      0.07332320  -1313.10703662  -1313.03371342
      5338     5338.000       320.55      0.07918038  -1313.10843397  -1313.02925359
      5339     5339.000       359.80      0.08887564  -1313.11163603  -1313.02276038
      5340     5340.000       361.05      0.08918342  -1313.11137873  -1313.02219531
      5341     5341.000       363.33      0.08974709  -1313.11161978  -1313.02187269
      5342     5342.000       362.76      0.08960500  -1313.11155896  -1313.02195396
      5343     5343.000       364.05      0.08992442  -1313.11150995  -1313.02158553
      5344     5344.000       379.36      0.09370607  -1313.11294336  -1313.01923730
      5345     5345.000       367.23      0.09071091  -1313.11163690  -1313.02092600
      5346     5346.000       379.29      0.09368815  -1313.11281860  -1313.01913045
      5347     5347.000       382.50      0.09448203  -1313.11286546  -1313.01838343
      5348     5348.000       390.21      0.09638656  -1313.11345971  -1313.01707315
      5349     5349.000       394.88      0.09754032  -1313.11392787  -1313.01638755
      5350     5350.000       384.16      0.09489192  -1313.11285293  -1313.01796101
      5351     5351.000       390.12      0.09636412  -1313.11361190  -1313.01724778
      5352     5352.000       378.45      0.09348076  -1313.11269050  -1313.01920974
      5353     5353.000       355.47      0.08780428  -1313.11103606  -1313.02323179
      5354     5354.000       335.72      0.08292709  -1313.10958622  -1313.02665914
      5355     5355.000       340.88      0.08420120  -1313.10990512  -1313.02570392
      5356     5356.000       371.37      0.09173355  -1313.11213618  -1313.02040263
      5357     5357.000       403.14      0.09957914  -1313.11465519  -1313.01507606
      5358     5358.000       382.33      0.09443974  -1313.11306694  -1313.01862720
      5359     5359.000       336.33      0.08307852  -1313.10951701  -1313.02643849
      5360     5360.000       316.33      0.07813756  -1313.10838902  -1313.03025147
      5361     5361.000       318.23      0.07860628  -1313.10809614  -1313.02948986
      5362     5362.000       363.55      0.08980007  -1313.11200458  -1313.02220451
      5363     5363.000       357.91      0.08840873  -1313.11124592  -1313.02283719
      5364     5364.000       340.92      0.08421008  -1313.11000959  -1313.02579951
      5365     5365.000       323.30      0.07985863  -1313.10891509  -1313.02905646
      5366     5366.000       311.32      0.07689921  -1313.10764736  -1313.03074815
      5367     5367.000       337.86      0.08345425  -1313.11021151  -1313.02675726
      5368     5368.000       324.09      0.08005405  -1313.10876366  -1313.02870961
      5369     5369.000       309.50      0.07645107  -1313.10796562  -1313.03151455
      5370     5370.000       295.29      0.07293988  -1313.10671331  -1313.03377343
      5371     5371.000       302.45      0.07470953  -1313.10735854  -1313.03264900
      5372     5372.000       328.58      0.08116203  -1313.10904540  -1313.02788337
      5373     5373.000       370.64      0.09155170  -1313.11236609  -1313.02081439
      5374     5374.000       376.59      0.09302223  -1313.11251274  -1313.01949051
      5375     5375.000       377.32      0.09320216  -1313.11265733  -1313.01945517
      5376     5376.000       353.31      0.08727046  -1313.11113724  -1313.02386678
      5377     5377.000       304.74      0.07527407  -1313.10712222  -1313.03184815
      5378     5378.000       307.15      0.07586959  -1313.10792889  -1313.03205931
      5379     5379.000       304.52      0.07522025  -1313.10719841  -1313.03197816
      5380     5380.000       340.13      0.08401707  -1313.11014468  -1313.02612760
      5381     5381.000       358.94      0.08866157  -1313.11154783  -1313.02288626
      5382     5382.000       336.20      0.08304642  -1313.10958041  -1313.02653398
      5383     5383.000       323.43      0.07989110  -1313.10893121  -1313.02904011
      5384     5384.000       314.12      0.07759140  -1313.10796953  -1313.03037812
      5385     5385.000       337.06      0.08325715  -1313.10974138  -1313.02648423
      5386     5386.000       375.01      0.09263096  -1313.11252757  -1313.01989661
      5387     5387.000       389.18      0.09613228  -1313.11357223  -1313.01743995
      5388     5388.000       367.87      0.09086719  -1313.11190768  -1313.02104049
      5389     5389.000       342.69      0.08464795  -1313.11019635  -1313.02554840
      5390     5390.000       323.55      0.07992036  -1313.10869361  -1313.02877326
      5391     5391.000       336.45      0.08310784  -1313.10960136  -1313.02649353
      5392     5392.000       366.18      0.09045013  -1313.11210035  -1313.02165022
      5393     5393.000       361.78      0.08936430  -1313.11128309  -1313.02191879
      5394     5394.000       364.79      0.09010699  -1313.11199032  -1313.02188333
      5395     5395.000       339.95      0.08397131  -1313.10977216  -1313.02580086
      5396     5396.000       339.57      0.08387673  -1313.10988474  -1313.02600800
      5397     5397.000       354.26      0.08750572  -1313.11114744  -1313.02364172
      5398     5398.000       352.98      0.08718905  -1313.11079790  -1313.02360885
      5399     5399.000       351.83      0.08690668  -1313.11098489  -1313.02407822
      5400     5400.000       328.90      0.08124311  -1313.10909594  -1313.02785282
      5401     5401.000       321.72      0.07946952  -1313.10875805  -1313.02928853
      5402     5402.000       324.39      0.08012765  -1313.10872761  -1313.02859996
      5403     5403.000       344.85      0.08518176  -1313.11056044  -1313.02537868
      5404     5404.000       341.60      0.08437972  -1313.11002825  -1313.02564853
      5405     5405.000       336.67      0.08316045  -1313.10983062  -1313.02667018
      5406     5406.000       322.22      0.07959098  -1313.10877300  -1313.02918202
      5407     5407.000       315.33      0.07788959  -1313.10804455  -1313.03015495
      5408     5408.000       334.86      0.08271452  -1313.10981305  -1313.02709853
      5409     5409.000       340.67      0.08414988  -1313.10983483  -1313.02568494
      5410     5410.000       366.31      0.09048183  -1313.11194803  -1313.02146620
      5411     5411.000       375.86      0.09284224  -1313.11242436  -1313.01958211
      5412     5412.000       379.94      0.09384842  -1313.11293133  -1313.01908291
      5413     5413.000       361.02      0.08917718  -1313.11142829  -1313.02225110
      5414     5414.000       336.69      0.08316592  -1313.10971744  -1313.02655152
      5415     5415.000       325.88      0.08049592  -1313.10886068  -1313.02836477
      5416     5416.000       343.59      0.08486984  -1313.11016301  -1313.02529317
      5417     5417.000       366.65      0.09056610  -1313.11200425  -1313.02143815
      5418     5418.000       366.17      0.09044864  -1313.11172705  -1313.02127841
      5419     5419.000       369.42      0.09125214  -1313.11213199  -1313.02087985
      5420     5420.000       358.78      0.08862186  -1313.11118858  -1313.02256672
      5421     5421.000       369.23      0.09120450  -1313.11193528  -1313.02073077
      5422     5422.000       384.73      0.09503388  -1313.11335112  -1313.01831723
      5423     5423.000       361.37      0.08926179  -1313.11142734  -1313.02216556
      5424     5424.000       334.72      0.08268030  -1313.10969017  -1313.02700987
      5425     5425.000       306.95      0.07581913  -1313.10747735  -1313.03165822
      5426     5426.000       312.56      0.07720562  -1313.10799273  -1313.03078711
      5427     5427.000       340.26      0.08404894  -1313.11013499  -1313.02608605
      5428     5428.000       351.06      0.08671563  -1313.11077291  -1313.02405728
      5429     5429.000       347.49      0.08583288  -1313.11054477  -1313.02471189
      5430     5430.000       348.00      0.08596059  -1313.11048493  -1313.02452434
      5431     5431.000       349.26      0.08627227  -1313.11064681  -1313.02437454
      5432     5432.000       355.83      0.08789511  -1313.11093632  -1313.02304120
      5433     5433.000       367.89      0.09087391  -1313.11227027  -1313.02139636
      5434     5434.000       346.31      0.08554204  -1313.10998530  -1313.02444326
      5435     5435.000       373.61      0.09228667  -1313.11251302  -1313.02022635
      5436     5436.000       383.54      0.09473931  -1313.11305842  -1313.01831911
      5437     5437.000       378.16      0.09341010  -1313.11256675  -1313.01915666
      5438     5438.000       366.27      0.09047274  -1313.11213203  -1313.02165929
      5439     5439.000       321.22      0.07934492  -1313.10834642  -1313.02900150
      5440     5440.000       312.80      0.07726460  -1313.10808145  -1313.03081685
      5441     5441.000       327.50      0.08089640  -1313.10906765  -1313.02817126
      5442     5442.000       347.28      0.08578320  -1313.11048644  -1313.02470324
      5443     5443.000       367.70      0.09082650  -1313.11188260  -1313.02105610
      5444     5444.000       379.02      0.09362104  -1313.11297128  -1313.01935024
      5445     5445.000       353.43      0.08730081  -1313.11068477  -1313.02338396
      5446     5446.000       348.09      0.08598128  -1313.11073229  -1313.02475102
      5447     5447.000       320.05      0.07905715  -1313.10862491  -1313.02956775
      5448     5448.000       297.73      0.07354309  -1313.10670756  -1313.03316447
      5449     5449.000       314.28      0.07763181  -1313.10848293  -1313.03085112
      5450     5450.000       311.60      0.07696796  -1313.10781094  -1313.03084298
      5451     5451.000       325.93      0.08050922  -1313.10917444  -1313.02866522
      5452     5452.000       318.00      0.07854893  -1313.10852674  -1313.02997780
      5453     5453.000       302.35      0.07468266  -1313.10715434  -1313.03247168
      5454     5454.000       323.05      0.07979735  -1313.10875649  -1313.02895914
      5455     5455.000       356.98      0.08817776  -1313.11122754  -1313.02304978
      5456     5456.000       380.48      0.09398212  -1313.11278774  -1313.01880562
      5457     5457.000       393.42      0.09717852  -1313.11389231  -1313.01671380
      5458     5458.000       369.50      0.09127162  -1313.11196855  -1313.02069694
      5459     5459.000       352.12      0.08697659  -1313.11064690  -1313.02367032
      5460     5460.000       358.13      0.08846303  -1313.11136312  -1313.02290008
      5461     5461.000       354.93      0.08767110  -1313.11084770  -1313.02317660
      5462     5462.000       373.79      0.09233075  -1313.11237221  -1313.02004145
      5463     5463.000       378.42      0.09347436  -1313.11281196  -1313.01933760
      5464     5464.000       365.51      0.09028467  -1313.11148370  -1313.02119903
      5465     5465.000       378.17      0.09341229  -1313.11284026  -1313.01942797
      5466     5466.000       367.23      0.09071067  -1313.11173851  -1313.02102784
      5467     5467.000       370.73      0.09157348  -1313.11207338  -1313.02049989
      5468     5468.000       385.24      0.09515950  -1313.11317874  -1313.01801924
      5469     5469.000       389.52      0.09621513  -1313.11336677  -1313.01715163
      5470     5470.000       394.04      0.09733227  -1313.11382381  -1313.01649154
      5471     5471.000       384.77      0.09504205  -1313.11313931  -1313.01809726
      5472     5472.000       359.09      0.08869852  -1313.11124590  -1313.02254739
      5473     5473.000       347.00      0.08571180  -1313.11036675  -1313.02465495
      5474     5474.000       347.10      0.08573870  -1313.11061955  -1313.02488085
      5475     5475.000       334.25      0.08256324  -1313.10936878  -1313.02680553
      5476     5476.000       344.88      0.08518809  -1313.11046371  -1313.02527562
      5477     5477.000       340.81      0.08418385  -1313.10998597  -1313.02580212
      5478     5478.000       342.88      0.08469522  -1313.11014569  -1313.02545047
      5479     5479.000       349.48      0.08632458  -1313.11073588  -1313.02441130
      5480     5480.000       345.17      0.08526164  -1313.11024391  -1313.02498227
      5481     5481.000       352.27      0.08701386  -1313.11083286  -1313.02381900
      5482     5482.000       362.32      0.08949763  -1313.11155630  -1313.02205867
      5483     5483.000       364.42      0.09001649  -1313.11175107  -1313.02173458
      5484     5484.000       352.33      0.08702959  -1313.11084171  -1313.02381212
      5485     5485.000       339.72      0.08391452  -1313.10994826  -1313.02603374
      5486     5486.000       331.34      0.08184358  -1313.10927914  -1313.02743556
      5487     5487.000       347.53      0.08584320  -1313.11048073  -1313.02463753
      5488     5488.000       365.40      0.09025858  -1313.11185640  -1313.02159782
      5489     5489.000       368.31      0.09097644  -1313.11182639  -1313.02084995
      5490     5490.000       385.65      0.09525961  -1313.11319490  -1313.01793529
      5491     5491.000       395.39      0.09766676  -1313.11384545  -1313.01617869
      5492     5492.000       401.90      0.09927403  -1313.11420644  -1313.01493241
      5493     5493.000       401.02      0.09905739  -1313.11456942  -1313.01551203
      5494     5494.000       355.57      0.08783061  -1313.11088408  -1313.02305347
      5495     5495.000       326.95      0.08075988  -1313.10900022  -1313.02824034
      5496     5496.000       327.07      0.08079101  -1313.10898109  -1313.02819008
      5497     5497.000       348.31      0.08603658  -1313.11048428  -1313.02444771
      5498     5498.000       380.00      0.09386431  -1313.11291301  -1313.01904870
      5499     5499.000       382.63      0.09451363  -1313.11304546  -1313.01853183
      5500     5500.000       360.28      0.08899347  -1313.11126555  -1313.02227208
      5501     5501.000       363.42      0.08976964  -1313.11151699  -1313.02174735
      5502     5502.000       376.67      0.09304133  -1313.11257616  -1313.01953483
      5503     5503.000       398.45      0.09842202  -1313.11372640  -1313.01530438
      5504     5504.000       443.47      0.10954309  -1313.11770596  -1313.00816287
      5505     5505.000       421.53      0.10412231  -1313.11536924  -1313.01124693
      5506     5506.000       403.24      0.09960425  -1313.11463466  -1313.01503041
      5507     5507.000       350.74      0.08663672  -1313.11076336  -1313.02412664
      5508     5508.000       297.32      0.07344127  -1313.10656087  -1313.03311960
      5509     5509.000       310.93      0.07680408  -1313.10807393  -1313.03126985
      5510     5510.000       335.86      0.08296053  -1313.10954121  -1313.02658067
      5511     5511.000       375.14      0.09266405  -1313.11250239  -1313.01983834
      5512     5512.000       394.40      0.09742245  -1313.11404880  -1313.01662635
      5513     5513.000       357.83      0.08838907  -1313.11118625  -1313.02279719
      5514     5514.000       328.18      0.08106460  -1313.10883333  -1313.02776873
      5515     5515.000       343.13      0.08475602  -1313.11041955  -1313.02566353
      5516     5516.000       347.88      0.08593067  -1313.11026534  -1313.02433468
      5517     5517.000       372.71      0.09206335  -1313.11253948  -1313.02047614
      5518     5518.000       350.96      0.08668986  -1313.11090838  -1313.02421852
      5519     5519.000       312.41      0.07716931  -1313.10756793  -1313.03039861
      5520     5520.000       337.90      0.08346473  -1313.11008534  -1313.02662061
      5521     5521.000       351.71      0.08687566  -1313.11059107  -1313.02371541
      5522     5522.000       382.98      0.09459933  -1313.11310896  -1313.01850963
      5523     5523.000       381.73      0.09429129  -1313.11328020  -1313.01898891
      5524     5524.000       322.91      0.07976137  -1313.10846281  -1313.02870144
      5525     5525.000       308.02      0.07608423  -1313.10771957  -1313.03163534
      5526     5526.000       315.96      0.07804671  -1313.10829673  -1313.03025002
      5527     5527.000       338.24      0.08354933  -1313.10972045  -1313.02617112
      5528     5528.000       380.03      0.09387080  -1313.11294934  -1313.01907854
      5529     5529.000       383.03      0.09461388  -1313.11313474  -1313.01852086
      5530     5530.000       361.02      0.08917519  -1313.11123139  -1313.02205620
      5531     5531.000       355.99      0.08793265  -1313.11136804  -1313.02343540
      5532     5532.000       318.47      0.07866458  -1313.10823871  -1313.02957412
      5533     5533.000       314.71      0.07773648  -1313.10814492  -1313.03040845
      5534     5534.000       329.71      0.08144145  -1313.10945727  -1313.02801582
      5535     5535.000       329.52      0.08139452  -1313.10892697  -1313.02753245
      5536     5536.000       362.86      0.08963175  -1313.11188008  -1313.02224833
      5537     5537.000       363.12      0.08969475  -1313.11141797  -1313.02172321
      5538     5538.000       376.58      0.09301936  -1313.11256551  -1313.01954615
      5539     5539.000       383.01      0.09460811  -1313.11315000  -1313.01854189
      5540     5540.000       356.94      0.08816845  -1313.11109096  -1313.02292251
      5541     5541.000       334.74      0.08268333  -1313.10964228  -1313.02695895
      5542     5542.000       314.76      0.07774832  -1313.10817580  -1313.03042747
      5543     5543.000       307.48      0.07595010  -1313.10760618  -1313.03165608
      5544     5544.000       327.62      0.08092554  -1313.10912872  -1313.02820319
      5545     5545.000       345.62      0.08537276  -1313.11056498  -1313.02519222
      5546     5546.000       341.46      0.08434526  -1313.10982733  -1313.02548207
      5547     5547.000       363.14      0.08970016  -1313.11186038  -1313.02216022
      5548     5548.000       361.57      0.08931135  -1313.11122638  -1313.02191503
      5549     5549.000       386.54      0.09547932  -1313.11331109  -1313.01783177
      5550     5550.000       402.21      0.09935070  -1313.11450583  -1313.01515513
      5551     5551.000       384.17      0.09489335  -1313.11292603  -1313.01803268
      5552     5552.000       372.91      0.09211311  -1313.11239486  -1313.02028176
      5553     5553.000       347.87      0.08592816  -1313.11047715  -1313.02454899
      5554     5554.000       333.30      0.08232955  -1313.10939762  -1313.02706807
      5555     5555.000       340.26      0.08404735  -1313.10999701  -1313.02594965
      5556     5556.000       353.79      0.08738975  -1313.11099031  -1313.02360055
      5557     5557.000       354.98      0.08768393  -1313.11108446  -1313.02340053
      5558     5558.000       341.97      0.08447045  -1313.11020272  -1313.02573227
      5559     5559.000       316.54      0.07818860  -1313.10829217  -1313.03010357
      5560     5560.000       305.54      0.07547142  -1313.10742937  -1313.03195794
      5561     5561.000       323.92      0.08001240  -1313.10897800  -1313.02896560
      5562     5562.000       331.63      0.08191516  -1313.10937500  -1313.02745984
      5563     5563.000       328.30      0.08109423  -1313.10936825  -1313.02827402
      5564     5564.000       297.11      0.07338957  -1313.10695722  -1313.03356765
      5565     5565.000       277.88      0.06863861  -1313.10546394  -1313.03682533
      5566     5566.000       293.15      0.07241122  -1313.10677394  -1313.03436272
      5567     5567.000       319.81      0.07899605  -1313.10859282  -1313.02959677
      5568     5568.000       336.39      0.08309234  -1313.10998625  -1313.02689391
      5569     5569.000       316.25      0.07811848  -1313.10812629  -1313.03000781
      5570     5570.000       318.75      0.07873585  -1313.10860276  -1313.02986690
      5571     5571.000       331.07      0.08177831  -1313.10908230  -1313.02730399
      5572     5572.000       375.04      0.09264024  -1313.11263868  -1313.01999844
      5573     5573.000       387.48      0.09571109  -1313.11348293  -1313.01777184
      5574     5574.000       359.35      0.08876269  -1313.11124524  -1313.02248255
      5575     5575.000       329.39      0.08136265  -1313.10934274  -1313.02798008
      5576     5576.000       305.57      0.07547812  -1313.10724765  -1313.03176953
      5577     5577.000       330.48      0.08163300  -1313.10942811  -1313.02779511
      5578     5578.000       353.06      0.08721056  -1313.11086279  -1313.02365223
      5579     5579.000       367.54      0.09078580  -1313.11207240  -1313.02128660
      5580     5580.000       357.66      0.08834585  -1313.11111111  -1313.02276526
      5581     5581.000       347.61      0.08586480  -1313.11071903  -1313.02485423
      5582     5582.000       327.34      0.08085714  -1313.10884540  -1313.02798826
      5583     5583.000       343.23      0.08478276  -1313.11022576  -1313.02544300
      5584     5584.000       361.70      0.08934397  -1313.11167829  -1313.02233432
      5585     5585.000       365.08      0.09017817  -1313.11144481  -1313.02126664
      5586     5586.000       381.69      0.09428130  -1313.11339948  -1313.01911818
      5587     5587.000       329.73      0.08144623  -1313.10905880  -1313.02761257
      5588     5588.000       292.86      0.07234091  -1313.10668594  -1313.03434503
      5589     5589.000       273.56      0.06757151  -1313.10527027  -1313.03769876
      5590     5590.000       279.50      0.06903886  -1313.10560956  -1313.03657070
      5591     5591.000       323.10      0.07981046  -1313.10893973  -1313.02912927
      5592     5592.000       340.10      0.08400947  -1313.11020079  -1313.02619132
      5593     5593.000       321.73      0.07946995  -1313.10868028  -1313.02921033
      5594     5594.000       307.66      0.07599542  -1313.10767314  -1313.03167772
      5595     5595.000       302.16      0.07463744  -1313.10740229  -1313.03276485
      5596     5596.000       300.52      0.07423162  -1313.10710147  -1313.03286985
      5597     5597.000       313.33      0.07739701  -1313.10841950  -1313.03102248
      5598     5598.000       292.75      0.07231245  -1313.10658418  -1313.03427173
      5599     5599.000       290.12      0.07166405  -1313.10643276  -1313.03476871
      5600     5600.000       300.35      0.07418907  -1313.10750553  -1313.03331646
      5601     5601.000       284.23      0.07020806  -1313.10578572  -1313.03557766
      5602     5602.000       306.17      0.07562706  -1313.10793266  -1313.03230560
      5603     5603.000       297.82      0.07356574  -1313.10692235  -1313.03335661
      5604     5604.000       306.24      0.07564489  -1313.10759489  -1313.03195001
      5605     5605.000       331.01      0.08176205  -1313.10954492  -1313.02778287
      5606     5606.000       328.89      0.08124076  -1313.10915243  -1313.02791167
      5607     5607.000       328.62      0.08117377  -1313.10928778  -1313.02811401
      5608     5608.000       320.20      0.07909211  -1313.10859131  -1313.02949920
      5609     5609.000       315.58      0.07795134  -1313.10815051  -1313.03019917
      5610     5610.000       338.41      0.08359144  -1313.10979738  -1313.02620594
      5611     5611.000       367.83      0.09085768  -1313.11228026  -1313.02142258
      5612     5612.000       347.03      0.08572154  -1313.11026806  -1313.02454652
      5613     5613.000       334.69      0.08267274  -1313.10993303  -1313.02726029
      5614     5614.000       293.05      0.07238789  -1313.10650967  -1313.03412178
      5615     5615.000       288.94      0.07137212  -1313.10616043  -1313.03478831
      5616     5616.000       339.11      0.08376462  -1313.11017023  -1313.02640561
      5617     5617.000       365.10      0.09018451  -1313.11161812  -1313.02143361
      5618     5618.000       385.03      0.09510713  -1313.11343197  -1313.01832485
      5619     5619.000       354.49      0.08756325  -1313.11106354  -1313.02350029
      5620     5620.000       307.81      0.07603332  -1313.10759915  -1313.03156583
      5621     5621.000       289.42      0.07148898  -1313.10640202  -1313.03491304
      5622     5622.000       291.99      0.07212556  -1313.10670102  -1313.03457546
      5623     5623.000       295.08      0.07288775  -1313.10674615  -1313.03385839
      5624     5624.000       309.59      0.07647261  -1313.10803601  -1313.03156340
      5625     5625.000       308.10      0.07610478  -1313.10770023  -1313.03159545
      5626     5626.000       320.25      0.07910609  -1313.10840854  -1313.02930245
      5627     5627.000       363.37      0.08975532  -1313.11188726  -1313.02213194
      5628     5628.000       372.33      0.09196975  -1313.11220538  -1313.02023563
      5629     5629.000       367.96      0.09089046  -1313.11209749  -1313.02120703
      5630     5630.000       333.21      0.08230729  -1313.10963427  -1313.02732698
      5631     5631.000       290.26      0.07169796  -1313.10626667  -1313.03456871
      5632     5632.000       290.13      0.07166603  -1313.10650672  -1313.03484069
      5633     5633.000       305.04      0.07534729  -1313.10755605  -1313.03220875
      5634     5634.000       327.94      0.08100414  -1313.10908815  -1313.02808401
      5635     5635.000       349.95      0.08644179  -1313.11089761  -1313.02445582
      5636     5636.000       340.60      0.08413291  -1313.11005307  -1313.02592016
      5637     5637.000       324.21      0.08008270  -1313.10881163  -1313.02872893
      5638     5638.000       321.49      0.07941185  -1313.10874590  -1313.02933405
      5639     5639.000       318.71      0.07872459  -1313.10839347  -1313.02966889
      5640     5640.000       340.83      0.08418841  -1313.10993180  -1313.02574339
      5641     5641.000       364.52      0.09003943  -1313.11210869  -1313.02206926
      5642     5642.000       334.60      0.08264981  -1313.10940547  -1313.02675565
      5643     5643.000       314.02      0.07756716  -1313.10839498  -1313.03082782
      5644     5644.000       272.03      0.06719442  -1313.10511358  -1313.03791916
      5645     5645.000       263.04      0.06497489  -1313.10440333  -1313.03942844
      5646     5646.000       294.34      0.07270475  -1313.10709062  -1313.03438587
      5647     5647.000       293.73      0.07255490  -1313.10678263  -1313.03422773
      5648     5648.000       290.90      0.07185501  -1313.10654403  -1313.03468902
      5649     5649.000       295.88      0.07308609  -1313.10698518  -1313.03389910
      5650     5650.000       297.63      0.07351861  -1313.10691451  -1313.03339590
      5651     5651.000       324.63      0.08018709  -1313.10894395  -1313.02875687
      5652     5652.000       336.09      0.08301875  -1313.11011638  -1313.02709763
      5653     5653.000       294.40      0.07271918  -1313.10651196  -1313.03379278
      5654     5654.000       291.10      0.07190524  -1313.10668793  -1313.03478270
      5655     5655.000       290.91      0.07185710  -1313.10645349  -1313.03459639
      5656     5656.000       315.46      0.07792198  -1313.10816048  -1313.03023850
      5657     5657.000       350.63      0.08660940  -1313.11121198  -1313.02460258
      5658     5658.000       318.04      0.07855956  -1313.10821046  -1313.02965090
      5659     5659.000       309.92      0.07655342  -1313.10787778  -1313.03132435
      5660     5660.000       315.50      0.07793280  -1313.10838212  -1313.03044932
      5661     5661.000       315.48      0.07792787  -1313.10801973  -1313.03009186
      5662     5662.000       343.86      0.08493841  -1313.11057917  -1313.02564076
      5663     5663.000       331.34      0.08184364  -1313.10943016  -1313.02758652
      5664     5664.000       312.84      0.07727378  -1313.10779559  -1313.03052181
      5665     5665.000       336.66      0.08315833  -1313.10999343  -1313.02683511
      5666     5666.000       335.90      0.08297170  -1313.10967358  -1313.02670188
      5667     5667.000       329.08      0.08128560  -1313.10924124  -1313.02795564
      5668     5668.000       314.68      0.07773031  -1313.10847454  -1313.03074423
      5669     5669.000       273.56      0.06757140  -1313.10500190  -1313.03743050
      5670     5670.000       289.00      0.07138658  -1313.10646165  -1313.03507507
      5671     5671.000       312.00      0.07706829  -1313.10827820  -1313.03120991
      5672     5672.000       314.43      0.07766895  -1313.10784359  -1313.03017464
      5673     5673.000       352.82      0.08715130  -1313.11130573  -1313.02415443
      5674     5674.000       348.97      0.08620068  -1313.11036908  -1313.02416841
      5675     5675.000       369.04      0.09115601  -1313.11204010  -1313.02088409
      5676     5676.000       379.26      0.09368106  -1313.11306098  -1313.01937992
      5677     5677.000       341.29      0.08430214  -1313.10986378  -1313.02556164
      5678     5678.000       319.12      0.07882569  -1313.10869537  -1313.02986967
      5679     5679.000       291.42      0.07198508  -1313.10650714  -1313.03452207
      5680     5680.000       277.53      0.06855307  -1313.10562636  -1313.03707329
      5681     5681.000       280.66      0.06932594  -1313.10582603  -1313.03650009
      5682     5682.000       289.36      0.07147553  -1313.10659545  -1313.03511991
      5683     5683.000       297.07      0.07337926  -1313.10669575  -1313.03331649
      5684     5684.000       339.24      0.08379716  -1313.11028905  -1313.02649189
      5685     5685.000       339.61      0.08388693  -1313.10991410  -1313.02602717
      5686     5686.000       333.78      0.08244825  -1313.10965444  -1313.02720620
      5687     5687.000       310.79      0.07676775  -1313.10807169  -1313.03130394
      5688     5688.000       284.76      0.07033903  -1313.10577321  -1313.03543418
      5689     5689.000       308.36      0.07616724  -1313.10798970  -1313.03182245
      5690     5690.000       320.55      0.07917881  -1313.10856427  -1313.02938547
      5691     5691.000       328.39      0.08111613  -1313.10942778  -1313.02831165
      5692     5692.000       300.79      0.07429975  -1313.10724924  -1313.03294950
      5693     5693.000       276.95      0.06841064  -1313.10548630  -1313.03707566
      5694     5694.000       284.03      0.07015976  -1313.10601977  -1313.03586000
      5695     5695.000       318.32      0.07862821  -1313.10839109  -1313.02976288
      5696     5696.000       358.25      0.08849255  -1313.11157554  -1313.02308299
      5697     5697.000       358.02      0.08843557  -1313.11118105  -1313.02274548
      5698     5698.000       343.95      0.08496071  -1313.11044167  -1313.02548096
      5699     5699.000       310.67      0.07673899  -1313.10783665  -1313.03109766
      5700     5700.000       293.16      0.07241390  -1313.10670760  -1313.03429370
      5701     5701.000       290.26      0.07169679  -1313.10650394  -1313.03480714
      5702     5702.000       299.83      0.07406159  -1313.10722105  -1313.03315946
      5703     5703.000       310.32      0.07665210  -1313.10794314  -1313.03129104
      5704     5704.000       326.69      0.08069590  -1313.10899985  -1313.02830395
      5705     5705.000       344.47      0.08508840  -1313.11055636  -1313.02546796
      5706     5706.000       338.67      0.08365527  -1313.10962749  -1313.02597222
      5707     5707.000       348.61      0.08611013  -1313.11094047  -1313.02483034
      5708     5708.000       330.17      0.08155516  -1313.10896721  -1313.02741205
      5709     5709.000       352.34      0.08703085  -1313.11086519  -1313.02383434
      5710     5710.000       376.46      0.09299103  -1313.11272939  -1313.01973835
      5711     5711.000       375.83      0.09283489  -1313.11229633  -1313.01946144
      5712     5712.000       373.42      0.09223827  -1313.11280228  -1313.02056402
      5713     5713.000       312.47      0.07718257  -1313.10775541  -1313.03057284
      5714     5714.000       286.76      0.07083360  -1313.10628857  -1313.03545498
      5715     5715.000       287.32      0.07097136  -1313.10620162  -1313.03523027
      5716     5716.000       306.61      0.07573519  -1313.10771609  -1313.03198090
      5717     5717.000       332.24      0.08206814  -1313.10946211  -1313.02739397
      5718     5718.000       342.15      0.08451401  -1313.11041449  -1313.02590048
      5719     5719.000       319.43      0.07890262  -1313.10832385  -1313.02942123
      5720     5720.000       333.04      0.08226504  -1313.10943715  -1313.02717211
      5721     5721.000       357.16      0.08822339  -1313.11134328  -1313.02311989
      5722     5722.000       371.84      0.09184976  -1313.11187482  -1313.02002506
      5723     5723.000       403.34      0.09962866  -1313.11505890  -1313.01543024
      5724     5724.000       352.36      0.08703591  -1313.11045248  -1313.02341657
      5725     5725.000       325.49      0.08039922  -1313.10920398  -1313.02880476
      5726     5726.000       285.15      0.07043550  -1313.10615161  -1313.03571611
      5727     5727.000       253.18      0.06253898  -1313.10363540  -1313.04109642
      5728     5728.000       278.54      0.06880132  -1313.10585334  -1313.03705202
      5729     5729.000       297.23      0.07342021  -1313.10698070  -1313.03356049
      5730     5730.000       323.53      0.07991523  -1313.10878640  -1313.02887118
      5731     5731.000       352.48      0.08706569  -1313.11115133  -1313.02408564
      5732     5732.000       333.70      0.08242829  -1313.10950304  -1313.02707475
      5733     5733.000       320.71      0.07921976  -1313.10846355  -1313.02924379
      5734     5734.000       330.74      0.08169711  -1313.10960452  -1313.02790740
      5735     5735.000       319.30      0.07887078  -1313.10817573  -1313.02930495
      5736     5736.000       349.02      0.08621162  -1313.11090840  -1313.02469679
      5737     5737.000       343.38      0.08481919  -1313.11033199  -1313.02551280
      5738     5738.000       321.18      0.07933461  -1313.10828034  -1313.02894573
      5739     5739.000       348.86      0.08617251  -1313.11096851  -1313.02479599
      5740     5740.000       342.33      0.08455879  -1313.10990722  -1313.02534842
      5741     5741.000       357.63      0.08833828  -1313.11129921  -1313.02296093
      5742     5742.000       362.76      0.08960536  -1313.11179080  -1313.02218544
      5743     5743.000       344.49      0.08509275  -1313.10985806  -1313.02476532
      5744     5744.000       387.58      0.09573629  -1313.11333435  -1313.01759806
      5745     5745.000       429.87      0.10618272  -1313.11643211  -1313.01024938
      5746     5746.000       432.07      0.10672658  -1313.11640577  -1313.00967919
      5747     5747.000       406.07      0.10030469  -1313.11486390  -1313.01455920
      5748     5748.000       336.71      0.08317101  -1313.10961016  -1313.02643915
      5749     5749.000       297.60      0.07351042  -1313.10658169  -1313.03307127
      5750     5750.000       332.94      0.08224036  -1313.10972205  -1313.02748169
      5751     5751.000       357.33      0.08826450  -1313.11109748  -1313.02283298
      5752     5752.000       384.84      0.09505914  -1313.11322975  -1313.01817061
      5753     5753.000       382.06      0.09437255  -1313.11319744  -1313.01882489
      5754     5754.000       346.99      0.08571130  -1313.11001422  -1313.02430292
      5755     5755.000       361.99      0.08941459  -1313.11173174  -1313.02231715
      5756     5756.000       361.89      0.08939212  -1313.11141623  -1313.02202411
      5757     5757.000       367.88      0.09087110  -1313.11196915  -1313.02109805
      5758     5758.000       363.64      0.08982215  -1313.11175563  -1313.02193348
      5759     5759.000       339.54      0.08387096  -1313.10995034  -1313.02607938
      5760     5760.000       322.24      0.07959745  -1313.10871357  -1313.02911612
      5761     5761.000       309.43      0.07643389  -1313.10792567  -1313.03149178
      5762     5762.000       291.17      0.07192326  -1313.10650774  -1313.03458448
      5763     5763.000       300.02      0.07410854  -1313.10712278  -1313.03301423
      5764     5764.000       320.67      0.07920909  -1313.10883505  -1313.02962596
      5765     5765.000       319.15      0.07883417  -1313.10842225  -1313.02958808
      5766     5766.000       324.70      0.08020534  -1313.10910139  -1313.02889605
      5767     5767.000       309.34      0.07641092  -1313.10777579  -1313.03136487
      5768     5768.000       310.36      0.07666146  -1313.10780080  -1313.03113933
      5769     5769.000       335.23      0.08280530  -1313.10976803  -1313.02696273
      5770     5770.000       348.39      0.08605511  -1313.11060043  -1313.02454532
      5771     5771.000       349.70      0.08637922  -1313.11075581  -1313.02437659
      5772     5772.000       337.05      0.08325561  -1313.10974225  -1313.02648665
      5773     5773.000       324.77      0.08022263  -1313.10891777  -1313.02869514
      5774     5774.000       325.98      0.08052026  -1313.10904396  -1313.02852370
      5775     5775.000       328.78      0.08121300  -1313.10923714  -1313.02802414
      5776     5776.000       322.04      0.07954655  -1313.10883489  -1313.02928833
      5777     5777.000       314.09      0.07758466  -1313.10802657  -1313.03044191
      5778     5778.000       321.56      0.07942905  -1313.10886172  -1313.02943267
      5779     5779.000       319.14      0.07883192  -1313.10838207  -1313.02955015
      5780     5780.000       327.74      0.08095479  -1313.10934349  -1313.02838870
      5781     5781.000       314.35      0.07764877  -1313.10812670  -1313.03047792
      5782     5782.000       305.44      0.07544835  -1313.10749583  -1313.03204749
      5783     5783.000       320.51      0.07916878  -1313.10872891  -1313.02956012
      5784     5784.000       326.62      0.08067999  -1313.10902171  -1313.02834172
      5785     5785.000       329.01      0.08126898  -1313.10943724  -1313.02816826
      5786     5786.000       308.05      0.07609258  -1313.10772042  -1313.03162784
      5787     5787.000       286.25      0.07070819  -1313.10618582  -1313.03547763
      5788     5788.000       291.73      0.07206138  -1313.10641483  -1313.03435346
      5789     5789.000       329.93      0.08149691  -1313.10946225  -1313.02796533
      5790     5790.000       358.35      0.08851669  -1313.11116451  -1313.02264782
      5791     5791.000       384.62      0.09500443  -1313.11332616  -1313.01832173
      5792     5792.000       370.75      0.09157971  -1313.11226843  -1313.02068872
      5793     5793.000       330.63      0.08166815  -1313.10912979  -1313.02746164
      5794     5794.000       315.35      0.07789439  -1313.10846157  -1313.03056718
      5795     5795.000       294.56      0.07275924  -1313.10647902  -1313.03371978
      5796     5796.000       317.39      0.07839940  -1313.10854055  -1313.03014115
      5797     5797.000       341.75      0.08441693  -1313.11016355  -1313.02574662
      5798     5798.000       350.87      0.08666883  -1313.11071214  -1313.02404331
      5799     5799.000       359.97      0.08891599  -1313.11148610  -1313.02257011
      5800     5800.000       352.54      0.08708130  -1313.11085036  -1313.02376906
      5801     5801.000       348.63      0.08611522  -1313.11050931  -1313.02439409
      5802     5802.000       354.10      0.08746594  -1313.11103962  -1313.02357368
      5803     5803.000       348.84      0.08616681  -1313.11068042  -1313.02451361
      5804     5804.000       333.60      0.08240391  -1313.10942646  -1313.02702255
      5805     5805.000       329.30      0.08134063  -1313.10934915  -1313.02800851
      5806     5806.000       324.07      0.08004932  -1313.10875628  -1313.02870696
      5807     5807.000       335.20      0.08279806  -1313.10969242  -1313.02689435
      5808     5808.000       341.35      0.08431817  -1313.11026936  -1313.02595118
      5809     5809.000       329.07      0.08128426  -1313.10896673  -1313.02768247
      5810     5810.000       343.22      0.08477934  -1313.11042570  -1313.02564637
      5811     5811.000       338.18      0.08353417  -1313.10973598  -1313.02620181
      5812     5812.000       346.95      0.08569987  -1313.11046162  -1313.02476175
      5813     5813.000       356.39      0.08803217  -1313.11129625  -1313.02326408
      5814     5814.000       348.68      0.08612717  -1313.11043273  -1313.02430555
      5815     5815.000       357.97      0.08842216  -1313.11133349  -1313.02291132
      5816     5816.000       357.35      0.08827022  -1313.11114995  -1313.02287972
      5817     5817.000       352.47      0.08706312  -1313.11105669  -1313.02399357
      5818     5818.000       328.73      0.08120112  -1313.10897869  -1313.02777757
      5819     5819.000       326.94      0.08075676  -1313.10922999  -1313.02847323
      5820     5820.000       327.68      0.08094057  -1313.10884970  -1313.02790912
      5821     5821.000       367.09      0.09067504  -1313.11194800  -1313.02127296
      5822     5822.000       397.34      0.09814652  -1313.11417500  -1313.01602848
      5823     5823.000       396.31      0.09789416  -1313.11384661  -1313.01595245
      5824     5824.000       387.07      0.09561038  -1313.11345713  -1313.01784675
      5825     5825.000       352.81      0.08714706  -1313.11071338  -1313.02356633
      5826     5826.000       338.45      0.08360160  -1313.10996110  -1313.02635951
      5827     5827.000       328.69      0.08119000  -1313.10899540  -1313.02780540
      5828     5828.000       343.28      0.08479315  -1313.11030593  -1313.02551278
      5829     5829.000       363.95      0.08990076  -1313.11150250  -1313.02160174
      5830     5830.000       397.70      0.09823651  -1313.11420886  -1313.01597235
      5831     5831.000       397.60      0.09821105  -1313.11409320  -1313.01588215
      5832     5832.000       378.32      0.09344828  -1313.11250640  -1313.01905812
      5833     5833.000       366.80      0.09060259  -1313.11203395  -1313.02143136
      5834     5834.000       348.11      0.08598829  -1313.11016446  -1313.02417618
      5835     5835.000       375.27      0.09269567  -1313.11270436  -1313.02000869
      5836     5836.000       375.05      0.09264072  -1313.11235766  -1313.01971694
      5837     5837.000       375.28      0.09269787  -1313.11243212  -1313.01973425
      5838     5838.000       382.83      0.09456279  -1313.11300747  -1313.01844467
      5839     5839.000       379.76      0.09380419  -1313.11272658  -1313.01892240
      5840     5840.000       379.42      0.09372196  -1313.11284986  -1313.01912790
      5841     5841.000       356.52      0.08806421  -1313.11125453  -1313.02319031
      5842     5842.000       309.58      0.07646943  -1313.10775460  -1313.03128517
      5843     5843.000       292.85      0.07233676  -1313.10643088  -1313.03409412
      5844     5844.000       329.26      0.08133069  -1313.10928901  -1313.02795832
      5845     5845.000       373.02      0.09214107  -1313.11220901  -1313.02006794
      5846     5846.000       413.80      0.10221240  -1313.11550079  -1313.01328839
      5847     5847.000       392.66      0.09699067  -1313.11370753  -1313.01671685
      5848     5848.000       351.95      0.08693504  -1313.11060544  -1313.02367040
      5849     5849.000       338.80      0.08368857  -1313.11011301  -1313.02642444
      5850     5850.000       316.63      0.07821140  -1313.10796117  -1313.02974977
      5851     5851.000       342.18      0.08452288  -1313.11045239  -1313.02592951
      5852     5852.000       341.36      0.08432063  -1313.11004581  -1313.02572518
      5853     5853.000       336.10      0.08301985  -1313.10968437  -1313.02666452
      5854     5854.000       336.01      0.08299937  -1313.10985037  -1313.02685100
      5855     5855.000       322.25      0.07960042  -1313.10865837  -1313.02905795
      5856     5856.000       324.28      0.08009973  -1313.10893486  -1313.02883513
      5857     5857.000       324.43      0.08013887  -1313.10894651  -1313.02880764
      5858     5858.000       322.51      0.07966449  -1313.10876793  -1313.02910344
      5859     5859.000       327.05      0.08078552  -1313.10895711  -1313.02817160
      5860     5860.000       344.69      0.08514124  -1313.11058494  -1313.02544370
      5861     5861.000       341.58      0.08437424  -1313.10975175  -1313.02537751
      5862     5862.000       367.04      0.09066282  -1313.11223216  -1313.02156934
      5863     5863.000       354.39      0.08753903  -1313.11092097  -1313.02338194
      5864     5864.000       338.82      0.08369139  -1313.10993657  -1313.02624518
      5865     5865.000       320.00      0.07904309  -1313.10875680  -1313.02971372
      5866     5866.000       290.62      0.07178621  -1313.10619374  -1313.03440753
      5867     5867.000       318.93      0.07877809  -1313.10863959  -1313.02986150
      5868     5868.000       348.02      0.08596467  -1313.11042221  -1313.02445754
      5869     5869.000       391.23      0.09663736  -1313.11372643  -1313.01708908
      5870     5870.000       407.31      0.10061034  -1313.11484702  -1313.01423669
      5871     5871.000       382.80      0.09455675  -1313.11299126  -1313.01843450
      5872     5872.000       351.94      0.08693435  -1313.11079371  -1313.02385937
      5873     5873.000       325.83      0.08048303  -1313.10901924  -1313.02853620
      5874     5874.000       311.03      0.07682698  -1313.10784655  -1313.03101957
      5875     5875.000       319.71      0.07897205  -1313.10855022  -1313.02957817
      5876     5876.000       338.12      0.08351857  -1313.10990606  -1313.02638749
      5877     5877.000       354.00      0.08744195  -1313.11082261  -1313.02338065
      5878     5878.000       379.44      0.09372688  -1313.11302869  -1313.01930181
      5879     5879.000       367.14      0.09068722  -1313.11172764  -1313.02104042
      5880     5880.000       365.08      0.09018011  -1313.11176542  -1313.02158531
      5881     5881.000       363.20      0.08971392  -1313.11166969  -1313.02195577
      5882     5882.000       357.35      0.08827064  -1313.11093749  -1313.02266685
      5883     5883.000       381.78      0.09430415  -1313.11316038  -1313.01885623
      5884     5884.000       378.93      0.09359986  -1313.11246303  -1313.01886317
      5885     5885.000       397.16      0.09810248  -1313.11409001  -1313.01598753
      5886     5886.000       395.30      0.09764278  -1313.11403413  -1313.01639135
      5887     5887.000       362.57      0.08955939  -1313.11134593  -1313.02178654
      5888     5888.000       350.24      0.08651254  -1313.11086840  -1313.02435586
      5889     5889.000       335.26      0.08281282  -1313.10940670  -1313.02659387
      5890     5890.000       354.88      0.08766055  -1313.11113474  -1313.02347418
      5891     5891.000       368.76      0.09108877  -1313.11198916  -1313.02090039
      5892     5892.000       367.97      0.09089269  -1313.11205671  -1313.02116402
      5893     5893.000       354.55      0.08757780  -1313.11083065  -1313.02325285
      5894     5894.000       358.11      0.08845697  -1313.11138458  -1313.02292761
      5895     5895.000       357.37      0.08827563  -1313.11101258  -1313.02273695
      5896     5896.000       375.72      0.09280588  -1313.11267254  -1313.01986666
      5897     5897.000       362.36      0.08950640  -1313.11173591  -1313.02222951
      5898     5898.000       325.50      0.08040268  -1313.10864889  -1313.02824622
      5899     5899.000       322.90      0.07975898  -1313.10911328  -1313.02935431
      5900     5900.000       312.68      0.07723505  -1313.10756782  -1313.03033278
      5901     5901.000       360.80      0.08912155  -1313.11180958  -1313.02268803
      5902     5902.000       368.35      0.09098765  -1313.11205295  -1313.02106530
      5903     5903.000       349.96      0.08644484  -1313.11059335  -1313.02414851
      5904     5904.000       338.26      0.08355393  -1313.10998996  -1313.02643603
      5905     5905.000       319.68      0.07896552  -1313.10828232  -1313.02931681
      5906     5906.000       347.24      0.08577172  -1313.11052383  -1313.02475212
      5907     5907.000       381.52      0.09423930  -1313.11296213  -1313.01872283
      5908     5908.000       393.50      0.09719932  -1313.11371957  -1313.01652025
      5909     5909.000       399.53      0.09868908  -1313.11414496  -1313.01545588
      5910     5910.000       389.28      0.09615537  -1313.11359564  -1313.01744027
      5911     5911.000       360.52      0.08905158  -1313.11120467  -1313.02215309
      5912     5912.000       359.73      0.08885620  -1313.11144206  -1313.02258586
      5913     5913.000       351.01      0.08670358  -1313.11069677  -1313.02399319
      5914     5914.000       361.39      0.08926763  -1313.11121999  -1313.02195235
      5915     5915.000       395.21      0.09762243  -1313.11428373  -1313.01666131
      5916     5916.000       376.28      0.09294570  -1313.11216126  -1313.01921556
      5917     5917.000       382.37      0.09444979  -1313.11317800  -1313.01872821
      5918     5918.000       367.77      0.09084417  -1313.11181123  -1313.02096706
      5919     5919.000       364.30      0.08998568  -1313.11141751  -1313.02143183
      5920     5920.000       393.01      0.09707822  -1313.11408325  -1313.01700502
      5921     5921.000       370.26      0.09145916  -1313.11192552  -1313.02046636
      5922     5922.000       349.94      0.08643958  -1313.11082581  -1313.02438623
      5923     5923.000       325.39      0.08037441  -1313.10888112  -1313.02850671
      5924     5924.000       315.23      0.07786631  -1313.10808350  -1313.03021719
      5925     5925.000       343.99      0.08497043  -1313.11025735  -1313.02528692
      5926     5926.000       375.92      0.09285671  -1313.11270652  -1313.01984980
      5927     5927.000       381.23      0.09416706  -1313.11267457  -1313.01850752
      5928     5928.000       400.12      0.09883495  -1313.11432440  -1313.01548946
      5929     5929.000       396.03      0.09782504  -1313.11399759  -1313.01617255
      5930     5930.000       377.39      0.09322029  -1313.11234858  -1313.01912829
      5931     5931.000       370.03      0.09140211  -1313.11254514  -1313.02114304
      5932     5932.000       319.98      0.07903863  -1313.10813537  -1313.02909674
      5933     5933.000       321.42      0.07939354  -1313.10887221  -1313.02947867
      5934     5934.000       322.94      0.07976871  -1313.10873246  -1313.02896375
      5935     5935.000       330.70      0.08168691  -1313.10935216  -1313.02766525
      5936     5936.000       335.60      0.08289641  -1313.10985467  -1313.02695825
      5937     5937.000       318.09      0.07857189  -1313.10834635  -1313.02977446
      5938     5938.000       320.24      0.07910312  -1313.10854990  -1313.02944679
      5939     5939.000       339.39      0.08383414  -1313.10994325  -1313.02610910
      5940     5940.000       354.98      0.08768398  -1313.11117528  -1313.02349131
      5941     5941.000       353.51      0.08731981  -1313.11083601  -1313.02351620
      5942     5942.000       350.41      0.08655418  -1313.11089230  -1313.02433812
      5943     5943.000       335.15      0.08278565  -1313.10939864  -1313.02661298
      5944     5944.000       355.28      0.08775724  -1313.11113048  -1313.02337323
      5945     5945.000       371.22      0.09169517  -1313.11221209  -1313.02051692
      5946     5946.000       382.15      0.09439615  -1313.11284453  -1313.01844838
      5947     5947.000       392.40      0.09692618  -1313.11388273  -1313.01695654
      5948     5948.000       367.46      0.09076725  -1313.11176693  -1313.02099968
      5949     5949.000       357.51      0.08830984  -1313.11122233  -1313.02291250
      5950     5950.000       354.02      0.08744715  -1313.11087078  -1313.02342363
      5951     5951.000       365.10      0.09018414  -1313.11169300  -1313.02150886
      5952     5952.000       384.31      0.09493000  -1313.11314802  -1313.01821802
      5953     5953.000       391.83      0.09678759  -1313.11358621  -1313.01679862
      5954     5954.000       385.60      0.09524784  -1313.11327133  -1313.01802349
      5955     5955.000       366.12      0.09043656  -1313.11166258  -1313.02122601
      5956     5956.000       361.46      0.08928490  -1313.11151170  -1313.02222680
      5957     5957.000       361.21      0.08922416  -1313.11130617  -1313.02208201
      5958     5958.000       380.79      0.09405822  -1313.11293679  -1313.01887858
      5959     5959.000       382.05      0.09437016  -1313.11299150  -1313.01862134
      5960     5960.000       369.16      0.09118779  -1313.11199212  -1313.02080433
      5961     5961.000       358.64      0.08858763  -1313.11124364  -1313.02265601
      5962     5962.000       362.44      0.08952631  -1313.11138301  -1313.02185670
      5963     5963.000       387.44      0.09570160  -1313.11343043  -1313.01772883
      5964     5964.000       394.94      0.09755458  -1313.11379089  -1313.01623630
      5965     5965.000       386.14      0.09538033  -1313.11344156  -1313.01806123
      5966     5966.000       347.30      0.08578602  -1313.11032750  -1313.02454148
      5967     5967.000       331.34      0.08184498  -1313.10934652  -1313.02750154
      5968     5968.000       331.36      0.08185011  -1313.10930531  -1313.02745520
      5969     5969.000       354.50      0.08756654  -1313.11098149  -1313.02341495
      5970     5970.000       373.57      0.09227509  -1313.11258496  -1313.02030987
      5971     5971.000       354.98      0.08768450  -1313.11089989  -1313.02321538
      5972     5972.000       340.35      0.08406960  -1313.11018553  -1313.02611593
      5973     5973.000       314.54      0.07769595  -1313.10793830  -1313.03024236
      5974     5974.000       326.81      0.08072526  -1313.10907561  -1313.02835035
      5975     5975.000       353.98      0.08743646  -1313.11097543  -1313.02353897
      5976     5976.000       376.23      0.09293370  -1313.11258438  -1313.01965068
      5977     5977.000       380.03      0.09387189  -1313.11289195  -1313.01902007
      5978     5978.000       362.97      0.08965833  -1313.11159166  -1313.02193333
      5979     5979.000       338.53      0.08362010  -1313.10985850  -1313.02623840
      5980     5980.000       323.17      0.07982607  -1313.10875325  -1313.02892718
      5981     5981.000       318.46      0.07866440  -1313.10856021  -1313.02989580
      5982     5982.000       313.11      0.07734180  -1313.10797493  -1313.03063313
      5983     5983.000       333.55      0.08238987  -1313.10959385  -1313.02720398
      5984     5984.000       355.98      0.08793161  -1313.11109759  -1313.02316597
      5985     5985.000       375.98      0.09287170  -1313.11252210  -1313.01965040
      5986     5986.000       382.30      0.09443243  -1313.11320467  -1313.01877224
      5987     5987.000       350.13      0.08648515  -1313.11050412  -1313.02401896
      5988     5988.000       336.39      0.08309150  -1313.10972037  -1313.02662886
      5989     5989.000       343.16      0.08476463  -1313.11013155  -1313.02536693
      5990     5990.000       364.03      0.08991867  -1313.11165788  -1313.02173921
      5991     5991.000       379.68      0.09378598  -1313.11295267  -1313.01916669
      5992     5992.000       366.27      0.09047340  -1313.11182130  -1313.02134791
      5993     5993.000       348.94      0.08619159  -1313.11051023  -1313.02431864
      5994     5994.000       355.14      0.08772256  -1313.11080025  -1313.02307768
      5995     5995.000       397.23      0.09811956  -1313.11411619  -1313.01599663
      5996     5996.000       422.71      0.10441364  -1313.11569973  -1313.01128609
      5997     5997.000       429.41      0.10606802  -1313.11647471  -1313.01040669
      5998     5998.000       395.46      0.09768240  -1313.11375221  -1313.01606981
      5999     5999.000       364.03      0.08992073  -1313.11157357  -1313.02165285
      6000     6000.000       352.92      0.08717515  -1313.11089312  -1313.02371798
      6001     6001.000       353.42      0.08729988  -1313.11076108  -1313.02346120
      6002     6002.000       373.89      0.09235491  -1313.11247516  -1313.02012025
      6003     6003.000       379.84      0.09382356  -1313.11275923  -1313.01893567
      6004     6004.000       380.19      0.09391132  -1313.11283023  -1313.01891892
      6005     6005.000       370.24      0.09145263  -1313.11213468  -1313.02068205
      6006     6006.000       351.76      0.08688875  -1313.11082690  -1313.02393815
      6007     6007.000       343.21      0.08477746  -1313.10996259  -1313.02518514
      6008     6008.000       368.89      0.09112117  -1313.11210340  -1313.02098223
      6009     6009.000       386.83      0.09555224  -1313.11330410  -1313.01775187
      6010     6010.000       391.09      0.09660453  -1313.11350720  -1313.01690267
      6011     6011.000       381.47      0.09422745  -1313.11313272  -1313.01890527
      6012     6012.000       344.25      0.08503391  -1313.10995201  -1313.02491809
      6013     6013.000       355.03      0.08769622  -1313.11102174  -1313.02332552
      6014     6014.000       373.50      0.09225891  -1313.11246501  -1313.02020610
      6015     6015.000       372.08      0.09190771  -1313.11218418  -1313.02027647
      6016     6016.000       371.89      0.09186187  -1313.11233464  -1313.02047276
      6017     6017.000       355.33      0.08777069  -1313.11089097  -1313.02312028
      6018     6018.000       372.18      0.09193316  -1313.11201790  -1313.02008473
      6019     6019.000       420.07      0.10376106  -1313.11579739  -1313.01203633
      6020     6020.000       427.09      0.10549613  -1313.11612065  -1313.01062452
      6021     6021.000       406.97      0.10052625  -1313.11470661  -1313.01418035
      6022     6022.000       371.45      0.09175223  -1313.11218609  -1313.02043386
      6023     6023.000       338.87      0.08370541  -1313.10965690  -1313.02595149
      6024     6024.000       357.38      0.08827751  -1313.11112065  -1313.02284313
      6025     6025.000       386.51      0.09547289  -1313.11344702  -1313.01797413
      6026     6026.000       388.51      0.09596646  -1313.11320455  -1313.01723809
      6027     6027.000       393.54      0.09720944  -1313.11404946  -1313.01684002
      6028     6028.000       356.26      0.08800099  -1313.11084185  -1313.02284086
      6029     6029.000       350.88      0.08667165  -1313.11075469  -1313.02408303
      6030     6030.000       355.87      0.08790483  -1313.11117397  -1313.02326914
      6031     6031.000       358.78      0.08862179  -1313.11095577  -1313.02233398
      6032     6032.000       403.94      0.09977790  -1313.11471672  -1313.01493882
      6033     6033.000       426.41      0.10532755  -1313.11587730  -1313.01054975
      6034     6034.000       444.19      0.10971963  -1313.11734128  -1313.00762164
      6035     6035.000       437.43      0.10805018  -1313.11696300  -1313.00891282
      6036     6036.000       391.25      0.09664391  -1313.11345139  -1313.01680747
      6037     6037.000       361.46      0.08928368  -1313.11125328  -1313.02196960
      6038     6038.000       367.16      0.09069144  -1313.11203826  -1313.02134682
      6039     6039.000       366.78      0.09059847  -1313.11155868  -1313.02096021
      6040     6040.000       399.01      0.09856021  -1313.11425818  -1313.01569797
      6041     6041.000       407.42      0.10063840  -1313.11479934  -1313.01416095
      6042     6042.000       404.57      0.09993260  -1313.11414468  -1313.01421208
      6043     6043.000       431.18      0.10650560  -1313.11672275  -1313.01021715
      6044     6044.000       416.93      0.10298687  -1313.11504506  -1313.01205819
      6045     6045.000       427.54      0.10560745  -1313.11613761  -1313.01053015
      6046     6046.000       427.23      0.10553090  -1313.11624256  -1313.01071165
      6047     6047.000       399.35      0.09864505  -1313.11387547  -1313.01523042
      6048     6048.000       396.13      0.09784791  -1313.11402984  -1313.01618192
      6049     6049.000       382.48      0.09447660  -1313.11289277  -1313.01841617
      6050     6050.000       374.36      0.09247037  -1313.11225520  -1313.01978483
      6051     6051.000       383.70      0.09477810  -1313.11311869  -1313.01834059
      6052     6052.000       376.42      0.09298027  -1313.11255534  -1313.01957508
      6053     6053.000       366.60      0.09055387  -1313.11173349  -1313.02117962
      6054     6054.000       364.10      0.08993644  -1313.11177355  -1313.02183712
      6055     6055.000       354.65      0.08760219  -1313.11076627  -1313.02316408
      6056     6056.000       383.50      0.09472858  -1313.11300372  -1313.01827514
      6057     6057.000       413.10      0.10203921  -1313.11523450  -1313.01319529
      6058     6058.000       416.79      0.10295179  -1313.11522896  -1313.01227718
      6059     6059.000       409.69      0.10119927  -1313.11522416  -1313.01402489
      6060     6060.000       350.55      0.08658891  -1313.11045901  -1313.02387010
      6061     6061.000       322.25      0.07959945  -1313.10863864  -1313.02903919
      6062     6062.000       325.56      0.08041764  -1313.10897210  -1313.02855446
      6063     6063.000       346.24      0.08552500  -1313.11018588  -1313.02466088
      6064     6064.000       394.51      0.09744812  -1313.11406730  -1313.01661918
      6065     6065.000       404.67      0.09995864  -1313.11444199  -1313.01448335
      6066     6066.000       399.99      0.09880165  -1313.11427150  -1313.01546985
      6067     6067.000       381.39      0.09420774  -1313.11274234  -1313.01853460
      6068     6068.000       372.94      0.09212101  -1313.11231023  -1313.02018922
      6069     6069.000       372.92      0.09211459  -1313.11213043  -1313.02001584
      6070     6070.000       388.35      0.09592777  -1313.11356187  -1313.01763410
      6071     6071.000       378.91      0.09359416  -1313.11266273  -1313.01906857
      6072     6072.000       368.57      0.09104038  -1313.11197796  -1313.02093758
      6073     6073.000       363.74      0.08984779  -1313.11163095  -1313.02178316
      6074     6074.000       367.43      0.09075908  -1313.11172387  -1313.02096480
      6075     6075.000       394.72      0.09750002  -1313.11401082  -1313.01651081
      6076     6076.000       397.81      0.09826457  -1313.11391620  -1313.01565162
      6077     6077.000       399.23      0.09861494  -1313.11429165  -1313.01567672
      6078     6078.000       376.04      0.09288609  -1313.11243415  -1313.01954807
      6079     6079.000       359.95      0.08891138  -1313.11130673  -1313.02239535
      6080     6080.000       359.48      0.08879637  -1313.11140786  -1313.02261149
      6081     6081.000       358.51      0.08855596  -1313.11114358  -1313.02258762
      6082     6082.000       376.89      0.09309569  -1313.11260148  -1313.01950580
      6083     6083.000       392.62      0.09698172  -1313.11358096  -1313.01659923
      6084     6084.000       411.40      0.10161931  -1313.11504490  -1313.01342559
      6085     6085.000       402.62      0.09945270  -1313.11454334  -1313.01509064
      6086     6086.000       364.18      0.08995646  -1313.11157428  -1313.02161781
      6087     6087.000       335.63      0.08290515  -1313.10964617  -1313.02674102
      6088     6088.000       327.83      0.08097882  -1313.10893567  -1313.02795685
      6089     6089.000       359.79      0.08887190  -1313.11138905  -1313.02251715
      6090     6090.000       392.23      0.09688434  -1313.11373069  -1313.01684635
      6091     6091.000       396.51      0.09794352  -1313.11411104  -1313.01616752
      6092     6092.000       371.10      0.09166554  -1313.11202498  -1313.02035943
      6093     6093.000       362.39      0.08951407  -1313.11154636  -1313.02203229
      6094     6094.000       358.51      0.08855637  -1313.11121739  -1313.02266102
      6095     6095.000       370.04      0.09140506  -1313.11208868  -1313.02068362
      6096     6096.000       372.88      0.09210597  -1313.11256160  -1313.02045563
      6097     6097.000       347.41      0.08581440  -1313.11011748  -1313.02430309
      6098     6098.000       370.59      0.09153902  -1313.11230437  -1313.02076535
      6099     6099.000       383.42      0.09471009  -1313.11286978  -1313.01815969
      6100     6100.000       411.33      0.10160276  -1313.11499464  -1313.01339188
      6101     6101.000       424.92      0.10496076  -1313.11615781  -1313.01119705
      6102     6102.000       395.95      0.09780462  -1313.11380200  -1313.01599738
      6103     6103.000       364.54      0.09004611  -1313.11180191  -1313.02175580
      6104     6104.000       332.44      0.08211606  -1313.10931288  -1313.02719682
      6105     6105.000       318.67      0.07871591  -1313.10847943  -1313.02976351
      6106     6106.000       328.76      0.08120866  -1313.10904466  -1313.02783600
      6107     6107.000       359.48      0.08879675  -1313.11160258  -1313.02280582
      6108     6108.000       361.91      0.08939632  -1313.11135371  -1313.02195738
      6109     6109.000       367.28      0.09072262  -1313.11227702  -1313.02155439
      6110     6110.000       322.85      0.07974812  -1313.10861387  -1313.02886574
      6111     6111.000       305.43      0.07544447  -1313.10735689  -1313.03191242
      6112     6112.000       335.12      0.08277859  -1313.10978608  -1313.02700749
      6113     6113.000       373.07      0.09215192  -1313.11196237  -1313.01981045
      6114     6114.000       435.78      0.10764214  -1313.11715721  -1313.00951507
      6115     6115.000       426.20      0.10527674  -1313.11610971  -1313.01083297
      6116     6116.000       374.26      0.09244536  -1313.11236910  -1313.01992374
      6117     6117.000       319.50      0.07891920  -1313.10853114  -1313.02961193
      6118     6118.000       283.92      0.07013056  -1313.10590751  -1313.03577694
      6119     6119.000       294.89      0.07284075  -1313.10673786  -1313.03389711
      6120     6120.000       335.78      0.08294083  -1313.10982696  -1313.02688613
      6121     6121.000       359.10      0.08870263  -1313.11139834  -1313.02269571
      6122     6122.000       370.90      0.09161599  -1313.11211293  -1313.02049694
      6123     6123.000       371.23      0.09169864  -1313.11248103  -1313.02078239
      6124     6124.000       341.98      0.08447250  -1313.10968611  -1313.02521361
      6125     6125.000       360.34      0.08900912  -1313.11163245  -1313.02262334
      6126     6126.000       361.74      0.08935383  -1313.11150380  -1313.02214997
      6127     6127.000       359.44      0.08878479  -1313.11124545  -1313.02246066
      6128     6128.000       356.87      0.08815110  -1313.11150814  -1313.02335705
      6129     6129.000       318.23      0.07860696  -1313.10812463  -1313.02951766
      6130     6130.000       322.20      0.07958659  -1313.10892131  -1313.02933472
      6131     6131.000       325.01      0.08028052  -1313.10883056  -1313.02855004
      6132     6132.000       335.14      0.08278402  -1313.10977935  -1313.02699533
      6133     6133.000       338.47      0.08360482  -1313.10987138  -1313.02626657
      6134     6134.000       331.79      0.08195625  -1313.10955943  -1313.02760318
      6135     6135.000       319.82      0.07900020  -1313.10838720  -1313.02938700
      6136     6136.000       337.99      0.08348780  -1313.10994719  -1313.02645939
      6137     6137.000       347.48      0.08583213  -1313.11060201  -1313.02476987
      6138     6138.000       348.55      0.08609462  -1313.11043117  -1313.02433655
      6139     6139.000       354.98      0.08768518  -1313.11142972  -1313.02374454
      6140     6140.000       319.55      0.07893256  -1313.10818538  -1313.02925282
      6141     6141.000       318.63      0.07870421  -1313.10881199  -1313.03010778
      6142     6142.000       295.41      0.07297037  -1313.10672538  -1313.03375501
      6143     6143.000       295.46      0.07298106  -1313.10680699  -1313.03382593
      6144     6144.000       320.27      0.07911122  -1313.10875593  -1313.02964471
      6145     6145.000       329.82      0.08146844  -1313.10922818  -1313.02775974
      6146     6146.000       340.95      0.08421871  -1313.11025974  -1313.02604102
      6147     6147.000       329.74      0.08144987  -1313.10918495  -1313.02773508
      6148     6148.000       321.66      0.07945250  -1313.10876833  -1313.02931584
      6149     6149.000       321.68      0.07945837  -1313.10854258  -1313.02908421
      6150     6150.000       342.13      0.08450999  -1313.11034488  -1313.02583490
      6151     6151.000       339.60      0.08388513  -1313.10989958  -1313.02601445
      6152     6152.000       334.99      0.08274588  -1313.10985898  -1313.02711310
      6153     6153.000       308.68      0.07624694  -1313.10775816  -1313.03151122
      6154     6154.000       292.80      0.07232392  -1313.10652945  -1313.03420553
      6155     6155.000       309.43      0.07643358  -1313.10799960  -1313.03156601
      6156     6156.000       322.46      0.07965070  -1313.10858425  -1313.02893355
      6157     6157.000       354.13      0.08747439  -1313.11116887  -1313.02369448
      6158     6158.000       364.10      0.08993586  -1313.11164095  -1313.02170509
      6159     6159.000       369.58      0.09129136  -1313.11204865  -1313.02075729
      6160     6160.000       371.04      0.09165163  -1313.11226563  -1313.02061400
      6161     6161.000       363.48      0.08978261  -1313.11141397  -1313.02163137
      6162     6162.000       375.52      0.09275742  -1313.11259600  -1313.01983858
      6163     6163.000       382.44      0.09446737  -1313.11278381  -1313.01831644
      6164     6164.000       402.38      0.09939150  -1313.11456991  -1313.01517841
      6165     6165.000       387.27      0.09565939  -1313.11329538  -1313.01763599
      6166     6166.000       357.55      0.08831916  -1313.11127089  -1313.02295173
      6167     6167.000       325.88      0.08049693  -1313.10890099  -1313.02840406
      6168     6168.000       318.10      0.07857312  -1313.10831150  -1313.02973838
      6169     6169.000       340.63      0.08414012  -1313.11016234  -1313.02602222
      6170     6170.000       362.28      0.08948713  -1313.11139561  -1313.02190848
      6171     6171.000       387.94      0.09582469  -1313.11355269  -1313.01772800
      6172     6172.000       387.14      0.09562825  -1313.11313046  -1313.01750222
      6173     6173.000       385.32      0.09517763  -1313.11338212  -1313.01820448
      6174     6174.000       354.64      0.08759995  -1313.11085434  -1313.02325440
      6175     6175.000       336.70      0.08316858  -1313.10991374  -1313.02674516
      6176     6176.000       310.85      0.07678271  -1313.10781970  -1313.03103699
      6177     6177.000       310.40      0.07667278  -1313.10776720  -1313.03109442
      6178     6178.000       337.15      0.08327997  -1313.11001858  -1313.02673861
      6179     6179.000       348.05      0.08597128  -1313.11035082  -1313.02437954
      6180     6180.000       367.97      0.09089397  -1313.11222243  -1313.02132846
      6181     6181.000       359.41      0.08877884  -1313.11118394  -1313.02240510
      6182     6182.000       363.55      0.08980198  -1313.11162225  -1313.02182027
      6183     6183.000       372.82      0.09209048  -1313.11235749  -1313.02026701
      6184     6184.000       367.63      0.09080817  -1313.11197192  -1313.02116374
      6185     6185.000       348.39      0.08605600  -1313.11057379  -1313.02451779
      6186     6186.000       332.52      0.08213651  -1313.10938632  -1313.02724981
      6187     6187.000       333.02      0.08226082  -1313.10944609  -1313.02718527
      6188     6188.000       354.53      0.08757382  -1313.11085075  -1313.02327693
      6189     6189.000       385.99      0.09534374  -1313.11353585  -1313.01819211
      6190     6190.000       377.43      0.09322974  -1313.11247992  -1313.01925018
      6191     6191.000       366.88      0.09062373  -1313.11195008  -1313.02132635
      6192     6192.000       349.51      0.08633375  -1313.11059841  -1313.02426466
      6193     6193.000       350.51      0.08658039  -1313.11052453  -1313.02394415
      6194     6194.000       377.02      0.09312831  -1313.11277491  -1313.01964660
      6195     6195.000       379.39      0.09371378  -1313.11270412  -1313.01899034
      6196     6196.000       370.53      0.09152460  -1313.11232721  -1313.02080260
      6197     6197.000       332.22      0.08206257  -1313.10943021  -1313.02736764
      6198     6198.000       295.08      0.07288831  -1313.10675158  -1313.03386327
      6199     6199.000       294.21      0.07267263  -1313.10667479  -1313.03400216
      6200     6200.000       325.54      0.08041155  -1313.10893351  -1313.02852196
      6201     6201.000       373.11      0.09216233  -1313.11240986  -1313.02024754
      6202     6202.000       406.06      0.10030179  -1313.11466727  -1313.01436548
      6203     6203.000       404.81      0.09999294  -1313.11471711  -1313.01472417
      6204     6204.000       376.40      0.09297511  -1313.11226398  -1313.01928887
      6205     6205.000       371.30      0.09171651  -1313.11235382  -1313.02063731
      6206     6206.000       357.97      0.08842347  -1313.11103743  -1313.02261395
      6207     6207.000       368.28      0.09097005  -1313.11206642  -1313.02109637
      6208     6208.000       369.05      0.09115952  -1313.11208002  -1313.02092050
      6209     6209.000       356.75      0.08812102  -1313.11100965  -1313.02288863
      6210     6210.000       365.07      0.09017529  -1313.11184268  -1313.02166739
      6211     6211.000       366.27      0.09047217  -1313.11174157  -1313.02126940
      6212     6212.000       367.26      0.09071786  -1313.11204271  -1313.02132486
      6213     6213.000       355.58      0.08783118  -1313.11100730  -1313.02317612
      6214     6214.000       342.52      0.08460668  -1313.11023396  -1313.02562728
      6215     6215.000       332.06      0.08202292  -1313.10927383  -1313.02725091
      6216     6216.000       344.35      0.08505927  -1313.11043539  -1313.02537613
      6217     6217.000       344.78      0.08516471  -1313.11027908  -1313.02511437
      6218     6218.000       346.48      0.08558523  -1313.11048570  -1313.02490047
      6219     6219.000       342.16      0.08451728  -1313.11030316  -1313.02578588
      6220     6220.000       317.58      0.07844491  -1313.10829382  -1313.02984891
      6221     6221.000       304.59      0.07523725  -1313.10768109  -1313.03244385
      6222     6222.000       282.67      0.06982261  -1313.10591308  -1313.03609047
      6223     6223.000       281.63      0.06956523  -1313.10583852  -1313.03627329
      6224     6224.000       304.95      0.07532701  -1313.10770764  -1313.03238064
      6225     6225.000       312.27      0.07713512  -1313.10805990  -1313.03092477
      6226     6226.000       315.50      0.07793083  -1313.10834667  -1313.03041584
      6227     6227.000       313.00      0.07731563  -1313.10818340  -1313.03086777
      6228     6228.000       306.47      0.07570201  -1313.10752578  -1313.03182378
      6229     6229.000       324.29      0.08010353  -1313.10887482  -1313.02877129
      6230     6230.000       347.02      0.08571663  -1313.11068000  -1313.02496337
      6231     6231.000       344.03      0.08498017  -1313.11019529  -1313.02521511
      6232     6232.000       341.94      0.08446246  -1313.11027642  -1313.02581396
      6233     6233.000       321.42      0.07939523  -1313.10872605  -1313.02933082
      6234     6234.000       304.90      0.07531374  -1313.10739760  -1313.03208386
      6235     6235.000       309.84      0.07653517  -1313.10816476  -1313.03162958
      6236     6236.000       294.87      0.07283575  -1313.10659713  -1313.03376138
      6237     6237.000       315.55      0.07794422  -1313.10831944  -1313.03037521
      6238     6238.000       344.03      0.08497900  -1313.11036863  -1313.02538963
      6239     6239.000       366.83      0.09061082  -1313.11177529  -1313.02116447
      6240     6240.000       389.16      0.09612675  -1313.11371168  -1313.01758493
      6241     6241.000       371.22      0.09169557  -1313.11209439  -1313.02039882
      6242     6242.000       354.65      0.08760324  -1313.11097171  -1313.02336848
      6243     6243.000       354.00      0.08744253  -1313.11090258  -1313.02346005
      6244     6244.000       358.60      0.08857784  -1313.11139401  -1313.02281618
      6245     6245.000       355.46      0.08780161  -1313.11093148  -1313.02312988
      6246     6246.000       358.89      0.08865041  -1313.11155414  -1313.02290373
      6247     6247.000       343.35      0.08481055  -1313.10990920  -1313.02509865
      6248     6248.000       365.97      0.09039993  -1313.11193750  -1313.02153758
      6249     6249.000       372.83      0.09209443  -1313.11245576  -1313.02036133
      6250     6250.000       359.55      0.08881235  -1313.11120877  -1313.02239642
      6251     6251.000       356.07      0.08795292  -1313.11138968  -1313.02343676
      6252     6252.000       328.81      0.08122073  -1313.10892662  -1313.02770589
      6253     6253.000       341.66      0.08439390  -1313.11015822  -1313.02576432
      6254     6254.000       360.13      0.08895555  -1313.11145282  -1313.02249728
      6255     6255.000       369.29      0.09121886  -1313.11201874  -1313.02079988
      6256     6256.000       380.81      0.09406529  -1313.11300449  -1313.01893920
      6257     6257.000       365.93      0.09038929  -1313.11184671  -1313.02145742
      6258     6258.000       339.98      0.08397999  -1313.10995299  -1313.02597300
      6259     6259.000       326.21      0.08057803  -1313.10904510  -1313.02846707
      6260     6260.000       313.55      0.07745025  -1313.10811033  -1313.03066008
      6261     6261.000       323.43      0.07988965  -1313.10866069  -1313.02877104
      6262     6262.000       357.72      0.08836115  -1313.11151881  -1313.02315766
      6263     6263.000       354.61      0.08759308  -1313.11097681  -1313.02338373
      6264     6264.000       343.26      0.08478870  -1313.11032123  -1313.02553253
      6265     6265.000       319.21      0.07884870  -1313.10856794  -1313.02971923
      6266     6266.000       308.10      0.07610516  -1313.10736967  -1313.03126451
      6267     6267.000       355.75      0.08787519  -1313.11141157  -1313.02353638
      6268     6268.000       378.90      0.09359221  -1313.11257581  -1313.01898360
      6269     6269.000       394.70      0.09749520  -1313.11404256  -1313.01654736
      6270     6270.000       378.63      0.09352631  -1313.11267093  -1313.01914462
      6271     6271.000       357.33      0.08826487  -1313.11106164  -1313.02279677
      6272     6272.000       363.38      0.08975910  -1313.11163575  -1313.02187665
      6273     6273.000       373.20      0.09218465  -1313.11232247  -1313.02013783
      6274     6274.000       378.42      0.09347349  -1313.11274302  -1313.01926953
      6275     6275.000       370.54      0.09152732  -1313.11210909  -1313.02058177
      6276     6276.000       361.92      0.08939949  -1313.11156033  -1313.02216084
      6277     6277.000       357.21      0.08823574  -1313.11101950  -1313.02278376
      6278     6278.000       367.14      0.09068822  -1313.11212963  -1313.02144141
      6279     6279.000       359.46      0.08879171  -1313.11114521  -1313.02235351
      6280     6280.000       368.29      0.09097291  -1313.11210121  -1313.02112829
      6281     6281.000       365.08      0.09017995  -1313.11172655  -1313.02154660
      6282     6282.000       365.10      0.09018273  -1313.11166286  -1313.02148013
      6283     6283.000       371.98      0.09188296  -1313.11249294  -1313.02060998
      6284     6284.000       349.98      0.08645010  -1313.11039646  -1313.02394635
      6285     6285.000       356.21      0.08798751  -1313.11135161  -1313.02336410
      6286     6286.000       347.51      0.08583944  -1313.11033488  -1313.02449544
      6287     6287.000       358.17      0.08847094  -1313.11130356  -1313.02283262
      6288     6288.000       369.04      0.09115587  -1313.11211925  -1313.02096338
      6289     6289.000       357.77      0.08837405  -1313.11121801  -1313.02284396
      6290     6290.000       351.03      0.08670866  -1313.11079860  -1313.02408994
      6291     6291.000       339.07      0.08375298  -1313.10994423  -1313.02619125
      6292     6292.000       331.56      0.08189868  -1313.10927192  -1313.02737325
      6293     6293.000       347.55      0.08584761  -1313.11060803  -1313.02476042
      6294     6294.000       355.52      0.08781674  -1313.11115250  -1313.02333577
      6295     6295.000       354.10      0.08746564  -1313.11088485  -1313.02341921
      6296     6296.000       354.69      0.08761253  -1313.11127992  -1313.02366739
      6297     6297.000       325.46      0.08039315  -1313.10878023  -1313.02838708
      6298     6298.000       323.56      0.07992300  -1313.10884218  -1313.02891918
      6299     6299.000       333.75      0.08243980  -1313.10968313  -1313.02724333
      6300     6300.000       336.98      0.08323664  -1313.10949079  -1313.02625415
      6301     6301.000       368.78      0.09109366  -1313.11244894  -1313.02135528
      6302     6302.000       346.16      0.08550586  -1313.11026664  -1313.02476078
      6303     6303.000       336.00      0.08299495  -1313.10961735  -1313.02662240
      6304     6304.000       342.82      0.08468105  -1313.11044622  -1313.02576517
      6305     6305.000       330.13      0.08154600  -1313.10897348  -1313.02742748
      6306     6306.000       355.71      0.08786381  -1313.11135944  -1313.02349563
      6307     6307.000       351.94      0.08693343  -1313.11089410  -1313.02396067
      6308     6308.000       333.60      0.08240314  -1313.10939618  -1313.02699304
      6309     6309.000       336.95      0.08322965  -1313.10988128  -1313.02665163
      6310     6310.000       333.74      0.08243816  -1313.10954622  -1313.02710806
      6311     6311.000       345.50      0.08534322  -1313.11008298  -1313.02473976
      6312     6312.000       390.68      0.09650162  -1313.11396481  -1313.01746319
      6313     6313.000       385.65      0.09525992  -1313.11296711  -1313.01770719
      6314     6314.000       391.83      0.09678558  -1313.11375619  -1313.01697061
      6315     6315.000       365.57      0.09030095  -1313.11208908  -1313.02178813
      6316     6316.000       315.05      0.07782062  -1313.10762761  -1313.02980699
      6317     6317.000       345.69      0.08538970  -1313.11073480  -1313.02534509
      6318     6318.000       357.26      0.08824671  -1313.11087474  -1313.02262803
      6319     6319.000       405.13      0.10007113  -1313.11465371  -1313.01458257
      6320     6320.000       422.86      0.10445032  -1313.11619764  -1313.01174732
      6321     6321.000       371.20      0.09168939  -1313.11186434  -1313.02017496
      6322     6322.000       352.75      0.08713329  -1313.11093626  -1313.02380298
      6323     6323.000       344.54      0.08510616  -1313.11019855  -1313.02509239
      6324     6324.000       359.85      0.08888781  -1313.11119728  -1313.02230946
      6325     6325.000       404.26      0.09985587  -1313.11472680  -1313.01487093
      6326     6326.000       400.98      0.09904644  -1313.11433905  -1313.01529261
      6327     6327.000       381.15      0.09414912  -1313.11259526  -1313.01844614
      6328     6328.000       388.83      0.09604432  -1313.11380569  -1313.01776137
      6329     6329.000       350.10      0.08647844  -1313.11033519  -1313.02385676
      6330     6330.000       352.72      0.08712600  -1313.11101829  -1313.02389229
      6331     6331.000       343.75      0.08491026  -1313.11045658  -1313.02554632
      6332     6332.000       323.03      0.07979137  -1313.10825492  -1313.02846355
      6333     6333.000       372.99      0.09213357  -1313.11275318  -1313.02061961
      6334     6334.000       379.88      0.09383480  -1313.11255140  -1313.01871660
      6335     6335.000       396.36      0.09790600  -1313.11399228  -1313.01608629
      6336     6336.000       396.66      0.09798016  -1313.11424907  -1313.01626891
      6337     6337.000       355.19      0.08773604  -1313.11069067  -1313.02295463
      6338     6338.000       353.08      0.08721572  -1313.11106804  -1313.02385232
      6339     6339.000       349.04      0.08621772  -1313.11059310  -1313.02437538
      6340     6340.000       348.30      0.08603475  -1313.11045982  -1313.02442507
      6341     6341.000       364.59      0.09005661  -1313.11176766  -1313.02171105
      6342     6342.000       369.39      0.09124265  -1313.11215579  -1313.02091314
      6343     6343.000       364.61      0.09006220  -1313.11142995  -1313.02136775
      6344     6344.000       380.64      0.09402133  -1313.11326122  -1313.01923990
      6345     6345.000       351.28      0.08677009  -1313.11052417  -1313.02375408
      6346     6346.000       348.60      0.08610919  -1313.11060931  -1313.02450012
      6347     6347.000       346.53      0.08559659  -1313.11062524  -1313.02502865
      6348     6348.000       338.99      0.08373530  -1313.10949885  -1313.02576355
      6349     6349.000       381.53      0.09424100  -1313.11333111  -1313.01909011
      6350     6350.000       378.30      0.09344404  -1313.11237953  -1313.01893549
      6351     6351.000       394.53      0.09745362  -1313.11394665  -1313.01649303
      6352     6352.000       392.74      0.09701095  -1313.11369936  -1313.01668841
      6353     6353.000       376.38      0.09296937  -1313.11250603  -1313.01953666
      6354     6354.000       367.75      0.09083856  -1313.11187985  -1313.02104129
      6355     6355.000       365.10      0.09018361  -1313.11169391  -1313.02151030
      6356     6356.000       375.20      0.09267841  -1313.11238927  -1313.01971087
      6357     6357.000       393.92      0.09730271  -1313.11373273  -1313.01643001
      6358     6358.000       405.16      0.10007979  -1313.11465099  -1313.01457120
      6359     6359.000       396.94      0.09804937  -1313.11382542  -1313.01577605
      6360     6360.000       397.49      0.09818364  -1313.11416718  -1313.01598354
      6361     6361.000       382.40      0.09445692  -1313.11269734  -1313.01824041
      6362     6362.000       393.85      0.09728598  -1313.11390861  -1313.01662263
      6363     6363.000       390.66      0.09649711  -1313.11342542  -1313.01692830
      6364     6364.000       388.45      0.09595179  -1313.11335650  -1313.01740471
      6365     6365.000       389.90      0.09630959  -1313.11360155  -1313.01729196
      6366     6366.000       377.73      0.09330453  -1313.11232279  -1313.01901826
      6367     6367.000       399.92      0.09878438  -1313.11434089  -1313.01555651
      6368     6368.000       406.02      0.10029192  -1313.11450090  -1313.01420898
      6369     6369.000       415.77      0.10269978  -1313.11531087  -1313.01261109
      6370     6370.000       412.31      0.10184399  -1313.11515621  -1313.01331222
      6371     6371.000       389.05      0.09610000  -1313.11328703  -1313.01718704
      6372     6372.000       383.68      0.09477451  -1313.11302727  -1313.01825276
      6373     6373.000       378.31      0.09344706  -1313.11263423  -1313.01918717
      6374     6374.000       381.89      0.09433197  -1313.11280786  -1313.01847589
      6375     6375.000       387.40      0.09569107  -1313.11349067  -1313.01779961
      6376     6376.000       365.15      0.09019569  -1313.11174438  -1313.02154869
      6377     6377.000       340.23      0.08404139  -1313.10985721  -1313.02581581
      6378     6378.000       334.64      0.08265970  -1313.10972822  -1313.02706852
      6379     6379.000       327.88      0.08098976  -1313.10891979  -1313.02793002
      6380     6380.000       356.40      0.08803590  -1313.11115462  -1313.02311872
      6381     6381.000       376.97      0.09311532  -1313.11283808  -1313.01972276
      6382     6382.000       362.65      0.08957877  -1313.11123534  -1313.02165657
      6383     6383.000       382.26      0.09442358  -1313.11327806  -1313.01885448
      6384     6384.000       359.98      0.08891883  -1313.11122170  -1313.02230288
      6385     6385.000       352.64      0.08710558  -1313.11089820  -1313.02379262
      6386     6386.000       343.81      0.08492563  -1313.11044485  -1313.02551922
      6387     6387.000       316.15      0.07809155  -1313.10804737  -1313.02995581
      6388     6388.000       332.11      0.08203406  -1313.10955258  -1313.02751852
      6389     6389.000       344.02      0.08497579  -1313.11033812  -1313.02536233
      6390     6390.000       342.84      0.08468632  -1313.11018652  -1313.02550020
      6391     6391.000       339.23      0.08379386  -1313.11003202  -1313.02623816
      6392     6392.000       326.02      0.08053085  -1313.10897837  -1313.02844752
      6393     6393.000       328.14      0.08105375  -1313.10888413  -1313.02783038
      6394     6394.000       368.96      0.09113783  -1313.11232426  -1313.02118643
      6395     6395.000       374.27      0.09244832  -1313.11220766  -1313.01975934
      6396     6396.000       389.56      0.09622623  -1313.11353440  -1313.01730816
      6397     6397.000       388.34      0.09592444  -1313.11348859  -1313.01756415
      6398     6398.000       374.77      0.09257282  -1313.11204149  -1313.01946866
      6399     6399.000       405.26      0.10010388  -1313.11485090  -1313.01474701
      6400     6400.000       397.82      0.09826702  -1313.11389419  -1313.01562717
      6401     6401.000       393.30      0.09714991  -1313.11373511  -1313.01658519
      6402     6402.000       381.38      0.09420612  -1313.11303184  -1313.01882572
      6403     6403.000       353.43      0.08730044  -1313.11066102  -1313.02336058
      6404     6404.000       357.73      0.08836302  -1313.11134675  -1313.02298374
      6405     6405.000       351.43      0.08680601  -1313.11088178  -1313.02407578
      6406     6406.000       333.20      0.08230404  -1313.10934167  -1313.02703763
      6407     6407.000       340.79      0.08417784  -1313.11010588  -1313.02592804
      6408     6408.000       344.91      0.08519577  -1313.11037671  -1313.02518094
      6409     6409.000       350.22      0.08650782  -1313.11054321  -1313.02403539
      6410     6410.000       370.92      0.09162173  -1313.11246685  -1313.02084512
      6411     6411.000       351.80      0.08689972  -1313.11064075  -1313.02374103
      6412     6412.000       357.03      0.08819010  -1313.11104670  -1313.02285660
      6413     6413.000       379.45      0.09372799  -1313.11302919  -1313.01930120
      6414     6414.000       369.17      0.09118894  -1313.11176372  -1313.02057478
      6415     6415.000       375.60      0.09277699  -1313.11276401  -1313.01998703
      6416     6416.000       348.92      0.08618705  -1313.11050182  -1313.02431477
      6417     6417.000       341.03      0.08423940  -1313.10978343  -1313.02554403
      6418     6418.000       374.57      0.09252237  -1313.11262468  -1313.02010231
      6419     6419.000       383.11      0.09463164  -1313.11296485  -1313.01833321
      6420     6420.000       381.11      0.09413869  -1313.11297894  -1313.01884024
      6421     6421.000       365.57      0.09029904  -1313.11169789  -1313.02139884
      6422     6422.000       358.90      0.08865163  -1313.11123022  -1313.02257859
      6423     6423.000       377.25      0.09318601  -1313.11242469  -1313.01923868
      6424     6424.000       403.51      0.09967218  -1313.11487229  -1313.01520012
      6425     6425.000       371.25      0.09170304  -1313.11199265  -1313.02028961
      6426     6426.000       348.62      0.08611299  -1313.11061990  -1313.02450691
      6427     6427.000       334.09      0.08252364  -1313.10949149  -1313.02696786
      6428     6428.000       349.95      0.08644131  -1313.11046047  -1313.02401916
      6429     6429.000       393.92      0.09730193  -1313.11411579  -1313.01681385
      6430     6430.000       384.27      0.09491955  -1313.11302215  -1313.01810260
      6431     6431.000       363.89      0.08988604  -1313.11174389  -1313.02185785
      6432     6432.000       342.35      0.08456546  -1313.10998248  -1313.02541702
      6433     6433.000       350.30      0.08652775  -1313.11059969  -1313.02407194
      6434     6434.000       387.94      0.09582448  -1313.11327139  -1313.01744691
      6435     6435.000       426.57      0.10536825  -1313.11623677  -1313.01086852
      6436     6436.000       428.88      0.10593933  -1313.11614251  -1313.01020318
      6437     6437.000       425.26      0.10504370  -1313.11588182  -1313.01083812
      6438     6438.000       420.09      0.10376772  -1313.11564280  -1313.01187508
      6439     6439.000       410.90      0.10149609  -1313.11467934  -1313.01318325
      6440     6440.000       423.10      0.10451027  -1313.11605215  -1313.01154188
      6441     6441.000       396.13      0.09784779  -1313.11379975  -1313.01595196
      6442     6442.000       379.22      0.09367100  -1313.11263763  -1313.01896663
      6443     6443.000       375.89      0.09284844  -1313.11263921  -1313.01979077
      6444     6444.000       360.77      0.08911388  -1313.11120203  -1313.02208814
      6445     6445.000       376.64      0.09303343  -1313.11267228  -1313.01963885
      6446     6446.000       379.46      0.09373201  -1313.11272918  -1313.01899717
      6447     6447.000       381.34      0.09419536  -1313.11278862  -1313.01859326
      6448     6448.000       396.69      0.09798647  -1313.11398364  -1313.01599717
      6449     6449.000       407.92      0.10076042  -1313.11466389  -1313.01390347
      6450     6450.000       422.28      0.10430864  -1313.11567007  -1313.01136143
      6451     6451.000       440.82      0.10888724  -1313.11714133  -1313.00825410
      6452     6452.000       427.95      0.10570831  -1313.11618715  -1313.01047884
      6453     6453.000       402.19      0.09934651  -1313.11414598  -1313.01479947
      6454     6454.000       392.33      0.09690969  -1313.11383566  -1313.01692597
      6455     6455.000       369.72      0.09132532  -1313.11167574  -1313.02035042
      6456     6456.000       398.32      0.09838847  -1313.11419739  -1313.01580892
      6457     6457.000       410.42      0.10137742  -1313.11500950  -1313.01363208
      6458     6458.000       402.57      0.09943837  -1313.11421278  -1313.01477441
      6459     6459.000       403.04      0.09955602  -1313.11454168  -1313.01498565
      6460     6460.000       393.18      0.09712050  -1313.11339812  -1313.01627761
      6461     6461.000       410.77      0.10146525  -1313.11506092  -1313.01359567
      6462     6462.000       414.94      0.10249460  -1313.11523095  -1313.01273635
      6463     6463.000       398.79      0.09850594  -1313.11415513  -1313.01564919
      6464     6464.000       373.20      0.09218536  -1313.11213704  -1313.01995168
      6465     6465.000       374.46      0.09249669  -1313.11244347  -1313.01994679
      6466     6466.000       381.76      0.09429803  -1313.11267664  -1313.01837861
      6467     6467.000       416.04      0.10276699  -1313.11542330  -1313.01265631
      6468     6468.000       425.00      0.10497884  -1313.11611102  -1313.01113219
      6469     6469.000       401.00      0.09905255  -1313.11412686  -1313.01507431
      6470     6470.000       379.68      0.09378421  -1313.11293098  -1313.01914677
      6471     6471.000       351.13      0.08673264  -1313.11045973  -1313.02372709
      6472     6472.000       365.52      0.09028681  -1313.11178314  -1313.02149633
      6473     6473.000       390.92      0.09656073  -1313.11355846  -1313.01699772
      6474     6474.000       410.99      0.10151901  -1313.11505552  -1313.01353651
      6475     6475.000       400.36      0.09889405  -1313.11436898  -1313.01547494
      6476     6476.000       362.36      0.08950817  -1313.11146971  -1313.02196154
      6477     6477.000       333.22      0.08230863  -1313.10945366  -1313.02714503
      6478     6478.000       331.28      0.08183047  -1313.10913955  -1313.02730908
      6479     6479.000       369.14      0.09118080  -1313.11215581  -1313.02097500
      6480     6480.000       397.73      0.09824392  -1313.11401060  -1313.01576668
      6481     6481.000       412.26      0.10183194  -1313.11514631  -1313.01331437
      6482     6482.000       404.35      0.09987797  -1313.11451622  -1313.01463825
      6483     6483.000       386.65      0.09550612  -1313.11314304  -1313.01763693
      6484     6484.000       375.94      0.09286066  -1313.11259962  -1313.01973897
      6485     6485.000       357.61      0.08833291  -1313.11121205  -1313.02287914
      6486     6486.000       339.86      0.08394879  -1313.10993545  -1313.02598666
      6487     6487.000       340.74      0.08416708  -1313.10990795  -1313.02574087
      6488     6488.000       361.70      0.08934448  -1313.11169214  -1313.02234766
      6489     6489.000       363.03      0.08967200  -1313.11151629  -1313.02184429
      6490     6490.000       354.76      0.08763079  -1313.11133936  -1313.02370857
      6491     6491.000       309.67      0.07649149  -1313.10776240  -1313.03127091
      6492     6492.000       291.49      0.07200077  -1313.10633296  -1313.03433219
      6493     6493.000       321.30      0.07936590  -1313.10890810  -1313.02954220
      6494     6494.000       343.03      0.08473194  -1313.10998471  -1313.02525277
      6495     6495.000       377.47      0.09323838  -1313.11299380  -1313.01975541
      6496     6496.000       360.47      0.08903965  -1313.11139482  -1313.02235517
      6497     6497.000       336.64      0.08315267  -1313.10967388  -1313.02652120
      6498     6498.000       333.55      0.08238956  -1313.10959774  -1313.02720818
      6499     6499.000       331.91      0.08198595  -1313.10939687  -1313.02741091
      6500     6500.000       346.14      0.08549953  -1313.11035030  -1313.02485077
      6501     6501.000       366.11      0.09043394  -1313.11205293  -1313.02161899
      6502     6502.000       359.61      0.08882830  -1313.11126248  -1313.02243418
      6503     6503.000       365.58      0.09030305  -1313.11176097  -1313.02145792
      6504     6504.000       361.13      0.08920295  -1313.11178200  -1313.02257905
      6505     6505.000       329.22      0.08132055  -1313.10877016  -1313.02744961
      6506     6506.000       354.71      0.08761713  -1313.11132884  -1313.02371171
      6507     6507.000       356.21      0.08798680  -1313.11100923  -1313.02302243
      6508     6508.000       365.89      0.09038000  -1313.11177290  -1313.02139291
      6509     6509.000       376.28      0.09294452  -1313.11285570  -1313.01991118
      6510     6510.000       336.66      0.08315858  -1313.10951800  -1313.02635942
      6511     6511.000       332.84      0.08221601  -1313.10943151  -1313.02721550
      6512     6512.000       343.97      0.08496398  -1313.11043439  -1313.02547041
      6513     6513.000       343.81      0.08492461  -1313.11007381  -1313.02514920
      6514     6514.000       362.82      0.08962028  -1313.11189979  -1313.02227952
      6515     6515.000       339.96      0.08397327  -1313.10992903  -1313.02595576
      6516     6516.000       331.47      0.08187594  -1313.10913147  -1313.02725554
      6517     6517.000       363.89      0.08988401  -1313.11191702  -1313.02203300
      6518     6518.000       368.63      0.09105629  -1313.11188581  -1313.02082951
      6519     6519.000       373.86      0.09234816  -1313.11250325  -1313.02015509
      6520     6520.000       353.27      0.08726252  -1313.11111155  -1313.02384903
      6521     6521.000       308.80      0.07627818  -1313.10742861  -1313.03115044
      6522     6522.000       327.02      0.08077808  -1313.10921960  -1313.02844152
      6523     6523.000       337.76      0.08343043  -1313.10998008  -1313.02654965
      6524     6524.000       331.92      0.08198870  -1313.10922808  -1313.02723938
      6525     6525.000       342.75      0.08466420  -1313.11066931  -1313.02600511
      6526     6526.000       300.96      0.07434028  -1313.10685122  -1313.03251094
      6527     6527.000       314.24      0.07762041  -1313.10817746  -1313.03055705
      6528     6528.000       347.39      0.08580859  -1313.11077927  -1313.02497068
      6529     6529.000       349.15      0.08624499  -1313.11043064  -1313.02418565
      6530     6530.000       360.54      0.08905809  -1313.11183343  -1313.02277534
      6531     6531.000       323.50      0.07990848  -1313.10882635  -1313.02891788
      6532     6532.000       290.28      0.07170309  -1313.10624449  -1313.03454139
      6533     6533.000       309.49      0.07644646  -1313.10796166  -1313.03151520
      6534     6534.000       331.14      0.08179465  -1313.10935605  -1313.02756140
      6535     6535.000       359.22      0.08873173  -1313.11128575  -1313.02255403
      6536     6536.000       382.32      0.09443616  -1313.11333656  -1313.01890039
      6537     6537.000       356.51      0.08806103  -1313.11088624  -1313.02282521
      6538     6538.000       356.75      0.08812111  -1313.11115049  -1313.02302937
      6539     6539.000       365.41      0.09026024  -1313.11188717  -1313.02162693
      6540     6540.000       362.76      0.08960638  -1313.11137458  -1313.02176820
      6541     6541.000       374.08      0.09240317  -1313.11268456  -1313.02028139
      6542     6542.000       348.22      0.08601319  -1313.11044734  -1313.02443416
      6543     6543.000       337.58      0.08338686  -1313.10967388  -1313.02628702
      6544     6544.000       351.51      0.08682731  -1313.11092307  -1313.02409576
      6545     6545.000       354.65      0.08760308  -1313.11098167  -1313.02337859
      6546     6546.000       362.42      0.08952162  -1313.11166019  -1313.02213857
      6547     6547.000       351.79      0.08689499  -1313.11083598  -1313.02394099
      6548     6548.000       343.22      0.08477857  -1313.11016141  -1313.02538285
      6549     6549.000       347.64      0.08587053  -1313.11044676  -1313.02457623
      6550     6550.000       365.17      0.09020030  -1313.11181629  -1313.02161600
      6551     6551.000       373.52      0.09226480  -1313.11243028  -1313.02016548
      6552     6552.000       368.93      0.09113032  -1313.11191176  -1313.02078144
      6553     6553.000       373.41      0.09223565  -1313.11240755  -1313.02017190
      6554     6554.000       374.73      0.09256358  -1313.11229572  -1313.01973213
      6555     6555.000       389.74      0.09626977  -1313.11350674  -1313.01723697
      6556     6556.000       393.61      0.09722716  -1313.11376164  -1313.01653448
      6557     6557.000       390.28      0.09640416  -1313.11353440  -1313.01713023
      6558     6558.000       380.15      0.09390050  -1313.11269986  -1313.01879936
      6559     6559.000       379.75      0.09380170  -1313.11292856  -1313.01912686
      6560     6560.000       361.46      0.08928386  -1313.11136671  -1313.02208285
      6561     6561.000       362.78      0.08961134  -1313.11148555  -1313.02187422
      6562     6562.000       374.71      0.09255668  -1313.11269292  -1313.02013624
      6563     6563.000       361.75      0.08935701  -1313.11116127  -1313.02180425
      6564     6564.000       382.43      0.09446362  -1313.11333203  -1313.01886842
      6565     6565.000       360.55      0.08905985  -1313.11128775  -1313.02222790
      6566     6566.000       359.83      0.08888092  -1313.11109976  -1313.02221884
      6567     6567.000       396.66      0.09798061  -1313.11424012  -1313.01625951
      6568     6568.000       401.55      0.09918760  -1313.11419198  -1313.01500438
      6569     6569.000       402.27      0.09936462  -1313.11446477  -1313.01510015
      6570     6570.000       373.16      0.09217543  -1313.11250197  -1313.02032653
      6571     6571.000       322.12      0.07956697  -1313.10832338  -1313.02875641
      6572     6572.000       338.80      0.08368824  -1313.10987273  -1313.02618449
      6573     6573.000       371.28      0.09170958  -1313.11239059  -1313.02068100
      6574     6574.000       383.37      0.09469599  -1313.11276946  -1313.01807347
      6575     6575.000       409.56      0.10116613  -1313.11533204  -1313.01416591
      6576     6576.000       365.96      0.09039547  -1313.11162608  -1313.02123060
      6577     6577.000       344.04      0.08498200  -1313.11002717  -1313.02504516
      6578     6578.000       352.95      0.08718361  -1313.11133564  -1313.02415204
      6579     6579.000       324.35      0.08011772  -1313.10836134  -1313.02824362
      6580     6580.000       361.30      0.08924428  -1313.11172980  -1313.02248551
      6581     6581.000       375.29      0.09270210  -1313.11254250  -1313.01984040
      6582     6582.000       375.17      0.09267140  -1313.11215360  -1313.01948220
      6583     6583.000       401.56      0.09918879  -1313.11467475  -1313.01548597
      6584     6584.000       371.21      0.09169390  -1313.11208459  -1313.02039069
      6585     6585.000       353.13      0.08722812  -1313.11068480  -1313.02345668
      6586     6586.000       372.44      0.09199812  -1313.11245211  -1313.02045400
      6587     6587.000       369.33      0.09122885  -1313.11187500  -1313.02064614
      6588     6588.000       388.44      0.09594944  -1313.11333796  -1313.01738851
      6589     6589.000       396.25      0.09787915  -1313.11440643  -1313.01652729
      6590     6590.000       342.39      0.08457440  -1313.10960659  -1313.02503219
      6591     6591.000       353.60      0.08734212  -1313.11118820  -1313.02384608
      6592     6592.000       351.50      0.08682357  -1313.11073166  -1313.02390809
      6593     6593.000       358.23      0.08848563  -1313.11103957  -1313.02255394
      6594     6594.000       389.28      0.09615631  -1313.11391653  -1313.01776022
      6595     6595.000       357.44      0.08829140  -1313.11092889  -1313.02263749
      6596     6596.000       352.23      0.08700380  -1313.11098088  -1313.02397708
      6597     6597.000       339.85      0.08394787  -1313.11005908  -1313.02611121
      6598     6598.000       317.26      0.07836639  -1313.10825781  -1313.02989141
      6599     6599.000       322.24      0.07959695  -1313.10878099  -1313.02918404
      6600     6600.000       326.88      0.08074363  -1313.10926635  -1313.02852272
      6601     6601.000       312.28      0.07713684  -1313.10786667  -1313.03072983
      6602     6602.000       318.94      0.07878077  -1313.10879989  -1313.03001913
      6603     6603.000       300.35      0.07418862  -1313.10714847  -1313.03295984
      6604     6604.000       292.46      0.07224184  -1313.10651363  -1313.03427179
      6605     6605.000       316.70      0.07822942  -1313.10862617  -1313.03039675
      6606     6606.000       316.87      0.07827136  -1313.10815025  -1313.02987889
      6607     6607.000       344.96      0.08521010  -1313.11054176  -1313.02533166
      6608     6608.000       349.76      0.08639514  -1313.11079340  -1313.02439825
      6609     6609.000       338.32      0.08356930  -1313.10968311  -1313.02611381
      6610     6610.000       350.55      0.08658906  -1313.11090421  -1313.02431515
      6611     6611.000       351.34      0.08678407  -1313.11066108  -1313.02387700
      6612     6612.000       364.82      0.09011381  -1313.11176085  -1313.02164704
      6613     6613.000       371.96      0.09187933  -1313.11236700  -1313.02048767
      6614     6614.000       360.97      0.08916412  -1313.11147860  -1313.02231447
      6615     6615.000       337.41      0.08334475  -1313.10982964  -1313.02648489
      6616     6616.000       322.46      0.07965147  -1313.10867255  -1313.02902108
      6617     6617.000       325.36      0.08036809  -1313.10905346  -1313.02868537
      6618     6618.000       337.18      0.08328668  -1313.10966182  -1313.02637514
      6619     6619.000       358.10      0.08845485  -1313.11160061  -1313.02314577
      6620     6620.000       335.92      0.08297582  -1313.10962774  -1313.02665192
      6621     6621.000       315.89      0.07802955  -1313.10831469  -1313.03028514
      6622     6622.000       308.35      0.07616510  -1313.10771787  -1313.03155277
      6623     6623.000       323.19      0.07983157  -1313.10872880  -1313.02889724
      6624     6624.000       354.48      0.08755994  -1313.11114553  -1313.02358559
      6625     6625.000       371.63      0.09179719  -1313.11230970  -1313.02051251
      6626     6626.000       357.74      0.08836472  -1313.11128184  -1313.02291712
      6627     6627.000       344.62      0.08512399  -1313.11003652  -1313.02491253
      6628     6628.000       362.63      0.08957334  -1313.11188160  -1313.02230826
      6629     6629.000       355.05      0.08770170  -1313.11073303  -1313.02303133
      6630     6630.000       367.55      0.09078877  -1313.11229272  -1313.02150395
      6631     6631.000       335.03      0.08275518  -1313.10960802  -1313.02685284
      6632     6632.000       310.70      0.07674599  -1313.10760299  -1313.03085701
      6633     6633.000       339.64      0.08389424  -1313.11021330  -1313.02631906
      6634     6634.000       348.73      0.08614103  -1313.11053216  -1313.02439113
      6635     6635.000       352.20      0.08699670  -1313.11105346  -1313.02405676
      6636     6636.000       325.71      0.08045433  -1313.10911311  -1313.02865878
      6637     6637.000       282.79      0.06985128  -1313.10582743  -1313.03597615
      6638     6638.000       279.58      0.06906047  -1313.10562806  -1313.03656759
      6639     6639.000       311.95      0.07705456  -1313.10821065  -1313.03115609
      6640     6640.000       335.64      0.08290663  -1313.10957383  -1313.02666720
      6641     6641.000       365.20      0.09020800  -1313.11201739  -1313.02180939
      6642     6642.000       356.35      0.08802246  -1313.11119912  -1313.02317666
      6643     6643.000       333.26      0.08231847  -1313.10935863  -1313.02704016
      6644     6644.000       329.02      0.08127116  -1313.10948890  -1313.02821774
      6645     6645.000       305.78      0.07553147  -1313.10733676  -1313.03180529
      6646     6646.000       326.00      0.08052480  -1313.10901000  -1313.02848520
      6647     6647.000       352.56      0.08708657  -1313.11113540  -1313.02404884
      6648     6648.000       348.93      0.08618940  -1313.11038258  -1313.02419318
      6649     6649.000       359.46      0.08879148  -1313.11163726  -1313.02284578
      6650     6650.000       333.03      0.08226161  -1313.10946147  -1313.02719986
      6651     6651.000       315.98      0.07805111  -1313.10812174  -1313.03007063
      6652     6652.000       328.73      0.08119896  -1313.10941632  -1313.02821735
      6653     6653.000       324.96      0.08026945  -1313.10886266  -1313.02859321
      6654     6654.000       329.57      0.08140793  -1313.10927138  -1313.02786345
      6655     6655.000       337.51      0.08336782  -1313.10994253  -1313.02657471
      6656     6656.000       332.53      0.08213803  -1313.10935283  -1313.02721479
      6657     6657.000       351.98      0.08694297  -1313.11080913  -1313.02386616
      6658     6658.000       365.24      0.09021907  -1313.11210205  -1313.02188298
      6659     6659.000       340.23      0.08404131  -1313.10969380  -1313.02565249
      6660     6660.000       350.69      0.08662468  -1313.11086752  -1313.02424284
      6661     6661.000       355.02      0.08769478  -1313.11096096  -1313.02326618
      6662     6662.000       378.59      0.09351590  -1313.11256600  -1313.01905009
      6663     6663.000       410.44      0.10138409  -1313.11522528  -1313.01384120
      6664     6664.000       396.03      0.09782414  -1313.11385022  -1313.01602608
      6665     6665.000       373.63      0.09228966  -1313.11234145  -1313.02005180
      6666     6666.000       352.43      0.08705368  -1313.11081644  -1313.02376276
      6667     6667.000       337.87      0.08345837  -1313.10982186  -1313.02636350
      6668     6668.000       341.02      0.08423535  -1313.11004187  -1313.02580652
      6669     6669.000       344.29      0.08504346  -1313.11045483  -1313.02541137
      6670     6670.000       326.54      0.08065957  -1313.10896118  -1313.02830161
      6671     6671.000       324.44      0.08014128  -1313.10895147  -1313.02881019
      6672     6672.000       320.51      0.07917055  -1313.10862475  -1313.02945420
      6673     6673.000       327.80      0.08097086  -1313.10904217  -1313.02807131
      6674     6674.000       351.94      0.08693341  -1313.11096602  -1313.02403261
      6675     6675.000       359.03      0.08868501  -1313.11138702  -1313.02270201
      6676     6676.000       348.05      0.08597251  -1313.11066062  -1313.02468811
      6677     6677.000       317.66      0.07846531  -1313.10846033  -1313.02999502
      6678     6678.000       289.08      0.07140575  -1313.10632949  -1313.03492374
      6679     6679.000       293.90      0.07259675  -1313.10673194  -1313.03413518
      6680     6680.000       322.23      0.07959547  -1313.10879453  -1313.02919906
      6681     6681.000       337.99      0.08348713  -1313.11009992  -1313.02661279
      6682     6682.000       321.29      0.07936113  -1313.10868929  -1313.02932815
      6683     6683.000       298.24      0.07366818  -1313.10709740  -1313.03342923
      6684     6684.000       280.29      0.06923593  -1313.10574531  -1313.03650938
      6685     6685.000       292.98      0.07237007  -1313.10664554  -1313.03427547
      6686     6686.000       324.49      0.08015374  -1313.10905218  -1313.02889844
      6687     6687.000       338.43      0.08359648  -1313.10995618  -1313.02635970
      6688     6688.000       337.70      0.08341565  -1313.10993166  -1313.02651601
      6689     6689.000       324.54      0.08016483  -1313.10889442  -1313.02872959
      6690     6690.000       316.40      0.07815362  -1313.10837113  -1313.03021751
      6691     6691.000       321.58      0.07943379  -1313.10858232  -1313.02914853
      6692     6692.000       345.94      0.08545013  -1313.11051905  -1313.02506892
      6693     6693.000       360.00      0.08892448  -1313.11134828  -1313.02242379
      6694     6694.000       375.82      0.09283284  -1313.11261052  -1313.01977769
      6695     6695.000       369.30      0.09122117  -1313.11212469  -1313.02090351
      6696     6696.000       355.14      0.08772452  -1313.11091886  -1313.02319434
      6697     6697.000       359.31      0.08875361  -1313.11146693  -1313.02271331
      6698     6698.000       355.01      0.08769143  -1313.11092449  -1313.02323306
      6699     6699.000       361.73      0.08935172  -1313.11166526  -1313.02231354
      6700     6700.000       343.61      0.08487497  -1313.11034422  -1313.02546925
      6701     6701.000       311.89      0.07704117  -1313.10792716  -1313.03088598
      6702     6702.000       307.39      0.07592893  -1313.10763774  -1313.03170881
      6703     6703.000       328.64      0.08117747  -1313.10920656  -1313.02802909
      6704     6704.000       352.80      0.08714607  -1313.11094058  -1313.02379450
      6705     6705.000       371.16      0.09168034  -1313.11225587  -1313.02057553
      6706     6706.000       364.04      0.08992139  -1313.11180269  -1313.02188131
      6707     6707.000       342.04      0.08448767  -1313.10996191  -1313.02547423
      6708     6708.000       345.71      0.08539366  -1313.11052916  -1313.02513550
      6709     6709.000       332.99      0.08225140  -1313.10952899  -1313.02727759
      6710     6710.000       319.89      0.07901638  -1313.10844983  -1313.02943345
      6711     6711.000       328.61      0.08117130  -1313.10934133  -1313.02817003
      6712     6712.000       336.20      0.08304520  -1313.10948208  -1313.02643688
      6713     6713.000       371.36      0.09172901  -1313.11245029  -1313.02072128
      6714     6714.000       371.72      0.09182010  -1313.11235363  -1313.02053353
      6715     6715.000       337.64      0.08340049  -1313.10975229  -1313.02635180
      6716     6716.000       319.02      0.07880262  -1313.10844250  -1313.02963989
      6717     6717.000       325.60      0.08042640  -1313.10888264  -1313.02845624
      6718     6718.000       358.82      0.08863249  -1313.11136161  -1313.02272912
      6719     6719.000       392.66      0.09699037  -1313.11377939  -1313.01678902
      6720     6720.000       387.74      0.09577654  -1313.11355476  -1313.01777822
      6721     6721.000       348.20      0.08600986  -1313.11026450  -1313.02425464
      6722     6722.000       336.23      0.08305350  -1313.11005456  -1313.02700106
      6723     6723.000       301.58      0.07449366  -1313.10693966  -1313.03244600
      6724     6724.000       309.11      0.07635268  -1313.10802776  -1313.03167508
      6725     6725.000       313.63      0.07746932  -1313.10821186  -1313.03074254
      6726     6726.000       314.74      0.07774393  -1313.10795472  -1313.03021079
      6727     6727.000       353.08      0.08721367  -1313.11122677  -1313.02401310
      6728     6728.000       356.69      0.08810666  -1313.11108381  -1313.02297715
      6729     6729.000       359.30      0.08875080  -1313.11141187  -1313.02266107
      6730     6730.000       353.04      0.08720497  -1313.11098098  -1313.02377602
      6731     6731.000       331.92      0.08198842  -1313.10937424  -1313.02738583
      6732     6732.000       326.98      0.08076843  -1313.10887929  -1313.02811086
      6733     6733.000       350.31      0.08653117  -1313.11097811  -1313.02444694
      6734     6734.000       357.95      0.08841859  -1313.11097503  -1313.02255643
      6735     6735.000       388.11      0.09586786  -1313.11353133  -1313.01766347
      6736     6736.000       391.12      0.09661098  -1313.11381971  -1313.01720873
      6737     6737.000       350.03      0.08646230  -1313.11041722  -1313.02395492
      6738     6738.000       332.05      0.08202018  -1313.10974553  -1313.02772535
      6739     6739.000       291.16      0.07191920  -1313.10628260  -1313.03436340
      6740     6740.000       306.01      0.07558701  -1313.10746759  -1313.03188057
      6741     6741.000       351.71      0.08687531  -1313.11119712  -1313.02432181
      6742     6742.000       348.46      0.08607337  -1313.11044428  -1313.02437091
      6743     6743.000       346.49      0.08558742  -1313.11065217  -1313.02506475
      6744     6744.000       313.91      0.07753914  -1313.10820310  -1313.03066396
      6745     6745.000       290.97      0.07187388  -1313.10626171  -1313.03438783
      6746     6746.000       318.37      0.07864067  -1313.10857179  -1313.02993112
      6747     6747.000       343.42      0.08482885  -1313.11035417  -1313.02552532
      6748     6748.000       353.79      0.08738976  -1313.11082969  -1313.02343993
      6749     6749.000       371.48      0.09175888  -1313.11237037  -1313.02061148
      6750     6750.000       358.21      0.08848260  -1313.11128048  -1313.02279788
      6751     6751.000       346.15      0.08550418  -1313.11030402  -1313.02479984
      6752     6752.000       341.05      0.08424273  -1313.11039064  -1313.02614791
      6753     6753.000       298.32      0.07368885  -1313.10674247  -1313.03305361
      6754     6754.000       297.31      0.07343794  -1313.10719823  -1313.03376029
      6755     6755.000       286.13      0.07067767  -1313.10619340  -1313.03551574
      6756     6756.000       286.84      0.07085234  -1313.10623888  -1313.03538654
      6757     6757.000       297.15      0.07340014  -1313.10725762  -1313.03385748
      6758     6758.000       281.08      0.06943061  -1313.10574458  -1313.03631397
      6759     6759.000       280.84      0.06937001  -1313.10598162  -1313.03661160
      6760     6760.000       281.54      0.06954290  -1313.10579681  -1313.03625392
      6761     6761.000       295.88      0.07308689  -1313.10705356  -1313.03396667
      6762     6762.000       311.10      0.07684506  -1313.10785081  -1313.03100574
      6763     6763.000       338.60      0.08363739  -1313.11006936  -1313.02643198
      6764     6764.000       346.52      0.08559379  -1313.11035223  -1313.02475843
      6765     6765.000       357.04      0.08819264  -1313.11139179  -1313.02319915
      6766     6766.000       339.96      0.08397306  -1313.10994057  -1313.02596751
      6767     6767.000       327.26      0.08083697  -1313.10898710  -1313.02815013
      6768     6768.000       337.80      0.08344016  -1313.10994503  -1313.02650487
      6769     6769.000       347.45      0.08582429  -1313.11035324  -1313.02452895
      6770     6770.000       364.22      0.08996658  -1313.11200965  -1313.02204307
      6771     6771.000       346.26      0.08552968  -1313.11021297  -1313.02468329
      6772     6772.000       341.74      0.08441452  -1313.11027528  -1313.02586076
      6773     6773.000       334.17      0.08254353  -1313.10941817  -1313.02687464
      6774     6774.000       354.55      0.08757906  -1313.11097548  -1313.02339642
      6775     6775.000       382.43      0.09446534  -1313.11309731  -1313.01863197
      6776     6776.000       385.94      0.09533213  -1313.11315764  -1313.01782551
      6777     6777.000       379.00      0.09361802  -1313.11294489  -1313.01932687
      6778     6778.000       339.15      0.08377438  -1313.10979926  -1313.02602488
      6779     6779.000       311.22      0.07687433  -1313.10797014  -1313.03109582
      6780     6780.000       303.35      0.07493145  -1313.10733585  -1313.03240439
      6781     6781.000       314.07      0.07757813  -1313.10817105  -1313.03059292
      6782     6782.000       340.30      0.08405688  -1313.10996273  -1313.02590585
      6783     6783.000       362.66      0.08958024  -1313.11186524  -1313.02228499
      6784     6784.000       341.36      0.08431860  -1313.11009374  -1313.02577514
      6785     6785.000       318.94      0.07878255  -1313.10839076  -1313.02960821
      6786     6786.000       312.99      0.07731162  -1313.10825810  -1313.03094648
      6787     6787.000       308.05      0.07609213  -1313.10738139  -1313.03128926
      6788     6788.000       345.10      0.08524343  -1313.11083847  -1313.02559504
      6789     6789.000       323.81      0.07998544  -1313.10876304  -1313.02877760
      6790     6790.000       304.66      0.07525541  -1313.10741600  -1313.03216059
      6791     6791.000       312.32      0.07714693  -1313.10825479  -1313.03110787
      6792     6792.000       310.07      0.07659174  -1313.10754551  -1313.03095377
      6793     6793.000       351.25      0.08676216  -1313.11115806  -1313.02439590
      6794     6794.000       339.06      0.08375151  -1313.11008757  -1313.02633606
      6795     6795.000       296.51      0.07324097  -1313.10680310  -1313.03356213
      6796     6796.000       285.48      0.07051662  -1313.10623278  -1313.03571616
      6797     6797.000       278.59      0.06881368  -1313.10572360  -1313.03690992
      6798     6798.000       287.88      0.07111035  -1313.10614322  -1313.03503286
      6799     6799.000       321.69      0.07946061  -1313.10924289  -1313.02978228
      6800     6800.000       293.39      0.07246960  -1313.10654790  -1313.03407831
      6801     6801.000       283.25      0.06996679  -1313.10599066  -1313.03602387
      6802     6802.000       289.77      0.07157636  -1313.10680403  -1313.03522766
      6803     6803.000       272.55      0.06732413  -1313.10478951  -1313.03746539
      6804     6804.000       317.23      0.07835963  -1313.10888415  -1313.03052452
      6805     6805.000       312.07      0.07708443  -1313.10804828  -1313.03096385
      6806     6806.000       305.36      0.07542783  -1313.10738810  -1313.03196027
      6807     6807.000       326.60      0.08067328  -1313.10946447  -1313.02879120
      6808     6808.000       305.28      0.07540662  -1313.10727968  -1313.03187306
      6809     6809.000       321.39      0.07938738  -1313.10871037  -1313.02932298
      6810     6810.000       338.45      0.08360058  -1313.11020916  -1313.02660859
      6811     6811.000       324.32      0.08011074  -1313.10853354  -1313.02842280
      6812     6812.000       344.98      0.08521351  -1313.11064680  -1313.02543329
      6813     6813.000       333.45      0.08236711  -1313.10958482  -1313.02721772
      6814     6814.000       317.97      0.07854106  -1313.10815314  -1313.02961208
      6815     6815.000       343.42      0.08482876  -1313.11055320  -1313.02572444
      6816     6816.000       331.74      0.08194260  -1313.10932565  -1313.02738305
      6817     6817.000       332.52      0.08213655  -1313.10937941  -1313.02724286
      6818     6818.000       343.62      0.08487838  -1313.11058143  -1313.02570305
      6819     6819.000       320.07      0.07906213  -1313.10821866  -1313.02915653
      6820     6820.000       350.25      0.08651627  -1313.11075274  -1313.02423647
      6821     6821.000       375.01      0.09263190  -1313.11268687  -1313.02005497
      6822     6822.000       374.06      0.09239721  -1313.11199463  -1313.01959742
      6823     6823.000       399.41      0.09865884  -1313.11456129  -1313.01590244
      6824     6824.000       376.74      0.09305888  -1313.11228744  -1313.01922856
      6825     6825.000       373.84      0.09234286  -1313.11233241  -1313.01998955
      6826     6826.000       374.14      0.09241786  -1313.11251066  -1313.02009280
      6827     6827.000       356.04      0.08794608  -1313.11091238  -1313.02296630
      6828     6828.000       368.07      0.09091629  -1313.11202729  -1313.02111100
      6829     6829.000       375.46      0.09274347  -1313.11251346  -1313.01976999
      6830     6830.000       367.16      0.09069263  -1313.11192464  -1313.02123201
      6831     6831.000       352.12      0.08697747  -1313.11096726  -1313.02398979
      6832     6832.000       311.09      0.07684182  -1313.10801621  -1313.03117439
      6833     6833.000       279.41      0.06901699  -1313.10548306  -1313.03646606
      6834     6834.000       293.04      0.07238417  -1313.10690868  -1313.03452451
      6835     6835.000       301.93      0.07457967  -1313.10725597  -1313.03267630
      6836     6836.000       318.09      0.07857173  -1313.10862829  -1313.03005656
      6837     6837.000       311.23      0.07687834  -1313.10806181  -1313.03118347
      6838     6838.000       298.63      0.07376567  -1313.10695324  -1313.03318757
      6839     6839.000       315.22      0.07786190  -1313.10834071  -1313.03047881
      6840     6840.000       335.49      0.08287056  -1313.10959693  -1313.02672637
      6841     6841.000       358.93      0.08865891  -1313.11145082  -1313.02279191
      6842     6842.000       364.07      0.08993054  -1313.11164444  -1313.02171390
      6843     6843.000       361.60      0.08931931  -1313.11154813  -1313.02222882
      6844     6844.000       347.51      0.08583768  -1313.11059025  -1313.02475257
      6845     6845.000       326.73      0.08070721  -1313.10896379  -1313.02825658
      6846     6846.000       318.91      0.07877512  -1313.10864826  -1313.02987315
      6847     6847.000       307.84      0.07604097  -1313.10758810  -1313.03154712
      6848     6848.000       324.21      0.08008399  -1313.10887810  -1313.02879412
      6849     6849.000       340.16      0.08402329  -1313.11023289  -1313.02620960
      6850     6850.000       329.76      0.08145339  -1313.10918508  -1313.02773168
      6851     6851.000       329.42      0.08137096  -1313.10931736  -1313.02794641
      6852     6852.000       328.93      0.08124914  -1313.10910496  -1313.02785582
      6853     6853.000       346.59      0.08561138  -1313.11039080  -1313.02477941
      6854     6854.000       374.67      0.09254722  -1313.11254779  -1313.02000057
      6855     6855.000       370.31      0.09147100  -1313.11225024  -1313.02077924
      6856     6856.000       348.07      0.08597632  -1313.11035824  -1313.02438192
      6857     6857.000       344.15      0.08500866  -1313.11052245  -1313.02551378
      6858     6858.000       319.62      0.07894876  -1313.10829005  -1313.02934129
      6859     6859.000       338.40      0.08358941  -1313.10992989  -1313.02634048
      6860     6860.000       345.82      0.08542191  -1313.11065661  -1313.02523470
      6861     6861.000       334.51      0.08262880  -1313.10920689  -1313.02657809
      6862     6862.000       367.00      0.09065299  -1313.11231704  -1313.02166405
      6863     6863.000       350.92      0.08668226  -1313.11054561  -1313.02386335
      6864     6864.000       349.47      0.08632421  -1313.11068396  -1313.02435975
      6865     6865.000       347.97      0.08595358  -1313.11078113  -1313.02482755
      6866     6866.000       316.21      0.07810678  -1313.10802680  -1313.02992001
      6867     6867.000       327.81      0.08097361  -1313.10920705  -1313.02823344
      6868     6868.000       344.24      0.08503028  -1313.11056776  -1313.02553748
      6869     6869.000       317.72      0.07848113  -1313.10818787  -1313.02970674
      6870     6870.000       323.48      0.07990319  -1313.10902815  -1313.02912496
      6871     6871.000       305.48      0.07545786  -1313.10773690  -1313.03227904
      6872     6872.000       286.48      0.07076378  -1313.10578849  -1313.03502471
      6873     6873.000       327.13      0.08080404  -1313.10965521  -1313.02885118
      6874     6874.000       310.34      0.07665687  -1313.10762439  -1313.03096752
      6875     6875.000       324.90      0.08025323  -1313.10889471  -1313.02864149
      6876     6876.000       346.79      0.08566188  -1313.11087306  -1313.02521118
      6877     6877.000       323.17      0.07982549  -1313.10844688  -1313.02862139
      6878     6878.000       333.41      0.08235579  -1313.10988270  -1313.02752692
      6879     6879.000       316.27      0.07812160  -1313.10826119  -1313.03013959
      6880     6880.000       304.89      0.07531082  -1313.10730886  -1313.03199804
      6881     6881.000       335.32      0.08282786  -1313.10978042  -1313.02695256
      6882     6882.000       352.20      0.08699659  -1313.11101048  -1313.02401389
      6883     6883.000       345.16      0.08525785  -1313.11023746  -1313.02497962
      6884     6884.000       338.81      0.08369080  -1313.11021213  -1313.02652133
      6885     6885.000       302.47      0.07471394  -1313.10717393  -1313.03245999
      6886     6886.000       303.50      0.07496692  -1313.10723328  -1313.03226637
      6887     6887.000       336.69      0.08316665  -1313.11018863  -1313.02702198
      6888     6888.000       323.14      0.07981842  -1313.10858537  -1313.02876695
      6889     6889.000       320.06      0.07905873  -1313.10897119  -1313.02991246
      6890     6890.000       280.67      0.06932775  -1313.10576906  -1313.03644131
      6891     6891.000       260.14      0.06425842  -1313.10418101  -1313.03992259
      6892     6892.000       289.99      0.07163094  -1313.10663440  -1313.03500346
      6893     6893.000       318.56      0.07868787  -1313.10854085  -1313.02985297
      6894     6894.000       342.13      0.08450983  -1313.11030374  -1313.02579391
      6895     6895.000       336.99      0.08323953  -1313.10988568  -1313.02664615
      6896     6896.000       309.68      0.07649337  -1313.10792789  -1313.03143452
      6897     6897.000       293.28      0.07244430  -1313.10629702  -1313.03385272
      6898     6898.000       341.55      0.08436692  -1313.11036812  -1313.02600120
      6899     6899.000       376.48      0.09299553  -1313.11240948  -1313.01941395
      6900     6900.000       409.02      0.10103208  -1313.11514624  -1313.01411416
      6901     6901.000       383.00      0.09460480  -1313.11326690  -1313.01866210
      6902     6902.000       315.26      0.07787242  -1313.10788223  -1313.03000981
      6903     6903.000       301.17      0.07439187  -1313.10740221  -1313.03301034
      6904     6904.000       301.06      0.07436404  -1313.10710857  -1313.03274453
      6905     6905.000       328.63      0.08117542  -1313.10934004  -1313.02816462
      6906     6906.000       337.21      0.08329537  -1313.10998348  -1313.02668811
      6907     6907.000       319.06      0.07881169  -1313.10849217  -1313.02968048
      6908     6908.000       318.91      0.07877383  -1313.10834365  -1313.02956982
      6909     6909.000       350.73      0.08663498  -1313.11082760  -1313.02419262
      6910     6910.000       372.61      0.09203917  -1313.11244332  -1313.02040415
      6911     6911.000       367.09      0.09067590  -1313.11197486  -1313.02129896
      6912     6912.000       334.06      0.08251701  -1313.10973365  -1313.02721664
      6913     6913.000       293.13      0.07240544  -1313.10638658  -1313.03398114
      6914     6914.000       306.50      0.07571016  -1313.10774691  -1313.03203675
      6915     6915.000       327.05      0.08078520  -1313.10915145  -1313.02836625
      6916     6916.000       343.36      0.08481258  -1313.11026166  -1313.02544908
      6917     6917.000       344.97      0.08521168  -1313.11056848  -1313.02535680
      6918     6918.000       321.81      0.07948967  -1313.10851265  -1313.02902298
      6919     6919.000       322.52      0.07966604  -1313.10893453  -1313.02926848
      6920     6920.000       317.33      0.07838296  -1313.10822700  -1313.02984404
      6921     6921.000       332.98      0.08224959  -1313.10963499  -1313.02738541
      6922     6922.000       350.41      0.08655645  -1313.11067979  -1313.02412334
      6923     6923.000       368.36      0.09098927  -1313.11195154  -1313.02096227
      6924     6924.000       380.99      0.09410961  -1313.11309722  -1313.01898761
      6925     6925.000       362.43      0.08952529  -1313.11139781  -1313.02187252
      6926     6926.000       350.52      0.08658227  -1313.11088213  -1313.02429987
      6927     6927.000       329.16      0.08130595  -1313.10908758  -1313.02778162
      6928     6928.000       329.63      0.08142230  -1313.10928482  -1313.02786252
      6929     6929.000       344.63      0.08512820  -1313.11029300  -1313.02516480
      6930     6930.000       353.62      0.08734789  -1313.11117203  -1313.02382414
      6931     6931.000       344.58      0.08511571  -1313.11008219  -1313.02496648
      6932     6932.000       352.80      0.08714641  -1313.11111697  -1313.02397055
      6933     6933.000       340.38      0.08407697  -1313.11000556  -1313.02592859
      6934     6934.000       332.05      0.08202121  -1313.10932446  -1313.02730324
      6935     6935.000       331.55      0.08189615  -1313.10975406  -1313.02785791
      6936     6936.000       305.64      0.07549572  -1313.10713850  -1313.03164278
      6937     6937.000       336.43      0.08310167  -1313.10999983  -1313.02689816
      6938     6938.000       350.06      0.08646981  -1313.11066942  -1313.02419961
      6939     6939.000       361.39      0.08926713  -1313.11145117  -1313.02218404
      6940     6940.000       378.86      0.09358191  -1313.11290129  -1313.01931938
      6941     6941.000       364.00      0.08991234  -1313.11154562  -1313.02163329
      6942     6942.000       363.87      0.08987938  -1313.11164679  -1313.02176741
      6943     6943.000       356.74      0.08811850  -1313.11139704  -1313.02327855
      6944     6944.000       324.18      0.08007707  -1313.10864795  -1313.02857088
      6945     6945.000       330.68      0.08168152  -1313.10936732  -1313.02768580
      6946     6946.000       338.13      0.08352074  -1313.10999515  -1313.02647441
      6947     6947.000       338.61      0.08364109  -1313.10962120  -1313.02598011
      6948     6948.000       364.99      0.09015715  -1313.11218421  -1313.02202706
      6949     6949.000       331.47      0.08187706  -1313.10927163  -1313.02739457
      6950     6950.000       313.90      0.07753803  -1313.10799152  -1313.03045349
      6951     6951.000       331.30      0.08183588  -1313.10968080  -1313.02784492
      6952     6952.000       320.82      0.07924599  -1313.10833034  -1313.02908434
      6953     6953.000       348.52      0.08608749  -1313.11082187  -1313.02473439
      6954     6954.000       343.55      0.08485959  -1313.11044233  -1313.02558275
      6955     6955.000       318.32      0.07862895  -1313.10800100  -1313.02937205
      6956     6956.000       352.75      0.08713267  -1313.11127852  -1313.02414584
      6957     6957.000       352.18      0.08699310  -1313.11071449  -1313.02372139
      6958     6958.000       358.43      0.08853742  -1313.11124922  -1313.02271180
      6959     6959.000       367.78      0.09084614  -1313.11221576  -1313.02136961
      6960     6960.000       336.65      0.08315655  -1313.10956176  -1313.02640521
      6961     6961.000       339.35      0.08382327  -1313.10989579  -1313.02607252
      6962     6962.000       357.79      0.08837862  -1313.11150138  -1313.02312275
      6963     6963.000       349.72      0.08638573  -1313.11031816  -1313.02393243
      6964     6964.000       383.14      0.09463977  -1313.11324661  -1313.01860684
      6965     6965.000       380.60      0.09401250  -1313.11300054  -1313.01898804
      6966     6966.000       353.22      0.08724823  -1313.11057986  -1313.02333163
      6967     6967.000       353.04      0.08720450  -1313.11137146  -1313.02416696
      6968     6968.000       315.50      0.07793084  -1313.10779631  -1313.02986547
      6969     6969.000       338.93      0.08371853  -1313.10993135  -1313.02621282
      6970     6970.000       380.39      0.09396086  -1313.11292211  -1313.01896124
      6971     6971.000       404.81      0.09999155  -1313.11442855  -1313.01443699
      6972     6972.000       425.44      0.10508942  -1313.11625724  -1313.01116782
      6973     6973.000       397.83      0.09826917  -1313.11400844  -1313.01573927
      6974     6974.000       364.50      0.09003496  -1313.11153800  -1313.02150305
      6975     6975.000       359.64      0.08883578  -1313.11134335  -1313.02250757
      6976     6976.000       365.47      0.09027627  -1313.11171555  -1313.02143928
      6977     6977.000       386.24      0.09540580  -1313.11313267  -1313.01772687
      6978     6978.000       407.30      0.10060699  -1313.11495085  -1313.01434386
      6979     6979.000       399.05      0.09857038  -1313.11396458  -1313.01539419
      6980     6980.000       392.43      0.09693510  -1313.11388684  -1313.01695175
      6981     6981.000       359.51      0.08880183  -1313.11123236  -1313.02243053
      6982     6982.000       340.38      0.08407768  -1313.10995285  -1313.02587517
      6983     6983.000       343.02      0.08473102  -1313.11025113  -1313.02552012
      6984     6984.000       348.63      0.08611672  -1313.11049883  -1313.02438210
      6985     6985.000       365.15      0.09019587  -1313.11187922  -1313.02168335
      6986     6986.000       359.69      0.08884801  -1313.11133655  -1313.02248854
      6987     6987.000       364.58      0.09005599  -1313.11159122  -1313.02153523
      6988     6988.000       384.97      0.09509144  -1313.11336405  -1313.01827261
      6989     6989.000       370.08      0.09141338  -1313.11205128  -1313.02063790
      6990     6990.000       350.96      0.08669184  -1313.11095135  -1313.02425952
      6991     6991.000       306.43      0.07569131  -1313.10753298  -1313.03184168
      6992     6992.000       294.63      0.07277767  -1313.10650192  -1313.03372426
      6993     6993.000       339.00      0.08373752  -1313.11020256  -1313.02646503
      6994     6994.000       363.49      0.08978510  -1313.11157591  -1313.02179080
      6995     6995.000       374.53      0.09251201  -1313.11270208  -1313.02019008
      6996     6996.000       341.49      0.08435179  -1313.11013751  -1313.02578572
      6997     6997.000       304.60      0.07524002  -1313.10719853  -1313.03195851
      6998     6998.000       327.70      0.08094547  -1313.10917244  -1313.02822697
      6999     6999.000       354.27      0.08750849  -1313.11125058  -1313.02374209
      7000     7000.000       341.83      0.08443646  -1313.11001444  -1313.02557799
      7001     7001.000       334.57      0.08264266  -1313.10989346  -1313.02725081
      7002     7002.000       302.11      0.07462358  -1313.10707778  -1313.03245420
      7003     7003.000       323.69      0.07995572  -1313.10863132  -1313.02867559
      7004     7004.000       376.16      0.09291529  -1313.11312408  -1313.02020880
      7005     7005.000       355.73      0.08786934  -1313.11080987  -1313.02294053
      7006     7006.000       346.68      0.08563337  -1313.11074920  -1313.02511583
      7007     7007.000       309.66      0.07648847  -1313.10785102  -1313.03136255
      7008     7008.000       297.33      0.07344353  -1313.10650380  -1313.03306026
      7009     7009.000       357.82      0.08838544  -1313.11168876  -1313.02330332
      7010     7010.000       374.90      0.09260522  -1313.11235191  -1313.01974670
      7011     7011.000       387.45      0.09570478  -1313.11338627  -1313.01768149
      7012     7012.000       379.88      0.09383413  -1313.11308629  -1313.01925215
      7013     7013.000       328.56      0.08115829  -1313.10889613  -1313.02773784
      7014     7014.000       320.22      0.07909771  -1313.10860393  -1313.02950622
      7015     7015.000       325.81      0.08047893  -1313.10921657  -1313.02873763
      7016     7016.000       320.12      0.07907336  -1313.10830507  -1313.02923171
      7017     7017.000       356.42      0.08803944  -1313.11137267  -1313.02333323
      7018     7018.000       358.14      0.08846568  -1313.11152307  -1313.02305739
      7019     7019.000       330.88      0.08173135  -1313.10894837  -1313.02721702
      7020     7020.000       346.34      0.08554929  -1313.11084970  -1313.02530041
      7021     7021.000       326.56      0.08066284  -1313.10873634  -1313.02807350
      7022     7022.000       350.29      0.08652453  -1313.11077917  -1313.02425464
      7023     7023.000       366.46      0.09052043  -1313.11216443  -1313.02164400
      7024     7024.000       344.99      0.08521702  -1313.10996257  -1313.02474555
      7025     7025.000       365.35      0.09024593  -1313.11201287  -1313.02176694
      7026     7026.000       362.60      0.08956523  -1313.11150504  -1313.02193981
      7027     7027.000       362.32      0.08949832  -1313.11157310  -1313.02207478
      7028     7028.000       357.36      0.08827130  -1313.11136452  -1313.02309322
      7029     7029.000       327.57      0.08091302  -1313.10908044  -1313.02816742
      7030     7030.000       316.53      0.07818770  -1313.10812968  -1313.02994197
      7031     7031.000       346.20      0.08551471  -1313.11063726  -1313.02512256
      7032     7032.000       353.19      0.08724187  -1313.11087937  -1313.02363750
      7033     7033.000       365.69      0.09033031  -1313.11185865  -1313.02152833
      7034     7034.000       362.99      0.08966185  -1313.11182505  -1313.02216320
      7035     7035.000       338.33      0.08357104  -1313.10954429  -1313.02597325
      7036     7036.000       357.09      0.08820447  -1313.11142711  -1313.02322264
      7037     7037.000       351.99      0.08694650  -1313.11085101  -1313.02390452
      7038     7038.000       341.98      0.08447291  -1313.11013637  -1313.02566346
      7039     7039.000       335.32      0.08282803  -1313.10969762  -1313.02686959
      7040     7040.000       335.49      0.08286873  -1313.10958277  -1313.02671404
      7041     7041.000       353.46      0.08730830  -1313.11093723  -1313.02362893
      7042     7042.000       378.98      0.09361233  -1313.11269972  -1313.01908739
      7043     7043.000       395.91      0.09779342  -1313.11405544  -1313.01626202
      7044     7044.000       397.49      0.09818353  -1313.11379868  -1313.01561516
      7045     7045.000       418.05      0.10326281  -1313.11555077  -1313.01228795
      7046     7046.000       415.49      0.10263164  -1313.11535038  -1313.01271874
      7047     7047.000       394.28      0.09739132  -1313.11372370  -1313.01633238
      7048     7048.000       368.18      0.09094424  -1313.11207757  -1313.02113333
      7049     7049.000       336.65      0.08315606  -1313.10951706  -1313.02636100
      7050     7050.000       343.46      0.08483752  -1313.11026314  -1313.02542561
      7051     7051.000       367.52      0.09078081  -1313.11188747  -1313.02110666
      7052     7052.000       386.77      0.09553640  -1313.11343460  -1313.01789819
      7053     7053.000       385.62      0.09525222  -1313.11308569  -1313.01783347
      7054     7054.000       383.48      0.09472291  -1313.11326098  -1313.01853807
      7055     7055.000       359.33      0.08875968  -1313.11114781  -1313.02238813
      7056     7056.000       365.70      0.09033111  -1313.11175489  -1313.02142378
      7057     7057.000       373.55      0.09227204  -1313.11257248  -1313.02030044
      7058     7058.000       362.36      0.08950787  -1313.11122417  -1313.02171631
      7059     7059.000       380.18      0.09390872  -1313.11323275  -1313.01932402
      7060     7060.000       348.76      0.08614655  -1313.11040063  -1313.02425407
      7061     7061.000       336.81      0.08319499  -1313.10981818  -1313.02662319
      7062     7062.000       334.81      0.08270294  -1313.10967272  -1313.02696978
      7063     7063.000       330.44      0.08162329  -1313.10922258  -1313.02759928
      7064     7064.000       352.60      0.08709729  -1313.11089333  -1313.02379604
      7065     7065.000       372.02      0.09189240  -1313.11243317  -1313.02054077
      7066     7066.000       366.38      0.09049915  -1313.11167451  -1313.02117536
      7067     7067.000       383.84      0.09481378  -1313.11312063  -1313.01830685
      7068     7068.000       388.42      0.09594339  -1313.11357053  -1313.01762714
      7069     7069.000       370.44      0.09150216  -1313.11178054  -1313.02027838
      7070     7070.000       388.60      0.09598972  -1313.11380065  -1313.01781092
      7071     7071.000       359.44      0.08878583  -1313.11108295  -1313.02229712
      7072     7072.000       359.68      0.08884479  -1313.11139377  -1313.02254897
      7073     7073.000       368.05      0.09091304  -1313.11223645  -1313.02132342
      7074     7074.000       339.67      0.08390197  -1313.10974278  -1313.02584081
      7075     7075.000       338.50      0.08361218  -1313.11008503  -1313.02647285
      7076     7076.000       323.90      0.08000714  -1313.10884689  -1313.02883976
      7077     7077.000       322.21      0.07959023  -1313.10854467  -1313.02895443
      7078     7078.000       351.98      0.08694196  -1313.11114290  -1313.02420094
      7079     7079.000       345.24      0.08527830  -1313.11042118  -1313.02514288
      7080     7080.000       326.47      0.08064298  -1313.10890260  -1313.02825962
      7081     7081.000       338.99      0.08373337  -1313.11005263  -1313.02631925
      7082     7082.000       346.99      0.08571161  -1313.11035079  -1313.02463918
      7083     7083.000       375.39      0.09272433  -1313.11252016  -1313.01979582
      7084     7084.000       387.22      0.09564835  -1313.11380701  -1313.01815866
      7085     7085.000       327.78      0.08096649  -1313.10869577  -1313.02772928
      7086     7086.000       321.51      0.07941739  -1313.10877086  -1313.02935347
      7087     7087.000       330.38      0.08160833  -1313.10936497  -1313.02775664
      7088     7088.000       350.83      0.08665827  -1313.11043516  -1313.02377689
      7089     7089.000       395.04      0.09758047  -1313.11446491  -1313.01688444
      7090     7090.000       363.14      0.08969891  -1313.11133750  -1313.02163859
      7091     7091.000       349.75      0.08639218  -1313.11063896  -1313.02424679
      7092     7092.000       355.70      0.08786246  -1313.11113896  -1313.02327650
      7093     7093.000       355.26      0.08775366  -1313.11106492  -1313.02331126
      7094     7094.000       357.00      0.08818260  -1313.11122756  -1313.02304495
      7095     7095.000       342.25      0.08453841  -1313.11047014  -1313.02593173
      7096     7096.000       300.61      0.07425356  -1313.10683974  -1313.03258618
      7097     7097.000       325.19      0.08032548  -1313.10892605  -1313.02860056
      7098     7098.000       365.62      0.09031149  -1313.11207920  -1313.02176771
      7099     7099.000       377.21      0.09317537  -1313.11232244  -1313.01914707
      7100     7100.000       394.97      0.09756182  -1313.11443105  -1313.01686923
      7101     7101.000       345.50      0.08534301  -1313.10999934  -1313.02465633
      7102     7102.000       337.07      0.08325900  -1313.10978976  -1313.02653075
      7103     7103.000       347.85      0.08592272  -1313.11059941  -1313.02467669
      7104     7104.000       354.78      0.08763486  -1313.11095987  -1313.02332501
      7105     7105.000       376.95      0.09311201  -1313.11272318  -1313.01961117
      7106     7106.000       370.97      0.09163324  -1313.11226750  -1313.02063426
      7107     7107.000       346.53      0.08559701  -1313.11036787  -1313.02477086
      7108     7108.000       339.70      0.08391083  -1313.10989877  -1313.02598795
      7109     7109.000       344.33      0.08505231  -1313.11042360  -1313.02537128
      7110     7110.000       348.14      0.08599410  -1313.11041170  -1313.02441760
      7111     7111.000       363.23      0.08972251  -1313.11193433  -1313.02221182
      7112     7112.000       342.94      0.08470904  -1313.11012032  -1313.02541128
      7113     7113.000       333.29      0.08232750  -1313.10946719  -1313.02713968
      7114     7114.000       340.62      0.08413700  -1313.11011159  -1313.02597460
      7115     7115.000       343.15      0.08476158  -1313.11010713  -1313.02534554
      7116     7116.000       358.63      0.08858459  -1313.11160405  -1313.02301946
      7117     7117.000       335.61      0.08289945  -1313.10961074  -1313.02671129
      7118     7118.000       322.53      0.07966885  -1313.10868897  -1313.02902012
      7119     7119.000       339.13      0.08376997  -1313.10992451  -1313.02615454
      7120     7120.000       367.76      0.09084105  -1313.11184111  -1313.02100006
      7121     7121.000       408.70      0.10095378  -1313.11500417  -1313.01405039
      7122     7122.000       414.28      0.10233225  -1313.11515743  -1313.01282519
      7123     7123.000       408.96      0.10101897  -1313.11484376  -1313.01382480
      7124     7124.000       402.37      0.09938889  -1313.11420535  -1313.01481646
      7125     7125.000       411.76      0.10171023  -1313.11504185  -1313.01333162
      7126     7126.000       411.27      0.10158783  -1313.11502387  -1313.01343604
      7127     7127.000       399.66      0.09872118  -1313.11420630  -1313.01548512
      7128     7128.000       384.04      0.09486341  -1313.11300801  -1313.01814460
      7129     7129.000       378.12      0.09340059  -1313.11253899  -1313.01913841
      7130     7130.000       392.18      0.09687272  -1313.11373947  -1313.01686675
      7131     7131.000       392.49      0.09694899  -1313.11365957  -1313.01671058
      7132     7132.000       380.86      0.09407643  -1313.11301237  -1313.01893594
      7133     7133.000       356.80      0.08813454  -1313.11093882  -1313.02280428
      7134     7134.000       364.35      0.08999832  -1313.11185239  -1313.02185407
      7135     7135.000       361.15      0.08920755  -1313.11140491  -1313.02219736
      7136     7136.000       369.90      0.09136895  -1313.11208701  -1313.02071807
      7137     7137.000       374.79      0.09257842  -1313.11266804  -1313.02008962
      7138     7138.000       354.94      0.08767434  -1313.11076185  -1313.02308751
      7139     7139.000       368.35      0.09098710  -1313.11220240  -1313.02121530
      7140     7140.000       358.47      0.08854520  -1313.11130901  -1313.02276381
      7141     7141.000       345.01      0.08522171  -1313.11027628  -1313.02505457
      7142     7142.000       349.30      0.08628102  -1313.11069509  -1313.02441407
      7143     7143.000       352.51      0.08707413  -1313.11088569  -1313.02381157
      7144     7144.000       360.94      0.08915671  -1313.11143116  -1313.02227445
      7145     7145.000       374.02      0.09238708  -1313.11256113  -1313.02017404
      7146     7146.000       359.97      0.08891766  -1313.11130131  -1313.02238365
      7147     7147.000       363.61      0.08981681  -1313.11150688  -1313.02169007
      7148     7148.000       385.96      0.09533554  -1313.11342161  -1313.01808607
      7149     7149.000       388.11      0.09586866  -1313.11314867  -1313.01728001
      7150     7150.000       405.50      0.10016419  -1313.11489570  -1313.01473152
      7151     7151.000       375.90      0.09285110  -1313.11249645  -1313.01964535
      7152     7152.000       342.58      0.08461998  -1313.10993305  -1313.02531307
      7153     7153.000       345.94      0.08545171  -1313.11064098  -1313.02518927
      7154     7154.000       342.23      0.08453430  -1313.10978370  -1313.02524939
      7155     7155.000       380.25      0.09392580  -1313.11304777  -1313.01912197
      7156     7156.000       394.17      0.09736378  -1313.11391861  -1313.01655484
      7157     7157.000       374.98      0.09262530  -1313.11237334  -1313.01974804
      7158     7158.000       358.22      0.08848495  -1313.11139873  -1313.02291378
      7159     7159.000       330.97      0.08175368  -1313.10922433  -1313.02747065
      7160     7160.000       342.98      0.08471975  -1313.10993301  -1313.02521326
      7161     7161.000       403.56      0.09968356  -1313.11468963  -1313.01500607
      7162     7162.000       428.12      0.10575057  -1313.11620430  -1313.01045373
      7163     7163.000       426.89      0.10544556  -1313.11611463  -1313.01066907
      7164     7164.000       397.06      0.09807895  -1313.11433429  -1313.01625534
      7165     7165.000       340.53      0.08411525  -1313.10933629  -1313.02522103
      7166     7166.000       372.95      0.09212253  -1313.11260709  -1313.02048456
      7167     7167.000       392.24      0.09688685  -1313.11364651  -1313.01675966
      7168     7168.000       403.90      0.09976741  -1313.11436821  -1313.01460081
      7169     7169.000       417.55      0.10314031  -1313.11577832  -1313.01263801
      7170     7170.000       384.80      0.09505002  -1313.11282937  -1313.01777936
      7171     7171.000       391.87      0.09679580  -1313.11360002  -1313.01680422
      7172     7172.000       403.19      0.09959135  -1313.11469262  -1313.01510128
      7173     7173.000       373.48      0.09225485  -1313.11221278  -1313.01995792
      7174     7174.000       354.61      0.08759231  -1313.11104973  -1313.02345741
      7175     7175.000       333.16      0.08229310  -1313.10963317  -1313.02734007
      7176     7176.000       318.08      0.07857007  -1313.10810931  -1313.02953924
      7177     7177.000       346.78      0.08565754  -1313.11085864  -1313.02520109
      7178     7178.000       335.51      0.08287500  -1313.10960750  -1313.02673249
      7179     7179.000       330.90      0.08173497  -1313.10922890  -1313.02749393
      7180     7180.000       347.97      0.08595349  -1313.11080873  -1313.02485524
      7181     7181.000       344.38      0.08506543  -1313.10998837  -1313.02492294
      7182     7182.000       378.71      0.09354541  -1313.11294997  -1313.01940456
      7183     7183.000       374.17      0.09242477  -1313.11264752  -1313.02022274
      7184     7184.000       330.71      0.08169022  -1313.10905442  -1313.02736420
      7185     7185.000       325.62      0.08043091  -1313.10920537  -1313.02877446
      7186     7186.000       307.43      0.07593925  -1313.10754075  -1313.03160150
      7187     7187.000       326.58      0.08066799  -1313.10899409  -1313.02832610
      7188     7188.000       353.28      0.08726321  -1313.11132295  -1313.02405975
      7189     7189.000       325.84      0.08048537  -1313.10885602  -1313.02837065
      7190     7190.000       310.73      0.07675288  -1313.10810947  -1313.03135659
      7191     7191.000       289.13      0.07141819  -1313.10642957  -1313.03501138
      7192     7192.000       284.02      0.07015724  -1313.10583964  -1313.03568240
      7193     7193.000       327.31      0.08084900  -1313.10934228  -1313.02849328
      7194     7194.000       349.14      0.08624046  -1313.11075984  -1313.02451938
      7195     7195.000       346.89      0.08568551  -1313.11047282  -1313.02478731
      7196     7196.000       340.11      0.08401031  -1313.11034881  -1313.02633850
      7197     7197.000       295.96      0.07310559  -1313.10662504  -1313.03351945
      7198     7198.000       304.82      0.07529408  -1313.10755811  -1313.03226403
      7199     7199.000       328.66      0.08118332  -1313.10943189  -1313.02824857
      7200     7200.000       332.30      0.08208308  -1313.10928114  -1313.02719806
      7201     7201.000       350.86      0.08666567  -1313.11111714  -1313.02445147
      7202     7202.000       333.04      0.08226410  -1313.10929802  -1313.02703391
      7203     7203.000       343.70      0.08489754  -1313.11024339  -1313.02534585
      7204     7204.000       362.38      0.08951269  -1313.11180627  -1313.02229358
      7205     7205.000       355.21      0.08774106  -1313.11095743  -1313.02321637
      7206     7206.000       350.89      0.08667338  -1313.11091571  -1313.02424233
      7207     7207.000       337.71      0.08341929  -1313.10981040  -1313.02639111
      7208     7208.000       331.93      0.08199046  -1313.10937246  -1313.02738199
      7209     7209.000       341.25      0.08429183  -1313.11026347  -1313.02597164
      7210     7210.000       328.23      0.08107661  -1313.10925783  -1313.02818122
      7211     7211.000       305.23      0.07539426  -1313.10749894  -1313.03210468
      7212     7212.000       304.24      0.07515048  -1313.10751126  -1313.03236077
      7213     7213.000       317.70      0.07847606  -1313.10839480  -1313.02991874
      7214     7214.000       346.67      0.08563147  -1313.11061445  -1313.02498298
      7215     7215.000       345.37      0.08531101  -1313.11066043  -1313.02534942
      7216     7216.000       314.21      0.07761443  -1313.10795807  -1313.03034364
      7217     7217.000       313.46      0.07742818  -1313.10827773  -1313.03084955
      7218     7218.000       321.76      0.07947885  -1313.10844620  -1313.02896735
      7219     7219.000       366.45      0.09051795  -1313.11206942  -1313.02155146
      7220     7220.000       380.90      0.09408685  -1313.11313234  -1313.01904549
      7221     7221.000       350.93      0.08668330  -1313.11064292  -1313.02395962
      7222     7222.000       322.66      0.07970061  -1313.10900522  -1313.02930461
      7223     7223.000       288.89      0.07135878  -1313.10608525  -1313.03472647
      7224     7224.000       313.06      0.07732977  -1313.10816684  -1313.03083707
      7225     7225.000       355.42      0.08779330  -1313.11104004  -1313.02324674
      7226     7226.000       397.96      0.09830088  -1313.11414607  -1313.01584519
      7227     7227.000       423.36      0.10457455  -1313.11597934  -1313.01140479
      7228     7228.000       406.95      0.10052213  -1313.11477830  -1313.01425616
      7229     7229.000       371.10      0.09166523  -1313.11200204  -1313.02033681
      7230     7230.000       354.81      0.08764109  -1313.11120721  -1313.02356612
      7231     7231.000       327.19      0.08082065  -1313.10899374  -1313.02817309
      7232     7232.000       327.11      0.08079949  -1313.10901720  -1313.02821771
      7233     7233.000       337.55      0.08337802  -1313.11022289  -1313.02684487
      7234     7234.000       308.87      0.07629359  -1313.10741470  -1313.03112111
      7235     7235.000       327.12      0.08080303  -1313.10945772  -1313.02865470
      7236     7236.000       316.46      0.07816964  -1313.10825574  -1313.03008609
      7237     7237.000       322.55      0.07967464  -1313.10859014  -1313.02891550
      7238     7238.000       361.38      0.08926611  -1313.11187724  -1313.02261113
      7239     7239.000       356.65      0.08809730  -1313.11092381  -1313.02282650
      7240     7240.000       374.16      0.09242155  -1313.11250444  -1313.02008289
      7241     7241.000       372.20      0.09193833  -1313.11252145  -1313.02058312
      7242     7242.000       334.82      0.08270410  -1313.10932612  -1313.02662202
      7243     7243.000       339.35      0.08382399  -1313.11013588  -1313.02631189
      7244     7244.000       338.11      0.08351582  -1313.10980283  -1313.02628701
      7245     7245.000       354.18      0.08748689  -1313.11071624  -1313.02322935
      7246     7246.000       396.58      0.09795956  -1313.11451019  -1313.01655063
      7247     7247.000       368.31      0.09097564  -1313.11179924  -1313.02082361
      7248     7248.000       355.21      0.08774058  -1313.11095388  -1313.02321330
      7249     7249.000       364.21      0.08996323  -1313.11192127  -1313.02195804
      7250     7250.000       363.61      0.08981602  -1313.11116649  -1313.02135047
      7251     7251.000       419.16      0.10353602  -1313.11595941  -1313.01242339
      7252     7252.000       405.45      0.10015068  -1313.11486542  -1313.01471474
      7253     7253.000       351.24      0.08676013  -1313.11029056  -1313.02353044
      7254     7254.000       355.45      0.08780139  -1313.11147271  -1313.02367132
      7255     7255.000       335.43      0.08285378  -1313.10930765  -1313.02645387
      7256     7256.000       363.89      0.08988501  -1313.11181811  -1313.02193310
      7257     7257.000       365.01      0.09016147  -1313.11225624  -1313.02209477
      7258     7258.000       301.94      0.07458252  -1313.10690212  -1313.03231960
      7259     7259.000       298.24      0.07366818  -1313.10718507  -1313.03351689
      7260     7260.000       306.53      0.07571631  -1313.10770603  -1313.03198972
      7261     7261.000       325.39      0.08037396  -1313.10873166  -1313.02835770
      7262     7262.000       372.91      0.09211406  -1313.11279527  -1313.02068121
      7263     7263.000       343.93      0.08495436  -1313.11032317  -1313.02536881
      7264     7264.000       312.29      0.07713902  -1313.10777472  -1313.03063570
      7265     7265.000       320.36      0.07913132  -1313.10908225  -1313.02995093
      7266     7266.000       289.73      0.07156552  -1313.10597866  -1313.03441314
      7267     7267.000       327.67      0.08093748  -1313.10943654  -1313.02849905
      7268     7268.000       329.81      0.08146681  -1313.10955806  -1313.02809125
      7269     7269.000       304.06      0.07510621  -1313.10706525  -1313.03195904
      7270     7270.000       331.19      0.08180809  -1313.10990263  -1313.02809454
      7271     7271.000       310.35      0.07665998  -1313.10762419  -1313.03096421
      7272     7272.000       325.80      0.08047566  -1313.10899495  -1313.02851929
      7273     7273.000       354.05      0.08745387  -1313.11132509  -1313.02387122
      7274     7274.000       335.25      0.08281053  -1313.10945581  -1313.02664529
      7275     7275.000       338.83      0.08369581  -1313.11005077  -1313.02635496
      7276     7276.000       337.74      0.08342509  -1313.10993061  -1313.02650552
      7277     7277.000       332.27      0.08207383  -1313.10910051  -1313.02702668
      7278     7278.000       381.61      0.09426144  -1313.11317699  -1313.01891555
      7279     7279.000       391.50      0.09670402  -1313.11381568  -1313.01711166
      7280     7280.000       364.69      0.09008193  -1313.11146486  -1313.02138293
      7281     7281.000       355.48      0.08780671  -1313.11147509  -1313.02366838
      7282     7282.000       317.12      0.07833252  -1313.10784693  -1313.02951442
      7283     7283.000       353.68      0.08736247  -1313.11104445  -1313.02368199
      7284     7284.000       390.66      0.09649646  -1313.11384950  -1313.01735304
      7285     7285.000       385.19      0.09514671  -1313.11283707  -1313.01769036
      7286     7286.000       398.26      0.09837585  -1313.11451681  -1313.01614096
      7287     7287.000       364.85      0.09012178  -1313.11149146  -1313.02136968
      7288     7288.000       353.12      0.08722460  -1313.11092836  -1313.02370376
      7289     7289.000       348.20      0.08601055  -1313.11070564  -1313.02469509
      7290     7290.000       326.38      0.08062007  -1313.10902083  -1313.02840076
      7291     7291.000       316.38      0.07814949  -1313.10829829  -1313.03014880
      7292     7292.000       316.53      0.07818726  -1313.10859371  -1313.03040646
      7293     7293.000       301.89      0.07457145  -1313.10722655  -1313.03265510
      7294     7294.000       307.57      0.07597437  -1313.10783663  -1313.03186226
      7295     7295.000       299.63      0.07401284  -1313.10748656  -1313.03347372
      7296     7296.000       271.05      0.06695155  -1313.10478953  -1313.03783799
      7297     7297.000       293.65      0.07253488  -1313.10717861  -1313.03464373
      7298     7298.000       292.67      0.07229195  -1313.10640442  -1313.03411248
      7299     7299.000       326.55      0.08066113  -1313.10927301  -1313.02861188
      7300     7300.000       342.43      0.08458476  -1313.11029969  -1313.02571493
      7301     7301.000       340.58      0.08412786  -1313.10994519  -1313.02581733
      7302     7302.000       354.81      0.08764121  -1313.11119170  -1313.02355049
      7303     7303.000       352.48      0.08706624  -1313.11076278  -1313.02369654
      7304     7304.000       360.33      0.08900650  -1313.11155008  -1313.02254358
      7305     7305.000       357.21      0.08823439  -1313.11111371  -1313.02287932
      7306     7306.000       357.63      0.08833744  -1313.11133268  -1313.02299524
      7307     7307.000       354.39      0.08753744  -1313.11087577  -1313.02333834
      7308     7308.000       363.11      0.08969169  -1313.11172783  -1313.02203615
      7309     7309.000       362.29      0.08948866  -1313.11153013  -1313.02204147
      7310     7310.000       364.61      0.09006330  -1313.11169852  -1313.02163522
      7311     7311.000       372.49      0.09200878  -1313.11226412  -1313.02025535
      7312     7312.000       377.26      0.09318677  -1313.11259756  -1313.01941079
      7313     7313.000       381.86      0.09432273  -1313.11303147  -1313.01870874
      7314     7314.000       372.18      0.09193374  -1313.11212896  -1313.02019522
      7315     7315.000       369.41      0.09124793  -1313.11223386  -1313.02098592
      7316     7316.000       353.10      0.08722042  -1313.11073955  -1313.02351913
      7317     7317.000       358.01      0.08843155  -1313.11132553  -1313.02289398
      7318     7318.000       360.40      0.08902282  -1313.11148405  -1313.02246123
      7319     7319.000       358.47      0.08854657  -1313.11111232  -1313.02256575
      7320     7320.000       376.55      0.09301300  -1313.11287091  -1313.01985791
      7321     7321.000       356.05      0.08794848  -1313.11093351  -1313.02298503
      7322     7322.000       355.60      0.08783800  -1313.11109774  -1313.02325974
      7323     7323.000       357.09      0.08820648  -1313.11130420  -1313.02309773
      7324     7324.000       358.63      0.08858551  -1313.11109129  -1313.02250578
      7325     7325.000       385.50      0.09522265  -1313.11342260  -1313.01819995
      7326     7326.000       375.10      0.09265352  -1313.11245938  -1313.01980587
      7327     7327.000       360.01      0.08892645  -1313.11128575  -1313.02235930
      7328     7328.000       361.17      0.08921346  -1313.11154520  -1313.02233174
      7329     7329.000       357.21      0.08823612  -1313.11119219  -1313.02295608
      7330     7330.000       357.65      0.08834334  -1313.11117853  -1313.02283519
      7331     7331.000       358.78      0.08862307  -1313.11163301  -1313.02300994
      7332     7332.000       322.94      0.07976936  -1313.10849346  -1313.02872411
      7333     7333.000       336.52      0.08312499  -1313.10978576  -1313.02666077
      7334     7334.000       354.09      0.08746537  -1313.11114770  -1313.02368234
      7335     7335.000       360.94      0.08915725  -1313.11121440  -1313.02205715
      7336     7336.000       387.68      0.09576104  -1313.11389915  -1313.01813811
      7337     7337.000       340.59      0.08412969  -1313.10976174  -1313.02563205
      7338     7338.000       328.48      0.08113763  -1313.10909306  -1313.02795543
      7339     7339.000       346.20      0.08551499  -1313.11062997  -1313.02511499
      7340     7340.000       350.22      0.08650846  -1313.11051388  -1313.02400542
      7341     7341.000       373.75      0.09231925  -1313.11266620  -1313.02034694
      7342     7342.000       358.74      0.08861173  -1313.11137584  -1313.02276411
      7343     7343.000       334.43      0.08260868  -1313.10928598  -1313.02667729
      7344     7344.000       368.32      0.09098012  -1313.11208954  -1313.02110941
      7345     7345.000       388.10      0.09586438  -1313.11353513  -1313.01767075
      7346     7346.000       383.47      0.09472147  -1313.11289614  -1313.01817467
      7347     7347.000       383.43      0.09471140  -1313.11349302  -1313.01878162
      7348     7348.000       327.50      0.08089696  -1313.10875947  -1313.02786251
      7349     7349.000       325.14      0.08031308  -1313.10886533  -1313.02855225
      7350     7350.000       348.59      0.08610537  -1313.11097666  -1313.02487128
      7351     7351.000       339.10      0.08376212  -1313.10951373  -1313.02575161
      7352     7352.000       368.48      0.09101882  -1313.11243266  -1313.02141384
      7353     7353.000       355.00      0.08769015  -1313.11096670  -1313.02327655
      7354     7354.000       345.72      0.08539769  -1313.11018221  -1313.02478452
      7355     7355.000       372.05      0.09189997  -1313.11244307  -1313.02054310
      7356     7356.000       374.88      0.09259998  -1313.11237720  -1313.01977722
      7357     7357.000       385.97      0.09533971  -1313.11310758  -1313.01776787
      7358     7358.000       406.56      0.10042480  -1313.11490704  -1313.01448224
      7359     7359.000       388.17      0.09588246  -1313.11324680  -1313.01736434
      7360     7360.000       386.91      0.09556997  -1313.11308669  -1313.01751672
      7361     7361.000       402.61      0.09945003  -1313.11473437  -1313.01528434
      7362     7362.000       388.08      0.09586015  -1313.11282622  -1313.01696607
      7363     7363.000       423.14      0.10451965  -1313.11623039  -1313.01171074
      7364     7364.000       406.69      0.10045808  -1313.11469857  -1313.01424049
      7365     7365.000       376.85      0.09308617  -1313.11225073  -1313.01916457
      7366     7366.000       383.67      0.09477139  -1313.11339659  -1313.01862520
      7367     7367.000       361.86      0.08938422  -1313.11119069  -1313.02180646
      7368     7368.000       376.08      0.09289634  -1313.11275103  -1313.01985469
      7369     7369.000       366.71      0.09058104  -1313.11202365  -1313.02144260
      7370     7370.000       326.41      0.08062686  -1313.10900169  -1313.02837483
      7371     7371.000       309.23      0.07638273  -1313.10765814  -1313.03127541
      7372     7372.000       322.29      0.07960831  -1313.10903415  -1313.02942584
      7373     7373.000       329.61      0.08141674  -1313.10897313  -1313.02755639
      7374     7374.000       371.83      0.09184719  -1313.11256488  -1313.02071768
      7375     7375.000       368.13      0.09093170  -1313.11210977  -1313.02117808
      7376     7376.000       345.88      0.08543520  -1313.11007334  -1313.02463814
      7377     7377.000       360.33      0.08900458  -1313.11186361  -1313.02285902
      7378     7378.000       328.94      0.08125254  -1313.10890603  -1313.02765349
      7379     7379.000       337.93      0.08347207  -1313.10999093  -1313.02651886
      7380     7380.000       345.49      0.08534014  -1313.11055697  -1313.02521682
      7381     7381.000       334.83      0.08270695  -1313.10935791  -1313.02665096
      7382     7382.000       366.06      0.09042030  -1313.11201087  -1313.02159057
      7383     7383.000       370.20      0.09144396  -1313.11229864  -1313.02085468
      7384     7384.000       353.03      0.08720183  -1313.11066686  -1313.02346503
      7385     7385.000       363.34      0.08974914  -1313.11184051  -1313.02209137
      7386     7386.000       355.49      0.08780998  -1313.11104281  -1313.02323282
      7387     7387.000       358.58      0.08857361  -1313.11108697  -1313.02251335
      7388     7388.000       386.25      0.09540852  -1313.11361062  -1313.01820210
      7389     7389.000       364.76      0.09009931  -1313.11155211  -1313.02145280
      7390     7390.000       368.05      0.09091244  -1313.11188374  -1313.02097129
      7391     7391.000       383.19      0.09465320  -1313.11335618  -1313.01870298
      7392     7392.000       358.28      0.08850038  -1313.11088236  -1313.02238198
      7393     7393.000       376.42      0.09297902  -1313.11286553  -1313.01988651
      7394     7394.000       354.87      0.08765709  -1313.11104666  -1313.02338958
      7395     7395.000       340.18      0.08402764  -1313.10971337  -1313.02568573
      7396     7396.000       362.63      0.08957322  -1313.11193133  -1313.02235811
      7397     7397.000       354.05      0.08745520  -1313.11070029  -1313.02324510
      7398     7398.000       372.76      0.09207591  -1313.11242083  -1313.02034493
      7399     7399.000       372.82      0.09208997  -1313.11244682  -1313.02035685
      7400     7400.000       348.89      0.08618036  -1313.11040147  -1313.02422111
      7401     7401.000       358.99      0.08867529  -1313.11136668  -1313.02269139
      7402     7402.000       373.92      0.09236227  -1313.11245097  -1313.02008870
      7403     7403.000       381.32      0.09419141  -1313.11265081  -1313.01845940
      7404     7404.000       411.89      0.10174085  -1313.11539577  -1313.01365492
      7405     7405.000       379.49      0.09373853  -1313.11278285  -1313.01904432
      7406     7406.000       346.43      0.08557167  -1313.11022213  -1313.02465046
      7407     7407.000       345.53      0.08534942  -1313.11061995  -1313.02527053
      7408     7408.000       334.97      0.08274055  -1313.10917134  -1313.02643079
      7409     7409.000       387.24      0.09565266  -1313.11356746  -1313.01791480
      7410     7410.000       408.75      0.10096488  -1313.11492649  -1313.01396161
      7411     7411.000       394.27      0.09738959  -1313.11372267  -1313.01633307
      7412     7412.000       376.89      0.09309629  -1313.11275711  -1313.01966082
      7413     7413.000       350.30      0.08652810  -1313.11046488  -1313.02393678
      7414     7414.000       361.21      0.08922235  -1313.11139103  -1313.02216869
      7415     7415.000       390.39      0.09642973  -1313.11372840  -1313.01729867
      7416     7416.000       384.39      0.09494980  -1313.11311900  -1313.01816921
      7417     7417.000       371.01      0.09164299  -1313.11216531  -1313.02052231
      7418     7418.000       364.69      0.09008299  -1313.11171366  -1313.02163066
      7419     7419.000       368.77      0.09108999  -1313.11181475  -1313.02072476
      7420     7420.000       397.28      0.09813246  -1313.11421571  -1313.01608325
      7421     7421.000       393.72      0.09725229  -1313.11386189  -1313.01660960
      7422     7422.000       366.65      0.09056622  -1313.11179872  -1313.02123250
      7423     7423.000       344.48      0.08509042  -1313.11042309  -1313.02533267
      7424     7424.000       328.59      0.08116528  -1313.10899030  -1313.02782502
      7425     7425.000       344.53      0.08510319  -1313.11042167  -1313.02531848
      7426     7426.000       358.41      0.08853086  -1313.11129749  -1313.02276663
      7427     7427.000       373.97      0.09237575  -1313.11237490  -1313.01999915
      7428     7428.000       388.53      0.09597019  -1313.11347247  -1313.01750228
      7429     7429.000       393.54      0.09720976  -1313.11373797  -1313.01652820
      7430     7430.000       390.74      0.09651721  -1313.11370187  -1313.01718466
      7431     7431.000       365.51      0.09028449  -1313.11162247  -1313.02133797
      7432     7432.000       358.20      0.08847877  -1313.11135599  -1313.02287722
      7433     7433.000       357.19      0.08823090  -1313.11103389  -1313.02280299
      7434     7434.000       376.17      0.09291944  -1313.11261441  -1313.01969497
      7435     7435.000       390.21      0.09638687  -1313.11359951  -1313.01721264
      7436     7436.000       383.38      0.09469986  -1313.11304670  -1313.01834684
      7437     7437.000       371.85      0.09185012  -1313.11216725  -1313.02031713
      7438     7438.000       368.33      0.09098178  -1313.11205931  -1313.02107753
      7439     7439.000       362.61      0.08956846  -1313.11152838  -1313.02195992
      7440     7440.000       364.94      0.09014336  -1313.11173362  -1313.02159026
      7441     7441.000       360.55      0.08906114  -1313.11165056  -1313.02258942
      7442     7442.000       337.14      0.08327734  -1313.10943265  -1313.02615531
      7443     7443.000       353.82      0.08739700  -1313.11134251  -1313.02394551
      7444     7444.000       337.47      0.08336011  -1313.10969121  -1313.02633110
      7445     7445.000       333.61      0.08240467  -1313.10948746  -1313.02708279
      7446     7446.000       345.00      0.08521918  -1313.11066800  -1313.02544882
      7447     7447.000       327.97      0.08101122  -1313.10879663  -1313.02778542
      7448     7448.000       360.99      0.08916869  -1313.11157191  -1313.02240322
      7449     7449.000       380.28      0.09393364  -1313.11309214  -1313.01915850
      7450     7450.000       368.35      0.09098654  -1313.11169773  -1313.02071119
      7451     7451.000       383.91      0.09482903  -1313.11332548  -1313.01849645
      7452     7452.000       363.57      0.08980692  -1313.11168772  -1313.02188080
      7453     7453.000       348.43      0.08606606  -1313.11029617  -1313.02423011
      7454     7454.000       361.69      0.08934189  -1313.11201068  -1313.02266879
      7455     7455.000       323.69      0.07995546  -1313.10853275  -1313.02857729
      7456     7456.000       324.27      0.08009866  -1313.10896691  -1313.02886825
      7457     7457.000       325.55      0.08041506  -1313.10928727  -1313.02887222
      7458     7458.000       299.36      0.07394511  -1313.10674320  -1313.03279809
      7459     7459.000       333.56      0.08239199  -1313.10984073  -1313.02744874
      7460     7460.000       338.12      0.08351836  -1313.10993422  -1313.02641586
      7461     7461.000       346.97      0.08570473  -1313.11016669  -1313.02446196
      7462     7462.000       391.44      0.09669025  -1313.11422067  -1313.01753042
      7463     7463.000       355.94      0.08792217  -1313.11077363  -1313.02285146
      7464     7464.000       355.55      0.08782570  -1313.11116237  -1313.02333667
      7465     7465.000       349.46      0.08632022  -1313.11095750  -1313.02463729
      7466     7466.000       319.02      0.07880257  -1313.10805192  -1313.02924935
      7467     7467.000       351.57      0.08684121  -1313.11124948  -1313.02440827
      7468     7468.000       340.53      0.08411473  -1313.11002752  -1313.02591279
      7469     7469.000       330.60      0.08166258  -1313.10910794  -1313.02744535
      7470     7470.000       364.11      0.08993808  -1313.11203206  -1313.02209398
      7471     7471.000       352.86      0.08715993  -1313.11080826  -1313.02364833
      7472     7472.000       355.76      0.08787654  -1313.11100983  -1313.02313329
      7473     7473.000       365.91      0.09038380  -1313.11239704  -1313.02201324
      7474     7474.000       308.33      0.07616085  -1313.10724017  -1313.03107932
      7475     7475.000       322.43      0.07964439  -1313.10898892  -1313.02934453
      7476     7476.000       327.95      0.08100680  -1313.10942489  -1313.02841808
      7477     7477.000       311.83      0.07702583  -1313.10757667  -1313.03055084
      7478     7478.000       340.94      0.08421716  -1313.11079795  -1313.02658079
      7479     7479.000       297.60      0.07351036  -1313.10668732  -1313.03317696
      7480     7480.000       294.70      0.07279489  -1313.10680802  -1313.03401314
      7481     7481.000       320.91      0.07926720  -1313.10892014  -1313.02965294
      7482     7482.000       324.50      0.08015558  -1313.10864655  -1313.02849097
      7483     7483.000       369.35      0.09123379  -1313.11230316  -1313.02106938
      7484     7484.000       388.71      0.09601594  -1313.11352835  -1313.01751241
      7485     7485.000       386.56      0.09548573  -1313.11304956  -1313.01756383
      7486     7486.000       404.91      0.10001640  -1313.11480395  -1313.01478755
      7487     7487.000       381.10      0.09413717  -1313.11293625  -1313.01879908
      7488     7488.000       348.45      0.08607150  -1313.11039004  -1313.02431854
      7489     7489.000       333.79      0.08245041  -1313.10992918  -1313.02747877
      7490     7490.000       299.48      0.07397598  -1313.10677269  -1313.03279671
      7491     7491.000       325.43      0.08038424  -1313.10901482  -1313.02863058
      7492     7492.000       361.35      0.08925761  -1313.11175566  -1313.02249805
      7493     7493.000       371.68      0.09180819  -1313.11194562  -1313.02013743
      7494     7494.000       398.93      0.09854097  -1313.11465523  -1313.01611426
      7495     7495.000       360.32      0.08900416  -1313.11126006  -1313.02225590
      7496     7496.000       330.69      0.08168531  -1313.10933741  -1313.02765210
      7497     7497.000       320.70      0.07921559  -1313.10868894  -1313.02947334
      7498     7498.000       320.07      0.07906085  -1313.10847298  -1313.02941213
      7499     7499.000       353.44      0.08730409  -1313.11105655  -1313.02375246
      7500     7500.000       373.93      0.09236493  -1313.11244906  -1313.02008414
      7501     7501.000       377.79      0.09331756  -1313.11279589  -1313.01947833
      7502     7502.000       366.31      0.09048158  -1313.11171366  -1313.02123207
      7503     7503.000       361.60      0.08931956  -1313.11170996  -1313.02239040
      7504     7504.000       341.36      0.08431925  -1313.10994756  -1313.02562830
      7505     7505.000       340.03      0.08399091  -1313.11011422  -1313.02612331
      7506     7506.000       345.20      0.08526911  -1313.11030172  -1313.02503262
      7507     7507.000       361.41      0.08927247  -1313.11151967  -1313.02224721
      7508     7508.000       381.48      0.09423077  -1313.11289684  -1313.01866607
      7509     7509.000       391.69      0.09675203  -1313.11382616  -1313.01707413
      7510     7510.000       367.61      0.09080290  -1313.11202140  -1313.02121850
      7511     7511.000       331.47      0.08187690  -1313.10913792  -1313.02726103
      7512     7512.000       335.76      0.08293647  -1313.10987699  -1313.02694052
      7513     7513.000       347.21      0.08576570  -1313.11015836  -1313.02439267
      7514     7514.000       402.27      0.09936401  -1313.11458841  -1313.01522440
      7515     7515.000       416.67      0.10292245  -1313.11569814  -1313.01277569
      7516     7516.000       377.23      0.09317934  -1313.11233166  -1313.01915231
      7517     7517.000       364.98      0.09015432  -1313.11191944  -1313.02176512
      7518     7518.000       343.83      0.08493011  -1313.11008322  -1313.02515312
      7519     7519.000       357.60      0.08833032  -1313.11111036  -1313.02278004
      7520     7520.000       384.73      0.09503349  -1313.11352110  -1313.01848760
      7521     7521.000       360.66      0.08908615  -1313.11129220  -1313.02220605
      7522     7522.000       349.54      0.08634110  -1313.11068114  -1313.02434004
      7523     7523.000       344.63      0.08512773  -1313.11042840  -1313.02530067
      7524     7524.000       339.48      0.08385585  -1313.10970067  -1313.02584482
      7525     7525.000       371.53      0.09177252  -1313.11245879  -1313.02068627
      7526     7526.000       366.44      0.09051455  -1313.11195161  -1313.02143706
      7527     7527.000       352.56      0.08708525  -1313.11060935  -1313.02352410
      7528     7528.000       372.72      0.09206614  -1313.11267948  -1313.02061333
      7529     7529.000       349.85      0.08641572  -1313.11045346  -1313.02403774
      7530     7530.000       357.53      0.08831427  -1313.11130757  -1313.02299330
      7531     7531.000       347.93      0.08594205  -1313.11091341  -1313.02497136
      7532     7532.000       311.69      0.07699086  -1313.10740641  -1313.03041555
      7533     7533.000       354.95      0.08767667  -1313.11152926  -1313.02385259
      7534     7534.000       358.05      0.08844232  -1313.11111120  -1313.02266889
      7535     7535.000       366.45      0.09051623  -1313.11187491  -1313.02135868
      7536     7536.000       371.96      0.09187711  -1313.11259845  -1313.02072134
      7537     7537.000       327.56      0.08091045  -1313.10883647  -1313.02792602
      7538     7538.000       332.16      0.08204802  -1313.10938073  -1313.02733271
      7539     7539.000       369.62      0.09130004  -1313.11232712  -1313.02102708
      7540     7540.000       374.07      0.09240038  -1313.11221353  -1313.01981315
      7541     7541.000       392.89      0.09704835  -1313.11393213  -1313.01688377
      7542     7542.000       360.38      0.08901822  -1313.11187005  -1313.02285183
      7543     7543.000       284.58      0.07029404  -1313.10547005  -1313.03517601
      7544     7544.000       293.18      0.07241934  -1313.10718404  -1313.03476470
      7545     7545.000       289.70      0.07155859  -1313.10608101  -1313.03452242
      7546     7546.000       342.74      0.08465989  -1313.11024572  -1313.02558583
      7547     7547.000       392.49      0.09695017  -1313.11419340  -1313.01724323
      7548     7548.000       360.00      0.08892469  -1313.11121275  -1313.02228805
      7549     7549.000       331.92      0.08198890  -1313.10967025  -1313.02768135
      7550     7550.000       292.83      0.07233231  -1313.10660591  -1313.03427360
      7551     7551.000       280.22      0.06921695  -1313.10556829  -1313.03635135
      7552     7552.000       322.10      0.07956207  -1313.10893644  -1313.02937437
      7553     7553.000       344.60      0.08512067  -1313.11053475  -1313.02541408
      7554     7554.000       341.37      0.08432247  -1313.10997838  -1313.02565591
      7555     7555.000       340.60      0.08413107  -1313.11035082  -1313.02621975
      7556     7556.000       314.57      0.07770223  -1313.10796914  -1313.03026692
      7557     7557.000       333.13      0.08228576  -1313.10938320  -1313.02709744
      7558     7558.000       378.04      0.09338097  -1313.11293746  -1313.01955649
      7559     7559.000       394.00      0.09732300  -1313.11351619  -1313.01619318
      7560     7560.000       424.81      0.10493350  -1313.11631657  -1313.01138308
      7561     7561.000       401.72      0.09922917  -1313.11436131  -1313.01513214
      7562     7562.000       359.15      0.08871314  -1313.11116566  -1313.02245253
      7563     7563.000       340.91      0.08420747  -1313.11021460  -1313.02600712
      7564     7564.000       324.56      0.08017004  -1313.10862191  -1313.02845187
      7565     7565.000       359.44      0.08878572  -1313.11150285  -1313.02271713
      7566     7566.000       387.41      0.09569370  -1313.11336836  -1313.01767466
      7567     7567.000       391.36      0.09667145  -1313.11370299  -1313.01703154
      7568     7568.000       377.61      0.09327433  -1313.11253623  -1313.01926190
      7569     7569.000       369.96      0.09138539  -1313.11221223  -1313.02082684
      7570     7570.000       358.50      0.08855296  -1313.11112089  -1313.02256793
      7571     7571.000       369.64      0.09130592  -1313.11218980  -1313.02088388
      7572     7572.000       370.79      0.09158954  -1313.11231003  -1313.02072049
      7573     7573.000       353.78      0.08738793  -1313.11072192  -1313.02333398
      7574     7574.000       364.58      0.09005462  -1313.11193479  -1313.02188016
      7575     7575.000       355.95      0.08792476  -1313.11100490  -1313.02308014
      7576     7576.000       360.15      0.08896105  -1313.11151503  -1313.02255398
      7577     7577.000       357.45      0.08829536  -1313.11122630  -1313.02293093
      7578     7578.000       352.88      0.08716475  -1313.11089396  -1313.02372921
      7579     7579.000       358.72      0.08860798  -1313.11126206  -1313.02265408
      7580     7580.000       368.81      0.09110030  -1313.11218623  -1313.02108593
      7581     7581.000       353.85      0.08740380  -1313.11103683  -1313.02363303
      7582     7582.000       330.15      0.08154971  -1313.10925542  -1313.02770571
      7583     7583.000       318.32      0.07862959  -1313.10868030  -1313.03005071
      7584     7584.000       301.91      0.07457568  -1313.10702126  -1313.03244558
      7585     7585.000       334.88      0.08271885  -1313.10982873  -1313.02710988
      7586     7586.000       351.68      0.08686825  -1313.11099886  -1313.02413061
      7587     7587.000       347.08      0.08573329  -1313.11047594  -1313.02474265
      7588     7588.000       339.75      0.08392137  -1313.11024146  -1313.02632009
      7589     7589.000       304.92      0.07531919  -1313.10742520  -1313.03210601
      7590     7590.000       300.10      0.07412783  -1313.10710329  -1313.03297546
      7591     7591.000       324.18      0.08007566  -1313.10901999  -1313.02894433
      7592     7592.000       348.90      0.08618333  -1313.11054239  -1313.02435906
      7593     7593.000       383.96      0.09484366  -1313.11324512  -1313.01840146
      7594     7594.000       391.85      0.09679196  -1313.11384377  -1313.01705181
      7595     7595.000       358.50      0.08855271  -1313.11127692  -1313.02272421
      7596     7596.000       334.89      0.08272164  -1313.10951930  -1313.02679766
      7597     7597.000       330.66      0.08167691  -1313.10946062  -1313.02778370
      7598     7598.000       344.63      0.08512837  -1313.11000181  -1313.02487344
      7599     7599.000       398.15      0.09834663  -1313.11452330  -1313.01617666
      7600     7600.000       389.27      0.09615430  -1313.11343868  -1313.01728438
      7601     7601.000       368.31      0.09097605  -1313.11188730  -1313.02091124
      7602     7602.000       357.15      0.08822063  -1313.11140332  -1313.02318269
      7603     7603.000       338.68      0.08365793  -1313.10953055  -1313.02587263
      7604     7604.000       366.35      0.09049372  -1313.11213685  -1313.02164313
      7605     7605.000       370.08      0.09141399  -1313.11211834  -1313.02070436
      7606     7606.000       357.32      0.08826262  -1313.11121822  -1313.02295559
      7607     7607.000       357.63      0.08833812  -1313.11115137  -1313.02281324
      7608     7608.000       358.40      0.08852883  -1313.11150881  -1313.02297998
      7609     7609.000       347.76      0.08590147  -1313.11029747  -1313.02439599
      7610     7610.000       364.64      0.09006944  -1313.11206237  -1313.02199293
      7611     7611.000       344.23      0.08502983  -1313.11010856  -1313.02507873
      7612     7612.000       354.81      0.08764258  -1313.11086324  -1313.02322066
      7613     7613.000       389.92      0.09631384  -1313.11389238  -1313.01757854
      7614     7614.000       379.34      0.09370092  -1313.11246063  -1313.01875970
      7615     7615.000       382.25      0.09441981  -1313.11336957  -1313.01894976
      7616     7616.000       343.56      0.08486409  -1313.11007847  -1313.02521439
      7617     7617.000       326.19      0.08057226  -1313.10879274  -1313.02822048
      7618     7618.000       363.25      0.08972685  -1313.11177450  -1313.02204764
      7619     7619.000       382.78      0.09454998  -1313.11311891  -1313.01856894
      7620     7620.000       376.29      0.09294801  -1313.11260062  -1313.01965261
      7621     7621.000       353.97      0.08743340  -1313.11115380  -1313.02372040
      7622     7622.000       310.78      0.07676609  -1313.10773931  -1313.03097321
      7623     7623.000       315.56      0.07794721  -1313.10815824  -1313.03021103
      7624     7624.000       342.87      0.08469375  -1313.11061993  -1313.02592618
      7625     7625.000       329.38      0.08136020  -1313.10903572  -1313.02767553
      7626     7626.000       329.61      0.08141800  -1313.10961584  -1313.02819784
      7627     7627.000       300.39      0.07420030  -1313.10719207  -1313.03299176
      7628     7628.000       290.67      0.07179782  -1313.10626462  -1313.03446680
      7629     7629.000       332.10      0.08203127  -1313.10981541  -1313.02778414
      7630     7630.000       341.33      0.08431169  -1313.10998176  -1313.02567008
      7631     7631.000       355.69      0.08785967  -1313.11128857  -1313.02342891
      7632     7632.000       353.49      0.08731528  -1313.11116049  -1313.02384521
      7633     7633.000       323.11      0.07981244  -1313.10866095  -1313.02884851
      7634     7634.000       327.10      0.08079753  -1313.10907482  -1313.02827729
      7635     7635.000       342.55      0.08461471  -1313.11044908  -1313.02583437
      7636     7636.000       340.72      0.08416221  -1313.10989443  -1313.02573222
      7637     7637.000       355.70      0.08786259  -1313.11133019  -1313.02346760
      7638     7638.000       341.19      0.08427682  -1313.11029315  -1313.02601634
      7639     7639.000       312.74      0.07725145  -1313.10769727  -1313.03044581
      7640     7640.000       337.37      0.08333461  -1313.11023294  -1313.02689833
      7641     7641.000       330.12      0.08154307  -1313.10914285  -1313.02759978
      7642     7642.000       349.22      0.08626154  -1313.11067082  -1313.02440928
      7643     7643.000       379.54      0.09375042  -1313.11305431  -1313.01930389
      7644     7644.000       376.17      0.09291748  -1313.11227357  -1313.01935608
      7645     7645.000       404.10      0.09981712  -1313.11462493  -1313.01480782
      7646     7646.000       405.03      0.10004779  -1313.11484464  -1313.01479685
      7647     7647.000       365.46      0.09027268  -1313.11155689  -1313.02128421
      7648     7648.000       348.05      0.08597299  -1313.11066194  -1313.02468894
      7649     7649.000       333.60      0.08240342  -1313.10956029  -1313.02715687
      7650     7650.000       339.78      0.08393001  -1313.10968316  -1313.02575315
      7651     7651.000       385.05      0.09511100  -1313.11359785  -1313.01848685
      7652     7652.000       371.04      0.09165065  -1313.11220009  -1313.02054944
      7653     7653.000       343.27      0.08479195  -1313.11022732  -1313.02543537
      7654     7654.000       319.61      0.07894628  -1313.10878496  -1313.02983869
      7655     7655.000       284.54      0.07028482  -1313.10581928  -1313.03553446
      7656     7656.000       306.78      0.07577910  -1313.10780150  -1313.03202240
      7657     7657.000       318.85      0.07875890  -1313.10878360  -1313.03002470
      7658     7658.000       314.36      0.07765072  -1313.10799333  -1313.03034261
      7659     7659.000       331.59      0.08190741  -1313.10979608  -1313.02788868
      7660     7660.000       308.68      0.07624634  -1313.10766821  -1313.03142188
      7661     7661.000       309.80      0.07652308  -1313.10779867  -1313.03127559
      7662     7662.000       329.55      0.08140194  -1313.10958724  -1313.02818530
      7663     7663.000       316.05      0.07806862  -1313.10809943  -1313.03003081
      7664     7664.000       332.49      0.08212756  -1313.10968253  -1313.02755497
      7665     7665.000       335.65      0.08290826  -1313.10989357  -1313.02698530
      7666     7666.000       312.26      0.07713223  -1313.10787245  -1313.03074022
      7667     7667.000       328.99      0.08126405  -1313.10932311  -1313.02805906
      7668     7668.000       334.00      0.08250253  -1313.10984280  -1313.02734027
      7669     7669.000       324.27      0.08009823  -1313.10857922  -1313.02848099
      7670     7670.000       348.86      0.08617214  -1313.11113917  -1313.02496703
      7671     7671.000       315.87      0.07802294  -1313.10811115  -1313.03008822
      7672     7672.000       309.88      0.07654355  -1313.10779636  -1313.03125281
      7673     7673.000       332.57      0.08214792  -1313.10980420  -1313.02765627
      7674     7674.000       328.93      0.08125000  -1313.10888925  -1313.02763925
      7675     7675.000       365.72      0.09033803  -1313.11211482  -1313.02177679
      7676     7676.000       382.99      0.09460178  -1313.11298807  -1313.01838629
      7677     7677.000       385.70      0.09527118  -1313.11316521  -1313.01789404
      7678     7678.000       391.63      0.09673604  -1313.11376613  -1313.01703008
      7679     7679.000       367.88      0.09087166  -1313.11209067  -1313.02121902
      7680     7680.000       331.05      0.08177323  -1313.10914863  -1313.02737540
      7681     7681.000       326.87      0.08073969  -1313.10931698  -1313.02857729
      7682     7682.000       317.80      0.07849954  -1313.10823750  -1313.02973796
      7683     7683.000       344.87      0.08518775  -1313.11030367  -1313.02511592
      7684     7684.000       380.97      0.09410489  -1313.11318016  -1313.01907526
      7685     7685.000       377.86      0.09333510  -1313.11242348  -1313.01908838
      7686     7686.000       389.06      0.09610329  -1313.11367576  -1313.01757247
      7687     7687.000       376.74      0.09305807  -1313.11250071  -1313.01944263
      7688     7688.000       368.21      0.09095165  -1313.11183448  -1313.02088283
      7689     7689.000       377.07      0.09313958  -1313.11278103  -1313.01964144
      7690     7690.000       364.21      0.08996342  -1313.11162562  -1313.02166220
      7691     7691.000       363.58      0.08980725  -1313.11156876  -1313.02176151
      7692     7692.000       371.92      0.09186883  -1313.11234084  -1313.02047201
      7693     7693.000       369.52      0.09127503  -1313.11200283  -1313.02072779
      7694     7694.000       371.64      0.09179915  -1313.11221838  -1313.02041924
      7695     7695.000       371.73      0.09182044  -1313.11233804  -1313.02051760
      7696     7696.000       359.27      0.08874450  -1313.11127017  -1313.02252568
      7697     7697.000       359.25      0.08873919  -1313.11140768  -1313.02266849
      7698     7698.000       355.39      0.08778544  -1313.11127687  -1313.02349143
      7699     7699.000       331.19      0.08180672  -1313.10919072  -1313.02738400
      7700     7700.000       331.90      0.08198251  -1313.10956318  -1313.02758067
      7701     7701.000       329.34      0.08135051  -1313.10925035  -1313.02789985
      7702     7702.000       340.76      0.08417048  -1313.11006786  -1313.02589737
      7703     7703.000       352.09      0.08696990  -1313.11094094  -1313.02397104
      7704     7704.000       350.94      0.08668569  -1313.11080820  -1313.02412251
      7705     7705.000       349.58      0.08635104  -1313.11057451  -1313.02422347
      7706     7706.000       367.02      0.09065765  -1313.11190014  -1313.02124250
      7707     7707.000       381.11      0.09413939  -1313.11301982  -1313.01888043
      7708     7708.000       373.96      0.09237156  -1313.11231476  -1313.01994321
      7709     7709.000       367.19      0.09069976  -1313.11216829  -1313.02146852
      7710     7710.000       330.74      0.08169725  -1313.10908157  -1313.02738431
      7711     7711.000       338.38      0.08358340  -1313.10983542  -1313.02625202
      7712     7712.000       359.35      0.08876274  -1313.11155376  -1313.02279102
      7713     7713.000       366.22      0.09046160  -1313.11174071  -1313.02127911
      7714     7714.000       373.98      0.09237648  -1313.11260539  -1313.02022891
      7715     7715.000       349.62      0.08636066  -1313.11061038  -1313.02424972
      7716     7716.000       339.14      0.08377164  -1313.10975333  -1313.02598168
      7717     7717.000       365.69      0.09033057  -1313.11185130  -1313.02152074
      7718     7718.000       396.88      0.09803355  -1313.11393800  -1313.01590445
      7719     7719.000       427.71      0.10564809  -1313.11612065  -1313.01047256
      7720     7720.000       444.53      0.10980372  -1313.11764040  -1313.00783668
      7721     7721.000       401.09      0.09907375  -1313.11411204  -1313.01503829
      7722     7722.000       376.42      0.09298057  -1313.11251828  -1313.01953771
      7723     7723.000       359.47      0.08879280  -1313.11140877  -1313.02261597
      7724     7724.000       357.67      0.08834831  -1313.11087667  -1313.02252836
      7725     7725.000       405.40      0.10013944  -1313.11499284  -1313.01485339
      7726     7726.000       392.78      0.09702112  -1313.11368589  -1313.01666476
      7727     7727.000       370.93      0.09162341  -1313.11203078  -1313.02040737
      7728     7728.000       356.74      0.08811874  -1313.11148927  -1313.02337053
      7729     7729.000       326.60      0.08067301  -1313.10856631  -1313.02789330
      7730     7730.000       359.29      0.08874813  -1313.11164200  -1313.02289388
      7731     7731.000       366.90      0.09062804  -1313.11210695  -1313.02147891
      7732     7732.000       331.92      0.08198832  -1313.10932703  -1313.02733872
      7733     7733.000       318.07      0.07856743  -1313.10854526  -1313.02997783
      7734     7734.000       301.33      0.07443080  -1313.10739309  -1313.03296230
      7735     7735.000       299.99      0.07410197  -1313.10687587  -1313.03277390
      7736     7736.000       349.02      0.08621298  -1313.11116854  -1313.02495556
      7737     7737.000       326.00      0.08052456  -1313.10902616  -1313.02850160
      7738     7738.000       304.79      0.07528635  -1313.10731310  -1313.03202675
      7739     7739.000       309.01      0.07632948  -1313.10837686  -1313.03204738
      7740     7740.000       278.38      0.06876279  -1313.10500284  -1313.03624006
      7741     7741.000       328.45      0.08113195  -1313.10973687  -1313.02860492
      7742     7742.000       333.20      0.08230427  -1313.10950180  -1313.02719753
      7743     7743.000       330.70      0.08168568  -1313.10917712  -1313.02749144
      7744     7744.000       354.96      0.08767979  -1313.11134088  -1313.02366109
      7745     7745.000       342.69      0.08464719  -1313.11014338  -1313.02549619
      7746     7746.000       342.77      0.08466704  -1313.11016769  -1313.02550065
      7747     7747.000       350.53      0.08658559  -1313.11103266  -1313.02444708
      7748     7748.000       324.83      0.08023565  -1313.10867012  -1313.02843446
      7749     7749.000       345.03      0.08522600  -1313.11034453  -1313.02511853
      7750     7750.000       371.14      0.09167592  -1313.11250882  -1313.02083289
      7751     7751.000       370.21      0.09144688  -1313.11157920  -1313.02013232
      7752     7752.000       418.94      0.10348217  -1313.11611973  -1313.01263756
      7753     7753.000       394.22      0.09737557  -1313.11366863  -1313.01629306
      7754     7754.000       370.45      0.09150462  -1313.11201147  -1313.02050685
      7755     7755.000       357.80      0.08837957  -1313.11166638  -1313.02328681
      7756     7756.000       306.21      0.07563768  -1313.10704555  -1313.03140787
      7757     7757.000       340.32      0.08406234  -1313.11023102  -1313.02616868
      7758     7758.000       367.47      0.09076943  -1313.11211431  -1313.02134488
      7759     7759.000       363.74      0.08984875  -1313.11150860  -1313.02165985
      7760     7760.000       369.43      0.09125435  -1313.11238955  -1313.02113520
      7761     7761.000       331.20      0.08180951  -1313.10932847  -1313.02751896
      7762     7762.000       316.94      0.07828717  -1313.10801216  -1313.02972499
      7763     7763.000       362.01      0.08942165  -1313.11186576  -1313.02244411
      7764     7764.000       377.58      0.09326631  -1313.11258822  -1313.01932191
      7765     7765.000       383.56      0.09474332  -1313.11313223  -1313.01838891
      7766     7766.000       367.39      0.09075019  -1313.11222143  -1313.02147124
      7767     7767.000       314.01      0.07756399  -1313.10782508  -1313.03026109
      7768     7768.000       321.34      0.07937382  -1313.10878363  -1313.02940981
      7769     7769.000       339.66      0.08389999  -1313.11005515  -1313.02615516
      7770     7770.000       356.86      0.08814724  -1313.11101260  -1313.02286536
      7771     7771.000       387.27      0.09565984  -1313.11371187  -1313.01805204
      7772     7772.000       364.32      0.08999200  -1313.11156690  -1313.02157490
      7773     7773.000       349.92      0.08643385  -1313.11075437  -1313.02432052
      7774     7774.000       333.60      0.08240276  -1313.10949018  -1313.02708742
      7775     7775.000       338.69      0.08366023  -1313.10983839  -1313.02617816
      7776     7776.000       362.62      0.08957037  -1313.11163538  -1313.02206501
      7777     7777.000       381.14      0.09414673  -1313.11289628  -1313.01874955
      7778     7778.000       382.87      0.09457308  -1313.11322248  -1313.01864940
      7779     7779.000       352.66      0.08711058  -1313.11081861  -1313.02370804
      7780     7780.000       324.55      0.08016637  -1313.10894702  -1313.02878065
      7781     7781.000       306.20      0.07563514  -1313.10748108  -1313.03184594
      7782     7782.000       317.12      0.07833241  -1313.10850168  -1313.03016927
      7783     7783.000       323.04      0.07979498  -1313.10883943  -1313.02904445
      7784     7784.000       331.03      0.08176818  -1313.10940810  -1313.02763992
      7785     7785.000       341.68      0.08439800  -1313.11004325  -1313.02564525
      7786     7786.000       368.27      0.09096707  -1313.11208670  -1313.02111962
      7787     7787.000       377.33      0.09320446  -1313.11276228  -1313.01955782
      7788     7788.000       361.80      0.08936787  -1313.11142855  -1313.02206068
      7789     7789.000       347.56      0.08585066  -1313.11073250  -1313.02488185
      7790     7790.000       326.07      0.08054375  -1313.10870930  -1313.02816555
      7791     7791.000       358.22      0.08848431  -1313.11134614  -1313.02286183
      7792     7792.000       387.52      0.09572295  -1313.11350988  -1313.01778694
      7793     7793.000       391.65      0.09674132  -1313.11345165  -1313.01671033
      7794     7794.000       390.81      0.09653483  -1313.11396933  -1313.01743450
      7795     7795.000       347.37      0.08580368  -1313.11017158  -1313.02436790
      7796     7796.000       342.53      0.08460845  -1313.11026100  -1313.02565255
      7797     7797.000       343.71      0.08489964  -1313.11026449  -1313.02536484
      7798     7798.000       346.68      0.08563487  -1313.11032654  -1313.02469167
      7799     7799.000       374.58      0.09252538  -1313.11256021  -1313.02003483
      7800     7800.000       375.52      0.09275827  -1313.11258343  -1313.01982517
      7801     7801.000       361.62      0.08932542  -1313.11138658  -1313.02206117
      7802     7802.000       369.87      0.09136307  -1313.11218623  -1313.02082316
      7803     7803.000       363.53      0.08979662  -1313.11164884  -1313.02185222
      7804     7804.000       366.02      0.09041188  -1313.11162204  -1313.02121016
      7805     7805.000       371.24      0.09169997  -1313.11284150  -1313.02114153
      7806     7806.000       304.17      0.07513308  -1313.10696277  -1313.03182970
      7807     7807.000       295.75      0.07305365  -1313.10712895  -1313.03407529
      7808     7808.000       289.41      0.07148839  -1313.10640323  -1313.03491484
      7809     7809.000       307.21      0.07588480  -1313.10738489  -1313.03150009
      7810     7810.000       367.45      0.09076508  -1313.11258624  -1313.02182116
      7811     7811.000       338.63      0.08364504  -1313.10973067  -1313.02608563
      7812     7812.000       311.46      0.07693306  -1313.10813754  -1313.03120448
      7813     7813.000       294.65      0.07278126  -1313.10675640  -1313.03397514
      7814     7814.000       297.25      0.07342436  -1313.10681519  -1313.03339083
      7815     7815.000       347.60      0.08586016  -1313.11058981  -1313.02472965
      7816     7816.000       380.03      0.09387146  -1313.11322059  -1313.01934913
      7817     7817.000       360.18      0.08896964  -1313.11110503  -1313.02213539
      7818     7818.000       363.75      0.08985067  -1313.11197788  -1313.02212720
      7819     7819.000       337.50      0.08336742  -1313.10970041  -1313.02633298
      7820     7820.000       336.86      0.08320909  -1313.10945075  -1313.02624166
      7821     7821.000       375.36      0.09271875  -1313.11305955  -1313.02034079
      7822     7822.000       362.69      0.08958840  -1313.11098191  -1313.02139351
      7823     7823.000       404.47      0.09990979  -1313.11493207  -1313.01502228
      7824     7824.000       403.43      0.09965249  -1313.11453153  -1313.01487904
      7825     7825.000       374.55      0.09251892  -1313.11221344  -1313.01969452
      7826     7826.000       368.38      0.09099336  -1313.11230525  -1313.02131189
      7827     7827.000       325.41      0.08037982  -1313.10881209  -1313.02843227
      7828     7828.000       322.81      0.07973662  -1313.10861217  -1313.02887555
      7829     7829.000       357.29      0.08825404  -1313.11150155  -1313.02324751
      7830     7830.000       360.00      0.08892526  -1313.11128400  -1313.02235874
      7831     7831.000       375.99      0.09287471  -1313.11254542  -1313.01967072
      7832     7832.000       381.96      0.09434904  -1313.11322807  -1313.01887903
      7833     7833.000       355.75      0.08787472  -1313.11080366  -1313.02292894
      7834     7834.000       369.84      0.09135545  -1313.11222184  -1313.02086639
      7835     7835.000       373.75      0.09231961  -1313.11252322  -1313.02020361
      7836     7836.000       361.35      0.08925804  -1313.11116563  -1313.02190758
      7837     7837.000       377.33      0.09320382  -1313.11307218  -1313.01986836
      7838     7838.000       338.90      0.08371141  -1313.10977323  -1313.02606183
      7839     7839.000       314.41      0.07766345  -1313.10825698  -1313.03059354
      7840     7840.000       292.52      0.07225696  -1313.10674855  -1313.03449159
      7841     7841.000       282.18      0.06970229  -1313.10567296  -1313.03597067
      7842     7842.000       323.44      0.07989288  -1313.10910214  -1313.02920926
      7843     7843.000       343.82      0.08492835  -1313.11026603  -1313.02533768
      7844     7844.000       344.70      0.08514398  -1313.11058567  -1313.02544169
      7845     7845.000       317.95      0.07853816  -1313.10838752  -1313.02984936
      7846     7846.000       299.91      0.07408238  -1313.10722958  -1313.03314721
      7847     7847.000       300.95      0.07433718  -1313.10704429  -1313.03270711
      7848     7848.000       343.94      0.08495747  -1313.11041549  -1313.02545802
      7849     7849.000       368.01      0.09090200  -1313.11220533  -1313.02130333
      7850     7850.000       360.08      0.08894339  -1313.11135525  -1313.02241186
      7851     7851.000       344.99      0.08521673  -1313.11054332  -1313.02532659
      7852     7852.000       321.05      0.07930217  -1313.10838459  -1313.02908242
      7853     7853.000       335.13      0.08277973  -1313.10990902  -1313.02712929
      7854     7854.000       336.73      0.08317635  -1313.10968523  -1313.02650888
      7855     7855.000       343.70      0.08489789  -1313.11037155  -1313.02547366
      7856     7856.000       349.57      0.08634833  -1313.11063078  -1313.02428245
      7857     7857.000       367.48      0.09077055  -1313.11192939  -1313.02115884
      7858     7858.000       378.67      0.09353469  -1313.11285757  -1313.01932288
      7859     7859.000       380.69      0.09403535  -1313.11263520  -1313.01859984
      7860     7860.000       392.15      0.09686568  -1313.11392484  -1313.01705915
      7861     7861.000       381.24      0.09416993  -1313.11260655  -1313.01843661
      7862     7862.000       391.04      0.09659066  -1313.11384214  -1313.01725149
      7863     7863.000       370.19      0.09144165  -1313.11204184  -1313.02060019
      7864     7864.000       353.50      0.08731953  -1313.11083484  -1313.02351531
      7865     7865.000       360.91      0.08914902  -1313.11158426  -1313.02243525
      7866     7866.000       367.58      0.09079663  -1313.11169011  -1313.02089347
      7867     7867.000       401.27      0.09911872  -1313.11447069  -1313.01535197
      7868     7868.000       419.77      0.10368759  -1313.11553336  -1313.01184577
      7869     7869.000       422.55      0.10437430  -1313.11583300  -1313.01145870
      7870     7870.000       416.51      0.10288160  -1313.11529010  -1313.01240850
      7871     7871.000       402.67      0.09946368  -1313.11452026  -1313.01505658
      7872     7872.000       377.53      0.09325536  -1313.11245383  -1313.01919847
      7873     7873.000       373.66      0.09229788  -1313.11237520  -1313.02007733
      7874     7874.000       367.43      0.09075985  -1313.11195984  -1313.02120000
      7875     7875.000       365.85      0.09036865  -1313.11155025  -1313.02118160
      7876     7876.000       383.80      0.09480266  -1313.11349031  -1313.01868764
      7877     7877.000       356.31      0.08801362  -1313.11071950  -1313.02270588
      7878     7878.000       364.41      0.09001410  -1313.11196275  -1313.02194865
      7879     7879.000       360.93      0.08915400  -1313.11137134  -1313.02221734
      7880     7880.000       368.73      0.09108020  -1313.11183129  -1313.02075109
      7881     7881.000       398.18      0.09835400  -1313.11437174  -1313.01601774
      7882     7882.000       387.76      0.09578195  -1313.11323336  -1313.01745141
      7883     7883.000       382.65      0.09451849  -1313.11305990  -1313.01854140
      7884     7884.000       371.61      0.09179255  -1313.11223037  -1313.02043782
      7885     7885.000       350.05      0.08646629  -1313.11068945  -1313.02422315
      7886     7886.000       343.49      0.08484515  -1313.11006218  -1313.02521703
      7887     7887.000       356.54      0.08806819  -1313.11148732  -1313.02341913
      7888     7888.000       344.36      0.08506033  -1313.10997579  -1313.02491545
      7889     7889.000       368.48      0.09101854  -1313.11219681  -1313.02117828
      7890     7890.000       372.61      0.09203794  -1313.11241707  -1313.02037912
      7891     7891.000       358.84      0.08863744  -1313.11104207  -1313.02240463
      7892     7892.000       371.93      0.09187213  -1313.11259290  -1313.02072077
      7893     7893.000       348.03      0.08596793  -1313.11032892  -1313.02436099
      7894     7894.000       353.93      0.08742568  -1313.11106028  -1313.02363460
      7895     7895.000       360.34      0.08900691  -1313.11153306  -1313.02252615
      7896     7896.000       353.29      0.08726696  -1313.11075549  -1313.02348854
      7897     7897.000       373.29      0.09220722  -1313.11234541  -1313.02013819
      7898     7898.000       390.92      0.09656235  -1313.11366419  -1313.01710184
      7899     7899.000       397.55      0.09819811  -1313.11387412  -1313.01567601
      7900     7900.000       412.51      0.10189413  -1313.11517895  -1313.01328483
      7901     7901.000       409.38      0.10112199  -1313.11485109  -1313.01372910
      7902     7902.000       403.31      0.09962110  -1313.11421332  -1313.01459222
      7903     7903.000       420.50      0.10386770  -1313.11575467  -1313.01188696
      7904     7904.000       411.73      0.10170303  -1313.11499771  -1313.01329468
      7905     7905.000       402.29      0.09937028  -1313.11431151  -1313.01494122
      7906     7906.000       393.24      0.09713460  -1313.11389275  -1313.01675815
      7907     7907.000       366.06      0.09042175  -1313.11152006  -1313.02109831
      7908     7908.000       375.23      0.09268664  -1313.11265435  -1313.01996771
      7909     7909.000       360.91      0.08914921  -1313.11151715  -1313.02236794
      7910     7910.000       338.20      0.08353915  -1313.10982174  -1313.02628258
      7911     7911.000       324.32      0.08011037  -1313.10892340  -1313.02881303
      7912     7912.000       327.81      0.08097352  -1313.10892025  -1313.02794672
      7913     7913.000       367.46      0.09076599  -1313.11200873  -1313.02124274
      7914     7914.000       400.98      0.09904745  -1313.11435323  -1313.01530578
      7915     7915.000       395.17      0.09761172  -1313.11419370  -1313.01658198
      7916     7916.000       341.74      0.08441446  -1313.10987990  -1313.02546544
      7917     7917.000       317.20      0.07835080  -1313.10849071  -1313.03013992
      7918     7918.000       305.76      0.07552663  -1313.10734296  -1313.03181633
      7919     7919.000       340.30      0.08405870  -1313.11011871  -1313.02606000
      7920     7920.000       362.21      0.08946881  -1313.11181351  -1313.02234470
      7921     7921.000       349.39      0.08630360  -1313.11053356  -1313.02422996
      7922     7922.000       340.25      0.08404677  -1313.11024726  -1313.02620049
      7923     7923.000       311.76      0.07700800  -1313.10788824  -1313.03088024
      7924     7924.000       302.73      0.07477883  -1313.10739769  -1313.03261886
      7925     7925.000       315.40      0.07790846  -1313.10823065  -1313.03032219
      7926     7926.000       336.92      0.08322307  -1313.10992369  -1313.02670063
      7927     7927.000       353.40      0.08729291  -1313.11082154  -1313.02352862
      7928     7928.000       382.23      0.09441411  -1313.11326276  -1313.01884866
      7929     7929.000       362.03      0.08942673  -1313.11157214  -1313.02214541
      7930     7930.000       337.43      0.08334961  -1313.10964309  -1313.02629348
      7931     7931.000       329.53      0.08139830  -1313.10965655  -1313.02825824
      7932     7932.000       300.32      0.07418239  -1313.10672903  -1313.03254663
      7933     7933.000       331.80      0.08195819  -1313.10977800  -1313.02781981
      7934     7934.000       335.31      0.08282561  -1313.10967563  -1313.02685002
      7935     7935.000       336.53      0.08312561  -1313.10958750  -1313.02646189
      7936     7936.000       361.10      0.08919512  -1313.11179044  -1313.02259532
      7937     7937.000       348.56      0.08609912  -1313.11045080  -1313.02435168
      7938     7938.000       353.67      0.08736072  -1313.11103636  -1313.02367564
      7939     7939.000       360.70      0.08909682  -1313.11153958  -1313.02244276
      7940     7940.000       350.38      0.08654798  -1313.11063635  -1313.02408837
      7941     7941.000       362.01      0.08942105  -1313.11145638  -1313.02203532
      7942     7942.000       376.40      0.09297478  -1313.11296445  -1313.01998966
      7943     7943.000       346.15      0.08550329  -1313.11007390  -1313.02457061
      7944     7944.000       351.11      0.08672709  -1313.11098465  -1313.02425755
      7945     7945.000       340.10      0.08400967  -1313.11001628  -1313.02600661
      7946     7946.000       340.80      0.08418251  -1313.10964806  -1313.02546555
      7947     7947.000       385.07      0.09511713  -1313.11380172  -1313.01868458
      7948     7948.000       353.70      0.08736687  -1313.11057325  -1313.02320638
      7949     7949.000       350.81      0.08665337  -1313.11097732  -1313.02432395
      7950     7950.000       337.25      0.08330409  -1313.10980020  -1313.02649612
      7951     7951.000       328.99      0.08126382  -1313.10894720  -1313.02768337
      7952     7952.000       365.28      0.09022834  -1313.11199904  -1313.02177070
      7953     7953.000       368.38      0.09099481  -1313.11217452  -1313.02117971
      7954     7954.000       340.43      0.08408903  -1313.10999107  -1313.02590203
      7955     7955.000       314.80      0.07775924  -1313.10837860  -1313.03061935
      7956     7956.000       276.92      0.06840231  -1313.10560477  -1313.03720247
      7957     7957.000       264.03      0.06521817  -1313.10425111  -1313.03903294
      7958     7958.000       314.85      0.07777132  -1313.10875127  -1313.03097995
      7959     7959.000       328.95      0.08125488  -1313.10885904  -1313.02760416
      7960     7960.000       376.53      0.09300818  -1313.11294315  -1313.01993497
      7961     7961.000       376.61      0.09302718  -1313.11281485  -1313.01978767
      7962     7962.000       332.76      0.08219574  -1313.10918546  -1313.02698972
      7963     7963.000       327.48      0.08089091  -1313.10935512  -1313.02846422
      7964     7964.000       311.09      0.07684343  -1313.10777379  -1313.03093036
      7965     7965.000       334.95      0.08273532  -1313.10965241  -1313.02691709
      7966     7966.000       364.45      0.09002443  -1313.11194255  -1313.02191811
      7967     7967.000       353.75      0.08738116  -1313.11098398  -1313.02360282
      7968     7968.000       338.87      0.08370560  -1313.10982761  -1313.02612201
      7969     7969.000       334.34      0.08258689  -1313.10975401  -1313.02716712
      7970     7970.000       325.09      0.08029967  -1313.10872502  -1313.02842535
      7971     7971.000       349.76      0.08639437  -1313.11080785  -1313.02441349
      7972     7972.000       361.84      0.08937798  -1313.11173868  -1313.02236070
      7973     7973.000       346.67      0.08563063  -1313.11015891  -1313.02452828
      7974     7974.000       368.74      0.09108199  -1313.11223416  -1313.02115216
      7975     7975.000       369.61      0.09129687  -1313.11194647  -1313.02064960
      7976     7976.000       392.34      0.09691268  -1313.11356893  -1313.01665625
      7977     7977.000       420.79      0.10393995  -1313.11595945  -1313.01201950
      7978     7978.000       396.70      0.09798964  -1313.11386002  -1313.01587037
      7979     7979.000       371.59      0.09178684  -1313.11233570  -1313.02054887
      7980     7980.000       329.67      0.08143340  -1313.10928398  -1313.02785058
      7981     7981.000       294.61      0.07277134  -1313.10668557  -1313.03391423
      7982     7982.000       299.07      0.07387282  -1313.10706341  -1313.03319059
      7983     7983.000       334.29      0.08257281  -1313.10970531  -1313.02713250
      7984     7984.000       362.16      0.08945710  -1313.11153657  -1313.02207946
      7985     7985.000       388.46      0.09595523  -1313.11355244  -1313.01759722
      7986     7986.000       372.67      0.09205254  -1313.11251623  -1313.02046369
      7987     7987.000       332.93      0.08223678  -1313.10917416  -1313.02693738
      7988     7988.000       335.17      0.08279099  -1313.10995294  -1313.02716195
      7989     7989.000       317.21      0.07835477  -1313.10809389  -1313.02973912
      7990     7990.000       341.59      0.08437571  -1313.11019015  -1313.02581445
      7991     7991.000       362.52      0.08954702  -1313.11176362  -1313.02221659
      7992     7992.000       359.37      0.08876882  -1313.11116556  -1313.02239674
      7993     7993.000       373.66      0.09229758  -1313.11254189  -1313.02024431
      7994     7994.000       363.64      0.08982213  -1313.11173609  -1313.02191396
      7995     7995.000       337.71      0.08341807  -1313.10966145  -1313.02624338
      7996     7996.000       345.49      0.08534084  -1313.11038690  -1313.02504606
      7997     7997.000       357.55      0.08831826  -1313.11130512  -1313.02298685
      7998     7998.000       372.15      0.09192578  -1313.11201483  -1313.02008905
      7999     7999.000       402.34      0.09938306  -1313.11494537  -1313.01556231
      8000     8000.000       348.78      0.08615369  -1313.11042640  -1313.02427271
      8001     8001.000       310.31      0.07664920  -1313.10790005  -1313.03125085
      8002     8002.000       289.73      0.07156709  -1313.10670987  -1313.03514278
      8003     8003.000       268.37      0.06629122  -1313.10449263  -1313.03820141
      8004     8004.000       319.62      0.07894990  -1313.10900364  -1313.03005374
      8005     8005.000       334.59      0.08264695  -1313.10961417  -1313.02696723
      8006     8006.000       346.35      0.08555340  -1313.11023457  -1313.02468117
      8007     8007.000       382.38      0.09445134  -1313.11334399  -1313.01889265
      8008     8008.000       368.00      0.09090007  -1313.11182195  -1313.02092188
      8009     8009.000       362.58      0.08956237  -1313.11159748  -1313.02203510
      8010     8010.000       358.42      0.08853365  -1313.11145622  -1313.02292257
      8011     8011.000       338.40      0.08358975  -1313.10958801  -1313.02599827
      8012     8012.000       361.68      0.08934018  -1313.11153770  -1313.02219752
      8013     8013.000       377.46      0.09323711  -1313.11298866  -1313.01975155
      8014     8014.000       350.62      0.08660708  -1313.11033738  -1313.02373030
      8015     8015.000       360.20      0.08897361  -1313.11177877  -1313.02280516
      8016     8016.000       337.96      0.08348078  -1313.10965840  -1313.02617762
      8017     8017.000       346.09      0.08548842  -1313.11022653  -1313.02473811
      8018     8018.000       380.86      0.09407740  -1313.11334688  -1313.01926948
      8019     8019.000       355.72      0.08786741  -1313.11077980  -1313.02291239
      8020     8020.000       362.19      0.08946527  -1313.11177052  -1313.02230525
      8021     8021.000       351.00      0.08670162  -1313.11074505  -1313.02404343
      8022     8022.000       343.44      0.08483440  -1313.11008866  -1313.02525425
      8023     8023.000       360.40      0.08902399  -1313.11159998  -1313.02257599
      8024     8024.000       349.21      0.08625770  -1313.11080149  -1313.02454379
      8025     8025.000       322.69      0.07970913  -1313.10858621  -1313.02887709
      8026     8026.000       324.41      0.08013375  -1313.10908523  -1313.02895148
      8027     8027.000       317.58      0.07844513  -1313.10847615  -1313.03003102
      8028     8028.000       313.48      0.07743415  -1313.10795642  -1313.03052227
      8029     8029.000       331.01      0.08176213  -1313.10972417  -1313.02796204
      8030     8030.000       317.19      0.07834841  -1313.10808156  -1313.02973314
      8031     8031.000       346.66      0.08562870  -1313.11068032  -1313.02505162
      8032     8032.000       356.58      0.08808025  -1313.11127466  -1313.02319441
      8033     8033.000       341.23      0.08428759  -1313.11003085  -1313.02574326
      8034     8034.000       332.76      0.08219670  -1313.10960695  -1313.02741026
      8035     8035.000       314.44      0.07767118  -1313.10812116  -1313.03044998
      8036     8036.000       316.87      0.07827118  -1313.10840353  -1313.03013235
      8037     8037.000       320.10      0.07906907  -1313.10872170  -1313.02965263
      8038     8038.000       307.83      0.07603668  -1313.10783880  -1313.03180212
      8039     8039.000       291.05      0.07189254  -1313.10644865  -1313.03455611
      8040     8040.000       301.21      0.07440151  -1313.10734142  -1313.03293991
      8041     8041.000       315.05      0.07782026  -1313.10828591  -1313.03046566
      8042     8042.000       336.05      0.08300918  -1313.10975774  -1313.02674856
      8043     8043.000       349.85      0.08641609  -1313.11092906  -1313.02451297
      8044     8044.000       331.71      0.08193583  -1313.10925465  -1313.02731882
      8045     8045.000       333.58      0.08239724  -1313.10964556  -1313.02724832
      8046     8046.000       325.37      0.08037125  -1313.10902542  -1313.02865417
      8047     8047.000       319.68      0.07896563  -1313.10853357  -1313.02956795
      8048     8048.000       319.09      0.07881853  -1313.10877294  -1313.02995441
      8049     8049.000       297.81      0.07356131  -1313.10690899  -1313.03334768
      8050     8050.000       294.65      0.07278243  -1313.10690799  -1313.03412556
      8051     8051.000       305.13      0.07537099  -1313.10751180  -1313.03214081
      8052     8052.000       319.53      0.07892857  -1313.10868324  -1313.02975467
      8053     8053.000       335.85      0.08295994  -1313.10952289  -1313.02656296
      8054     8054.000       373.41      0.09223638  -1313.11265191  -1313.02041553
      8055     8055.000       371.26      0.09170436  -1313.11198285  -1313.02027849
      8056     8056.000       380.07      0.09388181  -1313.11299585  -1313.01911404
      8057     8057.000       352.77      0.08713847  -1313.11110225  -1313.02396378
      8058     8058.000       310.41      0.07667464  -1313.10746554  -1313.03079090
      8059     8059.000       324.31      0.08010837  -1313.10926816  -1313.02915978
      8060     8060.000       320.69      0.07921315  -1313.10834096  -1313.02912781
      8061     8061.000       346.08      0.08548599  -1313.11062079  -1313.02513480
      8062     8062.000       353.23      0.08725301  -1313.11105648  -1313.02380346
      8063     8063.000       334.17      0.08254433  -1313.10947765  -1313.02693332
      8064     8064.000       335.09      0.08277134  -1313.10971145  -1313.02694010
      8065     8065.000       346.37      0.08555848  -1313.11050494  -1313.02494646
      8066     8066.000       346.40      0.08556467  -1313.11035908  -1313.02479441
      8067     8067.000       363.52      0.08979378  -1313.11168637  -1313.02189259
      8068     8068.000       364.90      0.09013430  -1313.11195008  -1313.02181578
      8069     8069.000       356.95      0.08817076  -1313.11072746  -1313.02255669
      8070     8070.000       389.37      0.09617864  -1313.11396994  -1313.01779130
      8071     8071.000       368.67      0.09106595  -1313.11170346  -1313.02063751
      8072     8072.000       370.69      0.09156398  -1313.11225021  -1313.02068623
      8073     8073.000       355.72      0.08786584  -1313.11134828  -1313.02348243
      8074     8074.000       314.05      0.07757275  -1313.10784445  -1313.03027169
      8075     8075.000       316.00      0.07805588  -1313.10860666  -1313.03055078
      8076     8076.000       307.46      0.07594594  -1313.10757635  -1313.03163042
      8077     8077.000       320.90      0.07926663  -1313.10858222  -1313.02931559
      8078     8078.000       357.63      0.08833953  -1313.11138837  -1313.02304884
      8079     8079.000       366.06      0.09042081  -1313.11195665  -1313.02153584
      8080     8080.000       352.82      0.08714942  -1313.11088871  -1313.02373928
      8081     8081.000       333.05      0.08226789  -1313.10963434  -1313.02736645
      8082     8082.000       304.91      0.07531557  -1313.10734382  -1313.03202825
      8083     8083.000       318.73      0.07873026  -1313.10838457  -1313.02965431
      8084     8084.000       349.77      0.08639706  -1313.11099627  -1313.02459920
      8085     8085.000       348.37      0.08605219  -1313.11038801  -1313.02433582
      8086     8086.000       355.19      0.08773695  -1313.11143549  -1313.02369854
      8087     8087.000       322.59      0.07968279  -1313.10865427  -1313.02897149
      8088     8088.000       309.70      0.07649952  -1313.10775010  -1313.03125058
      8089     8089.000       326.56      0.08066483  -1313.10916876  -1313.02850393
      8090     8090.000       342.38      0.08457197  -1313.11002760  -1313.02545564
      8091     8091.000       377.53      0.09325364  -1313.11282934  -1313.01957570
      8092     8092.000       386.96      0.09558459  -1313.11318153  -1313.01759694
      8093     8093.000       389.94      0.09631951  -1313.11364428  -1313.01732478
      8094     8094.000       374.07      0.09239985  -1313.11230565  -1313.01990580
      8095     8095.000       357.73      0.08836243  -1313.11132241  -1313.02295998
      8096     8096.000       334.73      0.08268296  -1313.10952876  -1313.02684581
      8097     8097.000       327.22      0.08082814  -1313.10919691  -1313.02836876
      8098     8098.000       321.62      0.07944329  -1313.10870097  -1313.02925769
      8099     8099.000       319.76      0.07898343  -1313.10858760  -1313.02960416
      8100     8100.000       323.22      0.07983842  -1313.10889589  -1313.02905747
      8101     8101.000       321.89      0.07950961  -1313.10867050  -1313.02916089
      8102     8102.000       336.64      0.08315408  -1313.10991176  -1313.02675767
      8103     8103.000       340.80      0.08418062  -1313.10995353  -1313.02577292
      8104     8104.000       354.50      0.08756568  -1313.11111031  -1313.02354463
      8105     8105.000       362.59      0.08956276  -1313.11153245  -1313.02196968
      8106     8106.000       375.56      0.09276805  -1313.11249329  -1313.01972524
      8107     8107.000       385.24      0.09515964  -1313.11323371  -1313.01807407
      8108     8108.000       377.55      0.09325958  -1313.11261149  -1313.01935191
      8109     8109.000       367.37      0.09074517  -1313.11195133  -1313.02120616
      8110     8110.000       350.23      0.08650959  -1313.11054644  -1313.02403685
      8111     8111.000       364.37      0.09000283  -1313.11171417  -1313.02171134
      8112     8112.000       373.48      0.09225417  -1313.11247151  -1313.02021734
      8113     8113.000       366.46      0.09052015  -1313.11176894  -1313.02124879
      8114     8114.000       365.20      0.09020824  -1313.11192071  -1313.02171247
      8115     8115.000       343.82      0.08492725  -1313.11014762  -1313.02522038
      8116     8116.000       345.71      0.08539339  -1313.11026824  -1313.02487485
      8117     8117.000       366.41      0.09050631  -1313.11210567  -1313.02159936
      8118     8118.000       359.35      0.08876330  -1313.11120218  -1313.02243888
      8119     8119.000       359.79      0.08887143  -1313.11142142  -1313.02254999
      8120     8120.000       363.46      0.08977854  -1313.11177951  -1313.02200097
      8121     8121.000       344.08      0.08499268  -1313.11017194  -1313.02517927
      8122     8122.000       344.40      0.08507137  -1313.11031108  -1313.02523971
      8123     8123.000       339.72      0.08391442  -1313.11021141  -1313.02629699
      8124     8124.000       323.55      0.07991935  -1313.10839360  -1313.02847425
      8125     8125.000       366.03      0.09041388  -1313.11220633  -1313.02179245
      8126     8126.000       364.37      0.09000463  -1313.11156678  -1313.02156214
      8127     8127.000       367.60      0.09080228  -1313.11198247  -1313.02118019
      8128     8128.000       357.72      0.08836160  -1313.11147886  -1313.02311726
      8129     8129.000       327.60      0.08092023  -1313.10867189  -1313.02775165
      8130     8130.000       353.22      0.08725053  -1313.11116552  -1313.02391499
      8131     8131.000       361.74      0.08935399  -1313.11149947  -1313.02214548
      8132     8132.000       362.64      0.08957727  -1313.11152186  -1313.02194459
      8133     8133.000       370.24      0.09145232  -1313.11212923  -1313.02067691
      8134     8134.000       371.28      0.09170947  -1313.11218329  -1313.02047382
      8135     8135.000       379.75      0.09380372  -1313.11260068  -1313.01879695
      8136     8136.000       396.82      0.09802014  -1313.11443493  -1313.01641478
      8137     8137.000       348.82      0.08616144  -1313.11038075  -1313.02421932
      8138     8138.000       324.05      0.08004486  -1313.10883994  -1313.02879507
      8139     8139.000       316.15      0.07809247  -1313.10847888  -1313.03038641
      8140     8140.000       313.86      0.07752773  -1313.10771327  -1313.03018553
      8141     8141.000       366.96      0.09064263  -1313.11237694  -1313.02173430
      8142     8142.000       362.17      0.08946131  -1313.11144194  -1313.02198063
      8143     8143.000       356.72      0.08811332  -1313.11113701  -1313.02302369
      8144     8144.000       356.50      0.08806061  -1313.11139268  -1313.02333207
      8145     8145.000       327.84      0.08098032  -1313.10891944  -1313.02793912
      8146     8146.000       331.37      0.08185312  -1313.10951576  -1313.02766264
      8147     8147.000       333.45      0.08236592  -1313.10954194  -1313.02717603
      8148     8148.000       342.66      0.08464005  -1313.11001958  -1313.02537953
      8149     8149.000       379.70      0.09379034  -1313.11281413  -1313.01902378
      8150     8150.000       398.82      0.09851382  -1313.11436594  -1313.01585211
      8151     8151.000       382.88      0.09457587  -1313.11276790  -1313.01819203
      8152     8152.000       374.70      0.09255538  -1313.11267640  -1313.02012102
      8153     8153.000       343.00      0.08472464  -1313.10995979  -1313.02523515
      8154     8154.000       345.58      0.08536187  -1313.11026827  -1313.02490640
      8155     8155.000       368.40      0.09099817  -1313.11224246  -1313.02124429
      8156     8156.000       357.69      0.08835464  -1313.11098239  -1313.02262775
      8157     8157.000       367.11      0.09068106  -1313.11215746  -1313.02147640
      8158     8158.000       351.11      0.08672833  -1313.11060991  -1313.02388158
      8159     8159.000       345.24      0.08527825  -1313.11041631  -1313.02513806
      8160     8160.000       340.80      0.08418206  -1313.11007115  -1313.02588909
      8161     8161.000       334.29      0.08257290  -1313.10953765  -1313.02696475
      8162     8162.000       346.12      0.08549498  -1313.11039992  -1313.02490495
      8163     8163.000       365.85      0.09037018  -1313.11169841  -1313.02132823
      8164     8164.000       393.48      0.09719437  -1313.11395603  -1313.01676165
      8165     8165.000       392.22      0.09688160  -1313.11346350  -1313.01658190
      8166     8166.000       394.98      0.09756495  -1313.11397886  -1313.01641391
      8167     8167.000       384.21      0.09490441  -1313.11288145  -1313.01797704
      8168     8168.000       392.06      0.09684405  -1313.11373576  -1313.01689170
      8169     8169.000       398.40      0.09840861  -1313.11396190  -1313.01555328
      8170     8170.000       406.42      0.10039093  -1313.11472553  -1313.01433460
      8171     8171.000       405.56      0.10017703  -1313.11450882  -1313.01433179
      8172     8172.000       404.76      0.09997969  -1313.11452875  -1313.01454906
      8173     8173.000       402.19      0.09934448  -1313.11444547  -1313.01510099
      8174     8174.000       387.46      0.09570800  -1313.11310044  -1313.01739244
      8175     8175.000       387.65      0.09575414  -1313.11354978  -1313.01779564
      8176     8176.000       370.51      0.09152107  -1313.11181655  -1313.02029548
      8177     8177.000       389.98      0.09632992  -1313.11358933  -1313.01725941
      8178     8178.000       396.27      0.09788329  -1313.11401324  -1313.01612995
      8179     8179.000       388.50      0.09596486  -1313.11319348  -1313.01722861
      8180     8180.000       403.50      0.09966851  -1313.11464831  -1313.01497980
      8181     8181.000       391.25      0.09664439  -1313.11338441  -1313.01674003
      8182     8182.000       402.51      0.09942573  -1313.11427846  -1313.01485273
      8183     8183.000       414.04      0.10227352  -1313.11547573  -1313.01320221
      8184     8184.000       384.50      0.09497656  -1313.11287869  -1313.01790212
      8185     8185.000       376.83      0.09308214  -1313.11260190  -1313.01951976
      8186     8186.000       369.42      0.09125007  -1313.11208831  -1313.02083824
      8187     8187.000       359.63      0.08883387  -1313.11111670  -1313.02228284
      8188     8188.000       391.29      0.09665360  -1313.11365492  -1313.01700132
      8189     8189.000       407.05      0.10054692  -1313.11480241  -1313.01425549
      8190     8190.000       409.85      0.10123837  -1313.11455095  -1313.01331258
      8191     8191.000       438.59      0.10833721  -1313.11737825  -1313.00904104
      8192     8192.000       393.54      0.09720781  -1313.11352185  -1313.01631404
      8193     8193.000       362.60      0.08956569  -1313.11151417  -1313.02194848
      8194     8194.000       341.14      0.08426467  -1313.11031697  -1313.02605230
      8195     8195.000       317.74      0.07848475  -1313.10772168  -1313.02923693
      8196     8196.000       385.40      0.09519873  -1313.11364197  -1313.01844325
      8197     8197.000       405.26      0.10010321  -1313.11454290  -1313.01443970
      8198     8198.000       399.41      0.09865802  -1313.11407140  -1313.01541338
      8199     8199.000       395.62      0.09772249  -1313.11412257  -1313.01640008
      8200     8200.000       357.85      0.08839292  -1313.11102544  -1313.02263252
      8201     8201.000       354.57      0.08758195  -1313.11094790  -1313.02336595
      8202     8202.000       369.35      0.09123306  -1313.11235780  -1313.02112474
      8203     8203.000       341.94      0.08446361  -1313.10986294  -1313.02539932
      8204     8204.000       351.02      0.08670682  -1313.11078698  -1313.02408017
      8205     8205.000       352.13      0.08697941  -1313.11125349  -1313.02427409
      8206     8206.000       321.23      0.07934639  -1313.10806233  -1313.02871594
      8207     8207.000       356.09      0.08795879  -1313.11168006  -1313.02372127
      8208     8208.000       344.02      0.08497657  -1313.10997263  -1313.02499607
      8209     8209.000       366.11      0.09043420  -1313.11167221  -1313.02123802
      8210     8210.000       406.33      0.10036723  -1313.11512572  -1313.01475849
      8211     8211.000       382.00      0.09435775  -1313.11261736  -1313.01825961
      8212     8212.000       384.24      0.09491047  -1313.11321833  -1313.01830785
      8213     8213.000       379.01      0.09361949  -1313.11275267  -1313.01913319
      8214     8214.000       372.10      0.09191251  -1313.11192552  -1313.02001301
      8215     8215.000       408.45      0.10089239  -1313.11499005  -1313.01409766
      8216     8216.000       402.91      0.09952279  -1313.11468595  -1313.01516316
      8217     8217.000       357.92      0.08840933  -1313.11096649  -1313.02255716
      8218     8218.000       343.64      0.08488324  -1313.11039801  -1313.02551478
      8219     8219.000       331.34      0.08184510  -1313.10910943  -1313.02726433
      8220     8220.000       371.69      0.09181082  -1313.11208976  -1313.02027895
      8221     8221.000       418.29      0.10332166  -1313.11597129  -1313.01264963
      8222     8222.000       390.66      0.09649765  -1313.11325572  -1313.01675807
      8223     8223.000       376.55      0.09301309  -1313.11277121  -1313.01975812
      8224     8224.000       342.79      0.08467184  -1313.11010029  -1313.02542845
      8225     8225.000       331.75      0.08194722  -1313.10909240  -1313.02714518
      8226     8226.000       372.30      0.09196318  -1313.11255594  -1313.02059276
      8227     8227.000       377.15      0.09316079  -1313.11245772  -1313.01929693
      8228     8228.000       389.55      0.09622206  -1313.11359008  -1313.01736802
      8229     8229.000       380.44      0.09397198  -1313.11291114  -1313.01893916
      8230     8230.000       344.97      0.08521082  -1313.11030043  -1313.02508961
      8231     8231.000       325.75      0.08046368  -1313.10887393  -1313.02841025
      8232     8232.000       329.60      0.08141566  -1313.10939115  -1313.02797549
      8233     8233.000       333.47      0.08237084  -1313.10935649  -1313.02698565
      8234     8234.000       362.16      0.08945697  -1313.11178284  -1313.02232587
      8235     8235.000       360.67      0.08909014  -1313.11155894  -1313.02246880
      8236     8236.000       336.10      0.08302031  -1313.10953139  -1313.02651109
      8237     8237.000       340.05      0.08399576  -1313.11017308  -1313.02617733
      8238     8238.000       333.46      0.08236770  -1313.10938050  -1313.02701280
      8239     8239.000       352.96      0.08718407  -1313.11106044  -1313.02387636
      8240     8240.000       358.10      0.08845361  -1313.11132360  -1313.02286999
      8241     8241.000       348.79      0.08615425  -1313.11051043  -1313.02435618
      8242     8242.000       356.90      0.08815930  -1313.11121238  -1313.02305308
      8243     8243.000       364.48      0.09003090  -1313.11177863  -1313.02174774
      8244     8244.000       356.71      0.08811205  -1313.11120958  -1313.02309753
      8245     8245.000       339.09      0.08375968  -1313.10992818  -1313.02616850
      8246     8246.000       329.19      0.08131447  -1313.10927806  -1313.02796358
      8247     8247.000       321.22      0.07934466  -1313.10856007  -1313.02921541
      8248     8248.000       337.43      0.08335019  -1313.10995502  -1313.02660483
      8249     8249.000       339.15      0.08377276  -1313.11002778  -1313.02625502
      8250     8250.000       333.93      0.08248500  -1313.10946989  -1313.02698489
      8251     8251.000       349.11      0.08623300  -1313.11068766  -1313.02445466
      8252     8252.000       362.16      0.08945867  -1313.11149027  -1313.02203160
      8253     8253.000       380.58      0.09400852  -1313.11284005  -1313.01883153
      8254     8254.000       391.61      0.09673183  -1313.11377990  -1313.01704807
      8255     8255.000       373.27      0.09220105  -1313.11226358  -1313.02006253
      8256     8256.000       351.64      0.08685987  -1313.11080659  -1313.02394672
      8257     8257.000       345.07      0.08523535  -1313.11034515  -1313.02510980
      8258     8258.000       342.24      0.08453672  -1313.11007499  -1313.02553826
      8259     8259.000       361.63      0.08932549  -1313.11138662  -1313.02206113
      8260     8260.000       390.02      0.09633919  -1313.11384197  -1313.01750278
      8261     8261.000       376.22      0.09293017  -1313.11230891  -1313.01937874
      8262     8262.000       367.52      0.09078084  -1313.11229230  -1313.02151145
      8263     8263.000       311.11      0.07684699  -1313.10789248  -1313.03104549
      8264     8264.000       273.50      0.06755731  -1313.10501643  -1313.03745912
      8265     8265.000       298.94      0.07384192  -1313.10724868  -1313.03340677
      8266     8266.000       337.99      0.08348809  -1313.10963969  -1313.02615159
      8267     8267.000       395.39      0.09766502  -1313.11415264  -1313.01648762
      8268     8268.000       402.90      0.09952047  -1313.11459768  -1313.01507721
      8269     8269.000       360.25      0.08898499  -1313.11129665  -1313.02231166
      8270     8270.000       335.97      0.08298944  -1313.10949687  -1313.02650743
      8271     8271.000       342.55      0.08461381  -1313.11036139  -1313.02574758
      8272     8272.000       354.12      0.08747215  -1313.11056319  -1313.02309104
      8273     8273.000       406.78      0.10047844  -1313.11514347  -1313.01466502
      8274     8274.000       390.79      0.09652836  -1313.11354034  -1313.01701197
      8275     8275.000       362.40      0.08951786  -1313.11135548  -1313.02183762
      8276     8276.000       352.06      0.08696290  -1313.11121231  -1313.02424941
      8277     8277.000       313.72      0.07749183  -1313.10758175  -1313.03008993
      8278     8278.000       352.80      0.08714451  -1313.11104388  -1313.02389937
      8279     8279.000       391.43      0.09668853  -1313.11363638  -1313.01694785
      8280     8280.000       413.82      0.10221921  -1313.11508165  -1313.01286244
      8281     8281.000       433.90      0.10717868  -1313.11678254  -1313.00960386
      8282     8282.000       397.54      0.09819741  -1313.11414337  -1313.01594596
      8283     8283.000       350.85      0.08666315  -1313.11034275  -1313.02367959
      8284     8284.000       362.77      0.08960730  -1313.11172261  -1313.02211531
      8285     8285.000       372.84      0.09209490  -1313.11208020  -1313.01998529
      8286     8286.000       410.87      0.10148845  -1313.11486775  -1313.01337931
      8287     8287.000       439.49      0.10855893  -1313.11746256  -1313.00890362
      8288     8288.000       395.25      0.09763175  -1313.11333139  -1313.01569964
      8289     8289.000       398.53      0.09844053  -1313.11428007  -1313.01583954
      8290     8290.000       391.45      0.09669336  -1313.11350485  -1313.01681149
      8291     8291.000       389.81      0.09628718  -1313.11321019  -1313.01692301
      8292     8292.000       419.41      0.10359790  -1313.11588832  -1313.01229041
      8293     8293.000       392.52      0.09695734  -1313.11354184  -1313.01658451
      8294     8294.000       375.59      0.09277561  -1313.11238274  -1313.01960713
      8295     8295.000       375.04      0.09263831  -1313.11255240  -1313.01991409
      8296     8296.000       362.93      0.08964838  -1313.11136449  -1313.02171611
      8297     8297.000       385.85      0.09530988  -1313.11319674  -1313.01788686
      8298     8298.000       404.16      0.09983216  -1313.11468332  -1313.01485116
      8299     8299.000       392.91      0.09705333  -1313.11348675  -1313.01643342
      8300     8300.000       390.64      0.09649226  -1313.11377387  -1313.01728161
      8301     8301.000       355.62      0.08784204  -1313.11113528  -1313.02329324
      8302     8302.000       317.12      0.07833227  -1313.10799790  -1313.02966563
      8303     8303.000       335.90      0.08297130  -1313.11000382  -1313.02703253
      8304     8304.000       338.27      0.08355652  -1313.10956449  -1313.02600798
      8305     8305.000       376.14      0.09291185  -1313.11276145  -1313.01984961
      8306     8306.000       389.28      0.09615741  -1313.11361083  -1313.01745342
      8307     8307.000       365.62      0.09031268  -1313.11156793  -1313.02125525
      8308     8308.000       372.51      0.09201440  -1313.11232728  -1313.02031287
      8309     8309.000       373.05      0.09214790  -1313.11231843  -1313.02017053
      8310     8310.000       378.28      0.09343848  -1313.11253430  -1313.01909582
      8311     8311.000       392.63      0.09698514  -1313.11386678  -1313.01688164
      8312     8312.000       375.53      0.09276105  -1313.11251157  -1313.01975052
      8313     8313.000       355.20      0.08773815  -1313.11077274  -1313.02303458
      8314     8314.000       373.62      0.09228712  -1313.11253118  -1313.02024406
      8315     8315.000       380.25      0.09392718  -1313.11254875  -1313.01862157
      8316     8316.000       414.30      0.10233755  -1313.11522341  -1313.01288586
      8317     8317.000       445.10      0.10994355  -1313.11757208  -1313.00762852
      8318     8318.000       423.87      0.10470017  -1313.11571300  -1313.01101283
      8319     8319.000       400.78      0.09899836  -1313.11436282  -1313.01536445
      8320     8320.000       353.97      0.08743379  -1313.11098274  -1313.02354895
      8321     8321.000       317.89      0.07852166  -1313.10812699  -1313.02960533
      8322     8322.000       335.46      0.08286291  -1313.10979191  -1313.02692900
      8323     8323.000       351.86      0.08691223  -1313.11079355  -1313.02388133
      8324     8324.000       371.89      0.09186065  -1313.11218227  -1313.02032162
      8325     8325.000       387.60      0.09574199  -1313.11353170  -1313.01778970
      8326     8326.000       373.23      0.09219321  -1313.11216014  -1313.01996693
      8327     8327.000       371.81      0.09184178  -1313.11220773  -1313.02036595
      8328     8328.000       374.07      0.09239923  -1313.11254110  -1313.02014187
      8329     8329.000       355.62      0.08784161  -1313.11089670  -1313.02305509
      8330     8330.000       360.38      0.08901908  -1313.11149964  -1313.02248056
      8331     8331.000       351.93      0.08692948  -1313.11102322  -1313.02409374
      8332     8332.000       328.78      0.08121117  -1313.10890221  -1313.02769104
      8333     8333.000       340.58      0.08412813  -1313.11039088  -1313.02626275
      8334     8334.000       321.48      0.07940858  -1313.10846814  -1313.02905957
      8335     8335.000       338.07      0.08350737  -1313.10969743  -1313.02619006
      8336     8336.000       383.03      0.09461158  -1313.11326159  -1313.01865001
      8337     8337.000       397.50      0.09818689  -1313.11384533  -1313.01565844
      8338     8338.000       418.88      0.10346927  -1313.11572034  -1313.01225107
      8339     8339.000       406.55      0.10042293  -1313.11470372  -1313.01428078
      8340     8340.000       370.32      0.09147207  -1313.11200798  -1313.02053591
      8341     8341.000       354.71      0.08761760  -1313.11088581  -1313.02326821
      8342     8342.000       350.45      0.08656578  -1313.11095631  -1313.02439053
      8343     8343.000       337.88      0.08346118  -1313.10941710  -1313.02595593
      8344     8344.000       370.99      0.09163845  -1313.11245502  -1313.02081657
      8345     8345.000       376.91      0.09310074  -1313.11244368  -1313.01934295
      8346     8346.000       387.58      0.09573704  -1313.11332520  -1313.01758816
      8347     8347.000       389.93      0.09631619  -1313.11370690  -1313.01739071
      8348     8348.000       356.58      0.08807866  -1313.11091427  -1313.02283561
      8349     8349.000       354.23      0.08749879  -1313.11104945  -1313.02355066
      8350     8350.000       358.90      0.08865170  -1313.11127429  -1313.02262259
      8351     8351.000       364.80      0.09011066  -1313.11173991  -1313.02162924
      8352     8352.000       368.29      0.09097116  -1313.11207779  -1313.02110663
      8353     8353.000       349.78      0.08639916  -1313.11072393  -1313.02432478
      8354     8354.000       333.71      0.08243077  -1313.10943240  -1313.02700164
      8355     8355.000       338.34      0.08357285  -1313.10994067  -1313.02636782
      8356     8356.000       337.36      0.08333200  -1313.10985337  -1313.02652136
      8357     8357.000       337.48      0.08336055  -1313.10978441  -1313.02642386
      8358     8358.000       334.64      0.08265881  -1313.10989858  -1313.02723977
      8359     8359.000       304.13      0.07512459  -1313.10720873  -1313.03208414
      8360     8360.000       312.53      0.07719888  -1313.10822481  -1313.03102593
      8361     8361.000       320.63      0.07920013  -1313.10869344  -1313.02949331
      8362     8362.000       326.80      0.08072392  -1313.10892585  -1313.02820193
      8363     8363.000       353.61      0.08734676  -1313.11125286  -1313.02390610
      8364     8364.000       343.56      0.08486368  -1313.11019632  -1313.02533264
      8365     8365.000       334.52      0.08262997  -1313.10972371  -1313.02709375
      8366     8366.000       323.76      0.07997344  -1313.10885245  -1313.02887901
      8367     8367.000       317.26      0.07836570  -1313.10834935  -1313.02998365
      8368     8368.000       336.58      0.08313943  -1313.10958233  -1313.02644290
      8369     8369.000       381.87      0.09432543  -1313.11317709  -1313.01885167
      8370     8370.000       389.46      0.09620149  -1313.11350888  -1313.01730739
      8371     8371.000       376.19      0.09292287  -1313.11256675  -1313.01964388
      8372     8372.000       352.82      0.08714944  -1313.11104707  -1313.02389762
      8373     8373.000       319.45      0.07890707  -1313.10817857  -1313.02927149
      8374     8374.000       340.40      0.08408193  -1313.11024341  -1313.02616148
      8375     8375.000       342.42      0.08458176  -1313.11020463  -1313.02562286
      8376     8376.000       335.41      0.08284919  -1313.10965681  -1313.02680762
      8377     8377.000       334.96      0.08273997  -1313.10970107  -1313.02696110
      8378     8378.000       335.50      0.08287168  -1313.10954848  -1313.02667680
      8379     8379.000       355.81      0.08788912  -1313.11113391  -1313.02324479
      8380     8380.000       373.88      0.09235291  -1313.11255342  -1313.02020051
      8381     8381.000       355.70      0.08786172  -1313.11115862  -1313.02329690
      8382     8382.000       330.04      0.08152417  -1313.10906587  -1313.02754170
      8383     8383.000       339.92      0.08396440  -1313.11021300  -1313.02624860
      8384     8384.000       336.57      0.08313616  -1313.10949139  -1313.02635523
      8385     8385.000       358.52      0.08855783  -1313.11156131  -1313.02300348
      8386     8386.000       338.57      0.08363026  -1313.11013315  -1313.02650289
      8387     8387.000       292.15      0.07216367  -1313.10636172  -1313.03419805
      8388     8388.000       285.33      0.07047927  -1313.10640931  -1313.03593004
      8389     8389.000       271.67      0.06710546  -1313.10506866  -1313.03796321
      8390     8390.000       289.13      0.07141883  -1313.10637700  -1313.03495817
      8391     8391.000       323.55      0.07992048  -1313.10908313  -1313.02916264
      8392     8392.000       337.16      0.08328179  -1313.10961563  -1313.02633384
      8393     8393.000       364.89      0.09013073  -1313.11187950  -1313.02174877
      8394     8394.000       374.41      0.09248257  -1313.11263453  -1313.02015197
      8395     8395.000       344.83      0.08517716  -1313.11015835  -1313.02498119
      8396     8396.000       338.80      0.08368803  -1313.10993357  -1313.02624554
      8397     8397.000       328.71      0.08119402  -1313.10939487  -1313.02820085
      8398     8398.000       318.36      0.07863899  -1313.10803256  -1313.02939357
      8399     8399.000       354.49      0.08756321  -1313.11159490  -1313.02403169
      8400     8400.000       322.11      0.07956374  -1313.10857169  -1313.02900794
      8401     8401.000       309.31      0.07640361  -1313.10773874  -1313.03133513
      8402     8402.000       308.05      0.07609173  -1313.10815780  -1313.03206607
      8403     8403.000       286.61      0.07079703  -1313.10566888  -1313.03487184
      8404     8404.000       339.27      0.08380447  -1313.11038365  -1313.02657918
      8405     8405.000       352.12      0.08697834  -1313.11080766  -1313.02382932
      8406     8406.000       355.43      0.08779566  -1313.11097387  -1313.02317821
      8407     8407.000       375.00      0.09263033  -1313.11262304  -1313.01999270
      8408     8408.000       361.26      0.08923530  -1313.11151594  -1313.02228064
      8409     8409.000       350.72      0.08663120  -1313.11054497  -1313.02391376
      8410     8410.000       364.80      0.09011003  -1313.11208489  -1313.02197486
      8411     8411.000       334.53      0.08263237  -1313.10939226  -1313.02675989
      8412     8412.000       340.92      0.08421124  -1313.11000542  -1313.02579418
      8413     8413.000       350.47      0.08656939  -1313.11112413  -1313.02455475
      8414     8414.000       327.05      0.08078504  -1313.10847462  -1313.02768958
      8415     8415.000       370.73      0.09157434  -1313.11265642  -1313.02108208
      8416     8416.000       363.77      0.08985504  -1313.11143414  -1313.02157911
      8417     8417.000       374.58      0.09252659  -1313.11241472  -1313.01988812
      8418     8418.000       379.67      0.09378331  -1313.11318897  -1313.01940566
      8419     8419.000       325.28      0.08034767  -1313.10860556  -1313.02825789
      8420     8420.000       314.98      0.07780280  -1313.10843057  -1313.03062777
      8421     8421.000       305.60      0.07548584  -1313.10755412  -1313.03206828
      8422     8422.000       305.79      0.07553299  -1313.10737484  -1313.03184185
      8423     8423.000       344.89      0.08519096  -1313.11054789  -1313.02535693
      8424     8424.000       356.56      0.08807446  -1313.11125908  -1313.02318462
      8425     8425.000       355.90      0.08791149  -1313.11082108  -1313.02290960
      8426     8426.000       380.75      0.09404849  -1313.11331025  -1313.01926177
      8427     8427.000       352.86      0.08715929  -1313.11063583  -1313.02347653
      8428     8428.000       350.73      0.08663545  -1313.11067061  -1313.02403516
      8429     8429.000       362.82      0.08962091  -1313.11186306  -1313.02224215
      8430     8430.000       351.38      0.08679600  -1313.11034334  -1313.02354734
      8431     8431.000       388.45      0.09595252  -1313.11376765  -1313.01781513
      8432     8432.000       381.03      0.09411823  -1313.11281571  -1313.01869748
      8433     8433.000       371.25      0.09170285  -1313.11196151  -1313.02025866
      8434     8434.000       384.50      0.09497702  -1313.11346532  -1313.01848830
      8435     8435.000       358.12      0.08846061  -1313.11099015  -1313.02252954
      8436     8436.000       354.65      0.08760135  -1313.11116703  -1313.02356568
      8437     8437.000       338.22      0.08354302  -1313.10987524  -1313.02633221
      8438     8438.000       326.43      0.08063241  -1313.10890109  -1313.02826868
      8439     8439.000       345.15      0.08525502  -1313.11028318  -1313.02502816
      8440     8440.000       374.86      0.09259520  -1313.11262037  -1313.02002517
      8441     8441.000       383.02      0.09461038  -1313.11289549  -1313.01828511
      8442     8442.000       390.56      0.09647151  -1313.11375335  -1313.01728184
      8443     8443.000       367.95      0.09088791  -1313.11191115  -1313.02102323
      8444     8444.000       354.26      0.08750517  -1313.11073135  -1313.02322618
      8445     8445.000       376.65      0.09303659  -1313.11274510  -1313.01970852
      8446     8446.000       381.36      0.09419899  -1313.11276999  -1313.01857100
      8447     8447.000       392.70      0.09700038  -1313.11388760  -1313.01688722
      8448     8448.000       371.20      0.09169035  -1313.11210524  -1313.02041488
      8449     8449.000       348.74      0.08614304  -1313.11068515  -1313.02454211
      8450     8450.000       327.69      0.08094389  -1313.10899642  -1313.02805253
      8451     8451.000       333.19      0.08230271  -1313.10950124  -1313.02719853
      8452     8452.000       343.59      0.08487084  -1313.11042302  -1313.02555218
      8453     8453.000       341.01      0.08423396  -1313.10986868  -1313.02563472
      8454     8454.000       360.85      0.08913344  -1313.11175838  -1313.02262494
      8455     8455.000       345.62      0.08537112  -1313.11025364  -1313.02488252
      8456     8456.000       346.13      0.08549865  -1313.11037001  -1313.02487136
      8457     8457.000       355.54      0.08782147  -1313.11127401  -1313.02345254
      8458     8458.000       346.82      0.08566929  -1313.11036716  -1313.02469786
      8459     8459.000       347.45      0.08582480  -1313.11058518  -1313.02476038
      8460     8460.000       339.80      0.08393567  -1313.11010171  -1313.02616604
      8461     8461.000       321.41      0.07939229  -1313.10847131  -1313.02907903
      8462     8462.000       341.64      0.08438850  -1313.11006772  -1313.02567921
      8463     8463.000       367.72      0.09083196  -1313.11214158  -1313.02130962
      8464     8464.000       372.42      0.09199075  -1313.11205997  -1313.02006922
      8465     8465.000       386.35      0.09543213  -1313.11369120  -1313.01825906
      8466     8466.000       338.19      0.08353561  -1313.10966441  -1313.02612880
      8467     8467.000       317.67      0.07846798  -1313.10825907  -1313.02979109
      8468     8468.000       324.33      0.08011429  -1313.10922570  -1313.02911141
      8469     8469.000       312.10      0.07709311  -1313.10762418  -1313.03053106
      8470     8470.000       347.50      0.08583547  -1313.11095896  -1313.02512349
      8471     8471.000       334.06      0.08251561  -1313.10952582  -1313.02701021
      8472     8472.000       326.49      0.08064751  -1313.10881717  -1313.02816966
      8473     8473.000       356.06      0.08795168  -1313.11144716  -1313.02349548
      8474     8474.000       348.51      0.08608502  -1313.11045143  -1313.02436641
      8475     8475.000       355.65      0.08784966  -1313.11115356  -1313.02330389
      8476     8476.000       358.78      0.08862196  -1313.11149854  -1313.02287658
      8477     8477.000       336.47      0.08311165  -1313.10950859  -1313.02639695
      8478     8478.000       356.74      0.08811980  -1313.11113524  -1313.02301545
      8479     8479.000       370.33      0.09147562  -1313.11256263  -1313.02108701
      8480     8480.000       338.84      0.08369770  -1313.10940656  -1313.02570886
      8481     8481.000       355.38      0.08778340  -1313.11157322  -1313.02378982
      8482     8482.000       321.46      0.07940359  -1313.10846047  -1313.02905688
      8483     8483.000       321.96      0.07952880  -1313.10854815  -1313.02901935
      8484     8484.000       352.27      0.08701400  -1313.11135497  -1313.02434097
      8485     8485.000       328.66      0.08118225  -1313.10868675  -1313.02750449
      8486     8486.000       358.52      0.08855847  -1313.11169712  -1313.02313865
      8487     8487.000       353.23      0.08725076  -1313.11094920  -1313.02369844
      8488     8488.000       333.46      0.08236727  -1313.10931238  -1313.02694511
      8489     8489.000       349.94      0.08643944  -1313.11090485  -1313.02446540
      8490     8490.000       340.48      0.08410163  -1313.11005144  -1313.02594980
      8491     8491.000       339.95      0.08397262  -1313.10973041  -1313.02575779
      8492     8492.000       369.78      0.09134083  -1313.11249513  -1313.02115430
      8493     8493.000       349.44      0.08631465  -1313.11045773  -1313.02414309
      8494     8494.000       349.70      0.08637958  -1313.11058075  -1313.02420117
      8495     8495.000       360.97      0.08916243  -1313.11177550  -1313.02261306
      8496     8496.000       347.44      0.08582059  -1313.10998285  -1313.02416226
      8497     8497.000       391.74      0.09676525  -1313.11406858  -1313.01730333
      8498     8498.000       387.44      0.09570208  -1313.11333458  -1313.01763250
      8499     8499.000       365.21      0.09021138  -1313.11156595  -1313.02135457
      8500     8500.000       361.78      0.08936376  -1313.11189127  -1313.02252751
      8501     8501.000       318.72      0.07872738  -1313.10813763  -1313.02941025
      8502     8502.000       332.28      0.08207602  -1313.10944367  -1313.02736765
      8503     8503.000       362.48      0.08953732  -1313.11169843  -1313.02216111
      8504     8504.000       381.03      0.09411983  -1313.11260024  -1313.01848041
      8505     8505.000       422.21      0.10428964  -1313.11603091  -1313.01174127
      8506     8506.000       410.07      0.10129271  -1313.11500856  -1313.01371584
      8507     8507.000       372.24      0.09194763  -1313.11205228  -1313.02010465
      8508     8508.000       357.04      0.08819192  -1313.11129387  -1313.02310195
      8509     8509.000       348.63      0.08611481  -1313.11032747  -1313.02421265
      8510     8510.000       387.84      0.09580182  -1313.11320220  -1313.01740038
      8511     8511.000       440.90      0.10890817  -1313.11745576  -1313.00854759
      8512     8512.000       424.61      0.10488331  -1313.11584393  -1313.01096062
      8513     8513.000       395.62      0.09772231  -1313.11409788  -1313.01637557
      8514     8514.000       333.33      0.08233524  -1313.10952046  -1313.02718521
      8515     8515.000       284.89      0.07037110  -1313.10576000  -1313.03538889
      8516     8516.000       303.74      0.07502631  -1313.10769501  -1313.03266869
      8517     8517.000       318.01      0.07855231  -1313.10820518  -1313.02965288
      8518     8518.000       364.55      0.09004781  -1313.11185211  -1313.02180430
      8519     8519.000       396.67      0.09798253  -1313.11403317  -1313.01605063
      8520     8520.000       406.66      0.10044934  -1313.11473296  -1313.01428363
      8521     8521.000       391.68      0.09674831  -1313.11370358  -1313.01695527
      8522     8522.000       356.59      0.08808153  -1313.11107254  -1313.02299102
      8523     8523.000       334.22      0.08255691  -1313.10955098  -1313.02699407
      8524     8524.000       338.09      0.08351215  -1313.10977415  -1313.02626199
      8525     8525.000       359.72      0.08885489  -1313.11142788  -1313.02257299
      8526     8526.000       372.26      0.09195214  -1313.11232237  -1313.02037023
      8527     8527.000       367.11      0.09067984  -1313.11200456  -1313.02132473
      8528     8528.000       345.53      0.08534942  -1313.11030300  -1313.02495359
      8529     8529.000       336.78      0.08318872  -1313.10979854  -1313.02660982
      8530     8530.000       331.97      0.08199929  -1313.10942559  -1313.02742629
      8531     8531.000       341.88      0.08444866  -1313.11005841  -1313.02560975
      8532     8532.000       361.47      0.08928689  -1313.11163703  -1313.02235014
      8533     8533.000       372.32      0.09196715  -1313.11203080  -1313.02006365
      8534     8534.000       399.01      0.09856070  -1313.11441749  -1313.01585679
      8535     8535.000       390.96      0.09657272  -1313.11351214  -1313.01693942
      8536     8536.000       377.54      0.09325599  -1313.11268433  -1313.01942835
      8537     8537.000       352.61      0.08709906  -1313.11095803  -1313.02385897
      8538     8538.000       330.11      0.08154018  -1313.10895589  -1313.02741571
      8539     8539.000       354.65      0.08760376  -1313.11128358  -1313.02367982
      8540     8540.000       367.16      0.09069250  -1313.11167162  -1313.02097912
      8541     8541.000       399.73      0.09873904  -1313.11430940  -1313.01557036
      8542     8542.000       411.72      0.10170013  -1313.11515887  -1313.01345875
      8543     8543.000       386.39      0.09544161  -1313.11321436  -1313.01777276
      8544     8544.000       361.89      0.08939155  -1313.11145895  -1313.02206741
      8545     8545.000       342.71      0.08465208  -1313.11026198  -1313.02560990
      8546     8546.000       331.82      0.08196278  -1313.10916929  -1313.02720651
      8547     8547.000       366.27      0.09047281  -1313.11193512  -1313.02146231
      8548     8548.000       380.93      0.09409458  -1313.11307223  -1313.01897765
      8549     8549.000       367.04      0.09066418  -1313.11158516  -1313.02092098
      8550     8550.000       373.23      0.09219136  -1313.11273231  -1313.02054095
      8551     8551.000       344.20      0.08502194  -1313.10979943  -1313.02477749
      8552     8552.000       372.63      0.09204342  -1313.11236851  -1313.02032509
      8553     8553.000       398.17      0.09835258  -1313.11421613  -1313.01586355
      8554     8554.000       396.21      0.09786877  -1313.11370805  -1313.01583928
      8555     8555.000       409.11      0.10105487  -1313.11511510  -1313.01406023
      8556     8556.000       378.68      0.09353873  -1313.11255314  -1313.01901440
      8557     8557.000       363.70      0.08983753  -1313.11157419  -1313.02173665
      8558     8558.000       368.64      0.09105927  -1313.11214352  -1313.02108425
      8559     8559.000       351.85      0.08690980  -1313.11067634  -1313.02376654
      8560     8560.000       362.49      0.08953925  -1313.11141451  -1313.02187527
      8561     8561.000       388.70      0.09601428  -1313.11371322  -1313.01769895
      8562     8562.000       383.75      0.09479011  -1313.11267902  -1313.01788892
      8563     8563.000       407.90      0.10075623  -1313.11511308  -1313.01435686
      8564     8564.000       383.50      0.09472943  -1313.11301256  -1313.01828313
      8565     8565.000       353.12      0.08722410  -1313.11055036  -1313.02332627
      8566     8566.000       370.18      0.09143859  -1313.11245027  -1313.02101168
      8567     8567.000       356.27      0.08800312  -1313.11075895  -1313.02275583
      8568     8568.000       385.17      0.09514072  -1313.11323990  -1313.01809918
      8569     8569.000       408.29      0.10085207  -1313.11502431  -1313.01417224
      8570     8570.000       390.24      0.09639435  -1313.11317662  -1313.01678227
      8571     8571.000       402.97      0.09953897  -1313.11464882  -1313.01510985
      8572     8572.000       381.85      0.09432143  -1313.11292309  -1313.01860166
      8573     8573.000       367.95      0.09088898  -1313.11160992  -1313.02072094
      8574     8574.000       396.18      0.09785980  -1313.11418646  -1313.01632666
      8575     8575.000       396.94      0.09804890  -1313.11382043  -1313.01577153
      8576     8576.000       405.78      0.10023246  -1313.11457531  -1313.01434285
      8577     8577.000       403.49      0.09966734  -1313.11479018  -1313.01512284
      8578     8578.000       355.73      0.08786886  -1313.11066931  -1313.02280045
      8579     8579.000       361.96      0.08940791  -1313.11156776  -1313.02215985
      8580     8580.000       380.23      0.09392062  -1313.11292793  -1313.01900730
      8581     8581.000       388.68      0.09600917  -1313.11307458  -1313.01706541
      8582     8582.000       420.27      0.10381158  -1313.11608845  -1313.01227688
      8583     8583.000       379.96      0.09385547  -1313.11263462  -1313.01877915
      8584     8584.000       356.95      0.08817190  -1313.11100650  -1313.02283460
      8585     8585.000       358.77      0.08862058  -1313.11152069  -1313.02290011
      8586     8586.000       347.53      0.08584321  -1313.11021334  -1313.02437012
      8587     8587.000       378.32      0.09345036  -1313.11280211  -1313.01935175
      8588     8588.000       391.72      0.09675992  -1313.11368312  -1313.01692320
      8589     8589.000       387.98      0.09583579  -1313.11322328  -1313.01738750
      8590     8590.000       392.28      0.09689812  -1313.11381584  -1313.01691772
      8591     8591.000       370.43      0.09150056  -1313.11209644  -1313.02059588
      8592     8592.000       351.39      0.08679723  -1313.11055159  -1313.02375436
      8593     8593.000       371.24      0.09169979  -1313.11223684  -1313.02053704
      8594     8594.000       384.20      0.09490163  -1313.11308353  -1313.01818191
      8595     8595.000       396.26      0.09788009  -1313.11395142  -1313.01607133
      8596     8596.000       389.51      0.09621325  -1313.11362660  -1313.01741335
      8597     8597.000       357.52      0.08831229  -1313.11092535  -1313.02261306
      8598     8598.000       366.16      0.09044620  -1313.11180679  -1313.02136059
      8599     8599.000       389.43      0.09619301  -1313.11335142  -1313.01715841
      8600     8600.000       419.38      0.10359184  -1313.11562846  -1313.01203662
      8601     8601.000       426.14      0.10526155  -1313.11622894  -1313.01096739
      8602     8602.000       394.55      0.09745742  -1313.11371117  -1313.01625376
      8603     8603.000       365.94      0.09039153  -1313.11180182  -1313.02141028
      8604     8604.000       356.40      0.08803488  -1313.11093493  -1313.02290005
      8605     8605.000       372.08      0.09190682  -1313.11240452  -1313.02049769
      8606     8606.000       372.72      0.09206683  -1313.11230139  -1313.02023456
      8607     8607.000       365.18      0.09020334  -1313.11181594  -1313.02161260
      8608     8608.000       345.35      0.08530560  -1313.11038175  -1313.02507615
      8609     8609.000       334.60      0.08265042  -1313.10942107  -1313.02677064
      8610     8610.000       357.16      0.08822327  -1313.11131286  -1313.02308959
      8611     8611.000       374.46      0.09249635  -1313.11225066  -1313.01975431
      8612     8612.000       400.94      0.09903658  -1313.11447938  -1313.01544281
      8613     8613.000       402.58      0.09944141  -1313.11428815  -1313.01484674
      8614     8614.000       389.30      0.09616121  -1313.11358548  -1313.01742427
      8615     8615.000       362.21      0.08947103  -1313.11136787  -1313.02189683
      8616     8616.000       348.30      0.08603383  -1313.11071032  -1313.02467649
      8617     8617.000       336.52      0.08312405  -1313.10951086  -1313.02638681
      8618     8618.000       365.03      0.09016573  -1313.11176947  -1313.02160374
      8619     8619.000       395.25      0.09763075  -1313.11397483  -1313.01634408
      8620     8620.000       405.63      0.10019442  -1313.11439255  -1313.01419813
      8621     8621.000       417.76      0.10319045  -1313.11584894  -1313.01265850
      8622     8622.000       375.91      0.09285433  -1313.11216254  -1313.01930820
      8623     8623.000       362.15      0.08945556  -1313.11164004  -1313.02218449
      8624     8624.000       358.08      0.08845006  -1313.11118291  -1313.02273285
      8625     8625.000       363.67      0.08983152  -1313.11147635  -1313.02164484
      8626     8626.000       392.82      0.09703182  -1313.11389305  -1313.01686122
      8627     8627.000       387.92      0.09582122  -1313.11345480  -1313.01763359
      8628     8628.000       362.65      0.08957898  -1313.11148461  -1313.02190563
      8629     8629.000       350.62      0.08660638  -1313.11076094  -1313.02415456
      8630     8630.000       344.08      0.08499121  -1313.11017261  -1313.02518140
      8631     8631.000       368.54      0.09103307  -1313.11175351  -1313.02072044
      8632     8632.000       414.02      0.10226862  -1313.11565906  -1313.01339044
      8633     8633.000       401.13      0.09908415  -1313.11402388  -1313.01493972
      8634     8634.000       396.52      0.09794499  -1313.11404785  -1313.01610286
      8635     8635.000       380.58      0.09400669  -1313.11294126  -1313.01893458
      8636     8636.000       361.38      0.08926502  -1313.11104948  -1313.02178446
      8637     8637.000       396.46      0.09793086  -1313.11428678  -1313.01635592
      8638     8638.000       388.76      0.09602706  -1313.11331824  -1313.01729118
      8639     8639.000       385.22      0.09515391  -1313.11309109  -1313.01793718
      8640     8640.000       387.15      0.09563070  -1313.11357728  -1313.01794657
      8641     8641.000       348.08      0.08597866  -1313.11038084  -1313.02440218
      8642     8642.000       330.65      0.08167485  -1313.10939150  -1313.02771665
      8643     8643.000       316.56      0.07819296  -1313.10838596  -1313.03019300
      8644     8644.000       316.80      0.07825357  -1313.10812631  -1313.02987274
      8645     8645.000       366.74      0.09058988  -1313.11187428  -1313.02128440
      8646     8646.000       413.90      0.10223880  -1313.11544378  -1313.01320499
      8647     8647.000       413.23      0.10207202  -1313.11502149  -1313.01294947
      8648     8648.000       401.28      0.09912016  -1313.11452955  -1313.01540939
      8649     8649.000       347.73      0.08589278  -1313.11042584  -1313.02453307
      8650     8650.000       326.94      0.08075897  -1313.10875640  -1313.02799743
      8651     8651.000       354.14      0.08747714  -1313.11134940  -1313.02387226
      8652     8652.000       348.35      0.08604743  -1313.11028951  -1313.02424208
      8653     8653.000       363.70      0.08983782  -1313.11204653  -1313.02220871
      8654     8654.000       329.46      0.08138155  -1313.10923087  -1313.02784932
      8655     8655.000       295.27      0.07293521  -1313.10669535  -1313.03376013
      8656     8656.000       300.52      0.07423190  -1313.10732374  -1313.03309183
      8657     8657.000       316.92      0.07828269  -1313.10824437  -1313.02996167
      8658     8658.000       354.53      0.08757411  -1313.11107603  -1313.02350193
      8659     8659.000       385.63      0.09525401  -1313.11334581  -1313.01809180
      8660     8660.000       374.69      0.09255341  -1313.11251076  -1313.01995735
      8661     8661.000       355.81      0.08788950  -1313.11094567  -1313.02305618
      8662     8662.000       353.36      0.08728396  -1313.11111464  -1313.02383067
      8663     8663.000       340.66      0.08414711  -1313.10970628  -1313.02555917
      8664     8664.000       373.97      0.09237428  -1313.11250106  -1313.02012677
      8665     8665.000       389.81      0.09628859  -1313.11365063  -1313.01736204
      8666     8666.000       385.76      0.09528670  -1313.11291137  -1313.01762466
      8667     8667.000       405.77      0.10022909  -1313.11487252  -1313.01464343
      8668     8668.000       398.73      0.09849127  -1313.11388634  -1313.01539506
      8669     8669.000       402.84      0.09950559  -1313.11443249  -1313.01492690
      8670     8670.000       406.50      0.10040970  -1313.11467004  -1313.01426034
      8671     8671.000       393.19      0.09712272  -1313.11374115  -1313.01661844
      8672     8672.000       378.29      0.09344288  -1313.11260304  -1313.01916016
      8673     8673.000       380.59      0.09401018  -1313.11286022  -1313.01885004
      8674     8674.000       376.78      0.09306808  -1313.11256013  -1313.01949204
      8675     8675.000       381.07      0.09412780  -1313.11267501  -1313.01854721
      8676     8676.000       393.27      0.09714232  -1313.11407517  -1313.01693285
      8677     8677.000       374.49      0.09250377  -1313.11196116  -1313.01945738
      8678     8678.000       394.62      0.09747634  -1313.11412048  -1313.01664414
      8679     8679.000       380.60      0.09401218  -1313.11284126  -1313.01882908
      8680     8680.000       357.09      0.08820501  -1313.11096891  -1313.02276390
      8681     8681.000       360.17      0.08896560  -1313.11160973  -1313.02264412
      8682     8682.000       352.83      0.08715335  -1313.11059470  -1313.02344135
      8683     8683.000       379.06      0.09363154  -1313.11288871  -1313.01925717
      8684     8684.000       394.35      0.09740812  -1313.11388369  -1313.01647557
      8685     8685.000       372.12      0.09191886  -1313.11234555  -1313.02042669
      8686     8686.000       338.05      0.08350239  -1313.10969550  -1313.02619311
      8687     8687.000       323.17      0.07982578  -1313.10898652  -1313.02916074
      8688     8688.000       314.41      0.07766230  -1313.10780684  -1313.03014454
      8689     8689.000       363.34      0.08974872  -1313.11185134  -1313.02210262
      8690     8690.000       387.21      0.09564595  -1313.11345575  -1313.01780980
      8691     8691.000       390.39      0.09643154  -1313.11317502  -1313.01674348
      8692     8692.000       417.01      0.10300554  -1313.11584323  -1313.01283769
      8693     8693.000       393.32      0.09715506  -1313.11328477  -1313.01612972
      8694     8694.000       408.68      0.10094849  -1313.11500027  -1313.01405178
      8695     8695.000       403.50      0.09967007  -1313.11454196  -1313.01487189
      8696     8696.000       373.69      0.09230562  -1313.11212071  -1313.01981509
      8697     8697.000       371.69      0.09181049  -1313.11229792  -1313.02048743
      8698     8698.000       361.75      0.08935550  -1313.11155717  -1313.02220167
      8699     8699.000       353.86      0.08740821  -1313.11079666  -1313.02338844
      8700     8700.000       361.67      0.08933537  -1313.11179059  -1313.02245522
      8701     8701.000       335.43      0.08285605  -1313.10959276  -1313.02673671
      8702     8702.000       324.09      0.08005347  -1313.10866272  -1313.02860925
      8703     8703.000       351.51      0.08682670  -1313.11104605  -1313.02421935
      8704     8704.000       357.73      0.08836215  -1313.11100122  -1313.02263907
      8705     8705.000       395.71      0.09774366  -1313.11402141  -1313.01627775
      8706     8706.000       410.61      0.10142408  -1313.11525453  -1313.01383046
      8707     8707.000       379.42      0.09372156  -1313.11234906  -1313.01862749
      8708     8708.000       388.03      0.09584809  -1313.11365576  -1313.01780768
      8709     8709.000       363.90      0.08988801  -1313.11156236  -1313.02167435
      8710     8710.000       360.51      0.08904962  -1313.11123961  -1313.02218999
      8711     8711.000       374.79      0.09257696  -1313.11280449  -1313.02022753
      8712     8712.000       347.93      0.08594311  -1313.11033139  -1313.02438828
      8713     8713.000       339.23      0.08379297  -1313.11002031  -1313.02622735
      8714     8714.000       332.61      0.08215838  -1313.10948192  -1313.02732355
      8715     8715.000       325.39      0.08037424  -1313.10891989  -1313.02854566
      8716     8716.000       339.77      0.08392751  -1313.10996417  -1313.02603666
      8717     8717.000       360.12      0.08895424  -1313.11163508  -1313.02268084
      8718     8718.000       350.36      0.08654304  -1313.11046721  -1313.02392417
      8719     8719.000       369.74      0.09133092  -1313.11222042  -1313.02088950
      8720     8720.000       368.95      0.09113495  -1313.11206982  -1313.02093487
      8721     8721.000       371.82      0.09184412  -1313.11199477  -1313.02015064
      8722     8722.000       388.55      0.09597654  -1313.11376197  -1313.01778543
      8723     8723.000       364.88      0.09013016  -1313.11138923  -1313.02125907
      8724     8724.000       373.02      0.09214086  -1313.11245131  -1313.02031045
      8725     8725.000       371.36      0.09173056  -1313.11208480  -1313.02035424
      8726     8726.000       375.85      0.09283973  -1313.11253170  -1313.01969198
      8727     8727.000       374.21      0.09243499  -1313.11252880  -1313.02009380
      8728     8728.000       356.94      0.08816793  -1313.11115412  -1313.02298618
      8729     8729.000       342.19      0.08452440  -1313.11008294  -1313.02555855
      8730     8730.000       352.50      0.08707137  -1313.11071936  -1313.02364799
      8731     8731.000       374.01      0.09238488  -1313.11266012  -1313.02027523
      8732     8732.000       369.37      0.09123836  -1313.11192821  -1313.02068985
      8733     8733.000       363.23      0.08972244  -1313.11193782  -1313.02221538
      8734     8734.000       317.26      0.07836570  -1313.10814843  -1313.02978272
      8735     8735.000       312.59      0.07721385  -1313.10794410  -1313.03073025
      8736     8736.000       347.45      0.08582449  -1313.11056219  -1313.02473770
      8737     8737.000       385.41      0.09520036  -1313.11304847  -1313.01784811
      8738     8738.000       429.28      0.10603603  -1313.11651215  -1313.01047612
      8739     8739.000       429.06      0.10598321  -1313.11630853  -1313.01032532
      8740     8740.000       396.18      0.09786174  -1313.11388218  -1313.01602044
      8741     8741.000       371.31      0.09171899  -1313.11205242  -1313.02033343
      8742     8742.000       359.19      0.08872435  -1313.11153928  -1313.02281493
      8743     8743.000       340.10      0.08400976  -1313.10976132  -1313.02575156
      8744     8744.000       356.91      0.08816028  -1313.11138711  -1313.02322683
      8745     8745.000       350.49      0.08657435  -1313.11078584  -1313.02421150
      8746     8746.000       345.15      0.08525564  -1313.11008193  -1313.02482629
      8747     8747.000       368.10      0.09092477  -1313.11246722  -1313.02154245
      8748     8748.000       336.42      0.08309974  -1313.10935420  -1313.02625446
      8749     8749.000       345.21      0.08527140  -1313.11062680  -1313.02535540
      8750     8750.000       341.97      0.08446951  -1313.11008347  -1313.02561396
      8751     8751.000       346.19      0.08551333  -1313.11015912  -1313.02464578
      8752     8752.000       397.02      0.09806768  -1313.11417821  -1313.01611052
      8753     8753.000       414.93      0.10249283  -1313.11535983  -1313.01286700
      8754     8754.000       405.40      0.10013758  -1313.11449466  -1313.01435709
      8755     8755.000       393.96      0.09731141  -1313.11389734  -1313.01658593
      8756     8756.000       360.22      0.08897761  -1313.11131484  -1313.02233723
      8757     8757.000       349.99      0.08645131  -1313.11033148  -1313.02388017
      8758     8758.000       378.34      0.09345449  -1313.11322658  -1313.01977209
      8759     8759.000       350.00      0.08645316  -1313.11025290  -1313.02379974
      8760     8760.000       356.76      0.08812465  -1313.11151114  -1313.02338649
      8761     8761.000       336.62      0.08314907  -1313.10977977  -1313.02663070
      8762     8762.000       316.52      0.07818387  -1313.10796807  -1313.02978420
      8763     8763.000       348.81      0.08615901  -1313.11110920  -1313.02495019
      8764     8764.000       325.81      0.08047782  -1313.10878891  -1313.02831109
      8765     8765.000       326.32      0.08060474  -1313.10912781  -1313.02852308
      8766     8766.000       330.05      0.08152675  -1313.10937775  -1313.02785100
      8767     8767.000       329.20      0.08131529  -1313.10900231  -1313.02768701
      8768     8768.000       366.71      0.09058197  -1313.11204413  -1313.02146216
      8769     8769.000       371.26      0.09170655  -1313.11253135  -1313.02082481
      8770     8770.000       331.54      0.08189447  -1313.10915573  -1313.02726125
      8771     8771.000       309.70      0.07649866  -1313.10811010  -1313.03161144
      8772     8772.000       278.43      0.06877515  -1313.10552021  -1313.03674506
      8773     8773.000       292.12      0.07215727  -1313.10636759  -1313.03421032
      8774     8774.000       347.85      0.08592207  -1313.11107305  -1313.02515099
      8775     8775.000       342.99      0.08472343  -1313.10994165  -1313.02521822
      8776     8776.000       362.41      0.08952016  -1313.11174737  -1313.02222721
      8777     8777.000       362.69      0.08958775  -1313.11175959  -1313.02217183
      8778     8778.000       343.07      0.08474262  -1313.10985276  -1313.02511013
      8779     8779.000       366.32      0.09048613  -1313.11225594  -1313.02176980
      8780     8780.000       335.31      0.08282635  -1313.10957560  -1313.02674925
      8781     8781.000       320.13      0.07907493  -1313.10844874  -1313.02937381
      8782     8782.000       335.09      0.08277055  -1313.10986958  -1313.02709903
      8783     8783.000       337.78      0.08343454  -1313.10960673  -1313.02617218
      8784     8784.000       368.45      0.09101072  -1313.11216411  -1313.02115340
      8785     8785.000       377.57      0.09326315  -1313.11273238  -1313.01946923
      8786     8786.000       365.25      0.09022142  -1313.11169168  -1313.02147026
      8787     8787.000       369.71      0.09132290  -1313.11206434  -1313.02074144
      8788     8788.000       368.49      0.09102185  -1313.11219124  -1313.02116940
      8789     8789.000       344.08      0.08499275  -1313.11000174  -1313.02500899
      8790     8790.000       348.74      0.08614319  -1313.11090688  -1313.02476369
      8791     8791.000       324.21      0.08008468  -1313.10871419  -1313.02862951
      8792     8792.000       331.08      0.08178096  -1313.10930054  -1313.02751958
      8793     8793.000       355.70      0.08786173  -1313.11133009  -1313.02346836
      8794     8794.000       356.23      0.08799342  -1313.11088434  -1313.02289093
      8795     8795.000       373.19      0.09218209  -1313.11266152  -1313.02047943
      8796     8796.000       352.71      0.08712393  -1313.11063700  -1313.02351307
      8797     8797.000       351.28      0.08676935  -1313.11082063  -1313.02405128
      8798     8798.000       362.29      0.08949011  -1313.11149311  -1313.02200300
      8799     8799.000       384.88      0.09507040  -1313.11311541  -1313.01804501
      8800     8800.000       402.68      0.09946590  -1313.11447954  -1313.01501364
      8801     8801.000       400.16      0.09884398  -1313.11415975  -1313.01531577
      8802     8802.000       388.73      0.09602153  -1313.11352647  -1313.01750495
      8803     8803.000       370.88      0.09161278  -1313.11195524  -1313.02034246
      8804     8804.000       372.49      0.09200816  -1313.11239907  -1313.02039091
      8805     8805.000       363.53      0.08979721  -1313.11156797  -1313.02177076
      8806     8806.000       356.47      0.08805207  -1313.11125545  -1313.02320338
      8807     8807.000       343.56      0.08486337  -1313.11018978  -1313.02532641
      8808     8808.000       340.15      0.08401996  -1313.10999117  -1313.02597122
      8809     8809.000       341.99      0.08447572  -1313.11025320  -1313.02577748
      8810     8810.000       344.94      0.08520299  -1313.11021624  -1313.02501326
      8811     8811.000       351.74      0.08688385  -1313.11106759  -1313.02418374
      8812     8812.000       337.12      0.08327236  -1313.10956416  -1313.02629181
      8813     8813.000       340.57      0.08412403  -1313.11034020  -1313.02621618
      8814     8814.000       323.95      0.08001965  -1313.10863680  -1313.02861715
      8815     8815.000       336.87      0.08321174  -1313.10986365  -1313.02665191
      8816     8816.000       348.18      0.08600526  -1313.11068990  -1313.02468464
      8817     8817.000       349.24      0.08626733  -1313.11035230  -1313.02408496
      8818     8818.000       379.22      0.09367141  -1313.11312689  -1313.01945548
      8819     8819.000       372.13      0.09192078  -1313.11195588  -1313.02003510
      8820     8820.000       380.21      0.09391675  -1313.11301525  -1313.01909849
      8821     8821.000       370.05      0.09140709  -1313.11213220  -1313.02072511
      8822     8822.000       344.98      0.08521501  -1313.11023799  -1313.02502298
      8823     8823.000       343.32      0.08480311  -1313.11015435  -1313.02535124
      8824     8824.000       355.73      0.08786941  -1313.11121585  -1313.02334644
      8825     8825.000       362.34      0.08950130  -1313.11141655  -1313.02191525
      8826     8826.000       380.26      0.09392760  -1313.11301383  -1313.01908623
      8827     8827.000       352.67      0.08711279  -1313.11119850  -1313.02408571
      8828     8828.000       289.74      0.07156799  -1313.10595118  -1313.03438319
      8829     8829.000       291.83      0.07208573  -1313.10706846  -1313.03498273
      8830     8830.000       279.74      0.06909878  -1313.10526666  -1313.03616788
      8831     8831.000       340.07      0.08400217  -1313.11013099  -1313.02612882
      8832     8832.000       395.76      0.09775676  -1313.11432060  -1313.01656385
      8833     8833.000       382.13      0.09439138  -1313.11273888  -1313.01834750
      8834     8834.000       373.77      0.09232495  -1313.11257162  -1313.02024667
      8835     8835.000       338.33      0.08357166  -1313.10983322  -1313.02626156
      8836     8836.000       326.13      0.08055670  -1313.10868704  -1313.02813034
      8837     8837.000       366.98      0.09064701  -1313.11208577  -1313.02143876
      8838     8838.000       384.33      0.09493377  -1313.11320566  -1313.01827189
      8839     8839.000       381.68      0.09427898  -1313.11277531  -1313.01849633
      8840     8840.000       381.66      0.09427313  -1313.11325744  -1313.01898430
      8841     8841.000       340.00      0.08398419  -1313.10971234  -1313.02572815
      8842     8842.000       339.13      0.08376802  -1313.10992783  -1313.02615980
      8843     8843.000       348.41      0.08606174  -1313.11086652  -1313.02480478
      8844     8844.000       327.45      0.08088422  -1313.10880757  -1313.02792335
      8845     8845.000       348.04      0.08597061  -1313.11078143  -1313.02481082
      8846     8846.000       344.11      0.08499838  -1313.11034054  -1313.02534216
      8847     8847.000       343.22      0.08477956  -1313.11003982  -1313.02526026
      8848     8848.000       357.26      0.08824756  -1313.11160268  -1313.02335512
      8849     8849.000       328.14      0.08105503  -1313.10894804  -1313.02789301
      8850     8850.000       324.12      0.08006207  -1313.10893058  -1313.02886852
      8851     8851.000       328.32      0.08109922  -1313.10920197  -1313.02810275
      8852     8852.000       330.20      0.08156216  -1313.10930203  -1313.02773987
      8853     8853.000       340.74      0.08416610  -1313.11015340  -1313.02598730
      8854     8854.000       338.02      0.08349497  -1313.11001124  -1313.02651626
      8855     8855.000       316.81      0.07825586  -1313.10817350  -1313.02991764
      8856     8856.000       337.85      0.08345263  -1313.10984820  -1313.02639557
      8857     8857.000       360.78      0.08911748  -1313.11164772  -1313.02253024
      8858     8858.000       362.62      0.08957006  -1313.11145841  -1313.02188835
      8859     8859.000       362.54      0.08955203  -1313.11195823  -1313.02240621
      8860     8860.000       318.12      0.07857888  -1313.10813470  -1313.02955583
      8861     8861.000       322.09      0.07956074  -1313.10868631  -1313.02912556
      8862     8862.000       359.22      0.08873164  -1313.11131610  -1313.02258447
      8863     8863.000       396.46      0.09793012  -1313.11400667  -1313.01607655
      8864     8864.000       415.32      0.10258943  -1313.11547238  -1313.01288295
      8865     8865.000       396.64      0.09797565  -1313.11396302  -1313.01598736
      8866     8866.000       366.86      0.09061904  -1313.11173617  -1313.02111713
      8867     8867.000       366.11      0.09043250  -1313.11166023  -1313.02122773
      8868     8868.000       386.00      0.09534711  -1313.11343125  -1313.01808414
      8869     8869.000       382.05      0.09437054  -1313.11276214  -1313.01839160
      8870     8870.000       382.69      0.09452775  -1313.11325735  -1313.01872959
      8871     8871.000       348.61      0.08611050  -1313.11044850  -1313.02433800
      8872     8872.000       327.66      0.08093552  -1313.10909357  -1313.02815805
      8873     8873.000       324.85      0.08024050  -1313.10903264  -1313.02879214
      8874     8874.000       315.55      0.07794432  -1313.10818359  -1313.03023928
      8875     8875.000       331.27      0.08182629  -1313.10944795  -1313.02762165
      8876     8876.000       353.52      0.08732362  -1313.11099726  -1313.02367365
      8877     8877.000       364.44      0.09002094  -1313.11173877  -1313.02171783
      8878     8878.000       370.32      0.09147431  -1313.11212626  -1313.02065196
      8879     8879.000       367.05      0.09066528  -1313.11211028  -1313.02144500
      8880     8880.000       345.00      0.08522000  -1313.11007791  -1313.02485791
      8881     8881.000       360.05      0.08893711  -1313.11141010  -1313.02247299
      8882     8882.000       388.11      0.09586707  -1313.11342319  -1313.01755612
      8883     8883.000       405.64      0.10019802  -1313.11440526  -1313.01420723
      8884     8884.000       430.62      0.10636860  -1313.11669988  -1313.01033128
      8885     8885.000       395.71      0.09774542  -1313.11383699  -1313.01609157
      8886     8886.000       354.29      0.08751265  -1313.11096113  -1313.02344848
      8887     8887.000       326.73      0.08070629  -1313.10913508  -1313.02842879
      8888     8888.000       305.02      0.07534458  -1313.10727728  -1313.03193270
      8889     8889.000       332.49      0.08212983  -1313.10963033  -1313.02750050
      8890     8890.000       342.88      0.08469594  -1313.11036873  -1313.02567280
      8891     8891.000       334.09      0.08252433  -1313.10950952  -1313.02698519
      8892     8892.000       333.11      0.08228072  -1313.10954282  -1313.02726209
      8893     8893.000       333.62      0.08240914  -1313.10958039  -1313.02717125
      8894     8894.000       342.76      0.08466672  -1313.10993957  -1313.02527285
      8895     8895.000       377.00      0.09312386  -1313.11293737  -1313.01981352
      8896     8896.000       364.42      0.09001467  -1313.11164493  -1313.02163026
      8897     8897.000       345.70      0.08539191  -1313.11035987  -1313.02496795
      8898     8898.000       335.11      0.08277639  -1313.10988065  -1313.02710426
      8899     8899.000       306.59      0.07573001  -1313.10726461  -1313.03153461
      8900     8900.000       335.62      0.08290267  -1313.10989709  -1313.02699442
      8901     8901.000       345.40      0.08531762  -1313.11047701  -1313.02515939
      8902     8902.000       344.64      0.08513115  -1313.11025122  -1313.02512007
      8903     8903.000       351.09      0.08672250  -1313.11097839  -1313.02425589
      8904     8904.000       330.49      0.08163540  -1313.10922263  -1313.02758723
      8905     8905.000       331.87      0.08197513  -1313.10932178  -1313.02734664
      8906     8906.000       351.46      0.08681370  -1313.11097685  -1313.02416315
      8907     8907.000       358.10      0.08845520  -1313.11108378  -1313.02262857
      8908     8908.000       380.88      0.09408265  -1313.11291405  -1313.01883139
      8909     8909.000       394.77      0.09751291  -1313.11406001  -1313.01654710
      8910     8910.000       371.23      0.09169684  -1313.11199906  -1313.02030222
      8911     8911.000       363.88      0.08988357  -1313.11180681  -1313.02192324
      8912     8912.000       341.69      0.08440028  -1313.11010921  -1313.02570893
      8913     8913.000       339.55      0.08387320  -1313.10958191  -1313.02570871
      8914     8914.000       390.59      0.09648035  -1313.11393234  -1313.01745198
      8915     8915.000       394.38      0.09741638  -1313.11364392  -1313.01622754
      8916     8916.000       397.93      0.09829247  -1313.11419864  -1313.01590617
      8917     8917.000       364.96      0.09014903  -1313.11207655  -1313.02192752
      8918     8918.000       294.55      0.07275766  -1313.10632359  -1313.03356592
      8919     8919.000       296.51      0.07324192  -1313.10707718  -1313.03383526
      8920     8920.000       317.19      0.07835032  -1313.10834285  -1313.02999253
      8921     8921.000       349.63      0.08636181  -1313.11062356  -1313.02426175
      8922     8922.000       389.80      0.09628524  -1313.11367732  -1313.01739208
      8923     8923.000       385.69      0.09527028  -1313.11339402  -1313.01812373
      8924     8924.000       361.24      0.08923027  -1313.11110344  -1313.02187317
      8925     8925.000       374.57      0.09252261  -1313.11276442  -1313.02024181
      8926     8926.000       356.05      0.08794896  -1313.11085196  -1313.02290300
      8927     8927.000       370.86      0.09160637  -1313.11208605  -1313.02047968
      8928     8928.000       388.69      0.09601016  -1313.11380448  -1313.01779433
      8929     8929.000       362.69      0.08958824  -1313.11106981  -1313.02148157
      8930     8930.000       382.61      0.09450796  -1313.11333953  -1313.01883158
      8931     8931.000       369.45      0.09125804  -1313.11192369  -1313.02066565
      8932     8932.000       361.96      0.08940913  -1313.11144788  -1313.02203875
      8933     8933.000       370.00      0.09139486  -1313.11222334  -1313.02082848
      8934     8934.000       353.10      0.08722058  -1313.11085751  -1313.02363693
      8935     8935.000       356.03      0.08794361  -1313.11095494  -1313.02301134
      8936     8936.000       380.71      0.09403898  -1313.11304731  -1313.01900834
      8937     8937.000       374.02      0.09238627  -1313.11225110  -1313.01986483
      8938     8938.000       379.78      0.09381078  -1313.11272911  -1313.01891833
      8939     8939.000       379.57      0.09375694  -1313.11298777  -1313.01923083
      8940     8940.000       362.63      0.08957406  -1313.11112674  -1313.02155269
      8941     8941.000       390.61      0.09648514  -1313.11389196  -1313.01740682
      8942     8942.000       376.18      0.09291974  -1313.11252310  -1313.01960337
      8943     8943.000       350.37      0.08654546  -1313.11055490  -1313.02400944
      8944     8944.000       345.48      0.08533633  -1313.11054781  -1313.02521147
      8945     8945.000       330.50      0.08163706  -1313.10898643  -1313.02734937
      8946     8946.000       362.96      0.08965596  -1313.11178181  -1313.02212584
      8947     8947.000       381.38      0.09420563  -1313.11301847  -1313.01881284
      8948     8948.000       363.18      0.08971024  -1313.11154450  -1313.02183426
      8949     8949.000       355.72      0.08786597  -1313.11110141  -1313.02323544
      8950     8950.000       348.64      0.08611692  -1313.11054915  -1313.02443223
      8951     8951.000       362.92      0.08964624  -1313.11135309  -1313.02170686
      8952     8952.000       408.81      0.10098114  -1313.11504469  -1313.01406355
      8953     8953.000       415.24      0.10256963  -1313.11529936  -1313.01272972
      8954     8954.000       400.70      0.09897629  -1313.11404214  -1313.01506585
      8955     8955.000       396.53      0.09794841  -1313.11419095  -1313.01624254
      8956     8956.000       369.61      0.09129828  -1313.11166789  -1313.02036960
      8957     8957.000       385.02      0.09510399  -1313.11332110  -1313.01821711
      8958     8958.000       388.61      0.09599014  -1313.11348526  -1313.01749512
      8959     8959.000       371.05      0.09165320  -1313.11190861  -1313.02025541
      8960     8960.000       378.47      0.09348683  -1313.11292123  -1313.01943440
      8961     8961.000       356.88      0.08815373  -1313.11109951  -1313.02294578
      8962     8962.000       340.56      0.08412208  -1313.11000635  -1313.02588427
      8963     8963.000       330.72      0.08169106  -1313.10940529  -1313.02771424
      8964     8964.000       318.46      0.07866312  -1313.10837288  -1313.02970977
      8965     8965.000       332.53      0.08213811  -1313.10934782  -1313.02720971
      8966     8966.000       368.54      0.09103472  -1313.11215691  -1313.02112219
      8967     8967.000       383.98      0.09484639  -1313.11300953  -1313.01816315
      8968     8968.000       395.68      0.09773769  -1313.11398002  -1313.01624232
      8969     8969.000       388.01      0.09584362  -1313.11350177  -1313.01765815
      8970     8970.000       360.94      0.08915544  -1313.11113142  -1313.02197598
      8971     8971.000       370.61      0.09154402  -1313.11224556  -1313.02070154
      8972     8972.000       378.85      0.09357930  -1313.11259665  -1313.01901735
      8973     8973.000       403.14      0.09958023  -1313.11439078  -1313.01481055
      8974     8974.000       417.44      0.10311255  -1313.11562881  -1313.01251626
      8975     8975.000       393.59      0.09722191  -1313.11369046  -1313.01646855
      8976     8976.000       361.33      0.08925315  -1313.11151783  -1313.02226468
      8977     8977.000       328.55      0.08115650  -1313.10906383  -1313.02790733
      8978     8978.000       318.98      0.07879134  -1313.10849010  -1313.02969875
      8979     8979.000       331.77      0.08195083  -1313.10939352  -1313.02744269
      8980     8980.000       349.86      0.08641819  -1313.11082641  -1313.02440822
      8981     8981.000       346.88      0.08568354  -1313.11047987  -1313.02479632
      8982     8982.000       344.72      0.08515004  -1313.11021847  -1313.02506843
      8983     8983.000       347.86      0.08592589  -1313.11076348  -1313.02483759
      8984     8984.000       339.30      0.08381193  -1313.10968837  -1313.02587644
      8985     8985.000       348.30      0.08603446  -1313.11083610  -1313.02480164
      8986     8986.000       331.04      0.08177173  -1313.10925368  -1313.02748195
      8987     8987.000       319.88      0.07901318  -1313.10859969  -1313.02958651
      8988     8988.000       318.14      0.07858303  -1313.10842198  -1313.02983895
      8989     8989.000       324.21      0.08008345  -1313.10891476  -1313.02883131
      8990     8990.000       335.87      0.08296334  -1313.10971327  -1313.02674993
      8991     8991.000       353.23      0.08725173  -1313.11092091  -1313.02366918
      8992     8992.000       360.69      0.08909509  -1313.11158789  -1313.02249280
      8993     8993.000       357.89      0.08840311  -1313.11100997  -1313.02260686
      8994     8994.000       363.64      0.08982261  -1313.11202009  -1313.02219748
      8995     8995.000       337.54      0.08337694  -1313.10952430  -1313.02614736
      8996     8996.000       343.82      0.08492717  -1313.11034949  -1313.02542233
      8997     8997.000       349.38      0.08629995  -1313.11060111  -1313.02430116
      8998     8998.000       369.59      0.09129211  -1313.11188688  -1313.02059476
      8999     8999.000       408.51      0.10090737  -1313.11509349  -1313.01418612
      9000     9000.000       401.78      0.09924334  -1313.11418597  -1313.01494263
      9001     9001.000       385.59      0.09524538  -1313.11337127  -1313.01812589
      9002     9002.000       353.95      0.08742927  -1313.11085036  -1313.02342110
      9003     9003.000       330.34      0.08159858  -1313.10924716  -1313.02764859
      9004     9004.000       341.59      0.08437627  -1313.10989299  -1313.02551672
      9005     9005.000       376.58      0.09301978  -1313.11287825  -1313.01985846
      9006     9006.000       375.91      0.09285382  -1313.11240504  -1313.01955123
      9007     9007.000       371.31      0.09171722  -1313.11240688  -1313.02068967
      9008     9008.000       327.44      0.08088145  -1313.10917062  -1313.02828917
      9009     9009.000       287.25      0.07095417  -1313.10589232  -1313.03493815
      9010     9010.000       312.49      0.07718907  -1313.10834595  -1313.03115688
      9011     9011.000       325.72      0.08045671  -1313.10878036  -1313.02832365
      9012     9012.000       359.59      0.08882283  -1313.11152165  -1313.02269883
      9013     9013.000       376.80      0.09307425  -1313.11280341  -1313.01972915
      9014     9014.000       349.16      0.08624691  -1313.11046799  -1313.02422108
      9015     9015.000       340.30      0.08405910  -1313.11009342  -1313.02603432
      9016     9016.000       323.83      0.07999018  -1313.10897495  -1313.02898477
      9017     9017.000       300.33      0.07418566  -1313.10700315  -1313.03281749
      9018     9018.000       313.34      0.07739790  -1313.10821352  -1313.03081563
      9019     9019.000       326.47      0.08064185  -1313.10905761  -1313.02841576
      9020     9020.000       344.71      0.08514651  -1313.11016628  -1313.02501978
      9021     9021.000       375.95      0.09286426  -1313.11289104  -1313.02002678
      9022     9022.000       352.01      0.08695005  -1313.11079799  -1313.02384793
      9023     9023.000       324.80      0.08023026  -1313.10881689  -1313.02858663
      9024     9024.000       319.79      0.07899149  -1313.10877140  -1313.02977991
      9025     9025.000       308.47      0.07619518  -1313.10742302  -1313.03122785
      9026     9026.000       347.18      0.08575856  -1313.11075980  -1313.02500125
      9027     9027.000       357.52      0.08831184  -1313.11132886  -1313.02301702
      9028     9028.000       351.94      0.08693304  -1313.11061227  -1313.02367923
      9029     9029.000       371.81      0.09184245  -1313.11240538  -1313.02056293
      9030     9030.000       371.50      0.09176434  -1313.11214310  -1313.02037876
      9031     9031.000       371.32      0.09172071  -1313.11217274  -1313.02045203
      9032     9032.000       360.15      0.08896223  -1313.11168453  -1313.02272230
      9033     9033.000       310.83      0.07677966  -1313.10774279  -1313.03096313
      9034     9034.000       292.62      0.07228095  -1313.10659354  -1313.03431259
      9035     9035.000       304.19      0.07513886  -1313.10765819  -1313.03251933
      9036     9036.000       308.30      0.07615259  -1313.10755443  -1313.03140184
      9037     9037.000       339.32      0.08381615  -1313.11021507  -1313.02639892
      9038     9038.000       333.28      0.08232429  -1313.10967300  -1313.02734871
      9039     9039.000       313.08      0.07733517  -1313.10786787  -1313.03053270
      9040     9040.000       324.52      0.08015927  -1313.10912273  -1313.02896345
      9041     9041.000       321.35      0.07937785  -1313.10849926  -1313.02912141
      9042     9042.000       350.10      0.08647891  -1313.11062736  -1313.02414845
      9043     9043.000       385.46      0.09521396  -1313.11347615  -1313.01826219
      9044     9044.000       380.80      0.09406085  -1313.11262616  -1313.01856531
      9045     9045.000       385.64      0.09525686  -1313.11337681  -1313.01811995
      9046     9046.000       365.39      0.09025549  -1313.11184512  -1313.02158963
      9047     9047.000       332.43      0.08211291  -1313.10927080  -1313.02715789
      9048     9048.000       330.66      0.08167676  -1313.10938861  -1313.02771185
      9049     9049.000       329.12      0.08129727  -1313.10921350  -1313.02791623
      9050     9050.000       345.77      0.08540884  -1313.11016453  -1313.02475570
      9051     9051.000       392.60      0.09697677  -1313.11392522  -1313.01694845
      9052     9052.000       399.69      0.09872673  -1313.11415092  -1313.01542420
      9053     9053.000       394.46      0.09743538  -1313.11379068  -1313.01635530
      9054     9054.000       369.41      0.09124757  -1313.11237694  -1313.02112937
      9055     9055.000       312.13      0.07710042  -1313.10756419  -1313.03046377
      9056     9056.000       320.31      0.07911923  -1313.10875831  -1313.02963908
      9057     9057.000       331.64      0.08191766  -1313.10943069  -1313.02751303
      9058     9058.000       340.17      0.08402663  -1313.10997752  -1313.02595090
      9059     9059.000       346.27      0.08553215  -1313.11072884  -1313.02519669
      9060     9060.000       307.98      0.07607441  -1313.10767675  -1313.03160233
      9061     9061.000       286.09      0.07066796  -1313.10608865  -1313.03542069
      9062     9062.000       302.09      0.07462062  -1313.10744397  -1313.03282334
      9063     9063.000       314.13      0.07759265  -1313.10817140  -1313.03057875
      9064     9064.000       336.91      0.08322032  -1313.10968577  -1313.02646546
      9065     9065.000       358.17      0.08847164  -1313.11171802  -1313.02324638
      9066     9066.000       328.79      0.08121573  -1313.10878211  -1313.02756638
      9067     9067.000       344.04      0.08498291  -1313.11049529  -1313.02551237
      9068     9068.000       344.35      0.08505755  -1313.11030858  -1313.02525103
      9069     9069.000       344.26      0.08503669  -1313.11003556  -1313.02499887
      9070     9070.000       376.10      0.09290123  -1313.11285503  -1313.01995380
      9071     9071.000       362.81      0.08961819  -1313.11144187  -1313.02182368
      9072     9072.000       363.26      0.08972962  -1313.11158411  -1313.02185449
      9073     9073.000       371.07      0.09165768  -1313.11234340  -1313.02068572
      9074     9074.000       354.07      0.08745822  -1313.11075365  -1313.02329543
      9075     9075.000       368.39      0.09099713  -1313.11195333  -1313.02095620
      9076     9076.000       386.35      0.09543179  -1313.11341681  -1313.01798502
      9077     9077.000       380.03      0.09387228  -1313.11257753  -1313.01870525
      9078     9078.000       389.64      0.09624522  -1313.11366885  -1313.01742363
      9079     9079.000       369.13      0.09117942  -1313.11213722  -1313.02095780
      9080     9080.000       336.05      0.08300837  -1313.10930560  -1313.02629724
      9081     9081.000       357.27      0.08824858  -1313.11149449  -1313.02324591
      9082     9082.000       354.51      0.08756765  -1313.11076704  -1313.02319939
      9083     9083.000       378.16      0.09341095  -1313.11271475  -1313.01930380
      9084     9084.000       392.13      0.09686012  -1313.11395368  -1313.01709355
      9085     9085.000       358.84      0.08863739  -1313.11096281  -1313.02232542
      9086     9086.000       364.71      0.09008833  -1313.11190147  -1313.02181314
      9087     9087.000       355.73      0.08786972  -1313.11105253  -1313.02318281
      9088     9088.000       361.18      0.08921553  -1313.11125694  -1313.02204141
      9089     9089.000       392.04      0.09683816  -1313.11389515  -1313.01705699
      9090     9090.000       381.35      0.09419739  -1313.11296147  -1313.01876408
      9091     9091.000       350.24      0.08651302  -1313.11053976  -1313.02402674
      9092     9092.000       336.25      0.08305763  -1313.11000113  -1313.02694350
      9093     9093.000       299.90      0.07407974  -1313.10689646  -1313.03281672
      9094     9094.000       315.09      0.07783055  -1313.10816654  -1313.03033600
      9095     9095.000       357.53      0.08831318  -1313.11160110  -1313.02328792
      9096     9096.000       356.25      0.08799758  -1313.11074244  -1313.02274485
      9097     9097.000       388.28      0.09590891  -1313.11375456  -1313.01784565
      9098     9098.000       364.77      0.09010254  -1313.11179737  -1313.02169483
      9099     9099.000       332.64      0.08216700  -1313.10921557  -1313.02704857
      9100     9100.000       335.81      0.08294853  -1313.10997591  -1313.02702738
      9101     9101.000       316.19      0.07810128  -1313.10815204  -1313.03005076
      9102     9102.000       322.85      0.07974674  -1313.10875779  -1313.02901104
      9103     9103.000       341.75      0.08441490  -1313.11032554  -1313.02591063
      9104     9104.000       329.20      0.08131562  -1313.10925421  -1313.02793859
      9105     9105.000       316.18      0.07809967  -1313.10830549  -1313.03020581
      9106     9106.000       306.84      0.07579360  -1313.10795547  -1313.03216187
      9107     9107.000       275.77      0.06811859  -1313.10510825  -1313.03698966
      9108     9108.000       307.70      0.07600623  -1313.10785179  -1313.03184555
      9109     9109.000       337.64      0.08340070  -1313.11003677  -1313.02663607
      9110     9110.000       344.36      0.08506112  -1313.11012027  -1313.02505915
      9111     9111.000       356.10      0.08795950  -1313.11155218  -1313.02359268
      9112     9112.000       318.29      0.07862233  -1313.10820818  -1313.02958585
      9113     9113.000       313.95      0.07755040  -1313.10807332  -1313.03052292
      9114     9114.000       339.17      0.08377850  -1313.11001061  -1313.02623211
      9115     9115.000       358.58      0.08857364  -1313.11124250  -1313.02266887
      9116     9116.000       380.86      0.09407754  -1313.11301830  -1313.01894076
      9117     9117.000       374.95      0.09261681  -1313.11252314  -1313.01990633
      9118     9118.000       347.40      0.08581249  -1313.11040164  -1313.02458915
      9119     9119.000       345.19      0.08526536  -1313.11018517  -1313.02491982
      9120     9120.000       363.44      0.08977387  -1313.11191071  -1313.02213684
      9121     9121.000       362.20      0.08946755  -1313.11124820  -1313.02178064
      9122     9122.000       378.21      0.09342257  -1313.11306633  -1313.01964376
      9123     9123.000       343.09      0.08474739  -1313.11011496  -1313.02536757
      9124     9124.000       315.92      0.07803662  -1313.10813623  -1313.03009961
      9125     9125.000       319.58      0.07894089  -1313.10877228  -1313.02983138
      9126     9126.000       315.63      0.07796540  -1313.10794545  -1313.02998005
      9127     9127.000       357.73      0.08836312  -1313.11146325  -1313.02310013
      9128     9128.000       379.95      0.09385141  -1313.11285846  -1313.01900706
      9129     9129.000       372.54      0.09202060  -1313.11232037  -1313.02029978
      9130     9130.000       360.99      0.08916862  -1313.11137078  -1313.02220216
      9131     9131.000       347.05      0.08572487  -1313.11070092  -1313.02497605
      9132     9132.000       325.32      0.08035755  -1313.10865135  -1313.02829380
      9133     9133.000       343.76      0.08491328  -1313.11046541  -1313.02555213
      9134     9134.000       340.66      0.08414588  -1313.11003898  -1313.02589309
      9135     9135.000       346.23      0.08552233  -1313.11015374  -1313.02463141
      9136     9136.000       375.10      0.09265383  -1313.11295840  -1313.02030457
      9137     9137.000       345.52      0.08534692  -1313.10998047  -1313.02463355
      9138     9138.000       349.27      0.08627258  -1313.11092820  -1313.02465562
      9139     9139.000       333.59      0.08240017  -1313.10947223  -1313.02707206
      9140     9140.000       329.15      0.08130288  -1313.10891923  -1313.02761635
      9141     9141.000       380.54      0.09399812  -1313.11305737  -1313.01905926
      9142     9142.000       398.19      0.09835862  -1313.11415578  -1313.01579716
      9143     9143.000       390.82      0.09653623  -1313.11353010  -1313.01699387
      9144     9144.000       373.09      0.09215628  -1313.11248721  -1313.02033094
      9145     9145.000       331.13      0.08179219  -1313.10910745  -1313.02731526
      9146     9146.000       340.34      0.08406723  -1313.10980616  -1313.02573893
      9147     9147.000       380.23      0.09392172  -1313.11320863  -1313.01928691
      9148     9148.000       367.30      0.09072696  -1313.11169669  -1313.02096974
      9149     9149.000       358.51      0.08855519  -1313.11162697  -1313.02307178
      9150     9150.000       311.90      0.07704247  -1313.10802620  -1313.03098373
      9151     9151.000       278.35      0.06875479  -1313.10515696  -1313.03640217
      9152     9152.000       329.47      0.08138161  -1313.10962388  -1313.02824227
      9153     9153.000       350.40      0.08655330  -1313.11061283  -1313.02405954
      9154     9154.000       374.05      0.09239446  -1313.11251194  -1313.02011748
      9155     9155.000       367.17      0.09069490  -1313.11222992  -1313.02153501
      9156     9156.000       316.39      0.07815306  -1313.10791661  -1313.02976355
      9157     9157.000       321.77      0.07948099  -1313.10882159  -1313.02934060
      9158     9158.000       337.03      0.08324983  -1313.10975934  -1313.02650951
      9159     9159.000       360.25      0.08898639  -1313.11131742  -1313.02233102
      9160     9160.000       386.44      0.09545550  -1313.11348885  -1313.01803335
      9161     9161.000       372.10      0.09191339  -1313.11231697  -1313.02040359
      9162     9162.000       344.62      0.08512609  -1313.11005124  -1313.02492515
      9163     9163.000       346.06      0.08548119  -1313.11068072  -1313.02519953
      9164     9164.000       323.47      0.07990191  -1313.10862618  -1313.02872427
      9165     9165.000       336.95      0.08322930  -1313.10975492  -1313.02652562
      9166     9166.000       356.98      0.08817767  -1313.11142627  -1313.02324860
      9167     9167.000       353.00      0.08719600  -1313.11056433  -1313.02336833
      9168     9168.000       376.92      0.09310444  -1313.11292719  -1313.01982275
      9169     9169.000       355.77      0.08788009  -1313.11096372  -1313.02308363
      9170     9170.000       344.16      0.08501173  -1313.11024004  -1313.02522831
      9171     9171.000       339.49      0.08385696  -1313.11004395  -1313.02618700
      9172     9172.000       335.78      0.08294081  -1313.10955601  -1313.02661520
      9173     9173.000       352.25      0.08701020  -1313.11096174  -1313.02395155
      9174     9174.000       354.08      0.08746220  -1313.11105646  -1313.02359426
      9175     9175.000       336.03      0.08300287  -1313.10977903  -1313.02677617
      9176     9176.000       318.53      0.07868106  -1313.10840367  -1313.02972261
      9177     9177.000       317.91      0.07852794  -1313.10846740  -1313.02993947
      9178     9178.000       329.33      0.08134891  -1313.10911400  -1313.02776509
      9179     9179.000       362.32      0.08949786  -1313.11173956  -1313.02224169
      9180     9180.000       361.47      0.08928808  -1313.11163124  -1313.02234316
      9181     9181.000       339.06      0.08375071  -1313.10982549  -1313.02607478
      9182     9182.000       326.19      0.08057189  -1313.10908220  -1313.02851030
      9183     9183.000       325.79      0.08047423  -1313.10877913  -1313.02830490
      9184     9184.000       355.08      0.08770892  -1313.11124641  -1313.02353749
      9185     9185.000       359.89      0.08889740  -1313.11141558  -1313.02251818
      9186     9186.000       341.03      0.08423851  -1313.11021963  -1313.02598112
      9187     9187.000       306.34      0.07566924  -1313.10753510  -1313.03186586
      9188     9188.000       302.86      0.07481097  -1313.10724162  -1313.03243065
      9189     9189.000       328.47      0.08113472  -1313.10927331  -1313.02813859
      9190     9190.000       358.38      0.08852432  -1313.11115697  -1313.02263265
      9191     9191.000       383.34      0.09469036  -1313.11345221  -1313.01876185
      9192     9192.000       349.30      0.08628193  -1313.11047568  -1313.02419375
      9193     9193.000       321.63      0.07944679  -1313.10877911  -1313.02933232
      9194     9194.000       296.34      0.07319967  -1313.10690540  -1313.03370573
      9195     9195.000       285.89      0.07061822  -1313.10610761  -1313.03548939
      9196     9196.000       303.29      0.07491534  -1313.10742592  -1313.03251057
      9197     9197.000       329.27      0.08133364  -1313.10924483  -1313.02791120
      9198     9198.000       358.20      0.08847902  -1313.11128167  -1313.02280265
      9199     9199.000       389.38      0.09618224  -1313.11346059  -1313.01727835
      9200     9200.000       395.31      0.09764503  -1313.11406152  -1313.01641649
      9201     9201.000       373.90      0.09235715  -1313.11203537  -1313.01967822
      9202     9202.000       379.58      0.09376100  -1313.11304921  -1313.01928821
      9203     9203.000       364.81      0.09011284  -1313.11130820  -1313.02119536
      9204     9204.000       397.15      0.09810135  -1313.11408784  -1313.01598649
      9205     9205.000       417.59      0.10314823  -1313.11557568  -1313.01242746
      9206     9206.000       402.29      0.09936996  -1313.11413671  -1313.01476675
      9207     9207.000       396.06      0.09783188  -1313.11416414  -1313.01633225
      9208     9208.000       354.58      0.08758409  -1313.11079569  -1313.02321160
      9209     9209.000       344.66      0.08513451  -1313.11011617  -1313.02498165
      9210     9210.000       379.27      0.09368284  -1313.11280423  -1313.01912139
      9211     9211.000       407.13      0.10056580  -1313.11456915  -1313.01400335
      9212     9212.000       441.73      0.10911222  -1313.11714705  -1313.00803482
      9213     9213.000       446.52      0.11029663  -1313.11770243  -1313.00740580
      9214     9214.000       405.72      0.10021727  -1313.11422266  -1313.01400540
      9215     9215.000       399.72      0.09873600  -1313.11423134  -1313.01549534
      9216     9216.000       389.71      0.09626281  -1313.11341934  -1313.01715653
      9217     9217.000       382.68      0.09452632  -1313.11271050  -1313.01818417
      9218     9218.000       400.02      0.09881027  -1313.11455948  -1313.01574921
      9219     9219.000       366.22      0.09046029  -1313.11161048  -1313.02115019
      9220     9220.000       348.72      0.08613674  -1313.11056873  -1313.02443199
      9221     9221.000       338.70      0.08366152  -1313.11012023  -1313.02645871
      9222     9222.000       309.90      0.07654931  -1313.10747530  -1313.03092598
      9223     9223.000       336.05      0.08300860  -1313.10989472  -1313.02688612
      9224     9224.000       348.03      0.08596754  -1313.11054800  -1313.02458046
      9225     9225.000       363.82      0.08986774  -1313.11144402  -1313.02157629
      9226     9226.000       397.02      0.09806772  -1313.11426980  -1313.01620208
      9227     9227.000       386.13      0.09537964  -1313.11308937  -1313.01770973
      9228     9228.000       382.03      0.09436517  -1313.11278669  -1313.01842151
      9229     9229.000       388.73      0.09602029  -1313.11360735  -1313.01758706
      9230     9230.000       365.12      0.09018961  -1313.11149602  -1313.02130641
      9231     9231.000       365.38      0.09025254  -1313.11181011  -1313.02155757
      9232     9232.000       357.90      0.08840504  -1313.11142564  -1313.02302061
      9233     9233.000       331.15      0.08179824  -1313.10894657  -1313.02714832
      9234     9234.000       355.64      0.08784776  -1313.11129844  -1313.02345068
      9235     9235.000       360.63      0.08908044  -1313.11134899  -1313.02226856
      9236     9236.000       374.81      0.09258222  -1313.11236628  -1313.01978407
      9237     9237.000       381.27      0.09417687  -1313.11324591  -1313.01906904
      9238     9238.000       333.06      0.08226872  -1313.10924802  -1313.02697930
      9239     9239.000       311.96      0.07705748  -1313.10806720  -1313.03100973
      9240     9240.000       299.25      0.07391858  -1313.10705919  -1313.03314060
      9241     9241.000       308.03      0.07608784  -1313.10761298  -1313.03152514
      9242     9242.000       347.32      0.08579240  -1313.11061727  -1313.02482486
      9243     9243.000       364.86      0.09012565  -1313.11183448  -1313.02170883
      9244     9244.000       362.35      0.08950453  -1313.11144855  -1313.02194401
      9245     9245.000       364.29      0.08998356  -1313.11186103  -1313.02187747
      9246     9246.000       344.13      0.08500292  -1313.11010700  -1313.02510408
      9247     9247.000       350.14      0.08648868  -1313.11058870  -1313.02410003
      9248     9248.000       372.56      0.09202674  -1313.11243610  -1313.02040935
      9249     9249.000       369.07      0.09116542  -1313.11189136  -1313.02072594
      9250     9250.000       368.22      0.09095525  -1313.11208524  -1313.02112999
      9251     9251.000       347.13      0.08574553  -1313.11048409  -1313.02473856
      9252     9252.000       323.82      0.07998610  -1313.10867569  -1313.02868959
      9253     9253.000       331.90      0.08198365  -1313.10949482  -1313.02751117
      9254     9254.000       343.79      0.08491966  -1313.11012139  -1313.02520173
      9255     9255.000       367.03      0.09065994  -1313.11191979  -1313.02125984
      9256     9256.000       387.43      0.09570076  -1313.11322861  -1313.01752785
      9257     9257.000       400.45      0.09891689  -1313.11433499  -1313.01541810
      9258     9258.000       394.57      0.09746336  -1313.11371552  -1313.01625216
      9259     9259.000       385.41      0.09520136  -1313.11321599  -1313.01801463
      9260     9260.000       361.04      0.08918045  -1313.11149067  -1313.02231022
      9261     9261.000       332.94      0.08224090  -1313.10930734  -1313.02706644
      9262     9262.000       328.88      0.08123792  -1313.10940090  -1313.02816298
      9263     9263.000       310.69      0.07674455  -1313.10774432  -1313.03099976
      9264     9264.000       310.70      0.07674629  -1313.10810647  -1313.03136019
      9265     9265.000       304.05      0.07510354  -1313.10745180  -1313.03234826
      9266     9266.000       291.85      0.07208901  -1313.10667186  -1313.03458285
      9267     9267.000       285.82      0.07059958  -1313.10608010  -1313.03548052
      9268     9268.000       296.59      0.07326192  -1313.10709239  -1313.03383047
      9269     9269.000       302.48      0.07471645  -1313.10735162  -1313.03263516
      9270     9270.000       311.71      0.07699687  -1313.10801267  -1313.03101580
      9271     9271.000       313.19      0.07736044  -1313.10837337  -1313.03101293
      9272     9272.000       291.85      0.07209002  -1313.10625910  -1313.03416908
      9273     9273.000       312.50      0.07718995  -1313.10833197  -1313.03114201
      9274     9274.000       318.24      0.07860835  -1313.10831183  -1313.02970348
      9275     9275.000       337.13      0.08327517  -1313.10982000  -1313.02654483
      9276     9276.000       357.38      0.08827800  -1313.11136689  -1313.02308889
      9277     9277.000       351.11      0.08672859  -1313.11060576  -1313.02387717
      9278     9278.000       365.24      0.09021921  -1313.11180601  -1313.02158679
      9279     9279.000       370.14      0.09142838  -1313.11218104  -1313.02075266
      9280     9280.000       358.34      0.08851289  -1313.11119489  -1313.02268201
      9281     9281.000       356.23      0.08799358  -1313.11110587  -1313.02311229
      9282     9282.000       357.27      0.08824990  -1313.11117450  -1313.02292460
      9283     9283.000       372.45      0.09199812  -1313.11201453  -1313.02001641
      9284     9284.000       410.04      0.10128511  -1313.11518351  -1313.01389840
      9285     9285.000       403.08      0.09956469  -1313.11434259  -1313.01477790
      9286     9286.000       382.68      0.09452706  -1313.11292772  -1313.01840066
      9287     9287.000       362.56      0.08955682  -1313.11168408  -1313.02212725
      9288     9288.000       338.52      0.08361739  -1313.10942287  -1313.02580548
      9289     9289.000       376.49      0.09299764  -1313.11271950  -1313.01972186
      9290     9290.000       391.46      0.09669449  -1313.11366127  -1313.01696678
      9291     9291.000       387.69      0.09576428  -1313.11314045  -1313.01737617
      9292     9292.000       393.41      0.09717787  -1313.11404950  -1313.01687163
      9293     9293.000       356.65      0.08809622  -1313.11075183  -1313.02265561
      9294     9294.000       364.06      0.08992816  -1313.11170358  -1313.02177542
      9295     9295.000       372.05      0.09189995  -1313.11242301  -1313.02052305
      9296     9296.000       347.87      0.08592872  -1313.11038384  -1313.02445512
      9297     9297.000       336.01      0.08299932  -1313.10980660  -1313.02680728
      9298     9298.000       316.23      0.07811248  -1313.10835219  -1313.03023970
      9299     9299.000       307.71      0.07600864  -1313.10734506  -1313.03133642
      9300     9300.000       359.85      0.08888598  -1313.11156183  -1313.02267586
      9301     9301.000       388.50      0.09596396  -1313.11351959  -1313.01755563
      9302     9302.000       394.50      0.09744599  -1313.11353389  -1313.01608790
      9303     9303.000       408.77      0.10097162  -1313.11525010  -1313.01427848
      9304     9304.000       371.51      0.09176660  -1313.11167784  -1313.01991124
      9305     9305.000       387.66      0.09575636  -1313.11340576  -1313.01764939
      9306     9306.000       397.93      0.09829415  -1313.11416333  -1313.01586918
      9307     9307.000       382.75      0.09454369  -1313.11276287  -1313.01821918
      9308     9308.000       378.12      0.09339912  -1313.11290213  -1313.01950301
      9309     9309.000       342.01      0.08448053  -1313.11001327  -1313.02553274
      9310     9310.000       319.15      0.07883413  -1313.10840751  -1313.02957338
      9311     9311.000       320.24      0.07910305  -1313.10872128  -1313.02961823
      9312     9312.000       311.20      0.07686934  -1313.10792474  -1313.03105540
      9313     9313.000       321.41      0.07939162  -1313.10854892  -1313.02915731
      9314     9314.000       349.06      0.08622133  -1313.11087124  -1313.02464991
      9315     9315.000       352.63      0.08710307  -1313.11060965  -1313.02350658
      9316     9316.000       382.21      0.09440927  -1313.11306634  -1313.01865707
      9317     9317.000       384.46      0.09496532  -1313.11326222  -1313.01829690
      9318     9318.000       365.96      0.09039689  -1313.11142545  -1313.02102856
      9319     9319.000       382.08      0.09437799  -1313.11320627  -1313.01882828
      9320     9320.000       368.75      0.09108471  -1313.11174511  -1313.02066041
      9321     9321.000       379.52      0.09374514  -1313.11270906  -1313.01896392
      9322     9322.000       394.53      0.09745457  -1313.11396023  -1313.01650566
      9323     9323.000       379.23      0.09367472  -1313.11252314  -1313.01884842
      9324     9324.000       383.83      0.09480915  -1313.11313113  -1313.01832198
      9325     9325.000       380.29      0.09393653  -1313.11276319  -1313.01882666
      9326     9326.000       375.22      0.09268441  -1313.11227022  -1313.01958581
      9327     9327.000       397.13      0.09809663  -1313.11400877  -1313.01591214
      9328     9328.000       406.22      0.10034063  -1313.11471227  -1313.01437164
      9329     9329.000       397.74      0.09824732  -1313.11377084  -1313.01552352
      9330     9330.000       405.81      0.10024068  -1313.11482409  -1313.01458341
      9331     9331.000       382.28      0.09442780  -1313.11279848  -1313.01837068
      9332     9332.000       371.08      0.09166216  -1313.11202582  -1313.02036366
      9333     9333.000       372.88      0.09210499  -1313.11248770  -1313.02038272
      9334     9334.000       353.87      0.08741049  -1313.11056799  -1313.02315751
      9335     9335.000       376.32      0.09295580  -1313.11282620  -1313.01987040
      9336     9336.000       371.98      0.09188350  -1313.11209930  -1313.02021580
      9337     9337.000       363.78      0.08985738  -1313.11164724  -1313.02178986
      9338     9338.000       360.48      0.08904282  -1313.11142445  -1313.02238163
      9339     9339.000       352.91      0.08717198  -1313.11086521  -1313.02369323
      9340     9340.000       354.88      0.08765859  -1313.11088485  -1313.02322626
      9341     9341.000       374.25      0.09244327  -1313.11245953  -1313.02001626
      9342     9342.000       384.98      0.09509417  -1313.11313155  -1313.01803738
      9343     9343.000       384.72      0.09502989  -1313.11310186  -1313.01807197
      9344     9344.000       370.76      0.09158294  -1313.11238533  -1313.02080239
      9345     9345.000       324.17      0.08007263  -1313.10858129  -1313.02850866
      9346     9346.000       311.46      0.07693509  -1313.10812302  -1313.03118793
      9347     9347.000       307.65      0.07599209  -1313.10756558  -1313.03157348
      9348     9348.000       328.06      0.08103343  -1313.10917425  -1313.02814081
      9349     9349.000       349.45      0.08631811  -1313.11081521  -1313.02449711
      9350     9350.000       343.57      0.08486528  -1313.11017291  -1313.02530763
      9351     9351.000       347.18      0.08575817  -1313.11050589  -1313.02474772
      9352     9352.000       350.43      0.08655986  -1313.11066968  -1313.02410982
      9353     9353.000       359.59      0.08882164  -1313.11142272  -1313.02260108
      9354     9354.000       355.25      0.08775139  -1313.11112872  -1313.02337733
      9355     9355.000       333.19      0.08230172  -1313.10961999  -1313.02731827
      9356     9356.000       300.58      0.07424648  -1313.10710282  -1313.03285634
      9357     9357.000       295.23      0.07292458  -1313.10676607  -1313.03384149
      9358     9358.000       323.56      0.07992234  -1313.10886478  -1313.02894244
      9359     9359.000       356.35      0.08802164  -1313.11103473  -1313.02301309
      9360     9360.000       393.78      0.09726758  -1313.11392459  -1313.01665701
      9361     9361.000       392.54      0.09696186  -1313.11372719  -1313.01676533
      9362     9362.000       375.82      0.09283119  -1313.11238813  -1313.01955695
      9363     9363.000       364.09      0.08993393  -1313.11167528  -1313.02174135
      9364     9364.000       358.91      0.08865579  -1313.11116693  -1313.02251114
      9365     9365.000       376.64      0.09303513  -1313.11249986  -1313.01946474
      9366     9366.000       399.64      0.09871465  -1313.11416908  -1313.01545443
      9367     9367.000       405.97      0.10027998  -1313.11475410  -1313.01447412
      9368     9368.000       379.31      0.09369332  -1313.11261450  -1313.01892118
      9369     9369.000       356.88      0.08815277  -1313.11132134  -1313.02316857
      9370     9370.000       323.06      0.07979905  -1313.10850685  -1313.02870780
      9371     9371.000       340.24      0.08404238  -1313.10987534  -1313.02583296
      9372     9372.000       380.76      0.09405139  -1313.11300081  -1313.01894941
      9373     9373.000       406.75      0.10047144  -1313.11449328  -1313.01402184
      9374     9374.000       429.27      0.10603465  -1313.11659867  -1313.01056401
      9375     9375.000       387.59      0.09573900  -1313.11320834  -1313.01746934
      9376     9376.000       345.13      0.08524997  -1313.11024221  -1313.02499224
      9377     9377.000       324.26      0.08009640  -1313.10879923  -1313.02870283
      9378     9378.000       325.32      0.08035764  -1313.10893318  -1313.02857554
      9379     9379.000       342.86      0.08469111  -1313.11012006  -1313.02542895
      9380     9380.000       366.54      0.09054041  -1313.11208685  -1313.02154644
      9381     9381.000       359.46      0.08879125  -1313.11119330  -1313.02240205
      9382     9382.000       369.31      0.09122350  -1313.11199999  -1313.02077649
      9383     9383.000       376.91      0.09310155  -1313.11276555  -1313.01966400
      9384     9384.000       363.18      0.08970860  -1313.11137873  -1313.02167013
      9385     9385.000       365.99      0.09040461  -1313.11216874  -1313.02176413
      9386     9386.000       320.72      0.07922256  -1313.10844503  -1313.02922247
      9387     9387.000       302.35      0.07468384  -1313.10722694  -1313.03254310
      9388     9388.000       317.36      0.07839059  -1313.10847212  -1313.03008152
      9389     9389.000       336.86      0.08320877  -1313.10955027  -1313.02634150
      9390     9390.000       382.81      0.09455821  -1313.11322008  -1313.01866186
      9391     9391.000       387.51      0.09571932  -1313.11347772  -1313.01775840
      9392     9392.000       351.16      0.08674049  -1313.11061483  -1313.02387434
      9393     9393.000       330.93      0.08174249  -1313.10937824  -1313.02763574
      9394     9394.000       316.37      0.07814795  -1313.10824586  -1313.03009790
      9395     9395.000       333.68      0.08242328  -1313.10931829  -1313.02689501
      9396     9396.000       384.41      0.09495443  -1313.11340544  -1313.01845101
      9397     9397.000       390.36      0.09642298  -1313.11337761  -1313.01695463
      9398     9398.000       397.48      0.09818133  -1313.11403735  -1313.01585603
      9399     9399.000       385.77      0.09529040  -1313.11349765  -1313.01820725
      9400     9400.000       331.78      0.08195379  -1313.10900341  -1313.02704962
      9401     9401.000       323.17      0.07982603  -1313.10907011  -1313.02924408
      9402     9402.000       306.31      0.07566102  -1313.10742702  -1313.03176600
      9403     9403.000       321.52      0.07941875  -1313.10850764  -1313.02908889
      9404     9404.000       370.48      0.09151300  -1313.11236092  -1313.02084792
      9405     9405.000       386.69      0.09551697  -1313.11313919  -1313.01762222
      9406     9406.000       402.36      0.09938656  -1313.11446105  -1313.01507449
      9407     9407.000       392.53      0.09695975  -1313.11375186  -1313.01679211
      9408     9408.000       363.94      0.08989852  -1313.11142221  -1313.02152369
      9409     9409.000       367.70      0.09082677  -1313.11187088  -1313.02104411
      9410     9410.000       377.29      0.09319565  -1313.11269946  -1313.01950381
      9411     9411.000       384.26      0.09491595  -1313.11273561  -1313.01781966
      9412     9412.000       416.65      0.10291679  -1313.11575081  -1313.01283402
      9413     9413.000       393.86      0.09728862  -1313.11363722  -1313.01634861
      9414     9414.000       368.00      0.09089960  -1313.11187908  -1313.02097948
      9415     9415.000       347.18      0.08575853  -1313.11065307  -1313.02489454
      9416     9416.000       321.84      0.07949863  -1313.10825258  -1313.02875396
      9417     9417.000       364.65      0.09007226  -1313.11191129  -1313.02183902
      9418     9418.000       394.13      0.09735417  -1313.11375910  -1313.01640493
      9419     9419.000       410.12      0.10130372  -1313.11488840  -1313.01358468
      9420     9420.000       416.55      0.10289187  -1313.11545868  -1313.01256681
      9421     9421.000       391.40      0.09668089  -1313.11354016  -1313.01685927
      9422     9422.000       374.81      0.09258187  -1313.11222205  -1313.01964017
      9423     9423.000       375.09      0.09265065  -1313.11263641  -1313.01998576
      9424     9424.000       354.24      0.08750144  -1313.11081104  -1313.02330961
      9425     9425.000       352.24      0.08700835  -1313.11084227  -1313.02383392
      9426     9426.000       353.90      0.08741728  -1313.11102076  -1313.02360348
      9427     9427.000       349.81      0.08640791  -1313.11051188  -1313.02410398
      9428     9428.000       367.38      0.09074808  -1313.11204713  -1313.02129905
      9429     9429.000       370.04      0.09140486  -1313.11201566  -1313.02061079
      9430     9430.000       375.44      0.09273725  -1313.11242639  -1313.01968914
      9431     9431.000       382.38      0.09445191  -1313.11308739  -1313.01863548
      9432     9432.000       361.07      0.08918900  -1313.11146563  -1313.02227663
      9433     9433.000       334.69      0.08267332  -1313.10960187  -1313.02692856
      9434     9434.000       314.91      0.07778582  -1313.10816535  -1313.03037953
      9435     9435.000       323.28      0.07985479  -1313.10862930  -1313.02877451
      9436     9436.000       362.09      0.08943924  -1313.11168033  -1313.02224109
      9437     9437.000       384.44      0.09496030  -1313.11310467  -1313.01814436
      9438     9438.000       382.88      0.09457458  -1313.11325311  -1313.01867853
      9439     9439.000       344.12      0.08500177  -1313.11007134  -1313.02506957
      9440     9440.000       334.42      0.08260559  -1313.10943910  -1313.02683351
      9441     9441.000       365.52      0.09028785  -1313.11163790  -1313.02135006
      9442     9442.000       417.92      0.10323115  -1313.11546565  -1313.01223451
      9443     9443.000       447.39      0.11051134  -1313.11777999  -1313.00726865
      9444     9444.000       417.36      0.10309298  -1313.11540401  -1313.01231103
      9445     9445.000       362.90      0.08963979  -1313.11153374  -1313.02189395
      9446     9446.000       323.92      0.08001087  -1313.10860479  -1313.02859392
      9447     9447.000       333.13      0.08228622  -1313.10939380  -1313.02710758
      9448     9448.000       374.81      0.09258302  -1313.11232859  -1313.01974557
      9449     9449.000       416.18      0.10280040  -1313.11557258  -1313.01277218
      9450     9450.000       411.10      0.10154644  -1313.11492122  -1313.01337478
      9451     9451.000       393.32      0.09715555  -1313.11377934  -1313.01662379
      9452     9452.000       360.89      0.08914414  -1313.11139759  -1313.02225345
      9453     9453.000       346.79      0.08566135  -1313.11013076  -1313.02446941
      9454     9454.000       376.48      0.09299550  -1313.11279336  -1313.01979786
      9455     9455.000       389.51      0.09621458  -1313.11318550  -1313.01697093
      9456     9456.000       422.29      0.10431110  -1313.11588494  -1313.01157384
      9457     9457.000       428.60      0.10586823  -1313.11628360  -1313.01041537
      9458     9458.000       406.85      0.10049560  -1313.11446280  -1313.01396721
      9459     9459.000       399.31      0.09863443  -1313.11427942  -1313.01564499
      9460     9460.000       371.12      0.09167033  -1313.11206775  -1313.02039743
      9461     9461.000       355.38      0.08778178  -1313.11095004  -1313.02316826
      9462     9462.000       360.02      0.08892835  -1313.11151703  -1313.02258867
      9463     9463.000       345.83      0.08542398  -1313.11027963  -1313.02485565
      9464     9464.000       350.53      0.08658400  -1313.11064783  -1313.02406383
      9465     9465.000       361.51      0.08929713  -1313.11169137  -1313.02239423
      9466     9466.000       354.57      0.08758228  -1313.11068575  -1313.02310347
      9467     9467.000       386.96      0.09558295  -1313.11339645  -1313.01781350
      9468     9468.000       398.00      0.09831164  -1313.11420188  -1313.01589024
      9469     9469.000       381.19      0.09415819  -1313.11256971  -1313.01841153
      9470     9470.000       379.52      0.09374555  -1313.11321787  -1313.01947232
      9471     9471.000       324.62      0.08018442  -1313.10848724  -1313.02830282
      9472     9472.000       324.78      0.08022418  -1313.10888888  -1313.02866470
      9473     9473.000       350.06      0.08646979  -1313.11087683  -1313.02440704
      9474     9474.000       354.53      0.08757229  -1313.11069269  -1313.02312040
      9475     9475.000       390.38      0.09642723  -1313.11379479  -1313.01736756
      9476     9476.000       383.59      0.09475128  -1313.11309896  -1313.01834767
      9477     9477.000       361.64      0.08932885  -1313.11127888  -1313.02195003
      9478     9478.000       365.33      0.09024152  -1313.11194809  -1313.02170656
      9479     9479.000       345.88      0.08543709  -1313.11029084  -1313.02485375
      9480     9480.000       343.20      0.08477487  -1313.10999838  -1313.02522350
      9481     9481.000       364.73      0.09009289  -1313.11208424  -1313.02199135
      9482     9482.000       343.70      0.08489783  -1313.10989174  -1313.02499392
      9483     9483.000       356.39      0.08803174  -1313.11133526  -1313.02330352
      9484     9484.000       348.08      0.08597876  -1313.11068801  -1313.02470925
      9485     9485.000       324.64      0.08018960  -1313.10846530  -1313.02827571
      9486     9486.000       361.09      0.08919385  -1313.11170246  -1313.02250861
      9487     9487.000       379.81      0.09381747  -1313.11256391  -1313.01874645
      9488     9488.000       423.00      0.10448455  -1313.11571070  -1313.01122615
      9489     9489.000       457.38      0.11297813  -1313.11860140  -1313.00562328
      9490     9490.000       421.39      0.10408690  -1313.11545922  -1313.01137232
      9491     9491.000       388.75      0.09602464  -1313.11348670  -1313.01746206
      9492     9492.000       343.73      0.08490438  -1313.11024060  -1313.02533622
      9493     9493.000       311.34      0.07690407  -1313.10760867  -1313.03070460
      9494     9494.000       337.40      0.08334122  -1313.11003372  -1313.02669250
      9495     9495.000       345.77      0.08541017  -1313.11039144  -1313.02498127
      9496     9496.000       347.91      0.08593776  -1313.11045463  -1313.02451688
      9497     9497.000       356.55      0.08807125  -1313.11138210  -1313.02331085
      9498     9498.000       331.91      0.08198483  -1313.10924876  -1313.02726393
      9499     9499.000       340.53      0.08411441  -1313.10986131  -1313.02574690
      9500     9500.000       370.30      0.09146732  -1313.11234161  -1313.02087429
      9501     9501.000       375.45      0.09274043  -1313.11217521  -1313.01943477
      9502     9502.000       398.58      0.09845439  -1313.11438157  -1313.01592718
      9503     9503.000       376.48      0.09299592  -1313.11246881  -1313.01947289
      9504     9504.000       357.99      0.08842736  -1313.11102141  -1313.02259405
      9505     9505.000       368.01      0.09090346  -1313.11211365  -1313.02121019
      9506     9506.000       370.49      0.09151542  -1313.11183383  -1313.02031841
      9507     9507.000       394.91      0.09754614  -1313.11410219  -1313.01655605
      9508     9508.000       380.87      0.09407932  -1313.11284218  -1313.01876286
      9509     9509.000       341.96      0.08446735  -1313.11019380  -1313.02572645
      9510     9510.000       306.31      0.07566199  -1313.10747097  -1313.03180897
      9511     9511.000       299.08      0.07387510  -1313.10708155  -1313.03320644
      9512     9512.000       317.45      0.07841394  -1313.10825865  -1313.02984471
      9513     9513.000       361.52      0.08930068  -1313.11163435  -1313.02233366
      9514     9514.000       381.40      0.09421073  -1313.11295628  -1313.01874555
      9515     9515.000       380.03      0.09387131  -1313.11278826  -1313.01891696
      9516     9516.000       361.45      0.08928117  -1313.11166191  -1313.02238074
      9517     9517.000       331.29      0.08183241  -1313.10907384  -1313.02724143
      9518     9518.000       338.11      0.08351818  -1313.11001360  -1313.02649542
      9519     9519.000       347.26      0.08577836  -1313.11021556  -1313.02443720
      9520     9520.000       378.17      0.09341121  -1313.11296804  -1313.01955683
      9521     9521.000       366.99      0.09065179  -1313.11194094  -1313.02128914
      9522     9522.000       334.04      0.08251060  -1313.10949973  -1313.02698912
      9523     9523.000       304.64      0.07524914  -1313.10763467  -1313.03238554
      9524     9524.000       282.42      0.06976080  -1313.10558825  -1313.03582745
      9525     9525.000       318.74      0.07873160  -1313.10861469  -1313.02988309
      9526     9526.000       355.21      0.08773975  -1313.11106601  -1313.02332626
      9527     9527.000       378.50      0.09349366  -1313.11278926  -1313.01929560
      9528     9528.000       379.48      0.09373565  -1313.11282287  -1313.01908722
      9529     9529.000       354.60      0.08758943  -1313.11098875  -1313.02339932
      9530     9530.000       339.49      0.08385748  -1313.10973286  -1313.02587538
      9531     9531.000       357.37      0.08827371  -1313.11128728  -1313.02301357
      9532     9532.000       371.42      0.09174591  -1313.11218425  -1313.02043834
      9533     9533.000       387.12      0.09562281  -1313.11318170  -1313.01755889
      9534     9534.000       401.25      0.09911309  -1313.11447984  -1313.01536675
      9535     9535.000       388.81      0.09604042  -1313.11303945  -1313.01699903
      9536     9536.000       404.73      0.09997175  -1313.11481580  -1313.01484404
      9537     9537.000       377.85      0.09333316  -1313.11256169  -1313.01922853
      9538     9538.000       345.18      0.08526358  -1313.11027882  -1313.02501524
      9539     9539.000       324.94      0.08026488  -1313.10910747  -1313.02884259
      9540     9540.000       295.99      0.07311289  -1313.10649414  -1313.03338125
      9541     9541.000       331.19      0.08180670  -1313.10949060  -1313.02768390
      9542     9542.000       364.85      0.09012145  -1313.11173376  -1313.02161231
      9543     9543.000       390.24      0.09639439  -1313.11347858  -1313.01708419
      9544     9544.000       411.84      0.10173011  -1313.11508378  -1313.01335368
      9545     9545.000       412.53      0.10189989  -1313.11499129  -1313.01309140
      9546     9546.000       415.22      0.10256477  -1313.11506880  -1313.01250404
      9547     9547.000       430.45      0.10632629  -1313.11654240  -1313.01021611
      9548     9548.000       407.97      0.10077197  -1313.11463510  -1313.01386312
      9549     9549.000       382.05      0.09437086  -1313.11287825  -1313.01850739
      9550     9550.000       357.13      0.08821529  -1313.11142678  -1313.02321149
      9551     9551.000       311.81      0.07702064  -1313.10752116  -1313.03050051
      9552     9552.000       326.26      0.08059099  -1313.10933427  -1313.02874328
      9553     9553.000       315.04      0.07781920  -1313.10820168  -1313.03038248
      9554     9554.000       312.01      0.07707009  -1313.10790439  -1313.03083431
      9555     9555.000       327.50      0.08089564  -1313.10937838  -1313.02848274
      9556     9556.000       320.56      0.07918280  -1313.10833882  -1313.02915602
      9557     9557.000       352.03      0.08695525  -1313.11086496  -1313.02390972
      9558     9558.000       380.22      0.09391812  -1313.11293884  -1313.01902072
      9559     9559.000       383.78      0.09479824  -1313.11296012  -1313.01816188
      9560     9560.000       382.72      0.09453663  -1313.11311049  -1313.01857385
      9561     9561.000       359.64      0.08883418  -1313.11137496  -1313.02254078
      9562     9562.000       337.69      0.08341325  -1313.10955544  -1313.02614218
      9563     9563.000       357.13      0.08821464  -1313.11127906  -1313.02306442
      9564     9564.000       367.73      0.09083431  -1313.11195466  -1313.02112035
      9565     9565.000       380.21      0.09391601  -1313.11264498  -1313.01872897
      9566     9566.000       396.58      0.09795877  -1313.11429631  -1313.01633754
      9567     9567.000       363.91      0.08988956  -1313.11142293  -1313.02153337
      9568     9568.000       351.31      0.08677736  -1313.11082375  -1313.02404639
      9569     9569.000       334.89      0.08272143  -1313.10966948  -1313.02694805
      9570     9570.000       327.49      0.08089278  -1313.10878057  -1313.02788779
      9571     9571.000       367.75      0.09083784  -1313.11212174  -1313.02128390
      9572     9572.000       398.22      0.09836517  -1313.11387241  -1313.01550724
      9573     9573.000       435.03      0.10745671  -1313.11682114  -1313.00936443
      9574     9574.000       438.01      0.10819318  -1313.11681605  -1313.00862287
      9575     9575.000       413.67      0.10218039  -1313.11519507  -1313.01301468
      9576     9576.000       386.65      0.09550811  -1313.11303361  -1313.01752550
      9577     9577.000       385.85      0.09530819  -1313.11318070  -1313.01787251
      9578     9578.000       389.37      0.09617925  -1313.11337805  -1313.01719880
      9579     9579.000       398.24      0.09837019  -1313.11404152  -1313.01567133
      9580     9580.000       395.95      0.09780393  -1313.11407172  -1313.01626778
      9581     9581.000       368.26      0.09096368  -1313.11170472  -1313.02074104
      9582     9582.000       362.30      0.08949187  -1313.11172682  -1313.02223495
      9583     9583.000       349.49      0.08632740  -1313.11040222  -1313.02407482
      9584     9584.000       361.68      0.08934008  -1313.11163498  -1313.02229490
      9585     9585.000       364.63      0.09006724  -1313.11165385  -1313.02158661
      9586     9586.000       360.69      0.08909523  -1313.11148287  -1313.02238765
      9587     9587.000       356.59      0.08808148  -1313.11112320  -1313.02304173
      9588     9588.000       363.23      0.08972252  -1313.11146025  -1313.02173773
      9589     9589.000       381.90      0.09433427  -1313.11305073  -1313.01871646
      9590     9590.000       385.24      0.09515896  -1313.11297955  -1313.01782059
      9591     9591.000       392.10      0.09685425  -1313.11391281  -1313.01705857
      9592     9592.000       359.56      0.08881646  -1313.11116048  -1313.02234402
      9593     9593.000       342.18      0.08452342  -1313.11012880  -1313.02560538
      9594     9594.000       342.06      0.08449385  -1313.11013772  -1313.02564387
      9595     9595.000       341.76      0.08441750  -1313.11001401  -1313.02559650
      9596     9596.000       352.68      0.08711717  -1313.11104130  -1313.02392413
      9597     9597.000       334.72      0.08268014  -1313.10972643  -1313.02704629
      9598     9598.000       296.77      0.07330560  -1313.10695206  -1313.03364647
      9599     9599.000       271.23      0.06699606  -1313.10514908  -1313.03815301
      9600     9600.000       260.41      0.06432349  -1313.10444656  -1313.04012307
      9601     9601.000       268.45      0.06631110  -1313.10477147  -1313.03846037
      9602     9602.000       313.33      0.07739630  -1313.10833642  -1313.03094011
      9603     9603.000       342.81      0.08467783  -1313.11014499  -1313.02546717
      9604     9604.000       371.93      0.09187200  -1313.11218989  -1313.02031789
      9605     9605.000       393.72      0.09725332  -1313.11413179  -1313.01687847
      9606     9606.000       355.11      0.08771687  -1313.11081001  -1313.02309314
      9607     9607.000       331.98      0.08200365  -1313.10960468  -1313.02760103
      9608     9608.000       297.58      0.07350619  -1313.10691004  -1313.03340385
      9609     9609.000       293.79      0.07256823  -1313.10648429  -1313.03391607
      9610     9610.000       342.59      0.08462464  -1313.11041263  -1313.02578799
      9611     9611.000       364.69      0.09008230  -1313.11166622  -1313.02158392
      9612     9612.000       377.32      0.09320158  -1313.11266812  -1313.01946654
      9613     9613.000       366.96      0.09064359  -1313.11201038  -1313.02136680
      9614     9614.000       333.43      0.08236009  -1313.10936029  -1313.02700021
      9615     9615.000       326.31      0.08060318  -1313.10884745  -1313.02824428
      9616     9616.000       349.94      0.08643883  -1313.11087863  -1313.02443980
      9617     9617.000       360.98      0.08916709  -1313.11108530  -1313.02191822
      9618     9618.000       409.93      0.10125681  -1313.11509556  -1313.01383875
      9619     9619.000       421.69      0.10416102  -1313.11578737  -1313.01162635
      9620     9620.000       406.71      0.10046223  -1313.11444167  -1313.01397944
      9621     9621.000       400.53      0.09893472  -1313.11454403  -1313.01560931
      9622     9622.000       355.05      0.08770033  -1313.11061368  -1313.02291334
      9623     9623.000       361.59      0.08931653  -1313.11152118  -1313.02220465
      9624     9624.000       375.19      0.09267726  -1313.11248467  -1313.01980742
      9625     9625.000       381.62      0.09426552  -1313.11278895  -1313.01852342
      9626     9626.000       388.15      0.09587784  -1313.11359778  -1313.01771994
      9627     9627.000       355.34      0.08777356  -1313.11107044  -1313.02329689
      9628     9628.000       319.96      0.07903326  -1313.10838142  -1313.02934816
      9629     9629.000       321.60      0.07943864  -1313.10873215  -1313.02929351
      9630     9630.000       329.95      0.08150035  -1313.10925999  -1313.02775964
      9631     9631.000       352.09      0.08696901  -1313.11073792  -1313.02376891
      9632     9632.000       378.91      0.09359534  -1313.11306412  -1313.01946878
      9633     9633.000       358.26      0.08849473  -1313.11095586  -1313.02246112
      9634     9634.000       372.18      0.09193230  -1313.11228336  -1313.02035106
      9635     9635.000       380.82      0.09406569  -1313.11296366  -1313.01889797
      9636     9636.000       375.57      0.09276915  -1313.11223649  -1313.01946734
      9637     9637.000       384.94      0.09508511  -1313.11350033  -1313.01841522
      9638     9638.000       345.46      0.08533147  -1313.11015623  -1313.02482476
      9639     9639.000       324.50      0.08015458  -1313.10884207  -1313.02868750
      9640     9640.000       324.51      0.08015814  -1313.10891297  -1313.02875483
      9641     9641.000       330.14      0.08154765  -1313.10917370  -1313.02762605
      9642     9642.000       352.57      0.08708989  -1313.11096674  -1313.02387684
      9643     9643.000       363.17      0.08970702  -1313.11166796  -1313.02196094
      9644     9644.000       351.37      0.08679249  -1313.11082799  -1313.02403550
      9645     9645.000       335.01      0.08275203  -1313.10948995  -1313.02673792
      9646     9646.000       328.79      0.08121475  -1313.10939129  -1313.02817654
      9647     9647.000       318.96      0.07878602  -1313.10816721  -1313.02938119
      9648     9648.000       349.56      0.08634548  -1313.11090542  -1313.02455994
      9649     9649.000       357.97      0.08842203  -1313.11116666  -1313.02274463
      9650     9650.000       370.27      0.09146148  -1313.11206099  -1313.02059951
      9651     9651.000       381.41      0.09421293  -1313.11306203  -1313.01884910
      9652     9652.000       368.22      0.09095471  -1313.11173800  -1313.02078329
      9653     9653.000       375.56      0.09276829  -1313.11261130  -1313.01984300
      9654     9654.000       374.20      0.09243150  -1313.11225369  -1313.01982219
      9655     9655.000       370.84      0.09160270  -1313.11228827  -1313.02068557
      9656     9656.000       351.31      0.08677664  -1313.11066933  -1313.02389269
      9657     9657.000       330.24      0.08157194  -1313.10949687  -1313.02792493
      9658     9658.000       296.88      0.07333315  -1313.10669819  -1313.03336503
      9659     9659.000       306.14      0.07561910  -1313.10758724  -1313.03196813
      9660     9660.000       333.71      0.08243019  -1313.10959507  -1313.02716488
      9661     9661.000       365.04      0.09017011  -1313.11153746  -1313.02136734
      9662     9662.000       411.07      0.10153915  -1313.11523151  -1313.01369236
      9663     9663.000       411.91      0.10174731  -1313.11490890  -1313.01316159
      9664     9664.000       410.18      0.10131947  -1313.11490157  -1313.01358210
      9665     9665.000       405.95      0.10027324  -1313.11462959  -1313.01435635
      9666     9666.000       385.41      0.09520157  -1313.11309293  -1313.01789136
      9667     9667.000       372.43      0.09199482  -1313.11219490  -1313.02020008
      9668     9668.000       360.51      0.08905045  -1313.11156276  -1313.02251232
      9669     9669.000       333.90      0.08247620  -1313.10939984  -1313.02692364
      9670     9670.000       332.30      0.08208108  -1313.10942017  -1313.02733910
      9671     9671.000       338.59      0.08363646  -1313.10998809  -1313.02635163
      9672     9672.000       336.64      0.08315449  -1313.10953418  -1313.02637969
      9673     9673.000       358.48      0.08854939  -1313.11155447  -1313.02300508
      9674     9674.000       338.13      0.08352180  -1313.10989537  -1313.02637357
      9675     9675.000       307.01      0.07583436  -1313.10750300  -1313.03166864
      9676     9676.000       302.22      0.07465095  -1313.10756751  -1313.03291656
      9677     9677.000       286.71      0.07081976  -1313.10588816  -1313.03506840
      9678     9678.000       325.64      0.08043617  -1313.10903818  -1313.02860200
      9679     9679.000       361.93      0.08940182  -1313.11173600  -1313.02233418
      9680     9680.000       365.44      0.09026890  -1313.11160442  -1313.02133552
      9681     9681.000       374.37      0.09247316  -1313.11259684  -1313.02012368
      9682     9682.000       355.86      0.08790183  -1313.11103795  -1313.02313613
      9683     9683.000       341.05      0.08424432  -1313.10988985  -1313.02564554
      9684     9684.000       351.98      0.08694193  -1313.11097806  -1313.02403613
      9685     9685.000       340.18      0.08402936  -1313.11001001  -1313.02598065
      9686     9686.000       327.82      0.08097612  -1313.10895499  -1313.02797887
      9687     9687.000       335.87      0.08296247  -1313.10998932  -1313.02702684
      9688     9688.000       321.17      0.07933187  -1313.10824118  -1313.02890930
      9689     9689.000       356.40      0.08803376  -1313.11132860  -1313.02329484
      9690     9690.000       365.65      0.09031894  -1313.11195481  -1313.02163588
      9691     9691.000       352.49      0.08707004  -1313.11052874  -1313.02345870
      9692     9692.000       369.92      0.09137542  -1313.11238659  -1313.02101117
      9693     9693.000       357.96      0.08841935  -1313.11098067  -1313.02256132
      9694     9694.000       376.22      0.09293038  -1313.11245896  -1313.01952859
      9695     9695.000       398.48      0.09842999  -1313.11432372  -1313.01589373
      9696     9696.000       379.58      0.09376016  -1313.11258335  -1313.01882318
      9697     9697.000       375.35      0.09271484  -1313.11241601  -1313.01970118
      9698     9698.000       375.05      0.09264100  -1313.11258685  -1313.01994585
      9699     9699.000       356.98      0.08817881  -1313.11088322  -1313.02270442
      9700     9700.000       374.49      0.09250348  -1313.11256736  -1313.02006389
      9701     9701.000       362.53      0.08954875  -1313.11173183  -1313.02218308
      9702     9702.000       331.24      0.08181916  -1313.10901596  -1313.02719680
      9703     9703.000       336.66      0.08315765  -1313.11009376  -1313.02693610
      9704     9704.000       312.86      0.07727873  -1313.10781189  -1313.03053316
      9705     9705.000       326.21      0.08057872  -1313.10899490  -1313.02841617
      9706     9706.000       342.54      0.08461089  -1313.11046970  -1313.02585881
      9707     9707.000       326.07      0.08054263  -1313.10865082  -1313.02810820
      9708     9708.000       349.30      0.08628134  -1313.11087970  -1313.02459836
      9709     9709.000       352.04      0.08695669  -1313.11075071  -1313.02379402
      9710     9710.000       356.19      0.08798274  -1313.11101160  -1313.02302886
      9711     9711.000       375.08      0.09264825  -1313.11254406  -1313.01989581
      9712     9712.000       371.21      0.09169372  -1313.11217421  -1313.02048049
      9713     9713.000       366.90      0.09062747  -1313.11176465  -1313.02113718
      9714     9714.000       366.84      0.09061473  -1313.11207829  -1313.02146355
      9715     9715.000       334.02      0.08250771  -1313.10941835  -1313.02691064
      9716     9716.000       323.54      0.07991705  -1313.10873259  -1313.02881554
      9717     9717.000       330.47      0.08162941  -1313.10947087  -1313.02784145
      9718     9718.000       333.42      0.08235772  -1313.10911912  -1313.02676140
      9719     9719.000       380.32      0.09394274  -1313.11319127  -1313.01924853
      9720     9720.000       380.09      0.09388733  -1313.11271333  -1313.01882600
      9721     9721.000       369.70      0.09131998  -1313.11205682  -1313.02073684
      9722     9722.000       358.32      0.08850909  -1313.11136916  -1313.02286008
      9723     9723.000       338.44      0.08359762  -1313.10961663  -1313.02601901
      9724     9724.000       356.48      0.08805413  -1313.11125889  -1313.02320476
      9725     9725.000       368.57      0.09104112  -1313.11196857  -1313.02092745
      9726     9726.000       368.30      0.09097507  -1313.11202456  -1313.02104949
      9727     9727.000       359.47      0.08879341  -1313.11126083  -1313.02246742
      9728     9728.000       354.12      0.08747233  -1313.11106774  -1313.02359542
      9729     9729.000       345.03      0.08522671  -1313.11008606  -1313.02485936
      9730     9730.000       358.37      0.08852189  -1313.11152553  -1313.02300363
      9731     9731.000       345.79      0.08541294  -1313.11029182  -1313.02487888
      9732     9732.000       336.73      0.08317596  -1313.10967848  -1313.02650253
      9733     9733.000       343.03      0.08473305  -1313.11025506  -1313.02552200
      9734     9734.000       345.77      0.08540881  -1313.11027065  -1313.02486185
      9735     9735.000       358.43      0.08853541  -1313.11141313  -1313.02287772
      9736     9736.000       352.12      0.08697661  -1313.11079171  -1313.02381511
      9737     9737.000       343.61      0.08487582  -1313.11025064  -1313.02537482
      9738     9738.000       337.28      0.08331100  -1313.10970598  -1313.02639498
      9739     9739.000       344.80      0.08517005  -1313.11032971  -1313.02515966
      9740     9740.000       359.16      0.08871598  -1313.11126565  -1313.02254967
      9741     9741.000       375.82      0.09283063  -1313.11248048  -1313.01964985
      9742     9742.000       389.62      0.09624005  -1313.11356222  -1313.01732217
      9743     9743.000       380.50      0.09398761  -1313.11271770  -1313.01873008
      9744     9744.000       373.44      0.09224316  -1313.11239344  -1313.02015028
      9745     9745.000       351.85      0.08690974  -1313.11083074  -1313.02392100
      9746     9746.000       333.08      0.08227356  -1313.10934750  -1313.02707395
      9747     9747.000       342.01      0.08447998  -1313.11020377  -1313.02572378
      9748     9748.000       346.59      0.08561207  -1313.11039046  -1313.02477839
      9749     9749.000       354.36      0.08753022  -1313.11100045  -1313.02347023
      9750     9750.000       353.60      0.08734374  -1313.11107128  -1313.02372755
      9751     9751.000       332.92      0.08223395  -1313.10947810  -1313.02724416
      9752     9752.000       310.07      0.07659179  -1313.10780625  -1313.03121445
      9753     9753.000       304.15      0.07512765  -1313.10759164  -1313.03246399
      9754     9754.000       294.56      0.07275914  -1313.10665965  -1313.03390051
      9755     9755.000       309.07      0.07634329  -1313.10785436  -1313.03151107
      9756     9756.000       318.31      0.07862516  -1313.10866137  -1313.03003621
      9757     9757.000       310.14      0.07660764  -1313.10764112  -1313.03103349
      9758     9758.000       329.54      0.08140088  -1313.10952803  -1313.02812715
      9759     9759.000       320.38      0.07913748  -1313.10844280  -1313.02930532
      9760     9760.000       330.83      0.08171946  -1313.10933431  -1313.02761485
      9761     9761.000       339.03      0.08374310  -1313.11010744  -1313.02636434
      9762     9762.000       328.26      0.08108401  -1313.10894064  -1313.02785663
      9763     9763.000       341.58      0.08437346  -1313.11021269  -1313.02583923
      9764     9764.000       344.52      0.08510077  -1313.11027654  -1313.02517577
      9765     9765.000       348.89      0.08617977  -1313.11048717  -1313.02430740
      9766     9766.000       367.34      0.09073749  -1313.11196379  -1313.02122630
      9767     9767.000       368.59      0.09104555  -1313.11200777  -1313.02096222
      9768     9768.000       367.53      0.09078399  -1313.11177732  -1313.02099333
      9769     9769.000       374.88      0.09259868  -1313.11269555  -1313.02009686
      9770     9770.000       343.28      0.08479321  -1313.10999093  -1313.02519772
      9771     9771.000       337.07      0.08326046  -1313.10974209  -1313.02648163
      9772     9772.000       331.97      0.08199998  -1313.10962779  -1313.02762781
      9773     9773.000       310.55      0.07670888  -1313.10760513  -1313.03089625
      9774     9774.000       324.62      0.08018471  -1313.10919671  -1313.02901201
      9775     9775.000       307.53      0.07596366  -1313.10759143  -1313.03162777
      9776     9776.000       307.85      0.07604167  -1313.10757634  -1313.03153466
      9777     9777.000       336.86      0.08320713  -1313.10997964  -1313.02677251
      9778     9778.000       344.21      0.08502412  -1313.11005021  -1313.02502609
      9779     9779.000       370.75      0.09157893  -1313.11238174  -1313.02080281
      9780     9780.000       364.98      0.09015468  -1313.11180077  -1313.02164608
      9781     9781.000       336.40      0.08309537  -1313.10960000  -1313.02650462
      9782     9782.000       329.58      0.08140969  -1313.10930326  -1313.02789356
      9783     9783.000       316.54      0.07819000  -1313.10845021  -1313.03026022
      9784     9784.000       303.06      0.07485883  -1313.10716387  -1313.03230504
      9785     9785.000       320.95      0.07927811  -1313.10890439  -1313.02962628
      9786     9786.000       318.17      0.07859249  -1313.10830440  -1313.02971191
      9787     9787.000       338.48      0.08360758  -1313.10973996  -1313.02613238
      9788     9788.000       371.97      0.09187967  -1313.11256849  -1313.02068881
      9789     9789.000       361.92      0.08939827  -1313.11115520  -1313.02175693
      9790     9790.000       376.00      0.09287704  -1313.11281800  -1313.01994096
      9791     9791.000       358.03      0.08843637  -1313.11109203  -1313.02265567
      9792     9792.000       345.85      0.08542947  -1313.11031855  -1313.02488907
      9793     9793.000       347.94      0.08594468  -1313.11063353  -1313.02468885
      9794     9794.000       334.60      0.08264888  -1313.10954418  -1313.02689531
      9795     9795.000       332.22      0.08206295  -1313.10942213  -1313.02735919
      9796     9796.000       335.93      0.08297786  -1313.10971493  -1313.02673707
      9797     9797.000       337.53      0.08337291  -1313.10976961  -1313.02639670
      9798     9798.000       347.72      0.08589160  -1313.11043324  -1313.02454163
      9799     9799.000       358.35      0.08851691  -1313.11154645  -1313.02302954
      9800     9800.000       340.81      0.08418496  -1313.10974157  -1313.02555661
      9801     9801.000       347.81      0.08591414  -1313.11075633  -1313.02484220
      9802     9802.000       339.62      0.08388905  -1313.10982290  -1313.02593384
      9803     9803.000       345.78      0.08541223  -1313.11029005  -1313.02487783
      9804     9804.000       363.05      0.08967733  -1313.11181435  -1313.02213702
      9805     9805.000       352.73      0.08712949  -1313.11062762  -1313.02349814
      9806     9806.000       370.69      0.09156410  -1313.11225030  -1313.02068620
      9807     9807.000       381.05      0.09412353  -1313.11275441  -1313.01863088
      9808     9808.000       390.05      0.09634723  -1313.11349477  -1313.01714754
      9809     9809.000       391.11      0.09660851  -1313.11363318  -1313.01702467
      9810     9810.000       365.10      0.09018439  -1313.11177550  -1313.02159111
      9811     9811.000       335.26      0.08281300  -1313.10948636  -1313.02667336
      9812     9812.000       328.29      0.08109172  -1313.10915876  -1313.02806704
      9813     9813.000       333.74      0.08243774  -1313.10948546  -1313.02704773
      9814     9814.000       351.84      0.08690820  -1313.11068964  -1313.02378144
      9815     9815.000       375.91      0.09285524  -1313.11273054  -1313.01987531
      9816     9816.000       365.78      0.09035291  -1313.11161023  -1313.02125733
      9817     9817.000       367.14      0.09068668  -1313.11199666  -1313.02130998
      9818     9818.000       353.75      0.08738144  -1313.11096159  -1313.02358015
      9819     9819.000       335.91      0.08297359  -1313.10951522  -1313.02654163
      9820     9820.000       341.14      0.08426660  -1313.11025779  -1313.02599119
      9821     9821.000       328.74      0.08120244  -1313.10895860  -1313.02775617
      9822     9822.000       344.54      0.08510571  -1313.11034888  -1313.02524317
      9823     9823.000       364.54      0.09004558  -1313.11159478  -1313.02154920
      9824     9824.000       390.47      0.09645017  -1313.11360340  -1313.01715323
      9825     9825.000       395.29      0.09764149  -1313.11392184  -1313.01628035
      9826     9826.000       371.58      0.09178390  -1313.11224081  -1313.02045691
      9827     9827.000       330.13      0.08154516  -1313.10927620  -1313.02773103
      9828     9828.000       301.05      0.07436273  -1313.10706660  -1313.03270387
      9829     9829.000       306.73      0.07576538  -1313.10773881  -1313.03197343
      9830     9830.000       315.89      0.07802812  -1313.10816078  -1313.03013266
      9831     9831.000       332.33      0.08208995  -1313.10969538  -1313.02760543
      9832     9832.000       320.86      0.07925696  -1313.10852681  -1313.02926985
      9833     9833.000       323.86      0.07999720  -1313.10888709  -1313.02888990
      9834     9834.000       335.13      0.08278043  -1313.10949242  -1313.02671199
      9835     9835.000       370.78      0.09158679  -1313.11209660  -1313.02050980
      9836     9836.000       407.38      0.10062778  -1313.11484157  -1313.01421379
      9837     9837.000       417.74      0.10318736  -1313.11530649  -1313.01211913
      9838     9838.000       418.24      0.10330901  -1313.11565945  -1313.01235044
      9839     9839.000       387.96      0.09582938  -1313.11313744  -1313.01730806
      9840     9840.000       373.45      0.09224716  -1313.11231846  -1313.02007131
      9841     9841.000       363.87      0.08987917  -1313.11158591  -1313.02170675
      9842     9842.000       362.01      0.08942028  -1313.11150310  -1313.02208281
      9843     9843.000       358.16      0.08846971  -1313.11132670  -1313.02285700
      9844     9844.000       350.58      0.08659599  -1313.11056743  -1313.02397144
      9845     9845.000       358.56      0.08856808  -1313.11132749  -1313.02275942
      9846     9846.000       367.34      0.09073749  -1313.11178396  -1313.02104648
      9847     9847.000       382.68      0.09452634  -1313.11302578  -1313.01849944
      9848     9848.000       386.06      0.09536102  -1313.11317883  -1313.01781780
      9849     9849.000       375.62      0.09278122  -1313.11254821  -1313.01976699
      9850     9850.000       349.96      0.08644333  -1313.11061608  -1313.02417275
      9851     9851.000       336.95      0.08323100  -1313.10968537  -1313.02645437
      9852     9852.000       331.99      0.08200429  -1313.10949263  -1313.02748834
      9853     9853.000       330.86      0.08172682  -1313.10911008  -1313.02738326
      9854     9854.000       349.76      0.08639466  -1313.11098796  -1313.02459330
      9855     9855.000       333.66      0.08241707  -1313.10942319  -1313.02700612
      9856     9856.000       320.26      0.07910894  -1313.10870960  -1313.02960066
      9857     9857.000       295.29      0.07294066  -1313.10693249  -1313.03399183
      9858     9858.000       268.11      0.06622559  -1313.10472422  -1313.03849863
      9859     9859.000       281.41      0.06951032  -1313.10599164  -1313.03648132
      9860     9860.000       301.03      0.07435677  -1313.10716033  -1313.03280356
      9861     9861.000       329.03      0.08127378  -1313.10934044  -1313.02806666
      9862     9862.000       349.44      0.08631680  -1313.11063372  -1313.02431692
      9863     9863.000       354.28      0.08751015  -1313.11112729  -1313.02361714
      9864     9864.000       345.48      0.08533692  -1313.11005452  -1313.02471760
      9865     9865.000       367.51      0.09077992  -1313.11210935  -1313.02132944
      9866     9866.000       371.13      0.09167436  -1313.11200073  -1313.02032636
      9867     9867.000       383.37      0.09469648  -1313.11300950  -1313.01831302
      9868     9868.000       384.63      0.09500825  -1313.11333791  -1313.01832966
      9869     9869.000       352.27      0.08701361  -1313.11048835  -1313.02347474
      9870     9870.000       354.60      0.08759073  -1313.11115072  -1313.02355999
      9871     9871.000       350.61      0.08660534  -1313.11055891  -1313.02395358
      9872     9872.000       364.38      0.09000633  -1313.11166841  -1313.02166208
      9873     9873.000       382.13      0.09439112  -1313.11309910  -1313.01870797
      9874     9874.000       367.01      0.09065666  -1313.11184326  -1313.02118660
      9875     9875.000       348.54      0.08609438  -1313.11052965  -1313.02443527
      9876     9876.000       337.02      0.08324723  -1313.10982544  -1313.02657821
      9877     9877.000       328.01      0.08102262  -1313.10896787  -1313.02794525
      9878     9878.000       351.37      0.08679229  -1313.11071678  -1313.02392449
      9879     9879.000       386.94      0.09557800  -1313.11340381  -1313.01782581
      9880     9880.000       404.25      0.09985372  -1313.11427113  -1313.01441742
      9881     9881.000       428.00      0.10571993  -1313.11637622  -1313.01065629
      9882     9882.000       406.79      0.10048243  -1313.11465600  -1313.01417357
      9883     9883.000       376.35      0.09296344  -1313.11231100  -1313.01934755
      9884     9884.000       368.37      0.09099183  -1313.11214226  -1313.02115044
      9885     9885.000       347.26      0.08577719  -1313.11017818  -1313.02440099
      9886     9886.000       365.60      0.09030680  -1313.11181610  -1313.02150930
      9887     9887.000       374.63      0.09253671  -1313.11258282  -1313.02004611
      9888     9888.000       352.89      0.08716878  -1313.11076380  -1313.02359502
      9889     9889.000       333.29      0.08232540  -1313.10965660  -1313.02733120
      9890     9890.000       301.02      0.07435646  -1313.10713788  -1313.03278143
      9891     9891.000       289.24      0.07144462  -1313.10628172  -1313.03483710
      9892     9892.000       314.49      0.07768141  -1313.10818324  -1313.03050183
      9893     9893.000       346.16      0.08550584  -1313.11046543  -1313.02495958
      9894     9894.000       373.40      0.09223314  -1313.11222704  -1313.01999390
      9895     9895.000       393.58      0.09721756  -1313.11406211  -1313.01684456
      9896     9896.000       363.89      0.08988504  -1313.11142634  -1313.02154130
      9897     9897.000       357.25      0.08824472  -1313.11123811  -1313.02299339
      9898     9898.000       339.96      0.08397456  -1313.11015533  -1313.02618077
      9899     9899.000       308.37      0.07617022  -1313.10751613  -1313.03134590
      9900     9900.000       304.64      0.07524959  -1313.10781127  -1313.03256169
      9901     9901.000       275.61      0.06807940  -1313.10529135  -1313.03721195
      9902     9902.000       275.33      0.06800943  -1313.10544447  -1313.03743504
      9903     9903.000       299.04      0.07386514  -1313.10708212  -1313.03321698
      9904     9904.000       333.61      0.08240489  -1313.10952763  -1313.02712274
      9905     9905.000       372.92      0.09211467  -1313.11232395  -1313.02020927
      9906     9906.000       399.59      0.09870384  -1313.11435405  -1313.01565022
      9907     9907.000       382.35      0.09444368  -1313.11288871  -1313.01844503
      9908     9908.000       361.82      0.08937465  -1313.11148473  -1313.02211008
      9909     9909.000       342.85      0.08468666  -1313.11015423  -1313.02546757
      9910     9910.000       342.01      0.08448062  -1313.10980986  -1313.02532924
      9911     9911.000       387.12      0.09562394  -1313.11345547  -1313.01783153
      9912     9912.000       407.10      0.10055877  -1313.11459900  -1313.01404023
      9913     9913.000       413.42      0.10211959  -1313.11524382  -1313.01312424
      9914     9914.000       385.51      0.09522410  -1313.11327139  -1313.01804729
      9915     9915.000       334.73      0.08268261  -1313.10944709  -1313.02676448
      9916     9916.000       312.28      0.07713558  -1313.10794512  -1313.03080954
      9917     9917.000       324.54      0.08016528  -1313.10875959  -1313.02859431
      9918     9918.000       361.66      0.08933478  -1313.11148426  -1313.02214948
      9919     9919.000       401.77      0.09924155  -1313.11432714  -1313.01508559
      9920     9920.000       420.44      0.10385282  -1313.11584914  -1313.01199632
      9921     9921.000       390.29      0.09640487  -1313.11340924  -1313.01700438
      9922     9922.000       363.65      0.08982462  -1313.11154629  -1313.02172167
      9923     9923.000       353.21      0.08724776  -1313.11085839  -1313.02361064
      9924     9924.000       362.69      0.08958957  -1313.11130908  -1313.02171951
      9925     9925.000       402.92      0.09952548  -1313.11465052  -1313.01512503
      9926     9926.000       400.05      0.09881751  -1313.11418844  -1313.01537093
      9927     9927.000       371.78      0.09183422  -1313.11221793  -1313.02038371
      9928     9928.000       340.81      0.08418375  -1313.11001634  -1313.02583258
      9929     9929.000       320.28      0.07911368  -1313.10841976  -1313.02930607
      9930     9930.000       333.83      0.08246098  -1313.10949324  -1313.02703226
      9931     9931.000       357.37      0.08827455  -1313.11139454  -1313.02311999
      9932     9932.000       350.41      0.08655523  -1313.11072129  -1313.02416605
      9933     9933.000       335.27      0.08281425  -1313.10961731  -1313.02680306
      9934     9934.000       318.02      0.07855519  -1313.10859522  -1313.03004003
      9935     9935.000       293.53      0.07250550  -1313.10638024  -1313.03387474
      9936     9936.000       314.09      0.07758258  -1313.10849758  -1313.03091500
      9937     9937.000       306.38      0.07567842  -1313.10752487  -1313.03184645
      9938     9938.000       309.25      0.07638867  -1313.10775443  -1313.03136576
      9939     9939.000       329.28      0.08133674  -1313.10944008  -1313.02810334
      9940     9940.000       332.00      0.08200676  -1313.10913368  -1313.02712692
      9941     9941.000       372.14      0.09192339  -1313.11231312  -1313.02038973
      9942     9942.000       396.03      0.09782376  -1313.11410331  -1313.01627955
      9943     9943.000       383.72      0.09478198  -1313.11289407  -1313.01811210
      9944     9944.000       374.93      0.09261133  -1313.11253568  -1313.01992436
      9945     9945.000       343.36      0.08481319  -1313.11029443  -1313.02548124
      9946     9946.000       314.47      0.07767723  -1313.10776254  -1313.03008531
      9947     9947.000       340.86      0.08419716  -1313.11037212  -1313.02617496
      9948     9948.000       341.44      0.08434057  -1313.10984878  -1313.02550821
      9949     9949.000       368.99      0.09114553  -1313.11194374  -1313.02079821
      9950     9950.000       398.32      0.09838917  -1313.11447749  -1313.01608832
      9951     9951.000       361.76      0.08935966  -1313.11121913  -1313.02185947
      9952     9952.000       353.40      0.08729341  -1313.11097531  -1313.02368189
      9953     9953.000       337.49      0.08336311  -1313.10993781  -1313.02657471
      9954     9954.000       323.29      0.07985631  -1313.10830472  -1313.02844841
      9955     9955.000       370.93      0.09162312  -1313.11256000  -1313.02093689
      9956     9956.000       367.12      0.09068236  -1313.11182821  -1313.02114585
      9957     9957.000       356.45      0.08804664  -1313.11103729  -1313.02299065
      9958     9958.000       345.70      0.08539251  -1313.11068307  -1313.02529056
      9959     9959.000       303.31      0.07492098  -1313.10699531  -1313.03207433
      9960     9960.000       323.87      0.07999874  -1313.10886895  -1313.02887022
      9961     9961.000       357.70      0.08835548  -1313.11134977  -1313.02299429
      9962     9962.000       371.67      0.09180562  -1313.11199713  -1313.02019151
      9963     9963.000       399.76      0.09874533  -1313.11437773  -1313.01563240
      9964     9964.000       379.74      0.09379892  -1313.11282932  -1313.01903040
      9965     9965.000       351.78      0.08689347  -1313.11041924  -1313.02352577
      9966     9966.000       364.80      0.09011095  -1313.11209861  -1313.02198766
      9967     9967.000       337.31      0.08331816  -1313.10939720  -1313.02607904
      9968     9968.000       357.23      0.08823937  -1313.11120330  -1313.02296394
      9969     9969.000       377.17      0.09316494  -1313.11285058  -1313.01968564
      9970     9970.000       360.66      0.08908587  -1313.11101451  -1313.02192864
      9971     9971.000       379.64      0.09377441  -1313.11315762  -1313.01938322
      9972     9972.000       349.62      0.08636028  -1313.11053161  -1313.02417133
      9973     9973.000       320.35      0.07912998  -1313.10846548  -1313.02933550
      9974     9974.000       320.58      0.07918706  -1313.10873006  -1313.02954300
      9975     9975.000       311.60      0.07696881  -1313.10788417  -1313.03091536
      9976     9976.000       327.65      0.08093292  -1313.10902009  -1313.02808718
      9977     9977.000       354.05      0.08745448  -1313.11128933  -1313.02383485
      9978     9978.000       340.33      0.08406511  -1313.10974444  -1313.02567934
      9979     9979.000       350.77      0.08664497  -1313.11082788  -1313.02418291
      9980     9980.000       345.75      0.08540485  -1313.11050883  -1313.02510399
      9981     9981.000       329.62      0.08142021  -1313.10887633  -1313.02745612
      9982     9982.000       352.14      0.08698255  -1313.11121462  -1313.02423207
      9983     9983.000       337.68      0.08341131  -1313.10960958  -1313.02619827
      9984     9984.000       338.45      0.08360063  -1313.10983443  -1313.02623379
      9985     9985.000       349.56      0.08634430  -1313.11074232  -1313.02439801
      9986     9986.000       351.66      0.08686367  -1313.11057642  -1313.02371275
      9987     9987.000       384.70      0.09502641  -1313.11312549  -1313.01809908
      9988     9988.000       414.19      0.10230867  -1313.11522495  -1313.01291628
      9989     9989.000       419.46      0.10361165  -1313.11548770  -1313.01187604
      9990     9990.000       415.42      0.10261249  -1313.11525548  -1313.01264299
      9991     9991.000       394.57      0.09746445  -1313.11387274  -1313.01640828
      9992     9992.000       367.34      0.09073610  -1313.11161104  -1313.02087494
      9993     9993.000       372.90      0.09210945  -1313.11231219  -1313.02020274
      9994     9994.000       381.90      0.09433272  -1313.11287495  -1313.01854223
      9995     9995.000       394.40      0.09742147  -1313.11366006  -1313.01623859
      9996     9996.000       410.52      0.10140348  -1313.11509223  -1313.01368875
      9997     9997.000       396.69      0.09798706  -1313.11378950  -1313.01580244
      9998     9998.000       388.03      0.09584843  -1313.11344231  -1313.01759388
      9999     9999.000       370.32      0.09147427  -1313.11195411  -1313.02047985
     10000    10000.000       359.60      0.08882586  -1313.11137055  -1313.02254469
