
**********************************************************************
*                                                                    *
*                        M   A   P   L   E                           *
*                                                                    *
*      MAchine-learning Potential for Landscape Exploration          *
*                                                                    *
*                                                                    *
*      © 2025 University of Pittsburgh. All rights reserved.         *
*      Licensed under CC BY 4.0 for academic use.                    *
*                                                                    *
*      Principal Developer:  Xujian Wang                             *
*                                                                    *
**********************************************************************


Parsing # commands...
Global parameter: model = uma
Task set to 'opt'
Global parameter: device = gpu0
Parsed configuration:
----------------------------------------
Task: opt
model          : uma
method         : sdcg
device         : gpu0

                             Coordinates                              
**********************************************************************

Group 1 (inline)
--------------------
1    C             -0.778126            -1.067561             0.321059
2    C              1.302553             0.052120            -0.028299
3    C             -0.971993             1.456249             0.823657
4    C              1.981229            -0.418433             1.250175
5    C              2.264033             0.435168            -1.133107
6    N              0.291164            -0.876821            -0.500399
7    N             -2.019163            -1.372006            -0.233112
8    O             -1.664734             1.630223            -0.401837
9    H             -2.258632             0.870139            -0.475899
10   H              0.027849            -0.678312            -1.458495
11   H             -0.609759            -1.367856             1.341178
12   H              0.681264             0.918300             0.286941
13   H             -2.573263            -2.057361             0.257412
14   H             -2.052428            -1.504542            -1.233823
15   H             -0.368993             2.351392             0.991747
16   H             -1.639609             1.294215             1.674653
17   H              2.764449             0.291462             1.522846
18   H              1.725114             0.730695            -2.037794
19   H              2.435593            -1.406098             1.134215
20   H              1.273005            -0.447224             2.080579
21   H              2.850345             1.298697            -0.814322
22   H              2.960009            -0.368806            -1.388910

======================================================================
SDCG Parameters
======================================================================
mode:              SD+CG
max_step:          0.2
max_iter:          256
sd_enabled:        True
cg_enabled:        True
sd_max_iter:       50
cg_switch_fmax:    0.0
cg_restart_thresh: 0.2
cg_beta_method:    prp+
diis_enabled:      True
diis_store_every:  5
diis_memory:       6
write_traj:        False
traj_every:        1
verbose:           1
======================================================================

  Auto cg_switch_fmax = 0.024294 (0.5 * initial max_f = 0.048587)

----------------------------------------------------------------------
                          Iteration: 1 [SD]                           


                             Coordinates                              
----------------------------------------------------------------------
0    C               -0.7788              -1.0578               0.3220
1    C                1.3046               0.0514              -0.0285
2    C               -0.9796               1.4494               0.8249
3    C                1.9817              -0.4190               1.2489
4    C                2.2650               0.4341              -1.1335
5    N                0.2922              -0.8786              -0.5009
6    N               -2.0170              -1.3711              -0.2321
7    O               -1.6648               1.6300              -0.4014
8    H               -2.2584               0.8708              -0.4762
9    H                0.0276              -0.6779              -1.4580
10   H               -0.6097              -1.3683               1.3410
11   H                0.6825               0.9184               0.2859
12   H               -2.5728              -2.0567               0.2575
13   H               -2.0518              -1.5045              -1.2335
14   H               -0.3685               2.3500               0.9916
15   H               -1.6403               1.2956               1.6743
16   H                2.7643               0.2912               1.5228
17   H                1.7252               0.7306              -2.0375
18   H                2.4355              -1.4060               1.1342
19   H                1.2729              -0.4474               2.0803
20   H                2.8504               1.2983              -0.8144
21   H                2.9598              -0.3688              -1.3889


Energy:                 -383.529243 Convergence criteria  Is converged 
Maximum Force:             0.047339     0.002850  No
RMS Force:                 0.014253     0.001900  No
Maximum Displacement:      0.009717     0.003150  No
RMS Displacement:          0.003254     0.002100  No

----------------------------------------------------------------------
                          Iteration: 2 [SD]                           


                             Coordinates                              
----------------------------------------------------------------------
0    C               -0.7795              -1.0484               0.3238
1    C                1.3061               0.0510              -0.0289
2    C               -0.9843               1.4442               0.8253
3    C                1.9821              -0.4194               1.2482
4    C                2.2658               0.4335              -1.1339
5    N                0.2934              -0.8801              -0.5012
6    N               -2.0154              -1.3702              -0.2316
7    O               -1.6652               1.6298              -0.4011
8    H               -2.2584               0.8712              -0.4768
9    H                0.0273              -0.6776              -1.4577
10   H               -0.6096              -1.3685               1.3404
11   H                0.6841               0.9182               0.2848
12   H               -2.5722              -2.0558               0.2577
13   H               -2.0510              -1.5043              -1.2329
14   H               -0.3690               2.3468               0.9913
15   H               -1.6422               1.2967               1.6750
16   H                2.7642               0.2909               1.5227
17   H                1.7253               0.7304              -2.0372
18   H                2.4355              -1.4061               1.1341
19   H                1.2730              -0.4476               2.0798
20   H                2.8504               1.2980              -0.8144
21   H                2.9598              -0.3690              -1.3890


Energy:                 -383.530119 Convergence criteria  Is converged 
Maximum Force:             0.046188     0.002850  No
RMS Force:                 0.013806     0.001900  No
Maximum Displacement:      0.009468     0.003150  No
RMS Displacement:          0.002851     0.002100  No

----------------------------------------------------------------------
                          Iteration: 3 [SD]                           


                             Coordinates                              
----------------------------------------------------------------------
0    C               -0.7803              -1.0391               0.3257
1    C                1.3072               0.0506              -0.0294
2    C               -0.9879               1.4395               0.8254
3    C                1.9825              -0.4197               1.2476
4    C                2.2665               0.4330              -1.1343
5    N                0.2946              -0.8813              -0.5013
6    N               -2.0140              -1.3693              -0.2311
7    O               -1.6659               1.6296              -0.4007
8    H               -2.2588               0.8714              -0.4776
9    H                0.0271              -0.6771              -1.4573
10   H               -0.6096              -1.3686               1.3398
11   H                0.6858               0.9179               0.2836
12   H               -2.5713              -2.0548               0.2579
13   H               -2.0501              -1.5040              -1.2322
14   H               -0.3697               2.3428               0.9910
15   H               -1.6447               1.2977               1.6760
16   H                2.7642               0.2907               1.5226
17   H                1.7254               0.7302              -2.0370
18   H                2.4355              -1.4062               1.1341
19   H                1.2731              -0.4478               2.0793
20   H                2.8505               1.2976              -0.8145
21   H                2.9599              -0.3694              -1.3892


Energy:                 -383.530952 Convergence criteria  Is converged 
Maximum Force:             0.045056     0.002850  No
RMS Force:                 0.013675     0.001900  No
Maximum Displacement:      0.009238     0.003150  No
RMS Displacement:          0.002761     0.002100  No

----------------------------------------------------------------------
                          Iteration: 4 [SD]                           


                             Coordinates                              
----------------------------------------------------------------------
0    C               -0.7810              -1.0301               0.3277
1    C                1.3081               0.0504              -0.0299
2    C               -0.9909               1.4350               0.8253
3    C                1.9828              -0.4200               1.2472
4    C                2.2672               0.4327              -1.1346
5    N                0.2957              -0.8823              -0.5013
6    N               -2.0128              -1.3682              -0.2306
7    O               -1.6666               1.6295              -0.4004
8    H               -2.2593               0.8715              -0.4786
9    H                0.0269              -0.6767              -1.4569
10   H               -0.6095              -1.3685               1.3391
11   H                0.6876               0.9176               0.2824
12   H               -2.5704              -2.0537               0.2582
13   H               -2.0492              -1.5037              -1.2315
14   H               -0.3706               2.3384               0.9906
15   H               -1.6473               1.2985               1.6771
16   H                2.7641               0.2904               1.5225
17   H                1.7255               0.7300              -2.0368
18   H                2.4356              -1.4065               1.1340
19   H                1.2732              -0.4480               2.0787
20   H                2.8507               1.2972              -0.8146
21   H                2.9601              -0.3698              -1.3894


Energy:                 -383.531773 Convergence criteria  Is converged 
Maximum Force:             0.043947     0.002850  No
RMS Force:                 0.013622     0.001900  No
Maximum Displacement:      0.009011     0.003150  No
RMS Displacement:          0.002735     0.002100  No

----------------------------------------------------------------------
                          Iteration: 5 [SD]                           


                             Coordinates                              
----------------------------------------------------------------------
0    C               -0.7818              -1.0213               0.3298
1    C                1.3090               0.0501              -0.0304
2    C               -0.9937               1.4305               0.8253
3    C                1.9831              -0.4203               1.2469
4    C                2.2678               0.4323              -1.1349
5    N                0.2967              -0.8831              -0.5013
6    N               -2.0118              -1.3669              -0.2301
7    O               -1.6675               1.6295              -0.4000
8    H               -2.2599               0.8716              -0.4796
9    H                0.0267              -0.6763              -1.4565
10   H               -0.6095              -1.3684               1.3385
11   H                0.6895               0.9174               0.2811
12   H               -2.5694              -2.0525               0.2585
13   H               -2.0481              -1.5034              -1.2309
14   H               -0.3714               2.3336               0.9903
15   H               -1.6500               1.2993               1.6782
16   H                2.7642               0.2902               1.5224
17   H                1.7257               0.7298              -2.0366
18   H                2.4357              -1.4068               1.1339
19   H                1.2733              -0.4482               2.0780
20   H                2.8509               1.2969              -0.8147
21   H                2.9604              -0.3703              -1.3896


Energy:                 -383.532589 Convergence criteria  Is converged 
Maximum Force:             0.042870     0.002850  No
RMS Force:                 0.013599     0.001900  No
Maximum Displacement:      0.008789     0.003150  No
RMS Displacement:          0.002724     0.002100  No

----------------------------------------------------------------------
                          Iteration: 6 [SD]                           


                             Coordinates                              
----------------------------------------------------------------------
0    C               -0.7826              -1.0128               0.3318
1    C                1.3098               0.0499              -0.0309
2    C               -0.9964               1.4260               0.8251
3    C                1.9835              -0.4205               1.2465
4    C                2.2685               0.4320              -1.1352
5    N                0.2976              -0.8838              -0.5011
6    N               -2.0108              -1.3655              -0.2296
7    O               -1.6685               1.6294              -0.3997
8    H               -2.2607               0.8716              -0.4807
9    H                0.0266              -0.6759              -1.4561
10   H               -0.6095              -1.3681               1.3379
11   H                0.6915               0.9171               0.2798
12   H               -2.5683              -2.0514               0.2589
13   H               -2.0470              -1.5030              -1.2302
14   H               -0.3721               2.3286               0.9900
15   H               -1.6528               1.3001               1.6792
16   H                2.7642               0.2900               1.5224
17   H                1.7258               0.7296              -2.0364
18   H                2.4359              -1.4071               1.1338
19   H                1.2734              -0.4484               2.0774
20   H                2.8511               1.2966              -0.8148
21   H                2.9607              -0.3708              -1.3898


Energy:                 -383.533402 Convergence criteria  Is converged 
Maximum Force:             0.041832     0.002850  No
RMS Force:                 0.013595     0.001900  No
Maximum Displacement:      0.008574     0.003150  No
RMS Displacement:          0.002720     0.002100  No

----------------------------------------------------------------------
                          Iteration: 7 [SD]                           


                             Coordinates                              
----------------------------------------------------------------------
0    C               -0.7835              -1.0044               0.3338
1    C                1.3105               0.0497              -0.0314
2    C               -0.9991               1.4214               0.8250
3    C                1.9838              -0.4208               1.2462
4    C                2.2691               0.4317              -1.1355
5    N                0.2985              -0.8844              -0.5010
6    N               -2.0100              -1.3639              -0.2291
7    O               -1.6696               1.6293              -0.3992
8    H               -2.2615               0.8716              -0.4820
9    H                0.0265              -0.6755              -1.4556
10   H               -0.6095              -1.3677               1.3373
11   H                0.6936               0.9170               0.2785
12   H               -2.5672              -2.0501               0.2593
13   H               -2.0459              -1.5026              -1.2295
14   H               -0.3727               2.3233               0.9897
15   H               -1.6555               1.3007               1.6801
16   H                2.7643               0.2897               1.5223
17   H                1.7259               0.7294              -2.0363
18   H                2.4360              -1.4073               1.1337
19   H                1.2735              -0.4486               2.0768
20   H                2.8514               1.2963              -0.8149
21   H                2.9610              -0.3713              -1.3901


Energy:                 -383.534216 Convergence criteria  Is converged 
Maximum Force:             0.040846     0.002850  No
RMS Force:                 0.013605     0.001900  No
Maximum Displacement:      0.008366     0.003150  No
RMS Displacement:          0.002719     0.002100  No

----------------------------------------------------------------------
                          Iteration: 8 [SD]                           


                             Coordinates                              
----------------------------------------------------------------------
0    C               -0.7843              -0.9962               0.3358
1    C                1.3113               0.0495              -0.0318
2    C               -1.0018               1.4169               0.8248
3    C                1.9842              -0.4210               1.2459
4    C                2.2698               0.4314              -1.1358
5    N                0.2992              -0.8849              -0.5007
6    N               -2.0092              -1.3622              -0.2285
7    O               -1.6707               1.6292              -0.3988
8    H               -2.2625               0.8716              -0.4833
9    H                0.0265              -0.6750              -1.4551
10   H               -0.6095              -1.3672               1.3368
11   H                0.6958               0.9168               0.2772
12   H               -2.5660              -2.0488               0.2598
13   H               -2.0447              -1.5022              -1.2288
14   H               -0.3733               2.3179               0.9895
15   H               -1.6583               1.3012               1.6810
16   H                2.7645               0.2895               1.5223
17   H                1.7261               0.7292              -2.0362
18   H                2.4362              -1.4077               1.1336
19   H                1.2736              -0.4489               2.0763
20   H                2.8518               1.2961              -0.8150
21   H                2.9613              -0.3717              -1.3904


Energy:                 -383.535030 Convergence criteria  Is converged 
Maximum Force:             0.039920     0.002850  No
RMS Force:                 0.013630     0.001900  No
Maximum Displacement:      0.008169     0.003150  No
RMS Displacement:          0.002721     0.002100  No

----------------------------------------------------------------------
                          Iteration: 9 [SD]                           


                             Coordinates                              
----------------------------------------------------------------------
0    C               -0.7852              -0.9882               0.3378
1    C                1.3120               0.0493              -0.0323
2    C               -1.0046               1.4124               0.8246
3    C                1.9846              -0.4212               1.2456
4    C                2.2704               0.4311              -1.1361
5    N                0.2999              -0.8853              -0.5004
6    N               -2.0086              -1.3603              -0.2280
7    O               -1.6720               1.6291              -0.3983
8    H               -2.2635               0.8715              -0.4847
9    H                0.0264              -0.6746              -1.4546
10   H               -0.6095              -1.3665               1.3363
11   H                0.6981               0.9168               0.2759
12   H               -2.5647              -2.0475               0.2603
13   H               -2.0434              -1.5017              -1.2281
14   H               -0.3738               2.3123               0.9892
15   H               -1.6611               1.3017               1.6818
16   H                2.7646               0.2893               1.5223
17   H                1.7263               0.7290              -2.0361
18   H                2.4363              -1.4080               1.1334
19   H                1.2737              -0.4491               2.0757
20   H                2.8522               1.2958              -0.8151
21   H                2.9616              -0.3722              -1.3907


Energy:                 -383.535849 Convergence criteria  Is converged 
Maximum Force:             0.039064     0.002850  No
RMS Force:                 0.013670     0.001900  No
Maximum Displacement:      0.007984     0.003150  No
RMS Displacement:          0.002726     0.002100  No

----------------------------------------------------------------------
                          Iteration: 10 [SD]                          


                             Coordinates                              
----------------------------------------------------------------------
0    C               -0.7860              -0.9804               0.3397
1    C                1.3128               0.0492              -0.0327
2    C               -1.0073               1.4078               0.8244
3    C                1.9850              -0.4214               1.2454
4    C                2.2711               0.4308              -1.1364
5    N                0.3005              -0.8856              -0.5001
6    N               -2.0081              -1.3582              -0.2274
7    O               -1.6732               1.6289              -0.3978
8    H               -2.2646               0.8715              -0.4861
9    H                0.0264              -0.6741              -1.4540
10   H               -0.6095              -1.3658               1.3358
11   H                0.7004               0.9168               0.2745
12   H               -2.5634              -2.0462               0.2608
13   H               -2.0420              -1.5013              -1.2273
14   H               -0.3742               2.3065               0.9890
15   H               -1.6639               1.3020               1.6825
16   H                2.7648               0.2891               1.5223
17   H                1.7264               0.7288              -2.0361
18   H                2.4365              -1.4083               1.1333
19   H                1.2738              -0.4493               2.0751
20   H                2.8526               1.2955              -0.8153
21   H                2.9620              -0.3727              -1.3910


Energy:                 -383.536673 Convergence criteria  Is converged 
Maximum Force:             0.038286     0.002850  No
RMS Force:                 0.013727     0.001900  No
Maximum Displacement:      0.007813     0.003150  No
RMS Displacement:          0.002734     0.002100  No

----------------------------------------------------------------------
                          Iteration: 11 [SD]                          


                             Coordinates                              
----------------------------------------------------------------------
0    C               -0.7869              -0.9728               0.3417
1    C                1.3135               0.0491              -0.0332
2    C               -1.0101               1.4032               0.8242
3    C                1.9854              -0.4216               1.2451
4    C                2.2717               0.4305              -1.1367
5    N                0.3011              -0.8858              -0.4998
6    N               -2.0077              -1.3561              -0.2269
7    O               -1.6745               1.6287              -0.3973
8    H               -2.2657               0.8714              -0.4877
9    H                0.0264              -0.6737              -1.4535
10   H               -0.6096              -1.3650               1.3353
11   H                0.7028               0.9169               0.2731
12   H               -2.5621              -2.0448               0.2614
13   H               -2.0407              -1.5008              -1.2266
14   H               -0.3745               2.3006               0.9888
15   H               -1.6667               1.3023               1.6831
16   H                2.7650               0.2890               1.5223
17   H                1.7266               0.7286              -2.0360
18   H                2.4366              -1.4086               1.1332
19   H                1.2739              -0.4496               2.0745
20   H                2.8530               1.2953              -0.8154
21   H                2.9623              -0.3732              -1.3913


Energy:                 -383.537504 Convergence criteria  Is converged 
Maximum Force:             0.037591     0.002850  No
RMS Force:                 0.013800     0.001900  No
Maximum Displacement:      0.007657     0.003150  No
RMS Displacement:          0.002745     0.002100  No

----------------------------------------------------------------------
                          Iteration: 12 [SD]                          


                             Coordinates                              
----------------------------------------------------------------------
0    C               -0.7877              -0.9653               0.3436
1    C                1.3143               0.0490              -0.0336
2    C               -1.0129               1.3986               0.8239
3    C                1.9858              -0.4218               1.2448
4    C                2.2724               0.4303              -1.1370
5    N                0.3016              -0.8860              -0.4994
6    N               -2.0074              -1.3537              -0.2263
7    O               -1.6759               1.6285              -0.3968
8    H               -2.2670               0.8713              -0.4892
9    H                0.0265              -0.6733              -1.4529
10   H               -0.6097              -1.3641               1.3349
11   H                0.7053               0.9171               0.2718
12   H               -2.5607              -2.0434               0.2620
13   H               -2.0392              -1.5003              -1.2258
14   H               -0.3748               2.2946               0.9885
15   H               -1.6695               1.3024               1.6837
16   H                2.7653               0.2888               1.5223
17   H                1.7268               0.7284              -2.0360
18   H                2.4368              -1.4089               1.1330
19   H                1.2740              -0.4498               2.0740
20   H                2.8535               1.2951              -0.8156
21   H                2.9627              -0.3737              -1.3916


Energy:                 -383.538344 Convergence criteria  Is converged 
Maximum Force:             0.036984     0.002850  No
RMS Force:                 0.013890     0.001900  No
Maximum Displacement:      0.007518     0.003150  No
RMS Displacement:          0.002760     0.002100  No

----------------------------------------------------------------------
                          Iteration: 13 [SD]                          


                             Coordinates                              
----------------------------------------------------------------------
0    C               -0.7886              -0.9579               0.3456
1    C                1.3150               0.0489              -0.0339
2    C               -1.0158               1.3939               0.8236
3    C                1.9862              -0.4220               1.2446
4    C                2.2731               0.4300              -1.1373
5    N                0.3020              -0.8861              -0.4989
6    N               -2.0072              -1.3513              -0.2257
7    O               -1.6774               1.6282              -0.3963
8    H               -2.2683               0.8712              -0.4909
9    H                0.0265              -0.6728              -1.4524
10   H               -0.6098              -1.3631               1.3345
11   H                0.7078               0.9174               0.2704
12   H               -2.5593              -2.0420               0.2626
13   H               -2.0378              -1.4997              -1.2250
14   H               -0.3749               2.2884               0.9883
15   H               -1.6723               1.3025               1.6843
16   H                2.7655               0.2886               1.5223
17   H                1.7270               0.7282              -2.0360
18   H                2.4370              -1.4091               1.1329
19   H                1.2741              -0.4501               2.0734
20   H                2.8539               1.2948              -0.8157
21   H                2.9630              -0.3741              -1.3919


Energy:                 -383.539196 Convergence criteria  Is converged 
Maximum Force:             0.036467     0.002850  No
RMS Force:                 0.013997     0.001900  No
Maximum Displacement:      0.007397     0.003150  No
RMS Displacement:          0.002778     0.002100  No

----------------------------------------------------------------------
                          Iteration: 14 [SD]                          


                             Coordinates                              
----------------------------------------------------------------------
0    C               -0.7895              -0.9506               0.3475
1    C                1.3157               0.0488              -0.0343
2    C               -1.0186               1.3892               0.8233
3    C                1.9866              -0.4222               1.2444
4    C                2.2737               0.4297              -1.1376
5    N                0.3024              -0.8862              -0.4985
6    N               -2.0071              -1.3488              -0.2250
7    O               -1.6788               1.6279              -0.3958
8    H               -2.2696               0.8710              -0.4925
9    H                0.0265              -0.6723              -1.4518
10   H               -0.6100              -1.3620               1.3341
11   H                0.7104               0.9177               0.2690
12   H               -2.5579              -2.0405               0.2632
13   H               -2.0362              -1.4992              -1.2242
14   H               -0.3751               2.2820               0.9882
15   H               -1.6751               1.3024               1.6848
16   H                2.7658               0.2884               1.5223
17   H                1.7273               0.7280              -2.0360
18   H                2.4372              -1.4094               1.1327
19   H                1.2742              -0.4504               2.0729
20   H                2.8544               1.2946              -0.8159
21   H                2.9634              -0.3746              -1.3922


Energy:                 -383.540062 Convergence criteria  Is converged 
Maximum Force:             0.036041     0.002850  No
RMS Force:                 0.014120     0.001900  No
Maximum Displacement:      0.007293     0.003150  No
RMS Displacement:          0.002799     0.002100  No

----------------------------------------------------------------------
                      Iteration: 15 [SD] (GDIIS)                      


                             Coordinates                              
----------------------------------------------------------------------
0    C               -0.7731              -1.0668               0.3137
1    C                1.3026               0.0480              -0.0294
2    C               -0.9635               1.4790               0.8318
3    C                1.9775              -0.4197               1.2474
4    C                2.2610               0.4340              -1.1317
5    N                0.3024              -0.8931              -0.5111
6    N               -1.9978              -1.4120              -0.2380
7    O               -1.6447               1.6365              -0.4075
8    H               -2.2360               0.8752              -0.4541
9    H                0.0238              -0.6814              -1.4642
10   H               -0.6052              -1.3941               1.3374
11   H                0.6545               0.9033               0.2953
12   H               -2.5888              -2.0712               0.2488
13   H               -2.0701              -1.5114              -1.2414
14   H               -0.3821               2.4167               0.9900
15   H               -1.6227               1.3142               1.6829
16   H                2.7579               0.2912               1.5206
17   H                1.7218               0.7321              -2.0338
18   H                2.4333              -1.4042               1.1364
19   H                1.2718              -0.4449               2.0820
20   H                2.8416               1.2982              -0.8115
21   H                2.9558              -0.3661              -1.3851


Energy:                 -383.525410 Convergence criteria  Is converged 
Maximum Force:             0.029397     0.002850  No
RMS Force:                 0.011853     0.001900  No
Maximum Displacement:      0.134689     0.003150  No
RMS Displacement:          0.054717     0.002100  No

----------------------------------------------------------------------
                          Iteration: 16 [SD]                          


                             Coordinates                              
----------------------------------------------------------------------
0    C               -0.7728              -1.0621               0.3170
1    C                1.3030               0.0477              -0.0300
2    C               -0.9666               1.4776               0.8314
3    C                1.9778              -0.4199               1.2471
4    C                2.2614               0.4340              -1.1318
5    N                0.3016              -0.8931              -0.5099
6    N               -1.9984              -1.4108              -0.2384
7    O               -1.6451               1.6359              -0.4056
8    H               -2.2365               0.8755              -0.4554
9    H                0.0242              -0.6811              -1.4635
10   H               -0.6052              -1.3931               1.3348
11   H                0.6569               0.9031               0.2938
12   H               -2.5870              -2.0699               0.2494
13   H               -2.0687              -1.5108              -1.2405
14   H               -0.3835               2.4109               0.9897
15   H               -1.6244               1.3153               1.6829
16   H                2.7581               0.2912               1.5205
17   H                1.7218               0.7319              -2.0338
18   H                2.4334              -1.4047               1.1363
19   H                1.2717              -0.4451               2.0813
20   H                2.8421               1.2982              -0.8114
21   H                2.9562              -0.3668              -1.3854


Energy:                 -383.525997 Convergence criteria  Is converged 
Maximum Force:             0.027147     0.002850  No
RMS Force:                 0.010959     0.001900  No
Maximum Displacement:      0.005879     0.003150  No
RMS Displacement:          0.002371     0.002100  No

----------------------------------------------------------------------
                          Iteration: 17 [SD]                          


                             Coordinates                              
----------------------------------------------------------------------
0    C               -0.7735              -1.0572               0.3189
1    C                1.3035               0.0473              -0.0304
2    C               -0.9698               1.4756               0.8312
3    C                1.9782              -0.4202               1.2468
4    C                2.2619               0.4339              -1.1320
5    N                0.3013              -0.8931              -0.5090
6    N               -1.9983              -1.4091              -0.2381
7    O               -1.6457               1.6355              -0.4041
8    H               -2.2371               0.8755              -0.4566
9    H                0.0244              -0.6808              -1.4627
10   H               -0.6050              -1.3924               1.3334
11   H                0.6593               0.9030               0.2924
12   H               -2.5854              -2.0688               0.2500
13   H               -2.0673              -1.5104              -1.2400
14   H               -0.3844               2.4054               0.9894
15   H               -1.6264               1.3162               1.6830
16   H                2.7583               0.2911               1.5204
17   H                1.7218               0.7317              -2.0338
18   H                2.4336              -1.4052               1.1362
19   H                1.2717              -0.4454               2.0807
20   H                2.8425               1.2982              -0.8113
21   H                2.9566              -0.3673              -1.3857


Energy:                 -383.526519 Convergence criteria  Is converged 
Maximum Force:             0.025786     0.002850  No
RMS Force:                 0.010752     0.001900  No
Maximum Displacement:      0.005429     0.003150  No
RMS Displacement:          0.002192     0.002100  No

----------------------------------------------------------------------
                          Iteration: 18 [SD]                          


                             Coordinates                              
----------------------------------------------------------------------
0    C               -0.7744              -1.0522               0.3203
1    C                1.3039               0.0469              -0.0308
2    C               -0.9727               1.4732               0.8311
3    C                1.9785              -0.4205               1.2465
4    C                2.2625               0.4337              -1.1322
5    N                0.3011              -0.8929              -0.5083
6    N               -1.9981              -1.4073              -0.2376
7    O               -1.6465               1.6352              -0.4030
8    H               -2.2378               0.8755              -0.4579
9    H                0.0246              -0.6805              -1.4620
10   H               -0.6049              -1.3918               1.3324
11   H                0.6617               0.9030               0.2909
12   H               -2.5839              -2.0678               0.2507
13   H               -2.0659              -1.5099              -1.2395
14   H               -0.3851               2.4003               0.9891
15   H               -1.6285               1.3171               1.6833
16   H                2.7585               0.2910               1.5203
17   H                1.7218               0.7315              -2.0339
18   H                2.4337              -1.4056               1.1361
19   H                1.2716              -0.4457               2.0801
20   H                2.8429               1.2982              -0.8113
21   H                2.9569              -0.3678              -1.3860


Energy:                 -383.527026 Convergence criteria  Is converged 
Maximum Force:             0.025327     0.002850  No
RMS Force:                 0.010724     0.001900  No
Maximum Displacement:      0.005157     0.003150  No
RMS Displacement:          0.002150     0.002100  No

----------------------------------------------------------------------
                          Iteration: 19 [SD]                          


                             Coordinates                              
----------------------------------------------------------------------
0    C               -0.7753              -1.0471               0.3217
1    C                1.3045               0.0466              -0.0311
2    C               -0.9755               1.4703               0.8310
3    C                1.9789              -0.4207               1.2462
4    C                2.2630               0.4335              -1.1325
5    N                0.3010              -0.8928              -0.5076
6    N               -1.9980              -1.4054              -0.2372
7    O               -1.6475               1.6350              -0.4022
8    H               -2.2386               0.8755              -0.4592
9    H                0.0248              -0.6803              -1.4612
10   H               -0.6047              -1.3912               1.3317
11   H                0.6641               0.9031               0.2896
12   H               -2.5824              -2.0667               0.2514
13   H               -2.0645              -1.5095              -1.2391
14   H               -0.3856               2.3953               0.9889
15   H               -1.6307               1.3179               1.6837
16   H                2.7586               0.2909               1.5202
17   H                1.7218               0.7314              -2.0339
18   H                2.4338              -1.4061               1.1360
19   H                1.2716              -0.4460               2.0795
20   H                2.8434               1.2981              -0.8113
21   H                2.9572              -0.3683              -1.3862


Energy:                 -383.527533 Convergence criteria  Is converged 
Maximum Force:             0.025651     0.002850  No
RMS Force:                 0.010783     0.001900  No
Maximum Displacement:      0.005065     0.003150  No
RMS Displacement:          0.002145     0.002100  No

----------------------------------------------------------------------
                      Iteration: 20 [SD] (GDIIS)                      


                             Coordinates                              
----------------------------------------------------------------------
0    C               -0.7494              -1.2384               0.2738
1    C                1.2830               0.0420              -0.0248
2    C               -0.9005               1.6254               0.8451
3    C                1.9653              -0.4184               1.2498
4    C                2.2433               0.4408              -1.1231
5    N                0.2920              -0.8998              -0.5201
6    N               -1.9867              -1.5036              -0.2599
7    O               -1.5913               1.6465              -0.4100
8    H               -2.1832               0.8833              -0.4010
9    H                0.0234              -0.6953              -1.4763
10   H               -0.5946              -1.4411               1.3248
11   H                0.5841               0.8787               0.3250
12   H               -2.6230              -2.1139               0.2323
13   H               -2.1124              -1.5272              -1.2662
14   H               -0.4040               2.5953               0.9908
15   H               -1.5492               1.3470               1.6784
16   H                2.7464               0.2961               1.5162
17   H                1.7116               0.7374              -2.0310
18   H                2.4281              -1.4011               1.1419
19   H                1.2659              -0.4387               2.0908
20   H                2.8246               1.3059              -0.8022
21   H                2.9464              -0.3571              -1.3758


Energy:                 -383.512925 Convergence criteria  Is converged 
Maximum Force:             0.033895     0.002850  No
RMS Force:                 0.015249     0.001900  No
Maximum Displacement:      0.200000     0.003150  No
RMS Displacement:          0.085125     0.002100  No

----------------------------------------------------------------------
                          Iteration: 21 [SD]                          


                             Coordinates                              
----------------------------------------------------------------------
0    C               -0.7473              -1.2344               0.2784
1    C                1.2812               0.0421              -0.0244
2    C               -0.9072               1.6249               0.8428
3    C                1.9657              -0.4188               1.2495
4    C                2.2435               0.4409              -1.1231
5    N                0.2932              -0.9018              -0.5214
6    N               -1.9918              -1.5031              -0.2629
7    O               -1.5893               1.6462              -0.4063
8    H               -2.1826               0.8837              -0.4011
9    H                0.0236              -0.6952              -1.4756
10   H               -0.5943              -1.4415               1.3227
11   H                0.5878               0.8798               0.3239
12   H               -2.6208              -2.1134               0.2321
13   H               -2.1108              -1.5274              -1.2638
14   H               -0.4049               2.5924               0.9903
15   H               -1.5488               1.3484               1.6782
16   H                2.7463               0.2960               1.5159
17   H                1.7115               0.7371              -2.0308
18   H                2.4280              -1.4015               1.1418
19   H                1.2659              -0.4391               2.0901
20   H                2.8247               1.3058              -0.8020
21   H                2.9463              -0.3573              -1.3759


Energy:                 -383.513799 Convergence criteria  Is converged 
Maximum Force:             0.030090     0.002850  No
RMS Force:                 0.012011     0.001900  No
Maximum Displacement:      0.006779     0.003150  No
RMS Displacement:          0.003050     0.002100  No

----------------------------------------------------------------------
                          Iteration: 22 [SD]                          


                             Coordinates                              
----------------------------------------------------------------------
0    C               -0.7480              -1.2309               0.2806
1    C                1.2798               0.0423              -0.0243
2    C               -0.9132               1.6256               0.8410
3    C                1.9659              -0.4192               1.2492
4    C                2.2436               0.4410              -1.1229
5    N                0.2951              -0.9038              -0.5224
6    N               -1.9939              -1.5012              -0.2632
7    O               -1.5878               1.6457              -0.4032
8    H               -2.1820               0.8839              -0.4013
9    H                0.0236              -0.6950              -1.4752
10   H               -0.5939              -1.4422               1.3221
11   H                0.5919               0.8808               0.3226
12   H               -2.6194              -2.1136               0.2321
13   H               -2.1094              -1.5279              -1.2633
14   H               -0.4056               2.5894               0.9898
15   H               -1.5489               1.3493               1.6783
16   H                2.7462               0.2959               1.5156
17   H                1.7113               0.7369              -2.0307
18   H                2.4279              -1.4020               1.1417
19   H                1.2659              -0.4396               2.0895
20   H                2.8248               1.3057              -0.8018
21   H                2.9461              -0.3576              -1.3759


Energy:                 -383.514409 Convergence criteria  Is converged 
Maximum Force:             0.027346     0.002850  No
RMS Force:                 0.011181     0.001900  No
Maximum Displacement:      0.006018     0.003150  No
RMS Displacement:          0.002402     0.002100  No

----------------------------------------------------------------------
                          Iteration: 23 [SD]                          


                             Coordinates                              
----------------------------------------------------------------------
0    C               -0.7491              -1.2275               0.2822
1    C                1.2787               0.0427              -0.0243
2    C               -0.9187               1.6269               0.8398
3    C                1.9661              -0.4195               1.2490
4    C                2.2436               0.4411              -1.1226
5    N                0.2969              -0.9059              -0.5232
6    N               -1.9955              -1.4988              -0.2630
7    O               -1.5867               1.6453              -0.4009
8    H               -2.1814               0.8841              -0.4015
9    H                0.0236              -0.6947              -1.4748
10   H               -0.5935              -1.4431               1.3219
11   H                0.5960               0.8817               0.3212
12   H               -2.6182              -2.1140               0.2321
13   H               -2.1081              -1.5285              -1.2632
14   H               -0.4062               2.5864               0.9892
15   H               -1.5493               1.3499               1.6788
16   H                2.7461               0.2958               1.5154
17   H                1.7112               0.7366              -2.0305
18   H                2.4279              -1.4024               1.1416
19   H                1.2659              -0.4402               2.0889
20   H                2.8249               1.3056              -0.8016
21   H                2.9458              -0.3578              -1.3759


Energy:                 -383.514944 Convergence criteria  Is converged 
Maximum Force:             0.025329     0.002850  No
RMS Force:                 0.010634     0.001900  No
Maximum Displacement:      0.005469     0.003150  No
RMS Displacement:          0.002236     0.002100  No

----------------------------------------------------------------------
                          Iteration: 24 [SD]                          


                             Coordinates                              
----------------------------------------------------------------------
0    C               -0.7503              -1.2241               0.2837
1    C                1.2779               0.0430              -0.0242
2    C               -0.9238               1.6284               0.8390
3    C                1.9662              -0.4198               1.2487
4    C                2.2435               0.4412              -1.1224
5    N                0.2986              -0.9081              -0.5240
6    N               -1.9970              -1.4963              -0.2627
7    O               -1.5860               1.6449              -0.3992
8    H               -2.1810               0.8841              -0.4018
9    H                0.0235              -0.6945              -1.4745
10   H               -0.5930              -1.4441               1.3219
11   H                0.6002               0.8825               0.3198
12   H               -2.6170              -2.1145               0.2321
13   H               -2.1069              -1.5292              -1.2631
14   H               -0.4066               2.5837               0.9887
15   H               -1.5499               1.3503               1.6794
16   H                2.7460               0.2958               1.5151
17   H                1.7111               0.7364              -2.0303
18   H                2.4278              -1.4029               1.1414
19   H                1.2659              -0.4407               2.0883
20   H                2.8250               1.3056              -0.8015
21   H                2.9455              -0.3580              -1.3758


Energy:                 -383.515431 Convergence criteria  Is converged 
Maximum Force:             0.023763     0.002850  No
RMS Force:                 0.010217     0.001900  No
Maximum Displacement:      0.005066     0.003150  No
RMS Displacement:          0.002127     0.002100  No

======================================================================
Phase transition: SD -> CG at iteration 24
  SD iterations completed: 24
======================================================================


----------------------------------------------------------------------
                          Iteration: 25 [CG]                          


                             Coordinates                              
----------------------------------------------------------------------
0    C               -0.7513              -1.2208               0.2850
1    C                1.2774               0.0433              -0.0242
2    C               -0.9285               1.6300               0.8386
3    C                1.9663              -0.4201               1.2485
4    C                2.2435               0.4413              -1.1222
5    N                0.3001              -0.9102              -0.5246
6    N               -1.9984              -1.4937              -0.2624
7    O               -1.5856               1.6446              -0.3980
8    H               -2.1806               0.8839              -0.4021
9    H                0.0235              -0.6943              -1.4743
10   H               -0.5927              -1.4451               1.3220
11   H                0.6044               0.8833               0.3182
12   H               -2.6159              -2.1149               0.2320
13   H               -2.1056              -1.5299              -1.2630
14   H               -0.4069               2.5812               0.9881
15   H               -1.5508               1.3504               1.6801
16   H                2.7460               0.2957               1.5148
17   H                1.7110               0.7362              -2.0302
18   H                2.4277              -1.4032               1.1412
19   H                1.2659              -0.4413               2.0878
20   H                2.8252               1.3056              -0.8013
21   H                2.9452              -0.3582              -1.3757


Energy:                 -383.515883 Convergence criteria  Is converged 
Maximum Force:             0.022493     0.002850  No
RMS Force:                 0.009886     0.001900  No
Maximum Displacement:      0.004753     0.003150  No
RMS Displacement:          0.002043     0.002100  Yes

----------------------------------------------------------------------
                          Iteration: 26 [CG]                          


                             Coordinates                              
----------------------------------------------------------------------
0    C               -0.7524              -1.2176               0.2862
1    C                1.2771               0.0434              -0.0242
2    C               -0.9330               1.6315               0.8385
3    C                1.9665              -0.4204               1.2483
4    C                2.2435               0.4414              -1.1220
5    N                0.3014              -0.9122              -0.5252
6    N               -1.9998              -1.4911              -0.2620
7    O               -1.5854               1.6443              -0.3971
8    H               -2.1803               0.8837              -0.4024
9    H                0.0235              -0.6940              -1.4740
10   H               -0.5923              -1.4461               1.3221
11   H                0.6086               0.8841               0.3166
12   H               -2.6149              -2.1154               0.2319
13   H               -2.1043              -1.5307              -1.2630
14   H               -0.4070               2.5790               0.9876
15   H               -1.5517               1.3505               1.6810
16   H                2.7459               0.2956               1.5146
17   H                1.7109               0.7360              -2.0300
18   H                2.4276              -1.4036               1.1409
19   H                1.2660              -0.4419               2.0873
20   H                2.8254               1.3056              -0.8011
21   H                2.9448              -0.3584              -1.3755


Energy:                 -383.516307 Convergence criteria  Is converged 
Maximum Force:             0.021431     0.002850  No
RMS Force:                 0.009612     0.001900  No
Maximum Displacement:      0.004499     0.003150  No
RMS Displacement:          0.001977     0.002100  Yes

----------------------------------------------------------------------
                          Iteration: 27 [CG]                          


                             Coordinates                              
----------------------------------------------------------------------
0    C               -0.7534              -1.2145               0.2874
1    C                1.2769               0.0435              -0.0242
2    C               -0.9373               1.6331               0.8385
3    C                1.9666              -0.4206               1.2480
4    C                2.2435               0.4415              -1.1218
5    N                0.3027              -0.9142              -0.5257
6    N               -2.0012              -1.4884              -0.2616
7    O               -1.5854               1.6440              -0.3964
8    H               -2.1800               0.8834              -0.4027
9    H                0.0235              -0.6938              -1.4738
10   H               -0.5920              -1.4472               1.3222
11   H                0.6126               0.8849               0.3150
12   H               -2.6138              -2.1158               0.2318
13   H               -2.1030              -1.5315              -1.2629
14   H               -0.4069               2.5770               0.9871
15   H               -1.5529               1.3504               1.6819
16   H                2.7459               0.2955               1.5143
17   H                1.7108               0.7358              -2.0299
18   H                2.4275              -1.4039               1.1406
19   H                1.2660              -0.4424               2.0869
20   H                2.8255               1.3055              -0.8009
21   H                2.9444              -0.3585              -1.3754


Energy:                 -383.516708 Convergence criteria  Is converged 
Maximum Force:             0.020518     0.002850  No
RMS Force:                 0.009374     0.001900  No
Maximum Displacement:      0.004286     0.003150  No
RMS Displacement:          0.001922     0.002100  Yes

----------------------------------------------------------------------
                          Iteration: 28 [CG]                          


                             Coordinates                              
----------------------------------------------------------------------
0    C               -0.7543              -1.2115               0.2885
1    C                1.2769               0.0435              -0.0243
2    C               -0.9414               1.6347               0.8386
3    C                1.9667              -0.4209               1.2478
4    C                2.2436               0.4416              -1.1217
5    N                0.3038              -0.9161              -0.5261
6    N               -2.0026              -1.4857              -0.2612
7    O               -1.5855               1.6438              -0.3959
8    H               -2.1799               0.8829              -0.4031
9    H                0.0234              -0.6935              -1.4735
10   H               -0.5917              -1.4484               1.3223
11   H                0.6166               0.8857               0.3134
12   H               -2.6127              -2.1162               0.2316
13   H               -2.1018              -1.5323              -1.2627
14   H               -0.4068               2.5751               0.9866
15   H               -1.5541               1.3503               1.6829
16   H                2.7459               0.2954               1.5141
17   H                1.7107               0.7356              -2.0297
18   H                2.4274              -1.4043               1.1403
19   H                1.2660              -0.4430               2.0865
20   H                2.8257               1.3055              -0.8008
21   H                2.9441              -0.3587              -1.3752


Energy:                 -383.517090 Convergence criteria  Is converged 
Maximum Force:             0.019715     0.002850  No
RMS Force:                 0.009161     0.001900  No
Maximum Displacement:      0.004104     0.003150  No
RMS Displacement:          0.001875     0.002100  Yes

----------------------------------------------------------------------
                          Iteration: 29 [CG]                          


                             Coordinates                              
----------------------------------------------------------------------
0    C               -0.7552              -1.2085               0.2896
1    C                1.2769               0.0435              -0.0244
2    C               -0.9454               1.6362               0.8388
3    C                1.9669              -0.4212               1.2476
4    C                2.2437               0.4417              -1.1216
5    N                0.3048              -0.9178              -0.5265
6    N               -2.0040              -1.4830              -0.2608
7    O               -1.5858               1.6437              -0.3955
8    H               -2.1797               0.8825              -0.4035
9    H                0.0234              -0.6933              -1.4732
10   H               -0.5914              -1.4495               1.3224
11   H                0.6205               0.8865               0.3118
12   H               -2.6117              -2.1166               0.2314
13   H               -2.1005              -1.5332              -1.2626
14   H               -0.4066               2.5735               0.9862
15   H               -1.5554               1.3501               1.6838
16   H                2.7459               0.2953               1.5139
17   H                1.7107               0.7354              -2.0296
18   H                2.4274              -1.4046               1.1400
19   H                1.2660              -0.4436               2.0860
20   H                2.8259               1.3055              -0.8006
21   H                2.9437              -0.3589              -1.3751


Energy:                 -383.517455 Convergence criteria  Is converged 
Maximum Force:             0.018992     0.002850  No
RMS Force:                 0.008963     0.001900  No
Maximum Displacement:      0.003943     0.003150  No
RMS Displacement:          0.001832     0.002100  Yes

----------------------------------------------------------------------
                          Iteration: 30 [CG]                          


                             Coordinates                              
----------------------------------------------------------------------
0    C               -0.7561              -1.2056               0.2907
1    C                1.2770               0.0434              -0.0245
2    C               -0.9492               1.6377               0.8391
3    C                1.9671              -0.4214               1.2474
4    C                2.2438               0.4417              -1.1215
5    N                0.3057              -0.9194              -0.5268
6    N               -2.0053              -1.4802              -0.2604
7    O               -1.5861               1.6435              -0.3952
8    H               -2.1797               0.8820              -0.4039
9    H                0.0234              -0.6931              -1.4729
10   H               -0.5912              -1.4506               1.3225
11   H                0.6243               0.8873               0.3101
12   H               -2.6106              -2.1170               0.2312
13   H               -2.0992              -1.5341              -1.2624
14   H               -0.4064               2.5720               0.9858
15   H               -1.5568               1.3499               1.6848
16   H                2.7459               0.2952               1.5137
17   H                1.7106               0.7353              -2.0294
18   H                2.4273              -1.4049               1.1397
19   H                1.2661              -0.4442               2.0856
20   H                2.8261               1.3055              -0.8005
21   H                2.9433              -0.3591              -1.3749


Energy:                 -383.517805 Convergence criteria  Is converged 
Maximum Force:             0.018364     0.002850  No
RMS Force:                 0.008774     0.001900  No
Maximum Displacement:      0.003798     0.003150  No
RMS Displacement:          0.001793     0.002100  Yes

----------------------------------------------------------------------
                          Iteration: 31 [CG]                          


                             Coordinates                              
----------------------------------------------------------------------
0    C               -0.7570              -1.2027               0.2918
1    C                1.2773               0.0432              -0.0247
2    C               -0.9528               1.6392               0.8394
3    C                1.9673              -0.4217               1.2472
4    C                2.2439               0.4417              -1.1214
5    N                0.3066              -0.9210              -0.5270
6    N               -2.0067              -1.4775              -0.2600
7    O               -1.5865               1.6433              -0.3949
8    H               -2.1796               0.8814              -0.4043
9    H                0.0234              -0.6929              -1.4726
10   H               -0.5910              -1.4518               1.3226
11   H                0.6279               0.8881               0.3085
12   H               -2.6096              -2.1173               0.2309
13   H               -2.0979              -1.5350              -1.2622
14   H               -0.4061               2.5706               0.9854
15   H               -1.5583               1.3496               1.6858
16   H                2.7459               0.2950               1.5136
17   H                1.7105               0.7351              -2.0293
18   H                2.4272              -1.4052               1.1394
19   H                1.2661              -0.4447               2.0852
20   H                2.8263               1.3055              -0.8003
21   H                2.9430              -0.3593              -1.3748


Energy:                 -383.518140 Convergence criteria  Is converged 
Maximum Force:             0.017826     0.002850  No
RMS Force:                 0.008592     0.001900  No
Maximum Displacement:      0.003673     0.003150  No
RMS Displacement:          0.001755     0.002100  Yes

----------------------------------------------------------------------
                          Iteration: 32 [CG]                          


                             Coordinates                              
----------------------------------------------------------------------
0    C               -0.7578              -1.1999               0.2928
1    C                1.2775               0.0430              -0.0248
2    C               -0.9564               1.6406               0.8398
3    C                1.9675              -0.4219               1.2471
4    C                2.2441               0.4417              -1.1214
5    N                0.3074              -0.9224              -0.5272
6    N               -2.0079              -1.4748              -0.2595
7    O               -1.5870               1.6432              -0.3947
8    H               -2.1796               0.8808              -0.4048
9    H                0.0234              -0.6927              -1.4722
10   H               -0.5908              -1.4530               1.3227
11   H                0.6315               0.8889               0.3069
12   H               -2.6085              -2.1176               0.2306
13   H               -2.0966              -1.5359              -1.2619
14   H               -0.4058               2.5692               0.9850
15   H               -1.5598               1.3493               1.6868
16   H                2.7459               0.2949               1.5134
17   H                1.7104               0.7350              -2.0291
18   H                2.4272              -1.4055               1.1391
19   H                1.2661              -0.4453               2.0848
20   H                2.8264               1.3054              -0.8002
21   H                2.9427              -0.3595              -1.3747


Energy:                 -383.518462 Convergence criteria  Is converged 
Maximum Force:             0.017286     0.002850  No
RMS Force:                 0.008415     0.001900  No
Maximum Displacement:      0.003565     0.003150  No
RMS Displacement:          0.001718     0.002100  Yes

----------------------------------------------------------------------
                          Iteration: 33 [CG]                          


                             Coordinates                              
----------------------------------------------------------------------
0    C               -0.7586              -1.1972               0.2938
1    C                1.2778               0.0428              -0.0250
2    C               -0.9598               1.6420               0.8402
3    C                1.9677              -0.4222               1.2469
4    C                2.2443               0.4417              -1.1214
5    N                0.3081              -0.9237              -0.5273
6    N               -2.0092              -1.4721              -0.2591
7    O               -1.5876               1.6431              -0.3945
8    H               -2.1796               0.8802              -0.4052
9    H                0.0234              -0.6925              -1.4719
10   H               -0.5907              -1.4542               1.3227
11   H                0.6350               0.8898               0.3053
12   H               -2.6074              -2.1179               0.2304
13   H               -2.0953              -1.5368              -1.2616
14   H               -0.4054               2.5680               0.9847
15   H               -1.5614               1.3490               1.6878
16   H                2.7460               0.2948               1.5133
17   H                1.7104               0.7348              -2.0290
18   H                2.4271              -1.4058               1.1387
19   H                1.2662              -0.4459               2.0845
20   H                2.8266               1.3054              -0.8001
21   H                2.9424              -0.3598              -1.3746


Energy:                 -383.518770 Convergence criteria  Is converged 
Maximum Force:             0.016746     0.002850  No
RMS Force:                 0.008241     0.001900  No
Maximum Displacement:      0.003457     0.003150  No
RMS Displacement:          0.001683     0.002100  Yes

----------------------------------------------------------------------
                          Iteration: 34 [CG]                          


                             Coordinates                              
----------------------------------------------------------------------
0    C               -0.7594              -1.1946               0.2948
1    C                1.2782               0.0426              -0.0252
2    C               -0.9631               1.6434               0.8406
3    C                1.9679              -0.4225               1.2467
4    C                2.2445               0.4417              -1.1214
5    N                0.3087              -0.9250              -0.5274
6    N               -2.0104              -1.4694              -0.2587
7    O               -1.5882               1.6430              -0.3943
8    H               -2.1796               0.8796              -0.4057
9    H                0.0234              -0.6923              -1.4715
10   H               -0.5905              -1.4554               1.3227
11   H                0.6383               0.8906               0.3037
12   H               -2.6064              -2.1181               0.2301
13   H               -2.0940              -1.5377              -1.2614
14   H               -0.4051               2.5668               0.9843
15   H               -1.5630               1.3487               1.6887
16   H                2.7460               0.2947               1.5131
17   H                1.7103               0.7347              -2.0289
18   H                2.4271              -1.4061               1.1384
19   H                1.2662              -0.4464               2.0841
20   H                2.8268               1.3053              -0.8000
21   H                2.9422              -0.3600              -1.3745


Energy:                 -383.519066 Convergence criteria  Is converged 
Maximum Force:             0.016212     0.002850  No
RMS Force:                 0.008070     0.001900  No
Maximum Displacement:      0.003349     0.003150  No
RMS Displacement:          0.001648     0.002100  Yes

----------------------------------------------------------------------
                          Iteration: 35 [CG]                          


                             Coordinates                              
----------------------------------------------------------------------
0    C               -0.7602              -1.1920               0.2958
1    C                1.2785               0.0423              -0.0253
2    C               -0.9663               1.6447               0.8411
3    C                1.9681              -0.4227               1.2466
4    C                2.2447               0.4416              -1.1214
5    N                0.3093              -0.9261              -0.5275
6    N               -2.0116              -1.4667              -0.2583
7    O               -1.5889               1.6429              -0.3941
8    H               -2.1796               0.8790              -0.4061
9    H                0.0234              -0.6921              -1.4712
10   H               -0.5904              -1.4566               1.3227
11   H                0.6415               0.8914               0.3021
12   H               -2.6053              -2.1184               0.2298
13   H               -2.0927              -1.5386              -1.2610
14   H               -0.4048               2.5657               0.9840
15   H               -1.5646               1.3485               1.6896
16   H                2.7461               0.2945               1.5130
17   H                1.7103               0.7346              -2.0288
18   H                2.4271              -1.4064               1.1381
19   H                1.2662              -0.4470               2.0837
20   H                2.8270               1.3053              -0.7998
21   H                2.9420              -0.3603              -1.3744


Energy:                 -383.519349 Convergence criteria  Is converged 
Maximum Force:             0.015687     0.002850  No
RMS Force:                 0.007903     0.001900  No
Maximum Displacement:      0.003242     0.003150  No
RMS Displacement:          0.001614     0.002100  Yes

----------------------------------------------------------------------
                          Iteration: 36 [CG]                          


                             Coordinates                              
----------------------------------------------------------------------
0    C               -0.7609              -1.1894               0.2967
1    C                1.2789               0.0421              -0.0255
2    C               -0.9694               1.6459               0.8415
3    C                1.9683              -0.4230               1.2464
4    C                2.2450               0.4415              -1.1215
5    N                0.3098              -0.9272              -0.5275
6    N               -2.0128              -1.4641              -0.2578
7    O               -1.5896               1.6428              -0.3939
8    H               -2.1797               0.8783              -0.4066
9    H                0.0234              -0.6919              -1.4708
10   H               -0.5904              -1.4578               1.3227
11   H                0.6447               0.8922               0.3006
12   H               -2.6043              -2.1185               0.2295
13   H               -2.0914              -1.5394              -1.2607
14   H               -0.4045               2.5647               0.9838
15   H               -1.5662               1.3482               1.6904
16   H                2.7462               0.2944               1.5129
17   H                1.7103               0.7345              -2.0286
18   H                2.4271              -1.4067               1.1377
19   H                1.2663              -0.4475               2.0834
20   H                2.8272               1.3052              -0.7997
21   H                2.9418              -0.3606              -1.3744


Energy:                 -383.519621 Convergence criteria  Is converged 
Maximum Force:             0.015173     0.002850  No
RMS Force:                 0.007740     0.001900  No
Maximum Displacement:      0.003137     0.003150  Yes
RMS Displacement:          0.001581     0.002100  Yes

----------------------------------------------------------------------
                          Iteration: 37 [CG]                          


                             Coordinates                              
----------------------------------------------------------------------
0    C               -0.7616              -1.1870               0.2976
1    C                1.2794               0.0418              -0.0257
2    C               -0.9725               1.6472               0.8420
3    C                1.9686              -0.4233               1.2463
4    C                2.2453               0.4414              -1.1216
5    N                0.3102              -0.9281              -0.5274
6    N               -2.0139              -1.4615              -0.2574
7    O               -1.5903               1.6428              -0.3937
8    H               -2.1797               0.8776              -0.4071
9    H                0.0234              -0.6917              -1.4704
10   H               -0.5903              -1.4590               1.3227
11   H                0.6477               0.8931               0.2991
12   H               -2.6032              -2.1187               0.2291
13   H               -2.0900              -1.5403              -1.2604
14   H               -0.4041               2.5637               0.9835
15   H               -1.5678               1.3479               1.6913
16   H                2.7462               0.2942               1.5128
17   H                1.7102               0.7343              -2.0285
18   H                2.4272              -1.4070               1.1374
19   H                1.2663              -0.4481               2.0830
20   H                2.8274               1.3051              -0.7996
21   H                2.9417              -0.3608              -1.3744


Energy:                 -383.519882 Convergence criteria  Is converged 
Maximum Force:             0.014673     0.002850  No
RMS Force:                 0.007580     0.001900  No
Maximum Displacement:      0.003035     0.003150  Yes
RMS Displacement:          0.001548     0.002100  Yes

----------------------------------------------------------------------
                          Iteration: 38 [CG]                          


                             Coordinates                              
----------------------------------------------------------------------
0    C               -0.7623              -1.1845               0.2986
1    C                1.2798               0.0416              -0.0259
2    C               -0.9754               1.6484               0.8424
3    C                1.9688              -0.4235               1.2461
4    C                2.2456               0.4413              -1.1217
5    N                0.3106              -0.9290              -0.5274
6    N               -2.0150              -1.4589              -0.2570
7    O               -1.5911               1.6427              -0.3936
8    H               -2.1798               0.8769              -0.4076
9    H                0.0233              -0.6916              -1.4700
10   H               -0.5903              -1.4602               1.3226
11   H                0.6506               0.8939               0.2976
12   H               -2.6022              -2.1188               0.2288
13   H               -2.0887              -1.5412              -1.2600
14   H               -0.4039               2.5627               0.9833
15   H               -1.5695               1.3477               1.6921
16   H                2.7463               0.2940               1.5127
17   H                1.7102               0.7342              -2.0284
18   H                2.4272              -1.4073               1.1371
19   H                1.2663              -0.4486               2.0826
20   H                2.8276               1.3051              -0.7996
21   H                2.9416              -0.3611              -1.3744


Energy:                 -383.520132 Convergence criteria  Is converged 
Maximum Force:             0.014207     0.002850  No
RMS Force:                 0.007425     0.001900  No
Maximum Displacement:      0.002935     0.003150  Yes
RMS Displacement:          0.001516     0.002100  Yes

----------------------------------------------------------------------
                      Iteration: 39 [CG] (GDIIS)                      


                             Coordinates                              
----------------------------------------------------------------------
0    C               -0.7767              -1.1320               0.3183
1    C                1.2930               0.0344              -0.0309
2    C               -1.0363               1.6734               0.8550
3    C                1.9750              -0.4299               1.2430
4    C                2.2542               0.4366              -1.1253
5    N                0.3148              -0.9419              -0.5223
6    N               -2.0388              -1.3991              -0.2473
7    O               -1.6145               1.6424              -0.3906
8    H               -2.1834               0.8590              -0.4196
9    H                0.0231              -0.6882              -1.4601
10   H               -0.5913              -1.4888               1.3205
11   H                0.7119               0.9138               0.2638
12   H               -2.5775              -2.1191               0.2205
13   H               -2.0568              -1.5623              -1.2498
14   H               -0.3967               2.5447               0.9794
15   H               -1.6109               1.3415               1.7089
16   H                2.7495               0.2896               1.5117
17   H                1.7103               0.7318              -2.0262
18   H                2.4290              -1.4143               1.1289
19   H                1.2674              -0.4611               2.0747
20   H                2.8328               1.3022              -0.7982
21   H                2.9416              -0.3690              -1.3760


Energy:                 -383.524247 Convergence criteria  Is converged 
Maximum Force:             0.007174     0.002850  No
RMS Force:                 0.005407     0.001900  No
Maximum Displacement:      0.061260     0.003150  No
RMS Displacement:          0.033822     0.002100  No

----------------------------------------------------------------------
                          Iteration: 40 [CG]                          


                             Coordinates                              
----------------------------------------------------------------------
0    C               -0.7766              -1.1312               0.3195
1    C                1.2931               0.0348              -0.0308
2    C               -1.0375               1.6737               0.8549
3    C                1.9753              -0.4301               1.2429
4    C                2.2547               0.4360              -1.1256
5    N                0.3143              -0.9409              -0.5217
6    N               -2.0393              -1.3986              -0.2481
7    O               -1.6156               1.6424              -0.3897
8    H               -2.1834               0.8586              -0.4199
9    H                0.0230              -0.6881              -1.4598
10   H               -0.5917              -1.4895               1.3197
11   H                0.7127               0.9145               0.2632
12   H               -2.5765              -2.1178               0.2203
13   H               -2.0554              -1.5624              -1.2484
14   H               -0.3976               2.5434               0.9796
15   H               -1.6122               1.3420               1.7087
16   H                2.7498               0.2893               1.5119
17   H                1.7105               0.7316              -2.0262
18   H                2.4294              -1.4147               1.1287
19   H                1.2676              -0.4615               2.0743
20   H                2.8330               1.3017              -0.7984
21   H                2.9424              -0.3696              -1.3766


Energy:                 -383.524366 Convergence criteria  Is converged 
Maximum Force:             0.006689     0.002850  No
RMS Force:                 0.004841     0.001900  No
Maximum Displacement:      0.001435     0.003150  Yes
RMS Displacement:          0.001081     0.002100  Yes

----------------------------------------------------------------------
                          Iteration: 41 [CG]                          


                             Coordinates                              
----------------------------------------------------------------------
0    C               -0.7768              -1.1303               0.3201
1    C                1.2932               0.0352              -0.0308
2    C               -1.0388               1.6738               0.8549
3    C                1.9756              -0.4304               1.2427
4    C                2.2552               0.4355              -1.1259
5    N                0.3139              -0.9400              -0.5210
6    N               -2.0393              -1.3977              -0.2482
7    O               -1.6168               1.6426              -0.3891
8    H               -2.1835               0.8581              -0.4201
9    H                0.0228              -0.6880              -1.4595
10   H               -0.5921              -1.4903               1.3194
11   H                0.7134               0.9152               0.2627
12   H               -2.5756              -2.1168               0.2202
13   H               -2.0541              -1.5626              -1.2476
14   H               -0.3984               2.5424               0.9798
15   H               -1.6134               1.3424               1.7085
16   H                2.7501               0.2890               1.5120
17   H                1.7108               0.7315              -2.0263
18   H                2.4297              -1.4150               1.1285
19   H                1.2677              -0.4619               2.0740
20   H                2.8333               1.3012              -0.7985
21   H                2.9431              -0.3701              -1.3772


Energy:                 -383.524468 Convergence criteria  Is converged 
Maximum Force:             0.006584     0.002850  No
RMS Force:                 0.004683     0.001900  No
Maximum Displacement:      0.001338     0.003150  Yes
RMS Displacement:          0.000968     0.002100  Yes

----------------------------------------------------------------------
                          Iteration: 42 [CG]                          


                             Coordinates                              
----------------------------------------------------------------------
0    C               -0.7771              -1.1294               0.3206
1    C                1.2935               0.0355              -0.0308
2    C               -1.0401               1.6737               0.8550
3    C                1.9758              -0.4306               1.2426
4    C                2.2556               0.4349              -1.1262
5    N                0.3134              -0.9391              -0.5205
6    N               -2.0393              -1.3966              -0.2481
7    O               -1.6179               1.6427              -0.3886
8    H               -2.1837               0.8576              -0.4204
9    H                0.0227              -0.6880              -1.4592
10   H               -0.5925              -1.4910               1.3191
11   H                0.7141               0.9159               0.2622
12   H               -2.5748              -2.1160               0.2202
13   H               -2.0528              -1.5629              -1.2471
14   H               -0.3991               2.5414               0.9799
15   H               -1.6147               1.3429               1.7084
16   H                2.7504               0.2886               1.5122
17   H                1.7110               0.7313              -2.0263
18   H                2.4300              -1.4153               1.1282
19   H                1.2678              -0.4623               2.0736
20   H                2.8336               1.3007              -0.7987
21   H                2.9438              -0.3706              -1.3778


Energy:                 -383.524563 Convergence criteria  Is converged 
Maximum Force:             0.006673     0.002850  No
RMS Force:                 0.004593     0.001900  No
Maximum Displacement:      0.001317     0.003150  Yes
RMS Displacement:          0.000937     0.002100  Yes

----------------------------------------------------------------------
                          Iteration: 43 [CG]                          


                             Coordinates                              
----------------------------------------------------------------------
0    C               -0.7773              -1.1285               0.3211
1    C                1.2937               0.0357              -0.0308
2    C               -1.0414               1.6736               0.8551
3    C                1.9761              -0.4308               1.2424
4    C                2.2561               0.4344              -1.1265
5    N                0.3130              -0.9382              -0.5199
6    N               -2.0392              -1.3955              -0.2480
7    O               -1.6191               1.6429              -0.3882
8    H               -2.1838               0.8571              -0.4207
9    H                0.0225              -0.6879              -1.4589
10   H               -0.5928              -1.4918               1.3189
11   H                0.7149               0.9167               0.2617
12   H               -2.5742              -2.1151               0.2202
13   H               -2.0515              -1.5631              -1.2466
14   H               -0.3997               2.5405               0.9801
15   H               -1.6161               1.3433               1.7084
16   H                2.7507               0.2883               1.5123
17   H                1.7113               0.7311              -2.0263
18   H                2.4303              -1.4155               1.1280
19   H                1.2679              -0.4627               2.0733
20   H                2.8340               1.3003              -0.7989
21   H                2.9444              -0.3711              -1.3783


Energy:                 -383.524655 Convergence criteria  Is converged 
Maximum Force:             0.006832     0.002850  No
RMS Force:                 0.004528     0.001900  No
Maximum Displacement:      0.001335     0.003150  Yes
RMS Displacement:          0.000919     0.002100  Yes

----------------------------------------------------------------------
                      Iteration: 44 [CG] (GDIIS)                      


                             Coordinates                              
----------------------------------------------------------------------
0    C               -0.7791              -1.1185               0.3279
1    C                1.2977               0.0377              -0.0314
2    C               -1.0535               1.6737               0.8573
3    C                1.9794              -0.4332               1.2409
4    C                2.2618               0.4281              -1.1300
5    N                0.3070              -0.9271              -0.5127
6    N               -2.0401              -1.3833              -0.2484
7    O               -1.6334               1.6447              -0.3835
8    H               -2.1859               0.8507              -0.4242
9    H                0.0211              -0.6871              -1.4549
10   H               -0.5972              -1.5010               1.3150
11   H                0.7222               0.9249               0.2555
12   H               -2.5652              -2.1053               0.2190
13   H               -2.0367              -1.5666              -1.2387
14   H               -0.4059               2.5322               0.9822
15   H               -1.6321               1.3469               1.7076
16   H                2.7540               0.2847               1.5140
17   H                1.7139               0.7294              -2.0267
18   H                2.4337              -1.4186               1.1250
19   H                1.2691              -0.4671               2.0698
20   H                2.8373               1.2951              -0.8007
21   H                2.9517              -0.3767              -1.3846


Energy:                 -383.525554 Convergence criteria  Is converged 
Maximum Force:             0.010237     0.002850  No
RMS Force:                 0.005662     0.001900  No
Maximum Displacement:      0.016001     0.003150  No
RMS Displacement:          0.010633     0.002100  No

----------------------------------------------------------------------
                          Iteration: 45 [CG]                          


                             Coordinates                              
----------------------------------------------------------------------
0    C               -0.7799              -1.1171               0.3277
1    C                1.2978               0.0382              -0.0314
2    C               -1.0550               1.6725               0.8573
3    C                1.9796              -0.4333               1.2408
4    C                2.2620               0.4277              -1.1301
5    N                0.3075              -0.9267              -0.5129
6    N               -2.0391              -1.3813              -0.2470
7    O               -1.6344               1.6451              -0.3837
8    H               -2.1862               0.8501              -0.4243
9    H                0.0208              -0.6869              -1.4546
10   H               -0.5973              -1.5020               1.3159
11   H                0.7234               0.9254               0.2553
12   H               -2.5655              -2.1053               0.2197
13   H               -2.0356              -1.5671              -1.2403
14   H               -0.4061               2.5321               0.9824
15   H               -1.6335               1.3473               1.7081
16   H                2.7542               0.2844               1.5141
17   H                1.7143               0.7290              -2.0268
18   H                2.4338              -1.4186               1.1247
19   H                1.2693              -0.4675               2.0695
20   H                2.8378               1.2945              -0.8010
21   H                2.9519              -0.3770              -1.3850


Energy:                 -383.525674 Convergence criteria  Is converged 
Maximum Force:             0.007336     0.002850  No
RMS Force:                 0.004413     0.001900  No
Maximum Displacement:      0.002047     0.003150  Yes
RMS Displacement:          0.001132     0.002100  Yes

----------------------------------------------------------------------
                          Iteration: 46 [CG]                          


                             Coordinates                              
----------------------------------------------------------------------
0    C               -0.7801              -1.1157               0.3283
1    C                1.2980               0.0385              -0.0314
2    C               -1.0561               1.6717               0.8574
3    C                1.9798              -0.4334               1.2406
4    C                2.2623               0.4274              -1.1302
5    N                0.3077              -0.9264              -0.5128
6    N               -2.0389              -1.3800              -0.2468
7    O               -1.6355               1.6453              -0.3839
8    H               -2.1865               0.8497              -0.4245
9    H                0.0206              -0.6867              -1.4545
10   H               -0.5974              -1.5027               1.3163
11   H                0.7244               0.9260               0.2550
12   H               -2.5655              -2.1049               0.2202
13   H               -2.0345              -1.5673              -1.2408
14   H               -0.4065               2.5316               0.9826
15   H               -1.6349               1.3476               1.7085
16   H                2.7545               0.2840               1.5143
17   H                1.7146               0.7287              -2.0269
18   H                2.4340              -1.4187               1.1244
19   H                1.2694              -0.4679               2.0693
20   H                2.8383               1.2940              -0.8013
21   H                2.9522              -0.3773              -1.3854


Energy:                 -383.525757 Convergence criteria  Is converged 
Maximum Force:             0.007340     0.002850  No
RMS Force:                 0.004216     0.001900  No
Maximum Displacement:      0.001467     0.003150  Yes
RMS Displacement:          0.000883     0.002100  Yes

----------------------------------------------------------------------
                          Iteration: 47 [CG]                          


                             Coordinates                              
----------------------------------------------------------------------
0    C               -0.7801              -1.1144               0.3289
1    C                1.2983               0.0388              -0.0314
2    C               -1.0571               1.6711               0.8574
3    C                1.9800              -0.4335               1.2405
4    C                2.2625               0.4271              -1.1304
5    N                0.3078              -0.9261              -0.5127
6    N               -2.0389              -1.3789              -0.2467
7    O               -1.6366               1.6455              -0.3839
8    H               -2.1867               0.8493              -0.4247
9    H                0.0203              -0.6864              -1.4543
10   H               -0.5975              -1.5035               1.3166
11   H                0.7254               0.9267               0.2548
12   H               -2.5654              -2.1043               0.2205
13   H               -2.0333              -1.5675              -1.2410
14   H               -0.4070               2.5310               0.9828
15   H               -1.6364               1.3479               1.7089
16   H                2.7548               0.2837               1.5145
17   H                1.7150               0.7284              -2.0271
18   H                2.4341              -1.4188               1.1240
19   H                1.2695              -0.4683               2.0690
20   H                2.8388               1.2935              -0.8015
21   H                2.9524              -0.3776              -1.3857


Energy:                 -383.525835 Convergence criteria  Is converged 
Maximum Force:             0.007265     0.002850  No
RMS Force:                 0.004143     0.001900  No
Maximum Displacement:      0.001468     0.003150  Yes
RMS Displacement:          0.000843     0.002100  Yes

----------------------------------------------------------------------
                          Iteration: 48 [CG]                          


                             Coordinates                              
----------------------------------------------------------------------
0    C               -0.7801              -1.1131               0.3295
1    C                1.2986               0.0390              -0.0315
2    C               -1.0581               1.6704               0.8575
3    C                1.9802              -0.4335               1.2404
4    C                2.2628               0.4267              -1.1305
5    N                0.3078              -0.9257              -0.5125
6    N               -2.0389              -1.3780              -0.2467
7    O               -1.6377               1.6456              -0.3839
8    H               -2.1870               0.8488              -0.4249
9    H                0.0201              -0.6861              -1.4542
10   H               -0.5976              -1.5041               1.3168
11   H                0.7264               0.9273               0.2546
12   H               -2.5652              -2.1036               0.2208
13   H               -2.0322              -1.5677              -1.2411
14   H               -0.4076               2.5303               0.9830
15   H               -1.6378               1.3482               1.7092
16   H                2.7551               0.2834               1.5146
17   H                1.7153               0.7281              -2.0272
18   H                2.4343              -1.4188               1.1237
19   H                1.2697              -0.4687               2.0688
20   H                2.8393               1.2930              -0.8018
21   H                2.9526              -0.3779              -1.3860


Energy:                 -383.525910 Convergence criteria  Is converged 
Maximum Force:             0.007190     0.002850  No
RMS Force:                 0.004101     0.001900  No
Maximum Displacement:      0.001453     0.003150  Yes
RMS Displacement:          0.000829     0.002100  Yes

----------------------------------------------------------------------
                      Iteration: 49 [CG] (GDIIS)                      


                             Coordinates                              
----------------------------------------------------------------------
0    C               -0.7817              -1.1053               0.3337
1    C                1.3012               0.0390              -0.0321
2    C               -1.0671               1.6726               0.8593
3    C                1.9818              -0.4349               1.2396
4    C                2.2656               0.4242              -1.1321
5    N                0.3059              -0.9229              -0.5094
6    N               -2.0414              -1.3691              -0.2464
7    O               -1.6447               1.6462              -0.3819
8    H               -2.1881               0.8451              -0.4272
9    H                0.0196              -0.6855              -1.4519
10   H               -0.5992              -1.5096               1.3150
11   H                0.7339               0.9318               0.2497
12   H               -2.5599              -2.0999               0.2196
13   H               -2.0244              -1.5706              -1.2370
14   H               -0.4093               2.5257               0.9834
15   H               -1.6469               1.3490               1.7103
16   H                2.7565               0.2818               1.5151
17   H                1.7163               0.7273              -2.0272
18   H                2.4356              -1.4205               1.1220
19   H                1.2702              -0.4713               2.0669
20   H                2.8409               1.2910              -0.8023
21   H                2.9552              -0.3805              -1.3883


Energy:                 -383.526358 Convergence criteria  Is converged 
Maximum Force:             0.006941     0.002850  No
RMS Force:                 0.004255     0.001900  No
Maximum Displacement:      0.009054     0.003150  No
RMS Displacement:          0.006057     0.002100  No

----------------------------------------------------------------------
                          Iteration: 50 [CG]                          


                             Coordinates                              
----------------------------------------------------------------------
0    C               -0.7820              -1.1041               0.3341
1    C                1.3014               0.0393              -0.0321
2    C               -1.0681               1.6716               0.8593
3    C                1.9820              -0.4350               1.2395
4    C                2.2658               0.4239              -1.1323
5    N                0.3061              -0.9225              -0.5094
6    N               -2.0408              -1.3681              -0.2461
7    O               -1.6457               1.6464              -0.3821
8    H               -2.1884               0.8448              -0.4274
9    H                0.0193              -0.6853              -1.4518
10   H               -0.5993              -1.5102               1.3154
11   H                0.7348               0.9323               0.2496
12   H               -2.5601              -2.0993               0.2201
13   H               -2.0234              -1.5707              -1.2376
14   H               -0.4098               2.5252               0.9836
15   H               -1.6483               1.3494               1.7107
16   H                2.7568               0.2815               1.5153
17   H                1.7167               0.7270              -2.0274
18   H                2.4358              -1.4205               1.1216
19   H                1.2703              -0.4716               2.0667
20   H                2.8415               1.2904              -0.8027
21   H                2.9553              -0.3808              -1.3887


Energy:                 -383.526435 Convergence criteria  Is converged 
Maximum Force:             0.007044     0.002850  No
RMS Force:                 0.004021     0.001900  No
Maximum Displacement:      0.001388     0.003150  Yes
RMS Displacement:          0.000851     0.002100  Yes

----------------------------------------------------------------------
                          Iteration: 51 [CG]                          


                             Coordinates                              
----------------------------------------------------------------------
0    C               -0.7821              -1.1030               0.3346
1    C                1.3017               0.0396              -0.0322
2    C               -1.0689               1.6707               0.8593
3    C                1.9822              -0.4350               1.2394
4    C                2.2661               0.4236              -1.1324
5    N                0.3062              -0.9221              -0.5093
6    N               -2.0405              -1.3673              -0.2460
7    O               -1.6468               1.6465              -0.3822
8    H               -2.1887               0.8444              -0.4276
9    H                0.0190              -0.6850              -1.4516
10   H               -0.5994              -1.5107               1.3157
11   H                0.7356               0.9329               0.2495
12   H               -2.5601              -2.0986               0.2205
13   H               -2.0223              -1.5708              -1.2378
14   H               -0.4104               2.5245               0.9838
15   H               -1.6497               1.3498               1.7110
16   H                2.7571               0.2812               1.5155
17   H                1.7171               0.7267              -2.0276
18   H                2.4359              -1.4205               1.1213
19   H                1.2704              -0.4720               2.0665
20   H                2.8420               1.2899              -0.8030
21   H                2.9555              -0.3811              -1.3890


Energy:                 -383.526506 Convergence criteria  Is converged 
Maximum Force:             0.007017     0.002850  No
RMS Force:                 0.003967     0.001900  No
Maximum Displacement:      0.001409     0.003150  Yes
RMS Displacement:          0.000804     0.002100  Yes

----------------------------------------------------------------------
                          Iteration: 52 [CG]                          


                             Coordinates                              
----------------------------------------------------------------------
0    C               -0.7820              -1.1018               0.3352
1    C                1.3020               0.0398              -0.0322
2    C               -1.0697               1.6698               0.8594
3    C                1.9824              -0.4351               1.2393
4    C                2.2664               0.4233              -1.1326
5    N                0.3063              -0.9217              -0.5091
6    N               -2.0403              -1.3667              -0.2461
7    O               -1.6479               1.6466              -0.3822
8    H               -2.1890               0.8440              -0.4278
9    H                0.0188              -0.6846              -1.4514
10   H               -0.5995              -1.5112               1.3158
11   H                0.7365               0.9334               0.2494
12   H               -2.5601              -2.0977               0.2209
13   H               -2.0213              -1.5708              -1.2379
14   H               -0.4111               2.5238               0.9840
15   H               -1.6511               1.3502               1.7113
16   H                2.7574               0.2809               1.5157
17   H                1.7175               0.7264              -2.0278
18   H                2.4360              -1.4205               1.1209
19   H                1.2706              -0.4723               2.0663
20   H                2.8426               1.2894              -0.8033
21   H                2.9556              -0.3814              -1.3893


Energy:                 -383.526575 Convergence criteria  Is converged 
Maximum Force:             0.006971     0.002850  No
RMS Force:                 0.003941     0.001900  No
Maximum Displacement:      0.001403     0.003150  Yes
RMS Displacement:          0.000793     0.002100  Yes

----------------------------------------------------------------------
                          Iteration: 53 [CG]                          


                             Coordinates                              
----------------------------------------------------------------------
0    C               -0.7820              -1.1007               0.3357
1    C                1.3023               0.0400              -0.0323
2    C               -1.0705               1.6689               0.8594
3    C                1.9826              -0.4351               1.2391
4    C                2.2667               0.4230              -1.1328
5    N                0.3063              -0.9213              -0.5089
6    N               -2.0400              -1.3660              -0.2461
7    O               -1.6489               1.6467              -0.3821
8    H               -2.1894               0.8437              -0.4281
9    H                0.0185              -0.6843              -1.4512
10   H               -0.5996              -1.5116               1.3159
11   H                0.7373               0.9340               0.2494
12   H               -2.5601              -2.0969               0.2212
13   H               -2.0203              -1.5709              -1.2379
14   H               -0.4118               2.5230               0.9842
15   H               -1.6525               1.3506               1.7116
16   H                2.7577               0.2806               1.5158
17   H                1.7178               0.7260              -2.0280
18   H                2.4361              -1.4206               1.1205
19   H                1.2707              -0.4727               2.0661
20   H                2.8432               1.2889              -0.8037
21   H                2.9558              -0.3818              -1.3896


Energy:                 -383.526643 Convergence criteria  Is converged 
Maximum Force:             0.006935     0.002850  No
RMS Force:                 0.003925     0.001900  No
Maximum Displacement:      0.001394     0.003150  Yes
RMS Displacement:          0.000788     0.002100  Yes

----------------------------------------------------------------------
                      Iteration: 54 [CG] (GDIIS)                      


                             Coordinates                              
----------------------------------------------------------------------
0    C               -0.7820              -1.0934               0.3403
1    C                1.3046               0.0421              -0.0326
2    C               -1.0761               1.6632               0.8598
3    C                1.9844              -0.4358               1.2382
4    C                2.2697               0.4198              -1.1347
5    N                0.3045              -0.9154              -0.5057
6    N               -2.0379              -1.3619              -0.2474
7    O               -1.6581               1.6476              -0.3805
8    H               -2.1919               0.8407              -0.4301
9    H                0.0167              -0.6823              -1.4492
10   H               -0.6014              -1.5153               1.3151
11   H                0.7419               0.9387               0.2485
12   H               -2.5581              -2.0885               0.2228
13   H               -2.0114              -1.5710              -1.2353
14   H               -0.4179               2.5163               0.9860
15   H               -1.6635               1.3541               1.7121
16   H                2.7602               0.2780               1.5174
17   H                1.7208               0.7238              -2.0294
18   H                2.4377              -1.4214               1.1178
19   H                1.2718              -0.4755               2.0643
20   H                2.8475               1.2848              -0.8061
21   H                2.9586              -0.3850              -1.3929


Energy:                 -383.527170 Convergence criteria  Is converged 
Maximum Force:             0.006830     0.002850  No
RMS Force:                 0.004392     0.001900  No
Maximum Displacement:      0.010982     0.003150  No
RMS Displacement:          0.006513     0.002100  No

----------------------------------------------------------------------
                          Iteration: 55 [CG]                          


                             Coordinates                              
----------------------------------------------------------------------
0    C               -0.7824              -1.0921               0.3403
1    C                1.3049               0.0423              -0.0327
2    C               -1.0771               1.6620               0.8600
3    C                1.9846              -0.4359               1.2381
4    C                2.2699               0.4196              -1.1349
5    N                0.3046              -0.9151              -0.5056
6    N               -2.0372              -1.3607              -0.2466
7    O               -1.6590               1.6478              -0.3805
8    H               -2.1924               0.8402              -0.4304
9    H                0.0165              -0.6819              -1.4489
10   H               -0.6013              -1.5157               1.3156
11   H                0.7428               0.9391               0.2484
12   H               -2.5584              -2.0879               0.2233
13   H               -2.0105              -1.5713              -1.2362
14   H               -0.4184               2.5157               0.9862
15   H               -1.6648               1.3545               1.7124
16   H                2.7605               0.2778               1.5175
17   H                1.7211               0.7235              -2.0296
18   H                2.4378              -1.4214               1.1174
19   H                1.2719              -0.4758               2.0641
20   H                2.8481               1.2844              -0.8065
21   H                2.9587              -0.3854              -1.3930


Energy:                 -383.527249 Convergence criteria  Is converged 
Maximum Force:             0.007066     0.002850  No
RMS Force:                 0.003969     0.001900  No
Maximum Displacement:      0.001366     0.003150  Yes
RMS Displacement:          0.000878     0.002100  Yes

----------------------------------------------------------------------
                          Iteration: 56 [CG]                          


                             Coordinates                              
----------------------------------------------------------------------
0    C               -0.7824              -1.0909               0.3407
1    C                1.3052               0.0425              -0.0327
2    C               -1.0779               1.6610               0.8601
3    C                1.9849              -0.4360               1.2380
4    C                2.2702               0.4194              -1.1350
5    N                0.3047              -0.9148              -0.5055
6    N               -2.0368              -1.3599              -0.2464
7    O               -1.6600               1.6478              -0.3805
8    H               -2.1929               0.8399              -0.4308
9    H                0.0163              -0.6816              -1.4486
10   H               -0.6013              -1.5160               1.3158
11   H                0.7436               0.9396               0.2483
12   H               -2.5585              -2.0872               0.2236
13   H               -2.0096              -1.5714              -1.2364
14   H               -0.4189               2.5150               0.9863
15   H               -1.6662               1.3548               1.7126
16   H                2.7608               0.2775               1.5177
17   H                1.7215               0.7233              -2.0298
18   H                2.4379              -1.4214               1.1171
19   H                1.2720              -0.4761               2.0639
20   H                2.8487               1.2840              -0.8068
21   H                2.9587              -0.3858              -1.3932


Energy:                 -383.527318 Convergence criteria  Is converged 
Maximum Force:             0.007088     0.002850  No
RMS Force:                 0.003918     0.001900  No
Maximum Displacement:      0.001413     0.003150  Yes
RMS Displacement:          0.000794     0.002100  Yes

----------------------------------------------------------------------
                          Iteration: 57 [CG]                          


                             Coordinates                              
----------------------------------------------------------------------
0    C               -0.7824              -1.0897               0.3412
1    C                1.3056               0.0426              -0.0327
2    C               -1.0787               1.6600               0.8602
3    C                1.9851              -0.4360               1.2379
4    C                2.2705               0.4192              -1.1352
5    N                0.3048              -0.9144              -0.5053
6    N               -2.0366              -1.3592              -0.2464
7    O               -1.6610               1.6478              -0.3804
8    H               -2.1934               0.8395              -0.4311
9    H                0.0161              -0.6812              -1.4483
10   H               -0.6013              -1.5162               1.3159
11   H                0.7445               0.9400               0.2482
12   H               -2.5585              -2.0864               0.2239
13   H               -2.0087              -1.5715              -1.2364
14   H               -0.4195               2.5141               0.9865
15   H               -1.6677               1.3551               1.7129
16   H                2.7610               0.2773               1.5179
17   H                1.7218               0.7230              -2.0301
18   H                2.4380              -1.4215               1.1167
19   H                1.2722              -0.4764               2.0637
20   H                2.8494               1.2836              -0.8071
21   H                2.9588              -0.3861              -1.3934


Energy:                 -383.527385 Convergence criteria  Is converged 
Maximum Force:             0.007060     0.002850  No
RMS Force:                 0.003905     0.001900  No
Maximum Displacement:      0.001418     0.003150  Yes
RMS Displacement:          0.000784     0.002100  Yes

----------------------------------------------------------------------
                          Iteration: 58 [CG]                          


                             Coordinates                              
----------------------------------------------------------------------
0    C               -0.7824              -1.0885               0.3417
1    C                1.3059               0.0428              -0.0328
2    C               -1.0794               1.6590               0.8603
3    C                1.9853              -0.4361               1.2378
4    C                2.2708               0.4189              -1.1354
5    N                0.3048              -0.9141              -0.5051
6    N               -2.0364              -1.3585              -0.2464
7    O               -1.6620               1.6478              -0.3803
8    H               -2.1939               0.8392              -0.4315
9    H                0.0159              -0.6808              -1.4480
10   H               -0.6013              -1.5164               1.3160
11   H                0.7453               0.9405               0.2481
12   H               -2.5586              -2.0855               0.2242
13   H               -2.0078              -1.5716              -1.2364
14   H               -0.4201               2.5132               0.9867
15   H               -1.6691               1.3555               1.7131
16   H                2.7613               0.2770               1.5180
17   H                1.7222               0.7227              -2.0303
18   H                2.4381              -1.4215               1.1163
19   H                1.2723              -0.4767               2.0635
20   H                2.8500               1.2832              -0.8075
21   H                2.9588              -0.3865              -1.3936


Energy:                 -383.527452 Convergence criteria  Is converged 
Maximum Force:             0.007028     0.002850  No
RMS Force:                 0.003901     0.001900  No
Maximum Displacement:      0.001412     0.003150  Yes
RMS Displacement:          0.000781     0.002100  Yes

----------------------------------------------------------------------
                      Iteration: 59 [CG] (GDIIS)                      


                             Coordinates                              
----------------------------------------------------------------------
0    C               -0.7826              -1.0912               0.3412
1    C                1.3052               0.0420              -0.0328
2    C               -1.0786               1.6639               0.8603
3    C                1.9847              -0.4361               1.2380
4    C                2.2701               0.4192              -1.1349
5    N                0.3045              -0.9152              -0.5054
6    N               -2.0386              -1.3589              -0.2468
7    O               -1.6599               1.6481              -0.3808
8    H               -2.1919               0.8396              -0.4304
9    H                0.0165              -0.6823              -1.4489
10   H               -0.6017              -1.5173               1.3155
11   H                0.7441               0.9398               0.2472
12   H               -2.5571              -2.0886               0.2229
13   H               -2.0095              -1.5720              -1.2355
14   H               -0.4178               2.5162               0.9861
15   H               -1.6657               1.3541               1.7130
16   H                2.7605               0.2776               1.5174
17   H                1.7210               0.7236              -2.0293
18   H                2.4380              -1.4217               1.1175
19   H                1.2719              -0.4762               2.0638
20   H                2.8477               1.2842              -0.8062
21   H                2.9591              -0.3854              -1.3934


Energy:                 -383.527272 Convergence criteria  Is converged 
Maximum Force:             0.006573     0.002850  No
RMS Force:                 0.003986     0.001900  No
Maximum Displacement:      0.004889     0.003150  No
RMS Displacement:          0.002333     0.002100  No

----------------------------------------------------------------------
                          Iteration: 60 [CG]                          


                             Coordinates                              
----------------------------------------------------------------------
0    C               -0.7828              -1.0900               0.3415
1    C                1.3055               0.0422              -0.0329
2    C               -1.0795               1.6628               0.8604
3    C                1.9850              -0.4362               1.2379
4    C                2.2704               0.4190              -1.1351
5    N                0.3045              -0.9148              -0.5052
6    N               -2.0380              -1.3581              -0.2464
7    O               -1.6607               1.6481              -0.3806
8    H               -2.1924               0.8393              -0.4308
9    H                0.0163              -0.6819              -1.4486
10   H               -0.6017              -1.5176               1.3157
11   H                0.7450               0.9403               0.2471
12   H               -2.5572              -2.0877               0.2232
13   H               -2.0086              -1.5722              -1.2359
14   H               -0.4184               2.5154               0.9863
15   H               -1.6670               1.3545               1.7131
16   H                2.7608               0.2773               1.5176
17   H                1.7213               0.7233              -2.0295
18   H                2.4381              -1.4217               1.1171
19   H                1.2720              -0.4765               2.0637
20   H                2.8483               1.2838              -0.8065
21   H                2.9592              -0.3857              -1.3936


Energy:                 -383.527341 Convergence criteria  Is converged 
Maximum Force:             0.006752     0.002850  No
RMS Force:                 0.003882     0.001900  No
Maximum Displacement:      0.001315     0.003150  Yes
RMS Displacement:          0.000797     0.002100  Yes

----------------------------------------------------------------------
                          Iteration: 61 [CG]                          


                             Coordinates                              
----------------------------------------------------------------------
0    C               -0.7828              -1.0889               0.3419
1    C                1.3058               0.0424              -0.0329
2    C               -1.0802               1.6618               0.8604
3    C                1.9852              -0.4363               1.2378
4    C                2.2707               0.4188              -1.1353
5    N                0.3046              -0.9145              -0.5050
6    N               -2.0377              -1.3575              -0.2463
7    O               -1.6617               1.6481              -0.3804
8    H               -2.1929               0.8390              -0.4311
9    H                0.0161              -0.6815              -1.4483
10   H               -0.6017              -1.5178               1.3157
11   H                0.7458               0.9407               0.2471
12   H               -2.5573              -2.0869               0.2235
13   H               -2.0077              -1.5722              -1.2359
14   H               -0.4191               2.5146               0.9864
15   H               -1.6684               1.3548               1.7133
16   H                2.7611               0.2771               1.5178
17   H                1.7217               0.7230              -2.0298
18   H                2.4382              -1.4217               1.1167
19   H                1.2721              -0.4768               2.0635
20   H                2.8490               1.2835              -0.8068
21   H                2.9592              -0.3861              -1.3938


Energy:                 -383.527407 Convergence criteria  Is converged 
Maximum Force:             0.006813     0.002850  No
RMS Force:                 0.003872     0.001900  No
Maximum Displacement:      0.001350     0.003150  Yes
RMS Displacement:          0.000776     0.002100  Yes

----------------------------------------------------------------------
                          Iteration: 62 [CG]                          


                             Coordinates                              
----------------------------------------------------------------------
0    C               -0.7828              -1.0877               0.3424
1    C                1.3061               0.0426              -0.0329
2    C               -1.0809               1.6608               0.8605
3    C                1.9854              -0.4363               1.2377
4    C                2.2710               0.4186              -1.1355
5    N                0.3046              -0.9141              -0.5048
6    N               -2.0373              -1.3569              -0.2463
7    O               -1.6626               1.6481              -0.3803
8    H               -2.1934               0.8386              -0.4315
9    H                0.0159              -0.6811              -1.4480
10   H               -0.6018              -1.5180               1.3158
11   H                0.7466               0.9411               0.2470
12   H               -2.5574              -2.0859               0.2237
13   H               -2.0068              -1.5722              -1.2359
14   H               -0.4197               2.5137               0.9866
15   H               -1.6697               1.3552               1.7135
16   H                2.7613               0.2769               1.5180
17   H                1.7221               0.7227              -2.0300
18   H                2.4383              -1.4217               1.1163
19   H                1.2723              -0.4771               2.0633
20   H                2.8497               1.2831              -0.8072
21   H                2.9593              -0.3865              -1.3940


Energy:                 -383.527473 Convergence criteria  Is converged 
Maximum Force:             0.006837     0.002850  No
RMS Force:                 0.003872     0.001900  No
Maximum Displacement:      0.001363     0.003150  Yes
RMS Displacement:          0.000774     0.002100  Yes

----------------------------------------------------------------------
                          Iteration: 63 [CG]                          


                             Coordinates                              
----------------------------------------------------------------------
0    C               -0.7828              -1.0866               0.3428
1    C                1.3064               0.0428              -0.0330
2    C               -1.0816               1.6598               0.8606
3    C                1.9856              -0.4364               1.2376
4    C                2.2713               0.4184              -1.1357
5    N                0.3046              -0.9138              -0.5046
6    N               -2.0370              -1.3563              -0.2463
7    O               -1.6636               1.6481              -0.3801
8    H               -2.1939               0.8383              -0.4318
9    H                0.0157              -0.6807              -1.4477
10   H               -0.6018              -1.5181               1.3158
11   H                0.7474               0.9416               0.2470
12   H               -2.5574              -2.0850               0.2240
13   H               -2.0059              -1.5723              -1.2358
14   H               -0.4204               2.5127               0.9868
15   H               -1.6711               1.3556               1.7136
16   H                2.7616               0.2766               1.5181
17   H                1.7224               0.7225              -2.0303
18   H                2.4384              -1.4218               1.1159
19   H                1.2724              -0.4774               2.0631
20   H                2.8503               1.2827              -0.8075
21   H                2.9593              -0.3869              -1.3941


Energy:                 -383.527539 Convergence criteria  Is converged 
Maximum Force:             0.006851     0.002850  No
RMS Force:                 0.003874     0.001900  No
Maximum Displacement:      0.001367     0.003150  Yes
RMS Displacement:          0.000774     0.002100  Yes

----------------------------------------------------------------------
                      Iteration: 64 [CG] (GDIIS)                      


                             Coordinates                              
----------------------------------------------------------------------
0    C               -0.7839              -1.0956               0.3406
1    C                1.3039               0.0404              -0.0331
2    C               -1.0795               1.6753               0.8604
3    C                1.9836              -0.4363               1.2383
4    C                2.2688               0.4199              -1.1341
5    N                0.3043              -0.9186              -0.5065
6    N               -2.0424              -1.3572              -0.2456
7    O               -1.6568               1.6497              -0.3810
8    H               -2.1873               0.8395              -0.4278
9    H                0.0171              -0.6859              -1.4502
10   H               -0.6032              -1.5226               1.3154
11   H                0.7450               0.9389               0.2441
12   H               -2.5545              -2.0961               0.2205
13   H               -2.0116              -1.5740              -1.2360
14   H               -0.4137               2.5257               0.9851
15   H               -1.6597               1.3516               1.7128
16   H                2.7591               0.2781               1.5166
17   H                1.7189               0.7249              -2.0276
18   H                2.4375              -1.4215               1.1192
19   H                1.2710              -0.4759               2.0643
20   H                2.8436               1.2859              -0.8034
21   H                2.9597              -0.3825              -1.3934


Energy:                 -383.526949 Convergence criteria  Is converged 
Maximum Force:             0.006032     0.002850  No
RMS Force:                 0.003861     0.001900  No
Maximum Displacement:      0.015524     0.003150  No
RMS Displacement:          0.007669     0.002100  No

----------------------------------------------------------------------
                          Iteration: 65 [CG]                          


                             Coordinates                              
----------------------------------------------------------------------
0    C               -0.7838              -1.0946               0.3409
1    C                1.3042               0.0405              -0.0331
2    C               -1.0801               1.6745               0.8606
3    C                1.9838              -0.4363               1.2382
4    C                2.2691               0.4197              -1.1343
5    N                0.3043              -0.9182              -0.5061
6    N               -2.0421              -1.3572              -0.2458
7    O               -1.6577               1.6497              -0.3808
8    H               -2.1878               0.8392              -0.4281
9    H                0.0168              -0.6855              -1.4499
10   H               -0.6032              -1.5229               1.3154
11   H                0.7456               0.9395               0.2442
12   H               -2.5545              -2.0948               0.2206
13   H               -2.0107              -1.5738              -1.2358
14   H               -0.4147               2.5246               0.9852
15   H               -1.6609               1.3521               1.7129
16   H                2.7594               0.2779               1.5168
17   H                1.7192               0.7246              -2.0279
18   H                2.4376              -1.4216               1.1188
19   H                1.2711              -0.4762               2.0642
20   H                2.8443               1.2855              -0.8037
21   H                2.9598              -0.3829              -1.3936


Energy:                 -383.527014 Convergence criteria  Is converged 
Maximum Force:             0.006071     0.002850  No
RMS Force:                 0.003799     0.001900  No
Maximum Displacement:      0.001206     0.003150  Yes
RMS Displacement:          0.000772     0.002100  Yes

----------------------------------------------------------------------
                          Iteration: 66 [CG]                          


                             Coordinates                              
----------------------------------------------------------------------
0    C               -0.7838              -1.0936               0.3413
1    C                1.3045               0.0407              -0.0332
2    C               -1.0807               1.6737               0.8607
3    C                1.9840              -0.4364               1.2381
4    C                2.2694               0.4195              -1.1345
5    N                0.3043              -0.9178              -0.5059
6    N               -2.0416              -1.3570              -0.2459
7    O               -1.6586               1.6497              -0.3806
8    H               -2.1882               0.8390              -0.4284
9    H                0.0166              -0.6852              -1.4495
10   H               -0.6032              -1.5231               1.3153
11   H                0.7463               0.9399               0.2442
12   H               -2.5546              -2.0938               0.2209
13   H               -2.0098              -1.5738              -1.2356
14   H               -0.4156               2.5236               0.9853
15   H               -1.6621               1.3526               1.7130
16   H                2.7597               0.2777               1.5170
17   H                1.7196               0.7243              -2.0282
18   H                2.4377              -1.4216               1.1184
19   H                1.2713              -0.4765               2.0640
20   H                2.8450               1.2851              -0.8041
21   H                2.9598              -0.3833              -1.3938


Energy:                 -383.527077 Convergence criteria  Is converged 
Maximum Force:             0.006191     0.002850  No
RMS Force:                 0.003782     0.001900  No
Maximum Displacement:      0.001214     0.003150  Yes
RMS Displacement:          0.000760     0.002100  Yes

----------------------------------------------------------------------
                          Iteration: 67 [CG]                          


                             Coordinates                              
----------------------------------------------------------------------
0    C               -0.7838              -1.0927               0.3417
1    C                1.3048               0.0408              -0.0332
2    C               -1.0814               1.6728               0.8608
3    C                1.9842              -0.4364               1.2380
4    C                2.2697               0.4193              -1.1347
5    N                0.3042              -0.9174              -0.5056
6    N               -2.0412              -1.3567              -0.2460
7    O               -1.6595               1.6497              -0.3804
8    H               -2.1886               0.8387              -0.4287
9    H                0.0164              -0.6848              -1.4492
10   H               -0.6032              -1.5232               1.3153
11   H                0.7470               0.9404               0.2443
12   H               -2.5547              -2.0927               0.2211
13   H               -2.0089              -1.5737              -1.2356
14   H               -0.4165               2.5227               0.9855
15   H               -1.6633               1.3530               1.7131
16   H                2.7600               0.2774               1.5171
17   H                1.7200               0.7240              -2.0285
18   H                2.4378              -1.4217               1.1180
19   H                1.2714              -0.4768               2.0638
20   H                2.8457               1.2847              -0.8045
21   H                2.9599              -0.3837              -1.3940


Energy:                 -383.527140 Convergence criteria  Is converged 
Maximum Force:             0.006293     0.002850  No
RMS Force:                 0.003774     0.001900  No
Maximum Displacement:      0.001238     0.003150  Yes
RMS Displacement:          0.000756     0.002100  Yes

----------------------------------------------------------------------
                          Iteration: 68 [CG]                          


                             Coordinates                              
----------------------------------------------------------------------
0    C               -0.7838              -1.0917               0.3421
1    C                1.3051               0.0410              -0.0332
2    C               -1.0820               1.6719               0.8609
3    C                1.9844              -0.4365               1.2379
4    C                2.2700               0.4190              -1.1349
5    N                0.3042              -0.9170              -0.5053
6    N               -2.0407              -1.3563              -0.2460
7    O               -1.6604               1.6497              -0.3802
8    H               -2.1891               0.8384              -0.4290
9    H                0.0162              -0.6844              -1.4489
10   H               -0.6032              -1.5234               1.3153
11   H                0.7476               0.9409               0.2443
12   H               -2.5548              -2.0917               0.2214
13   H               -2.0080              -1.5737              -1.2355
14   H               -0.4173               2.5218               0.9857
15   H               -1.6646               1.3535               1.7133
16   H                2.7602               0.2772               1.5173
17   H                1.7203               0.7237              -2.0288
18   H                2.4379              -1.4217               1.1175
19   H                1.2715              -0.4771               2.0637
20   H                2.8463               1.2843              -0.8048
21   H                2.9600              -0.3841              -1.3942


Energy:                 -383.527202 Convergence criteria  Is converged 
Maximum Force:             0.006376     0.002850  No
RMS Force:                 0.003770     0.001900  No
Maximum Displacement:      0.001259     0.003150  Yes
RMS Displacement:          0.000755     0.002100  Yes

----------------------------------------------------------------------
                      Iteration: 69 [CG] (GDIIS)                      


                             Coordinates                              
----------------------------------------------------------------------
0    C               -0.7845              -1.1232               0.3377
1    C                1.2976               0.0359              -0.0337
2    C               -1.0752               1.7200               0.8595
3    C                1.9784              -0.4356               1.2394
4    C                2.2632               0.4220              -1.1321
5    N                0.3026              -0.9287              -0.5086
6    N               -2.0465              -1.3710              -0.2471
7    O               -1.6478               1.6596              -0.3797
8    H               -2.1664               0.8408              -0.4124
9    H                0.0149              -0.7014              -1.4540
10   H               -0.6110              -1.5491               1.3141
11   H                0.7419               0.9367               0.2414
12   H               -2.5520              -2.1162               0.2138
13   H               -2.0172              -1.5741              -1.2392
14   H               -0.4150               2.5701               0.9828
15   H               -1.6317               1.3506               1.7087
16   H                2.7554               0.2781               1.5158
17   H                1.7142               0.7265              -2.0260
18   H                2.4353              -1.4189               1.1230
19   H                1.2677              -0.4764               2.0671
20   H                2.8329               1.2887              -0.7951
21   H                2.9630              -0.3707              -1.3968


Energy:                 -383.525873 Convergence criteria  Is converged 
Maximum Force:             0.005930     0.002850  No
RMS Force:                 0.003601     0.001900  No
Maximum Displacement:      0.048296     0.003150  No
RMS Displacement:          0.022350     0.002100  No

----------------------------------------------------------------------
                          Iteration: 70 [CG]                          


                             Coordinates                              
----------------------------------------------------------------------
0    C               -0.7844              -1.1224               0.3380
1    C                1.2979               0.0362              -0.0337
2    C               -1.0764               1.7192               0.8600
3    C                1.9787              -0.4357               1.2393
4    C                2.2636               0.4218              -1.1324
5    N                0.3027              -0.9285              -0.5082
6    N               -2.0460              -1.3707              -0.2471
7    O               -1.6484               1.6595              -0.3796
8    H               -2.1668               0.8406              -0.4127
9    H                0.0147              -0.7011              -1.4534
10   H               -0.6107              -1.5494               1.3140
11   H                0.7423               0.9371               0.2415
12   H               -2.5524              -2.1153               0.2139
13   H               -2.0164              -1.5743              -1.2394
14   H               -0.4159               2.5698               0.9828
15   H               -1.6325               1.3512               1.7089
16   H                2.7556               0.2780               1.5160
17   H                1.7145               0.7263              -2.0264
18   H                2.4354              -1.4192               1.1225
19   H                1.2678              -0.4767               2.0669
20   H                2.8335               1.2885              -0.7955
21   H                2.9630              -0.3713              -1.3968


Energy:                 -383.525929 Convergence criteria  Is converged 
Maximum Force:             0.004810     0.002850  No
RMS Force:                 0.003480     0.001900  No
Maximum Displacement:      0.001186     0.003150  Yes
RMS Displacement:          0.000720     0.002100  Yes

----------------------------------------------------------------------
                          Iteration: 71 [CG]                          


                             Coordinates                              
----------------------------------------------------------------------
0    C               -0.7843              -1.1216               0.3383
1    C                1.2983               0.0365              -0.0336
2    C               -1.0773               1.7185               0.8602
3    C                1.9789              -0.4359               1.2392
4    C                2.2640               0.4216              -1.1327
5    N                0.3028              -0.9282              -0.5078
6    N               -2.0456              -1.3703              -0.2472
7    O               -1.6491               1.6594              -0.3795
8    H               -2.1672               0.8404              -0.4130
9    H                0.0146              -0.7007              -1.4529
10   H               -0.6104              -1.5497               1.3138
11   H                0.7428               0.9376               0.2416
12   H               -2.5528              -2.1144               0.2140
13   H               -2.0157              -1.5744              -1.2394
14   H               -0.4167               2.5693               0.9829
15   H               -1.6334               1.3517               1.7092
16   H                2.7557               0.2779               1.5161
17   H                1.7149               0.7261              -2.0267
18   H                2.4355              -1.4195               1.1220
19   H                1.2679              -0.4769               2.0667
20   H                2.8342               1.2882              -0.7959
21   H                2.9629              -0.3720              -1.3969


Energy:                 -383.525982 Convergence criteria  Is converged 
Maximum Force:             0.005121     0.002850  No
RMS Force:                 0.003446     0.001900  No
Maximum Displacement:      0.000962     0.003150  Yes
RMS Displacement:          0.000696     0.002100  Yes

----------------------------------------------------------------------
                          Iteration: 72 [CG]                          


                             Coordinates                              
----------------------------------------------------------------------
0    C               -0.7843              -1.1208               0.3387
1    C                1.2986               0.0367              -0.0336
2    C               -1.0781               1.7179               0.8604
3    C                1.9792              -0.4360               1.2391
4    C                2.2643               0.4214              -1.1329
5    N                0.3030              -0.9278              -0.5074
6    N               -2.0452              -1.3700              -0.2473
7    O               -1.6498               1.6592              -0.3794
8    H               -2.1677               0.8402              -0.4132
9    H                0.0144              -0.7004              -1.4523
10   H               -0.6101              -1.5499               1.3137
11   H                0.7432               0.9380               0.2417
12   H               -2.5531              -2.1135               0.2140
13   H               -2.0149              -1.5745              -1.2395
14   H               -0.4176               2.5688               0.9829
15   H               -1.6345               1.3522               1.7096
16   H                2.7559               0.2778               1.5163
17   H                1.7152               0.7259              -2.0270
18   H                2.4356              -1.4197               1.1215
19   H                1.2680              -0.4772               2.0665
20   H                2.8348               1.2880              -0.7964
21   H                2.9629              -0.3726              -1.3969


Energy:                 -383.526034 Convergence criteria  Is converged 
Maximum Force:             0.005275     0.002850  No
RMS Force:                 0.003425     0.001900  No
Maximum Displacement:      0.001024     0.003150  Yes
RMS Displacement:          0.000689     0.002100  Yes

----------------------------------------------------------------------
                          Iteration: 73 [CG]                          


                             Coordinates                              
----------------------------------------------------------------------
0    C               -0.7842              -1.1200               0.3391
1    C                1.2989               0.0370              -0.0335
2    C               -1.0788               1.7174               0.8605
3    C                1.9795              -0.4362               1.2390
4    C                2.2646               0.4212              -1.1331
5    N                0.3031              -0.9275              -0.5071
6    N               -2.0448              -1.3696              -0.2474
7    O               -1.6504               1.6591              -0.3793
8    H               -2.1681               0.8399              -0.4135
9    H                0.0143              -0.7000              -1.4518
10   H               -0.6098              -1.5502               1.3136
11   H                0.7437               0.9384               0.2417
12   H               -2.5534              -2.1126               0.2141
13   H               -2.0142              -1.5746              -1.2395
14   H               -0.4185               2.5684               0.9830
15   H               -1.6355               1.3527               1.7099
16   H                2.7560               0.2776               1.5164
17   H                1.7155               0.7257              -2.0272
18   H                2.4357              -1.4199               1.1210
19   H                1.2681              -0.4775               2.0662
20   H                2.8354               1.2877              -0.7968
21   H                2.9628              -0.3732              -1.3970


Energy:                 -383.526085 Convergence criteria  Is converged 
Maximum Force:             0.005370     0.002850  No
RMS Force:                 0.003407     0.001900  No
Maximum Displacement:      0.001055     0.003150  Yes
RMS Displacement:          0.000685     0.002100  Yes

----------------------------------------------------------------------
                      Iteration: 74 [CG] (GDIIS)                      


                             Coordinates                              
----------------------------------------------------------------------
0    C               -0.7842              -1.1425               0.3382
1    C                1.2950               0.0340              -0.0337
2    C               -1.0824               1.7603               0.8621
3    C                1.9762              -0.4368               1.2396
4    C                2.2612               0.4231              -1.1326
5    N                0.3040              -0.9385              -0.5070
6    N               -2.0469              -1.3808              -0.2492
7    O               -1.6437               1.6672              -0.3777
8    H               -2.1502               0.8402              -0.4000
9    H                0.0116              -0.7131              -1.4511
10   H               -0.6134              -1.5787               1.3111
11   H                0.7447               0.9383               0.2394
12   H               -2.5550              -2.1281               0.2069
13   H               -2.0163              -1.5766              -1.2441
14   H               -0.4254               2.6121               0.9801
15   H               -1.6124               1.3548               1.7095
16   H                2.7525               0.2776               1.5164
17   H                1.7126               0.7265              -2.0278
18   H                2.4336              -1.4196               1.1212
19   H                1.2653              -0.4795               2.0675
20   H                2.8290               1.2901              -0.7915
21   H                2.9638              -0.3663              -1.3989


Energy:                 -383.525485 Convergence criteria  Is converged 
Maximum Force:             0.004967     0.002850  No
RMS Force:                 0.003302     0.001900  No
Maximum Displacement:      0.043752     0.003150  No
RMS Displacement:          0.018221     0.002100  No

----------------------------------------------------------------------
                          Iteration: 75 [CG]                          


                             Coordinates                              
----------------------------------------------------------------------
0    C               -0.7840              -1.1421               0.3386
1    C                1.2953               0.0343              -0.0337
2    C               -1.0832               1.7598               0.8623
3    C                1.9765              -0.4369               1.2395
4    C                2.2615               0.4228              -1.1328
5    N                0.3041              -0.9380              -0.5065
6    N               -2.0466              -1.3805              -0.2496
7    O               -1.6443               1.6670              -0.3776
8    H               -2.1506               0.8400              -0.4003
9    H                0.0116              -0.7127              -1.4506
10   H               -0.6129              -1.5790               1.3109
11   H                0.7448               0.9386               0.2395
12   H               -2.5553              -2.1271               0.2068
13   H               -2.0156              -1.5768              -1.2439
14   H               -0.4263               2.6119               0.9802
15   H               -1.6132               1.3553               1.7099
16   H                2.7527               0.2774               1.5165
17   H                1.7130               0.7263              -2.0279
18   H                2.4337              -1.4198               1.1207
19   H                1.2655              -0.4797               2.0672
20   H                2.8296               1.2898              -0.7921
21   H                2.9638              -0.3671              -1.3989


Energy:                 -383.525533 Convergence criteria  Is converged 
Maximum Force:             0.004895     0.002850  No
RMS Force:                 0.003234     0.001900  No
Maximum Displacement:      0.000993     0.003150  Yes
RMS Displacement:          0.000660     0.002100  Yes

----------------------------------------------------------------------
                          Iteration: 76 [CG]                          


                             Coordinates                              
----------------------------------------------------------------------
0    C               -0.7839              -1.1416               0.3390
1    C                1.2956               0.0346              -0.0336
2    C               -1.0839               1.7594               0.8625
3    C                1.9768              -0.4370               1.2394
4    C                2.2618               0.4226              -1.1329
5    N                0.3041              -0.9374              -0.5061
6    N               -2.0462              -1.3802              -0.2498
7    O               -1.6449               1.6668              -0.3775
8    H               -2.1510               0.8398              -0.4005
9    H                0.0115              -0.7123              -1.4502
10   H               -0.6125              -1.5793               1.3107
11   H                0.7449               0.9388               0.2396
12   H               -2.5556              -2.1261               0.2068
13   H               -2.0150              -1.5770              -1.2438
14   H               -0.4272               2.6117               0.9802
15   H               -1.6141               1.3558               1.7103
16   H                2.7528               0.2773               1.5167
17   H                1.7133               0.7262              -2.0281
18   H                2.4338              -1.4201               1.1203
19   H                1.2656              -0.4800               2.0669
20   H                2.8301               1.2895              -0.7926
21   H                2.9637              -0.3678              -1.3989


Energy:                 -383.525578 Convergence criteria  Is converged 
Maximum Force:             0.004812     0.002850  No
RMS Force:                 0.003204     0.001900  No
Maximum Displacement:      0.000979     0.003150  Yes
RMS Displacement:          0.000647     0.002100  Yes

----------------------------------------------------------------------
                          Iteration: 77 [CG]                          


                             Coordinates                              
----------------------------------------------------------------------
0    C               -0.7837              -1.1411               0.3393
1    C                1.2959               0.0349              -0.0335
2    C               -1.0846               1.7590               0.8626
3    C                1.9771              -0.4372               1.2393
4    C                2.2621               0.4223              -1.1331
5    N                0.3042              -0.9369              -0.5057
6    N               -2.0459              -1.3799              -0.2499
7    O               -1.6455               1.6666              -0.3774
8    H               -2.1515               0.8396              -0.4008
9    H                0.0115              -0.7119              -1.4497
10   H               -0.6121              -1.5796               1.3106
11   H                0.7451               0.9391               0.2397
12   H               -2.5560              -2.1251               0.2067
13   H               -2.0143              -1.5772              -1.2438
14   H               -0.4281               2.6114               0.9803
15   H               -1.6150               1.3562               1.7108
16   H                2.7530               0.2772               1.5169
17   H                1.7136               0.7260              -2.0282
18   H                2.4340              -1.4203               1.1198
19   H                1.2657              -0.4802               2.0666
20   H                2.8307               1.2892              -0.7931
21   H                2.9636              -0.3685              -1.3988


Energy:                 -383.525623 Convergence criteria  Is converged 
Maximum Force:             0.004761     0.002850  No
RMS Force:                 0.003181     0.001900  No
Maximum Displacement:      0.000962     0.003150  Yes
RMS Displacement:          0.000641     0.002100  Yes

----------------------------------------------------------------------
                          Iteration: 78 [CG]                          


                             Coordinates                              
----------------------------------------------------------------------
0    C               -0.7836              -1.1407               0.3396
1    C                1.2961               0.0352              -0.0334
2    C               -1.0852               1.7586               0.8628
3    C                1.9774              -0.4373               1.2392
4    C                2.2624               0.4221              -1.1332
5    N                0.3042              -0.9364              -0.5054
6    N               -2.0455              -1.3795              -0.2500
7    O               -1.6461               1.6664              -0.3773
8    H               -2.1520               0.8393              -0.4010
9    H                0.0115              -0.7115              -1.4493
10   H               -0.6117              -1.5799               1.3105
11   H                0.7453               0.9394               0.2398
12   H               -2.5563              -2.1242               0.2067
13   H               -2.0137              -1.5774              -1.2437
14   H               -0.4289               2.6112               0.9803
15   H               -1.6159               1.3567               1.7112
16   H                2.7532               0.2771               1.5171
17   H                1.7140               0.7258              -2.0284
18   H                2.4341              -1.4206               1.1194
19   H                1.2659              -0.4805               2.0663
20   H                2.8313               1.2889              -0.7937
21   H                2.9635              -0.3692              -1.3988


Energy:                 -383.525668 Convergence criteria  Is converged 
Maximum Force:             0.004731     0.002850  No
RMS Force:                 0.003160     0.001900  No
Maximum Displacement:      0.000952     0.003150  Yes
RMS Displacement:          0.000636     0.002100  Yes

----------------------------------------------------------------------
                      Iteration: 79 [CG] (GDIIS)                      


                             Coordinates                              
----------------------------------------------------------------------
0    C               -0.7820              -1.1565               0.3453
1    C                1.2967               0.0366              -0.0329
2    C               -1.1036               1.8019               0.8678
3    C                1.9783              -0.4402               1.2379
4    C                2.2638               0.4196              -1.1360
5    N                0.3059              -0.9409              -0.4985
6    N               -2.0414              -1.3857              -0.2544
7    O               -1.6512               1.6741              -0.3727
8    H               -2.1378               0.8348              -0.3893
9    H                0.0065              -0.7210              -1.4407
10   H               -0.6113              -1.6210               1.3055
11   H                0.7531               0.9461               0.2377
12   H               -2.5623              -2.1255               0.1983
13   H               -2.0021              -1.5828              -1.2482
14   H               -0.4533               2.6575               0.9783
15   H               -1.6060               1.3679               1.7164
16   H                2.7525               0.2739               1.5201
17   H                1.7167               0.7231              -2.0327
18   H                2.4337              -1.4238               1.1115
19   H                1.2648              -0.4881               2.0631
20   H                2.8342               1.2859              -0.7958
21   H                2.9646              -0.3723              -1.4024


Energy:                 -383.525844 Convergence criteria  Is converged 
Maximum Force:             0.004510     0.002850  No
RMS Force:                 0.002978     0.001900  No
Maximum Displacement:      0.046331     0.003150  No
RMS Displacement:          0.019875     0.002100  No

----------------------------------------------------------------------
                          Iteration: 80 [CG]                          


                             Coordinates                              
----------------------------------------------------------------------
0    C               -0.7818              -1.1564               0.3457
1    C                1.2969               0.0369              -0.0328
2    C               -1.1040               1.8015               0.8678
3    C                1.9786              -0.4402               1.2377
4    C                2.2640               0.4193              -1.1360
5    N                0.3059              -0.9402              -0.4984
6    N               -2.0411              -1.3852              -0.2545
7    O               -1.6517               1.6737              -0.3726
8    H               -2.1383               0.8347              -0.3894
9    H                0.0066              -0.7205              -1.4406
10   H               -0.6109              -1.6212               1.3053
11   H                0.7531               0.9462               0.2378
12   H               -2.5626              -2.1246               0.1983
13   H               -2.0015              -1.5831              -1.2482
14   H               -0.4541               2.6576               0.9784
15   H               -1.6069               1.3682               1.7169
16   H                2.7528               0.2737               1.5203
17   H                1.7170               0.7229              -2.0326
18   H                2.4339              -1.4238               1.1112
19   H                1.2650              -0.4884               2.0629
20   H                2.8347               1.2855              -0.7964
21   H                2.9644              -0.3730              -1.4023


Energy:                 -383.525883 Convergence criteria  Is converged 
Maximum Force:             0.004635     0.002850  No
RMS Force:                 0.002929     0.001900  No
Maximum Displacement:      0.000902     0.003150  Yes
RMS Displacement:          0.000596     0.002100  Yes

----------------------------------------------------------------------
                          Iteration: 81 [CG]                          


                             Coordinates                              
----------------------------------------------------------------------
0    C               -0.7816              -1.1563               0.3459
1    C                1.2971               0.0371              -0.0327
2    C               -1.1045               1.8012               0.8679
3    C                1.9788              -0.4403               1.2376
4    C                2.2641               0.4190              -1.1360
5    N                0.3058              -0.9396              -0.4982
6    N               -2.0409              -1.3847              -0.2547
7    O               -1.6523               1.6734              -0.3726
8    H               -2.1387               0.8344              -0.3896
9    H                0.0068              -0.7199              -1.4405
10   H               -0.6105              -1.6215               1.3053
11   H                0.7531               0.9464               0.2380
12   H               -2.5629              -2.1237               0.1983
13   H               -2.0010              -1.5834              -1.2482
14   H               -0.4548               2.6576               0.9784
15   H               -1.6077               1.3686               1.7173
16   H                2.7531               0.2735               1.5205
17   H                1.7173               0.7227              -2.0327
18   H                2.4340              -1.4239               1.1108
19   H                1.2652              -0.4886               2.0626
20   H                2.8352               1.2852              -0.7970
21   H                2.9642              -0.3737              -1.4021


Energy:                 -383.525920 Convergence criteria  Is converged 
Maximum Force:             0.004663     0.002850  No
RMS Force:                 0.002904     0.001900  No
Maximum Displacement:      0.000927     0.003150  Yes
RMS Displacement:          0.000586     0.002100  Yes

----------------------------------------------------------------------
                          Iteration: 82 [CG]                          


                             Coordinates                              
----------------------------------------------------------------------
0    C               -0.7813              -1.1561               0.3461
1    C                1.2973               0.0374              -0.0326
2    C               -1.1050               1.8008               0.8680
3    C                1.9791              -0.4403               1.2375
4    C                2.2643               0.4188              -1.1361
5    N                0.3058              -0.9391              -0.4981
6    N               -2.0406              -1.3842              -0.2548
7    O               -1.6528               1.6731              -0.3725
8    H               -2.1392               0.8341              -0.3897
9    H                0.0069              -0.7194              -1.4404
10   H               -0.6101              -1.6217               1.3053
11   H                0.7531               0.9466               0.2381
12   H               -2.5632              -2.1227               0.1982
13   H               -2.0004              -1.5837              -1.2482
14   H               -0.4556               2.6577               0.9784
15   H               -1.6085               1.3689               1.7177
16   H                2.7533               0.2733               1.5207
17   H                1.7176               0.7225              -2.0327
18   H                2.4341              -1.4239               1.1104
19   H                1.2653              -0.4889               2.0624
20   H                2.8357               1.2848              -0.7976
21   H                2.9639              -0.3743              -1.4019


Energy:                 -383.525957 Convergence criteria  Is converged 
Maximum Force:             0.004669     0.002850  No
RMS Force:                 0.002885     0.001900  No
Maximum Displacement:      0.000933     0.003150  Yes
RMS Displacement:          0.000581     0.002100  Yes

----------------------------------------------------------------------
                          Iteration: 83 [CG]                          


                             Coordinates                              
----------------------------------------------------------------------
0    C               -0.7811              -1.1560               0.3463
1    C                1.2975               0.0376              -0.0325
2    C               -1.1054               1.8005               0.8681
3    C                1.9793              -0.4403               1.2374
4    C                2.2645               0.4185              -1.1361
5    N                0.3058              -0.9385              -0.4979
6    N               -2.0403              -1.3837              -0.2549
7    O               -1.6533               1.6729              -0.3724
8    H               -2.1397               0.8338              -0.3899
9    H                0.0070              -0.7189              -1.4403
10   H               -0.6097              -1.6220               1.3052
11   H                0.7532               0.9467               0.2382
12   H               -2.5635              -2.1218               0.1982
13   H               -1.9998              -1.5839              -1.2481
14   H               -0.4564               2.6576               0.9785
15   H               -1.6093               1.3693               1.7180
16   H                2.7536               0.2732               1.5209
17   H                1.7179               0.7223              -2.0327
18   H                2.4343              -1.4240               1.1101
19   H                1.2655              -0.4892               2.0622
20   H                2.8363               1.2844              -0.7981
21   H                2.9637              -0.3750              -1.4018


Energy:                 -383.525994 Convergence criteria  Is converged 
Maximum Force:             0.004669     0.002850  No
RMS Force:                 0.002868     0.001900  No
Maximum Displacement:      0.000934     0.003150  Yes
RMS Displacement:          0.000577     0.002100  Yes

----------------------------------------------------------------------
                      Iteration: 84 [CG] (GDIIS)                      


                             Coordinates                              
----------------------------------------------------------------------
0    C               -0.7780              -1.1637               0.3553
1    C                1.3010               0.0425              -0.0312
2    C               -1.1287               1.8298               0.8736
3    C                1.9838              -0.4436               1.2347
4    C                2.2690               0.4119              -1.1397
5    N                0.3059              -0.9328              -0.4889
6    N               -2.0334              -1.3801              -0.2596
7    O               -1.6674               1.6765              -0.3668
8    H               -2.1345               0.8257              -0.3832
9    H                0.0035              -0.7201              -1.4308
10   H               -0.6058              -1.6601               1.3002
11   H                0.7620               0.9563               0.2371
12   H               -2.5700              -2.1094               0.1916
13   H               -1.9798              -1.5921              -1.2504
14   H               -0.4871               2.6923               0.9780
15   H               -1.6156               1.3836               1.7265
16   H                2.7571               0.2675               1.5262
17   H                1.7245               0.7173              -2.0368
18   H                2.4363              -1.4278               1.0985
19   H                1.2671              -0.4997               2.0560
20   H                2.8460               1.2763              -0.8071
21   H                2.9640              -0.3865              -1.4047


Energy:                 -383.526605 Convergence criteria  Is converged 
Maximum Force:             0.004708     0.002850  No
RMS Force:                 0.002711     0.001900  No
Maximum Displacement:      0.038113     0.003150  No
RMS Displacement:          0.019194     0.002100  No

----------------------------------------------------------------------
                          Iteration: 85 [CG]                          


                             Coordinates                              
----------------------------------------------------------------------
0    C               -0.7777              -1.1638               0.3554
1    C                1.3011               0.0427              -0.0311
2    C               -1.1292               1.8293               0.8738
3    C                1.9840              -0.4436               1.2347
4    C                2.2691               0.4117              -1.1396
5    N                0.3060              -0.9325              -0.4890
6    N               -2.0332              -1.3797              -0.2597
7    O               -1.6678               1.6761              -0.3667
8    H               -2.1349               0.8255              -0.3832
9    H                0.0036              -0.7195              -1.4309
10   H               -0.6055              -1.6602               1.3001
11   H                0.7621               0.9564               0.2373
12   H               -2.5703              -2.1084               0.1916
13   H               -1.9793              -1.5924              -1.2503
14   H               -0.4879               2.6924               0.9780
15   H               -1.6162               1.3839               1.7266
16   H                2.7574               0.2673               1.5264
17   H                1.7247               0.7170              -2.0369
18   H                2.4365              -1.4277               1.0981
19   H                1.2672              -0.5000               2.0559
20   H                2.8466               1.2759              -0.8076
21   H                2.9636              -0.3871              -1.4044


Energy:                 -383.526637 Convergence criteria  Is converged 
Maximum Force:             0.004653     0.002850  No
RMS Force:                 0.002677     0.001900  No
Maximum Displacement:      0.000942     0.003150  Yes
RMS Displacement:          0.000542     0.002100  Yes

----------------------------------------------------------------------
                          Iteration: 86 [CG]                          


                             Coordinates                              
----------------------------------------------------------------------
0    C               -0.7775              -1.1638               0.3554
1    C                1.3013               0.0429              -0.0311
2    C               -1.1295               1.8289               0.8739
3    C                1.9842              -0.4435               1.2347
4    C                2.2692               0.4116              -1.1396
5    N                0.3060              -0.9322              -0.4891
6    N               -2.0331              -1.3792              -0.2598
7    O               -1.6682               1.6758              -0.3666
8    H               -2.1354               0.8253              -0.3832
9    H                0.0037              -0.7188              -1.4309
10   H               -0.6051              -1.6603               1.3000
11   H                0.7623               0.9565               0.2375
12   H               -2.5706              -2.1075               0.1917
13   H               -1.9788              -1.5926              -1.2503
14   H               -0.4886               2.6924               0.9780
15   H               -1.6170               1.3842               1.7268
16   H                2.7577               0.2671               1.5265
17   H                1.7248               0.7168              -2.0369
18   H                2.4366              -1.4276               1.0978
19   H                1.2674              -0.5002               2.0558
20   H                2.8472               1.2756              -0.8081
21   H                2.9632              -0.3877              -1.4041


Energy:                 -383.526668 Convergence criteria  Is converged 
Maximum Force:             0.004634     0.002850  No
RMS Force:                 0.002661     0.001900  No
Maximum Displacement:      0.000931     0.003150  Yes
RMS Displacement:          0.000535     0.002100  Yes

----------------------------------------------------------------------
                          Iteration: 87 [CG]                          


                             Coordinates                              
----------------------------------------------------------------------
0    C               -0.7773              -1.1637               0.3554
1    C                1.3014               0.0430              -0.0310
2    C               -1.1299               1.8286               0.8740
3    C                1.9844              -0.4435               1.2347
4    C                2.2692               0.4114              -1.1396
5    N                0.3061              -0.9319              -0.4891
6    N               -2.0329              -1.3788              -0.2599
7    O               -1.6686               1.6755              -0.3665
8    H               -2.1358               0.8250              -0.3832
9    H                0.0038              -0.7182              -1.4310
10   H               -0.6047              -1.6604               1.2999
11   H                0.7624               0.9567               0.2377
12   H               -2.5709              -2.1066               0.1918
13   H               -1.9783              -1.5929              -1.2502
14   H               -0.4894               2.6924               0.9780
15   H               -1.6177               1.3845               1.7270
16   H                2.7580               0.2669               1.5267
17   H                1.7250               0.7165              -2.0370
18   H                2.4368              -1.4274               1.0974
19   H                1.2676              -0.5005               2.0558
20   H                2.8478               1.2752              -0.8085
21   H                2.9628              -0.3883              -1.4039


Energy:                 -383.526700 Convergence criteria  Is converged 
Maximum Force:             0.004627     0.002850  No
RMS Force:                 0.002648     0.001900  No
Maximum Displacement:      0.000927     0.003150  Yes
RMS Displacement:          0.000532     0.002100  Yes

----------------------------------------------------------------------
                          Iteration: 88 [CG]                          


                             Coordinates                              
----------------------------------------------------------------------
0    C               -0.7771              -1.1637               0.3554
1    C                1.3015               0.0432              -0.0309
2    C               -1.1302               1.8282               0.8741
3    C                1.9845              -0.4435               1.2346
4    C                2.2693               0.4113              -1.1396
5    N                0.3062              -0.9316              -0.4892
6    N               -2.0327              -1.3783              -0.2600
7    O               -1.6689               1.6752              -0.3664
8    H               -2.1362               0.8247              -0.3832
9    H                0.0040              -0.7175              -1.4310
10   H               -0.6044              -1.6605               1.2998
11   H                0.7626               0.9568               0.2379
12   H               -2.5712              -2.1057               0.1919
13   H               -1.9778              -1.5932              -1.2502
14   H               -0.4902               2.6924               0.9780
15   H               -1.6184               1.3848               1.7272
16   H                2.7583               0.2668               1.5269
17   H                1.7251               0.7163              -2.0370
18   H                2.4369              -1.4273               1.0971
19   H                1.2678              -0.5007               2.0557
20   H                2.8484               1.2749              -0.8090
21   H                2.9625              -0.3889              -1.4036


Energy:                 -383.526730 Convergence criteria  Is converged 
Maximum Force:             0.004622     0.002850  No
RMS Force:                 0.002636     0.001900  No
Maximum Displacement:      0.000925     0.003150  Yes
RMS Displacement:          0.000530     0.002100  Yes

----------------------------------------------------------------------
                      Iteration: 89 [CG] (GDIIS)                      


                             Coordinates                              
----------------------------------------------------------------------
0    C               -0.7691              -1.1860               0.3617
1    C                1.3038               0.0499              -0.0280
2    C               -1.1554               1.8679               0.8809
3    C                1.9896              -0.4456               1.2322
4    C                2.2724               0.4043              -1.1421
5    N                0.3083              -0.9270              -0.4829
6    N               -2.0220              -1.3782              -0.2678
7    O               -1.6829               1.6769              -0.3590
8    H               -2.1298               0.8147              -0.3691
9    H                0.0012              -0.7138              -1.4232
10   H               -0.5956              -1.7093               1.2926
11   H                0.7694               0.9664               0.2426
12   H               -2.5860              -2.0858               0.1845
13   H               -1.9548              -1.6047              -1.2552
14   H               -0.5364               2.7487               0.9760
15   H               -1.6214               1.4048               1.7369
16   H                2.7648               0.2588               1.5347
17   H                1.7325               0.7076              -2.0426
18   H                2.4399              -1.4282               1.0807
19   H                1.2710              -0.5150               2.0503
20   H                2.8646               1.2631              -0.8228
21   H                2.9557              -0.4057              -1.4017


Energy:                 -383.527437 Convergence criteria  Is converged 
Maximum Force:             0.004601     0.002850  No
RMS Force:                 0.002523     0.001900  No
Maximum Displacement:      0.056297     0.003150  No
RMS Displacement:          0.026573     0.002100  No

----------------------------------------------------------------------
                          Iteration: 90 [CG]                          


                             Coordinates                              
----------------------------------------------------------------------
0    C               -0.7689              -1.1858               0.3613
1    C                1.3039               0.0501              -0.0279
2    C               -1.1558               1.8675               0.8807
3    C                1.9897              -0.4456               1.2323
4    C                2.2725               0.4042              -1.1421
5    N                0.3085              -0.9269              -0.4830
6    N               -2.0220              -1.3777              -0.2677
7    O               -1.6830               1.6767              -0.3587
8    H               -2.1300               0.8144              -0.3689
9    H                0.0013              -0.7132              -1.4232
10   H               -0.5952              -1.7094               1.2923
11   H                0.7696               0.9665               0.2427
12   H               -2.5861              -2.0848               0.1846
13   H               -1.9545              -1.6051              -1.2551
14   H               -0.5372               2.7486               0.9759
15   H               -1.6219               1.4051               1.7369
16   H                2.7650               0.2587               1.5347
17   H                1.7325               0.7073              -2.0426
18   H                2.4401              -1.4281               1.0805
19   H                1.2712              -0.5152               2.0504
20   H                2.8651               1.2628              -0.8230
21   H                2.9553              -0.4063              -1.4014


Energy:                 -383.527465 Convergence criteria  Is converged 
Maximum Force:             0.004316     0.002850  No
RMS Force:                 0.002450     0.001900  No
Maximum Displacement:      0.000920     0.003150  Yes
RMS Displacement:          0.000505     0.002100  Yes

----------------------------------------------------------------------
                          Iteration: 91 [CG]                          


                             Coordinates                              
----------------------------------------------------------------------
0    C               -0.7687              -1.1856               0.3611
1    C                1.3040               0.0502              -0.0278
2    C               -1.1562               1.8672               0.8807
3    C                1.9899              -0.4456               1.2323
4    C                2.2726               0.4041              -1.1421
5    N                0.3087              -0.9267              -0.4832
6    N               -2.0219              -1.3772              -0.2678
7    O               -1.6832               1.6764              -0.3586
8    H               -2.1303               0.8142              -0.3688
9    H                0.0014              -0.7125              -1.4231
10   H               -0.5948              -1.7094               1.2920
11   H                0.7697               0.9667               0.2428
12   H               -2.5862              -2.0840               0.1847
13   H               -1.9543              -1.6055              -1.2549
14   H               -0.5381               2.7484               0.9758
15   H               -1.6224               1.4053               1.7370
16   H                2.7652               0.2586               1.5348
17   H                1.7325               0.7071              -2.0426
18   H                2.4403              -1.4281               1.0802
19   H                1.2714              -0.5154               2.0505
20   H                2.8656               1.2625              -0.8233
21   H                2.9549              -0.4069              -1.4011


Energy:                 -383.527491 Convergence criteria  Is converged 
Maximum Force:             0.004259     0.002850  No
RMS Force:                 0.002421     0.001900  No
Maximum Displacement:      0.000863     0.003150  Yes
RMS Displacement:          0.000490     0.002100  Yes

----------------------------------------------------------------------
                          Iteration: 92 [CG]                          


                             Coordinates                              
----------------------------------------------------------------------
0    C               -0.7685              -1.1855               0.3609
1    C                1.3041               0.0503              -0.0277
2    C               -1.1566               1.8670               0.8807
3    C                1.9900              -0.4457               1.2323
4    C                2.2726               0.4040              -1.1421
5    N                0.3088              -0.9265              -0.4833
6    N               -2.0218              -1.3767              -0.2679
7    O               -1.6834               1.6761              -0.3585
8    H               -2.1306               0.8139              -0.3686
9    H                0.0015              -0.7118              -1.4231
10   H               -0.5945              -1.7095               1.2916
11   H                0.7699               0.9668               0.2429
12   H               -2.5863              -2.0831               0.1848
13   H               -1.9540              -1.6058              -1.2548
14   H               -0.5389               2.7483               0.9757
15   H               -1.6230               1.4055               1.7371
16   H                2.7654               0.2585               1.5349
17   H                1.7325               0.7068              -2.0426
18   H                2.4405              -1.4281               1.0799
19   H                1.2716              -0.5156               2.0506
20   H                2.8660               1.2622              -0.8235
21   H                2.9546              -0.4075              -1.4008


Energy:                 -383.527517 Convergence criteria  Is converged 
Maximum Force:             0.004247     0.002850  No
RMS Force:                 0.002400     0.001900  No
Maximum Displacement:      0.000852     0.003150  Yes
RMS Displacement:          0.000484     0.002100  Yes

----------------------------------------------------------------------
                          Iteration: 93 [CG]                          


                             Coordinates                              
----------------------------------------------------------------------
0    C               -0.7683              -1.1853               0.3607
1    C                1.3043               0.0505              -0.0276
2    C               -1.1570               1.8667               0.8807
3    C                1.9902              -0.4457               1.2323
4    C                2.2727               0.4039              -1.1420
5    N                0.3090              -0.9264              -0.4834
6    N               -2.0217              -1.3762              -0.2680
7    O               -1.6837               1.6758              -0.3584
8    H               -2.1308               0.8137              -0.3684
9    H                0.0016              -0.7111              -1.4231
10   H               -0.5941              -1.7095               1.2913
11   H                0.7700               0.9669               0.2430
12   H               -2.5865              -2.0823               0.1849
13   H               -1.9538              -1.6062              -1.2547
14   H               -0.5397               2.7482               0.9757
15   H               -1.6235               1.4057               1.7372
16   H                2.7656               0.2584               1.5349
17   H                1.7325               0.7066              -2.0426
18   H                2.4407              -1.4280               1.0796
19   H                1.2719              -0.5158               2.0506
20   H                2.8665               1.2619              -0.8238
21   H                2.9542              -0.4081              -1.4005


Energy:                 -383.527542 Convergence criteria  Is converged 
Maximum Force:             0.004248     0.002850  No
RMS Force:                 0.002384     0.001900  No
Maximum Displacement:      0.000849     0.003150  Yes
RMS Displacement:          0.000480     0.002100  Yes

----------------------------------------------------------------------
                      Iteration: 94 [CG] (GDIIS)                      


                             Coordinates                              
----------------------------------------------------------------------
0    C               -0.7619              -1.2015               0.3630
1    C                1.3059               0.0551              -0.0252
2    C               -1.1751               1.8943               0.8854
3    C                1.9937              -0.4472               1.2311
4    C                2.2745               0.3996              -1.1434
5    N                0.3121              -0.9247              -0.4804
6    N               -2.0143              -1.3758              -0.2737
7    O               -1.6920               1.6757              -0.3531
8    H               -2.1266               0.8065              -0.3571
9    H                0.0002              -0.7061              -1.4177
10   H               -0.5861              -1.7428               1.2848
11   H                0.7749               0.9733               0.2471
12   H               -2.5982              -2.0665               0.1800
13   H               -1.9390              -1.6154              -1.2581
14   H               -0.5745               2.7883               0.9734
15   H               -1.6249               1.4201               1.7440
16   H                2.7702               0.2531               1.5402
17   H                1.7369               0.6998              -2.0466
18   H                2.4432              -1.4282               1.0676
19   H                1.2747              -0.5259               2.0480
20   H                2.8791               1.2535              -0.8336
21   H                2.9469              -0.4215              -1.3972


Energy:                 -383.527994 Convergence criteria  Is converged 
Maximum Force:             0.004649     0.002850  No
RMS Force:                 0.002369     0.001900  No
Maximum Displacement:      0.040146     0.003150  No
RMS Displacement:          0.019140     0.002100  No

----------------------------------------------------------------------
                          Iteration: 95 [CG]                          


                             Coordinates                              
----------------------------------------------------------------------
0    C               -0.7617              -1.2013               0.3628
1    C                1.3061               0.0552              -0.0251
2    C               -1.1755               1.8940               0.8852
3    C                1.9939              -0.4473               1.2311
4    C                2.2746               0.3995              -1.1433
5    N                0.3122              -0.9244              -0.4805
6    N               -2.0143              -1.3754              -0.2737
7    O               -1.6922               1.6754              -0.3530
8    H               -2.1267               0.8063              -0.3569
9    H                0.0003              -0.7054              -1.4177
10   H               -0.5858              -1.7427               1.2842
11   H                0.7750               0.9734               0.2472
12   H               -2.5981              -2.0656               0.1801
13   H               -1.9389              -1.6159              -1.2579
14   H               -0.5754               2.7881               0.9734
15   H               -1.6253               1.4203               1.7440
16   H                2.7703               0.2530               1.5402
17   H                1.7369               0.6996              -2.0464
18   H                2.4434              -1.4282               1.0674
19   H                1.2750              -0.5261               2.0481
20   H                2.8794               1.2532              -0.8337
21   H                2.9465              -0.4221              -1.3969


Energy:                 -383.528019 Convergence criteria  Is converged 
Maximum Force:             0.004224     0.002850  No
RMS Force:                 0.002311     0.001900  No
Maximum Displacement:      0.000930     0.003150  Yes
RMS Displacement:          0.000474     0.002100  Yes

----------------------------------------------------------------------
                          Iteration: 96 [CG]                          


                             Coordinates                              
----------------------------------------------------------------------
0    C               -0.7616              -1.2010               0.3626
1    C                1.3062               0.0552              -0.0250
2    C               -1.1758               1.8938               0.8852
3    C                1.9941              -0.4474               1.2311
4    C                2.2747               0.3993              -1.1433
5    N                0.3123              -0.9242              -0.4806
6    N               -2.0142              -1.3749              -0.2737
7    O               -1.6924               1.6752              -0.3529
8    H               -2.1269               0.8060              -0.3566
9    H                0.0004              -0.7047              -1.4177
10   H               -0.5855              -1.7427               1.2837
11   H                0.7751               0.9735               0.2472
12   H               -2.5980              -2.0647               0.1802
13   H               -1.9388              -1.6163              -1.2577
14   H               -0.5762               2.7880               0.9733
15   H               -1.6257               1.4205               1.7441
16   H                2.7704               0.2529               1.5403
17   H                1.7368               0.6994              -2.0463
18   H                2.4437              -1.4282               1.0672
19   H                1.2753              -0.5263               2.0482
20   H                2.8797               1.2529              -0.8339
21   H                2.9462              -0.4226              -1.3967


Energy:                 -383.528042 Convergence criteria  Is converged 
Maximum Force:             0.004096     0.002850  No
RMS Force:                 0.002279     0.001900  No
Maximum Displacement:      0.000845     0.003150  Yes
RMS Displacement:          0.000462     0.002100  Yes

----------------------------------------------------------------------
                          Iteration: 97 [CG]                          


                             Coordinates                              
----------------------------------------------------------------------
0    C               -0.7614              -1.2008               0.3624
1    C                1.3063               0.0553              -0.0249
2    C               -1.1762               1.8935               0.8852
3    C                1.9942              -0.4474               1.2311
4    C                2.2748               0.3991              -1.1432
5    N                0.3125              -0.9240              -0.4807
6    N               -2.0141              -1.3744              -0.2738
7    O               -1.6926               1.6749              -0.3529
8    H               -2.1270               0.8058              -0.3564
9    H                0.0005              -0.7040              -1.4177
10   H               -0.5852              -1.7426               1.2833
11   H                0.7752               0.9736               0.2472
12   H               -2.5980              -2.0639               0.1803
13   H               -1.9387              -1.6167              -1.2576
14   H               -0.5769               2.7878               0.9732
15   H               -1.6262               1.4207               1.7441
16   H                2.7706               0.2529               1.5403
17   H                1.7368               0.6992              -2.0462
18   H                2.4439              -1.4282               1.0670
19   H                1.2756              -0.5265               2.0483
20   H                2.8801               1.2526              -0.8340
21   H                2.9459              -0.4232              -1.3965


Energy:                 -383.528065 Convergence criteria  Is converged 
Maximum Force:             0.004047     0.002850  No
RMS Force:                 0.002256     0.001900  No
Maximum Displacement:      0.000819     0.003150  Yes
RMS Displacement:          0.000456     0.002100  Yes

----------------------------------------------------------------------
                          Iteration: 98 [CG]                          


                             Coordinates                              
----------------------------------------------------------------------
0    C               -0.7612              -1.2006               0.3622
1    C                1.3065               0.0554              -0.0248
2    C               -1.1765               1.8933               0.8851
3    C                1.9944              -0.4475               1.2311
4    C                2.2749               0.3990              -1.1432
5    N                0.3126              -0.9237              -0.4809
6    N               -2.0140              -1.3739              -0.2739
7    O               -1.6928               1.6746              -0.3528
8    H               -2.1272               0.8055              -0.3562
9    H                0.0006              -0.7033              -1.4177
10   H               -0.5849              -1.7426               1.2828
11   H                0.7753               0.9737               0.2473
12   H               -2.5980              -2.0631               0.1805
13   H               -1.9387              -1.6171              -1.2574
14   H               -0.5777               2.7877               0.9731
15   H               -1.6266               1.4208               1.7442
16   H                2.7707               0.2528               1.5403
17   H                1.7368               0.6989              -2.0461
18   H                2.4442              -1.4282               1.0668
19   H                1.2758              -0.5267               2.0484
20   H                2.8804               1.2523              -0.8342
21   H                2.9455              -0.4237              -1.3962


Energy:                 -383.528087 Convergence criteria  Is converged 
Maximum Force:             0.004024     0.002850  No
RMS Force:                 0.002236     0.001900  No
Maximum Displacement:      0.000809     0.003150  Yes
RMS Displacement:          0.000451     0.002100  Yes

----------------------------------------------------------------------
                      Iteration: 99 [CG] (GDIIS)                      


                             Coordinates                              
----------------------------------------------------------------------
0    C               -0.7515              -1.2176               0.3611
1    C                1.3104               0.0613              -0.0203
2    C               -1.2052               1.9274               0.8903
3    C                2.0009              -0.4507               1.2302
4    C                2.2781               0.3911              -1.1433
5    N                0.3181              -0.9190              -0.4799
6    N               -2.0063              -1.3636              -0.2816
7    O               -1.7047               1.6698              -0.3458
8    H               -2.1229               0.7922              -0.3380
9    H                0.0013              -0.6863              -1.4120
10   H               -0.5703              -1.7835               1.2661
11   H                0.7833               0.9824               0.2510
12   H               -2.6095              -2.0326               0.1754
13   H               -1.9210              -1.6365              -1.2579
14   H               -0.6304               2.8367               0.9681
15   H               -1.6333               1.4394               1.7537
16   H                2.7777               0.2459               1.5463
17   H                1.7401               0.6879              -2.0476
18   H                2.4512              -1.4285               1.0503
19   H                1.2837              -0.5417               2.0472
20   H                2.8992               1.2378              -0.8473
21   H                2.9310              -0.4481              -1.3876


Energy:                 -383.528816 Convergence criteria  Is converged 
Maximum Force:             0.003570     0.002850  No
RMS Force:                 0.002328     0.001900  No
Maximum Displacement:      0.052765     0.003150  No
RMS Displacement:          0.027153     0.002100  No

----------------------------------------------------------------------
                         Iteration: 100 [CG]                          


                             Coordinates                              
----------------------------------------------------------------------
0    C               -0.7514              -1.2172               0.3607
1    C                1.3105               0.0614              -0.0202
2    C               -1.2058               1.9267               0.8905
3    C                2.0010              -0.4508               1.2302
4    C                2.2782               0.3909              -1.1433
5    N                0.3181              -0.9187              -0.4800
6    N               -2.0057              -1.3632              -0.2820
7    O               -1.7049               1.6696              -0.3459
8    H               -2.1230               0.7918              -0.3378
9    H                0.0013              -0.6857              -1.4120
10   H               -0.5701              -1.7836               1.2658
11   H                0.7834               0.9824               0.2511
12   H               -2.6096              -2.0321               0.1760
13   H               -1.9212              -1.6367              -1.2577
14   H               -0.6310               2.8369               0.9681
15   H               -1.6335               1.4397               1.7535
16   H                2.7778               0.2458               1.5463
17   H                1.7401               0.6877              -2.0474
18   H                2.4515              -1.4285               1.0502
19   H                1.2840              -0.5419               2.0473
20   H                2.8994               1.2374              -0.8473
21   H                2.9308              -0.4485              -1.3876


Energy:                 -383.528837 Convergence criteria  Is converged 
Maximum Force:             0.003636     0.002850  No
RMS Force:                 0.002048     0.001900  No
Maximum Displacement:      0.000714     0.003150  Yes
RMS Displacement:          0.000466     0.002100  Yes

----------------------------------------------------------------------
                         Iteration: 101 [CG]                          


                             Coordinates                              
----------------------------------------------------------------------
0    C               -0.7513              -1.2168               0.3605
1    C                1.3106               0.0614              -0.0201
2    C               -1.2061               1.9263               0.8905
3    C                2.0012              -0.4508               1.2302
4    C                2.2783               0.3907              -1.1432
5    N                0.3181              -0.9183              -0.4801
6    N               -2.0054              -1.3630              -0.2822
7    O               -1.7051               1.6694              -0.3459
8    H               -2.1230               0.7915              -0.3377
9    H                0.0012              -0.6850              -1.4120
10   H               -0.5699              -1.7836               1.2655
11   H                0.7834               0.9824               0.2511
12   H               -2.6096              -2.0313               0.1764
13   H               -1.9213              -1.6369              -1.2577
14   H               -0.6316               2.8369               0.9680
15   H               -1.6338               1.4398               1.7535
16   H                2.7779               0.2458               1.5463
17   H                1.7401               0.6876              -2.0472
18   H                2.4517              -1.4285               1.0502
19   H                1.2842              -0.5421               2.0474
20   H                2.8997               1.2371              -0.8474
21   H                2.9307              -0.4489              -1.3875


Energy:                 -383.528856 Convergence criteria  Is converged 
Maximum Force:             0.003798     0.002850  No
RMS Force:                 0.002009     0.001900  No
Maximum Displacement:      0.000727     0.003150  Yes
RMS Displacement:          0.000410     0.002100  Yes

----------------------------------------------------------------------
                         Iteration: 102 [CG]                          


                             Coordinates                              
----------------------------------------------------------------------
0    C               -0.7512              -1.2164               0.3603
1    C                1.3107               0.0615              -0.0201
2    C               -1.2064               1.9260               0.8904
3    C                2.0013              -0.4509               1.2302
4    C                2.2784               0.3904              -1.1431
5    N                0.3181              -0.9179              -0.4802
6    N               -2.0052              -1.3628              -0.2824
7    O               -1.7054               1.6691              -0.3459
8    H               -2.1231               0.7912              -0.3376
9    H                0.0012              -0.6844              -1.4121
10   H               -0.5697              -1.7836               1.2651
11   H                0.7835               0.9825               0.2512
12   H               -2.6096              -2.0306               0.1769
13   H               -1.9214              -1.6372              -1.2577
14   H               -0.6323               2.8368               0.9680
15   H               -1.6341               1.4399               1.7535
16   H                2.7780               0.2458               1.5463
17   H                1.7401               0.6874              -2.0471
18   H                2.4520              -1.4285               1.0501
19   H                1.2845              -0.5422               2.0476
20   H                2.9000               1.2368              -0.8474
21   H                2.9306              -0.4493              -1.3875


Energy:                 -383.528873 Convergence criteria  Is converged 
Maximum Force:             0.003810     0.002850  No
RMS Force:                 0.001991     0.001900  No
Maximum Displacement:      0.000760     0.003150  Yes
RMS Displacement:          0.000402     0.002100  Yes

----------------------------------------------------------------------
                         Iteration: 103 [CG]                          


                             Coordinates                              
----------------------------------------------------------------------
0    C               -0.7511              -1.2160               0.3601
1    C                1.3108               0.0615              -0.0200
2    C               -1.2066               1.9257               0.8904
3    C                2.0014              -0.4510               1.2302
4    C                2.2785               0.3902              -1.1431
5    N                0.3181              -0.9176              -0.4804
6    N               -2.0050              -1.3626              -0.2825
7    O               -1.7057               1.6689              -0.3459
8    H               -2.1232               0.7908              -0.3375
9    H                0.0012              -0.6837              -1.4121
10   H               -0.5696              -1.7835               1.2647
11   H                0.7835               0.9825               0.2513
12   H               -2.6096              -2.0298               0.1773
13   H               -1.9214              -1.6374              -1.2577
14   H               -0.6329               2.8368               0.9679
15   H               -1.6345               1.4400               1.7536
16   H                2.7781               0.2458               1.5463
17   H                1.7401               0.6872              -2.0469
18   H                2.4522              -1.4285               1.0501
19   H                1.2848              -0.5424               2.0477
20   H                2.9002               1.2364              -0.8475
21   H                2.9304              -0.4497              -1.3875


Energy:                 -383.528891 Convergence criteria  Is converged 
Maximum Force:             0.003791     0.002850  No
RMS Force:                 0.001977     0.001900  No
Maximum Displacement:      0.000762     0.003150  Yes
RMS Displacement:          0.000398     0.002100  Yes

----------------------------------------------------------------------
                     Iteration: 104 [CG] (GDIIS)                      


                             Coordinates                              
----------------------------------------------------------------------
0    C               -0.7444              -1.2366               0.3577
1    C                1.3116               0.0639              -0.0167
2    C               -1.2284               1.9684               0.8945
3    C                2.0047              -0.4537               1.2299
4    C                2.2793               0.3843              -1.1422
5    N                0.3213              -0.9171              -0.4805
6    N               -1.9998              -1.3600              -0.2899
7    O               -1.7114               1.6686              -0.3409
8    H               -2.1110               0.7800              -0.3182
9    H                0.0004              -0.6759              -1.4089
10   H               -0.5615              -1.8247               1.2505
11   H                0.7887               0.9879               0.2526
12   H               -2.6169              -2.0148               0.1732
13   H               -1.9123              -1.6524              -1.2600
14   H               -0.6728               2.8915               0.9630
15   H               -1.6282               1.4533               1.7592
16   H                2.7813               0.2414               1.5499
17   H                1.7406               0.6798              -2.0465
18   H                2.4573              -1.4287               1.0399
19   H                1.2900              -0.5541               2.0481
20   H                2.9096               1.2263              -0.8530
21   H                2.9217              -0.4637              -1.3833


Energy:                 -383.529141 Convergence criteria  Is converged 
Maximum Force:             0.006861     0.002850  No
RMS Force:                 0.003152     0.001900  No
Maximum Displacement:      0.054707     0.003150  No
RMS Displacement:          0.023450     0.002100  No

----------------------------------------------------------------------
                         Iteration: 105 [CG]                          


                             Coordinates                              
----------------------------------------------------------------------
0    C               -0.7442              -1.2362               0.3575
1    C                1.3118               0.0638              -0.0167
2    C               -1.2295               1.9670               0.8945
3    C                2.0048              -0.4538               1.2299
4    C                2.2794               0.3842              -1.1422
5    N                0.3212              -0.9169              -0.4804
6    N               -1.9997              -1.3603              -0.2897
7    O               -1.7114               1.6683              -0.3404
8    H               -2.1107               0.7803              -0.3181
9    H                0.0003              -0.6753              -1.4089
10   H               -0.5613              -1.8245               1.2499
11   H                0.7887               0.9879               0.2527
12   H               -2.6167              -2.0138               0.1735
13   H               -1.9125              -1.6525              -1.2602
14   H               -0.6736               2.8913               0.9628
15   H               -1.6278               1.4541               1.7587
16   H                2.7813               0.2414               1.5498
17   H                1.7406               0.6797              -2.0463
18   H                2.4575              -1.4287               1.0399
19   H                1.2903              -0.5542               2.0482
20   H                2.9098               1.2260              -0.8530
21   H                2.9217              -0.4640              -1.3833


Energy:                 -383.529178 Convergence criteria  Is converged 
Maximum Force:             0.004762     0.002850  No
RMS Force:                 0.002421     0.001900  No
Maximum Displacement:      0.001372     0.003150  Yes
RMS Displacement:          0.000630     0.002100  Yes

----------------------------------------------------------------------
                         Iteration: 106 [CG]                          


                             Coordinates                              
----------------------------------------------------------------------
0    C               -0.7442              -1.2357               0.3573
1    C                1.3119               0.0637              -0.0166
2    C               -1.2301               1.9663               0.8944
3    C                2.0049              -0.4539               1.2300
4    C                2.2795               0.3840              -1.1421
5    N                0.3211              -0.9165              -0.4804
6    N               -1.9994              -1.3604              -0.2896
7    O               -1.7115               1.6680              -0.3401
8    H               -2.1105               0.7803              -0.3180
9    H                0.0003              -0.6746              -1.4089
10   H               -0.5612              -1.8243               1.2493
11   H                0.7886               0.9878               0.2529
12   H               -2.6167              -2.0131               0.1740
13   H               -1.9127              -1.6527              -1.2603
14   H               -0.6745               2.8908               0.9627
15   H               -1.6277               1.4546               1.7584
16   H                2.7814               0.2414               1.5498
17   H                1.7407               0.6795              -2.0462
18   H                2.4578              -1.4287               1.0399
19   H                1.2905              -0.5544               2.0483
20   H                2.9101               1.2257              -0.8530
21   H                2.9216              -0.4643              -1.3833


Energy:                 -383.529202 Convergence criteria  Is converged 
Maximum Force:             0.004691     0.002850  No
RMS Force:                 0.002204     0.001900  No
Maximum Displacement:      0.000952     0.003150  Yes
RMS Displacement:          0.000484     0.002100  Yes

----------------------------------------------------------------------
                         Iteration: 107 [CG]                          


                             Coordinates                              
----------------------------------------------------------------------
0    C               -0.7441              -1.2353               0.3572
1    C                1.3120               0.0637              -0.0165
2    C               -1.2304               1.9658               0.8942
3    C                2.0051              -0.4540               1.2300
4    C                2.2796               0.3838              -1.1421
5    N                0.3210              -0.9162              -0.4805
6    N               -1.9991              -1.3604              -0.2897
7    O               -1.7117               1.6678              -0.3399
8    H               -2.1104               0.7803              -0.3179
9    H                0.0003              -0.6740              -1.4089
10   H               -0.5610              -1.8241               1.2487
11   H                0.7886               0.9878               0.2530
12   H               -2.6167              -2.0123               0.1744
13   H               -1.9129              -1.6528              -1.2603
14   H               -0.6755               2.8904               0.9626
15   H               -1.6277               1.4550               1.7584
16   H                2.7815               0.2414               1.5498
17   H                1.7407               0.6794              -2.0460
18   H                2.4580              -1.4288               1.0399
19   H                1.2908              -0.5545               2.0484
20   H                2.9103               1.2254              -0.8530
21   H                2.9215              -0.4647              -1.3833


Energy:                 -383.529223 Convergence criteria  Is converged 
Maximum Force:             0.004459     0.002850  No
RMS Force:                 0.002091     0.001900  No
Maximum Displacement:      0.000938     0.003150  Yes
RMS Displacement:          0.000441     0.002100  Yes

----------------------------------------------------------------------
                         Iteration: 108 [CG]                          


                             Coordinates                              
----------------------------------------------------------------------
0    C               -0.7440              -1.2348               0.3570
1    C                1.3121               0.0637              -0.0165
2    C               -1.2307               1.9654               0.8941
3    C                2.0052              -0.4541               1.2300
4    C                2.2797               0.3836              -1.1420
5    N                0.3210              -0.9159              -0.4806
6    N               -1.9988              -1.3604              -0.2898
7    O               -1.7118               1.6676              -0.3399
8    H               -2.1103               0.7801              -0.3178
9    H                0.0002              -0.6734              -1.4089
10   H               -0.5608              -1.8240               1.2482
11   H                0.7886               0.9877               0.2532
12   H               -2.6168              -2.0116               0.1748
13   H               -1.9132              -1.6530              -1.2603
14   H               -0.6764               2.8900               0.9625
15   H               -1.6278               1.4553               1.7584
16   H                2.7815               0.2415               1.5497
17   H                1.7407               0.6793              -2.0459
18   H                2.4582              -1.4288               1.0399
19   H                1.2910              -0.5547               2.0485
20   H                2.9106               1.2251              -0.8530
21   H                2.9214              -0.4650              -1.3833


Energy:                 -383.529242 Convergence criteria  Is converged 
Maximum Force:             0.004219     0.002850  No
RMS Force:                 0.002017     0.001900  No
Maximum Displacement:      0.000892     0.003150  Yes
RMS Displacement:          0.000418     0.002100  Yes

----------------------------------------------------------------------
                     Iteration: 109 [CG] (GDIIS)                      


                             Coordinates                              
----------------------------------------------------------------------
0    C               -0.7457              -1.2241               0.3584
1    C                1.3129               0.0644              -0.0173
2    C               -1.2231               1.9440               0.8930
3    C                2.0052              -0.4529               1.2298
4    C                2.2804               0.3849              -1.1426
5    N                0.3205              -0.9135              -0.4807
6    N               -2.0004              -1.3561              -0.2874
7    O               -1.7127               1.6656              -0.3423
8    H               -2.1200               0.7822              -0.3268
9    H                0.0016              -0.6723              -1.4099
10   H               -0.5617              -1.8059               1.2540
11   H                0.7878               0.9870               0.2531
12   H               -2.6147              -2.0117               0.1766
13   H               -1.9132              -1.6489              -1.2578
14   H               -0.6627               2.8640               0.9649
15   H               -1.6381               1.4500               1.7582
16   H                2.7820               0.2422               1.5492
17   H                1.7415               0.6808              -2.0464
18   H                2.4571              -1.4286               1.0418
19   H                1.2901              -0.5511               2.0477
20   H                2.9103               1.2274              -0.8538
21   H                2.9228              -0.4635              -1.3832


Energy:                 -383.529250 Convergence criteria  Is converged 
Maximum Force:             0.003921     0.002850  No
RMS Force:                 0.001957     0.001900  No
Maximum Displacement:      0.025964     0.003150  No
RMS Displacement:          0.010228     0.002100  No

----------------------------------------------------------------------
                         Iteration: 110 [CG]                          


                             Coordinates                              
----------------------------------------------------------------------
0    C               -0.7456              -1.2237               0.3583
1    C                1.3131               0.0644              -0.0173
2    C               -1.2233               1.9437               0.8929
3    C                2.0054              -0.4530               1.2298
4    C                2.2805               0.3847              -1.1425
5    N                0.3205              -0.9132              -0.4808
6    N               -2.0002              -1.3561              -0.2875
7    O               -1.7130               1.6653              -0.3422
8    H               -2.1200               0.7819              -0.3268
9    H                0.0015              -0.6717              -1.4099
10   H               -0.5616              -1.8058               1.2536
11   H                0.7879               0.9870               0.2533
12   H               -2.6146              -2.0109               0.1770
13   H               -1.9133              -1.6490              -1.2578
14   H               -0.6634               2.8639               0.9648
15   H               -1.6384               1.4502               1.7582
16   H                2.7821               0.2422               1.5492
17   H                1.7415               0.6807              -2.0463
18   H                2.4573              -1.4286               1.0418
19   H                1.2903              -0.5513               2.0478
20   H                2.9106               1.2270              -0.8538
21   H                2.9227              -0.4638              -1.3832


Energy:                 -383.529267 Convergence criteria  Is converged 
Maximum Force:             0.003717     0.002850  No
RMS Force:                 0.001920     0.001900  No
Maximum Displacement:      0.000784     0.003150  Yes
RMS Displacement:          0.000391     0.002100  Yes

----------------------------------------------------------------------
                         Iteration: 111 [CG]                          


                             Coordinates                              
----------------------------------------------------------------------
0    C               -0.7456              -1.2233               0.3582
1    C                1.3132               0.0644              -0.0172
2    C               -1.2235               1.9434               0.8928
3    C                2.0055              -0.4531               1.2298
4    C                2.2807               0.3846              -1.1425
5    N                0.3205              -0.9129              -0.4809
6    N               -2.0000              -1.3562              -0.2877
7    O               -1.7132               1.6651              -0.3421
8    H               -2.1200               0.7816              -0.3267
9    H                0.0015              -0.6711              -1.4099
10   H               -0.5615              -1.8057               1.2531
11   H                0.7880               0.9870               0.2534
12   H               -2.6146              -2.0102               0.1775
13   H               -1.9135              -1.6492              -1.2579
14   H               -0.6641               2.8638               0.9648
15   H               -1.6387               1.4503               1.7582
16   H                2.7822               0.2422               1.5491
17   H                1.7415               0.6805              -2.0462
18   H                2.4576              -1.4287               1.0418
19   H                1.2906              -0.5514               2.0479
20   H                2.9108               1.2267              -0.8538
21   H                2.9226              -0.4641              -1.3832


Energy:                 -383.529283 Convergence criteria  Is converged 
Maximum Force:             0.003615     0.002850  No
RMS Force:                 0.001894     0.001900  Yes
Maximum Displacement:      0.000743     0.003150  Yes
RMS Displacement:          0.000384     0.002100  Yes

----------------------------------------------------------------------
                         Iteration: 112 [CG]                          


                             Coordinates                              
----------------------------------------------------------------------
0    C               -0.7455              -1.2230               0.3580
1    C                1.3133               0.0644              -0.0171
2    C               -1.2237               1.9431               0.8927
3    C                2.0056              -0.4532               1.2299
4    C                2.2808               0.3844              -1.1424
5    N                0.3205              -0.9126              -0.4811
6    N               -1.9998              -1.3562              -0.2878
7    O               -1.7135               1.6649              -0.3421
8    H               -2.1200               0.7813              -0.3267
9    H                0.0014              -0.6705              -1.4100
10   H               -0.5613              -1.8056               1.2528
11   H                0.7881               0.9871               0.2535
12   H               -2.6146              -2.0095               0.1779
13   H               -1.9137              -1.6493              -1.2579
14   H               -0.6647               2.8637               0.9647
15   H               -1.6390               1.4504               1.7582
16   H                2.7823               0.2422               1.5491
17   H                1.7416               0.6804              -2.0461
18   H                2.4578              -1.4287               1.0418
19   H                1.2908              -0.5516               2.0480
20   H                2.9111               1.2264              -0.8538
21   H                2.9226              -0.4644              -1.3832


Energy:                 -383.529299 Convergence criteria  Is converged 
Maximum Force:             0.003550     0.002850  No
RMS Force:                 0.001874     0.001900  Yes
Maximum Displacement:      0.000723     0.003150  Yes
RMS Displacement:          0.000379     0.002100  Yes

----------------------------------------------------------------------
                         Iteration: 113 [CG]                          


                             Coordinates                              
----------------------------------------------------------------------
0    C               -0.7455              -1.2226               0.3579
1    C                1.3134               0.0645              -0.0171
2    C               -1.2239               1.9428               0.8927
3    C                2.0057              -0.4532               1.2299
4    C                2.2809               0.3842              -1.1424
5    N                0.3205              -0.9123              -0.4812
6    N               -1.9996              -1.3561              -0.2879
7    O               -1.7138               1.6646              -0.3421
8    H               -2.1200               0.7809              -0.3267
9    H                0.0013              -0.6698              -1.4100
10   H               -0.5612              -1.8056               1.2524
11   H                0.7882               0.9871               0.2537
12   H               -2.6147              -2.0088               0.1784
13   H               -1.9139              -1.6495              -1.2580
14   H               -0.6654               2.8636               0.9646
15   H               -1.6393               1.4505               1.7583
16   H                2.7824               0.2422               1.5491
17   H                1.7416               0.6802              -2.0460
18   H                2.4580              -1.4287               1.0417
19   H                1.2911              -0.5518               2.0481
20   H                2.9114               1.2261              -0.8538
21   H                2.9225              -0.4647              -1.3833


Energy:                 -383.529314 Convergence criteria  Is converged 
Maximum Force:             0.003502     0.002850  No
RMS Force:                 0.001857     0.001900  Yes
Maximum Displacement:      0.000710     0.003150  Yes
RMS Displacement:          0.000375     0.002100  Yes

----------------------------------------------------------------------
                     Iteration: 114 [CG] (GDIIS)                      


                             Coordinates                              
----------------------------------------------------------------------
0    C               -0.7361              -1.2239               0.3512
1    C                1.3193               0.0693              -0.0117
2    C               -1.2497               1.9565               0.8941
3    C                2.0141              -0.4573               1.2302
4    C                2.2865               0.3728              -1.1403
5    N                0.3244              -0.8990              -0.4861
6    N               -1.9887              -1.3453              -0.2976
7    O               -1.7299               1.6529              -0.3367
8    H               -2.1181               0.7610              -0.3118
9    H                0.0008              -0.6362              -1.4084
10   H               -0.5458              -1.8307               1.2283
11   H                0.7961               0.9934               0.2605
12   H               -2.6222              -1.9637               0.1892
13   H               -1.9069              -1.6696              -1.2585
14   H               -0.7218               2.8952               0.9589
15   H               -1.6539               1.4660               1.7654
16   H                2.7905               0.2373               1.5524
17   H                1.7442               0.6673              -2.0423
18   H                2.4706              -1.4284               1.0298
19   H                1.3048              -0.5674               2.0514
20   H                2.9331               1.2054              -0.8632
21   H                2.9085              -0.4920              -1.3764


Energy:                 -383.530067 Convergence criteria  Is converged 
Maximum Force:             0.002740     0.002850  Yes
RMS Force:                 0.001679     0.001900  Yes
Maximum Displacement:      0.056453     0.003150  No
RMS Displacement:          0.027007     0.002100  No

----------------------------------------------------------------------
                         Iteration: 115 [CG]                          


                             Coordinates                              
----------------------------------------------------------------------
0    C               -0.7361              -1.2236               0.3512
1    C                1.3195               0.0693              -0.0117
2    C               -1.2497               1.9565               0.8942
3    C                2.0142              -0.4574               1.2302
4    C                2.2867               0.3728              -1.1403
5    N                0.3244              -0.8988              -0.4863
6    N               -1.9889              -1.3452              -0.2975
7    O               -1.7302               1.6528              -0.3369
8    H               -2.1181               0.7605              -0.3120
9    H                0.0007              -0.6356              -1.4082
10   H               -0.5457              -1.8306               1.2282
11   H                0.7964               0.9935               0.2606
12   H               -2.6223              -1.9632               0.1895
13   H               -1.9071              -1.6699              -1.2585
14   H               -0.7223               2.8952               0.9588
15   H               -1.6543               1.4658               1.7656
16   H                2.7905               0.2373               1.5524
17   H                1.7444               0.6673              -2.0423
18   H                2.4707              -1.4284               1.0298
19   H                1.3050              -0.5676               2.0515
20   H                2.9335               1.2052              -0.8631
21   H                2.9086              -0.4922              -1.3765


Energy:                 -383.530079 Convergence criteria  Is converged 
Maximum Force:             0.002841     0.002850  Yes
RMS Force:                 0.001602     0.001900  Yes
Maximum Displacement:      0.000548     0.003150  Yes
RMS Displacement:          0.000336     0.002100  Yes

----------------------------------------------------------------------
                         Iteration: 115 [CG]                          


                             Coordinates                              
----------------------------------------------------------------------
0    C               -0.7361              -1.2236               0.3512
1    C                1.3195               0.0693              -0.0117
2    C               -1.2497               1.9565               0.8942
3    C                2.0142              -0.4574               1.2302
4    C                2.2867               0.3728              -1.1403
5    N                0.3244              -0.8988              -0.4863
6    N               -1.9889              -1.3452              -0.2975
7    O               -1.7302               1.6528              -0.3369
8    H               -2.1181               0.7605              -0.3120
9    H                0.0007              -0.6356              -1.4082
10   H               -0.5457              -1.8306               1.2282
11   H                0.7964               0.9935               0.2606
12   H               -2.6223              -1.9632               0.1895
13   H               -1.9071              -1.6699              -1.2585
14   H               -0.7223               2.8952               0.9588
15   H               -1.6543               1.4658               1.7656
16   H                2.7905               0.2373               1.5524
17   H                1.7444               0.6673              -2.0423
18   H                2.4707              -1.4284               1.0298
19   H                1.3050              -0.5676               2.0515
20   H                2.9335               1.2052              -0.8631
21   H                2.9086              -0.4922              -1.3765


Energy:                 -383.530079 Convergence criteria  Is converged 
Maximum Force:             0.002841     0.002850  Yes
RMS Force:                 0.001602     0.001900  Yes
Maximum Displacement:      0.000548     0.003150  Yes
RMS Displacement:          0.000336     0.002100  Yes

SDCG converged at iteration 115 (phase: CG). Final frame written to /home/user/software/MAPLE/example/opt/sdcg/inp1_opt.xyz
Complete trajectory written to /home/user/software/MAPLE/example/opt/sdcg/inp1_traj.xyz



Program started: 2026-02-02 22:34:46

======================================================================
                      TIMING SUMMARY
======================================================================
Input Reading (×27).................................   0.040 s  (   0.5 %)
  Settings Parsing (×27)..............................   0.003 s  (   7.0 %)
  Coordinate Section Parsing (×27)....................   0.005 s  (  12.8 %)
  Post-Processing Expansion (×27).....................   0.000 s  (   0.3 %)
MLP Initialization (×27)............................  16.015 s  ( 213.6 %)
Job Dispatching (×27)............................... 481.590 s  (6422.3 %)
  Single Point Energy Calculation (×7)................   2.237 s  (   0.5 %)
  Frequency Calculation (×7)..........................   9.962 s  (   2.1 %)
  IRC Calculation (×4)................................  21.166 s  (   4.4 %)
  Optimization (×9)................................... 448.211 s  (  93.1 %)
======================================================================
Total wall time: 7.499 s
Total CPU time: 145.995 s
======================================================================

Program ended: 2026-02-02 22:34:54
TOTAL RUN TIME: 0 days 0 hours 0 minutes 7 seconds 498 msec
